# Format: McCode with text headers
# URL: http://www.mccode.org
# Creator:  3.7.12, git
# Instrument: /opt/homebrew/Caskroom/miniconda/base/envs/mcstas/share/mcstas/resources/examples/ILL/ILL_IN6/ILL_IN6.instr
# Ncount: 1000000
# Trace: no
# Gravitation: no
# Seed: 1234
# Directory: /Users/ldq/Work/McStasBench/benchmark/refcache/T1_ILL_IN6_work/ref_20260724_153002_94648_15
# Param: lambda=4.14
# Param: dlambda=0.075
# Param: SPEED=-1
# Param: M1=4907.2
# Param: M2=5057.71
# Param: M3=5343.22
# Param: MONITOR=1
# Param: CHA_WIDTH=-1
# Param: TOF_DELAY=-1
# Param: TOF_CHA_RESOL=128
# Param: ELPEAK=-1
# Param: RATIO=1
# Param: mFC=0
# Param: PHASE=-360
# Param: Sqw_coh=Rb_liq_coh.sqw
# Param: Sqw_inc=Rb_liq_inc.sqw
# Param: radius=0.01
# Param: thickness=0.005
# Date: Fri Jul 24 15:30:28 2026 (1784925028)
# type: array_2d(100, 100)
# Source: ILL_IN6 (/opt/homebrew/Caskroom/miniconda/base/envs/mcstas/share/mcstas/resources/examples/ILL/ILL_IN6/ILL_IN6.instr)
# component: Detector_nM
# position: 2.03932 0 3.20116
# title: q vs E monitor
# Ncount: 1000000
# filename: Detector_nM.dat
# statistics: X0=2.37054; dX=0.827331; Y0=1.37265; dY=3.04854;
# signal: Min=0; Max=3152.85; Mean=23.1143;
# values: 231143 1204.77 44974
# xvar: q 
# yvar: E 
# xlabel: q [AA^-1]
# ylabel: E [meV]
# zvar: I
# zlabel: Signal per bin
# xylimits: 0 6 -20 20
# variables: I I_err N
# Data [Detector_nM/Detector_nM.dat] I:
0 0 0 0 0 0 0 0 0 0 0 0 0 0 0 0 0 0 0 0 0 0 0 0 0 0 0 0 0 0 0 0 0 0 0 0 0 0 0 0 0 0 0 0 0 0 0 0 0 0 0 0 0 0 0 0 0 0 0 0 0 0 0 0 0 0 0 0 0 0 0 0 0 0 0 0 0 0 0 0 0 0 0 0 0 0 0 0 0 0 0 0 0 0 0 0 0 0 0 0 
0 0 0 0 0 0 0 0 0 0 0 0 0 0 0 0 0 0 0 0 0 0 0 0 0 0 0 0 0 0 0 0 0 0 0 0 0 0 0 0 0 0 0 0 0 0 0 0 0 0 0 0 0 0 0 0 0 0 0 0 0 0 0 0 0 0 0 0 0 0 0 0 0 0 0 0 0 0 0 0 0 0 0 0 0 0 0 0 0 0 0 0 0 0 0 0 0 0 0 0 
0 0 0 0 0 0 0 0 0 0 0 0 0 0 0 0 0 0 0 0 0 0 0 0 0 0 0 0 0 0 0 0 0 0 0 0 0 0 0 0 0 0 0 0 0 0 0 0 0 0 0 0 0 0 0 0 0 0 0 0 0 0 0 0 0 0 0 0 0 0 0 0 0 0 0 0 0 0 0 0 0 0 0 0 0 0 0 0 0 0 0 0 0 0 0 0 0 0 0 0 
0 0 0 0 0 0 0 0 0 0 0 0 0 0 0 0 0 0 0 0 0 0 0 0 0 0 0 0 0 0 0 0 0 0 0 0 0 0 0 0 0 0 0 0 0 0 0 0 0 0 0 0 0 0 0 0 0 0 0 0 0 0 0 0 0 0 0 0 0 0 0 0 0 0 0 0 0 0 0 0 0 0 0 0 0 0 0 0 0 0 0 0 0 0 0 0 0 0 0 0 
0 0 0 0 0 0 0 0 0 0 0 0 0 0 0 0 0 0 0 0 0 0 0 0 0 0 0 0 0 0 0 0 0 0 0 0 0 0 0 0 0 0 0 0 0 0 0 0 0 0 0 0 0 0 0 0 0 0 0 0 0 0 0 0 0 0 0 0 0 0 0 0 0 0 0 0 0 0 0 0 0 0 0 0 0 0 0 0 0 0 0 0 0 0 0 0 0 0 0 0 
0 0 0 0 0 0 0 0 0 0 0 0 0 0 0 0 0 0 0 0 0 0 0 0 0 0 0 0 0 0 0 0 0 0 0 0 0 0 0 0 0 0 0 0 0 0 0 0 0 0 0 0 0 0 0 0 0 0 0 0 0 0 0 0 0 0 0 0 0 0 0 0 0 0 0 0 0 0 0 0 0 0 0 0 0 0 0 0 0 0 0 0 0 0 0 0 0 0 0 0 
0 0 0 0 0 0 0 0 0 0 0 0 0 0 0 0 0 0 0 0 0 0 0 0 0 0 0 0 0 0 0 0 0 0 0 0 0 0 0 0 0 0 0 0 0 0 0 0 0 0 0 0 0 0 0 0 0 0 0 0 0 0 0 0 0 0 0 0 0 0 0 0 0 0 0 0 0 0 0 0 0 0 0 0 0 0 0 0 0 0 0 0 0 0 0 0 0 0 0 0 
0 0 0 0 0 0 0 0 0 0 0 0 0 0 0 0 0 0 0 0 0 0 0 0 0 0 0 0 0 0 0 0 0 0 0 0 0 0 0 0 0 0 0 0 0 0 0 0 0 0 0 0 0 0 0 0 0 0 0 0 0 0 0 0 0 0 0 0 0 0 0 0 0 0 0 0 0 0 0 0 0 0 0 0 0 0 0 0 0 0 0 0 0 0 0 0 0 0 0 0 
0 0 0 0 0 0 0 0 0 0 0 0 0 0 0 0 0 0 0 0 0 0 0 0 0 0 0 0 0 0 0 0 0 0 0 0 0 0 0 0 0 0 0 0 0 0 0 0 0 0 0 0 0 0 0 0 0 0 0 0 0 0 0 0 0 0 0 0 0 0 0 0 0 0 0 0 0 0 0 0 0 0 0 0 0 0 0 0 0 0 0 0 0 0 0 0 0 0 0 0 
0 0 0 0 0 0 0 0 0 0 0 0 0 0 0 0 0 0 0 0 0 0 0 0 0 0 0 0 0 0 0 0 0 0 0 0 0 0 0 0 0 0 0 0 0 0 0 0 0 0 0 0 0 0 0 0 0 0 0 0 0 0 0 0 0 0 0 0 0 0 0 0 0 0 0 0 0 0 0 0 0 0 0 0 0 0 0 0 0 0 0 0 0 0 0 0 0 0 0 0 
0 0 0 0 0 0 0 0 0 0 0 0 0 0 0 0 0 0 0 0 0 0 0 0 0 0 0 0 0 0 0 0 0 0 0 0 0 0 0 0 0 0 0 0 0 0 0 0 0 0 0 0 0 0 0 0 0 0 0 0 0 0 0 0 0 0 0 0 0 0 0 0 0 0 0 0 0 0 0 0 0 0 0 0 0 0 0 0 0 0 0 0 0 0 0 0 0 0 0 0 
0 0 0 0 0 0 0 0 0 0 0 0 0 0 0 0 0 0 0 0 0 0 0 0 0 0 0 0 0 0 0 0 0 0 0 0 0 0 0 0 0 0 0 0 0 0 0 0 0 0 0 0 0 0 0 0 0 0 0 0 0 0 0 0 0 0 0 0 0 0 0 0 0 0 0 0 0 0 0 0 0 0 0 0 0 0 0 0 0 0 0 0 0 0 0 0 0 0 0 0 
0 0 0 0 0 0 0 0 0 0 0 0 0 0 0 0 0 0 0 0 0 0 0 0 0 0 0 0 0 0 0 0 0 0 0 0 0 0 0 0 0 0 0 0 0 0 0 0 0 0 0 0 0 0 0 0 0 0 0 0 0 0 0 0 0 0 0 0 0 0 0 0 0 0 0 0 0 0 0 0 0 0 0 0 0 0 0 0 0 0 0 0 0 0 0 0 0 0 0 0 
0 0 0 0 0 0 0 0 0 0 0 0 0 0 0 0 0 0 0 0 0 0 0 0 0 0 0 0 0 0 0 0 0 0 0 0 0 0 0 0 0 0 0 0 0 0 0 0 0 0 0 0 0 0 0 0 0 0 0 0 0 0 0 0 0 0 0 0 0 0 0 0 0 0 0 0 0 0 0 0 0 0 0 0 0 0 0 0 0 0 0 0 0 0 0 0 0 0 0 0 
0 0 0 0 0 0 0 0 0 0 0 0 0 0 0 0 0 0 0 0 0 0 0 0 0 0 0 0 0 0 0 0 0 0 0 0 0 0 0 0 0 0 0 0 0 0 0 0 0 0 0 0 0 0 0 0 0 0 0 0 0 0 0 0 0 0 0 0 0 0 0 0 0 0 0 0 0 0 0 0 0 0 0 0 0 0 0 0 0 0 0 0 0 0 0 0 0 0 0 0 
0 0 0 0 0 0 0 0 0 0 0 0 0 0 0 0 0 0 0 0 0 0 0 0 0 0 0 0 0 0 0 0 0 0 0 0 0 0 0 0 0 0 0 0 0 0 0 0 0 0 0 0 0 0 0 0 0 0 0 0 0 0 0 0 0 0 0 0 0 0 0 0 0 0 0 0 0 0 0 0 0 0 0 0 0 0 0 0 0 0 0 0 0 0 0 0 0 0 0 0 
0 0 0 0 0 0 0 0 0 0 0 0 0 0 0 0 0 0 0 0 0 0 0 0 0 0 0 0 0 0 0 0 0 0 0 0 0 0 0 0 0 0 0 0 0 0 0 0 0 0 0 0 0 0 0 0 0 0 0 0 0 0 0 0 0 0 0 0 0 0 0 0 0 0 0 0 0 0 0 0 0 0 0 0 0 0 0 0 0 0 0 0 0 0 0 0 0 0 0 0 
0 0 0 0 0 0 0 0 0 0 0 0 0 0 0 0 0 0 0 0 0 0 0 0 0 0 0 0 0 0 0 0 0 0 0 0 0 0 0 0 0 0 0 0 0 0 0 0 0 0 0 0 0 0 0 0 0 0 0 0 0 0 0 0 0 0 0 0 0 0 0 0 0 0 0 0 0 0 0 0 0 0 0 0 0 0 0 0 0 0 0 0 0 0 0 0 0 0 0 0 
0 0 0 0 0 0 0 0 0 0 0 0 0 0 0 0 0 0 0 0 0 0 0 0 0 0 0 0 0 0 0 0 0 0 0 0 0 0 0 0 0 0 0 0 0 0 0 0 0 0 0 0 0 0 0 0 0 0 0 0 0 0 0 0 0 0 0 0 0 0 0 0 0 0 0 0 0 0 0 0 0 0 0 0 0 0 0 0 0 0 0 0 0 0 0 0 0 0 0 0 
0 0 0 0 0 0 0 0 0 0 0 0 0 0 0 0 0 0 0 0 0 0 0 0 0 0 0 0 0 0 0 0 0 0 0 0 0 0 0 0 0 0 0 0 0 0 0 0 0 0 0 0 0 0 0 0 0 0 0 0 0 0 0 0 0 0 0 0 0 0 0 0 0 0 0 0 0 0 0 0 0 0 0 0 0 0 0 0 0 0 0 0 0 0 0 0 0 0 0 0 
0 0 0 0 0 0 0 0 0 0 0 0 0 0 0 0 0 0 0 0 0 0 0 0 0 0 0 0 0 0 0 0 0 0 0 0 0 0 0 0 0 0 0 0 0 0 0 0 0 0 0 0 0 0 0 0 0 0 0 0 0 0 0 0 0 0 0 0 0 0 0 0 0 0 0 0 0 0 0 0 0 0 0 0 0 0 0 0 0 0 0 0 0 0 0 0 0 0 0 0 
0 0 0 0 0 0 0 0 0 0 0 0 0 0 0 0 0 0 0 0 0 0 0 0 0 0 0 0 0 0 0 0 0 0 0 0 0 0 0 0 0 0 0 0 0 0 0 0 0 0 0 0 0 0 0 0 0 0 0 0 0 0 0 0 0 0 0 0 0 0 0 0 0 0 0 0 0 0 0 0 0 0 0 0 0 0 0 0 0 0 0 0 0 0 0 0 0 0 0 0 
0 0 0 0 0 0 0 0 0 0 0 0 0 0 0 0 0 0 0 0 0 0 0 0 0 0 0 0 0 0 0 0 0 0 0 0 0 0 0 0 0 0 0 0 0 0 0 0 0 0 0 0 0 0 0 0 0 0 0 0 0 0 0 0 0 0 0 0 0 0 0 0 0 0 0 0 0 0 0 0 0 0 0 0 0 0 0 0 0 0 0 0 0 0 0 0 0 0 0 0 
0 0 0 0 0 0 0 0 0 0 0 0 0 0 0 0 0 0 0 0 0 0 0 0 0 0 0 0 0 0 0 0 0 0 0 0 0 0 0 0 0 0 0 0 0 0 0 0 0 0 0 0 0 0 0 0 0 0 0 0 0 0 0 0 0 0 0 0 0 0 0 0 0 0 0 0 0 0 0 0 0 0 0 0 0 0 0 0 0 0 0 0 0 0 0 0 0 0 0 0 
0 0 0 0 0 0 0 0 0 0 0 0 0 0 0 0 0 0 0 0 0 0 0 0 0 0 0 0 0 0 0 0 0 0 0 0 0 0 0 0 0 0 0 0 0 0 0 0 0 0 0 0 0 0 0 0 0 0 0 0 0 0 0 0 0 0 0 0 0 0 0 0 0 0 0 0 0 0 0 0 0 0 0 0 0 0 0 0 0 0 0 0 0 0 0 0 0 0 0 0 
0 0 0 0 0 0 0 0 0 0 0 0 0 0 0 0 0 0 0 0 0 0 0 0 0 0 0 0 0 0 0 0 0 0 0 0 0 0 0 0 0 0 0 0 0 0 0 0 0 0 0 0 0 0 0 0 0 0 0 0 0 0 0 0 0 0 0 0 0 0 0 0 0 0 0 0 0 0 0 0 0 0 0 0 0 0 0 0 0 0 0 0 0 0 0 0 0 0 0 0 
0 0 0 0 0 0 0 0 0 0 0 0 0 0 0 0 0 0 0 0 0 0 0 0 0 0 0 0 0 0 0 0 0 0 0 0 0 0 0 0 0 0 0 0 0 0 0 0 0 0 0 0 0 0 0 0 0 0 0 0 0 0 0 0 0 0 0 0 0 0 0 0 0 0 0 0 0 0 0 0 0 0 0 0 0 0 0 0 0 0 0 0 0 0 0 0 0 0 0 0 
0 0 0 0 0 0 0 0 0 0 0 0 0 0 0 0 0 0 0 0 0 0 0 0 0 0 0 0 0 0 0 0 0 0 0 0 0 0 0 0 0 0 0 0 0 0 0 0 0 0 0 0 0 0 0 0 0 0 0 0 0 0 0 0 0 0 0 0 0 0 0 0 0 0 0 0 0 0 0 0 0 0 0 0 0 0 0 0 0 0 0 0 0 0 0 0 0 0 0 0 
0 0 0 0 0 0 0 0 0 0 0 0 0 0 0 0 0 0 0 0 0 0 0 0 0 0 0 0 0 0 0 0 0 0 0 0 0 0 0 0 0 0 0 0 0 0 0 0 0 0 0 0 0 0 0 0 0 0 0 0 0 0 0 0 0 0 0 0 0 0 0 0 0 0 0 0 0 0 0 0 0 0 0 0 0 0 0 0 0 0 0 0 0 0 0 0 0 0 0 0 
0 0 0 0 0 0 0 0 0 0 0 0 0 0 0 0 0 0 0 0 0 0 0 0 0 0 0 0 0 0 0 0 0 0 0 0 0 0 0 0 0 0 0 0 0 0 0 0 0 0 0 0 0 0 0 0 0 0 0 0 0 0 0 0 0 0 0 0 0 0 0 0 0 0 0 0 0 0 0 0 0 0 0 0 0 0 0 0 0 0 0 0 0 0 0 0 0 0 0 0 
0 0 0 0 0 0 0 0 0 0 0 0 0 0 0 0 0 0 0 0 0 0 0 0 0 0 0 0 0 0 0 0 0 0 0 0 0 0 0 0 0 0 0 0 0 0 0 0 0 0 0 0 0 0 0 0 0 0 0 0 0 0 0 0 0 0 0 0 0 0 0 0 0 0 0 0 0 0 0 0 0 0 0 0 0 0 0 0 0 0 0 0 0 0 0 0 0 0 0 0 
0 0 0 0 0 0 0 0 0 0 0 0 0 0 0 0 0 0 0 0 0 0 0 0 0 0 0 0 0 0 0 0 0 0 0 0 0 0 0 0 0 0 0 0 0 0 0 0 0 0 0 0 0 0 0 0 0 0 0 0 0 0 0 0 0 0 0 0 0 0 0 0 0 0 0 0 0 0 0 0 0 0 0 0 0 0 0 0 0 0 0 0 0 0 0 0 0 0 0 0 
0 0 0 0 0 0 0 0 0 0 0 0 0 0 0 0 0 0 0 0 0 0 0 0 0 0 0 0 0 0 0 0 0 0 0 0 0 0 0 0 0 0 0 0 0 0 0 0 0 0 0 0 0 0 0 0 0 0 0 0 0 0 0 0 0 0 0 0 0 0 0 0 0 0 0 0 0 0 0 0 0 0 0 0 0 0 0 0 0 0 0 0 0 0 0 0 0 0 0 0 
0 0 0 0 0 0 0 0 0 0 0 0 0 0 0 0 0 0 0 0 0 0 0 0 0 0 0 0 0 0 0 0 0 0 0 0 0 0 0 0 0 0 0 0 0 0 0 0 0 0 0 0 0 0 0 0 0 0 0 0 0 0 0 0 0 0 0 0 0 0 0 0 0 0 0 0 0 0 0 0 0 0 0 0 0 0 0 0 0 0 0 0 0 0 0 0 0 0 0 0 
0 0 0 0 0 0 0 0 0 0 0 0 0 0 0 0 0 0 0 0 0 0 0 0 0 0 0 0 0 0 0 0 0 0 0 0 0 0 0 0 0 0 0 0 0 0 0 0 0 0 0 0 0 0 0 0 0 0 0 0 0 0 0 0 0 0 0 0 0 0 0 0 0 0 0 0 0 0 0 0 0 0 0 0 0 0 0 0 0 0 0 0 0 0 0 0 0 0 0 0 
0 0 0 0 0 0 0 0 0 0 0 0 0 0 0 0 0 0 0 0 0 0 0 0 0 0 0 0 0 0 0 0 0 0 0 0 0 0 0 0 0 0 0 0 0 0 0 0 0 0 0 0 0 0 0 0 0 0 0 0 0 0 0 0 0 0 0 0 0 0 0 0 0 0 0 0 0 0 0 0 0 0 0 0 0 0 0 0 0 0 0 0 0 0 0 0 0 0 0 0 
0 0 0 0 0 0 0 0 0 0 0 0 0 0 0 0 0 0 0 0 0 0 0 0 0 0 0 0 0 0 0 0 0 0 0 0 0 0 0 0 0 0 0 0 0 0 0 0 0 0 0 0 0 0 0 0 0 0 0 0 0 0 0 0 0 0 0 0 0 0 0 0 0 0 0 0 0 0 0 0 0 0 0 0 0 0 0 0 0 0 0 0 0 0 0 0 0 0 0 0 
0 0 0 0 0 0 0 0 0 0 0 0 0 0 0 0 0 0 0 0 0 0 0 0 0 5.151692389 0 0 0 0 0 0 0 0 0 0 0 0 0 0 0 0 0 0 0 0 0 0 0 0 0 0 0 0 0 0 0 0 0 0 0 0 0 0 0 0 0 0 0 0 0 0 0 0 0 0 0 0 0 0 0 0 0 0 0 0 0 0 0 0 0 0 0 0 0 0 0 0 0 0 
0 0 0 0 0 0 0 0 0 0 0 0 0 0 0 0 0 0 0 10.42441579 16.20867018 8.369905651 6.294057525 7.565285562 5.407142132 6.05858762 14.52196755 17.23375744 30.25108353 23.26697462 17.67094167 41.25956828 28.93613093 5.320391691 0 0 0 0 0 0 0 0 0 0 0 0 0 0 0 0 0 0 0 0 0 0 0 0 0 0 0 0 0 0 0 0 0 0 0 0 0 0 0 0 0 0 0 0 0 0 0 0 0 0 0 0 0 0 0 0 0 0 0 0 0 0 0 0 0 0 
0 0 0 0 0 0 0 0 0 0 0 0 0 0 0 0 4.943187057 26.6109208 18.05633283 58.01054408 30.93235167 23.93749623 15.46140421 5.955066387 37.6229557 15.32961105 26.11477442 47.69663018 64.5593549 10.68300584 84.3849957 58.0089168 69.98890058 132.2777229 41.92219672 56.01964673 0 0 0 0 0 0 0 0 0 0 0 0 0 0 0 0 0 0 0 0 0 0 0 0 0 0 0 0 0 0 0 0 0 0 0 0 0 0 0 0 0 0 0 0 0 0 0 0 0 0 0 0 0 0 0 0 0 0 0 0 0 0 0 0 
0 0 0 0 0 0 0 0 0 0 0 0 0 7.656064101 7.503713989 4.483598482 46.26865243 21.87972551 28.55497525 38.19820573 32.35244386 23.92839719 47.51515304 40.81935298 27.08247902 56.30512854 56.1064187 42.52655633 39.73893014 39.02438974 94.2046139 45.20303995 82.23157059 71.21764242 135.2146772 139.5684977 160.5210308 68.66546493 10.83431131 0 0 0 0 0 0 0 0 0 0 0 0 0 0 0 0 0 0 0 0 0 0 0 0 0 0 0 0 0 0 0 0 0 0 0 0 0 0 0 0 0 0 0 0 0 0 0 0 0 0 0 0 0 0 0 0 0 0 0 0 0 
0 0 0 0 0 0 0 0 0 0 0.1076940221 9.991228352 10.76964235 30.80340844 18.47509131 26.71813725 8.200927925 36.32449441 21.78303281 55.07824982 18.09212883 37.70921857 27.26002607 28.43066027 20.34606392 66.28996931 50.91309416 72.12613019 62.58903471 72.2950653 42.46412996 50.16801445 69.25791483 82.49338779 115.1362689 127.2344095 120.0205156 199.4184638 197.7801202 102.4452748 7.082690675 0 0 0 0 0 0 0 0 0 0 0 0 0 0 0 0 0 0 0 0 0 0 0 0 0 0 0 0 0 0 0 0 0 0 0 0 0 0 0 0 0 0 0 0 0 0 0 0 0 0 0 0 0 0 0 0 0 0 0 
0 0 0 0 0 0 0 0 0 0.3471094086 16.17511414 32.17565373 17.88458559 14.40177203 3.620906708 25.55069391 24.19974952 37.57451727 38.50489509 53.35596372 49.70043465 51.80006591 51.98559282 42.84053106 47.59932057 37.69497042 51.38634691 95.08695116 66.34074067 65.47948617 94.24343304 80.66891625 84.24806449 66.31510212 36.71464745 79.56498139 103.0745119 153.6024424 186.024802 226.4805188 271.174426 141.2223399 5.592100865 0 0 0 0 0 0 0 0 0 0 0 0 0 0 0 0 0 0 0 0 0 0 0 0 0 0 0 0 0 0 0 0 0 0 0 0 0 0 0 0 0 0 0 0 0 0 0 0 0 0 0 0 0 0 0 0 0 
0 0 0 0 0 0 0 0 8.826281081 20.53563192 18.17153186 4.808640924 12.96107895 6.209278051 14.75391519 29.84963983 12.99584762 10.37593384 10.65480256 37.9518412 74.47006635 35.44696986 95.62470512 57.61191941 55.45564946 54.29052777 84.50392617 77.78041135 93.43533868 86.57582678 84.57137722 114.3112761 120.9153244 65.54959753 141.530487 65.08044937 93.40790279 108.9360913 158.3991727 167.0136451 218.8283731 365.5038682 303.9621631 35.79019296 0 0 0 0 0 0 0 0 0 0 0 0 0 0 0 0 0 0 0 0 0 0 0 0 0 0 0 0 0 0 0 0 0 0 0 0 0 0 0 0 0 0 0 0 0 0 0 0 0 0 0 0 0 0 0 0 
0 0 0 0 0 0 0 22.31582395 12.24307031 14.53654138 16.72319956 0.5849170681 8.54481067 11.80816986 13.8599048 33.79616043 8.390626089 11.57928147 20.86132333 56.22312712 51.56086659 82.75468079 90.48651215 80.71709762 114.896894 98.92258277 95.0728272 60.56626106 94.89935689 127.1704673 83.28173117 119.4359401 66.82043095 52.82025187 98.90603341 149.1234043 115.0711719 107.81961 231.9713644 142.1834692 303.2055792 251.285968 454.2761091 692.6801373 163.3278517 18.09920611 0 0 0 0 0 0 0 0 0 0 0 0 0 0 0 0 0 0 0 0 0 0 0 0 0 0 0 0 0 0 0 0 0 0 0 0 0 0 0 0 0 0 0 0 0 0 0 0 0 0 0 0 0 0 
0 0 0 0 0 13.24998968 9.891627733 6.821119804 6.206227062 33.35177437 8.816053645 21.64332873 12.67783821 2.609066363 19.64829665 35.21969995 28.31852182 29.14004972 31.19826946 42.68390587 86.59927454 128.636013 116.2868283 143.864474 171.5097427 208.9077583 178.5706256 204.8227696 176.5338341 126.6776913 86.75331102 101.9209926 177.3766458 81.55632073 74.84832979 197.7948839 112.3845617 133.6783904 124.1325066 166.6660099 197.7714036 387.3549476 365.9319953 479.9081181 966.5639822 596.7209199 60.50689369 0 0 0 0 0 0 0 0 0 0 0 0 0 0 0 0 0 0 0 0 0 0 0 0 0 0 0 0 0 0 0 0 0 0 0 0 0 0 0 0 0 0 0 0 0 0 0 0 0 0 0 0 0 
0 0 0 0 10.68439473 2.258808978 15.94503798 20.43234446 32.7904317 14.13087724 5.455631178 21.92360592 14.55925013 13.00307191 30.12957741 16.63859599 34.53764471 4.621101595 44.26599414 26.72489956 81.8300487 129.1345359 180.642858 178.5976111 273.0076304 169.9526527 159.1676606 212.3088158 171.719206 169.5883031 194.1381605 148.8339382 157.8488248 161.4949442 93.60260169 123.6339631 151.7056533 205.2025753 189.2875096 191.1736593 315.2096164 361.2354777 298.2031626 389.8466477 559.0705249 968.8216021 861.4890285 110.1560277 0 0 0 0 0 0 0 0 0 0 0 0 0 0 0 0 0 0 0 0 0 0 0 0 0 0 0 0 0 0 0 0 0 0 0 0 0 0 0 0 0 0 0 0 0 0 0 0 0 0 0 0 
0 0 0 7.943284688 21.24131257 17.86816061 2.228507669 16.0249562 21.76825517 15.04319033 33.38021654 22.93327384 31.07219255 20.05221289 40.89983958 13.91440607 18.06879934 49.13866423 33.90235232 24.73173563 170.0008242 208.0096307 302.8078368 310.9135087 364.569937 469.6512718 299.0074625 323.1324769 248.4405318 211.2566494 180.8423354 162.0463066 170.5592918 125.1729625 148.2076532 187.1693465 192.0076604 163.5394125 180.3146887 203.6919194 358.3265389 330.5542932 470.8020212 528.5340654 634.7507669 774.185521 1088.742149 1097.216733 252.5548477 0 0 0 0 0 0 0 0 0 0 0 0 0 0 0 0 0 0 0 0 0 0 0 0 0 0 0 0 0 0 0 0 0 0 0 0 0 0 0 0 0 0 0 0 0 0 0 0 0 0 0 
0 14.82867847 11.46341914 27.46515348 3.689802907 20.00862331 20.87301037 20.65994299 31.23575076 5.678385662 39.24458399 32.75294752 53.0896393 9.216824479 40.2154371 55.06813231 17.18476111 43.22357572 71.25977134 92.91764966 185.4793731 299.2710196 477.0288307 748.3063798 807.6929096 780.6792382 725.9627435 439.2353429 399.3338722 385.0756202 221.235699 192.1898152 249.1606666 149.7901452 198.5005673 220.4884194 211.7647297 239.1811925 327.7303835 301.4972495 446.408097 414.6232319 481.7920394 532.2340136 617.8089423 788.914432 811.0135041 1214.355749 1367.30473 571.522261 0 0 0 0 0 0 0 0 0 0 0 0 0 0 0 0 0 0 0 0 0 0 0 0 0 0 0 0 0 0 0 0 0 0 0 0 0 0 0 0 0 0 0 0 0 0 0 0 0 0 
25.37226584 65.22738635 72.63137353 97.4890067 106.6432496 179.4265131 118.7254663 243.0663167 172.5289708 121.3976231 152.966434 122.7939849 131.2894916 114.8811864 145.5966275 109.5400418 124.8221142 150.0534714 146.5320191 163.7971178 220.3053861 536.0980918 1278.746054 2603.973183 3062.803667 2469.165217 1863.702277 1042.273305 730.3362319 616.6285099 314.1117137 357.5931176 293.4189415 258.7249455 231.3501122 352.2677352 396.8548656 419.8367437 444.8909689 329.9191348 449.8655423 543.4299009 682.9329038 768.9113511 704.3451708 913.5542576 782.6413882 1055.545532 1414.165268 2105.761909 613.5143686 0 0 0 0 0 0 0 0 0 0 0 0 0 0 0 0 0 0 0 0 0 0 0 0 0 0 0 0 0 0 0 0 0 0 0 0 0 0 0 0 0 0 0 0 0 0 0 0 0 
55.47111929 58.32043921 85.33310394 124.4446508 85.40830532 191.4205833 218.2682483 226.2531057 228.875081 174.9608526 166.9092436 202.9751509 113.5797469 184.053646 147.4421953 95.18221677 129.1022831 154.6088972 158.3059288 191.2145457 312.0863182 642.0268371 1326.933024 2624.23113 3152.846306 2384.666932 1795.789194 936.3264692 786.0949783 486.7993143 409.8364385 261.9863409 333.9385878 291.1832213 348.2623213 291.1383018 368.2539664 334.3224987 276.2007049 417.3698657 494.7046703 543.9672944 677.6085311 576.8890361 789.8119547 745.1977615 755.0264574 930.2273522 1060.927285 1330.036482 1735.697368 599.0631418 6.714239384 0 0 0 0 0 0 0 0 0 0 0 0 0 0 0 0 0 0 0 0 0 0 0 0 0 0 0 0 0 0 0 0 0 0 0 0 0 0 0 0 0 0 0 0 0 0 0 
0 0.349330635 7.596425493 25.0402658 8.96238822 19.32086672 17.85201993 17.42045055 30.51890091 30.98115527 18.11696856 34.19974033 34.47701581 18.43623761 38.23639092 34.87365288 25.315409 54.79099647 74.65684115 105.1579347 183.6944102 346.3132054 556.4304383 893.3300281 912.0673974 907.8221711 660.2944309 549.32614 401.9623547 365.1731315 274.6050955 256.1163909 154.2921016 207.4452917 180.5195679 229.7441837 217.5111328 256.7849958 282.1806563 324.5549927 412.7204272 369.2053914 532.1687498 536.0820618 540.5418594 550.5007911 697.572155 644.289349 797.1641926 891.6562907 1068.960534 1486.237379 509.2102185 0 0 0 0 0 0 0 0 0 0 0 0 0 0 0 0 0 0 0 0 0 0 0 0 0 0 0 0 0 0 0 0 0 0 0 0 0 0 0 0 0 0 0 0 0 0 0 
0 0 3.078614325 3.777200537 15.48287377 18.96291973 22.21347123 6.225536923 33.85329934 24.73022387 11.09996683 35.31396537 25.22884249 31.76498848 27.1058198 27.80736848 25.56131123 24.60666163 43.05069508 85.71114978 80.61306174 150.5880897 311.5408476 354.2136896 433.7209 333.162119 417.9342032 276.7518566 342.1068213 245.4304428 195.8957365 161.692323 174.587923 153.9205383 166.2835734 186.3022585 214.1237772 192.8169683 273.5638347 247.5387478 285.1532569 317.1966779 362.6202833 462.0430314 370.912491 479.1377637 462.1185556 440.1973538 508.600574 659.0474433 670.3808498 810.0761624 1167.229703 390.4311225 6.956918182 0 0 0 0 0 0 0 0 0 0 0 0 0 0 0 0 0 0 0 0 0 0 0 0 0 0 0 0 0 0 0 0 0 0 0 0 0 0 0 0 0 0 0 0 0 
0 0 0 0.483408799 1.987262403 13.62642999 13.12733942 15.25926178 15.18257767 16.03200683 13.49130083 23.70907785 25.66107198 32.14811521 13.70184542 33.88873787 33.25779742 16.37058935 56.75534346 31.2106501 98.88569863 141.0028389 160.1485249 179.7679484 243.9134913 263.6380405 212.9382395 214.0603025 175.9393627 179.9473494 113.7475212 115.4168073 93.44286014 172.4646273 121.3699072 157.710418 111.7438967 119.1791121 214.9329847 189.7174452 283.8202855 319.8002829 289.6790446 264.3144913 270.5818916 350.4767553 446.5578294 371.1172755 476.8057621 421.6388711 552.0082458 625.4217321 636.1293553 809.7760475 259.7047485 0 0 0 0 0 0 0 0 0 0 0 0 0 0 0 0 0 0 0 0 0 0 0 0 0 0 0 0 0 0 0 0 0 0 0 0 0 0 0 0 0 0 0 0 0 
0 0 0 0 7.855400704 12.24603936 19.94701296 11.68422338 19.35576927 8.217603761 26.48267138 3.317857274 7.435030584 17.77762529 11.91351327 36.13013954 7.914993405 6.559487855 59.94273234 27.9290217 70.94385694 91.27023465 132.6543595 178.9750907 102.4870577 216.0762576 184.4086903 139.656128 149.6013671 117.301264 131.9758353 107.7884779 89.51464816 72.15071836 124.9614692 130.5480595 116.5485711 130.3001853 98.16810417 158.8489473 175.0240908 202.6635375 251.2241812 290.8079795 220.0732946 357.9164461 275.734487 296.518835 331.4784395 328.0852295 318.755054 453.3537259 457.3223268 459.9208352 807.7631263 195.2018305 0 0 0 0 0 0 0 0 0 0 0 0 0 0 0 0 0 0 0 0 0 0 0 0 0 0 0 0 0 0 0 0 0 0 0 0 0 0 0 0 0 0 0 0 
0 0 0 0 0 4.817957613 4.810448659 13.71587554 13.40210715 11.91769432 21.45801547 7.791323493 15.45085909 6.826851324 14.20479908 35.14593683 44.78855089 21.06156037 24.83158921 45.48427799 85.46845835 95.43233082 96.78508766 114.0904157 104.0383081 221.4499526 157.3227247 87.29779136 106.9055528 121.982034 94.2252031 80.93401469 124.0017578 103.9408608 92.2570054 79.95499788 57.08254743 99.47443579 100.0021369 130.0164144 123.6451624 111.957686 205.0361277 157.9985605 207.7313562 208.4062062 231.8836464 290.5354655 216.7743657 316.3732774 297.8755813 357.6660033 493.8825542 357.8903219 554.6871559 615.2260237 119.2151177 0 0 0 0 0 0 0 0 0 0 0 0 0 0 0 0 0 0 0 0 0 0 0 0 0 0 0 0 0 0 0 0 0 0 0 0 0 0 0 0 0 0 0 
0 0 0 0 0 0 3.555007225 4.67403265 14.10178608 2.102103471 8.878123115 19.01026399 18.2725616 14.82004781 5.103437354 15.52036418 17.72422779 30.45113952 48.92737762 26.91751078 49.53678743 95.37233754 127.2873276 89.2180415 59.36159489 90.56851392 57.01409016 75.17962193 69.88363122 126.781221 100.3430327 138.7138157 75.36176499 108.1514038 82.83042642 92.50592576 84.46086708 89.00875509 77.52743347 104.004506 106.9660623 195.6147329 139.6437014 123.9046344 294.464661 148.1512911 238.4992327 308.3725573 233.1333173 211.1095343 304.8722736 255.9012244 168.2537276 323.8561081 367.3868948 554.936012 582.3232254 62.28627439 0 0 0 0 0 0 0 0 0 0 0 0 0 0 0 0 0 0 0 0 0 0 0 0 0 0 0 0 0 0 0 0 0 0 0 0 0 0 0 0 0 0 
0 0 0 0 0 0 0 23.76955629 14.12595166 14.51784805 11.31025015 24.1239685 22.30017057 11.46067792 16.09626971 23.80571077 0 20.5798341 51.19197925 45.59319125 28.41259377 76.51611624 34.68523173 84.32557869 67.11029819 54.17459695 68.50604425 45.45618972 50.22608669 68.43343752 87.46040893 55.2961646 52.17777805 78.44071646 73.21148512 79.97388212 96.88206147 74.79399868 64.14201271 121.3517115 97.0912513 96.59742673 132.2603074 97.07906127 213.5437469 164.1426817 194.1311306 230.138421 146.4823525 218.8320629 244.5249089 280.5424995 176.4492938 268.9342705 373.6835765 405.8372001 550.9864598 456.7374345 42.91371277 0 0 0 0 0 0 0 0 0 0 0 0 0 0 0 0 0 0 0 0 0 0 0 0 0 0 0 0 0 0 0 0 0 0 0 0 0 0 0 0 0 
0 0 0 0 0 0 0 11.41647083 3.587486412 5.438251816 15.65964698 21.78207138 7.890960591 20.23878156 23.61603008 39.96900294 60.25765816 31.50332541 35.37702023 18.29209818 52.77590039 67.61456752 39.84598896 16.37974797 48.08454004 36.96622823 63.35823524 44.85245156 39.74763312 55.23361868 63.81945412 90.3470962 55.78442555 87.32218918 52.71422989 57.05072302 77.57558826 58.9084527 62.74451112 107.645285 63.25525914 111.659458 118.266917 99.73569618 144.5521482 123.755231 199.585023 163.0723476 168.8803183 220.578231 151.5683635 239.9112009 187.5161718 276.2354866 299.4920336 246.4824264 370.1499686 610.0860257 314.9316635 19.81267778 0 0 0 0 0 0 0 0 0 0 0 0 0 0 0 0 0 0 0 0 0 0 0 0 0 0 0 0 0 0 0 0 0 0 0 0 0 0 0 0 
0 0 0 0 0 0 0 0 4.109494169 12.71004865 8.53274647 20.3604813 12.30771237 31.90270227 17.31141138 23.54105672 13.8903938 15.53700277 23.10924546 42.03487702 35.35722172 24.81426619 49.24572221 20.55803785 58.60902794 42.17678047 47.67035334 48.4886492 40.30110517 49.71213238 65.9354146 38.91874746 69.43654359 66.75321719 71.0201054 46.36267709 64.21725678 85.63391569 45.97292736 88.01897019 62.4874873 116.5185317 82.25766862 148.917397 65.206235 98.29311272 114.1077379 99.03366049 165.6849924 205.2964448 145.0672729 165.7422309 165.3136569 157.3131072 165.6188315 218.0833598 306.5359475 410.9082412 564.4295272 250.0770847 0 0 0 0 0 0 0 0 0 0 0 0 0 0 0 0 0 0 0 0 0 0 0 0 0 0 0 0 0 0 0 0 0 0 0 0 0 0 0 0 
0 0 0 0 0 0 0 0 0 10.78056214 27.90667654 18.13095946 21.86525454 14.71774696 13.51263893 10.47340121 18.91540111 48.28590347 40.90172708 40.48587186 13.14269519 4.955391484 19.83763039 29.80825076 3.11439925 30.28118152 26.68985379 29.72957648 59.01467267 38.48911698 35.49846617 72.24017595 55.21143893 36.894529 58.75277899 45.69707454 62.82467384 56.15350883 107.6579223 82.89379061 109.8259106 60.39626298 115.7386622 58.50749591 82.68030236 49.75337503 104.8169684 99.87580052 101.5368802 110.4800381 128.238944 128.5973918 174.474067 262.2665343 171.9961023 168.9059436 168.2547452 311.8356192 392.7416256 496.3003065 93.04539636 0 0 0 0 0 0 0 0 0 0 0 0 0 0 0 0 0 0 0 0 0 0 0 0 0 0 0 0 0 0 0 0 0 0 0 0 0 0 0 
0 0 0 0 0 0 0 0 0 2.921961174 20.44830738 13.13667991 28.40565487 18.13373505 18.27990762 29.73735068 30.14162469 51.05055427 23.76916093 29.43606139 5.949681522 7.204627232 18.12179872 28.89795188 19.85272962 22.2564452 33.145691 0.278340586 38.96301218 26.96462919 20.02019075 26.78778976 27.41161275 42.2790421 27.39873033 77.04126573 49.99851816 56.89146184 42.75998672 62.92428485 53.75726957 55.53871847 99.29112005 97.03436718 70.00139039 80.25186316 115.6712742 104.7624022 94.4101124 105.5784132 160.459314 122.5227711 99.73398817 94.31026024 158.0082092 183.4491497 167.866519 122.8682897 270.1895409 448.1302457 401.9074875 47.44638399 0 0 0 0 0 0 0 0 0 0 0 0 0 0 0 0 0 0 0 0 0 0 0 0 0 0 0 0 0 0 0 0 0 0 0 0 0 0 
0 0 0 0 0 0 0 0 0 0 0 0.2714396326 25.14266291 10.02300445 26.66136153 31.03769574 23.26662099 14.64927166 11.79646879 6.422165188 21.64128149 19.83545373 7.216444175 18.90710558 5.076351921 17.57861759 29.48200012 35.15096758 45.49016378 20.30055582 25.24286029 51.45247877 48.26641489 23.84729053 49.74440295 23.62749538 59.81791706 48.47852404 54.27366725 58.13112081 69.10872812 55.3972919 56.04439306 58.43421063 66.18938719 62.67523349 22.82953006 75.1666958 75.62088531 82.1853789 100.7523574 104.3186727 84.12423746 138.6774176 114.2392336 92.13144547 99.11757927 101.4133323 250.2551898 243.5461992 465.9817117 295.4685952 9.619446594 0 0 0 0 0 0 0 0 0 0 0 0 0 0 0 0 0 0 0 0 0 0 0 0 0 0 0 0 0 0 0 0 0 0 0 0 0 
0 0 0 0 0 0 0 0 0 0 0 3.731091508 39.40678098 8.001293152 28.3252446 20.7782761 12.59317 29.03361834 20.9726962 20.81965938 10.66820596 2.322359004 10.8645769 11.24892929 8.15682736 2.004591443 22.89335813 2.358582464 20.39219366 17.80534642 14.68763779 26.34647128 63.27100502 13.83216916 25.34491857 56.87964226 31.97675271 55.35548415 37.122662 31.71860161 69.37112387 47.38886267 40.94846504 34.45233996 56.04679663 69.07984493 72.19692384 44.96700351 49.79540857 63.34014473 76.45275582 77.20350174 97.75420645 107.1022867 79.10684247 120.3775586 145.8361589 124.7553874 127.592234 161.4307678 301.6653214 444.7063319 186.6453252 0 0 0 0 0 0 0 0 0 0 0 0 0 0 0 0 0 0 0 0 0 0 0 0 0 0 0 0 0 0 0 0 0 0 0 0 0 
0 0 0 0 0 0 0 0 0 0 0 0 18.62902527 10.29328878 3.942465156 25.21266963 9.326910108 5.19038683 7.99547113 6.488589863 8.929555542 11.59657458 9.093855185 0 20.04968419 33.66454507 5.682624369 16.73129459 22.07399582 20.28036574 26.15232147 36.56585988 29.33419362 27.00400744 26.44164112 27.92162694 36.16687553 59.39150688 12.99657302 52.40968393 18.29098476 35.0939698 20.88043447 5.566950205 32.03800379 33.5188325 44.87154654 23.30927903 52.60813064 62.76956442 63.32273088 55.54658106 63.85555348 62.75647084 116.1652808 116.779291 70.46885935 91.94861024 117.0227369 209.6964581 169.9304403 244.686581 385.1455139 68.3749543 0 0 0 0 0 0 0 0 0 0 0 0 0 0 0 0 0 0 0 0 0 0 0 0 0 0 0 0 0 0 0 0 0 0 0 0 
0 0 0 0 0 0 0 0 0 0 0 0 0 9.41152831 6.22647996 3.213001119 24.76395573 7.784612529 12.04141944 2.172510074 8.916674678 0 6.141752608 9.075345282 5.947607081 6.272823877 0.3858270271 17.16993681 1.1339728 21.87745213 7.582846473 13.55697843 4.255788159 22.19184283 17.33488804 19.79363267 21.96307971 45.54799238 20.44661517 14.17704126 21.63317074 26.94164239 38.88252632 32.02376837 31.65358627 17.47310003 55.85954589 35.43998239 48.83109843 26.25577971 46.30885319 48.89568138 82.36348168 49.31220835 49.0105713 76.03618977 91.30452283 81.22935788 93.54432092 122.2740653 171.5366469 178.9318997 323.3096986 264.7031639 17.4950956 0 0 0 0 0 0 0 0 0 0 0 0 0 0 0 0 0 0 0 0 0 0 0 0 0 0 0 0 0 0 0 0 0 0 0 
0 0 0 0 0 0 0 0 0 0 0 0 0 0 7.544143335 4.42623463 20.88835284 1.726767847 6.127365855 9.660689339 6.865096335 2.086734384 9.097344653 0.6431693291 0 10.92031947 17.48296148 0 0 2.616831643 0.1925726163 6.685423793 10.60364089 19.89994609 6.182464581 7.359253276 31.57553283 24.56069114 17.44297005 17.60268365 23.59391456 15.47205019 21.26947468 9.777029412 40.50148059 67.18704983 40.9890043 20.98451382 35.46233124 39.6788339 53.58505886 41.08243489 43.12432712 81.88452023 55.29249832 68.48383094 97.38046742 55.40519603 35.94927952 86.63403153 101.3154884 146.7201354 172.0641046 304.5247108 117.4696976 0 0 0 0 0 0 0 0 0 0 0 0 0 0 0 0 0 0 0 0 0 0 0 0 0 0 0 0 0 0 0 0 0 0 0 
0 0 0 0 0 0 0 0 0 0 0 0 0 0 5.007587079 4.232975234 3.362756838 8.803735853 3.533072394 2.225339036 17.07913633 7.023544288 1.171308298 7.126672947 1.02574113 0.9965990208 10.21181449 7.867287279 0.02981848096 1.174876886 2.127085369 0.5989391693 24.63128904 9.380994643 12.15442731 2.755549323 10.85592734 19.87518721 38.61772694 23.78981956 16.39141621 1.86132712 15.95542432 13.50765903 16.42327475 23.6659224 30.95828362 34.43411292 32.92745563 12.63698667 25.02050272 52.31207986 47.58758478 39.52939039 49.61915322 67.95622748 68.49778864 61.8891246 79.34595052 106.6475325 85.0228233 119.8796901 108.1081802 199.7188499 300.5344176 49.68759791 0 0 0 0 0 0 0 0 0 0 0 0 0 0 0 0 0 0 0 0 0 0 0 0 0 0 0 0 0 0 0 0 0 0 
0 0 0 0 0 0 0 0 0 0 0 0 0 0 0 4.878457521 3.346047978 2.860744017 7.272771538 5.447392431 3.286729603 0.1523837337 11.74472143 10.19958256 7.582005604 0.05224219596 4.994741843 11.39110143 2.91800595 8.966497199 5.334760091 15.69264401 21.53186487 4.719518382 8.387617642 21.14605247 22.39577688 9.532661288 20.94745858 14.46660958 17.2090391 10.26178058 25.18615923 20.35716457 5.276145879 21.81345293 13.60566444 5.689269051 32.03258069 30.77203829 56.03225408 0 34.04122067 51.92094832 43.58256384 24.76549058 87.30275977 42.55890167 85.61859723 46.12902003 64.55711908 50.48249113 128.4747744 99.9463256 248.632326 197.2857902 28.45353126 0 0 0 0 0 0 0 0 0 0 0 0 0 0 0 0 0 0 0 0 0 0 0 0 0 0 0 0 0 0 0 0 0 
0 0 0 0 0 0 0 0 0 0 0 0 0 0 0 3.877514639 1.882446558 4.035547003 0.2108599299 16.93900946 8.290458585 5.402325506 0 1.81300561 0 0 0 0 7.806953189 0 2.368601552 9.605092805 0.3312761534 12.50696439 1.204952544 6.038507609 10.07413042 3.230167248 9.691881837 11.53903069 6.196289975 23.16807529 15.61916087 14.84722307 31.1747545 19.62881879 7.975624827 38.05608279 6.194866205 11.15273205 19.82644479 49.04283572 21.87945167 33.74587604 15.2656263 31.1961614 33.72344292 42.8395386 31.67988555 52.62240205 59.7724146 73.01157201 31.69715548 118.6968968 102.8409543 185.2492081 83.34016199 0 0 0 0 0 0 0 0 0 0 0 0 0 0 0 0 0 0 0 0 0 0 0 0 0 0 0 0 0 0 0 0 0 
0 0 0 0 0 0 0 0 0 0 0 0 0 0 0 0 0.2152425906 8.666961418 1.316166011 2.895128261 0 0 2.907501561 0.4610331115 3.258058513 0 1.633328821 0 0 8.722666235 5.532246389 2.86070356 7.189453513 9.912540691 10.73425753 0 5.882714858 10.99762136 11.95566992 11.54248615 0 13.37695806 1.70836083 24.42976138 27.25437057 4.69264177 0.6587827436 18.89203183 0 14.06893783 25.7754824 25.1290597 29.70060901 20.02845518 5.240904227 43.33586364 36.07395543 37.77929958 77.07565781 7.832955425 51.69758071 46.85402109 56.14234856 100.4953711 90.80672832 127.7568862 176.299585 31.69378987 0 0 0 0 0 0 0 0 0 0 0 0 0 0 0 0 0 0 0 0 0 0 0 0 0 0 0 0 0 0 0 0 
0 0 0 0 0 0 0 0 0 0 0 0 0 0 0 0 0 0.6383207797 3.369847766 4.481836133 0 1.868283953 0 0 0.4113834184 0 3.360170194 0 0 1.669248208 1.008122762 0.09125475314 15.30231517 0 4.630448173 7.821740536 6.235955713 3.719935897 4.202611222 8.295165051 4.11274572 6.211477481 7.799143904 8.328310022 0 32.01942444 0 31.97979951 9.132136668 8.643093435 10.47258809 6.767432277 7.402647498 28.16203167 10.13129211 29.70609797 34.81325988 40.21908155 30.69280492 43.10317307 73.57105244 33.06414577 59.27936462 41.54358113 49.70514985 67.14015404 161.1326321 128.7500683 1.45250222 0 0 0 0 0 0 0 0 0 0 0 0 0 0 0 0 0 0 0 0 0 0 0 0 0 0 0 0 0 0 0 
0 0 0 0 0 0 0 0 0 0 0 0 0 0 0 0 0 0 4.127027287 0.6028926555 2.17762059 3.698835615 4.501109319 7.709650882 2.670108807 1.302561087 3.363970668 0.5548265798 14.9007357 8.197645108 2.918997702 1.141141828 2.702247576 3.48826141 12.32048604 0 6.510511591 3.488474468 4.571397677 0 0.3692758365 1.253933024 5.909157604 7.21761698 12.37044787 0 10.44318973 7.894777197 11.61435917 14.74828634 34.79748039 0 29.11251626 15.01193893 20.29687176 19.93303085 16.96517826 8.161670526 21.24969088 36.93975256 34.91075684 56.37481078 41.40041542 53.47211907 72.54584938 59.06767962 55.99664898 96.52886407 98.226199 0 0 0 0 0 0 0 0 0 0 0 0 0 0 0 0 0 0 0 0 0 0 0 0 0 0 0 0 0 0 0 
0 0 0 0 0 0 0 0 0 0 0 0 0 0 0 0 0 0 3.165430381 5.286532897 3.07391759 0 3.925226628 0.9053885673 0 4.363097805 11.66962078 0 0 0 1.440555553 0 0 0 0 0 1.971480594 0.3793990821 8.36640475 11.01319771 2.86504461 5.130684717 1.898639318 12.024689 0.6496335535 3.678745349 5.4820971 21.07791725 18.02024628 6.445021903 2.63429324 9.747281683 0 12.96981343 4.104014928 15.57176295 6.835598661 3.853698266 9.493648617 15.04091697 43.59194354 26.5001419 13.55455493 40.80873379 14.60327504 39.13653878 85.55117948 88.9006044 128.1965567 7.171669611 0 0 0 0 0 0 0 0 0 0 0 0 0 0 0 0 0 0 0 0 0 0 0 0 0 0 0 0 0 0 
0 0 0 0 0 0 0 0 0 0 0 0 0 0 0 0 0 0 0 4.295166442 7.856009619 0 1.021768306 0.5370864026 0 10.32523941 2.96778304 7.616867221 0.3728212954 4.987415726 1.788732531 0 2.774014706 0.3615191312 0.8624746185 0 8.408584334 0 2.779544871 16.21747633 2.156080608 0.6109785439 10.95706632 5.950232027 0 5.811426183 14.0246592 14.97051615 6.713571327 0 4.677586006 17.90069659 0 7.023244621 1.953090932 20.59946248 32.74551175 17.46196062 19.50804677 15.71720787 27.93753924 21.72064386 21.77066356 30.3082199 19.67160791 47.88585593 63.00846678 64.25303535 111.9752615 77.77539348 0 0 0 0 0 0 0 0 0 0 0 0 0 0 0 0 0 0 0 0 0 0 0 0 0 0 0 0 0 0 
0 0 0 0 0 0 0 0 0 0 0 0 0 0 0 0 0 0 0 2.957090147 2.644630368 4.503347381 1.321442129 3.316569174 0.9132163528 3.777426406 6.402248802 4.546457102 4.411294669 0 2.000121817 0.8624182317 0 0 0 0 6.490126655 0 6.310092314 1.719241816 0.7894444459 2.746888026 0.9489681361 1.36135998 5.752952205 0 0 0 1.084424962 0 0.1470480723 0 7.492762625 19.379849 4.512860635 7.41318344 30.083153 25.4847259 3.850048658 34.64419326 5.837347523 39.29659887 7.033877983 22.99957241 19.40240838 35.30795026 65.69732575 45.41848566 54.64646924 99.77130876 22.05984465 0 0 0 0 0 0 0 0 0 0 0 0 0 0 0 0 0 0 0 0 0 0 0 0 0 0 0 0 0 
0 0 0 0 0 0 0 0 0 0 0 0 0 0 0 0 0 0 0 0 1.835852631 2.572637425 6.561630342 14.57038893 0 3.435193174 0 2.036171195 1.594812718 0 0.1703036568 3.326443732 0 0 15.63127894 0 0.3149768815 14.59083288 0 4.882150029 0.6226885581 0 1.804514112 1.281420323 8.313343518 0.05044028443 0 1.722069548 11.9032163 0.138899151 15.43179708 6.346546315 9.916892012 0 7.123986276 7.185762225 0 16.85655113 20.28953121 8.263272499 13.88782011 23.05229628 10.64978275 11.5830083 39.43722939 29.17091217 24.64358438 81.10277038 78.97888454 108.3305081 103.8826603 14.48261741 0 0 0 0 0 0 0 0 0 0 0 0 0 0 0 0 0 0 0 0 0 0 0 0 0 0 0 0 
0 0 0 0 0 0 0 0 0 0 0 0 0 0 0 0 0 0 0 0 0 8.404077335 0 2.084829836 2.849200599 0 2.58758942 4.723890887 1.333459007 0.8092329474 0 1.515530979 0 2.100256814 3.218085451 0 0 0.5229994186 0 7.137908587 0 0.1060318825 4.158445185 2.318900678 6.464665075 1.122698671 9.464204902 0.2350129915 1.997496047 10.68320587 7.690990948 10.31169091 5.552359964 9.315083137 1.244481505 1.07023859 5.528135393e-06 3.005608968 7.632849049 12.93306416 7.245262135 7.831628179 0 28.48281856 6.461735551 24.17291125 14.37424386 40.83635364 33.45363599 76.10813794 89.60756867 10.49228935 0 0 0 0 0 0 0 0 0 0 0 0 0 0 0 0 0 0 0 0 0 0 0 0 0 0 0 0 
0 0 0 0 0 0 0 0 0 0 0 0 0 0 0 0 0 0 0 0 0 0 3.86963814 0 0 4.860228569 1.29366138 1.338877119 3.096433775 3.986938281 0 0.01818521142 1.603355225 0 0.1237389012 1.22262039 8.312443622 0.7131562217 0 8.694842296 9.247967818 0.256108866 1.458817829 0 0 6.894301946 0 3.254935572 6.063274056 0.6593247456 0 4.737963813 0 7.781573094 6.05880736 4.49144305 31.99912888 0 0 6.978506811 7.505591371 5.524789844 5.469855295 7.763639138 30.802506 0 16.22005766 19.05919277 22.63326382 18.66271084 68.84469053 32.83182051 19.44213981 0 0 0 0 0 0 0 0 0 0 0 0 0 0 0 0 0 0 0 0 0 0 0 0 0 0 0 
0 0 0 0 0 0 0 0 0 0 0 0 0 0 0 0 0 0 0 0 0 0 0.5593823463 3.999953836 0.8602795072 0 0 0.4540975723 0.5369223453 0 1.34138061 1.884213638 0 0.8968686641 5.004743805 0.005540392893 1.153445449 0 0 0 0.8382855292 4.028059747 0.460965666 5.240910111 0 7.566449887 0 14.91100838 0 0 7.837982107 2.982634985 0.1893487952 5.307406989 0 7.237279672 2.849064232 8.284974838 0.4546424449 14.47921656 13.80544481 16.71421842 0 10.93287336 1.762170371 4.921033251 8.483903693 11.91743321 3.062191422 10.53989915 53.49669757 77.40030731 24.02138115 0 0 0 0 0 0 0 0 0 0 0 0 0 0 0 0 0 0 0 0 0 0 0 0 0 0 0 
0 0 0 0 0 0 0 0 0 0 0 0 0 0 0 0 0 0 0 0 0 0 0 0.2409497822 0.8622153935 0 3.515712914 0 0 2.858117937 0.001711144112 0 0 0 0.9882589928 3.520631638 0 0 0 0 5.664648397 6.610411761 0 16.78078815 0 1.822289673 3.348711647 7.004996204 0 5.046749456 2.574943085 0.9858878242 6.205902901 9.158987622 8.213654109 0 0 6.122227362 8.711429296 6.28821475 8.868961806 0 29.11232191 10.57943363 3.801800777 0.07024893704 28.69590062 12.87606446 1.447772083 24.27116526 16.03930496 71.2630391 56.87135097 9.08702621 0 0 0 0 0 0 0 0 0 0 0 0 0 0 0 0 0 0 0 0 0 0 0 0 0 0 
0 0 0 0 0 0 0 0 0 0 0 0 0 0 0 0 0 0 0 0 0 0 0 0 4.775951927 3.691115212 0 2.237033414 0 0.8475987494 0 0.2986674408 0.4575787509 2.987913382 0 0.0234844265 1.646321943 0 0 0.5692735181 0 0 0 0 0 2.561630149 0 5.944390794 4.575552116 5.289180485 0 1.032257067 0 5.812126088 0 7.60020831 0 1.247805831 4.921313094 6.267201932 5.415950713 2.269529872 9.227775934 18.13968475 5.613900258 0 0 24.61298948 6.27904922 21.94389572 37.57316229 34.71494845 59.6382185 59.02126443 0 0 0 0 0 0 0 0 0 0 0 0 0 0 0 0 0 0 0 0 0 0 0 0 0 0 
0 0 0 0 0 0 0 0 0 0 0 0 0 0 0 0 0 0 0 0 0 0 0 0 0 3.416793745 0.2250473006 2.351912075 1.451125317 0 1.749980325 0 0 3.535178728 0 0.4307126297 0 0 0 0 0 6.854058777 1.857741857 0.5560672375 0 0 0 5.528594813 0 0 0 0.2271284064 0 0 7.67169577 0 11.1152717 4.534721833 5.492934136 0 5.354643065 4.006856982 0 0 0 0.0004016210191 15.75761105 0.6813902919 6.003480236 5.219917094 11.81645752 36.6603901 26.71739819 56.87145965 11.72351707 0 0 0 0 0 0 0 0 0 0 0 0 0 0 0 0 0 0 0 0 0 0 0 0 0 
0 0 0 0 0 0 0 0 0 0 0 0 0 0 0 0 0 0 0 0 0 0 0 0 0.6257497377 0 0 6.712429073 7.609963777 2.038990786 0 0 0.7719959934 0 0 0.7658288456 0 0 0 0.7652282141 3.432918103 0.5418080868 2.191976569 0 0 0 0 0 0 0 0 0 0 0 2.542809794 0 0.1568486682 0 2.685216327 0 1.059446554 0 0 0.6060816202 0 0.4843925774 2.543281529 3.66354024 0 11.78889671 14.85635874 27.51112227 13.99302297 27.44302509 6.774533937 0 0 0 0 0 0 0 0 0 0 0 0 0 0 0 0 0 0 0 0 0 0 0 0 0 
0 0 0 0 0 0 0 0 0 0 0 0 0 0 0 0 0 0 0 0 0 0 0 0 0 0 1.46091054 0.3651752018 1.826395772 0.1648392964 0 0 2.124802948 0 0 1.338556603 2.193211155 3.14217325 0 1.863046102 2.361019617 0 0 0 0 0.002044062333 0 0 0 0 0.06000311338 0 0 0 0 1.216740611 0 0 0 0 0 6.749433161 14.35819043 17.9854112 0 0 8.233981049 0 5.201457717 15.32298247 23.01517203 9.519715316 6.867062893 21.93293467 37.58020903 6.781936337 0 0 0 0 0 0 0 0 0 0 0 0 0 0 0 0 0 0 0 0 0 0 0 0 
0 0 0 0 0 0 0 0 0 0 0 0 0 0 0 0 0 0 0 0 0 0 0 0 0 0 2.48896215 0 0 0.3771168605 0 0.8197111526 1.589362226 0 1.756247162 0 0 0 0 0 0.9244014547 0 0 0 0.2544578822 0 0 0 0 0 0 0 0 0 0 0 0 2.090638686 0 8.971562341 0.4800800581 0 3.547076785 8.224898509 4.905674158 0 11.97224582 5.73757426 0 0 0.04420781992 6.070930892 6.071368351 22.41949875 25.7078866 16.06942509 5.674703899 0 0 0 0 0 0 0 0 0 0 0 0 0 0 0 0 0 0 0 0 0 0 0 
0 0 0 0 0 0 0 0 0 0 0 0 0 0 0 0 0 0 0 0 0 0 0 0 0 1.645338022 0.0539419033 0 0 0 0 0 0 0 0 1.333995358 0 0 0.04257244785 0 2.291730744 0 0 0 1.632025014 1.509743885 0.02895873879 0 0 3.218823946 0.896966227 0 0 0 6.214502853 0 0 21.73136204 1.054961915 0 0 8.448376418 0 9.796243496 6.886186316 0 0.9558301478 0 0 0 8.531463859 13.83956247 10.89631986 17.15827968 10.93807249 45.41914949 3.296129487 0 0 0 0 0 0 0 0 0 0 0 0 0 0 0 0 0 0 0 0 0 0 0 
0 0 0 0 0 0 0 0 0 0 0 0 0 0 0 0 0 0 0 0 0 0 0 0 0 0 0 0 0 0 0 0 0 0 0 0.3582378439 1.06260957 0 0 0 1.618802487 5.988303255 2.758860866 1.432164646 8.080444087 0.1539537523 0 0 0.0988541814 0 0 0 0 0 0 8.489310976 0 0 0 0.000583467566 0 0 0 6.656901423 12.32181972 0 18.61814419 7.351822957 0 0 4.262532718 0 8.447305381 0 14.92735087 16.50049331 0 0 0 0 0 0 0 0 0 0 0 0 0 0 0 0 0 0 0 0 0 0 0 0 
0 0 0 0 0 0 0 0 0 0 0 0 0 0 0 0 0 0 0 0 0 0 0 0 0 0 0 0 0 0 0 0.2279523967 0 0 0 0 0 0 0 0 0 0 0 0 2.328494068 0 0 0 0 0 0 0 0 0 1.343056771 0 0 5.279543144 3.614497298 9.794262182 0 0 2.138214513 0 0.2464914768 0 0 8.73521468 0 11.82452575 0 0 0 5.674813452 0 15.47025675 8.80516775 17.94673755 0 0 0 0 0 0 0 0 0 0 0 0 0 0 0 0 0 0 0 0 0 0 
0 0 0 0 0 0 0 0 0 0 0 0 0 0 0 0 0 0 0 0 0 0 0 0 0 0 0 0 1.272305176 1.595144722 0.4565729462 0 0 0 1.708786823 0 3.110503913 2.126479864 0 0 0 0 0 0 0 0 0 0 0 0.6062209981 0 0 0 0 0 0 0 0 0 0 0.03555875306 0 0 0 0 1.681612346 10.61262032 0 0 0 6.339479145 0 7.388208699 17.15358332 16.25226752 8.570905702 24.14651438 12.29854558 0 0 0 0 0 0 0 0 0 0 0 0 0 0 0 0 0 0 0 0 0 0 
0 0 0 0 0 0 0 0 0 0 0 0 0 0 0 0 0 0 0 0 0 0 0 0 0 0 0 0 1.554887558 3.193811847 0.1748070388 1.331526914 0 0 0.8852666203 0 0.3356596695 0 0 0 0 0 0 0 0 0.4103141432 0 0 0 0 0 0 0 0 0 0 0 0 3.216974583 0 0 0 8.093241591 2.07995663 14.07753415 0 8.599050754 4.982973891 0 3.478146643 5.801705051 0 0 0 4.575710937 0 1.227924458 23.43581423 10.9512216 0 0 0 0 0 0 0 0 0 0 0 0 0 0 0 0 0 0 0 0 0 
0 0 0 0 0 0 0 0 0 0 0 0 0 0 0 0 0 0 0 0 0 0 0 0 0 0 0 0 0 0 0 0 0 0 0.936431004 2.541917482 0 0 0 0 0 0 0 0 0 0 0 0 0 0 0 0 0 0 0 0 0 0 0 0 0 0 0 0 0 0 0 6.593006888 1.890506308 0.04192814405 0 7.059256286 0 8.243128901 0 0 0 0 7.346233117 0.2924501785 0 0 0 0 0 0 0 0 0 0 0 0 0 0 0 0 0 0 0 0 
0 0 0 0 0 0 0 0 0 0 0 0 0 0 0 0 0 0 0 0 0 0 0 0 0 0 0 0 0 0 0.705481399 0.09513551203 0 0 0 0 0 0 0 0 0 0 0 1.959410164 0 0 0 0 2.44834408 0 2.542567916 0 0 0 0 0 0 0 0 0 0 0 0 0 0 0 0 0 0 1.675666305 1.189689527 0 8.802871667 0 5.106404949 3.06122435 0 16.17819859 2.185784859 8.134673201 0 0 0 0 0 0 0 0 0 0 0 0 0 0 0 0 0 0 0 0 
0 0 0 0 0 0 0 0 0 0 0 0 0 0 0 0 0 0 0 0 0 0 0 0 0 0 0 0 0 0 4.077084458 0.9177328656 0 0 0 0 1.183719895 0 0 0.3949738065 0 0 0 0 0 0 1.611927109 0 0.01087237654 6.416117501 0 0 0 0 0 0 0 0 0 0 0 0 0 0 0 0 0 0 0 0 5.722012237 1.759752813 2.381171463 0 10.43393646 0 0 0 5.348301977 8.702437791 0 0 0 0 0 0 0 0 0 0 0 0 0 0 0 0 0 0 0 0 
0 0 0 0 0 0 0 0 0 0 0 0 0 0 0 0 0 0 0 0 0 0 0 0 0 0 0 0 0 0 0 0 0 0 0 0 0 0 0 0 0 0 0.6783548819 0 1.977680481 0 0 0 0 0 0 0 0 0 0 0 0 0 0 0 0 0 1.302782992 0 0 0 0 0 0 0 12.59726544 0 0 0 0 8.945694899 7.478105668 9.103427716 6.126714341 4.755293515 6.89796709 0 0 0 0 0 0 0 0 0 0 0 0 0 0 0 0 0 0 0 
0 0 0 0 0 0 0 0 0 0 0 0 0 0 0 0 0 0 0 0 0 0 0 0 0 0 0 0 0 0 0 0.8024215298 1.936367279 0 0 0 0 0 0 0 2.407356664 0 0 0 0 0 0 0 0 0 0 1.726344939 2.567172969 0.6564890578 0 7.967446791 0 0 0 2.047741527 0 1.926683942 0 0 7.405621084 0 0 0 6.646057667 0 0 6.746043541 0 0 4.346044239 0.5384423471 0 0 0 0 7.435372124 0 0 0 0 0 0 0 0 0 0 0 0 0 0 0 0 0 0 0 
0 0 0 0 0 0 0 0 0 0 0 0 0 0 0 0 0 0 0 0 0 0 0 0 0 0 0 0 0 0 0 0 1.094230707 0 0 0 0 0 0 0 0 0 0 0 0 0 0.442490128 0 0 0 2.663505862 0 0 1.599218004 0 0 0 0 0 0 0 0 0 0 0 0 0 0 0 0 0 0 0 0 0 0 0 6.7903693 2.002270989 18.80370862 1.203666283 7.614689934 0 0 0 0 0 0 0 0 0 0 0 0 0 0 0 0 0 0 
0 0 0 0 0 0 0 0 0 0 0 0 0 0 0 0 0 0 0 0 0 0 0 0 0 0 0 0 0 0 0 0 0 0 0 0 0 0 0 0 0 0 0 0 0 0 0 0 0 3.662295555 0.00558430611 0 0 0 0 0 0.4038186199 0 0 0 0 0 5.144710505 0 0 0 0.216853724 0 0.03442829851 5.955880607 0 0 0 4.129612464 0 5.019826433 0 0 0 5.673677906 0 0 0 0 0 0 0 0 0 0 0 0 0 0 0 0 0 0 0 0 
0 0 0 0 0 0 0 0 0 0 0 0 0 0 0 0 0 0 0 0 0 0 0 0 0 0 0 0 0 0 0 0 0 3.748571646 0 0 4.172997534 0 0 0 0 0 0 0 0 0 0 0 0 0 0 0 0 0 0 0 0 1.828769011 0 0 0 0 0 0 0.6508050718 0 0 0 0 5.847564194 0 0 0 0 0 0 9.362404617 1.200295756 3.310987875 0 2.451026656 7.40126486 0 0 0 0 0 0 0 0 0 0 0 0 0 0 0 0 0 0 
0 0 0 0 0 0 0 0 0 0 0 0 0 0 0 0 0 0 0 0 0 0 0 0 0 0 0 0 0 0 0 0 0 0 0 0 0.7687672152 0.4274002379 0 0 0 0 0 0 0 0 0 0 0 0 0 0 0 0 0 0 0 0 5.097867601 0 0 0 0 0 0 0 0 0 0 0 0 0 5.594429329 0 0 0 0 0 7.078330778 6.943364022 9.48981375 6.263461748 13.55761345 0 0 0 0 0 0 0 0 0 0 0 0 0 0 0 0 0 
# Errors [Detector_nM/Detector_nM.dat] I_err:
0 0 0 0 0 0 0 0 0 0 0 0 0 0 0 0 0 0 0 0 0 0 0 0 0 0 0 0 0 0 0 0 0 0 0 0 0 0 0 0 0 0 0 0 0 0 0 0 0 0 0 0 0 0 0 0 0 0 0 0 0 0 0 0 0 0 0 0 0 0 0 0 0 0 0 0 0 0 0 0 0 0 0 0 0 0 0 0 0 0 0 0 0 0 0 0 0 0 0 0 
0 0 0 0 0 0 0 0 0 0 0 0 0 0 0 0 0 0 0 0 0 0 0 0 0 0 0 0 0 0 0 0 0 0 0 0 0 0 0 0 0 0 0 0 0 0 0 0 0 0 0 0 0 0 0 0 0 0 0 0 0 0 0 0 0 0 0 0 0 0 0 0 0 0 0 0 0 0 0 0 0 0 0 0 0 0 0 0 0 0 0 0 0 0 0 0 0 0 0 0 
0 0 0 0 0 0 0 0 0 0 0 0 0 0 0 0 0 0 0 0 0 0 0 0 0 0 0 0 0 0 0 0 0 0 0 0 0 0 0 0 0 0 0 0 0 0 0 0 0 0 0 0 0 0 0 0 0 0 0 0 0 0 0 0 0 0 0 0 0 0 0 0 0 0 0 0 0 0 0 0 0 0 0 0 0 0 0 0 0 0 0 0 0 0 0 0 0 0 0 0 
0 0 0 0 0 0 0 0 0 0 0 0 0 0 0 0 0 0 0 0 0 0 0 0 0 0 0 0 0 0 0 0 0 0 0 0 0 0 0 0 0 0 0 0 0 0 0 0 0 0 0 0 0 0 0 0 0 0 0 0 0 0 0 0 0 0 0 0 0 0 0 0 0 0 0 0 0 0 0 0 0 0 0 0 0 0 0 0 0 0 0 0 0 0 0 0 0 0 0 0 
0 0 0 0 0 0 0 0 0 0 0 0 0 0 0 0 0 0 0 0 0 0 0 0 0 0 0 0 0 0 0 0 0 0 0 0 0 0 0 0 0 0 0 0 0 0 0 0 0 0 0 0 0 0 0 0 0 0 0 0 0 0 0 0 0 0 0 0 0 0 0 0 0 0 0 0 0 0 0 0 0 0 0 0 0 0 0 0 0 0 0 0 0 0 0 0 0 0 0 0 
0 0 0 0 0 0 0 0 0 0 0 0 0 0 0 0 0 0 0 0 0 0 0 0 0 0 0 0 0 0 0 0 0 0 0 0 0 0 0 0 0 0 0 0 0 0 0 0 0 0 0 0 0 0 0 0 0 0 0 0 0 0 0 0 0 0 0 0 0 0 0 0 0 0 0 0 0 0 0 0 0 0 0 0 0 0 0 0 0 0 0 0 0 0 0 0 0 0 0 0 
0 0 0 0 0 0 0 0 0 0 0 0 0 0 0 0 0 0 0 0 0 0 0 0 0 0 0 0 0 0 0 0 0 0 0 0 0 0 0 0 0 0 0 0 0 0 0 0 0 0 0 0 0 0 0 0 0 0 0 0 0 0 0 0 0 0 0 0 0 0 0 0 0 0 0 0 0 0 0 0 0 0 0 0 0 0 0 0 0 0 0 0 0 0 0 0 0 0 0 0 
0 0 0 0 0 0 0 0 0 0 0 0 0 0 0 0 0 0 0 0 0 0 0 0 0 0 0 0 0 0 0 0 0 0 0 0 0 0 0 0 0 0 0 0 0 0 0 0 0 0 0 0 0 0 0 0 0 0 0 0 0 0 0 0 0 0 0 0 0 0 0 0 0 0 0 0 0 0 0 0 0 0 0 0 0 0 0 0 0 0 0 0 0 0 0 0 0 0 0 0 
0 0 0 0 0 0 0 0 0 0 0 0 0 0 0 0 0 0 0 0 0 0 0 0 0 0 0 0 0 0 0 0 0 0 0 0 0 0 0 0 0 0 0 0 0 0 0 0 0 0 0 0 0 0 0 0 0 0 0 0 0 0 0 0 0 0 0 0 0 0 0 0 0 0 0 0 0 0 0 0 0 0 0 0 0 0 0 0 0 0 0 0 0 0 0 0 0 0 0 0 
0 0 0 0 0 0 0 0 0 0 0 0 0 0 0 0 0 0 0 0 0 0 0 0 0 0 0 0 0 0 0 0 0 0 0 0 0 0 0 0 0 0 0 0 0 0 0 0 0 0 0 0 0 0 0 0 0 0 0 0 0 0 0 0 0 0 0 0 0 0 0 0 0 0 0 0 0 0 0 0 0 0 0 0 0 0 0 0 0 0 0 0 0 0 0 0 0 0 0 0 
0 0 0 0 0 0 0 0 0 0 0 0 0 0 0 0 0 0 0 0 0 0 0 0 0 0 0 0 0 0 0 0 0 0 0 0 0 0 0 0 0 0 0 0 0 0 0 0 0 0 0 0 0 0 0 0 0 0 0 0 0 0 0 0 0 0 0 0 0 0 0 0 0 0 0 0 0 0 0 0 0 0 0 0 0 0 0 0 0 0 0 0 0 0 0 0 0 0 0 0 
0 0 0 0 0 0 0 0 0 0 0 0 0 0 0 0 0 0 0 0 0 0 0 0 0 0 0 0 0 0 0 0 0 0 0 0 0 0 0 0 0 0 0 0 0 0 0 0 0 0 0 0 0 0 0 0 0 0 0 0 0 0 0 0 0 0 0 0 0 0 0 0 0 0 0 0 0 0 0 0 0 0 0 0 0 0 0 0 0 0 0 0 0 0 0 0 0 0 0 0 
0 0 0 0 0 0 0 0 0 0 0 0 0 0 0 0 0 0 0 0 0 0 0 0 0 0 0 0 0 0 0 0 0 0 0 0 0 0 0 0 0 0 0 0 0 0 0 0 0 0 0 0 0 0 0 0 0 0 0 0 0 0 0 0 0 0 0 0 0 0 0 0 0 0 0 0 0 0 0 0 0 0 0 0 0 0 0 0 0 0 0 0 0 0 0 0 0 0 0 0 
0 0 0 0 0 0 0 0 0 0 0 0 0 0 0 0 0 0 0 0 0 0 0 0 0 0 0 0 0 0 0 0 0 0 0 0 0 0 0 0 0 0 0 0 0 0 0 0 0 0 0 0 0 0 0 0 0 0 0 0 0 0 0 0 0 0 0 0 0 0 0 0 0 0 0 0 0 0 0 0 0 0 0 0 0 0 0 0 0 0 0 0 0 0 0 0 0 0 0 0 
0 0 0 0 0 0 0 0 0 0 0 0 0 0 0 0 0 0 0 0 0 0 0 0 0 0 0 0 0 0 0 0 0 0 0 0 0 0 0 0 0 0 0 0 0 0 0 0 0 0 0 0 0 0 0 0 0 0 0 0 0 0 0 0 0 0 0 0 0 0 0 0 0 0 0 0 0 0 0 0 0 0 0 0 0 0 0 0 0 0 0 0 0 0 0 0 0 0 0 0 
0 0 0 0 0 0 0 0 0 0 0 0 0 0 0 0 0 0 0 0 0 0 0 0 0 0 0 0 0 0 0 0 0 0 0 0 0 0 0 0 0 0 0 0 0 0 0 0 0 0 0 0 0 0 0 0 0 0 0 0 0 0 0 0 0 0 0 0 0 0 0 0 0 0 0 0 0 0 0 0 0 0 0 0 0 0 0 0 0 0 0 0 0 0 0 0 0 0 0 0 
0 0 0 0 0 0 0 0 0 0 0 0 0 0 0 0 0 0 0 0 0 0 0 0 0 0 0 0 0 0 0 0 0 0 0 0 0 0 0 0 0 0 0 0 0 0 0 0 0 0 0 0 0 0 0 0 0 0 0 0 0 0 0 0 0 0 0 0 0 0 0 0 0 0 0 0 0 0 0 0 0 0 0 0 0 0 0 0 0 0 0 0 0 0 0 0 0 0 0 0 
0 0 0 0 0 0 0 0 0 0 0 0 0 0 0 0 0 0 0 0 0 0 0 0 0 0 0 0 0 0 0 0 0 0 0 0 0 0 0 0 0 0 0 0 0 0 0 0 0 0 0 0 0 0 0 0 0 0 0 0 0 0 0 0 0 0 0 0 0 0 0 0 0 0 0 0 0 0 0 0 0 0 0 0 0 0 0 0 0 0 0 0 0 0 0 0 0 0 0 0 
0 0 0 0 0 0 0 0 0 0 0 0 0 0 0 0 0 0 0 0 0 0 0 0 0 0 0 0 0 0 0 0 0 0 0 0 0 0 0 0 0 0 0 0 0 0 0 0 0 0 0 0 0 0 0 0 0 0 0 0 0 0 0 0 0 0 0 0 0 0 0 0 0 0 0 0 0 0 0 0 0 0 0 0 0 0 0 0 0 0 0 0 0 0 0 0 0 0 0 0 
0 0 0 0 0 0 0 0 0 0 0 0 0 0 0 0 0 0 0 0 0 0 0 0 0 0 0 0 0 0 0 0 0 0 0 0 0 0 0 0 0 0 0 0 0 0 0 0 0 0 0 0 0 0 0 0 0 0 0 0 0 0 0 0 0 0 0 0 0 0 0 0 0 0 0 0 0 0 0 0 0 0 0 0 0 0 0 0 0 0 0 0 0 0 0 0 0 0 0 0 
0 0 0 0 0 0 0 0 0 0 0 0 0 0 0 0 0 0 0 0 0 0 0 0 0 0 0 0 0 0 0 0 0 0 0 0 0 0 0 0 0 0 0 0 0 0 0 0 0 0 0 0 0 0 0 0 0 0 0 0 0 0 0 0 0 0 0 0 0 0 0 0 0 0 0 0 0 0 0 0 0 0 0 0 0 0 0 0 0 0 0 0 0 0 0 0 0 0 0 0 
0 0 0 0 0 0 0 0 0 0 0 0 0 0 0 0 0 0 0 0 0 0 0 0 0 0 0 0 0 0 0 0 0 0 0 0 0 0 0 0 0 0 0 0 0 0 0 0 0 0 0 0 0 0 0 0 0 0 0 0 0 0 0 0 0 0 0 0 0 0 0 0 0 0 0 0 0 0 0 0 0 0 0 0 0 0 0 0 0 0 0 0 0 0 0 0 0 0 0 0 
0 0 0 0 0 0 0 0 0 0 0 0 0 0 0 0 0 0 0 0 0 0 0 0 0 0 0 0 0 0 0 0 0 0 0 0 0 0 0 0 0 0 0 0 0 0 0 0 0 0 0 0 0 0 0 0 0 0 0 0 0 0 0 0 0 0 0 0 0 0 0 0 0 0 0 0 0 0 0 0 0 0 0 0 0 0 0 0 0 0 0 0 0 0 0 0 0 0 0 0 
0 0 0 0 0 0 0 0 0 0 0 0 0 0 0 0 0 0 0 0 0 0 0 0 0 0 0 0 0 0 0 0 0 0 0 0 0 0 0 0 0 0 0 0 0 0 0 0 0 0 0 0 0 0 0 0 0 0 0 0 0 0 0 0 0 0 0 0 0 0 0 0 0 0 0 0 0 0 0 0 0 0 0 0 0 0 0 0 0 0 0 0 0 0 0 0 0 0 0 0 
0 0 0 0 0 0 0 0 0 0 0 0 0 0 0 0 0 0 0 0 0 0 0 0 0 0 0 0 0 0 0 0 0 0 0 0 0 0 0 0 0 0 0 0 0 0 0 0 0 0 0 0 0 0 0 0 0 0 0 0 0 0 0 0 0 0 0 0 0 0 0 0 0 0 0 0 0 0 0 0 0 0 0 0 0 0 0 0 0 0 0 0 0 0 0 0 0 0 0 0 
0 0 0 0 0 0 0 0 0 0 0 0 0 0 0 0 0 0 0 0 0 0 0 0 0 0 0 0 0 0 0 0 0 0 0 0 0 0 0 0 0 0 0 0 0 0 0 0 0 0 0 0 0 0 0 0 0 0 0 0 0 0 0 0 0 0 0 0 0 0 0 0 0 0 0 0 0 0 0 0 0 0 0 0 0 0 0 0 0 0 0 0 0 0 0 0 0 0 0 0 
0 0 0 0 0 0 0 0 0 0 0 0 0 0 0 0 0 0 0 0 0 0 0 0 0 0 0 0 0 0 0 0 0 0 0 0 0 0 0 0 0 0 0 0 0 0 0 0 0 0 0 0 0 0 0 0 0 0 0 0 0 0 0 0 0 0 0 0 0 0 0 0 0 0 0 0 0 0 0 0 0 0 0 0 0 0 0 0 0 0 0 0 0 0 0 0 0 0 0 0 
0 0 0 0 0 0 0 0 0 0 0 0 0 0 0 0 0 0 0 0 0 0 0 0 0 0 0 0 0 0 0 0 0 0 0 0 0 0 0 0 0 0 0 0 0 0 0 0 0 0 0 0 0 0 0 0 0 0 0 0 0 0 0 0 0 0 0 0 0 0 0 0 0 0 0 0 0 0 0 0 0 0 0 0 0 0 0 0 0 0 0 0 0 0 0 0 0 0 0 0 
0 0 0 0 0 0 0 0 0 0 0 0 0 0 0 0 0 0 0 0 0 0 0 0 0 0 0 0 0 0 0 0 0 0 0 0 0 0 0 0 0 0 0 0 0 0 0 0 0 0 0 0 0 0 0 0 0 0 0 0 0 0 0 0 0 0 0 0 0 0 0 0 0 0 0 0 0 0 0 0 0 0 0 0 0 0 0 0 0 0 0 0 0 0 0 0 0 0 0 0 
0 0 0 0 0 0 0 0 0 0 0 0 0 0 0 0 0 0 0 0 0 0 0 0 0 0 0 0 0 0 0 0 0 0 0 0 0 0 0 0 0 0 0 0 0 0 0 0 0 0 0 0 0 0 0 0 0 0 0 0 0 0 0 0 0 0 0 0 0 0 0 0 0 0 0 0 0 0 0 0 0 0 0 0 0 0 0 0 0 0 0 0 0 0 0 0 0 0 0 0 
0 0 0 0 0 0 0 0 0 0 0 0 0 0 0 0 0 0 0 0 0 0 0 0 0 0 0 0 0 0 0 0 0 0 0 0 0 0 0 0 0 0 0 0 0 0 0 0 0 0 0 0 0 0 0 0 0 0 0 0 0 0 0 0 0 0 0 0 0 0 0 0 0 0 0 0 0 0 0 0 0 0 0 0 0 0 0 0 0 0 0 0 0 0 0 0 0 0 0 0 
0 0 0 0 0 0 0 0 0 0 0 0 0 0 0 0 0 0 0 0 0 0 0 0 0 0 0 0 0 0 0 0 0 0 0 0 0 0 0 0 0 0 0 0 0 0 0 0 0 0 0 0 0 0 0 0 0 0 0 0 0 0 0 0 0 0 0 0 0 0 0 0 0 0 0 0 0 0 0 0 0 0 0 0 0 0 0 0 0 0 0 0 0 0 0 0 0 0 0 0 
0 0 0 0 0 0 0 0 0 0 0 0 0 0 0 0 0 0 0 0 0 0 0 0 0 0 0 0 0 0 0 0 0 0 0 0 0 0 0 0 0 0 0 0 0 0 0 0 0 0 0 0 0 0 0 0 0 0 0 0 0 0 0 0 0 0 0 0 0 0 0 0 0 0 0 0 0 0 0 0 0 0 0 0 0 0 0 0 0 0 0 0 0 0 0 0 0 0 0 0 
0 0 0 0 0 0 0 0 0 0 0 0 0 0 0 0 0 0 0 0 0 0 0 0 0 0 0 0 0 0 0 0 0 0 0 0 0 0 0 0 0 0 0 0 0 0 0 0 0 0 0 0 0 0 0 0 0 0 0 0 0 0 0 0 0 0 0 0 0 0 0 0 0 0 0 0 0 0 0 0 0 0 0 0 0 0 0 0 0 0 0 0 0 0 0 0 0 0 0 0 
0 0 0 0 0 0 0 0 0 0 0 0 0 0 0 0 0 0 0 0 0 0 0 0 0 0 0 0 0 0 0 0 0 0 0 0 0 0 0 0 0 0 0 0 0 0 0 0 0 0 0 0 0 0 0 0 0 0 0 0 0 0 0 0 0 0 0 0 0 0 0 0 0 0 0 0 0 0 0 0 0 0 0 0 0 0 0 0 0 0 0 0 0 0 0 0 0 0 0 0 
0 0 0 0 0 0 0 0 0 0 0 0 0 0 0 0 0 0 0 0 0 0 0 0 0 0 0 0 0 0 0 0 0 0 0 0 0 0 0 0 0 0 0 0 0 0 0 0 0 0 0 0 0 0 0 0 0 0 0 0 0 0 0 0 0 0 0 0 0 0 0 0 0 0 0 0 0 0 0 0 0 0 0 0 0 0 0 0 0 0 0 0 0 0 0 0 0 0 0 0 
0 0 0 0 0 0 0 0 0 0 0 0 0 0 0 0 0 0 0 0 0 0 0 0 0 0 0 0 0 0 0 0 0 0 0 0 0 0 0 0 0 0 0 0 0 0 0 0 0 0 0 0 0 0 0 0 0 0 0 0 0 0 0 0 0 0 0 0 0 0 0 0 0 0 0 0 0 0 0 0 0 0 0 0 0 0 0 0 0 0 0 0 0 0 0 0 0 0 0 0 
0 0 0 0 0 0 0 0 0 0 0 0 0 0 0 0 0 0 0 0 0 0 0 0 0 5.151692389 0 0 0 0 0 0 0 0 0 0 0 0 0 0 0 0 0 0 0 0 0 0 0 0 0 0 0 0 0 0 0 0 0 0 0 0 0 0 0 0 0 0 0 0 0 0 0 0 0 0 0 0 0 0 0 0 0 0 0 0 0 0 0 0 0 0 0 0 0 0 0 0 0 0 
0 0 0 0 0 0 0 0 0 0 0 0 0 0 0 0 0 0 0 7.549913738 11.3192556 8.64603141 6.808589767 8.29679391 5.407142132 6.05858762 8.705514291 9.488241873 15.8813397 11.35537766 9.869046541 15.85172259 14.82823809 5.320391691 0 0 0 0 0 0 0 0 0 0 0 0 0 0 0 0 0 0 0 0 0 0 0 0 0 0 0 0 0 0 0 0 0 0 0 0 0 0 0 0 0 0 0 0 0 0 0 0 0 0 0 0 0 0 0 0 0 0 0 0 0 0 0 0 0 0 
0 0 0 0 0 0 0 0 0 0 0 0 0 0 0 0 4.943187057 13.99684506 11.21336826 19.36617208 14.44085848 11.96325425 11.26031904 6.575297057 17.10610149 10.94342122 12.97954275 18.35503377 21.12244266 7.864267587 24.03869893 18.44956924 19.94805702 30.2360046 15.88005068 19.64714855 0 0 0 0 0 0 0 0 0 0 0 0 0 0 0 0 0 0 0 0 0 0 0 0 0 0 0 0 0 0 0 0 0 0 0 0 0 0 0 0 0 0 0 0 0 0 0 0 0 0 0 0 0 0 0 0 0 0 0 0 0 0 0 0 
0 0 0 0 0 0 0 0 0 0 0 0 0 5.693091814 4.104165534 3.430653381 19.31250366 11.30901818 14.16421135 15.38286037 14.58512081 13.72634867 17.12314303 15.8748248 14.30388068 19.13091419 18.19890524 15.90457 16.02036939 14.57139371 23.67020349 17.81644944 23.53170999 20.83569133 30.86510263 29.93312666 33.03213134 20.57108955 7.900607344 0 0 0 0 0 0 0 0 0 0 0 0 0 0 0 0 0 0 0 0 0 0 0 0 0 0 0 0 0 0 0 0 0 0 0 0 0 0 0 0 0 0 0 0 0 0 0 0 0 0 0 0 0 0 0 0 0 0 0 0 0 
0 0 0 0 0 0 0 0 0 0 0.1076940221 8.198050281 6.179170942 13.3593478 7.857139515 13.15232737 5.063025576 14.92887963 11.6897495 19.58484419 8.669294682 14.81872263 12.8820111 13.71689398 11.07001474 21.49277889 18.05351559 22.11409796 20.34148844 22.06347282 15.08398324 17.58770575 21.18566553 24.86064774 26.34834635 28.4922213 27.4507703 35.9103022 35.57125435 25.69757278 7.477503526 0 0 0 0 0 0 0 0 0 0 0 0 0 0 0 0 0 0 0 0 0 0 0 0 0 0 0 0 0 0 0 0 0 0 0 0 0 0 0 0 0 0 0 0 0 0 0 0 0 0 0 0 0 0 0 0 0 0 0 
0 0 0 0 0 0 0 0 0 0.3471094086 9.398507711 12.90649952 9.732195168 6.997591767 2.122546232 11.84449832 12.61180367 15.11303453 16.88120439 18.86422699 17.65806397 17.39032065 17.74897204 15.87969283 18.54937202 15.58359563 16.13798823 24.71378805 21.01266382 19.93031128 25.1078094 23.32636829 24.97934286 21.15774322 14.56726075 21.10164677 24.93209583 31.64475607 33.45257716 36.71555638 43.69100866 29.23340396 5.592100865 0 0 0 0 0 0 0 0 0 0 0 0 0 0 0 0 0 0 0 0 0 0 0 0 0 0 0 0 0 0 0 0 0 0 0 0 0 0 0 0 0 0 0 0 0 0 0 0 0 0 0 0 0 0 0 0 0 
0 0 0 0 0 0 0 0 6.327251343 10.37687841 9.160144411 2.653653159 6.591746108 4.155814497 9.099036979 13.14419957 9.796311689 6.382950911 9.45203008 15.86779582 22.42960395 14.8398409 25.43859287 21.06834747 17.85723224 17.95381955 24.329746 19.82495382 24.3528349 23.04952181 22.50562428 26.21756087 27.90438118 20.18313063 30.21305673 19.90899286 25.68186863 26.79949897 29.3346546 34.01275075 37.04803641 48.64291541 43.98935932 15.48127786 0 0 0 0 0 0 0 0 0 0 0 0 0 0 0 0 0 0 0 0 0 0 0 0 0 0 0 0 0 0 0 0 0 0 0 0 0 0 0 0 0 0 0 0 0 0 0 0 0 0 0 0 0 0 0 0 
0 0 0 0 0 0 0 9.215936149 7.840464933 9.207023489 8.225882886 0.5849170681 4.642738309 5.987269516 5.641696647 15.42270774 6.58929503 7.037108035 10.84281417 17.42137741 17.39937854 22.83045222 24.23826918 22.70688627 26.69265262 24.85310773 24.69479292 19.41324194 23.5574569 28.11540636 20.52056972 27.06788002 18.87371883 18.35742783 24.95251059 30.26858483 27.11512937 24.84984369 37.87299379 30.48075895 44.25361016 38.85179516 52.60012802 66.59553378 32.8377904 10.62238281 0 0 0 0 0 0 0 0 0 0 0 0 0 0 0 0 0 0 0 0 0 0 0 0 0 0 0 0 0 0 0 0 0 0 0 0 0 0 0 0 0 0 0 0 0 0 0 0 0 0 0 0 0 0 
0 0 0 0 0 8.076622475 5.009800792 3.830509093 3.264010113 13.23258394 4.368382594 10.35672943 8.836790657 2.07363 10.90040593 15.28876392 13.02817858 14.2762376 13.33047947 15.87137419 23.33931951 27.92116879 27.45377915 30.05308304 33.56461157 37.62944584 33.63408093 36.70400719 33.23301786 27.63504223 22.70478156 26.18112501 35.12030587 22.19384641 22.55093549 34.58741498 26.19529464 29.18301015 28.46597707 32.69927682 35.78723439 49.73529731 46.73226155 56.67936012 80.2104852 61.79719167 20.39031422 0 0 0 0 0 0 0 0 0 0 0 0 0 0 0 0 0 0 0 0 0 0 0 0 0 0 0 0 0 0 0 0 0 0 0 0 0 0 0 0 0 0 0 0 0 0 0 0 0 0 0 0 0 
0 0 0 0 7.562449758 1.3065357 7.624399346 8.386876315 13.48804889 5.503538407 2.95205832 10.24577244 9.716261033 6.675547531 15.11381049 9.519389492 16.16680606 3.511510203 17.29002092 12.85597263 21.88254176 28.25863503 34.4456414 33.82676315 41.43676589 33.53185126 30.24530778 37.85223824 32.16978463 33.80622307 35.38684419 30.20657483 31.81409269 32.71774669 24.21348809 26.68754415 31.00819921 35.88490993 34.63564108 35.00096928 44.18291715 47.44895196 44.09245505 50.0172169 59.40986438 78.36456325 74.62278733 26.52361902 0 0 0 0 0 0 0 0 0 0 0 0 0 0 0 0 0 0 0 0 0 0 0 0 0 0 0 0 0 0 0 0 0 0 0 0 0 0 0 0 0 0 0 0 0 0 0 0 0 0 0 0 
0 0 0 6.715827598 8.696640299 8.980745709 1.247733015 7.575725865 8.761766467 7.489942476 15.53463789 9.571972568 11.6617403 12.92892588 15.10647356 7.10090195 9.722674533 17.98081073 14.33295913 11.99411496 33.71392936 36.64906004 44.14117968 44.21481644 48.12385847 55.58902351 42.61124597 45.24696899 39.59703813 36.43686693 35.04241608 31.07626416 33.74230009 27.61688257 29.07567339 34.36611588 35.2563415 30.51034193 34.48638313 35.48024462 47.82833724 46.6538478 54.86389078 57.23646996 64.21659374 68.70352035 81.92639185 84.53025036 40.28048949 0 0 0 0 0 0 0 0 0 0 0 0 0 0 0 0 0 0 0 0 0 0 0 0 0 0 0 0 0 0 0 0 0 0 0 0 0 0 0 0 0 0 0 0 0 0 0 0 0 0 0 
0 9.581807377 8.172138306 11.16403332 2.156950556 8.84294335 9.785059779 8.52634935 11.47978015 4.161436835 13.64350338 13.67069154 16.29832377 5.14767327 14.25654317 17.66403378 8.532669471 16.39306171 22.00607587 22.79961429 34.06344399 43.17920934 55.50125851 70.96359755 71.64082125 71.23405542 67.81584233 52.48390192 50.09819148 49.62527555 38.3593218 33.28144017 40.48345873 29.97582318 36.14024047 38.74203923 36.31839167 38.25922429 45.59834556 42.59873895 54.57199829 51.56356609 55.48817005 57.18228717 63.51687107 71.15361413 72.29703084 86.98008332 93.73201613 61.58784378 0 0 0 0 0 0 0 0 0 0 0 0 0 0 0 0 0 0 0 0 0 0 0 0 0 0 0 0 0 0 0 0 0 0 0 0 0 0 0 0 0 0 0 0 0 0 0 0 0 0 
11.95699098 19.62593488 21.69371997 24.35146299 26.09963217 34.18097773 28.58767378 39.54411036 32.79048008 29.12856434 29.17895998 27.06837972 28.4185626 26.50010719 30.5145917 26.85911146 27.25929164 30.22953766 29.81739006 32.88886255 36.47228671 58.34889635 91.72076274 130.4662626 140.9877844 126.4383804 109.9980282 81.80356537 69.15369622 63.79606649 43.98680044 47.40510635 42.5131358 40.25492103 38.58067066 47.75932926 49.99900154 51.02569147 54.70561941 44.15345475 54.00533336 57.8882685 67.33673695 70.52818239 67.16918918 77.41200013 71.21245004 82.13824628 93.63219053 117.5658359 63.62065691 0 0 0 0 0 0 0 0 0 0 0 0 0 0 0 0 0 0 0 0 0 0 0 0 0 0 0 0 0 0 0 0 0 0 0 0 0 0 0 0 0 0 0 0 0 0 0 0 0 
18.90153881 19.83451608 22.66987779 28.13655287 23.20152106 33.00979287 38.97497261 37.28436349 38.35287985 32.4986405 31.52085073 35.34083235 25.62132585 33.83744426 29.89644335 26.32742156 27.27825049 31.58902688 32.04518917 34.25560334 44.34732156 64.76596167 92.60365235 129.9083741 143.3429532 124.6908765 106.7729701 76.70261519 70.88197483 56.76758661 50.37742601 39.87759785 44.84827354 43.12630965 47.59083869 41.53351597 49.34218714 46.10598767 40.72675512 50.81074742 55.45821575 59.01458371 65.83307746 61.49596832 72.03289211 69.96585152 69.17894439 75.62676235 82.62727774 90.78288268 104.2336653 63.22529486 6.714239384 0 0 0 0 0 0 0 0 0 0 0 0 0 0 0 0 0 0 0 0 0 0 0 0 0 0 0 0 0 0 0 0 0 0 0 0 0 0 0 0 0 0 0 0 0 0 0 
0 0.4227132809 4.055625109 10.97212817 3.371118026 10.52599588 8.51593817 8.342115366 11.41025565 10.3350781 8.064118368 15.13541654 14.46002783 8.684295384 15.86507856 13.4793795 10.54515652 19.31046329 21.58704296 27.27158379 34.51525771 47.11930954 60.41888354 76.83685498 75.72694827 76.9718867 65.33587179 58.27662099 49.02282977 46.78371707 41.66634902 40.72672311 29.49966974 35.92957218 33.85609616 37.83768993 35.70548704 40.32957917 42.58213467 44.63113661 51.41065171 48.77448275 57.79874933 58.74925973 59.21922717 57.92337712 65.87595183 64.96430197 71.24260235 74.55208485 80.71013086 96.96964388 57.69166541 0 0 0 0 0 0 0 0 0 0 0 0 0 0 0 0 0 0 0 0 0 0 0 0 0 0 0 0 0 0 0 0 0 0 0 0 0 0 0 0 0 0 0 0 0 0 0 
0 0 2.122943503 3.402903413 8.245772979 10.18536496 11.30371401 3.764090264 13.17980353 10.62339906 5.452984403 13.47390422 11.30225042 14.02063959 10.22973638 12.01291778 12.40341091 12.05691452 16.74695943 22.59543934 21.15434391 30.7994347 43.67994672 48.58273441 52.80721487 45.45220375 51.82312541 42.90536461 47.03149507 37.75610412 36.72329902 31.49955607 33.29771392 30.48609698 32.7145346 34.73109602 36.34258573 35.79384808 42.34310289 38.7891125 42.03077409 44.84645786 48.32235801 54.39193854 47.74348038 57.37773926 54.28688811 51.89922094 55.07630118 64.3737876 64.39073835 69.68602703 84.66915351 50.17118944 6.956918182 0 0 0 0 0 0 0 0 0 0 0 0 0 0 0 0 0 0 0 0 0 0 0 0 0 0 0 0 0 0 0 0 0 0 0 0 0 0 0 0 0 0 0 0 0 
0 0 0 0.3557070224 2.280326586 8.912235839 5.961197491 7.409757222 6.970177424 6.586440461 8.809948341 11.42119623 11.32013521 13.02328111 7.07851416 14.16545125 14.40154975 8.329377942 19.27878752 11.84966823 24.35208548 29.81487247 31.72147002 32.04811355 39.4367617 40.97123616 36.10260705 36.84534046 34.18470599 33.2855622 25.69550856 27.84883464 23.57986811 33.05560994 25.64002014 31.56262301 25.72284466 27.41061675 35.84794816 34.09888947 42.37758451 47.02584475 42.10533106 39.81323484 41.64469401 47.08015674 53.49538815 49.72728042 54.20217254 50.72561956 58.77897474 62.39337567 61.69961628 70.91829524 42.61656696 0 0 0 0 0 0 0 0 0 0 0 0 0 0 0 0 0 0 0 0 0 0 0 0 0 0 0 0 0 0 0 0 0 0 0 0 0 0 0 0 0 0 0 0 0 
0 0 0 0 5.88880843 10.51584843 10.73641104 6.17073319 9.318163659 5.648834996 12.60781241 3.317857274 4.245483685 9.7143044 8.434537368 11.27298199 6.484692647 4.19840262 21.72250361 12.38238464 19.89751181 23.64764666 28.29872517 32.55664643 24.65759391 38.93824544 34.74666359 30.43255348 30.55206175 26.95632967 30.22224762 24.86040223 24.61979102 21.22432652 28.49639746 27.28615316 26.97251519 29.31568232 24.88042863 32.55579837 34.1099825 35.61810417 40.25969494 42.5075301 37.52717782 47.64097364 41.89434322 43.28570877 45.34771583 44.13123471 45.68595262 54.43386796 51.06027644 52.81973663 71.16959222 36.87859071 0 0 0 0 0 0 0 0 0 0 0 0 0 0 0 0 0 0 0 0 0 0 0 0 0 0 0 0 0 0 0 0 0 0 0 0 0 0 0 0 0 0 0 0 
0 0 0 0 0 3.523454103 2.827568695 9.064322356 8.037534241 6.420943414 10.20496156 6.324070839 7.908924767 6.454623125 8.736208773 15.82349936 15.81289644 11.17905627 10.6936693 16.37515484 23.10091263 25.8417753 25.73560906 26.85440388 25.32228545 39.72683756 31.78837388 24.88916233 25.32284437 28.41772113 24.91628025 23.70323507 27.39063893 26.33147042 23.78239701 21.50236395 18.74447048 24.46073653 25.86298864 27.40313639 28.59108551 28.00104546 35.50077428 31.06194676 36.69237568 35.43250735 37.58408336 43.46261956 36.91243109 45.44740693 43.46598944 46.48657294 55.13401164 46.48261215 59.08230356 62.83399298 28.85244598 0 0 0 0 0 0 0 0 0 0 0 0 0 0 0 0 0 0 0 0 0 0 0 0 0 0 0 0 0 0 0 0 0 0 0 0 0 0 0 0 0 0 0 
0 0 0 0 0 0 2.490851062 2.771890606 9.798088475 2.545485032 3.94482803 9.896603677 9.89454152 7.1098239 3.678375415 9.089928794 9.106066012 14.41116476 15.81130556 14.1740187 16.65718047 25.5036928 28.69500739 24.78604924 18.83580487 23.4783992 18.61577787 21.06332236 20.36026045 27.87468314 24.55142422 29.94939015 22.37238001 25.95452843 21.50167696 23.36438874 23.07659388 21.55101222 20.96364403 25.6893983 26.22979721 37.26356248 30.27586531 29.76895202 43.98935816 30.00887793 37.61760252 43.97533064 38.74967798 35.81715961 44.27875308 40.93846119 31.20278324 45.91178777 47.3032486 57.58654588 59.61053477 19.97986971 0 0 0 0 0 0 0 0 0 0 0 0 0 0 0 0 0 0 0 0 0 0 0 0 0 0 0 0 0 0 0 0 0 0 0 0 0 0 0 0 0 0 
0 0 0 0 0 0 0 11.44311787 7.675425287 7.818793906 4.016140574 11.42142803 9.491943675 6.689164298 8.335355067 11.4474794 0 9.518232397 16.09799046 16.20260677 12.37258577 21.31307437 13.94145309 23.21920753 20.82080564 18.56290539 21.80234516 15.35894406 17.27571924 20.18596695 24.42958713 16.84555542 17.81833824 20.64305521 20.99709117 23.2155851 24.27494509 21.94685367 19.50133531 26.8028618 24.86222383 23.73096172 28.4137377 25.47619735 38.0786493 31.70605584 34.97469593 38.50697978 31.20986545 38.17627978 38.55880664 42.82802838 33.70263367 39.84187149 48.21217185 50.37710814 58.43581801 54.88177736 17.14415928 0 0 0 0 0 0 0 0 0 0 0 0 0 0 0 0 0 0 0 0 0 0 0 0 0 0 0 0 0 0 0 0 0 0 0 0 0 0 0 0 0 
0 0 0 0 0 0 0 8.976135533 3.372255014 2.8111158 8.450884784 10.14469371 5.547763129 11.6557876 10.03210926 15.98390718 20.24379778 13.91372609 14.62870313 10.2591586 19.17953906 21.02789596 15.38387386 9.852914478 18.05403242 14.06125129 20.41791487 16.1436569 14.98672442 19.32095527 20.50310415 23.31523519 17.40788879 22.9444056 16.81900038 18.39827889 22.03743558 18.94203678 20.47347892 26.02435812 19.87244892 26.15145112 26.99414105 25.56724436 31.28513695 29.07679909 36.56432282 33.29578724 31.91664737 37.54545771 30.1687133 39.16070284 34.20232597 43.0573653 44.73711395 40.06805733 48.0494884 63.04523123 45.09096042 11.81185293 0 0 0 0 0 0 0 0 0 0 0 0 0 0 0 0 0 0 0 0 0 0 0 0 0 0 0 0 0 0 0 0 0 0 0 0 0 0 0 0 
0 0 0 0 0 0 0 0 2.386947203 8.329823697 7.643644539 9.932710699 6.401422829 13.55495499 8.511943279 11.8768639 7.635791051 9.422271318 13.74632578 17.04273372 15.32507658 12.66312778 19.1379844 11.60947349 19.24222078 18.40818983 17.76601906 17.19045918 14.88480224 16.79649708 19.92706185 15.66348155 21.06311713 21.01459398 20.25888274 16.07429407 19.28135627 21.5820229 17.49334727 23.35817265 21.82517674 27.8244898 21.64844633 30.51504946 19.609362 24.58568735 28.47241558 25.10326548 33.23404367 37.86218344 31.25975992 32.5798463 32.38233867 32.49988222 32.66981005 38.27862301 43.94895303 50.29604513 61.66858802 41.23308883 0 0 0 0 0 0 0 0 0 0 0 0 0 0 0 0 0 0 0 0 0 0 0 0 0 0 0 0 0 0 0 0 0 0 0 0 0 0 0 0 
0 0 0 0 0 0 0 0 0 6.873472975 15.21686451 9.534386471 10.65331349 10.42039981 6.519776662 5.268302934 11.80480012 16.95257402 15.89181396 14.46263431 7.35403822 4.955391484 11.29886728 12.2539343 2.081966053 11.8783952 12.34450183 12.71552841 20.01705387 15.4119213 14.42643471 22.22149928 17.60755637 16.42462957 18.83873547 16.25134101 19.2217716 18.90366792 26.13634011 23.01215952 28.02926363 18.86025487 27.35700661 20.19837598 22.87371805 17.38082476 25.36632164 26.82832522 23.98305434 26.9515402 27.69538844 27.62120734 33.75540139 40.83093814 32.80305009 33.32413371 32.24600623 43.63112536 50.08352419 56.4409975 23.94925614 0 0 0 0 0 0 0 0 0 0 0 0 0 0 0 0 0 0 0 0 0 0 0 0 0 0 0 0 0 0 0 0 0 0 0 0 0 0 0 
0 0 0 0 0 0 0 0 0 2.921961174 9.715964886 7.182719656 13.16637918 7.606744978 9.515289013 12.82278549 12.83652594 17.74211276 12.10410175 12.36159911 6.962596821 5.636363174 12.31881385 14.97499674 11.70900821 12.0410413 15.58283803 0.278340586 16.00249537 12.09440202 11.44088984 13.57628998 15.13794806 17.76159976 10.96878832 20.69737067 17.77351644 19.18146934 18.15705187 19.8835397 16.86987357 16.28237067 24.11130197 25.0577273 20.87639773 22.95120743 27.85240848 26.8809765 25.29003258 26.77264151 34.59367838 26.87751496 24.58822679 22.52320506 33.66843237 36.04999381 32.7401702 26.57082448 41.00517045 54.54218405 51.56127485 16.53609342 0 0 0 0 0 0 0 0 0 0 0 0 0 0 0 0 0 0 0 0 0 0 0 0 0 0 0 0 0 0 0 0 0 0 0 0 0 0 
0 0 0 0 0 0 0 0 0 0 0 0.2714396326 12.06025227 7.143145983 13.75830479 12.21657163 13.82721537 10.38126861 7.79086319 5.352057422 12.1456119 11.43106571 3.537401835 9.500859488 4.305815897 9.755242906 14.39520521 14.93761227 16.5832016 11.00523831 12.32530097 18.52235857 16.85730985 11.37120484 18.35576839 13.50351861 18.84209089 17.38983563 17.48620933 19.61500039 21.2092576 18.64462786 17.62414632 21.36167442 20.24338202 20.1305912 10.77180157 22.65535315 22.58487024 23.31313373 24.56744204 24.34775452 24.04048729 29.79353362 27.42353754 24.66919546 23.92205397 24.12995845 39.65567814 39.9122197 53.53165488 43.87147716 9.209941536 0 0 0 0 0 0 0 0 0 0 0 0 0 0 0 0 0 0 0 0 0 0 0 0 0 0 0 0 0 0 0 0 0 0 0 0 0 
0 0 0 0 0 0 0 0 0 0 0 3.731091508 16.6155996 7.974527443 13.65105807 9.723610206 9.491438679 10.97471065 10.96042077 11.01672217 5.015241725 1.702734154 7.707165388 6.213087116 6.311455697 1.676284631 10.74541488 1.435557496 12.87572004 12.58707007 8.922302492 11.95867499 19.77556668 8.259929045 12.9622845 18.47699711 14.82018882 19.04519604 15.36273854 14.05730889 20.54519745 16.7473803 15.50606454 14.43939233 20.1287643 19.05218184 22.93499464 17.16862981 19.69974638 19.80862106 21.64971317 23.41465311 24.23784339 26.35794228 21.30450619 26.89391565 30.82294802 27.3704829 27.16267315 32.04014636 43.45125845 52.96294469 35.83325302 0 0 0 0 0 0 0 0 0 0 0 0 0 0 0 0 0 0 0 0 0 0 0 0 0 0 0 0 0 0 0 0 0 0 0 0 0 
0 0 0 0 0 0 0 0 0 0 0 0 9.86085003 8.003067954 3.017451089 12.31255566 9.949452312 3.195620495 5.938221909 6.488589863 7.390392271 6.471578161 5.343290839 0 11.06497885 14.7365997 4.855345929 10.59356553 10.83739301 10.10468197 13.44740312 14.93958927 13.61996889 13.52996034 12.72576329 12.55831031 14.01972483 19.97452856 7.633363355 18.76982731 9.748563185 14.26434919 10.64246161 5.675787126 15.36594115 15.35659824 16.06336279 10.58787134 19.33626201 21.2783923 19.95995456 19.09168882 20.52126477 17.78086767 27.825815 28.9274792 20.80828948 22.96475631 26.66767962 36.01837849 32.77306943 39.39985769 49.60510408 20.20367321 0 0 0 0 0 0 0 0 0 0 0 0 0 0 0 0 0 0 0 0 0 0 0 0 0 0 0 0 0 0 0 0 0 0 0 0 
0 0 0 0 0 0 0 0 0 0 0 0 0 6.117562003 4.412721367 2.553214873 12.49135279 5.566741249 8.494513929 1.331373042 5.763455363 0 4.418770733 8.306831982 6.143679754 5.116786919 0.3858270271 11.64306179 0.8746533039 11.3164275 6.815677565 10.31520157 2.877771225 13.75127246 9.910333266 9.829728357 10.11416229 17.53556219 10.25901635 8.569594075 11.99931701 12.53512246 16.54592967 13.78293904 12.78684187 10.74897919 18.02373571 13.81668087 16.89199071 12.23950804 16.67488869 19.60052898 23.46245772 17.32644394 16.91558903 20.90020916 24.20052415 23.1238489 23.36699778 26.84305681 33.94423771 33.85331077 45.0021035 41.52759269 10.13444757 0 0 0 0 0 0 0 0 0 0 0 0 0 0 0 0 0 0 0 0 0 0 0 0 0 0 0 0 0 0 0 0 0 0 0 
0 0 0 0 0 0 0 0 0 0 0 0 0 0 7.753466244 3.727682533 8.856709875 1.726767847 5.551818431 8.940717326 5.547066991 1.249900942 7.288629936 0.6431693291 0 7.722535677 12.51877368 0 0 1.852656147 0.1925726163 7.033512206 5.900464149 8.79102158 6.182464581 7.445326387 14.60962683 12.74289683 9.245743641 10.37062509 12.49623354 8.729052156 12.13292688 6.017004035 15.25407305 20.01229778 16.61370751 10.12273772 14.75226954 16.59821981 17.16944005 16.27142531 16.98069184 23.0159072 17.46253258 19.81899258 25.34181305 19.06930618 15.80139094 22.04695772 25.98647655 30.4982701 31.88035608 45.12444993 28.50827437 0 0 0 0 0 0 0 0 0 0 0 0 0 0 0 0 0 0 0 0 0 0 0 0 0 0 0 0 0 0 0 0 0 0 0 
0 0 0 0 0 0 0 0 0 0 0 0 0 0 3.604103346 2.651527165 3.288288607 6.280502458 3.957319858 1.783787878 10.96792238 3.996557912 1.171308298 5.899246463 1.02574113 0.9965990208 7.807804319 8.351840233 0.02981848096 1.174876886 2.127085369 0.5989391693 14.59853701 7.128507673 8.330553403 2.045941823 6.462041144 10.7805339 14.71746123 12.60195311 10.67693258 1.339442931 8.517078806 8.609580406 9.264732144 14.3101313 14.57486719 14.94130061 14.60274754 7.79169637 11.92948369 18.74602077 16.4034146 16.17223467 17.04161877 21.26379928 21.70010568 19.78156555 20.59355517 26.59176457 21.74807245 27.20763883 24.49970821 34.91490024 43.22234948 19.08454623 0 0 0 0 0 0 0 0 0 0 0 0 0 0 0 0 0 0 0 0 0 0 0 0 0 0 0 0 0 0 0 0 0 0 
0 0 0 0 0 0 0 0 0 0 0 0 0 0 0 4.315618959 3.829571049 2.572731908 7.575073364 3.606844763 3.286729603 0.1523837337 7.380067736 6.36224317 5.973155593 0.05224219596 5.192199831 7.535410955 2.91800595 6.588614173 5.960960503 9.087837617 12.4009855 4.719518382 6.364723061 12.42753865 10.4819167 7.733504437 12.81625619 9.610583506 10.06281812 6.676163595 14.57936429 10.42169591 3.866594382 12.33314044 9.376902036 5.689269051 15.19243363 13.41421285 19.08877395 0 14.97467081 17.41832435 17.20297214 13.36565467 21.73960427 15.73449599 23.70390381 16.0357202 20.6118822 19.15941639 29.4032997 24.10632774 41.00880077 37.23258012 15.58161693 0 0 0 0 0 0 0 0 0 0 0 0 0 0 0 0 0 0 0 0 0 0 0 0 0 0 0 0 0 0 0 0 0 
0 0 0 0 0 0 0 0 0 0 0 0 0 0 0 2.653408103 2.226667507 4.492948229 0.2108599299 12.39948771 5.303097122 3.599725114 0 1.81300561 0 0 0 0 7.806953189 0 2.083042358 7.555779609 0.2426389536 9.512912542 1.204952544 6.816192156 8.193665512 3.230167248 7.804549983 7.169731972 6.234178432 11.84207056 9.835344857 8.469357371 12.84351704 10.27657731 6.907648018 16.30710688 5.350517833 9.827346476 11.25776695 18.50580843 12.18275734 15.99595297 9.302338793 13.67651083 14.61305615 15.81254046 13.43234414 19.00717256 20.31330446 21.56193892 14.13309057 28.60946681 24.85686529 33.86305731 24.13128785 0 0 0 0 0 0 0 0 0 0 0 0 0 0 0 0 0 0 0 0 0 0 0 0 0 0 0 0 0 0 0 0 0 
0 0 0 0 0 0 0 0 0 0 0 0 0 0 0 0 0.2152425906 7.634389224 1.316166011 2.139540075 0 0 2.907501561 0.4610331115 3.675005156 0 1.633328821 0 0 9.403367861 5.582261229 2.074933845 5.10604415 10.29178302 7.702539349 0 5.882714858 7.362337972 8.510347207 10.20489028 0 7.604169951 1.70836083 13.20385365 12.818117 4.69264177 0.6587827436 10.86859216 0 9.010403631 13.67295332 11.25721993 15.16879965 11.6301895 5.240904227 15.42127794 14.96113751 15.73989914 23.28750327 6.949377099 19.22077579 16.82151937 20.2008412 24.82704067 23.02523585 29.18267915 34.18180516 13.69342145 0 0 0 0 0 0 0 0 0 0 0 0 0 0 0 0 0 0 0 0 0 0 0 0 0 0 0 0 0 0 0 0 
0 0 0 0 0 0 0 0 0 0 0 0 0 0 0 0 0 0.6383207797 2.971216989 3.359453327 0 1.868283953 0 0 0.4113834184 0 2.908390429 0 0 1.669248208 1.008122762 0.09125475314 9.44699501 0 4.103221294 8.111945738 7.508413865 2.632806335 4.202611222 9.431594135 3.908887951 6.032063881 7.799143904 5.69022019 0 12.89824359 0 14.50037307 8.385249389 10.12832683 9.962007279 6.767432277 8.62332227 12.79668773 7.920631608 12.73977975 14.31423449 15.34677174 12.46671843 16.31067423 21.17438456 14.0991537 20.31908542 15.75048171 15.44616732 20.33208838 33.00391053 28.51941368 1.45250222 0 0 0 0 0 0 0 0 0 0 0 0 0 0 0 0 0 0 0 0 0 0 0 0 0 0 0 0 0 0 0 
0 0 0 0 0 0 0 0 0 0 0 0 0 0 0 0 0 0 2.514426551 0.6028926555 2.507152491 3.698835615 2.843091115 4.73341108 2.314639719 1.302561087 2.69878112 0.5548265798 9.718449413 7.10102842 2.974679102 1.141141828 2.702247576 2.382177864 9.293097704 0 6.510511591 3.488474468 4.571397677 0 0.3692758365 1.253933024 5.909157604 7.21761698 10.34835713 0 11.05437964 9.352406982 8.728462075 7.965552692 14.90494603 0 14.25563427 8.723321254 11.60464441 11.22515711 8.810904405 7.876302384 10.67216977 15.7263455 14.16882501 17.88525042 15.59637575 19.46962728 21.75744504 18.71531589 17.67142925 23.39575211 24.06154788 0 0 0 0 0 0 0 0 0 0 0 0 0 0 0 0 0 0 0 0 0 0 0 0 0 0 0 0 0 0 0 
0 0 0 0 0 0 0 0 0 0 0 0 0 0 0 0 0 0 2.238855348 3.900240229 2.54372387 0 3.416743844 0.9053885673 0 2.746588991 7.129748312 0 0 0 1.440555553 0 0 0 0 0 1.971480594 0.3793990821 5.622916157 7.27035566 2.060296525 5.130684717 1.447995685 7.525641784 0.6496335535 2.893001562 4.87629045 12.62927411 11.04776727 4.597449898 2.63429324 6.413918162 0 8.35954183 4.104014928 9.836323754 5.787458891 3.853698266 7.026547944 8.981492082 17.12327428 12.15850273 10.00837301 17.11183447 8.402539268 16.87424871 23.77120588 21.98277593 28.15679457 8.783461991 0 0 0 0 0 0 0 0 0 0 0 0 0 0 0 0 0 0 0 0 0 0 0 0 0 0 0 0 0 0 
0 0 0 0 0 0 0 0 0 0 0 0 0 0 0 0 0 0 0 3.136172657 6.170669296 0 1.021768306 0.5370864026 0 7.070251558 2.96778304 6.120886863 0.3448299539 4.987415726 1.788732531 0 2.774014706 0.2998699782 0.8624746185 0 5.807350596 0 1.968836645 7.969417329 2.156080608 0.6109785439 8.189132265 7.105047104 0 5.811426183 8.856526985 10.87608777 6.713571327 0 3.535517206 10.47214931 0 5.765619964 1.953090932 10.77290983 15.25708561 11.55292475 11.76523847 8.403702668 14.3981445 13.16671408 11.62898907 13.52405286 10.47653199 17.38443144 19.87482277 19.81258422 26.19960907 22.59124952 0 0 0 0 0 0 0 0 0 0 0 0 0 0 0 0 0 0 0 0 0 0 0 0 0 0 0 0 0 0 
0 0 0 0 0 0 0 0 0 0 0 0 0 0 0 0 0 0 0 2.957090147 2.644630368 5.458257578 1.038319436 3.316569174 0.9132163528 3.777426406 5.36171943 4.546457102 4.432062235 0 2.12316483 0.8624182317 0 0 0 0 4.64591134 0 7.706695917 1.719241816 0.7410261073 2.747241919 0.9489681361 1.36135998 6.678202894 0 0 0 1.084424962 0 0.1470480723 0 6.119957967 11.32877618 2.740983533 5.838201584 13.40961655 12.60832544 3.850048658 15.07200197 6.845770262 16.15927564 6.461445775 12.40359752 11.34719657 14.19633069 20.30118146 17.57760294 17.3083595 26.95597072 12.35043569 0 0 0 0 0 0 0 0 0 0 0 0 0 0 0 0 0 0 0 0 0 0 0 0 0 0 0 0 0 
0 0 0 0 0 0 0 0 0 0 0 0 0 0 0 0 0 0 0 0 1.854082939 1.887467152 5.749896256 9.282966611 0 2.487760593 0 2.036171195 1.594812718 0 0.1703036568 3.326443732 0 0 12.15545003 0 0.3149768815 10.84367048 0 4.882150029 0.6226885581 0 1.804514112 1.281420323 8.492062448 0.05044028443 0 1.722069548 11.9032163 0.138899151 9.047098171 6.346546315 7.018194546 0 7.123986276 7.185762225 0 9.83035087 10.96717343 6.021021316 7.629132125 11.94384883 7.530757962 8.387476077 17.08312186 13.44954797 11.28973197 26.16545161 24.10635783 25.75454082 24.55873785 10.32571765 0 0 0 0 0 0 0 0 0 0 0 0 0 0 0 0 0 0 0 0 0 0 0 0 0 0 0 0 
0 0 0 0 0 0 0 0 0 0 0 0 0 0 0 0 0 0 0 0 0 5.795395411 0 1.491238904 2.022211377 0 2.58758942 3.65568506 1.134303521 0.8092329474 0 1.515530979 0 2.100256814 3.218085451 0 0 0.5229994186 0 7.137908587 0 0.1060318825 4.158445185 2.318900678 5.434658927 1.122698671 7.720747741 0.2350129915 1.997496047 8.621030078 7.690990948 10.24599624 5.552359964 9.715929096 1.244481505 1.07023859 5.528135393e-06 2.22521501 7.632849049 8.547168528 7.962258247 7.831628179 0 14.07610885 6.388380678 14.74373095 10.02121606 14.18144293 15.08283573 21.13513716 25.49730099 7.422167168 0 0 0 0 0 0 0 0 0 0 0 0 0 0 0 0 0 0 0 0 0 0 0 0 0 0 0 0 
0 0 0 0 0 0 0 0 0 0 0 0 0 0 0 0 0 0 0 0 0 0 2.239227355 0 0 4.860228569 1.29366138 1.338877119 2.405554735 3.986938281 0 0.01818521142 1.603355225 0 0.1237389012 1.22262039 6.610405909 0.7131562217 0 8.694842296 7.27297881 0.256108866 1.458817829 0 0 6.894301946 0 3.254935572 6.063274056 0.6593247456 0 4.737963813 0 9.521407287 5.100159773 4.49144305 14.35447192 0 0 6.978506811 6.150930597 4.621011021 6.304488655 7.763639138 13.23383987 0 9.394603422 10.58511285 11.53143171 10.49384055 22.41632199 14.51396726 11.3618827 0 0 0 0 0 0 0 0 0 0 0 0 0 0 0 0 0 0 0 0 0 0 0 0 0 0 0 
0 0 0 0 0 0 0 0 0 0 0 0 0 0 0 0 0 0 0 0 0 0 0.5593823463 3.134742134 0.8602795072 0 0 0.5272549115 0.5369223453 0 1.34138061 2.274388213 0 0.8968686641 3.321494343 0.005540392893 1.153445449 0 0 0 0.8382855292 4.028059747 0.460965666 5.240910111 0 6.506498607 0 11.50343288 0 0 7.837982107 2.112609137 0.1893487952 5.307406989 0 7.237279672 2.849064232 8.284974838 0.4546424449 10.27110695 8.135851204 11.00739487 0 9.570873107 1.762170371 5.57952588 6.523012048 6.892853637 3.062191422 7.530213344 19.69488241 21.74832568 13.17166918 0 0 0 0 0 0 0 0 0 0 0 0 0 0 0 0 0 0 0 0 0 0 0 0 0 0 0 
0 0 0 0 0 0 0 0 0 0 0 0 0 0 0 0 0 0 0 0 0 0 0 0.2409497822 0.8622153935 0 2.486100802 0 0 2.858117937 0.001711144112 0 0 0 0.9882589928 2.588300724 0 0 0 0 5.664648397 6.610411761 0 12.14436688 0 1.822289673 3.348711647 7.004996204 0 5.046749456 1.873037697 0.88074896 4.823992985 9.158987622 8.213654109 0 0 6.122227362 7.260950649 6.28821475 7.968924193 0 15.02996678 7.897161248 2.877874935 0.07024893704 14.61779399 7.667870006 1.128616522 10.50558477 9.413333937 21.87969684 20.27550029 9.08702621 0 0 0 0 0 0 0 0 0 0 0 0 0 0 0 0 0 0 0 0 0 0 0 0 0 0 
0 0 0 0 0 0 0 0 0 0 0 0 0 0 0 0 0 0 0 0 0 0 0 0 5.30356706 2.825805489 0 2.237033414 0 0.8475987494 0 0.2986674408 0.4575787509 2.987913382 0 0.0234844265 1.646321943 0 0 0.5692735181 0 0 0 0 0 2.561630149 0 7.087081865 4.575552116 5.289180485 0 1.032257067 0 5.812126088 0 7.798360926 0 1.247805831 5.90973041 6.267201932 5.415950713 2.269529872 6.147999448 12.87472039 5.613900258 0 0 13.01055858 6.328296161 12.06107566 15.70015448 14.66879896 19.95118699 20.79675209 0 0 0 0 0 0 0 0 0 0 0 0 0 0 0 0 0 0 0 0 0 0 0 0 0 0 
0 0 0 0 0 0 0 0 0 0 0 0 0 0 0 0 0 0 0 0 0 0 0 0 0 3.416793745 0.2250473006 2.351912075 1.451125317 0 1.274502571 0 0 3.535178728 0 0.4307126297 0 0 0 0 0 6.854058777 1.857741857 0.5560672375 0 0 0 5.528594813 0 0 0 0.2271284064 0 0 6.972447247 0 7.007415641 4.534721833 6.146304714 0 6.346356219 4.006856982 0 0 0 0.0004016210191 10.06578115 0.6813902919 6.003480236 5.219917094 9.911755738 16.95035069 12.6777073 18.40214109 8.479150755 0 0 0 0 0 0 0 0 0 0 0 0 0 0 0 0 0 0 0 0 0 0 0 0 0 
0 0 0 0 0 0 0 0 0 0 0 0 0 0 0 0 0 0 0 0 0 0 0 0 0.6257497377 0 0 6.712429073 7.680744183 2.038990786 0 0 0.7719959934 0 0 0.8509924944 0 0 0 0.7652282141 3.999845226 0.5418080868 2.648411342 0 0 0 0 0 0 0 0 0 0 0 2.542809794 0 0.1568486682 0 1.722807326 0 1.059446554 0 0 0.6060816202 0 0.4776890406 2.543281529 3.66354024 0 7.435126479 10.1735647 12.6599957 10.52238143 12.1447738 7.940603372 0 0 0 0 0 0 0 0 0 0 0 0 0 0 0 0 0 0 0 0 0 0 0 0 0 
0 0 0 0 0 0 0 0 0 0 0 0 0 0 0 0 0 0 0 0 0 0 0 0 0 0 1.46091054 0.3651752018 1.826395772 0.1648392964 0 0 2.124802948 0 0 1.338556603 2.193211155 3.14217325 0 1.863046102 2.361019617 0 0 0 0 0.002044062333 0 0 0 0 0.06000311338 0 0 0 0 1.216740611 0 0 0 0 0 6.749433161 10.15912524 10.78524344 0 0 6.98227745 0 5.201457717 10.83615385 12.90906994 10.41632943 6.867062893 11.06842198 15.62010906 6.781936337 0 0 0 0 0 0 0 0 0 0 0 0 0 0 0 0 0 0 0 0 0 0 0 0 
0 0 0 0 0 0 0 0 0 0 0 0 0 0 0 0 0 0 0 0 0 0 0 0 0 0 1.760040287 0 0 0.3771168605 0 0.8197111526 1.589362226 0 1.642376185 0 0 0 0 0 0.9244014547 0 0 0 0.2544578822 0 0 0 0 0 0 0 0 0 0 0 0 2.090638686 0 7.265727666 0.4800800581 0 3.547076785 6.653759188 4.905674158 0 10.41744266 5.73757426 0 0 0.04420781992 5.895737227 6.071368351 11.36129631 12.46190406 9.836766556 5.674703899 0 0 0 0 0 0 0 0 0 0 0 0 0 0 0 0 0 0 0 0 0 0 0 
0 0 0 0 0 0 0 0 0 0 0 0 0 0 0 0 0 0 0 0 0 0 0 0 0 1.645338022 0.0539419033 0 0 0 0 0 0 0 0 1.333995358 0 0 0.04257244785 0 2.291730744 0 0 0 1.632025014 1.509743885 0.02895873879 0 0 3.218823946 0.896966227 0 0 0 6.214502853 0 0 12.8718344 1.054961915 0 0 8.448376418 0 10.66877813 6.886186316 0 0.9558301478 0 0 0 8.531463859 10.45388558 7.970114802 9.947607376 7.763590081 17.35218986 2.334572666 0 0 0 0 0 0 0 0 0 0 0 0 0 0 0 0 0 0 0 0 0 0 0 
0 0 0 0 0 0 0 0 0 0 0 0 0 0 0 0 0 0 0 0 0 0 0 0 0 0 0 0 0 0 0 0 0 0 0 0.3582378439 1.06260957 0 0 0 1.974934053 5.988303255 2.480254436 1.432164646 8.080444087 0.1539537523 0 0 0.0988541814 0 0 0 0 0 0 8.489310976 0 0 0 0.000583467566 0 0 0 6.656901423 8.71745035 0 11.04801891 6.147092261 0 0 4.262532718 0 8.447305381 0 10.12864321 9.75468555 0 0 0 0 0 0 0 0 0 0 0 0 0 0 0 0 0 0 0 0 0 0 0 0 
0 0 0 0 0 0 0 0 0 0 0 0 0 0 0 0 0 0 0 0 0 0 0 0 0 0 0 0 0 0 0 0.2279523967 0 0 0 0 0 0 0 0 0 0 0 0 2.152028367 0 0 0 0 0 0 0 0 0 1.343056771 0 0 5.279543144 3.04948413 9.294894765 0 0 2.138214513 0 0.2464914768 0 0 6.835403843 0 8.770867765 0 0 0 5.674813452 0 10.93928526 8.38284794 10.59613287 0 0 0 0 0 0 0 0 0 0 0 0 0 0 0 0 0 0 0 0 0 0 
0 0 0 0 0 0 0 0 0 0 0 0 0 0 0 0 0 0 0 0 0 0 0 0 0 0 0 0 1.25412048 1.595144722 0.4565729462 0 0 0 1.708786823 0 3.545934988 2.126479864 0 0 0 0 0 0 0 0 0 0 0 0.6062209981 0 0 0 0 0 0 0 0 0 0 0.03555875306 0 0 0 0 1.681612346 7.516275885 0 0 0 6.339479145 0 8.433942804 9.983426218 11.51913267 8.570905702 14.73261986 9.057320263 0 0 0 0 0 0 0 0 0 0 0 0 0 0 0 0 0 0 0 0 0 0 
0 0 0 0 0 0 0 0 0 0 0 0 0 0 0 0 0 0 0 0 0 0 0 0 0 0 0 0 1.554887558 3.193811847 0.1748070388 1.331526914 0 0 0.8852666203 0 0.3356596695 0 0 0 0 0 0 0 0 0.4103141432 0 0 0 0 0 0 0 0 0 0 0 0 1.916973245 0 0 0 8.093241591 2.07995663 10.26912767 0 8.599050754 4.982973891 0 3.478146643 5.801705051 0 0 0 4.575710937 0 0.9725037188 13.65174392 7.374550722 0 0 0 0 0 0 0 0 0 0 0 0 0 0 0 0 0 0 0 0 0 
0 0 0 0 0 0 0 0 0 0 0 0 0 0 0 0 0 0 0 0 0 0 0 0 0 0 0 0 0 0 0 0 0 0 0.936431004 2.307009564 0 0 0 0 0 0 0 0 0 0 0 0 0 0 0 0 0 0 0 0 0 0 0 0 0 0 0 0 0 0 0 6.593006888 1.890506308 0.04192814405 0 6.746740601 0 7.813890183 0 0 0 0 6.550324851 0.2924501785 0 0 0 0 0 0 0 0 0 0 0 0 0 0 0 0 0 0 0 0 
0 0 0 0 0 0 0 0 0 0 0 0 0 0 0 0 0 0 0 0 0 0 0 0 0 0 0 0 0 0 0.705481399 0.09513551203 0 0 0 0 0 0 0 0 0 0 0 1.959410164 0 0 0 0 2.44834408 0 2.542567916 0 0 0 0 0 0 0 0 0 0 0 0 0 0 0 0 0 0 1.675666305 1.189689527 0 8.802871667 0 5.106404949 3.06122435 0 11.48324392 2.185784859 8.134673201 0 0 0 0 0 0 0 0 0 0 0 0 0 0 0 0 0 0 0 0 
0 0 0 0 0 0 0 0 0 0 0 0 0 0 0 0 0 0 0 0 0 0 0 0 0 0 0 0 0 0 4.077084458 0.9177328656 0 0 0 0 1.183719895 0 0 0.3949738065 0 0 0 0 0 0 1.969760661 0 0.01087237654 6.416117501 0 0 0 0 0 0 0 0 0 0 0 0 0 0 0 0 0 0 0 0 5.722012237 1.759752813 2.381171463 0 10.43393646 0 0 0 5.348301977 8.702437791 0 0 0 0 0 0 0 0 0 0 0 0 0 0 0 0 0 0 0 0 
0 0 0 0 0 0 0 0 0 0 0 0 0 0 0 0 0 0 0 0 0 0 0 0 0 0 0 0 0 0 0 0 0 0 0 0 0 0 0 0 0 0 0.6783548819 0 1.977680481 0 0 0 0 0 0 0 0 0 0 0 0 0 0 0 0 0 1.302782992 0 0 0 0 0 0 0 9.041945181 0 0 0 0 8.945694899 7.478105668 9.103427716 6.126714341 4.755293515 5.69529377 0 0 0 0 0 0 0 0 0 0 0 0 0 0 0 0 0 0 0 
0 0 0 0 0 0 0 0 0 0 0 0 0 0 0 0 0 0 0 0 0 0 0 0 0 0 0 0 0 0 0 0.8024215298 1.936367279 0 0 0 0 0 0 0 2.407356664 0 0 0 0 0 0 0 0 0 0 1.726344939 2.567172969 0.6564890578 0 7.334960502 0 0 0 2.047741527 0 1.926683942 0 0 6.710943474 0 0 0 6.646057667 0 0 6.746043541 0 0 4.346044239 0.5384423471 0 0 0 0 7.239443299 0 0 0 0 0 0 0 0 0 0 0 0 0 0 0 0 0 0 0 
0 0 0 0 0 0 0 0 0 0 0 0 0 0 0 0 0 0 0 0 0 0 0 0 0 0 0 0 0 0 0 0 1.094230707 0 0 0 0 0 0 0 0 0 0 0 0 0 0.442490128 0 0 0 2.663505862 0 0 1.599218004 0 0 0 0 0 0 0 0 0 0 0 0 0 0 0 0 0 0 0 0 0 0 0 6.7903693 2.002270989 11.61043462 1.203666283 7.614689934 0 0 0 0 0 0 0 0 0 0 0 0 0 0 0 0 0 0 
0 0 0 0 0 0 0 0 0 0 0 0 0 0 0 0 0 0 0 0 0 0 0 0 0 0 0 0 0 0 0 0 0 0 0 0 0 0 0 0 0 0 0 0 0 0 0 0 0 3.662295555 0.00558430611 0 0 0 0 0 0.4038186199 0 0 0 0 0 5.647929393 0 0 0 0.216853724 0 0.03442829851 5.517022799 0 0 0 4.129612464 0 5.019826433 0 0 0 5.673677906 0 0 0 0 0 0 0 0 0 0 0 0 0 0 0 0 0 0 0 0 
0 0 0 0 0 0 0 0 0 0 0 0 0 0 0 0 0 0 0 0 0 0 0 0 0 0 0 0 0 0 0 0 0 3.748571646 0 0 4.172997534 0 0 0 0 0 0 0 0 0 0 0 0 0 0 0 0 0 0 0 0 1.828769011 0 0 0 0 0 0 0.6508050718 0 0 0 0 5.847564194 0 0 0 0 0 0 6.837704212 1.200295756 4.03162466 0 2.451026656 7.40126486 0 0 0 0 0 0 0 0 0 0 0 0 0 0 0 0 0 0 
0 0 0 0 0 0 0 0 0 0 0 0 0 0 0 0 0 0 0 0 0 0 0 0 0 0 0 0 0 0 0 0 0 0 0 0 0.7687672152 0.4274002379 0 0 0 0 0 0 0 0 0 0 0 0 0 0 0 0 0 0 0 0 5.097867601 0 0 0 0 0 0 0 0 0 0 0 0 0 5.594429329 0 0 0 0 0 7.078330778 6.943364022 6.776387688 6.263461748 9.853799194 0 0 0 0 0 0 0 0 0 0 0 0 0 0 0 0 0 
# Events [Detector_nM/Detector_nM.dat] N:
0 0 0 0 0 0 0 0 0 0 0 0 0 0 0 0 0 0 0 0 0 0 0 0 0 0 0 0 0 0 0 0 0 0 0 0 0 0 0 0 0 0 0 0 0 0 0 0 0 0 0 0 0 0 0 0 0 0 0 0 0 0 0 0 0 0 0 0 0 0 0 0 0 0 0 0 0 0 0 0 0 0 0 0 0 0 0 0 0 0 0 0 0 0 0 0 0 0 0 0 
0 0 0 0 0 0 0 0 0 0 0 0 0 0 0 0 0 0 0 0 0 0 0 0 0 0 0 0 0 0 0 0 0 0 0 0 0 0 0 0 0 0 0 0 0 0 0 0 0 0 0 0 0 0 0 0 0 0 0 0 0 0 0 0 0 0 0 0 0 0 0 0 0 0 0 0 0 0 0 0 0 0 0 0 0 0 0 0 0 0 0 0 0 0 0 0 0 0 0 0 
0 0 0 0 0 0 0 0 0 0 0 0 0 0 0 0 0 0 0 0 0 0 0 0 0 0 0 0 0 0 0 0 0 0 0 0 0 0 0 0 0 0 0 0 0 0 0 0 0 0 0 0 0 0 0 0 0 0 0 0 0 0 0 0 0 0 0 0 0 0 0 0 0 0 0 0 0 0 0 0 0 0 0 0 0 0 0 0 0 0 0 0 0 0 0 0 0 0 0 0 
0 0 0 0 0 0 0 0 0 0 0 0 0 0 0 0 0 0 0 0 0 0 0 0 0 0 0 0 0 0 0 0 0 0 0 0 0 0 0 0 0 0 0 0 0 0 0 0 0 0 0 0 0 0 0 0 0 0 0 0 0 0 0 0 0 0 0 0 0 0 0 0 0 0 0 0 0 0 0 0 0 0 0 0 0 0 0 0 0 0 0 0 0 0 0 0 0 0 0 0 
0 0 0 0 0 0 0 0 0 0 0 0 0 0 0 0 0 0 0 0 0 0 0 0 0 0 0 0 0 0 0 0 0 0 0 0 0 0 0 0 0 0 0 0 0 0 0 0 0 0 0 0 0 0 0 0 0 0 0 0 0 0 0 0 0 0 0 0 0 0 0 0 0 0 0 0 0 0 0 0 0 0 0 0 0 0 0 0 0 0 0 0 0 0 0 0 0 0 0 0 
0 0 0 0 0 0 0 0 0 0 0 0 0 0 0 0 0 0 0 0 0 0 0 0 0 0 0 0 0 0 0 0 0 0 0 0 0 0 0 0 0 0 0 0 0 0 0 0 0 0 0 0 0 0 0 0 0 0 0 0 0 0 0 0 0 0 0 0 0 0 0 0 0 0 0 0 0 0 0 0 0 0 0 0 0 0 0 0 0 0 0 0 0 0 0 0 0 0 0 0 
0 0 0 0 0 0 0 0 0 0 0 0 0 0 0 0 0 0 0 0 0 0 0 0 0 0 0 0 0 0 0 0 0 0 0 0 0 0 0 0 0 0 0 0 0 0 0 0 0 0 0 0 0 0 0 0 0 0 0 0 0 0 0 0 0 0 0 0 0 0 0 0 0 0 0 0 0 0 0 0 0 0 0 0 0 0 0 0 0 0 0 0 0 0 0 0 0 0 0 0 
0 0 0 0 0 0 0 0 0 0 0 0 0 0 0 0 0 0 0 0 0 0 0 0 0 0 0 0 0 0 0 0 0 0 0 0 0 0 0 0 0 0 0 0 0 0 0 0 0 0 0 0 0 0 0 0 0 0 0 0 0 0 0 0 0 0 0 0 0 0 0 0 0 0 0 0 0 0 0 0 0 0 0 0 0 0 0 0 0 0 0 0 0 0 0 0 0 0 0 0 
0 0 0 0 0 0 0 0 0 0 0 0 0 0 0 0 0 0 0 0 0 0 0 0 0 0 0 0 0 0 0 0 0 0 0 0 0 0 0 0 0 0 0 0 0 0 0 0 0 0 0 0 0 0 0 0 0 0 0 0 0 0 0 0 0 0 0 0 0 0 0 0 0 0 0 0 0 0 0 0 0 0 0 0 0 0 0 0 0 0 0 0 0 0 0 0 0 0 0 0 
0 0 0 0 0 0 0 0 0 0 0 0 0 0 0 0 0 0 0 0 0 0 0 0 0 0 0 0 0 0 0 0 0 0 0 0 0 0 0 0 0 0 0 0 0 0 0 0 0 0 0 0 0 0 0 0 0 0 0 0 0 0 0 0 0 0 0 0 0 0 0 0 0 0 0 0 0 0 0 0 0 0 0 0 0 0 0 0 0 0 0 0 0 0 0 0 0 0 0 0 
0 0 0 0 0 0 0 0 0 0 0 0 0 0 0 0 0 0 0 0 0 0 0 0 0 0 0 0 0 0 0 0 0 0 0 0 0 0 0 0 0 0 0 0 0 0 0 0 0 0 0 0 0 0 0 0 0 0 0 0 0 0 0 0 0 0 0 0 0 0 0 0 0 0 0 0 0 0 0 0 0 0 0 0 0 0 0 0 0 0 0 0 0 0 0 0 0 0 0 0 
0 0 0 0 0 0 0 0 0 0 0 0 0 0 0 0 0 0 0 0 0 0 0 0 0 0 0 0 0 0 0 0 0 0 0 0 0 0 0 0 0 0 0 0 0 0 0 0 0 0 0 0 0 0 0 0 0 0 0 0 0 0 0 0 0 0 0 0 0 0 0 0 0 0 0 0 0 0 0 0 0 0 0 0 0 0 0 0 0 0 0 0 0 0 0 0 0 0 0 0 
0 0 0 0 0 0 0 0 0 0 0 0 0 0 0 0 0 0 0 0 0 0 0 0 0 0 0 0 0 0 0 0 0 0 0 0 0 0 0 0 0 0 0 0 0 0 0 0 0 0 0 0 0 0 0 0 0 0 0 0 0 0 0 0 0 0 0 0 0 0 0 0 0 0 0 0 0 0 0 0 0 0 0 0 0 0 0 0 0 0 0 0 0 0 0 0 0 0 0 0 
0 0 0 0 0 0 0 0 0 0 0 0 0 0 0 0 0 0 0 0 0 0 0 0 0 0 0 0 0 0 0 0 0 0 0 0 0 0 0 0 0 0 0 0 0 0 0 0 0 0 0 0 0 0 0 0 0 0 0 0 0 0 0 0 0 0 0 0 0 0 0 0 0 0 0 0 0 0 0 0 0 0 0 0 0 0 0 0 0 0 0 0 0 0 0 0 0 0 0 0 
0 0 0 0 0 0 0 0 0 0 0 0 0 0 0 0 0 0 0 0 0 0 0 0 0 0 0 0 0 0 0 0 0 0 0 0 0 0 0 0 0 0 0 0 0 0 0 0 0 0 0 0 0 0 0 0 0 0 0 0 0 0 0 0 0 0 0 0 0 0 0 0 0 0 0 0 0 0 0 0 0 0 0 0 0 0 0 0 0 0 0 0 0 0 0 0 0 0 0 0 
0 0 0 0 0 0 0 0 0 0 0 0 0 0 0 0 0 0 0 0 0 0 0 0 0 0 0 0 0 0 0 0 0 0 0 0 0 0 0 0 0 0 0 0 0 0 0 0 0 0 0 0 0 0 0 0 0 0 0 0 0 0 0 0 0 0 0 0 0 0 0 0 0 0 0 0 0 0 0 0 0 0 0 0 0 0 0 0 0 0 0 0 0 0 0 0 0 0 0 0 
0 0 0 0 0 0 0 0 0 0 0 0 0 0 0 0 0 0 0 0 0 0 0 0 0 0 0 0 0 0 0 0 0 0 0 0 0 0 0 0 0 0 0 0 0 0 0 0 0 0 0 0 0 0 0 0 0 0 0 0 0 0 0 0 0 0 0 0 0 0 0 0 0 0 0 0 0 0 0 0 0 0 0 0 0 0 0 0 0 0 0 0 0 0 0 0 0 0 0 0 
0 0 0 0 0 0 0 0 0 0 0 0 0 0 0 0 0 0 0 0 0 0 0 0 0 0 0 0 0 0 0 0 0 0 0 0 0 0 0 0 0 0 0 0 0 0 0 0 0 0 0 0 0 0 0 0 0 0 0 0 0 0 0 0 0 0 0 0 0 0 0 0 0 0 0 0 0 0 0 0 0 0 0 0 0 0 0 0 0 0 0 0 0 0 0 0 0 0 0 0 
0 0 0 0 0 0 0 0 0 0 0 0 0 0 0 0 0 0 0 0 0 0 0 0 0 0 0 0 0 0 0 0 0 0 0 0 0 0 0 0 0 0 0 0 0 0 0 0 0 0 0 0 0 0 0 0 0 0 0 0 0 0 0 0 0 0 0 0 0 0 0 0 0 0 0 0 0 0 0 0 0 0 0 0 0 0 0 0 0 0 0 0 0 0 0 0 0 0 0 0 
0 0 0 0 0 0 0 0 0 0 0 0 0 0 0 0 0 0 0 0 0 0 0 0 0 0 0 0 0 0 0 0 0 0 0 0 0 0 0 0 0 0 0 0 0 0 0 0 0 0 0 0 0 0 0 0 0 0 0 0 0 0 0 0 0 0 0 0 0 0 0 0 0 0 0 0 0 0 0 0 0 0 0 0 0 0 0 0 0 0 0 0 0 0 0 0 0 0 0 0 
0 0 0 0 0 0 0 0 0 0 0 0 0 0 0 0 0 0 0 0 0 0 0 0 0 0 0 0 0 0 0 0 0 0 0 0 0 0 0 0 0 0 0 0 0 0 0 0 0 0 0 0 0 0 0 0 0 0 0 0 0 0 0 0 0 0 0 0 0 0 0 0 0 0 0 0 0 0 0 0 0 0 0 0 0 0 0 0 0 0 0 0 0 0 0 0 0 0 0 0 
0 0 0 0 0 0 0 0 0 0 0 0 0 0 0 0 0 0 0 0 0 0 0 0 0 0 0 0 0 0 0 0 0 0 0 0 0 0 0 0 0 0 0 0 0 0 0 0 0 0 0 0 0 0 0 0 0 0 0 0 0 0 0 0 0 0 0 0 0 0 0 0 0 0 0 0 0 0 0 0 0 0 0 0 0 0 0 0 0 0 0 0 0 0 0 0 0 0 0 0 
0 0 0 0 0 0 0 0 0 0 0 0 0 0 0 0 0 0 0 0 0 0 0 0 0 0 0 0 0 0 0 0 0 0 0 0 0 0 0 0 0 0 0 0 0 0 0 0 0 0 0 0 0 0 0 0 0 0 0 0 0 0 0 0 0 0 0 0 0 0 0 0 0 0 0 0 0 0 0 0 0 0 0 0 0 0 0 0 0 0 0 0 0 0 0 0 0 0 0 0 
0 0 0 0 0 0 0 0 0 0 0 0 0 0 0 0 0 0 0 0 0 0 0 0 0 0 0 0 0 0 0 0 0 0 0 0 0 0 0 0 0 0 0 0 0 0 0 0 0 0 0 0 0 0 0 0 0 0 0 0 0 0 0 0 0 0 0 0 0 0 0 0 0 0 0 0 0 0 0 0 0 0 0 0 0 0 0 0 0 0 0 0 0 0 0 0 0 0 0 0 
0 0 0 0 0 0 0 0 0 0 0 0 0 0 0 0 0 0 0 0 0 0 0 0 0 0 0 0 0 0 0 0 0 0 0 0 0 0 0 0 0 0 0 0 0 0 0 0 0 0 0 0 0 0 0 0 0 0 0 0 0 0 0 0 0 0 0 0 0 0 0 0 0 0 0 0 0 0 0 0 0 0 0 0 0 0 0 0 0 0 0 0 0 0 0 0 0 0 0 0 
0 0 0 0 0 0 0 0 0 0 0 0 0 0 0 0 0 0 0 0 0 0 0 0 0 0 0 0 0 0 0 0 0 0 0 0 0 0 0 0 0 0 0 0 0 0 0 0 0 0 0 0 0 0 0 0 0 0 0 0 0 0 0 0 0 0 0 0 0 0 0 0 0 0 0 0 0 0 0 0 0 0 0 0 0 0 0 0 0 0 0 0 0 0 0 0 0 0 0 0 
0 0 0 0 0 0 0 0 0 0 0 0 0 0 0 0 0 0 0 0 0 0 0 0 0 0 0 0 0 0 0 0 0 0 0 0 0 0 0 0 0 0 0 0 0 0 0 0 0 0 0 0 0 0 0 0 0 0 0 0 0 0 0 0 0 0 0 0 0 0 0 0 0 0 0 0 0 0 0 0 0 0 0 0 0 0 0 0 0 0 0 0 0 0 0 0 0 0 0 0 
0 0 0 0 0 0 0 0 0 0 0 0 0 0 0 0 0 0 0 0 0 0 0 0 0 0 0 0 0 0 0 0 0 0 0 0 0 0 0 0 0 0 0 0 0 0 0 0 0 0 0 0 0 0 0 0 0 0 0 0 0 0 0 0 0 0 0 0 0 0 0 0 0 0 0 0 0 0 0 0 0 0 0 0 0 0 0 0 0 0 0 0 0 0 0 0 0 0 0 0 
0 0 0 0 0 0 0 0 0 0 0 0 0 0 0 0 0 0 0 0 0 0 0 0 0 0 0 0 0 0 0 0 0 0 0 0 0 0 0 0 0 0 0 0 0 0 0 0 0 0 0 0 0 0 0 0 0 0 0 0 0 0 0 0 0 0 0 0 0 0 0 0 0 0 0 0 0 0 0 0 0 0 0 0 0 0 0 0 0 0 0 0 0 0 0 0 0 0 0 0 
0 0 0 0 0 0 0 0 0 0 0 0 0 0 0 0 0 0 0 0 0 0 0 0 0 0 0 0 0 0 0 0 0 0 0 0 0 0 0 0 0 0 0 0 0 0 0 0 0 0 0 0 0 0 0 0 0 0 0 0 0 0 0 0 0 0 0 0 0 0 0 0 0 0 0 0 0 0 0 0 0 0 0 0 0 0 0 0 0 0 0 0 0 0 0 0 0 0 0 0 
0 0 0 0 0 0 0 0 0 0 0 0 0 0 0 0 0 0 0 0 0 0 0 0 0 0 0 0 0 0 0 0 0 0 0 0 0 0 0 0 0 0 0 0 0 0 0 0 0 0 0 0 0 0 0 0 0 0 0 0 0 0 0 0 0 0 0 0 0 0 0 0 0 0 0 0 0 0 0 0 0 0 0 0 0 0 0 0 0 0 0 0 0 0 0 0 0 0 0 0 
0 0 0 0 0 0 0 0 0 0 0 0 0 0 0 0 0 0 0 0 0 0 0 0 0 0 0 0 0 0 0 0 0 0 0 0 0 0 0 0 0 0 0 0 0 0 0 0 0 0 0 0 0 0 0 0 0 0 0 0 0 0 0 0 0 0 0 0 0 0 0 0 0 0 0 0 0 0 0 0 0 0 0 0 0 0 0 0 0 0 0 0 0 0 0 0 0 0 0 0 
0 0 0 0 0 0 0 0 0 0 0 0 0 0 0 0 0 0 0 0 0 0 0 0 0 0 0 0 0 0 0 0 0 0 0 0 0 0 0 0 0 0 0 0 0 0 0 0 0 0 0 0 0 0 0 0 0 0 0 0 0 0 0 0 0 0 0 0 0 0 0 0 0 0 0 0 0 0 0 0 0 0 0 0 0 0 0 0 0 0 0 0 0 0 0 0 0 0 0 0 
0 0 0 0 0 0 0 0 0 0 0 0 0 0 0 0 0 0 0 0 0 0 0 0 0 0 0 0 0 0 0 0 0 0 0 0 0 0 0 0 0 0 0 0 0 0 0 0 0 0 0 0 0 0 0 0 0 0 0 0 0 0 0 0 0 0 0 0 0 0 0 0 0 0 0 0 0 0 0 0 0 0 0 0 0 0 0 0 0 0 0 0 0 0 0 0 0 0 0 0 
0 0 0 0 0 0 0 0 0 0 0 0 0 0 0 0 0 0 0 0 0 0 0 0 0 0 0 0 0 0 0 0 0 0 0 0 0 0 0 0 0 0 0 0 0 0 0 0 0 0 0 0 0 0 0 0 0 0 0 0 0 0 0 0 0 0 0 0 0 0 0 0 0 0 0 0 0 0 0 0 0 0 0 0 0 0 0 0 0 0 0 0 0 0 0 0 0 0 0 0 
0 0 0 0 0 0 0 0 0 0 0 0 0 0 0 0 0 0 0 0 0 0 0 0 0 0 0 0 0 0 0 0 0 0 0 0 0 0 0 0 0 0 0 0 0 0 0 0 0 0 0 0 0 0 0 0 0 0 0 0 0 0 0 0 0 0 0 0 0 0 0 0 0 0 0 0 0 0 0 0 0 0 0 0 0 0 0 0 0 0 0 0 0 0 0 0 0 0 0 0 
0 0 0 0 0 0 0 0 0 0 0 0 0 0 0 0 0 0 0 0 0 0 0 0 0 0 0 0 0 0 0 0 0 0 0 0 0 0 0 0 0 0 0 0 0 0 0 0 0 0 0 0 0 0 0 0 0 0 0 0 0 0 0 0 0 0 0 0 0 0 0 0 0 0 0 0 0 0 0 0 0 0 0 0 0 0 0 0 0 0 0 0 0 0 0 0 0 0 0 0 
0 0 0 0 0 0 0 0 0 0 0 0 0 0 0 0 0 0 0 0 0 0 0 0 0 1 0 0 0 0 0 0 0 0 0 0 0 0 0 0 0 0 0 0 0 0 0 0 0 0 0 0 0 0 0 0 0 0 0 0 0 0 0 0 0 0 0 0 0 0 0 0 0 0 0 0 0 0 0 0 0 0 0 0 0 0 0 0 0 0 0 0 0 0 0 0 0 0 0 0 
0 0 0 0 0 0 0 0 0 0 0 0 0 0 0 0 0 0 0 3 3 3 2 2 1 1 4 7 5 5 6 9 5 1 0 0 0 0 0 0 0 0 0 0 0 0 0 0 0 0 0 0 0 0 0 0 0 0 0 0 0 0 0 0 0 0 0 0 0 0 0 0 0 0 0 0 0 0 0 0 0 0 0 0 0 0 0 0 0 0 0 0 0 0 0 0 0 0 0 0 
0 0 0 0 0 0 0 0 0 0 0 0 0 0 0 0 1 4 3 10 8 7 2 2 5 2 5 7 10 3 16 11 13 22 8 10 0 0 0 0 0 0 0 0 0 0 0 0 0 0 0 0 0 0 0 0 0 0 0 0 0 0 0 0 0 0 0 0 0 0 0 0 0 0 0 0 0 0 0 0 0 0 0 0 0 0 0 0 0 0 0 0 0 0 0 0 0 0 0 0 
0 0 0 0 0 0 0 0 0 0 0 0 0 3 5 3 8 4 7 7 9 4 11 8 4 10 13 8 8 10 20 9 15 13 25 23 32 14 3 0 0 0 0 0 0 0 0 0 0 0 0 0 0 0 0 0 0 0 0 0 0 0 0 0 0 0 0 0 0 0 0 0 0 0 0 0 0 0 0 0 0 0 0 0 0 0 0 0 0 0 0 0 0 0 0 0 0 0 0 0 
0 0 0 0 0 0 0 0 0 0 1 3 5 9 10 5 5 8 5 11 7 9 8 7 4 11 9 12 10 14 9 10 12 12 21 25 26 35 37 17 2 0 0 0 0 0 0 0 0 0 0 0 0 0 0 0 0 0 0 0 0 0 0 0 0 0 0 0 0 0 0 0 0 0 0 0 0 0 0 0 0 0 0 0 0 0 0 0 0 0 0 0 0 0 0 0 0 0 0 0 
0 0 0 0 0 0 0 0 0 1 5 9 7 7 5 8 5 9 7 11 10 11 12 9 9 8 11 17 12 12 16 18 13 16 10 17 22 29 38 50 43 27 1 0 0 0 0 0 0 0 0 0 0 0 0 0 0 0 0 0 0 0 0 0 0 0 0 0 0 0 0 0 0 0 0 0 0 0 0 0 0 0 0 0 0 0 0 0 0 0 0 0 0 0 0 0 0 0 0 0 
0 0 0 0 0 0 0 0 4 8 7 6 5 4 4 9 4 6 3 9 15 7 16 10 13 10 16 17 19 17 17 22 23 14 26 16 19 20 34 32 47 67 52 6 0 0 0 0 0 0 0 0 0 0 0 0 0 0 0 0 0 0 0 0 0 0 0 0 0 0 0 0 0 0 0 0 0 0 0 0 0 0 0 0 0 0 0 0 0 0 0 0 0 0 0 0 0 0 0 0 
0 0 0 0 0 0 0 11 5 3 10 1 5 4 9 5 2 6 7 13 11 15 19 18 23 19 18 14 19 23 18 26 18 12 19 29 26 23 43 26 53 52 93 124 27 3 0 0 0 0 0 0 0 0 0 0 0 0 0 0 0 0 0 0 0 0 0 0 0 0 0 0 0 0 0 0 0 0 0 0 0 0 0 0 0 0 0 0 0 0 0 0 0 0 0 0 0 0 0 0 
0 0 0 0 0 3 5 6 5 11 7 8 5 3 7 11 7 5 8 10 20 24 21 27 28 34 32 37 33 25 18 21 30 21 14 40 22 26 24 35 41 70 72 85 166 105 11 0 0 0 0 0 0 0 0 0 0 0 0 0 0 0 0 0 0 0 0 0 0 0 0 0 0 0 0 0 0 0 0 0 0 0 0 0 0 0 0 0 0 0 0 0 0 0 0 0 0 0 0 0 
0 0 0 0 5 4 10 10 13 9 5 9 9 7 8 7 7 2 10 7 17 25 32 33 51 32 34 37 36 28 36 31 27 27 21 28 30 39 35 35 57 72 55 72 104 186 161 22 0 0 0 0 0 0 0 0 0 0 0 0 0 0 0 0 0 0 0 0 0 0 0 0 0 0 0 0 0 0 0 0 0 0 0 0 0 0 0 0 0 0 0 0 0 0 0 0 0 0 0 0 
0 0 0 4 8 7 4 8 11 7 8 10 11 5 10 6 7 10 7 7 29 35 54 58 64 79 56 60 47 37 33 33 33 27 35 40 39 38 32 42 67 61 88 100 113 146 204 198 47 0 0 0 0 0 0 0 0 0 0 0 0 0 0 0 0 0 0 0 0 0 0 0 0 0 0 0 0 0 0 0 0 0 0 0 0 0 0 0 0 0 0 0 0 0 0 0 0 0 0 0 
0 4 6 11 5 10 10 11 15 4 12 12 18 6 13 14 7 14 16 22 34 60 82 124 141 131 127 80 70 70 40 40 46 30 37 38 39 43 62 59 78 81 94 105 111 138 145 227 250 98 0 0 0 0 0 0 0 0 0 0 0 0 0 0 0 0 0 0 0 0 0 0 0 0 0 0 0 0 0 0 0 0 0 0 0 0 0 0 0 0 0 0 0 0 0 0 0 0 0 0 
6 13 14 22 22 34 23 52 39 21 38 27 32 29 30 23 25 33 30 30 44 98 216 431 519 416 316 177 128 109 59 69 56 54 48 61 72 82 77 68 80 103 119 135 129 158 145 192 265 360 111 0 0 0 0 0 0 0 0 0 0 0 0 0 0 0 0 0 0 0 0 0 0 0 0 0 0 0 0 0 0 0 0 0 0 0 0 0 0 0 0 0 0 0 0 0 0 0 0 0 
9 12 16 26 21 42 41 51 45 36 38 41 25 36 29 18 30 36 30 38 55 110 232 446 523 405 314 164 139 86 80 51 67 55 64 61 63 62 56 81 95 102 122 102 140 131 135 172 192 250 331 102 1 0 0 0 0 0 0 0 0 0 0 0 0 0 0 0 0 0 0 0 0 0 0 0 0 0 0 0 0 0 0 0 0 0 0 0 0 0 0 0 0 0 0 0 0 0 0 0 
0 2 6 6 8 8 10 9 11 16 9 9 12 11 10 12 8 13 16 21 33 61 95 150 159 157 116 98 75 68 51 49 30 44 34 43 41 48 51 63 77 69 100 98 99 105 126 114 147 172 216 278 89 0 0 0 0 0 0 0 0 0 0 0 0 0 0 0 0 0 0 0 0 0 0 0 0 0 0 0 0 0 0 0 0 0 0 0 0 0 0 0 0 0 0 0 0 0 0 0 
0 0 4 4 6 7 7 4 14 14 8 12 9 9 12 8 8 7 9 19 19 27 59 60 78 63 73 45 58 50 30 32 31 34 30 35 44 34 50 49 54 58 66 87 71 82 83 85 100 126 131 165 222 72 1 0 0 0 0 0 0 0 0 0 0 0 0 0 0 0 0 0 0 0 0 0 0 0 0 0 0 0 0 0 0 0 0 0 0 0 0 0 0 0 0 0 0 0 0 0 
0 0 0 2 2 8 7 7 7 9 4 7 8 9 7 8 8 8 11 9 21 29 30 36 46 51 41 42 31 35 26 21 21 32 25 31 25 24 44 37 52 58 59 54 49 64 80 63 97 81 106 125 131 160 47 0 0 0 0 0 0 0 0 0 0 0 0 0 0 0 0 0 0 0 0 0 0 0 0 0 0 0 0 0 0 0 0 0 0 0 0 0 0 0 0 0 0 0 0 0 
0 0 0 0 2 5 5 7 10 4 10 1 5 6 2 12 3 4 12 10 19 18 30 35 22 35 32 26 32 22 23 22 18 16 24 29 27 25 20 29 32 41 46 54 40 64 52 51 67 66 56 80 100 93 153 35 0 0 0 0 0 0 0 0 0 0 0 0 0 0 0 0 0 0 0 0 0 0 0 0 0 0 0 0 0 0 0 0 0 0 0 0 0 0 0 0 0 0 0 0 
0 0 0 0 0 2 5 6 5 10 7 4 7 3 6 7 13 5 10 11 18 16 18 21 21 38 29 15 22 23 18 18 25 20 18 19 11 21 18 31 22 19 40 33 42 42 45 52 45 58 55 67 93 74 102 118 20 0 0 0 0 0 0 0 0 0 0 0 0 0 0 0 0 0 0 0 0 0 0 0 0 0 0 0 0 0 0 0 0 0 0 0 0 0 0 0 0 0 0 0 
0 0 0 0 0 0 4 3 4 2 8 6 4 8 2 5 7 8 16 5 14 18 24 15 14 16 11 16 16 24 20 25 12 21 20 17 16 20 18 20 23 33 25 23 50 28 47 54 44 42 57 52 36 63 75 113 115 12 0 0 0 0 0 0 0 0 0 0 0 0 0 0 0 0 0 0 0 0 0 0 0 0 0 0 0 0 0 0 0 0 0 0 0 0 0 0 0 0 0 0 
0 0 0 0 0 0 0 9 6 4 9 5 9 5 9 8 0 8 13 11 6 16 9 17 16 11 14 13 10 15 16 14 13 19 16 17 21 18 12 25 18 22 29 17 36 32 35 39 30 37 48 51 36 56 70 78 113 87 8 0 0 0 0 0 0 0 0 0 0 0 0 0 0 0 0 0 0 0 0 0 0 0 0 0 0 0 0 0 0 0 0 0 0 0 0 0 0 0 0 0 
0 0 0 0 0 0 0 4 3 5 7 8 3 6 8 9 16 7 10 5 10 13 9 4 11 8 10 11 10 10 13 20 12 18 14 11 18 13 11 21 11 21 25 17 25 20 35 27 36 42 35 47 38 47 52 48 71 116 61 4 0 0 0 0 0 0 0 0 0 0 0 0 0 0 0 0 0 0 0 0 0 0 0 0 0 0 0 0 0 0 0 0 0 0 0 0 0 0 0 0 
0 0 0 0 0 0 0 0 3 6 5 11 6 8 8 6 5 3 6 7 11 6 11 4 13 7 11 11 9 11 13 7 12 14 15 11 14 20 9 19 11 20 20 30 18 19 19 21 29 36 27 31 33 28 35 42 56 81 100 40 0 0 0 0 0 0 0 0 0 0 0 0 0 0 0 0 0 0 0 0 0 0 0 0 0 0 0 0 0 0 0 0 0 0 0 0 0 0 0 0 
0 0 0 0 0 0 0 0 0 4 5 5 8 4 7 6 5 13 9 10 5 1 6 9 3 8 6 7 10 7 7 13 12 7 13 10 12 11 20 16 18 13 21 10 16 13 22 18 24 22 27 27 34 49 34 32 32 62 76 95 19 0 0 0 0 0 0 0 0 0 0 0 0 0 0 0 0 0 0 0 0 0 0 0 0 0 0 0 0 0 0 0 0 0 0 0 0 0 0 0 
0 0 0 0 0 0 0 0 0 1 7 4 6 10 9 8 8 13 4 8 2 3 5 5 6 6 6 1 7 6 5 8 5 10 10 18 11 12 6 12 16 15 20 16 13 14 18 18 17 19 27 24 20 26 27 29 31 30 53 76 79 11 0 0 0 0 0 0 0 0 0 0 0 0 0 0 0 0 0 0 0 0 0 0 0 0 0 0 0 0 0 0 0 0 0 0 0 0 0 0 
0 0 0 0 0 0 0 0 0 0 0 1 8 4 7 10 5 2 7 3 6 6 5 6 4 6 7 8 11 6 7 11 11 6 9 4 13 9 14 11 13 13 14 10 12 15 7 17 16 17 18 20 16 26 24 17 22 22 47 44 88 54 2 0 0 0 0 0 0 0 0 0 0 0 0 0 0 0 0 0 0 0 0 0 0 0 0 0 0 0 0 0 0 0 0 0 0 0 0 0 
0 0 0 0 0 0 0 0 0 0 0 1 7 3 7 8 4 9 4 5 5 2 2 4 3 3 7 3 4 4 6 5 12 5 6 11 7 10 6 7 13 9 10 7 8 17 12 9 10 14 16 13 18 18 16 23 26 28 27 35 57 87 33 0 0 0 0 0 0 0 0 0 0 0 0 0 0 0 0 0 0 0 0 0 0 0 0 0 0 0 0 0 0 0 0 0 0 0 0 0 
0 0 0 0 0 0 0 0 0 0 0 0 5 3 3 7 3 3 3 1 3 5 4 0 5 7 4 5 6 6 5 7 5 5 7 6 9 11 5 10 4 11 6 2 7 6 11 7 11 10 11 13 13 16 19 18 18 19 27 39 32 49 70 14 0 0 0 0 0 0 0 0 0 0 0 0 0 0 0 0 0 0 0 0 0 0 0 0 0 0 0 0 0 0 0 0 0 0 0 0 
0 0 0 0 0 0 0 0 0 0 0 0 0 4 4 2 7 3 6 4 4 0 2 2 2 2 1 4 3 7 2 2 3 4 4 5 6 8 5 4 5 7 7 8 7 4 10 7 10 5 9 9 14 11 9 17 17 16 19 28 30 33 64 52 3 0 0 0 0 0 0 0 0 0 0 0 0 0 0 0 0 0 0 0 0 0 0 0 0 0 0 0 0 0 0 0 0 0 0 0 
0 0 0 0 0 0 0 0 0 0 0 0 0 0 2 2 9 1 3 3 2 3 4 1 0 3 4 0 0 2 1 2 6 7 1 2 7 5 4 4 5 4 5 4 9 15 10 5 7 6 12 8 8 15 13 16 17 11 6 21 16 31 35 53 21 0 0 0 0 0 0 0 0 0 0 0 0 0 0 0 0 0 0 0 0 0 0 0 0 0 0 0 0 0 0 0 0 0 0 0 
0 0 0 0 0 0 0 0 0 0 0 0 0 0 3 3 2 5 2 3 5 6 1 3 1 1 3 2 1 1 1 1 4 4 6 2 4 4 10 5 4 2 5 4 4 4 5 8 6 5 7 9 11 7 10 11 12 12 17 18 19 22 25 42 58 7 0 0 0 0 0 0 0 0 0 0 0 0 0 0 0 0 0 0 0 0 0 0 0 0 0 0 0 0 0 0 0 0 0 0 
0 0 0 0 0 0 0 0 0 0 0 0 0 0 0 4 2 2 3 3 1 1 3 4 2 1 2 3 1 3 2 3 5 1 4 4 5 3 5 3 4 4 4 5 3 4 4 1 6 6 10 0 7 10 9 5 18 9 14 10 13 8 22 20 43 33 4 0 0 0 0 0 0 0 0 0 0 0 0 0 0 0 0 0 0 0 0 0 0 0 0 0 0 0 0 0 0 0 0 0 
0 0 0 0 0 0 0 0 0 0 0 0 0 0 0 3 2 3 1 3 3 3 0 1 0 0 0 0 1 0 2 3 2 3 1 2 3 1 3 6 2 5 4 4 8 5 2 6 2 2 4 9 4 5 4 6 8 9 7 11 11 13 7 22 21 36 14 0 0 0 0 0 0 0 0 0 0 0 0 0 0 0 0 0 0 0 0 0 0 0 0 0 0 0 0 0 0 0 0 0 
0 0 0 0 0 0 0 0 0 0 0 0 0 0 0 0 1 2 1 2 0 0 1 1 2 0 1 0 0 2 2 2 2 2 3 0 1 3 2 3 0 5 1 4 6 1 1 5 0 4 4 5 5 4 1 11 7 8 12 4 9 9 10 20 19 22 32 7 0 0 0 0 0 0 0 0 0 0 0 0 0 0 0 0 0 0 0 0 0 0 0 0 0 0 0 0 0 0 0 0 
0 0 0 0 0 0 0 0 0 0 0 0 0 0 0 0 0 1 2 3 0 1 0 0 1 0 2 0 0 1 1 1 4 0 3 2 2 2 1 2 2 2 1 4 0 8 0 5 3 2 2 1 2 5 2 8 7 7 8 9 14 8 10 9 13 13 29 25 1 0 0 0 0 0 0 0 0 0 0 0 0 0 0 0 0 0 0 0 0 0 0 0 0 0 0 0 0 0 0 0 
0 0 0 0 0 0 0 0 0 0 0 0 0 0 0 0 0 0 4 1 2 1 3 3 2 1 3 1 3 3 2 1 1 3 3 0 1 1 1 0 1 1 1 1 3 0 2 2 3 6 6 0 6 4 4 5 5 2 4 6 9 12 8 8 13 12 13 22 20 0 0 0 0 0 0 0 0 0 0 0 0 0 0 0 0 0 0 0 0 0 0 0 0 0 0 0 0 0 0 0 
0 0 0 0 0 0 0 0 0 0 0 0 0 0 0 0 0 0 3 3 3 0 2 1 0 4 3 0 0 0 1 0 0 0 0 0 1 1 4 4 2 1 2 4 1 3 2 3 4 2 1 3 0 3 1 5 2 1 4 6 8 8 4 6 4 6 15 22 25 2 0 0 0 0 0 0 0 0 0 0 0 0 0 0 0 0 0 0 0 0 0 0 0 0 0 0 0 0 0 0 
0 0 0 0 0 0 0 0 0 0 0 0 0 0 0 0 0 0 0 5 2 0 1 1 0 3 1 3 2 1 1 0 1 2 1 0 3 0 2 5 1 1 2 2 0 1 5 4 1 0 2 4 0 2 1 4 5 3 5 5 5 5 5 6 5 10 11 14 21 15 0 0 0 0 0 0 0 0 0 0 0 0 0 0 0 0 0 0 0 0 0 0 0 0 0 0 0 0 0 0 
0 0 0 0 0 0 0 0 0 0 0 0 0 0 0 0 0 0 0 1 1 2 2 1 1 1 2 1 2 0 2 1 0 0 0 0 3 0 2 1 2 2 1 1 2 0 0 0 1 0 1 0 3 4 3 3 6 5 1 6 2 6 2 4 3 7 11 8 12 17 4 0 0 0 0 0 0 0 0 0 0 0 0 0 0 0 0 0 0 0 0 0 0 0 0 0 0 0 0 0 
0 0 0 0 0 0 0 0 0 0 0 0 0 0 0 0 0 0 0 0 2 2 2 3 0 2 0 1 1 0 1 1 0 0 3 0 1 3 0 1 1 0 1 1 2 1 0 1 1 1 4 1 3 0 1 1 0 4 4 4 4 5 2 3 6 5 5 10 12 22 21 3 0 0 0 0 0 0 0 0 0 0 0 0 0 0 0 0 0 0 0 0 0 0 0 0 0 0 0 0 
0 0 0 0 0 0 0 0 0 0 0 0 0 0 0 0 0 0 0 0 0 3 0 2 2 0 1 3 2 1 0 1 0 1 1 0 0 1 0 1 0 1 1 1 3 1 3 1 1 5 1 2 1 2 1 1 1 3 1 3 2 1 0 6 3 3 4 11 6 16 16 2 0 0 0 0 0 0 0 0 0 0 0 0 0 0 0 0 0 0 0 0 0 0 0 0 0 0 0 0 
0 0 0 0 0 0 0 0 0 0 0 0 0 0 0 0 0 0 0 0 0 0 3 0 0 1 1 1 3 1 0 1 1 0 1 1 2 1 0 1 2 1 1 0 0 1 0 1 1 1 0 1 0 2 2 1 7 0 0 1 3 2 2 1 6 0 3 5 5 4 11 7 3 0 0 0 0 0 0 0 0 0 0 0 0 0 0 0 0 0 0 0 0 0 0 0 0 0 0 0 
0 0 0 0 0 0 0 0 0 0 0 0 0 0 0 0 0 0 0 0 0 0 1 2 1 0 0 2 1 0 1 2 0 1 3 1 1 0 0 0 1 1 1 1 0 2 0 3 0 0 1 2 1 1 0 1 1 1 1 2 4 4 0 2 1 2 3 4 1 2 8 17 5 0 0 0 0 0 0 0 0 0 0 0 0 0 0 0 0 0 0 0 0 0 0 0 0 0 0 0 
0 0 0 0 0 0 0 0 0 0 0 0 0 0 0 0 0 0 0 0 0 0 0 1 1 0 2 0 0 1 1 0 0 0 1 2 0 0 0 0 1 1 0 3 0 1 1 1 0 1 2 2 2 1 1 0 0 1 2 1 2 0 5 2 3 1 4 3 2 6 3 13 10 1 0 0 0 0 0 0 0 0 0 0 0 0 0 0 0 0 0 0 0 0 0 0 0 0 0 0 
0 0 0 0 0 0 0 0 0 0 0 0 0 0 0 0 0 0 0 0 0 0 0 0 3 2 0 1 0 1 0 1 1 1 0 1 1 0 0 1 0 0 0 0 0 1 0 2 1 1 0 1 0 1 0 2 0 1 2 1 1 1 3 3 1 0 0 5 2 4 7 9 12 9 0 0 0 0 0 0 0 0 0 0 0 0 0 0 0 0 0 0 0 0 0 0 0 0 0 0 
0 0 0 0 0 0 0 0 0 0 0 0 0 0 0 0 0 0 0 0 0 0 0 0 0 1 1 1 1 0 2 0 0 1 0 1 0 0 0 0 0 1 1 1 0 0 0 1 0 0 0 1 0 0 3 0 4 1 2 0 2 1 0 0 0 1 3 1 1 1 2 5 5 13 2 0 0 0 0 0 0 0 0 0 0 0 0 0 0 0 0 0 0 0 0 0 0 0 0 0 
0 0 0 0 0 0 0 0 0 0 0 0 0 0 0 0 0 0 0 0 0 0 0 0 1 0 0 1 2 1 0 0 1 0 0 2 0 0 0 1 2 1 2 0 0 0 0 0 0 0 0 0 0 0 1 0 1 0 3 0 1 0 0 1 0 2 1 1 0 3 3 5 3 7 2 0 0 0 0 0 0 0 0 0 0 0 0 0 0 0 0 0 0 0 0 0 0 0 0 0 
0 0 0 0 0 0 0 0 0 0 0 0 0 0 0 0 0 0 0 0 0 0 0 0 0 0 1 1 1 1 0 0 1 0 0 1 1 1 0 1 1 0 0 0 0 1 0 0 0 0 1 0 0 0 0 1 0 0 0 0 0 1 2 4 0 0 2 0 1 2 6 2 1 5 7 1 0 0 0 0 0 0 0 0 0 0 0 0 0 0 0 0 0 0 0 0 0 0 0 0 
0 0 0 0 0 0 0 0 0 0 0 0 0 0 0 0 0 0 0 0 0 0 0 0 0 0 2 0 0 1 0 1 1 0 2 0 0 0 0 0 1 0 0 0 1 0 0 0 0 0 0 0 0 0 0 0 0 1 0 3 1 0 1 2 1 0 2 1 0 0 1 2 1 5 5 4 1 0 0 0 0 0 0 0 0 0 0 0 0 0 0 0 0 0 0 0 0 0 0 0 
0 0 0 0 0 0 0 0 0 0 0 0 0 0 0 0 0 0 0 0 0 0 0 0 0 1 1 0 0 0 0 0 0 0 0 1 0 0 1 0 1 0 0 0 1 1 1 0 0 1 1 0 0 0 1 0 0 3 1 0 0 1 0 2 1 0 1 0 0 0 1 2 3 3 2 7 2 0 0 0 0 0 0 0 0 0 0 0 0 0 0 0 0 0 0 0 0 0 0 0 
0 0 0 0 0 0 0 0 0 0 0 0 0 0 0 0 0 0 0 0 0 0 0 0 0 0 0 0 0 0 0 0 0 0 0 1 1 0 0 0 2 1 3 1 1 1 0 0 1 0 0 0 0 0 0 1 0 0 0 1 0 0 0 1 2 0 3 2 0 0 1 0 1 0 3 4 0 0 0 0 0 0 0 0 0 0 0 0 0 0 0 0 0 0 0 0 0 0 0 0 
0 0 0 0 0 0 0 0 0 0 0 0 0 0 0 0 0 0 0 0 0 0 0 0 0 0 0 0 0 0 0 1 0 0 0 0 0 0 0 0 0 0 0 0 2 0 0 0 0 0 0 0 0 0 1 0 0 1 2 2 0 0 1 0 1 0 0 2 0 3 0 0 0 1 0 2 2 3 0 0 0 0 0 0 0 0 0 0 0 0 0 0 0 0 0 0 0 0 0 0 
0 0 0 0 0 0 0 0 0 0 0 0 0 0 0 0 0 0 0 0 0 0 0 0 0 0 0 0 2 1 1 0 0 0 1 0 2 1 0 0 0 0 0 0 0 0 0 0 0 1 0 0 0 0 0 0 0 0 0 0 1 0 0 0 0 1 2 0 0 0 1 0 2 3 2 1 4 3 0 0 0 0 0 0 0 0 0 0 0 0 0 0 0 0 0 0 0 0 0 0 
0 0 0 0 0 0 0 0 0 0 0 0 0 0 0 0 0 0 0 0 0 0 0 0 0 0 0 0 1 1 1 1 0 0 1 0 1 0 0 0 0 0 0 0 0 1 0 0 0 0 0 0 0 0 0 0 0 0 3 0 0 0 1 1 2 0 1 1 0 1 1 0 0 0 1 0 2 3 3 0 0 0 0 0 0 0 0 0 0 0 0 0 0 0 0 0 0 0 0 0 
0 0 0 0 0 0 0 0 0 0 0 0 0 0 0 0 0 0 0 0 0 0 0 0 0 0 0 0 0 0 0 0 0 0 1 2 0 0 0 0 0 0 0 0 0 0 0 0 0 0 0 0 0 0 0 0 0 0 0 0 0 0 0 0 0 0 0 1 1 1 0 2 0 2 0 0 0 0 2 1 0 0 0 0 0 0 0 0 0 0 0 0 0 0 0 0 0 0 0 0 
0 0 0 0 0 0 0 0 0 0 0 0 0 0 0 0 0 0 0 0 0 0 0 0 0 0 0 0 0 0 1 1 0 0 0 0 0 0 0 0 0 0 0 1 0 0 0 0 1 0 1 0 0 0 0 0 0 0 0 0 0 0 0 0 0 0 0 0 0 1 1 0 1 0 1 1 0 2 1 1 0 0 0 0 0 0 0 0 0 0 0 0 0 0 0 0 0 0 0 0 
0 0 0 0 0 0 0 0 0 0 0 0 0 0 0 0 0 0 0 0 0 0 0 0 0 0 0 0 0 0 1 1 0 0 0 0 1 0 0 1 0 0 0 0 0 0 2 0 1 1 0 0 0 0 0 0 0 0 0 0 0 0 0 0 0 0 0 0 0 0 1 1 1 0 1 0 0 0 1 1 0 0 0 0 0 0 0 0 0 0 0 0 0 0 0 0 0 0 0 0 
0 0 0 0 0 0 0 0 0 0 0 0 0 0 0 0 0 0 0 0 0 0 0 0 0 0 0 0 0 0 0 0 0 0 0 0 0 0 0 0 0 0 1 0 1 0 0 0 0 0 0 0 0 0 0 0 0 0 0 0 0 0 1 0 0 0 0 0 0 0 2 0 0 0 0 1 1 1 1 1 3 0 0 0 0 0 0 0 0 0 0 0 0 0 0 0 0 0 0 0 
0 0 0 0 0 0 0 0 0 0 0 0 0 0 0 0 0 0 0 0 0 0 0 0 0 0 0 0 0 0 0 1 1 0 0 0 0 0 0 0 1 0 0 0 0 0 0 0 0 0 0 1 1 1 0 3 0 0 0 1 0 1 0 0 2 0 0 0 1 0 0 1 0 0 1 1 0 0 0 0 3 0 0 0 0 0 0 0 0 0 0 0 0 0 0 0 0 0 0 0 
0 0 0 0 0 0 0 0 0 0 0 0 0 0 0 0 0 0 0 0 0 0 0 0 0 0 0 0 0 0 0 0 1 0 0 0 0 0 0 0 0 0 0 0 0 0 1 0 0 0 1 0 0 1 0 0 0 0 0 0 0 0 0 0 0 0 0 0 0 0 0 0 0 0 0 0 0 1 1 4 1 1 0 0 0 0 0 0 0 0 0 0 0 0 0 0 0 0 0 0 
0 0 0 0 0 0 0 0 0 0 0 0 0 0 0 0 0 0 0 0 0 0 0 0 0 0 0 0 0 0 0 0 0 0 0 0 0 0 0 0 0 0 0 0 0 0 0 0 0 1 1 0 0 0 0 0 1 0 0 0 0 0 2 0 0 0 1 0 1 2 0 0 0 1 0 1 0 0 0 1 0 0 0 0 0 0 0 0 0 0 0 0 0 0 0 0 0 0 0 0 
0 0 0 0 0 0 0 0 0 0 0 0 0 0 0 0 0 0 0 0 0 0 0 0 0 0 0 0 0 0 0 0 0 1 0 0 1 0 0 0 0 0 0 0 0 0 0 0 0 0 0 0 0 0 0 0 0 1 0 0 0 0 0 0 1 0 0 0 0 1 0 0 0 0 0 0 2 1 2 0 1 1 0 0 0 0 0 0 0 0 0 0 0 0 0 0 0 0 0 0 
0 0 0 0 0 0 0 0 0 0 0 0 0 0 0 0 0 0 0 0 0 0 0 0 0 0 0 0 0 0 0 0 0 0 0 0 1 1 0 0 0 0 0 0 0 0 0 0 0 0 0 0 0 0 0 0 0 0 1 0 0 0 0 0 0 0 0 0 0 0 0 0 1 0 0 0 0 0 1 1 2 1 2 0 0 0 0 0 0 0 0 0 0 0 0 0 0 0 0 0 
