# Format: McCode with text headers
# URL: http://www.mccode.org
# Creator:  3.7.12, git
# Instrument: /opt/homebrew/Caskroom/miniconda/base/envs/mcstas/share/mcstas/resources/examples/Templates/templateSANS/templateSANS.instr
# Ncount: 1000000
# Trace: no
# Gravitation: no
# Seed: 1234
# Directory: /Users/ldq/Work/McStasBench/benchmark/refcache/T1_templateSANS_work/ref_20260724_153341_94648_25
# Param: lambda=6
# Param: dlambda=0.05
# Param: r=100
# Param: PHI=0.001
# Param: Delta_Rho=0.6
# Param: sigma_abs=0.5
# Date: Fri Jul 24 15:33:44 2026 (1784925224)
# type: array_2d(128, 128)
# Source: templateSANS (/opt/homebrew/Caskroom/miniconda/base/envs/mcstas/share/mcstas/resources/examples/Templates/templateSANS/templateSANS.instr)
# component: detector
# position: 0 0 9.2
# title: PSD monitor
# Ncount: 1000000
# filename: PSD.dat
# statistics: X0=0.00664778; dX=5.04341; Y0=-0.00280904; dY=5.05123;
# signal: Min=0; Max=0.000141683; Mean=2.75706e-06;
# values: 0.0451716 0.000265475 472917
# xvar: X 
# yvar: Y 
# xlabel: X position [cm]
# ylabel: Y position [cm]
# zvar: I
# zlabel: Signal per bin
# xylimits: -30 30 -30 30
# variables: I I_err N
# Data [detector/PSD.dat] I:
4.946438168e-09 4.466815313e-09 1.708639607e-09 1.105663391e-09 7.528519548e-10 1.107858681e-09 1.913630076e-09 2.196796001e-09 3.682029475e-09 6.689231615e-09 8.047670676e-09 1.341435143e-08 1.073708497e-08 1.340535663e-08 1.791677381e-08 2.172128949e-08 3.131034994e-08 2.237538817e-08 3.068485329e-08 2.338301882e-08 2.513274672e-08 3.085907891e-08 4.301316619e-08 3.081929178e-08 3.084254573e-08 3.592515384e-08 2.345907952e-08 3.647584902e-08 2.494957337e-08 2.719845775e-08 2.178868422e-08 1.789539059e-08 1.649830558e-08 2.027435057e-08 1.11798365e-08 1.101398503e-08 6.542806706e-09 7.224613006e-09 3.854843751e-09 5.315104347e-09 4.41523015e-09 2.964832323e-09 3.195977368e-09 2.427136534e-09 2.051707934e-09 3.317609878e-09 5.530634189e-09 6.799817722e-09 5.870173383e-09 9.443417264e-09 1.114771407e-08 8.972659748e-09 1.492431643e-08 1.232536978e-08 1.494463418e-08 1.175981702e-08 1.826307812e-08 2.172410246e-08 2.577445299e-08 2.099847043e-08 1.773521332e-08 1.823637657e-08 2.708416459e-08 2.079188421e-08 2.552888525e-08 2.098376519e-08 3.110711452e-08 2.110287704e-08 2.720834374e-08 2.713765139e-08 1.618639626e-08 1.895568622e-08 1.394987021e-08 1.438509605e-08 1.331652916e-08 1.021592363e-08 1.02602273e-08 7.389297584e-09 9.71696071e-09 6.539905099e-09 5.796280182e-09 3.468471854e-09 1.725313452e-09 3.998883544e-09 9.914949326e-10 1.418634336e-09 1.986112701e-09 3.176300318e-09 2.233566864e-09 4.937120226e-09 4.769394634e-09 6.585704277e-09 1.051450628e-08 1.226115564e-08 1.417115271e-08 1.919394304e-08 1.633755644e-08 2.137385129e-08 2.379615318e-08 2.566835274e-08 2.856164542e-08 2.900504899e-08 3.004686096e-08 2.380518558e-08 3.189653405e-08 2.621968171e-08 4.051207281e-08 4.224068587e-08 3.176970327e-08 3.424206647e-08 2.427752378e-08 2.38136467e-08 2.319794075e-08 2.137569066e-08 1.824302894e-08 1.371526925e-08 5.7456656e-09 5.631119179e-09 5.892148463e-09 3.69926996e-09 1.290356467e-09 2.03369249e-09 1.183969645e-09 1.052359654e-09 1.74408495e-09 2.362601934e-09 4.273923291e-09 3.889558662e-09 
2.510735832e-09 3.511169055e-09 7.571869654e-10 6.849859199e-10 1.291673181e-09 2.302563993e-09 1.933350888e-09 3.185281458e-09 4.619716594e-09 5.405742558e-09 1.249788826e-08 2.360446282e-08 1.832909611e-08 2.398442371e-08 1.514560284e-08 3.19109288e-08 3.078076611e-08 3.945373436e-08 2.802511458e-08 4.17059945e-08 3.748718038e-08 4.091990384e-08 3.149338437e-08 3.860877312e-08 3.461933573e-08 3.037230523e-08 3.340294917e-08 3.652260705e-08 1.799939837e-08 2.071041096e-08 1.675615663e-08 7.848155393e-09 1.448772738e-08 1.21713609e-08 1.164248747e-08 6.316876954e-09 4.046287607e-09 4.465260972e-09 2.585576601e-09 3.262730799e-09 3.010929134e-09 4.430788573e-09 3.778247612e-09 5.773306998e-09 7.486969512e-09 1.03199669e-08 4.64068356e-09 1.120092656e-08 1.517731446e-08 1.715096947e-08 1.869918416e-08 1.778672293e-08 2.908438854e-08 2.965398718e-08 3.121866773e-08 3.250153661e-08 3.030559498e-08 2.328419534e-08 3.186503421e-08 2.352365267e-08 3.59394683e-08 2.90600886e-08 2.93061448e-08 3.95708191e-08 3.889277105e-08 3.700097597e-08 2.729959633e-08 2.85145006e-08 2.999236566e-08 2.794663561e-08 1.920929218e-08 2.736225076e-08 1.664900892e-08 1.821051054e-08 2.047785211e-08 1.798850021e-08 3.074300527e-08 1.473516898e-08 1.826558538e-08 1.898684464e-08 7.741987323e-09 9.576841953e-09 9.341733865e-09 7.00962866e-09 3.163877486e-09 3.961388589e-09 2.602694833e-09 1.631779208e-09 1.857008067e-09 1.940001517e-09 3.022275775e-09 3.590330583e-09 8.697237534e-09 6.66928547e-09 1.247988458e-08 1.27692629e-08 1.945997792e-08 2.436588001e-08 1.436865514e-08 2.263490987e-08 2.487840236e-08 3.198470438e-08 2.83412944e-08 2.702056424e-08 2.649904537e-08 2.113943671e-08 4.047621831e-08 2.984526323e-08 3.349218761e-08 3.880371799e-08 3.628307951e-08 2.157916037e-08 3.230892115e-08 1.64952935e-08 1.919641471e-08 1.580413047e-08 1.869922795e-08 1.212609498e-08 8.567227627e-09 4.14364201e-09 4.076123385e-09 2.946958713e-09 1.78552872e-09 1.026699253e-09 7.053854944e-10 1.664909314e-09 2.015530294e-09 3.434031151e-09 
3.319114554e-09 9.022167919e-10 1.336057613e-09 1.165558612e-09 8.707291211e-10 3.362241433e-09 5.455312008e-09 7.21667578e-09 1.018436634e-08 7.903886815e-09 1.535151185e-08 1.625467189e-08 2.015418657e-08 2.153843279e-08 3.378760806e-08 3.071808476e-08 4.449406497e-08 2.973483965e-08 3.762200625e-08 2.800254736e-08 3.885377133e-08 2.197507125e-08 2.960111745e-08 3.289154643e-08 2.567389235e-08 2.223270667e-08 2.43617546e-08 1.880200391e-08 1.84065527e-08 1.920084344e-08 9.006187421e-09 9.738513085e-09 7.524799166e-09 3.252814066e-09 3.289222671e-09 3.011519913e-09 2.643622171e-09 2.655162899e-09 3.596663567e-09 6.041483392e-09 6.505154048e-09 7.951293872e-09 6.147007252e-09 1.345623388e-08 9.928687934e-09 1.168509375e-08 1.502451393e-08 1.987856834e-08 2.522175276e-08 3.175089948e-08 3.168063843e-08 4.315170879e-08 3.225802607e-08 4.987944189e-08 2.981016648e-08 4.303145339e-08 3.779226459e-08 4.115781092e-08 3.940757078e-08 5.830311718e-08 4.268572235e-08 6.01529813e-08 5.897923876e-08 6.195439189e-08 5.158391374e-08 6.02999452e-08 3.197271701e-08 4.798670853e-08 5.188162252e-08 5.950079348e-08 4.526819789e-08 2.786557462e-08 3.05457552e-08 3.353179782e-08 3.694512053e-08 4.519721898e-08 3.248586629e-08 2.7004089e-08 3.283118854e-08 2.731395391e-08 1.887015692e-08 2.247842166e-08 1.828201133e-08 1.30878721e-08 6.394615767e-09 7.602926809e-09 7.587913631e-09 5.974910498e-09 4.887606919e-09 2.22695125e-09 2.34694327e-09 3.015177985e-09 1.824350236e-09 5.182953795e-09 4.34265782e-09 4.749479875e-09 1.235879284e-08 1.18604172e-08 9.47255528e-09 1.689720102e-08 2.516579874e-08 2.912989556e-08 2.664348114e-08 2.852042517e-08 3.885794108e-08 3.352047798e-08 4.036456594e-08 3.995392233e-08 2.851955011e-08 2.034232819e-08 3.864672921e-08 3.969924974e-08 1.931688854e-08 2.715371449e-08 2.09246211e-08 2.30831231e-08 2.570865848e-08 8.831466611e-09 1.105761613e-08 1.256962544e-08 5.781807365e-09 5.442259215e-09 3.316143539e-09 1.477953337e-09 1.026964673e-09 1.050179691e-09 1.477354162e-09 3.070449634e-09 
1.49499092e-09 6.3456055e-10 1.018443075e-09 1.622250168e-09 2.58145578e-09 2.767668025e-09 5.931034055e-09 8.263301174e-09 1.180191062e-08 1.521948508e-08 2.14947491e-08 2.060579348e-08 2.320335869e-08 2.470804513e-08 2.66665074e-08 2.690107636e-08 3.086118184e-08 3.836989836e-08 3.748383154e-08 3.171395497e-08 3.665412787e-08 3.124722634e-08 2.586135013e-08 2.523345015e-08 2.625248724e-08 2.567157985e-08 2.227578974e-08 1.069310729e-08 1.208036755e-08 1.767006299e-08 4.388946073e-09 7.179707058e-09 6.247494164e-09 1.771742587e-09 2.672893793e-09 1.928434546e-09 2.234604309e-09 3.318305283e-09 4.336277455e-09 7.244224616e-09 1.357430466e-08 1.356845007e-08 1.318179368e-08 1.808237883e-08 2.384037106e-08 2.586127849e-08 2.231126818e-08 2.887856666e-08 2.948675074e-08 3.59356744e-08 4.598873977e-08 3.688893201e-08 6.078280382e-08 5.594700707e-08 6.193013628e-08 7.239961095e-08 6.623216511e-08 7.197488411e-08 7.317164576e-08 7.467675152e-08 6.317792709e-08 7.190052585e-08 9.111299743e-08 7.49561342e-08 5.654974358e-08 5.725554246e-08 5.494725696e-08 7.952251951e-08 7.404761259e-08 5.908311249e-08 4.521485735e-08 4.440614917e-08 5.30336265e-08 3.710497787e-08 5.262424314e-08 4.223820232e-08 3.814262892e-08 5.240729166e-08 4.12039156e-08 3.821074685e-08 2.427424074e-08 3.496195391e-08 3.023168915e-08 3.186868895e-08 1.911373554e-08 1.410815273e-08 1.689473798e-08 1.244173146e-08 1.293358751e-08 4.015721679e-09 3.562361125e-09 2.509288937e-09 2.551668859e-09 3.131385995e-09 1.986417778e-09 3.509343928e-09 8.208265265e-09 6.610811252e-09 7.292788783e-09 1.025223232e-08 1.827588422e-08 2.153807093e-08 1.630714564e-08 2.596031407e-08 3.151136277e-08 2.034089579e-08 2.010450503e-08 2.252146069e-08 4.341848088e-08 2.170801202e-08 3.526245273e-08 2.119521896e-08 2.539206614e-08 3.202422358e-08 2.49871419e-08 2.187346388e-08 2.826850132e-08 1.539312739e-08 1.662430004e-08 1.10142778e-08 1.061438938e-08 3.798259378e-09 5.207490544e-09 4.184025279e-09 1.719591264e-09 5.969491421e-10 1.155434241e-09 8.809829206e-10 
7.632667975e-10 7.034947803e-10 9.18663322e-10 3.234280696e-09 3.443855158e-09 5.583186607e-09 8.629000603e-09 7.687444899e-09 1.626206087e-08 2.138073983e-08 2.699372961e-08 2.351572083e-08 3.361050945e-08 3.271490993e-08 3.869904683e-08 2.177226365e-08 2.624827042e-08 3.884701065e-08 2.984669145e-08 2.517928939e-08 4.364272488e-08 2.487215699e-08 1.446744929e-08 2.66875474e-08 2.241267384e-08 1.723598827e-08 1.518457329e-08 1.29708736e-08 9.366247278e-09 4.736644019e-09 2.791055363e-09 1.526388751e-09 1.656342421e-09 3.386935194e-09 4.042318163e-09 5.508621478e-09 6.329072103e-09 1.025094336e-08 6.374283969e-09 1.49333624e-08 1.381620111e-08 2.127767553e-08 2.510930701e-08 1.972870538e-08 3.073251166e-08 4.609962423e-08 4.224129938e-08 3.782608832e-08 4.397619601e-08 5.067068136e-08 4.313951561e-08 5.355555305e-08 6.913454572e-08 6.288967604e-08 5.22635409e-08 6.424302843e-08 8.00798541e-08 8.211902763e-08 5.363429339e-08 8.448891452e-08 8.218411545e-08 9.734142648e-08 1.171909791e-07 1.0483663e-07 6.253630115e-08 9.77182342e-08 6.489363858e-08 8.664676338e-08 5.536889612e-08 5.960572756e-08 6.613212689e-08 9.160649202e-08 5.186364765e-08 8.054455974e-08 6.913858121e-08 5.714720624e-08 8.334840188e-08 7.384791284e-08 6.492734225e-08 6.330718787e-08 2.925969624e-08 5.113705269e-08 5.729336137e-08 3.115875803e-08 2.723735058e-08 3.192907992e-08 3.00850782e-08 2.223758209e-08 1.836035745e-08 1.245698729e-08 1.255287366e-08 6.576550849e-09 3.165168512e-09 1.838595318e-09 2.491363696e-09 2.867853952e-09 5.412829521e-09 4.405814155e-09 5.696289412e-09 1.317307526e-08 1.045862502e-08 1.30054762e-08 1.386465694e-08 2.005129091e-08 3.057595793e-08 1.744335506e-08 2.673955095e-08 3.307681193e-08 3.528495925e-08 3.700167685e-08 3.820276829e-08 3.596462126e-08 2.420540467e-08 3.694915812e-08 1.713809443e-08 3.120764597e-08 2.35283302e-08 1.397433526e-08 1.483367412e-08 1.103697959e-08 1.446428553e-08 9.963511852e-09 7.531226457e-09 3.982130844e-09 3.171391125e-09 1.489831991e-09 1.145438955e-09 1.024125846e-09 
5.550096327e-10 1.663121968e-09 2.428153878e-09 2.894905833e-09 7.201874796e-09 1.077661748e-08 1.50029633e-08 2.013521476e-08 1.734576227e-08 1.993338707e-08 2.122635953e-08 2.198197345e-08 4.148050957e-08 3.121029858e-08 3.920161782e-08 2.907780327e-08 4.053756195e-08 2.468506166e-08 2.354151969e-08 2.744349866e-08 3.026220665e-08 3.284609314e-08 2.519202233e-08 1.720949868e-08 1.65376114e-08 1.056004487e-08 7.883389667e-09 5.455082637e-09 6.489200403e-09 3.54562054e-09 2.501126427e-09 4.424189347e-09 3.809689116e-09 4.173266982e-09 9.612818605e-09 6.539384424e-09 7.974508103e-09 1.442699519e-08 1.983218984e-08 1.915597035e-08 3.941106591e-08 4.241041059e-08 4.341253302e-08 5.693858695e-08 3.996206984e-08 5.264537672e-08 4.211973943e-08 4.504771151e-08 9.540008996e-08 9.590931197e-08 8.212852937e-08 9.541015343e-08 6.492908615e-08 9.271837255e-08 1.15967848e-07 8.194329865e-08 7.72183603e-08 8.33507246e-08 1.010031235e-07 1.07681054e-07 1.145503961e-07 1.323355911e-07 9.11184528e-08 9.071612819e-08 8.844028314e-08 7.309331078e-08 1.042883204e-07 7.662467117e-08 1.127190025e-07 1.182342156e-07 1.01398006e-07 8.593761755e-08 7.616555461e-08 8.294990406e-08 1.079820946e-07 5.897423404e-08 7.79374503e-08 7.696776121e-08 6.961165604e-08 6.865984371e-08 8.74438993e-08 6.526690077e-08 6.064450899e-08 5.010577667e-08 4.161780135e-08 3.011592364e-08 3.251964273e-08 2.229277257e-08 2.14043914e-08 1.46016249e-08 1.245296764e-08 1.346461983e-08 9.042993777e-09 5.556726625e-09 4.487877604e-09 4.681382809e-09 4.344619401e-09 2.900487605e-09 4.19312003e-09 4.835815988e-09 1.036110562e-08 6.703516695e-09 9.966850911e-09 1.315697871e-08 1.788320887e-08 2.752667332e-08 1.710617178e-08 2.157333649e-08 4.055880736e-08 3.113930476e-08 3.286154308e-08 3.293016813e-08 2.841837383e-08 2.949329587e-08 2.441558271e-08 2.707224334e-08 3.382622148e-08 1.95088035e-08 2.400092841e-08 1.792407878e-08 1.789348791e-08 1.378296492e-08 1.061006702e-08 8.398133502e-09 3.481389669e-09 2.036519595e-09 1.431810128e-09 1.303698458e-09 
1.312548098e-09 4.255409027e-09 2.846932367e-09 6.05334926e-09 9.940604609e-09 1.000193449e-08 1.508020709e-08 1.543967425e-08 2.08538939e-08 3.561341074e-08 2.139821121e-08 3.286327192e-08 3.168626644e-08 4.028732226e-08 3.83597542e-08 3.291438922e-08 3.366149491e-08 2.073820628e-08 3.216109223e-08 2.789068541e-08 2.757893444e-08 2.066136956e-08 1.597494597e-08 1.556040769e-08 6.272482299e-09 8.563698257e-09 9.740804064e-09 5.443814759e-09 4.886806709e-09 2.259017636e-09 2.371235877e-09 3.242958606e-09 4.35218174e-09 8.097718306e-09 1.091066561e-08 1.010107474e-08 2.67819963e-08 1.996233384e-08 4.17995711e-08 3.341771841e-08 4.501743841e-08 3.550674984e-08 5.183136441e-08 4.630314988e-08 4.20072102e-08 8.133233347e-08 7.502792314e-08 8.879509616e-08 6.884541697e-08 8.572688474e-08 7.709328875e-08 1.009113299e-07 8.303481245e-08 8.55408091e-08 8.657537827e-08 9.161429368e-08 1.053489006e-07 1.098217617e-07 1.23937714e-07 1.096473729e-07 7.43907905e-08 1.305427124e-07 1.151039744e-07 1.356270124e-07 1.207281992e-07 1.165498259e-07 1.133184742e-07 9.747390352e-08 1.093366864e-07 9.349466521e-08 1.264692764e-07 8.985167564e-08 9.213484675e-08 8.405143461e-08 9.63131615e-08 8.374697353e-08 1.308296273e-07 8.903691196e-08 6.479380319e-08 9.420970767e-08 7.089306792e-08 5.236649327e-08 6.143242821e-08 7.764388988e-08 4.372744931e-08 3.320133206e-08 4.021559075e-08 3.970685336e-08 3.975617141e-08 2.375198585e-08 3.042846877e-08 2.587690385e-08 1.842999324e-08 1.319781646e-08 1.151835309e-08 7.065038891e-09 5.340113508e-09 3.009853456e-09 1.784847301e-09 2.503885341e-09 4.654415771e-09 5.703053044e-09 1.014666684e-08 1.04650291e-08 1.327563601e-08 1.584747036e-08 1.88278427e-08 2.651860305e-08 3.011869291e-08 3.351203975e-08 2.669232458e-08 3.821948838e-08 2.841485009e-08 4.531418918e-08 2.945880449e-08 2.655574364e-08 2.628477771e-08 2.287715311e-08 2.395770179e-08 1.867963139e-08 1.6788026e-08 2.589974624e-08 9.77909524e-09 1.303981187e-08 7.761854344e-09 4.535386696e-09 1.530163297e-09 7.883997453e-10 
4.79105099e-09 5.250676868e-09 9.513201871e-09 9.5977559e-09 1.457170903e-08 8.289588137e-09 2.317512479e-08 2.01297478e-08 4.005376242e-08 2.906400905e-08 3.088593979e-08 3.625176653e-08 4.009276095e-08 2.516978083e-08 4.576776077e-08 3.17045416e-08 2.98707205e-08 3.149107314e-08 2.622365763e-08 2.622852857e-08 2.669064226e-08 1.077757273e-08 1.350961224e-08 1.171543845e-08 7.000552277e-09 4.719274683e-09 4.929991421e-09 2.434116992e-09 2.697107141e-09 3.966797354e-09 5.677614506e-09 7.239997346e-09 1.038734842e-08 1.317791855e-08 2.395184021e-08 3.083975019e-08 2.842193269e-08 3.181715083e-08 3.693241742e-08 4.110242223e-08 6.177893172e-08 6.491044213e-08 9.239575867e-08 6.671169749e-08 7.715393976e-08 6.527798688e-08 1.039534209e-07 1.033716687e-07 9.830812573e-08 7.15912517e-08 1.095626206e-07 8.665454324e-08 8.23143096e-08 9.433663277e-08 1.298563221e-07 1.098648416e-07 1.028621207e-07 1.484820848e-07 1.228588621e-07 1.234164026e-07 1.039141421e-07 1.106636501e-07 1.280212471e-07 1.006655584e-07 1.257679998e-07 1.0381923e-07 1.271267014e-07 7.066527463e-08 1.212391289e-07 1.32255652e-07 1.120078013e-07 9.054266864e-08 1.241278308e-07 1.126776943e-07 1.311442797e-07 9.243795887e-08 1.026262722e-07 1.372400286e-07 1.059739397e-07 9.735147981e-08 9.555472555e-08 9.791811212e-08 9.973148876e-08 7.608136995e-08 5.570772168e-08 5.124530795e-08 7.134865478e-08 4.738863596e-08 5.94001811e-08 4.030894018e-08 4.140771653e-08 3.61194516e-08 2.318028979e-08 2.029233409e-08 1.821934516e-08 8.540924527e-09 3.498087224e-09 3.720005692e-09 2.319495683e-09 1.636643189e-09 3.214668968e-09 2.622756238e-09 4.917151806e-09 6.937591652e-09 6.788305297e-09 1.761119973e-08 1.613117868e-08 1.600999671e-08 2.021945549e-08 2.250884282e-08 3.088959312e-08 4.453500141e-08 2.670202116e-08 2.854183011e-08 3.633862884e-08 2.533398707e-08 3.170970671e-08 2.214673725e-08 3.087308115e-08 3.231406795e-08 1.752628167e-08 2.861891746e-08 1.529274631e-08 1.127586269e-08 7.512636023e-09 5.55111297e-09 2.978456679e-09 2.312329869e-09 
5.049111532e-09 4.70181036e-09 8.376447664e-09 1.159903313e-08 1.431689243e-08 1.649998294e-08 2.064999207e-08 2.332219065e-08 2.567286403e-08 2.485568883e-08 3.608563413e-08 3.636399236e-08 2.802901025e-08 3.547144836e-08 3.149763464e-08 3.453567657e-08 3.183569825e-08 2.003882931e-08 1.885999265e-08 1.413338262e-08 1.714239639e-08 1.063416661e-08 1.016786037e-08 6.018529104e-09 3.5918963e-09 1.685115386e-09 1.795644817e-09 2.312807447e-09 3.733663885e-09 6.298699727e-09 1.02414484e-08 1.403418267e-08 2.155100873e-08 1.962023977e-08 3.069515261e-08 3.456408051e-08 3.489156398e-08 4.699328436e-08 5.134223292e-08 6.655949993e-08 7.025825598e-08 6.627744933e-08 5.370104404e-08 8.833801546e-08 1.342439359e-07 7.817099037e-08 8.863133071e-08 1.150416011e-07 8.779383301e-08 1.048176925e-07 1.572249618e-07 1.295550954e-07 1.587341926e-07 1.185954698e-07 1.167386771e-07 1.588647197e-07 1.674434091e-07 1.009233599e-07 1.062396631e-07 1.010715735e-07 1.289410196e-07 1.179938367e-07 9.976693702e-08 1.149175846e-07 9.125623391e-08 9.903864902e-08 1.204659014e-07 1.239742033e-07 1.315799272e-07 8.958932672e-08 1.194063948e-07 8.894197301e-08 1.837610778e-07 8.826659646e-08 1.446569568e-07 1.485981312e-07 1.13076483e-07 1.043145967e-07 1.211284127e-07 9.028141642e-08 9.382609179e-08 1.060552314e-07 8.171836118e-08 8.74746085e-08 1.104362763e-07 6.649096129e-08 7.99149477e-08 9.10018792e-08 7.921974102e-08 5.098915449e-08 4.647360236e-08 4.452922292e-08 2.42726615e-08 3.507205369e-08 3.284380929e-08 1.422908739e-08 9.523266382e-09 1.01941819e-08 9.798979337e-09 5.581271804e-09 1.598760889e-09 3.276776859e-09 3.84153369e-09 4.748791894e-09 8.003920137e-09 1.132373918e-08 9.366019177e-09 1.076807524e-08 1.468400138e-08 3.048454916e-08 2.34107206e-08 3.236131858e-08 3.589722622e-08 3.708849146e-08 4.574860627e-08 3.28064753e-08 3.311633242e-08 4.730063082e-08 3.001880663e-08 1.850530425e-08 2.62714013e-08 2.998657659e-08 2.14656916e-08 1.536787094e-08 1.056776471e-08 1.183185455e-08 5.736532096e-09 5.027402152e-09 
4.196979548e-09 8.860636276e-09 7.791031267e-09 1.786197783e-08 1.750521069e-08 2.325279326e-08 2.748868445e-08 2.445770544e-08 3.517328246e-08 2.605723938e-08 3.384348769e-08 3.705231676e-08 4.173033684e-08 3.012287307e-08 3.724090821e-08 2.610701237e-08 2.858977119e-08 2.027661981e-08 1.846132592e-08 1.440309827e-08 1.310754914e-08 7.798825779e-09 4.370605827e-09 2.765972452e-09 1.805141499e-09 3.88804033e-09 2.838747107e-09 5.737089748e-09 5.434325405e-09 7.031791691e-09 1.863069775e-08 2.955898262e-08 4.422992961e-08 2.57971636e-08 3.047318593e-08 7.099009802e-08 6.418363043e-08 9.229775659e-08 6.301876712e-08 6.463443265e-08 6.267373867e-08 9.894476577e-08 9.274748009e-08 6.804957804e-08 7.469494377e-08 1.164665089e-07 8.798526094e-08 1.210545017e-07 1.009167067e-07 7.433251461e-08 1.585800735e-07 1.115147957e-07 1.435436386e-07 1.073351668e-07 8.547204632e-08 6.613914019e-08 1.014436538e-07 6.467246183e-08 1.208237257e-07 1.232151597e-07 1.162539291e-07 7.922591707e-08 1.043643896e-07 1.451068886e-07 8.792866893e-08 8.867914387e-08 1.518915079e-07 1.145994453e-07 1.09823242e-07 1.002320219e-07 1.031252946e-07 1.03381974e-07 1.04311603e-07 1.252068795e-07 1.013788903e-07 1.225881572e-07 8.774793251e-08 1.317158785e-07 9.398648822e-08 1.252189572e-07 1.139997336e-07 1.247801159e-07 1.130875245e-07 5.766890193e-08 8.681839129e-08 9.097952294e-08 8.765923423e-08 7.981956936e-08 7.076638999e-08 7.477012488e-08 6.364849186e-08 4.661527781e-08 4.65840353e-08 3.299236959e-08 3.671057771e-08 2.948833861e-08 2.242460864e-08 1.576287416e-08 5.706493677e-09 6.921086171e-09 6.123857403e-09 4.993572559e-09 3.22166439e-09 2.926863033e-09 3.242792846e-09 4.790925573e-09 5.771663358e-09 1.003721778e-08 1.956632506e-08 2.135688724e-08 1.655055627e-08 2.25568386e-08 3.257839561e-08 2.862962487e-08 4.380464588e-08 3.749738383e-08 3.57546335e-08 3.37515781e-08 4.863322287e-08 2.776529852e-08 3.03297623e-08 2.28741157e-08 2.406720879e-08 1.741937816e-08 1.53756649e-08 1.280825104e-08 8.00666545e-09 5.594455064e-09 
7.573125807e-09 8.851715138e-09 1.425902093e-08 1.793596678e-08 1.80744602e-08 1.99166263e-08 2.964949964e-08 2.527106401e-08 3.040507746e-08 3.338101875e-08 2.474969403e-08 3.796668019e-08 4.313649194e-08 2.324073447e-08 2.513386591e-08 3.080675002e-08 2.487995749e-08 2.255856192e-08 1.148247163e-08 1.136877284e-08 7.630974526e-09 3.077378346e-09 3.976929686e-09 2.527709524e-09 1.235673865e-09 4.956617884e-09 4.496706371e-09 5.465214147e-09 2.082724462e-08 2.639771168e-08 3.639825479e-08 4.155458331e-08 3.794655524e-08 4.273013926e-08 6.040805203e-08 5.378362106e-08 7.024676013e-08 9.758899569e-08 7.52995288e-08 7.231257764e-08 1.018923802e-07 1.291682183e-07 1.210851505e-07 6.734734896e-08 1.432218191e-07 7.826278362e-08 1.063104397e-07 1.403967038e-07 8.889372808e-08 1.000529269e-07 1.072075378e-07 9.95649716e-08 1.019852646e-07 1.043827306e-07 1.088919566e-07 9.001371022e-08 9.486859786e-08 1.387261799e-07 1.37167362e-07 9.693031369e-08 1.192732069e-07 9.649541531e-08 1.053994391e-07 9.271328946e-08 1.178080372e-07 1.142852445e-07 7.739361563e-08 6.715920034e-08 1.370436149e-07 1.433485934e-07 1.045525522e-07 1.28907461e-07 1.062609421e-07 1.247644706e-07 1.113639177e-07 7.729644263e-08 1.248713965e-07 8.685304831e-08 1.037903577e-07 1.093726607e-07 1.069188242e-07 1.338261757e-07 1.205816123e-07 9.404255357e-08 7.803424084e-08 9.004469327e-08 9.649113625e-08 8.785812405e-08 7.925825392e-08 8.292201604e-08 8.291150185e-08 6.119318789e-08 5.096257953e-08 6.410588598e-08 3.941918261e-08 4.649168285e-08 2.527737481e-08 1.601137943e-08 1.576850489e-08 1.657551322e-08 1.365604378e-08 6.161196443e-09 6.940509482e-09 2.13982746e-09 2.861141805e-09 2.344043337e-09 4.529809721e-09 5.083547042e-09 1.540284108e-08 1.206799523e-08 1.362087736e-08 1.894670246e-08 2.948317441e-08 2.469607675e-08 2.610262007e-08 4.687159712e-08 3.520843503e-08 3.823258802e-08 3.369912446e-08 3.141469936e-08 2.882002736e-08 2.901294132e-08 3.249266666e-08 2.849493679e-08 1.467132085e-08 1.425922408e-08 1.4178927e-08 6.197513291e-09 
9.884168392e-09 1.529951871e-08 1.568758549e-08 2.500433501e-08 2.185910453e-08 2.159765004e-08 3.027759819e-08 3.530998269e-08 3.779093376e-08 2.839946053e-08 3.598779268e-08 2.364206059e-08 3.737396306e-08 3.095122259e-08 2.393521133e-08 1.86966039e-08 1.624834348e-08 1.083524113e-08 1.116599316e-08 4.785901873e-09 4.244169449e-09 1.898214549e-09 2.758495984e-09 3.57822801e-09 7.05245983e-09 8.692982133e-09 1.45769054e-08 1.749924308e-08 2.65710278e-08 3.072916099e-08 3.923476167e-08 4.018326691e-08 6.211308603e-08 7.291202408e-08 5.364916028e-08 8.569146941e-08 8.030965776e-08 7.501021636e-08 1.003590991e-07 7.355788089e-08 1.165407556e-07 1.359793063e-07 1.065264562e-07 1.028217469e-07 1.399064555e-07 1.274083842e-07 1.308758492e-07 1.106155532e-07 9.189053984e-08 9.462984499e-08 1.399596839e-07 1.121138859e-07 1.091374972e-07 1.356990363e-07 8.768928668e-08 8.024466043e-08 9.453992827e-08 8.826626583e-08 1.171551357e-07 7.995837115e-08 8.002077812e-08 6.989505436e-08 8.228810787e-08 9.805515607e-08 8.173073444e-08 1.058413198e-07 7.205230399e-08 9.422291421e-08 9.52433943e-08 9.536127307e-08 1.064705074e-07 1.099433512e-07 1.257206701e-07 1.019877711e-07 1.378531519e-07 9.760538552e-08 9.182151801e-08 1.555932497e-07 9.317928206e-08 1.159091926e-07 1.301889229e-07 1.365544689e-07 1.072322141e-07 9.490964292e-08 1.174226818e-07 1.186624371e-07 9.177673068e-08 8.024502443e-08 6.375761222e-08 8.318318099e-08 9.268119646e-08 9.633908343e-08 6.96572598e-08 5.317553306e-08 6.649922041e-08 5.045658031e-08 4.703289776e-08 3.912634651e-08 3.593558477e-08 2.287182764e-08 2.049555145e-08 7.657447742e-09 4.760279465e-09 6.492441355e-09 4.083202942e-09 2.696306247e-09 2.226611494e-09 3.517876328e-09 4.762258408e-09 9.377410353e-09 1.329497667e-08 1.664164522e-08 2.506851046e-08 1.78674586e-08 2.685928391e-08 3.420752049e-08 2.451086142e-08 2.036847392e-08 3.340406276e-08 3.187111276e-08 2.65354469e-08 3.679021223e-08 2.455268229e-08 3.861779402e-08 1.990471888e-08 1.543063237e-08 1.680686048e-08 8.569001541e-09 
1.119397802e-08 1.55472884e-08 2.532123565e-08 2.232774418e-08 2.088890318e-08 3.260212316e-08 4.651799708e-08 3.742846815e-08 3.125729373e-08 4.768740434e-08 3.074185548e-08 2.929915827e-08 2.845180688e-08 3.119912301e-08 2.108352551e-08 1.846301834e-08 1.158733942e-08 7.52102081e-09 5.249019346e-09 4.041140807e-09 3.521893158e-09 2.738829889e-09 4.845921731e-09 7.745119727e-09 1.556350648e-08 1.476359119e-08 2.324810089e-08 3.340634239e-08 2.688888327e-08 4.2926207e-08 5.369349446e-08 7.071071508e-08 6.991761984e-08 8.61494711e-08 7.047719564e-08 9.945057233e-08 1.215757909e-07 9.610723245e-08 8.644497328e-08 8.617594191e-08 1.216886632e-07 1.435823562e-07 9.580474319e-08 8.75360719e-08 7.942169258e-08 1.24445974e-07 1.31357047e-07 1.214798816e-07 8.490620914e-08 1.094235337e-07 1.294496124e-07 1.139967417e-07 1.026492587e-07 7.486430551e-08 8.926365728e-08 7.05536062e-08 9.596071459e-08 8.517329288e-08 6.045523776e-08 8.512088535e-08 6.844892212e-08 7.655470298e-08 7.912120731e-08 7.051545531e-08 5.852116461e-08 5.848911369e-08 4.700140835e-08 4.583398317e-08 7.913601039e-08 6.81790539e-08 7.966848938e-08 8.053683704e-08 9.152853876e-08 6.990404278e-08 9.111935328e-08 1.35100839e-07 9.163577855e-08 1.090715157e-07 8.696610081e-08 1.170474635e-07 1.179862089e-07 1.081999451e-07 9.987684373e-08 1.16494307e-07 1.016015164e-07 1.072984829e-07 1.446054707e-07 8.604926633e-08 1.414401981e-07 1.171135971e-07 1.013375236e-07 8.987483138e-08 6.754719164e-08 9.140847621e-08 6.817581335e-08 8.57657616e-08 5.809814932e-08 5.132327443e-08 4.910942797e-08 2.939409112e-08 2.880954512e-08 2.208125168e-08 1.505009065e-08 8.693066271e-09 7.826605797e-09 4.007709968e-09 3.553385584e-09 2.783232996e-09 6.80010914e-09 8.819351149e-09 7.455130659e-09 1.458130697e-08 1.671367973e-08 2.115294535e-08 2.421295612e-08 3.600242673e-08 3.606053897e-08 3.317003022e-08 4.455304783e-08 4.76772668e-08 2.909479735e-08 2.797756194e-08 2.359303403e-08 2.57101005e-08 2.474941179e-08 1.663281887e-08 1.496583999e-08 1.761840182e-08 
2.014775038e-08 2.023567775e-08 2.443206067e-08 1.818778012e-08 3.678636828e-08 3.279009582e-08 3.393521169e-08 3.892258645e-08 3.169665636e-08 3.593054091e-08 2.588378101e-08 2.365181051e-08 3.806010579e-08 1.785617807e-08 1.670044939e-08 1.54435898e-08 7.77121319e-09 5.382772298e-09 4.512677919e-09 2.708280156e-09 3.255662916e-09 4.503499543e-09 6.316690023e-09 1.019305697e-08 2.415834438e-08 2.259411926e-08 2.752104154e-08 4.141757677e-08 4.501124338e-08 5.814262451e-08 6.106658889e-08 6.812866447e-08 7.092493339e-08 5.631220013e-08 7.746906117e-08 1.245460187e-07 1.013761954e-07 1.103727305e-07 1.539634984e-07 1.317814286e-07 1.224284549e-07 8.813505672e-08 7.632467054e-08 1.138646884e-07 7.943208952e-08 8.376854488e-08 8.383718647e-08 9.157480648e-08 8.615628633e-08 1.095067333e-07 6.5849812e-08 6.543349735e-08 7.202006829e-08 7.930807853e-08 5.875008205e-08 6.924002276e-08 6.650633897e-08 3.746181612e-08 6.086006372e-08 4.613494348e-08 6.811270249e-08 4.606562745e-08 3.631321959e-08 6.792365604e-08 4.332267942e-08 5.346150406e-08 3.977287218e-08 3.67363331e-08 4.419473734e-08 4.383034283e-08 7.095683572e-08 5.817792339e-08 5.907206374e-08 6.434261351e-08 7.553613222e-08 6.225170226e-08 1.124995623e-07 5.736868182e-08 5.793993146e-08 1.089761321e-07 7.238567737e-08 9.244987651e-08 1.133713431e-07 1.087239445e-07 9.761102817e-08 9.818629951e-08 1.153514686e-07 8.392068068e-08 1.037177474e-07 7.669973241e-08 1.141015904e-07 1.075768473e-07 1.118110925e-07 1.074454556e-07 1.039612997e-07 8.305029227e-08 8.628373836e-08 3.197678386e-08 8.546753386e-08 5.69010451e-08 3.00203726e-08 3.123605941e-08 1.550873646e-08 1.024759482e-08 8.673987656e-09 7.84468916e-09 6.185011024e-09 2.951711194e-09 2.087465571e-09 4.944620187e-09 3.947690318e-09 6.566808848e-09 8.89310846e-09 1.291441254e-08 1.826704018e-08 2.593165156e-08 2.533143846e-08 3.202370555e-08 4.284621881e-08 3.974978797e-08 2.366215714e-08 4.06273469e-08 2.67999053e-08 2.61561857e-08 2.292928274e-08 2.649438802e-08 1.965959663e-08 1.493831968e-08 
1.751943956e-08 2.127419416e-08 2.406814454e-08 2.801074932e-08 3.181503388e-08 3.105083796e-08 3.548469736e-08 4.42775478e-08 3.286573588e-08 2.024245344e-08 2.561393993e-08 2.949979126e-08 1.410618688e-08 1.251945006e-08 1.254750271e-08 6.080106331e-09 3.585310033e-09 4.54708101e-09 1.766684914e-09 2.013414315e-09 2.592675325e-09 9.066801867e-09 1.183968437e-08 1.143804135e-08 2.527158077e-08 2.390542169e-08 3.057339427e-08 4.426338154e-08 7.862061901e-08 5.603613959e-08 9.02787915e-08 9.027967653e-08 8.408339031e-08 9.683133956e-08 1.098405064e-07 1.226072541e-07 1.010428772e-07 1.061832257e-07 1.210518276e-07 1.199543219e-07 1.084442399e-07 1.147350748e-07 1.1169643e-07 8.83841945e-08 1.067013377e-07 9.113993803e-08 9.575434297e-08 7.569899841e-08 7.555437189e-08 4.807690296e-08 6.282787177e-08 5.874086738e-08 4.547624395e-08 3.741293218e-08 4.803525875e-08 3.190329263e-08 4.32836838e-08 3.226874047e-08 3.806042083e-08 1.204967999e-08 2.794771628e-08 2.089266944e-08 2.077061638e-08 3.410730493e-08 3.007438656e-08 3.24629967e-08 3.393050902e-08 3.085243162e-08 3.185019593e-08 1.637150514e-08 5.621002412e-08 6.844621098e-08 4.132505941e-08 4.13899653e-08 5.185523589e-08 3.565498134e-08 5.864926546e-08 8.197203074e-08 5.585770175e-08 9.297422696e-08 1.105984062e-07 8.101974196e-08 7.025003101e-08 9.675515252e-08 9.111429755e-08 8.581802017e-08 7.458376688e-08 1.25488386e-07 1.01667426e-07 1.13406667e-07 1.013204845e-07 9.882052291e-08 1.006691928e-07 1.105820909e-07 9.569340184e-08 1.026907229e-07 9.99836064e-08 5.950426015e-08 9.196358846e-08 3.660477202e-08 6.548925051e-08 4.779347272e-08 3.946331595e-08 2.405279005e-08 2.254234758e-08 1.013816887e-08 7.035288065e-09 6.897068625e-09 2.576295165e-09 3.070353672e-09 2.454304699e-09 6.150605925e-09 6.681628097e-09 1.333789108e-08 1.886466695e-08 1.841003631e-08 3.165263106e-08 2.608272079e-08 3.148468771e-08 2.736077119e-08 2.674038778e-08 4.746872344e-08 4.487241081e-08 3.666186226e-08 3.040134616e-08 2.19565252e-08 2.356919108e-08 2.292695363e-08 
2.208447571e-08 3.866022641e-08 3.329800105e-08 3.189275329e-08 2.702691368e-08 4.468022343e-08 4.261522513e-08 3.140848063e-08 2.034625985e-08 2.310561413e-08 2.487803264e-08 1.781895249e-08 1.050994664e-08 9.454802735e-09 7.011679515e-09 6.092220474e-09 4.633720608e-09 1.878771511e-09 4.09744226e-09 4.066508555e-09 1.263676114e-08 1.367525407e-08 2.149666057e-08 2.483472125e-08 3.074744975e-08 5.13688305e-08 8.201017031e-08 5.975613903e-08 6.731715591e-08 7.885011302e-08 1.055135664e-07 9.947733454e-08 9.606089543e-08 1.46920889e-07 1.552859201e-07 1.413543519e-07 1.491108293e-07 1.630298136e-07 1.326822247e-07 1.007553988e-07 1.304482689e-07 1.156646082e-07 8.634769595e-08 7.22879236e-08 7.160472423e-08 9.42119075e-08 7.835795423e-08 5.816836221e-08 6.158512469e-08 5.420411343e-08 3.706761061e-08 5.218265213e-08 3.109618913e-08 2.878086397e-08 2.40095804e-08 1.830253947e-08 2.312463088e-08 2.58781086e-08 3.041775724e-08 1.684717518e-08 2.130948312e-08 1.279387345e-08 1.122662908e-08 1.367235506e-08 1.485317046e-08 2.026560692e-08 2.086689882e-08 1.733016843e-08 6.383154356e-09 1.640121418e-08 1.721415822e-08 2.053620756e-08 3.132383152e-08 2.472543363e-08 2.335107323e-08 4.827180758e-08 4.142756172e-08 3.477146858e-08 4.387760468e-08 5.519380432e-08 5.431568175e-08 8.376030697e-08 5.747702174e-08 6.098493053e-08 1.134544102e-07 1.062016463e-07 1.096715987e-07 1.431127023e-07 8.387808292e-08 1.139270844e-07 1.121379406e-07 8.942994392e-08 1.046978541e-07 1.119754834e-07 9.684296733e-08 1.429237725e-07 7.875922082e-08 8.447154274e-08 6.372379826e-08 8.81736711e-08 5.682900007e-08 3.46781444e-08 3.539021649e-08 6.199642375e-08 2.915564188e-08 1.533161403e-08 1.512653471e-08 8.461652806e-09 4.818539485e-09 1.191099268e-09 3.359771668e-09 2.242202596e-09 5.401169144e-09 9.600201469e-09 1.201100726e-08 1.417810874e-08 2.365040382e-08 1.683243371e-08 1.873514908e-08 3.07202362e-08 3.039894822e-08 2.84534349e-08 3.100962247e-08 2.949051712e-08 3.042123327e-08 2.411926436e-08 3.122481204e-08 2.469963551e-08 
2.898207964e-08 2.513375429e-08 2.877913227e-08 3.433211086e-08 3.002704003e-08 3.472992526e-08 4.35883916e-08 3.700112978e-08 2.001620879e-08 3.181716572e-08 2.463216421e-08 2.208684938e-08 1.244049796e-08 7.275815232e-09 6.547602123e-09 2.920843554e-09 2.729578739e-09 2.745280499e-09 3.509489178e-09 1.158624662e-08 1.436161542e-08 2.337111845e-08 4.000068016e-08 4.114992101e-08 5.962563065e-08 7.044313131e-08 4.6044579e-08 7.244888977e-08 8.75138709e-08 1.176427712e-07 7.382383305e-08 8.682641416e-08 1.200141765e-07 7.980610924e-08 9.543741221e-08 1.345807015e-07 1.025492503e-07 1.213003453e-07 9.842969186e-08 1.167616987e-07 7.902646261e-08 1.106333134e-07 7.93411809e-08 6.681000856e-08 9.289394924e-08 5.538296441e-08 5.626422995e-08 3.806682801e-08 3.093276575e-08 2.605892328e-08 3.043227765e-08 2.65485341e-08 1.188604564e-08 2.072379132e-08 1.233061781e-08 1.283600389e-08 6.486137001e-09 1.227315616e-08 1.184472599e-08 1.15882269e-08 5.992075537e-09 6.412106627e-09 7.632075181e-09 9.926544741e-09 6.632687407e-09 8.669418608e-09 1.482700583e-08 1.006964135e-08 1.354646899e-08 1.144760989e-08 1.348950822e-08 1.153942607e-08 1.456968812e-08 8.766580362e-09 2.387496733e-08 2.301962663e-08 3.398472112e-08 2.900898551e-08 2.906165412e-08 3.739097442e-08 3.477945998e-08 4.096414345e-08 4.009487626e-08 8.796738649e-08 6.794667921e-08 9.60729116e-08 6.998533532e-08 8.705023971e-08 1.395923158e-07 1.139739844e-07 9.790314605e-08 1.072986686e-07 1.431782825e-07 9.189379603e-08 1.16316298e-07 8.363954126e-08 1.150538214e-07 9.505355877e-08 1.00353914e-07 7.194045819e-08 8.636974886e-08 9.114415684e-08 5.905876913e-08 5.243852941e-08 3.830452514e-08 2.893278473e-08 2.242314143e-08 1.154631689e-08 5.475120764e-09 2.611322205e-09 3.198401831e-09 3.455896493e-09 2.262979593e-09 4.221358863e-09 5.328510535e-09 1.363419331e-08 1.25487727e-08 1.664077382e-08 2.379648833e-08 2.636169435e-08 3.126212112e-08 3.561279075e-08 3.449459185e-08 3.826519335e-08 3.573974798e-08 2.724625919e-08 3.68172094e-08 2.857467039e-08 
2.759052941e-08 3.511386545e-08 3.542360959e-08 3.183566462e-08 2.978468336e-08 3.153615906e-08 2.52631895e-08 3.194092016e-08 1.855182103e-08 1.624528206e-08 2.181370822e-08 1.071099516e-08 8.035411174e-09 4.538906349e-09 3.505831415e-09 1.778180824e-09 3.080538963e-09 3.504428168e-09 1.021036278e-08 1.592998059e-08 1.951676676e-08 1.961963874e-08 5.492477931e-08 4.912431046e-08 6.658290176e-08 8.763158899e-08 7.459597963e-08 8.653423869e-08 1.186813663e-07 8.444014857e-08 1.378826355e-07 9.758267053e-08 1.122308713e-07 9.173652576e-08 1.089994358e-07 1.099684527e-07 9.005922442e-08 7.70168242e-08 6.456909718e-08 7.24018818e-08 1.069273953e-07 9.621474056e-08 7.197966944e-08 7.493065864e-08 3.819997822e-08 4.012304335e-08 2.961610276e-08 2.014686205e-08 1.979655122e-08 1.685813159e-08 1.375115562e-08 2.141191067e-08 1.20298055e-08 1.033240371e-08 8.208316117e-09 1.663909467e-08 1.03298656e-08 1.572173294e-08 1.215093859e-08 1.119550818e-08 1.388277107e-08 1.216333776e-08 1.653891906e-08 2.445232397e-08 7.890384854e-09 1.272951188e-08 1.44445191e-08 1.309281363e-08 1.318988453e-08 1.141308787e-08 7.342294841e-09 1.069901875e-08 6.244704198e-09 8.327655865e-09 1.184099327e-08 8.920068491e-09 1.095926532e-08 1.812135834e-08 1.125442953e-08 2.934974346e-08 2.659579039e-08 2.809569888e-08 4.127384211e-08 2.843087284e-08 5.810571192e-08 6.413601519e-08 7.535837282e-08 7.27062087e-08 1.411496547e-07 1.295609985e-07 9.248863857e-08 1.161449626e-07 1.066148068e-07 8.15813948e-08 1.227362322e-07 1.2511516e-07 1.100256004e-07 1.155222641e-07 1.12893619e-07 8.510512803e-08 9.356497744e-08 7.66040035e-08 6.502538779e-08 7.027667344e-08 4.406111468e-08 3.270522229e-08 2.682004979e-08 1.916084899e-08 1.797661014e-08 9.362325222e-09 3.768718474e-09 2.278311469e-09 2.077550559e-09 4.690437017e-09 5.148588488e-09 8.421291776e-09 1.680657015e-08 1.499085804e-08 2.312587954e-08 2.535221262e-08 2.960872885e-08 3.848247677e-08 3.348613982e-08 2.982141476e-08 5.282219028e-08 4.610605627e-08 3.125521924e-08 3.463518723e-08 
2.663841586e-08 2.697331997e-08 3.110505781e-08 3.123721617e-08 3.16445971e-08 3.169058945e-08 3.666754352e-08 1.530420135e-08 2.072082125e-08 1.533435281e-08 1.265795672e-08 6.832893324e-09 5.351351668e-09 4.377573576e-09 2.499621328e-09 3.71477001e-09 5.830140928e-09 1.043461477e-08 1.822109878e-08 1.964554819e-08 2.620599062e-08 3.288012397e-08 5.274468567e-08 7.17997219e-08 7.075321007e-08 9.210251546e-08 1.097460612e-07 6.900674843e-08 1.002876659e-07 8.926875565e-08 1.00786632e-07 1.222662456e-07 1.273679645e-07 1.208316078e-07 9.909248172e-08 9.844442572e-08 9.321213126e-08 8.413290961e-08 3.975336303e-08 7.141184797e-08 7.993576238e-08 4.9717053e-08 3.976390181e-08 3.589158848e-08 4.000592889e-08 1.988509021e-08 1.194615485e-08 1.031949777e-08 1.525013788e-08 1.033835797e-08 5.772446643e-09 6.21633404e-09 1.108242946e-08 1.301461483e-08 1.416813319e-08 1.819093906e-08 2.288738258e-08 1.8590253e-08 2.191968656e-08 2.472215365e-08 4.410319218e-08 1.971662879e-08 3.184643487e-08 3.013565592e-08 3.35569236e-08 4.439339708e-08 4.43023921e-08 3.521399609e-08 3.270693524e-08 2.671608702e-08 1.634494829e-08 1.260082884e-08 2.139761975e-08 2.215565514e-08 1.766242036e-08 1.352663083e-08 8.621441092e-09 8.855259589e-09 9.602572273e-09 1.091329932e-08 1.241150911e-08 1.244599498e-08 1.709928459e-08 3.814233294e-08 5.209717008e-08 4.158799884e-08 4.18705974e-08 5.888674009e-08 6.638916656e-08 6.746180642e-08 1.159334846e-07 1.06679948e-07 6.438598017e-08 1.360827258e-07 1.351030689e-07 1.522212952e-07 1.212050652e-07 1.31083539e-07 1.278976095e-07 8.86199539e-08 1.023738545e-07 9.854807001e-08 9.846727381e-08 7.451040259e-08 5.364278831e-08 4.032920146e-08 3.557911652e-08 2.900646726e-08 2.399586542e-08 1.04260645e-08 9.357637332e-09 4.396792422e-09 3.399037008e-09 2.138019769e-09 3.475807591e-09 8.109790549e-09 8.99275707e-09 1.073617242e-08 2.179499663e-08 1.825731642e-08 3.193685728e-08 3.046610168e-08 3.631583433e-08 3.544851455e-08 3.588483242e-08 2.966318072e-08 4.304556396e-08 2.486749632e-08 
2.480275394e-08 3.96102843e-08 4.296463283e-08 3.104478063e-08 3.831299281e-08 2.943082542e-08 3.965514501e-08 2.2812346e-08 2.128227591e-08 1.678897295e-08 1.295046717e-08 6.547563123e-09 2.319761517e-09 2.590541091e-09 3.629301596e-09 2.340552849e-09 6.401367106e-09 1.322053114e-08 1.961537303e-08 3.182603206e-08 3.452862393e-08 5.832605114e-08 4.883856626e-08 6.817608536e-08 8.019332231e-08 1.038143643e-07 9.245667608e-08 1.003902714e-07 1.032923971e-07 8.793602589e-08 1.478604145e-07 1.467226012e-07 1.272065784e-07 1.062135258e-07 8.741362474e-08 1.024015056e-07 4.42325961e-08 7.20699316e-08 4.887969958e-08 4.596828965e-08 3.221228806e-08 4.316120038e-08 3.293646243e-08 2.712207146e-08 1.790506209e-08 1.330090095e-08 8.485901317e-09 1.262320593e-08 7.03731914e-09 1.169745461e-08 2.269504927e-08 1.691383138e-08 2.08536352e-08 3.199817249e-08 3.758464937e-08 3.878176016e-08 3.942996273e-08 5.203458641e-08 7.82950348e-08 5.708341748e-08 5.839518903e-08 9.335556039e-08 8.79381844e-08 8.570162721e-08 4.248280128e-08 8.613514979e-08 8.85970693e-08 6.951334499e-08 4.990027636e-08 8.304750181e-08 5.439510486e-08 5.493667688e-08 6.868796311e-08 3.419806662e-08 2.137081276e-08 4.712571027e-08 2.00079896e-08 1.569544996e-08 1.107469325e-08 1.531293107e-08 9.537361394e-09 1.234038517e-08 5.94411669e-09 1.43909732e-08 1.917976459e-08 1.938144191e-08 4.05769964e-08 4.329230703e-08 5.567909655e-08 5.501604401e-08 8.250477745e-08 7.793283441e-08 9.727374427e-08 8.703457137e-08 8.144183962e-08 8.370150937e-08 1.110455823e-07 9.166724413e-08 1.224211781e-07 8.497545936e-08 7.484654983e-08 9.549927874e-08 1.013544064e-07 1.015399105e-07 8.072764884e-08 6.576166551e-08 4.764711228e-08 4.401920475e-08 2.850024786e-08 1.41054946e-08 1.910903971e-08 1.127236038e-08 4.556502855e-09 4.311277979e-09 3.902284239e-09 3.138768035e-09 7.492109412e-09 9.183505756e-09 1.28382977e-08 1.850194977e-08 2.887247143e-08 2.875163249e-08 3.828340175e-08 3.191624364e-08 4.05601519e-08 1.955764033e-08 3.816780437e-08 4.000180903e-08 
3.672161714e-08 4.162987134e-08 2.940638527e-08 3.008689444e-08 2.816662572e-08 2.985510305e-08 1.956487456e-08 1.943170633e-08 1.527079205e-08 9.854146272e-09 6.780536204e-09 3.235330845e-09 3.864951827e-09 1.680909635e-09 6.142152841e-09 8.72435177e-09 1.330815793e-08 1.830117218e-08 1.947189228e-08 3.407655172e-08 3.942769201e-08 6.7451364e-08 4.969099947e-08 8.171626434e-08 1.315767523e-07 1.049952712e-07 1.405180952e-07 9.840447955e-08 1.166466664e-07 1.08454421e-07 1.285379584e-07 1.211792508e-07 7.67217973e-08 1.053994064e-07 9.428872959e-08 6.870201816e-08 6.765821418e-08 5.212623925e-08 2.941758395e-08 3.369668528e-08 2.610289156e-08 2.946519967e-08 9.142710399e-09 1.264269889e-08 8.544060387e-09 7.898445668e-09 1.253200685e-08 1.250951534e-08 1.498450805e-08 1.919274029e-08 3.258304986e-08 4.997397428e-08 5.07741912e-08 4.728009485e-08 6.65677374e-08 6.349210406e-08 9.239159111e-08 7.303679956e-08 6.6024673e-08 1.2534934e-07 9.592595792e-08 9.676271083e-08 1.418584359e-07 1.17742189e-07 1.566784294e-07 1.520315691e-07 1.293327184e-07 1.708013377e-07 1.405497655e-07 9.196779927e-08 9.207280562e-08 9.935673612e-08 1.03018017e-07 8.038407298e-08 6.082434861e-08 4.424029732e-08 5.808355498e-08 3.137377141e-08 2.67899836e-08 2.321820857e-08 2.233320248e-08 1.390059348e-08 1.175565706e-08 8.202530289e-09 1.026858323e-08 1.719908869e-08 1.825035426e-08 3.011894962e-08 3.638195915e-08 5.055322611e-08 7.186642678e-08 7.74762601e-08 9.719247346e-08 8.298104244e-08 9.186182238e-08 6.811842559e-08 8.058463027e-08 1.646813758e-07 1.396109688e-07 1.118366345e-07 8.336195572e-08 1.209412035e-07 1.187141773e-07 8.197515826e-08 7.254357245e-08 6.455110236e-08 7.798772638e-08 4.04251e-08 5.178643431e-08 2.559199121e-08 2.156025821e-08 1.762098784e-08 6.340574965e-09 4.338006933e-09 2.704130172e-09 1.757833058e-09 3.610959241e-09 6.450090694e-09 9.380303237e-09 1.642906626e-08 2.157168151e-08 2.430663979e-08 3.288592691e-08 2.210993904e-08 2.379831716e-08 3.710153038e-08 3.477561338e-08 3.349123195e-08 
3.579560889e-08 3.132126521e-08 3.521137915e-08 3.934885957e-08 3.636863417e-08 2.211453072e-08 1.882362683e-08 1.574312555e-08 6.894068733e-09 6.466388008e-09 3.069358558e-09 2.278914053e-09 2.930348717e-09 4.179564758e-09 9.408418904e-09 1.10038452e-08 1.447785785e-08 2.621703539e-08 3.278778754e-08 3.204038733e-08 7.437501818e-08 4.842210851e-08 9.012539105e-08 7.984199923e-08 6.626040449e-08 1.017833137e-07 1.026378458e-07 1.387669452e-07 1.073650565e-07 8.741937914e-08 1.242242772e-07 7.959999647e-08 9.76810152e-08 5.043359074e-08 7.592697031e-08 6.39974494e-08 6.432757837e-08 4.041365774e-08 2.636195703e-08 1.51768878e-08 1.047306076e-08 1.182863956e-08 9.158887087e-09 1.220336405e-08 1.362029406e-08 1.828025843e-08 2.083076679e-08 4.081015732e-08 5.360069184e-08 4.994471923e-08 5.148698734e-08 7.629240305e-08 1.233354596e-07 1.062170834e-07 1.012997665e-07 1.504119011e-07 1.068678458e-07 6.077361e-08 2.227337315e-07 1.561821653e-07 2.348368167e-07 1.650344411e-07 1.758165953e-07 2.162451457e-07 2.695255354e-07 1.911368288e-07 2.117102248e-07 2.029030543e-07 1.46315989e-07 1.767908075e-07 1.571287646e-07 1.204670274e-07 1.864601633e-07 9.611965667e-08 8.389074869e-08 8.756245631e-08 7.505914359e-08 5.845197341e-08 4.73421221e-08 3.71339869e-08 3.297894032e-08 1.541904768e-08 1.748570923e-08 8.29581621e-09 1.337231275e-08 1.353630926e-08 7.744033757e-09 1.076037175e-08 2.626978135e-08 3.808242461e-08 4.55967791e-08 4.740044068e-08 6.67321821e-08 7.480918537e-08 7.751337578e-08 7.756454401e-08 5.591996528e-08 1.118021009e-07 1.278922849e-07 7.821358481e-08 1.079214184e-07 9.068077175e-08 1.034426884e-07 9.89437027e-08 8.535034875e-08 8.933706845e-08 7.267899367e-08 5.880315278e-08 4.066680335e-08 3.028094785e-08 2.60907578e-08 1.659205763e-08 1.075324991e-08 9.528661562e-09 4.113626407e-09 1.993356029e-09 4.281513615e-09 5.557375945e-09 9.228077966e-09 8.833233235e-09 1.693161861e-08 2.375517194e-08 1.573987199e-08 2.343257675e-08 2.927225035e-08 2.462318061e-08 2.749785158e-08 3.04048829e-08 
3.231021897e-08 3.127555056e-08 3.264455504e-08 3.305360246e-08 2.093956449e-08 2.363402094e-08 1.493125532e-08 9.62845644e-09 4.125697431e-09 2.987982493e-09 2.252801968e-09 2.308227599e-09 5.385056748e-09 4.878042568e-09 1.116129382e-08 2.514887362e-08 2.46367274e-08 4.504539531e-08 4.420754846e-08 4.722561368e-08 5.615209408e-08 7.680376822e-08 1.10935809e-07 7.489695761e-08 1.357537541e-07 1.223359344e-07 1.254959097e-07 1.153229246e-07 1.476160273e-07 1.094852817e-07 8.927224825e-08 8.285515654e-08 5.785366655e-08 7.848839898e-08 6.071439856e-08 3.737261157e-08 2.766924404e-08 2.536795985e-08 1.586589824e-08 1.292787731e-08 5.622272941e-09 9.619770108e-09 7.297695945e-09 9.970614343e-09 3.809729259e-08 5.60149855e-08 5.694755925e-08 8.535817199e-08 4.756953979e-08 6.287438069e-08 1.210771225e-07 1.381747556e-07 1.58954284e-07 1.601132427e-07 1.894056078e-07 2.059435532e-07 2.085464687e-07 1.358075608e-07 1.793576686e-07 3.01466842e-07 2.625549214e-07 2.380699567e-07 2.413088738e-07 3.368012804e-07 3.185655538e-07 2.244172055e-07 2.474626896e-07 1.075232687e-07 2.015446566e-07 2.62489903e-07 2.057231087e-07 2.36677734e-07 1.517218994e-07 1.497287816e-07 1.457178556e-07 1.134170356e-07 1.640825804e-07 1.044907142e-07 1.283977053e-07 7.029854985e-08 4.836914018e-08 8.019381489e-08 4.291102557e-08 2.812903319e-08 1.269799609e-08 2.111548185e-08 6.833355466e-09 6.297077356e-09 1.109336874e-08 2.292520354e-08 2.341387991e-08 3.024273851e-08 4.437640243e-08 5.259104332e-08 7.369239932e-08 7.876377226e-08 8.400098076e-08 9.385092339e-08 1.29029997e-07 1.304194933e-07 1.72477385e-07 1.296393885e-07 1.544205319e-07 1.215191731e-07 8.494300618e-08 1.110722165e-07 7.923922623e-08 6.385840013e-08 5.955351927e-08 6.829747093e-08 3.433596197e-08 2.770722736e-08 2.083629451e-08 1.845200028e-08 5.225423458e-09 2.554567727e-09 3.106101514e-09 4.164596658e-09 4.289805568e-09 7.967880889e-09 1.176190519e-08 1.569997092e-08 2.040238318e-08 2.156867768e-08 3.071742922e-08 3.914971772e-08 3.291626073e-08 2.103854865e-08 
3.008258146e-08 4.593052254e-08 3.079382311e-08 2.699473985e-08 2.049157683e-08 2.339990381e-08 1.728214072e-08 7.020951255e-09 5.103391053e-09 3.330973267e-09 2.834670746e-09 5.33584265e-09 4.099564918e-09 1.265252439e-08 2.358562453e-08 2.57538059e-08 4.758996114e-08 4.904220685e-08 6.338146967e-08 8.370731695e-08 7.213052322e-08 9.145121261e-08 7.747717294e-08 8.151747807e-08 1.175347203e-07 7.563055133e-08 1.088243881e-07 1.08265102e-07 9.805138965e-08 9.13468234e-08 7.994116852e-08 7.883662057e-08 8.100099733e-08 6.193367586e-08 4.188723108e-08 3.62348394e-08 1.381702497e-08 1.920172574e-08 7.835808425e-09 9.474705659e-09 1.186251234e-08 2.856014754e-08 3.072588876e-08 4.632478839e-08 4.328531822e-08 5.738363248e-08 1.15095787e-07 8.964934717e-08 1.292203831e-07 1.221679315e-07 1.987926314e-07 1.974966408e-07 2.10586196e-07 1.933701884e-07 2.943126329e-07 2.632269819e-07 3.79412091e-07 2.701422043e-07 2.813958423e-07 3.33324292e-07 2.880327171e-07 3.341595902e-07 3.960449274e-07 3.082544391e-07 2.138238138e-07 2.309118339e-07 3.532574706e-07 2.875048778e-07 3.031926347e-07 3.480206115e-07 3.160185761e-07 3.376515346e-07 3.604592188e-07 2.885450076e-07 2.522275596e-07 2.592732695e-07 2.171153285e-07 1.783178635e-07 1.285959863e-07 1.143294124e-07 6.502557784e-08 7.016384798e-08 4.301026598e-08 3.969253172e-08 4.362215448e-08 2.67947448e-08 1.672554033e-08 1.966051679e-08 8.016073864e-09 1.624744076e-08 1.372738993e-08 2.847446456e-08 2.956471886e-08 5.636527871e-08 3.535385412e-08 7.146178478e-08 9.046510637e-08 1.059323454e-07 1.161125602e-07 1.280805428e-07 9.264712487e-08 1.195198142e-07 1.150836462e-07 1.126441457e-07 9.994992054e-08 1.008758478e-07 7.760164682e-08 5.481007809e-08 5.790684795e-08 5.487970465e-08 6.044734817e-08 4.495012016e-08 2.380627612e-08 2.078128205e-08 1.621650406e-08 6.776337945e-09 4.373365635e-09 2.56146407e-09 2.875288027e-09 3.413240188e-09 1.3688588e-08 8.433308625e-09 1.783980428e-08 2.764211664e-08 2.216052488e-08 3.785164977e-08 2.731820698e-08 3.386094664e-08 
3.215809361e-08 3.082413171e-08 3.103931917e-08 2.921407738e-08 1.693775859e-08 1.435715953e-08 9.773810029e-09 1.004761717e-08 3.439658747e-09 3.071715003e-09 3.945661034e-09 5.702680065e-09 7.880816446e-09 8.562569559e-09 3.076585247e-08 2.523228406e-08 4.95984482e-08 6.105531329e-08 5.341636466e-08 9.810733198e-08 1.051568721e-07 1.197721688e-07 1.168862754e-07 1.101350585e-07 7.498403211e-08 7.121554397e-08 8.973877722e-08 9.450783696e-08 1.227127411e-07 1.12341736e-07 6.893359261e-08 6.766025835e-08 3.593270179e-08 2.579349956e-08 3.65436424e-08 2.2648453e-08 2.648675157e-09 9.654701081e-09 6.501487535e-09 1.737112347e-08 2.376833815e-08 2.558454718e-08 4.876919381e-08 5.152585975e-08 9.47474509e-08 1.201870351e-07 1.191811388e-07 1.444781784e-07 1.838203978e-07 2.91488986e-07 2.289985498e-07 2.734162781e-07 3.010472069e-07 3.621902148e-07 4.654129667e-07 3.805698293e-07 3.831597715e-07 2.994222987e-07 5.256457574e-07 5.151691997e-07 4.241374229e-07 3.562354337e-07 3.219976717e-07 5.408967029e-07 4.522617693e-07 5.253488844e-07 3.729300121e-07 5.308398132e-07 4.684363045e-07 4.278300103e-07 4.750788198e-07 5.189879668e-07 4.056452768e-07 3.809928239e-07 2.740151279e-07 2.77630357e-07 3.214030868e-07 2.942581555e-07 2.329010538e-07 1.798986199e-07 1.649008514e-07 1.181045449e-07 1.303653951e-07 1.109904669e-07 7.108447425e-08 2.260391186e-08 2.920081567e-08 1.832214618e-08 1.092599503e-08 1.362614806e-08 1.621225312e-08 8.61014888e-09 1.528220253e-08 2.97256329e-08 4.808717272e-08 4.469909679e-08 5.683345969e-08 7.747756165e-08 1.008315163e-07 8.941661433e-08 1.105026455e-07 1.398393467e-07 1.12387238e-07 9.122802569e-08 1.275694661e-07 1.027451212e-07 1.153311831e-07 8.682766682e-08 7.01424889e-08 6.957951342e-08 5.274006855e-08 4.82110694e-08 2.149893733e-08 2.666736244e-08 1.639452519e-08 6.997992519e-09 6.017147167e-09 1.49389107e-09 2.74827749e-09 5.158010203e-09 7.678515964e-09 1.103064529e-08 1.317083064e-08 2.223779314e-08 2.631219926e-08 2.905899908e-08 2.90658977e-08 2.761154321e-08 
2.795618378e-08 3.551214416e-08 2.265932165e-08 2.364769965e-08 1.710650047e-08 1.568376785e-08 6.424975658e-09 5.438491859e-09 1.662549488e-09 2.479290985e-09 5.882868491e-09 8.20998932e-09 1.605677223e-08 2.292825917e-08 3.838287424e-08 3.456977684e-08 3.464128677e-08 6.354631075e-08 8.446814332e-08 6.207256234e-08 6.828038643e-08 1.253368937e-07 1.061066014e-07 1.655865137e-07 1.297092487e-07 1.157288282e-07 1.167314108e-07 7.167311535e-08 9.305074448e-08 6.614859117e-08 4.916589129e-08 3.514417642e-08 4.43075973e-08 2.060325227e-08 1.532361491e-08 1.348334108e-08 7.105761075e-09 1.550285106e-08 3.252487747e-08 2.568388634e-08 4.092954122e-08 5.35356855e-08 9.905646597e-08 1.372450461e-07 1.857672231e-07 2.172428526e-07 1.888333984e-07 2.550924418e-07 2.383169225e-07 3.414810798e-07 1.952144078e-07 3.210561506e-07 4.089379908e-07 4.841653051e-07 4.633879526e-07 3.905226323e-07 6.030856584e-07 4.328363011e-07 3.268961536e-07 4.808496656e-07 5.373628946e-07 6.065992308e-07 3.856800615e-07 7.696089519e-07 5.690530177e-07 3.396008975e-07 5.36707568e-07 6.779290152e-07 3.717135368e-07 5.258527001e-07 2.420001947e-07 4.755232016e-07 2.961044561e-07 3.4113818e-07 5.186746407e-07 4.254652032e-07 3.37629382e-07 2.655479483e-07 2.01943443e-07 3.053200314e-07 2.164024706e-07 1.340499771e-07 1.784784664e-07 1.174550335e-07 1.74838464e-07 1.179188942e-07 7.166395616e-08 4.975241718e-08 4.485767143e-08 2.112303412e-08 6.844694325e-09 1.439703224e-08 1.035846374e-08 2.147606463e-08 1.344550181e-08 2.252922348e-08 5.47667138e-08 4.895599098e-08 9.5711669e-08 8.024357451e-08 5.724344656e-08 1.002775071e-07 1.137705986e-07 1.039398276e-07 1.098064011e-07 1.297572413e-07 8.415546788e-08 8.126400702e-08 1.247236585e-07 4.910398577e-08 6.072487065e-08 3.899407202e-08 3.170703554e-08 2.758788536e-08 2.301547278e-08 1.574812283e-08 8.055925913e-09 3.530085612e-09 3.207628398e-09 2.935904838e-09 5.301195894e-09 7.143843095e-09 8.421216363e-09 1.522559213e-08 1.16060317e-08 2.424463052e-08 3.294414364e-08 2.540650307e-08 
4.62255889e-08 2.460836298e-08 2.778257538e-08 1.266693227e-08 1.93327199e-08 8.403739975e-09 4.829272858e-09 4.906361985e-09 2.424946135e-09 4.564483396e-09 6.434631644e-09 9.475456774e-09 1.396801848e-08 4.190433008e-08 5.595182665e-08 5.170086395e-08 6.294777575e-08 8.422947518e-08 8.001235435e-08 8.657715988e-08 9.40698746e-08 1.556612532e-07 9.173650256e-08 1.221365292e-07 9.84948998e-08 9.704416527e-08 6.190901447e-08 1.044168404e-07 6.156140767e-08 5.56700745e-08 4.799638364e-08 2.520679053e-08 2.826174851e-08 1.546599987e-08 1.209372618e-08 1.026896783e-08 1.403435011e-08 3.786415862e-08 6.952293216e-08 6.151148958e-08 7.446149498e-08 1.237426908e-07 1.241878882e-07 1.883120892e-07 2.181907438e-07 2.8931042e-07 2.392582652e-07 2.434955699e-07 3.457285035e-07 3.795288877e-07 5.069921054e-07 4.436455465e-07 3.548290245e-07 3.973791633e-07 3.286035186e-07 4.554219601e-07 5.102183033e-07 6.240796259e-07 6.64362406e-07 6.950528667e-07 5.623061068e-07 5.833248053e-07 6.531709751e-07 7.724216886e-07 6.220632351e-07 5.882776618e-07 6.182608408e-07 6.580051653e-07 7.029589317e-07 6.744275001e-07 6.33826569e-07 4.176910927e-07 5.257894901e-07 6.101738669e-07 4.066136583e-07 3.956537196e-07 4.198380679e-07 3.792759851e-07 4.635374647e-07 3.898292294e-07 1.70484934e-07 2.801968905e-07 2.055721478e-07 2.160811113e-07 1.570380843e-07 1.449537214e-07 1.146138362e-07 1.191183925e-07 4.46254369e-08 2.436809856e-08 2.799806626e-08 1.062992477e-08 1.19455453e-08 1.243171678e-08 1.290009325e-08 8.107926462e-09 2.384928433e-08 5.077031588e-08 5.652973413e-08 5.274488618e-08 1.017759766e-07 1.261153436e-07 9.945629699e-08 1.048111366e-07 1.029993701e-07 1.185798533e-07 1.396004616e-07 1.250143008e-07 9.768888893e-08 7.791573503e-08 7.236101259e-08 6.436578997e-08 4.976417893e-08 4.753817363e-08 3.097641486e-08 2.13062927e-08 8.59151456e-09 6.54415573e-09 5.157403418e-09 3.002194461e-09 3.867252178e-09 7.633140506e-09 9.329499093e-09 1.421593621e-08 1.007289093e-08 3.100063619e-08 2.816138525e-08 2.035562363e-08 
3.839231365e-08 1.794815849e-08 2.026294982e-08 1.651365985e-08 1.070923226e-08 6.633126977e-09 5.721890791e-09 1.726153076e-09 2.715576547e-09 7.97026507e-09 1.21702339e-08 2.151887535e-08 2.215507824e-08 3.688274477e-08 6.065941413e-08 5.892623797e-08 8.149513542e-08 1.006018645e-07 9.385278446e-08 9.850318084e-08 1.22949058e-07 1.367435155e-07 8.441993386e-08 1.078732768e-07 1.047869029e-07 9.62241996e-08 8.659012123e-08 7.54621734e-08 6.517614194e-08 2.522006302e-08 4.475474612e-08 3.136606444e-08 1.358951556e-08 1.282337623e-08 8.445895665e-09 1.752350421e-08 3.966321157e-08 5.291833116e-08 8.380761641e-08 9.013735864e-08 9.221340907e-08 2.406455159e-07 1.53738998e-07 1.885733459e-07 3.382448298e-07 3.184926412e-07 3.915486235e-07 4.464044211e-07 3.400623805e-07 5.097314033e-07 5.378765011e-07 5.749844347e-07 8.131295922e-07 4.427717013e-07 7.214708943e-07 5.993129657e-07 5.411621411e-07 6.652995099e-07 8.013019657e-07 7.442529153e-07 3.944849869e-07 8.394317477e-07 5.179025699e-07 7.888875031e-07 8.49247565e-07 7.766683966e-07 5.756184805e-07 5.427789746e-07 8.68240318e-07 5.863384687e-07 8.1917729e-07 6.720124218e-07 8.441696125e-07 4.080819564e-07 5.273881643e-07 2.745370923e-07 4.051897677e-07 5.306565181e-07 5.108792391e-07 5.057748442e-07 4.824695234e-07 4.086733555e-07 2.792376786e-07 3.130672221e-07 2.696069788e-07 1.734308931e-07 1.39736219e-07 1.230781146e-07 9.588842467e-08 7.60764461e-08 5.800861501e-08 3.157157583e-08 1.948668781e-08 1.421234474e-08 1.390661443e-08 1.154839688e-08 2.378921749e-08 3.459152163e-08 3.693886886e-08 7.805616438e-08 7.925897994e-08 6.998878659e-08 1.026023013e-07 1.247039396e-07 1.287872044e-07 1.098349347e-07 1.060730649e-07 1.077157036e-07 8.739756254e-08 9.870692727e-08 1.051678403e-07 9.086212001e-08 5.343038136e-08 3.999980135e-08 2.577780872e-08 3.026330277e-08 1.681199809e-08 7.611243224e-09 4.012587285e-09 3.594984348e-09 2.084347073e-09 3.947411789e-09 5.489307121e-09 1.001233182e-08 1.641541252e-08 1.413915101e-08 1.828116026e-08 2.258984183e-08 
2.289057102e-08 2.50197149e-08 1.548668811e-08 9.81838535e-09 8.429382369e-09 4.190631171e-09 4.591036694e-09 1.134752637e-09 5.60067158e-09 1.1080651e-08 1.678280588e-08 1.881483042e-08 3.587442251e-08 5.075663011e-08 6.186417562e-08 7.101562176e-08 1.05924781e-07 8.620276549e-08 9.911687104e-08 9.427908986e-08 1.14540207e-07 7.924859579e-08 9.398092082e-08 1.001071818e-07 6.756920238e-08 6.997683739e-08 7.370546606e-08 5.292210241e-08 3.376385949e-08 2.780434432e-08 1.879595062e-08 8.905808291e-09 1.038348816e-08 1.107243539e-08 3.387420828e-08 4.144017662e-08 5.017242764e-08 1.168124022e-07 9.72506623e-08 1.727535713e-07 2.52745152e-07 2.441665854e-07 2.498763532e-07 2.839657186e-07 2.409195655e-07 3.609680734e-07 4.277009187e-07 4.631484004e-07 3.97297711e-07 2.964748034e-07 5.987550158e-07 5.582976869e-07 6.794432227e-07 4.695993073e-07 6.314977574e-07 8.054450494e-07 5.702852368e-07 6.573337527e-07 7.956567669e-07 4.915061417e-07 6.145574337e-07 6.802099477e-07 6.841824101e-07 4.698235515e-07 6.781092641e-07 9.418888137e-07 5.418764088e-07 7.946500202e-07 6.086844227e-07 7.174238972e-07 7.02860263e-07 7.155367084e-07 6.759039098e-07 6.856861952e-07 7.77296299e-07 5.621657778e-07 7.286131026e-07 5.08133079e-07 5.648104639e-07 6.127459871e-07 4.912887343e-07 4.747804287e-07 4.055129882e-07 3.245367708e-07 2.722719114e-07 2.959243034e-07 2.309437575e-07 1.496107627e-07 1.469312124e-07 6.909932047e-08 7.278891124e-08 5.77955749e-08 3.683809592e-08 2.83759192e-08 6.15049122e-09 1.071013525e-08 1.10380801e-08 2.175942619e-08 3.421933917e-08 3.200972657e-08 4.068138031e-08 6.418348159e-08 8.339247849e-08 8.755234534e-08 9.950681657e-08 1.234067848e-07 1.143545214e-07 1.151765212e-07 1.062848813e-07 1.205610388e-07 7.964405477e-08 1.01328905e-07 7.772991565e-08 3.817402339e-08 3.621206299e-08 3.343659374e-08 1.801404837e-08 1.436816076e-08 6.602182912e-09 2.843302937e-09 2.80986848e-09 4.374009675e-09 4.126261711e-09 8.637911279e-09 1.359353776e-08 1.139783279e-08 2.689804097e-08 2.771381515e-08 
2.15955747e-08 2.077889749e-08 2.207452348e-08 9.95269459e-09 5.541280839e-09 5.331755059e-09 2.293047482e-09 2.872714365e-09 5.736118772e-09 1.395107578e-08 2.744414966e-08 3.343378841e-08 4.297154645e-08 4.666660408e-08 5.942040528e-08 7.860868296e-08 6.209373823e-08 1.051627067e-07 7.31721544e-08 9.728976517e-08 1.466568646e-07 1.023075248e-07 1.164473909e-07 7.535522591e-08 9.99163915e-08 7.437924695e-08 4.768724939e-08 4.801321749e-08 3.008346407e-08 2.648180118e-08 8.807946347e-09 1.184351325e-08 7.196417834e-09 2.646016008e-08 3.582870151e-08 5.354788788e-08 1.093552531e-07 1.023981094e-07 1.908677486e-07 2.375446967e-07 1.669132695e-07 3.025692562e-07 4.681920967e-07 3.502242143e-07 3.96849517e-07 4.717586159e-07 5.186079284e-07 5.212400687e-07 6.26194596e-07 7.264467687e-07 7.255554139e-07 6.711812523e-07 5.561539455e-07 5.310604925e-07 5.820041068e-07 6.887568718e-07 6.068903231e-07 6.317815621e-07 6.738085851e-07 8.049680767e-07 5.56162317e-07 1.006769931e-06 4.047888013e-07 6.744910688e-07 5.892908881e-07 4.420091654e-07 6.995332821e-07 5.543696069e-07 3.795361023e-07 7.699960977e-07 6.010429802e-07 7.535769189e-07 6.192127422e-07 6.768531597e-07 6.912479174e-07 6.204366594e-07 5.831445897e-07 6.469657512e-07 5.378492968e-07 4.680066034e-07 6.057952531e-07 5.439065273e-07 4.194630841e-07 6.7585097e-07 4.234429923e-07 3.67154048e-07 3.147310191e-07 2.136384014e-07 3.31095399e-07 1.459255062e-07 1.720482706e-07 9.572002755e-08 5.932908768e-08 4.114595202e-08 3.262999946e-08 1.23741299e-08 6.343118109e-09 7.846790798e-09 1.645865793e-08 2.795875064e-08 2.631264981e-08 4.896040153e-08 4.746969478e-08 9.764940929e-08 8.440379788e-08 8.678586003e-08 1.157493778e-07 1.262633235e-07 9.835417853e-08 1.142603161e-07 1.424951708e-07 9.40191806e-08 8.25277152e-08 7.167362242e-08 5.485052015e-08 3.770208606e-08 3.949878675e-08 1.618983402e-08 1.680267164e-08 5.544625796e-09 2.570891277e-09 2.376225089e-09 4.243045131e-09 4.222882745e-09 8.165796889e-09 1.711044367e-08 1.33261263e-08 2.563716255e-08 
2.499729569e-08 1.62407057e-08 1.603439357e-08 6.230898659e-09 6.527548296e-09 3.229454244e-09 4.050637305e-09 4.686391457e-09 1.284723082e-08 1.981991903e-08 2.837188334e-08 4.319873948e-08 5.603543733e-08 5.516495158e-08 9.71373837e-08 9.74627834e-08 1.252222435e-07 1.194773355e-07 1.027644038e-07 1.336747329e-07 1.068195856e-07 1.055748051e-07 1.034514307e-07 8.290520306e-08 1.161408243e-07 6.026955757e-08 3.523752448e-08 2.346264991e-08 1.502998892e-08 1.443857392e-08 7.213300233e-09 1.204184124e-08 2.45902447e-08 4.39285603e-08 3.575928978e-08 1.217525426e-07 1.416647778e-07 2.350657126e-07 1.952022861e-07 2.410192635e-07 2.458835132e-07 3.256913871e-07 3.770913496e-07 4.530502644e-07 5.261814845e-07 6.03564944e-07 4.838896067e-07 8.878196271e-07 6.988195811e-07 8.052718416e-07 5.385528749e-07 7.252263332e-07 4.515744409e-07 4.98490027e-07 6.362819132e-07 7.667397868e-07 7.415033966e-07 5.903395106e-07 5.376403072e-07 5.406562702e-07 4.3597633e-07 3.51880862e-07 5.151495632e-07 6.904260333e-07 5.649229625e-07 5.864875284e-07 7.784760018e-07 5.943558594e-07 6.655080816e-07 5.910165993e-07 4.902294365e-07 5.416199221e-07 4.200899845e-07 7.154088303e-07 5.788245243e-07 5.776367067e-07 6.188622418e-07 9.13525323e-07 7.455212891e-07 5.55545862e-07 7.420929618e-07 5.424400969e-07 5.060226322e-07 3.953873697e-07 3.64178305e-07 2.690957591e-07 3.696463482e-07 3.146765952e-07 1.96451427e-07 2.358094542e-07 1.274458331e-07 8.093112568e-08 8.148422348e-08 8.520368254e-08 4.883441864e-08 1.899003863e-08 1.379609362e-08 1.004132318e-08 1.509496943e-08 1.484194629e-08 3.056249561e-08 4.084701892e-08 4.317995602e-08 1.024462634e-07 6.34700597e-08 9.558307167e-08 1.31809832e-07 1.433085534e-07 1.06908988e-07 9.385891329e-08 1.439861273e-07 1.01214282e-07 1.115131376e-07 8.783343475e-08 3.4634566e-08 5.440455014e-08 4.752305972e-08 3.732234122e-08 1.389415967e-08 1.161983078e-08 3.577649142e-09 2.744849484e-09 2.104614467e-09 3.369927553e-09 5.314656402e-09 1.558779402e-08 1.554179799e-08 1.842516729e-08 
2.155925697e-08 2.045541388e-08 5.315390627e-09 3.195496239e-09 3.315207791e-09 1.786663862e-09 3.775208017e-09 6.220270364e-09 1.203926126e-08 1.919607808e-08 2.989377701e-08 4.539043009e-08 6.590685612e-08 9.732094541e-08 9.518986243e-08 1.187746164e-07 1.171873243e-07 1.227568333e-07 1.017610052e-07 1.242304228e-07 9.079009182e-08 7.961983295e-08 5.425835613e-08 8.208323289e-08 7.412723706e-08 4.125707538e-08 3.280819088e-08 1.030466912e-08 1.401118275e-08 8.358165489e-09 1.677365904e-08 2.244000379e-08 3.868209393e-08 6.593501829e-08 8.311826065e-08 1.705776927e-07 1.754199796e-07 1.290449434e-07 3.277121624e-07 3.030667351e-07 3.968393995e-07 4.088143167e-07 6.004197717e-07 5.071643551e-07 7.395951402e-07 6.079311174e-07 6.778171829e-07 4.744874018e-07 6.277534671e-07 7.62555034e-07 6.620978221e-07 7.691238534e-07 6.139666227e-07 7.049609326e-07 8.791101555e-07 5.284407961e-07 6.015759306e-07 6.314250601e-07 7.167569183e-07 3.656596922e-07 5.268288581e-07 4.167651947e-07 5.512056276e-07 5.806791414e-07 5.715589852e-07 4.278493601e-07 4.30042327e-07 7.652975357e-07 6.589738636e-07 7.303479069e-07 8.091679878e-07 5.905575436e-07 7.22187827e-07 9.496818208e-07 6.964772169e-07 6.333723406e-07 6.409021423e-07 6.58563942e-07 5.79174667e-07 6.750705104e-07 8.426198865e-07 5.624573185e-07 6.511959904e-07 6.864466033e-07 7.163155123e-07 4.652881202e-07 4.345248182e-07 3.810430874e-07 3.654063858e-07 3.687524899e-07 2.119824546e-07 2.293233814e-07 1.226772765e-07 1.226404737e-07 6.308119998e-08 4.858006196e-08 3.090180815e-08 1.235481341e-08 7.258175595e-09 1.489640833e-08 1.601525983e-08 3.377168471e-08 5.661761437e-08 6.178298016e-08 7.572803554e-08 9.800744664e-08 8.039266695e-08 1.118039822e-07 1.573484828e-07 1.161456189e-07 1.298125609e-07 1.14838826e-07 9.37726066e-08 9.180426478e-08 6.043005779e-08 6.862698066e-08 4.051903044e-08 3.706033738e-08 2.443152065e-08 1.429101836e-08 5.563083144e-09 4.484994611e-09 3.025898561e-09 4.464139855e-09 4.627319464e-09 1.246113056e-08 1.044673287e-08 2.221560136e-08 
1.918046201e-08 1.809938551e-08 1.223947434e-08 2.949825108e-09 2.171005957e-09 3.475316559e-09 4.912303592e-09 7.582486348e-09 1.502879438e-08 2.485120679e-08 4.296934231e-08 5.160904524e-08 8.06035501e-08 6.379501026e-08 8.247166514e-08 9.509996854e-08 1.163602364e-07 1.241693997e-07 1.135816279e-07 1.089079444e-07 9.419808459e-08 1.189965957e-07 7.276252199e-08 8.967022599e-08 5.910254038e-08 3.339197424e-08 2.897399739e-08 8.818708005e-09 5.661208656e-09 1.532646831e-08 1.617924783e-08 3.189846452e-08 8.00807334e-08 1.104623658e-07 1.261790463e-07 1.766168344e-07 1.829344815e-07 2.961345739e-07 4.319238336e-07 3.884502614e-07 3.703242014e-07 5.269563977e-07 7.07402832e-07 5.503420567e-07 7.862666355e-07 8.577127035e-07 6.514139321e-07 6.446292263e-07 5.886784501e-07 6.301680803e-07 4.713585571e-07 6.748842527e-07 6.318269382e-07 6.379382799e-07 5.178736303e-07 6.774112932e-07 6.174231063e-07 4.708900908e-07 5.194429519e-07 5.671233389e-07 3.973624919e-07 5.618778684e-07 3.900089119e-07 4.960531967e-07 5.292323698e-07 5.081819408e-07 3.508806959e-07 3.257851389e-07 4.738136546e-07 5.336422972e-07 4.644776791e-07 4.723270671e-07 6.242952732e-07 6.371229962e-07 4.830586267e-07 7.369611487e-07 7.169501633e-07 9.16726387e-07 6.984753529e-07 6.603180478e-07 4.710401925e-07 6.763197206e-07 8.347304329e-07 7.386191445e-07 5.392146977e-07 5.070855784e-07 5.370261062e-07 5.014975015e-07 4.000544324e-07 1.986793459e-07 2.940039777e-07 2.259622867e-07 2.108081912e-07 1.203579605e-07 9.456243121e-08 1.071840827e-07 3.077318233e-08 3.180252743e-08 1.08219825e-08 9.4558963e-09 1.697879033e-08 2.407188942e-08 2.928244431e-08 3.717452819e-08 5.918055692e-08 7.400769134e-08 9.999675412e-08 1.158949804e-07 9.78238465e-08 1.029218168e-07 1.15787739e-07 1.3589462e-07 1.043906254e-07 6.893535641e-08 1.26482518e-07 5.980750719e-08 4.506369838e-08 5.222508296e-08 3.225623018e-08 2.069052466e-08 1.331323242e-08 6.441886173e-09 3.574745344e-09 1.604440856e-09 3.765615858e-09 7.517636395e-09 1.560422401e-08 9.901729416e-09 
1.640981894e-08 8.745110906e-09 2.686628609e-09 3.235827756e-09 2.789877336e-09 3.421281403e-09 5.656709194e-09 1.916460185e-08 3.381676353e-08 3.989267795e-08 5.034044091e-08 8.086949454e-08 6.549349853e-08 7.586560906e-08 9.607336022e-08 1.074470173e-07 1.056419475e-07 9.637301005e-08 8.879600422e-08 1.004208991e-07 1.155386572e-07 7.402496318e-08 5.978703553e-08 6.650845149e-08 3.564868035e-08 2.71061749e-08 8.845771679e-09 6.765947776e-09 7.507651361e-09 2.058313455e-08 3.627472721e-08 6.432145595e-08 1.128667878e-07 1.573281166e-07 1.567444821e-07 1.751854709e-07 3.444441725e-07 4.496373699e-07 4.212686601e-07 4.110113471e-07 5.967828287e-07 4.772841562e-07 4.03435147e-07 5.479177203e-07 6.611141561e-07 6.281461663e-07 4.712140908e-07 7.969044788e-07 5.729915266e-07 5.934519005e-07 6.348045821e-07 6.395039636e-07 4.785068284e-07 4.26219121e-07 4.366633195e-07 4.758236934e-07 4.203175541e-07 3.518886913e-07 3.843399227e-07 4.246822706e-07 2.547097793e-07 3.108102802e-07 3.470345922e-07 3.469322677e-07 3.493696795e-07 3.251689215e-07 2.535942699e-07 3.203396001e-07 3.131795279e-07 4.671505031e-07 4.298800387e-07 4.474747027e-07 5.65815638e-07 5.022328983e-07 6.247038572e-07 5.72447252e-07 4.311289722e-07 8.847264198e-07 7.280311966e-07 6.519332839e-07 6.800082243e-07 8.187206418e-07 8.346480017e-07 8.596690915e-07 6.415919506e-07 6.895090383e-07 6.418703739e-07 4.844841751e-07 6.631372396e-07 3.709007422e-07 4.958566645e-07 2.601142191e-07 2.511706267e-07 1.769682447e-07 1.096649402e-07 9.617619134e-08 9.063252076e-08 3.560961022e-08 1.754436874e-08 1.144871186e-08 8.906625931e-09 1.705642271e-08 1.903253973e-08 3.295620239e-08 3.71554222e-08 9.534336442e-08 1.190508983e-07 1.143939396e-07 8.640283014e-08 1.206247347e-07 1.381125621e-07 1.327144049e-07 1.026818038e-07 1.499508894e-07 8.984498276e-08 5.690311808e-08 6.662944938e-08 4.489524106e-08 4.121121998e-08 2.508795229e-08 8.357710753e-09 7.228273575e-09 4.513071285e-09 2.386641288e-09 3.181635258e-09 3.288491347e-09 9.834134901e-09 1.187389571e-08 
1.082624353e-08 5.87189266e-09 3.190654961e-09 2.231876216e-09 2.73933622e-09 4.930641581e-09 1.288693729e-08 1.502232924e-08 2.410919805e-08 3.960636742e-08 4.013023063e-08 7.319815213e-08 8.23965813e-08 9.027394786e-08 1.355582608e-07 1.186244268e-07 7.561805985e-08 1.33462438e-07 1.135194881e-07 9.70728099e-08 9.401275857e-08 9.426219684e-08 4.562908676e-08 2.751734183e-08 2.150233412e-08 2.504261742e-08 5.521387e-09 1.256895637e-08 1.525056903e-08 4.020777555e-08 7.633720525e-08 8.786944815e-08 1.583513252e-07 1.725762492e-07 2.577870165e-07 3.57153104e-07 2.102551949e-07 6.01209961e-07 5.26619532e-07 4.425557039e-07 6.079875745e-07 6.052094876e-07 6.300328605e-07 4.900669992e-07 6.453242255e-07 4.848774387e-07 7.318106367e-07 8.927159429e-07 5.702946564e-07 5.110420739e-07 7.291561752e-07 4.361003314e-07 4.191754883e-07 4.724471117e-07 4.1985178e-07 3.307854434e-07 2.839743899e-07 2.68637668e-07 2.688592297e-07 1.688919379e-07 2.351091226e-07 2.402694976e-07 1.848257343e-07 1.54963512e-07 1.924870661e-07 1.810210665e-07 1.793754134e-07 1.226381081e-07 2.100281777e-07 2.086459133e-07 3.205383493e-07 3.026374454e-07 2.294886184e-07 2.220293787e-07 3.759732878e-07 3.451914175e-07 5.723815636e-07 4.88499391e-07 4.608554243e-07 7.785688737e-07 5.200825022e-07 7.440970677e-07 6.339813073e-07 5.16444751e-07 5.029418132e-07 6.009024976e-07 8.262276531e-07 5.362398628e-07 6.603701284e-07 4.372107014e-07 4.593335765e-07 2.483641831e-07 3.476302457e-07 2.783531695e-07 1.810168432e-07 1.127431432e-07 9.691266588e-08 5.475691133e-08 5.558662038e-08 2.323119059e-08 5.353576784e-09 1.011788112e-08 1.878735251e-08 2.734914587e-08 3.248831877e-08 5.74456059e-08 7.379606918e-08 1.014952573e-07 7.555358894e-08 1.128691236e-07 9.054877399e-08 1.342672456e-07 9.432013764e-08 1.18995146e-07 1.033818e-07 9.560763043e-08 5.758122056e-08 7.643403976e-08 4.264625357e-08 3.440596009e-08 1.788509128e-08 1.235945158e-08 6.820757382e-09 4.624879471e-09 2.784121604e-09 2.65196492e-09 8.271695435e-09 9.590816882e-09 
8.793474854e-09 5.568210363e-09 2.874882687e-09 2.70341547e-09 6.683175674e-09 8.682352345e-09 1.18577058e-08 3.030325412e-08 3.861319404e-08 4.275744793e-08 7.433206719e-08 7.127809449e-08 8.098836725e-08 1.592055991e-07 1.155327866e-07 1.35933701e-07 1.145807034e-07 9.481862924e-08 8.780209854e-08 8.832047359e-08 6.376250148e-08 3.652598766e-08 3.987035448e-08 1.802443499e-08 2.367567612e-08 1.172400618e-08 1.355442049e-08 1.967646614e-08 4.067001404e-08 7.992794628e-08 9.714257224e-08 9.557309332e-08 1.745933534e-07 2.195443176e-07 3.635147491e-07 4.89672184e-07 4.509377095e-07 4.986454979e-07 4.904046271e-07 5.499330213e-07 6.497848721e-07 6.811209563e-07 7.268612955e-07 5.404426741e-07 7.49071827e-07 7.210950117e-07 5.82342243e-07 5.779923784e-07 6.54392718e-07 5.588857611e-07 4.918314184e-07 3.613139114e-07 3.985054583e-07 2.478764074e-07 2.276256158e-07 1.215984519e-07 2.144170754e-07 1.893310454e-07 1.328726857e-07 1.169478675e-07 2.9792229e-08 9.262513248e-08 6.042246621e-08 6.030321378e-08 1.136596616e-07 8.46476282e-08 5.720550045e-08 1.80585716e-07 1.296076074e-07 1.159576061e-07 1.164664725e-07 1.83248084e-07 2.536803978e-07 1.52777305e-07 2.729630507e-07 3.581146276e-07 5.645790339e-07 4.70985102e-07 5.903036366e-07 6.609973272e-07 5.610258557e-07 6.627344008e-07 7.086895742e-07 6.827365092e-07 6.122717801e-07 5.942971397e-07 7.72329849e-07 6.121659554e-07 4.459872551e-07 4.985959545e-07 5.13399413e-07 4.431098517e-07 2.548726711e-07 2.424397357e-07 2.52927138e-07 1.805230427e-07 1.395835149e-07 6.764330827e-08 2.076210507e-08 2.546630385e-08 1.568920068e-08 1.080615654e-08 7.231054757e-09 2.170140428e-08 2.625721799e-08 2.298295773e-08 6.79190699e-08 5.624678759e-08 8.087767444e-08 7.816343107e-08 9.73853108e-08 1.424090163e-07 1.113975876e-07 1.232728483e-07 1.18035078e-07 1.001890885e-07 1.076772925e-07 8.268379781e-08 3.597772329e-08 3.024108615e-08 1.717388333e-08 1.457914598e-08 7.945408375e-09 3.965934611e-09 2.518658364e-09 3.490010728e-09 5.525631974e-09 9.124681662e-09 
8.416935958e-09 3.723506381e-09 3.031378243e-09 3.165889966e-09 5.851908582e-09 1.442596535e-08 1.614823729e-08 4.027560177e-08 4.590314538e-08 6.594018761e-08 4.074549906e-08 7.409367302e-08 9.141119671e-08 1.196083963e-07 1.121981892e-07 1.195617361e-07 9.362165127e-08 9.81580036e-08 8.92662945e-08 5.388363127e-08 7.805614548e-08 4.934109547e-08 4.000651327e-08 2.110237766e-08 1.401241652e-08 8.917484125e-09 6.776284536e-09 2.98349543e-08 6.934407243e-08 7.571072892e-08 1.236690653e-07 1.926307233e-07 1.709406186e-07 3.464316843e-07 2.078654863e-07 2.639105182e-07 5.447768915e-07 4.07647023e-07 7.133545357e-07 4.005685e-07 9.250949301e-07 3.333340306e-07 7.576105581e-07 5.302355814e-07 6.465507682e-07 6.585330779e-07 5.285336522e-07 6.001958027e-07 4.770479935e-07 3.746797817e-07 4.898997742e-07 2.400756354e-07 1.832555778e-07 1.941926683e-07 1.297603928e-07 1.588413062e-07 9.501963231e-08 7.568541285e-08 5.133395667e-08 7.058512632e-08 6.029439222e-08 6.071262835e-08 6.027213548e-08 7.911799633e-08 7.217390473e-08 1.244799392e-07 7.749084098e-08 8.143673417e-08 6.299692513e-08 9.516046883e-08 6.476953424e-08 1.381664314e-07 1.682058313e-07 1.705023863e-07 1.847762652e-07 1.945987996e-07 3.690794548e-07 3.620576638e-07 4.385344251e-07 3.805697289e-07 4.64827301e-07 5.808346105e-07 6.362843566e-07 5.235251965e-07 4.097929511e-07 7.344186261e-07 6.071739086e-07 6.450489672e-07 5.881058199e-07 6.043173534e-07 5.930421037e-07 3.899420793e-07 3.45669337e-07 2.590704273e-07 4.003553156e-07 1.999885371e-07 1.670571657e-07 1.97147337e-07 9.965069653e-08 5.792024615e-08 2.670819914e-08 6.724605477e-09 1.063222596e-08 1.242132802e-08 1.038148085e-08 3.636868856e-08 4.99241663e-08 7.278176686e-08 7.562720991e-08 1.337555995e-07 1.036555562e-07 1.016147365e-07 1.359922638e-07 1.21017344e-07 1.47388832e-07 9.423812909e-08 1.116094738e-07 7.224892501e-08 4.557005067e-08 5.794365213e-08 2.767975211e-08 1.63031481e-08 6.098970201e-09 7.507435913e-09 2.934803359e-09 2.475915876e-09 5.045287853e-09 9.934789641e-09 
6.116460741e-09 3.620486826e-09 1.029690383e-09 3.892708815e-09 7.678753296e-09 1.049836057e-08 3.635871038e-08 3.55678722e-08 5.282208394e-08 5.936234474e-08 8.460331432e-08 5.780157436e-08 8.487274469e-08 1.322476363e-07 7.796133254e-08 1.321768091e-07 1.139621833e-07 9.253856263e-08 7.91416247e-08 6.490391553e-08 6.184220557e-08 4.056947013e-08 1.862088704e-08 1.045946671e-08 1.375202653e-08 9.45096886e-09 2.458957641e-08 2.869961202e-08 6.331840029e-08 1.062858224e-07 1.50082529e-07 2.319738373e-07 2.714529845e-07 3.740047077e-07 3.895033881e-07 5.243994247e-07 6.658476904e-07 6.843193002e-07 8.350341453e-07 7.153297831e-07 6.583776831e-07 6.328191084e-07 5.432148731e-07 5.788312284e-07 7.101711719e-07 4.986951388e-07 4.59860692e-07 3.719960784e-07 3.957221846e-07 3.028831206e-07 1.78222501e-07 1.851816731e-07 1.399660725e-07 8.035628604e-08 6.972439802e-08 1.089277064e-07 7.388617601e-08 5.742062992e-08 1.104933712e-07 1.143697983e-07 1.660826429e-07 1.446502618e-07 1.879564506e-07 1.021958635e-07 2.140686166e-07 1.949718219e-07 1.344089802e-07 1.306190132e-07 1.51017678e-07 1.603355154e-07 1.030626486e-07 9.724365704e-08 8.037166489e-08 6.79353153e-08 5.429664889e-08 1.275637053e-07 2.505643896e-07 1.840880335e-07 2.778657863e-07 2.739532512e-07 5.832411412e-07 5.448711184e-07 5.949829249e-07 4.639645911e-07 7.030742952e-07 8.598588811e-07 1.032390267e-06 8.136444849e-07 7.467767206e-07 6.985141635e-07 6.080482875e-07 5.059573252e-07 3.969313404e-07 3.674623331e-07 4.004606691e-07 3.518715659e-07 1.538993628e-07 1.590388238e-07 1.155470045e-07 8.125220267e-08 4.865490234e-08 2.435401098e-08 1.223400474e-08 9.286583976e-09 1.353053515e-08 1.581690514e-08 4.630753111e-08 7.450317737e-08 3.693360609e-08 9.430731138e-08 8.989509012e-08 1.597617807e-07 1.143161904e-07 7.867761587e-08 1.469580391e-07 6.797726743e-08 9.184916647e-08 6.472569539e-08 6.547764333e-08 5.45096627e-08 3.361340119e-08 2.070140786e-08 1.534048209e-08 8.014341447e-09 3.193741612e-09 3.553666164e-09 3.075224046e-09 5.593337323e-09 
4.434211601e-09 2.31975824e-09 3.00559327e-09 4.473397955e-09 1.099159025e-08 2.04644841e-08 2.814319738e-08 4.263962423e-08 6.330866034e-08 6.293069599e-08 4.796669184e-08 1.050745612e-07 1.389722018e-07 7.732333043e-08 1.208377432e-07 8.226485267e-08 4.892437261e-08 1.149481899e-07 6.520379338e-08 4.464658103e-08 6.314440405e-08 2.732534039e-08 2.062844685e-08 2.094465936e-08 1.041593595e-08 2.151803327e-08 4.195758966e-08 9.11566152e-08 7.26963935e-08 1.903407718e-07 2.445687294e-07 2.475956517e-07 3.176134024e-07 3.742404566e-07 5.233003357e-07 8.733462687e-07 6.289768638e-07 5.113232377e-07 6.960465659e-07 6.019404544e-07 9.035643593e-07 7.233143482e-07 5.747528857e-07 3.642429306e-07 3.851545338e-07 4.462228826e-07 3.546291113e-07 2.766068081e-07 2.635253468e-07 1.607994294e-07 9.598762676e-08 9.05250273e-08 9.029527731e-08 5.220528071e-08 8.652320934e-08 1.365752936e-07 1.286412708e-07 2.066218853e-07 1.319459669e-07 3.969832047e-07 4.828782618e-07 2.219883266e-07 3.336492379e-07 4.298898097e-07 3.346247583e-07 4.416466416e-07 3.367769523e-07 3.124055462e-07 3.222203144e-07 1.546560523e-07 1.820039847e-07 1.8477089e-07 1.301081657e-07 6.034000956e-08 5.453923989e-08 1.01746534e-07 1.28296001e-07 6.113830192e-08 2.267360367e-07 2.13201666e-07 2.439886735e-07 4.559379868e-07 4.032098878e-07 3.569545092e-07 6.189664189e-07 5.270128535e-07 6.779784435e-07 5.809035616e-07 7.434404277e-07 8.135504968e-07 6.267893341e-07 4.645152043e-07 6.675288791e-07 5.554257526e-07 4.936649171e-07 3.594535539e-07 3.025690649e-07 2.414195668e-07 1.631968372e-07 7.606473194e-08 5.888086932e-08 6.339438074e-08 1.857647642e-08 1.223415845e-08 8.459502192e-09 3.356531349e-08 3.273943322e-08 4.894193189e-08 8.044616318e-08 5.725013048e-08 9.970611563e-08 1.105574944e-07 7.44798525e-08 1.407950428e-07 1.268929752e-07 7.306715421e-08 7.664456636e-08 6.899881966e-08 8.048886828e-08 7.344072437e-08 4.553982194e-08 3.577295346e-08 2.943047015e-08 9.808585814e-09 7.843819716e-09 2.491565291e-09 3.090531042e-09 4.332485817e-09 
3.997061008e-09 3.351805223e-09 3.165824007e-09 7.548057853e-09 1.674898166e-08 1.991190538e-08 2.79017593e-08 7.410143357e-08 6.038531953e-08 5.968033565e-08 9.078427403e-08 8.188512586e-08 9.906633391e-08 1.394383782e-07 8.794777077e-08 1.179749661e-07 9.558456891e-08 9.232633858e-08 7.242428719e-08 5.394676934e-08 4.480685515e-08 2.279816129e-08 1.746056321e-08 1.234788145e-08 1.210014214e-08 4.355567433e-08 5.838905967e-08 7.651412215e-08 2.054366938e-07 1.759551779e-07 2.937227005e-07 2.878392156e-07 5.008938168e-07 5.737559423e-07 5.775730676e-07 5.69277596e-07 5.454439963e-07 5.435652628e-07 4.680937591e-07 6.731540406e-07 5.478552387e-07 6.19535289e-07 4.644767603e-07 4.74651682e-07 3.419704429e-07 3.693744608e-07 2.211903744e-07 1.672188416e-07 1.306401714e-07 1.07020628e-07 1.433516875e-07 5.994427955e-08 9.18400083e-08 1.610325806e-07 6.837481212e-08 3.931122378e-07 4.65812894e-07 3.242954809e-07 4.231513558e-07 7.235328028e-07 6.589375654e-07 9.575014422e-07 7.179192424e-07 1.248126863e-06 1.146847692e-06 1.004283903e-06 4.584076464e-07 8.93377035e-07 9.669673709e-07 5.720513812e-07 3.528491416e-07 5.091314599e-07 2.914518064e-07 2.580085227e-07 1.206041221e-07 7.138935251e-08 9.611523896e-08 6.983373362e-08 6.511975116e-08 1.620917186e-07 2.358700195e-07 2.041059231e-07 4.379949376e-07 3.772930337e-07 5.443533282e-07 7.388225847e-07 4.740556938e-07 5.901240989e-07 5.570589764e-07 5.971182267e-07 8.538437314e-07 6.372456703e-07 5.322317325e-07 5.617506494e-07 4.938555733e-07 4.963143585e-07 3.565973484e-07 1.816563269e-07 2.565783694e-07 7.928741942e-08 8.732867426e-08 5.077492395e-08 4.01055493e-08 1.388124395e-08 9.804784731e-09 1.202491561e-08 2.07233168e-08 2.975401808e-08 7.224548996e-08 7.624638109e-08 7.369854658e-08 8.719154447e-08 9.380630513e-08 1.31949842e-07 7.113875872e-08 1.023344719e-07 8.719742745e-08 1.09424036e-07 8.471794949e-08 6.699609261e-08 4.437763711e-08 2.413237247e-08 3.119852052e-08 1.074042327e-08 6.813696078e-09 4.080333555e-09 2.316115828e-09 5.105188841e-09 
4.216155367e-09 1.998006358e-09 5.524075992e-09 8.375158073e-09 1.188228665e-08 3.467086393e-08 6.078817452e-08 6.489556001e-08 6.04964885e-08 6.988941651e-08 1.217260472e-07 9.136107223e-08 1.313864483e-07 8.824011002e-08 9.70245138e-08 9.006106407e-08 1.063975298e-07 6.64659692e-08 4.94499844e-08 3.50226521e-08 2.351044604e-08 1.902123672e-08 8.739031161e-09 1.020536932e-08 2.75144348e-08 8.425561794e-08 8.741336958e-08 1.520076329e-07 2.210410916e-07 2.9310379e-07 3.378765285e-07 3.906349679e-07 4.052154609e-07 5.44464205e-07 4.595901331e-07 4.999027117e-07 6.272080273e-07 5.211619486e-07 7.940657848e-07 6.826777036e-07 5.995438063e-07 6.693216504e-07 4.897614479e-07 3.283184601e-07 2.630230101e-07 2.018972415e-07 1.037709135e-07 6.655840285e-08 7.212227105e-08 1.354826373e-07 1.394650759e-07 1.383477044e-07 1.223718299e-07 1.172603373e-07 4.843314555e-07 6.300125867e-07 8.641548323e-07 1.122464899e-06 1.112595323e-06 1.458894413e-06 8.923559389e-07 1.129630008e-06 1.400994221e-06 1.563721593e-06 1.517153687e-06 1.422869535e-06 2.547158119e-06 8.961801056e-07 1.593941749e-06 1.047013553e-06 1.558853357e-06 5.274306567e-07 8.355435975e-07 5.174230953e-07 4.634371482e-07 2.375159607e-07 1.382187385e-07 7.935581801e-08 7.263532137e-08 5.997318033e-08 1.088650245e-07 1.364098931e-07 3.06076021e-07 3.884327874e-07 2.940172485e-07 4.388133556e-07 6.121982447e-07 5.84118532e-07 9.970458884e-07 5.615448643e-07 9.026994561e-07 8.225196826e-07 6.466290739e-07 9.003026186e-07 5.07343278e-07 2.471668281e-07 3.941746315e-07 3.333389406e-07 3.454976118e-07 1.808965914e-07 1.478720773e-07 7.77883195e-08 5.84925339e-08 3.447137091e-08 1.192754773e-08 1.082170453e-08 1.445721266e-08 2.886727981e-08 2.779769661e-08 6.888507366e-08 6.315454074e-08 8.266893495e-08 1.255219553e-07 1.04090132e-07 1.042252578e-07 1.087910361e-07 8.097001365e-08 1.250359614e-07 8.528501281e-08 7.731227026e-08 3.879041605e-08 5.506147439e-08 2.297791111e-08 1.351694528e-08 1.238987661e-08 5.619907791e-09 1.862301805e-09 1.863648293e-09 
3.133996479e-09 3.291254713e-09 9.886421864e-09 1.18873153e-08 2.473438943e-08 2.890187258e-08 4.169785797e-08 5.234150426e-08 8.716555645e-08 9.432880928e-08 1.094381713e-07 1.406193571e-07 1.256197242e-07 9.998841587e-08 8.718933343e-08 7.59679296e-08 8.043483012e-08 1.079203031e-07 4.926976966e-08 3.79158894e-08 1.058358934e-08 1.803588975e-08 5.859421327e-09 1.78925902e-08 2.875309186e-08 3.992610333e-08 1.228758584e-07 1.484457771e-07 2.15201408e-07 2.05106327e-07 2.636854696e-07 5.205084881e-07 5.364111917e-07 6.199991368e-07 9.02366979e-07 5.972697685e-07 6.293692567e-07 7.049525657e-07 7.269544715e-07 7.280019273e-07 8.506805793e-07 5.339822662e-07 3.590921946e-07 3.184368809e-07 2.174936642e-07 1.212728036e-07 1.0204515e-07 8.498799848e-08 1.567646203e-07 1.922789104e-07 2.612254148e-07 5.000384707e-07 4.781059498e-07 6.131743354e-07 9.337382489e-07 1.079143259e-06 1.016291322e-06 1.340410314e-06 1.984257782e-06 2.445700275e-06 2.383581912e-06 2.344204004e-06 3.204778133e-06 2.843312543e-06 2.939668929e-06 3.705303103e-06 2.998536979e-06 2.665058153e-06 1.919087288e-06 2.680269768e-06 1.579621091e-06 1.316798426e-06 1.650150566e-06 1.218829839e-06 5.409172954e-07 3.886858015e-07 4.938949878e-07 1.490629314e-07 5.119859922e-08 1.221789714e-07 8.456420684e-08 9.170602084e-08 1.28669797e-07 1.901794345e-07 4.843504078e-07 4.077023888e-07 3.58406498e-07 3.533017904e-07 5.900425895e-07 5.94467987e-07 9.163122485e-07 7.259680107e-07 5.497499959e-07 3.959851592e-07 2.846171077e-07 4.485463176e-07 3.673618522e-07 2.606135261e-07 2.454375623e-07 2.431434385e-07 1.146426432e-07 7.843819525e-08 3.660809195e-08 4.080066435e-08 2.043346004e-08 7.129968254e-09 1.096591129e-08 1.749250924e-08 5.157092823e-08 6.340777571e-08 6.174978653e-08 1.090795276e-07 1.048908438e-07 9.527779924e-08 1.190071154e-07 1.473321203e-07 9.527816819e-08 7.239741895e-08 1.131056518e-07 6.638182667e-08 7.47354922e-08 3.559570694e-08 3.432768884e-08 2.543394848e-08 1.142155659e-08 5.828348105e-09 2.206257168e-09 2.770418613e-09 
3.526489457e-09 5.453819481e-09 5.357454747e-09 7.926160693e-09 2.332641181e-08 5.19085944e-08 5.16781878e-08 6.915088779e-08 8.121965506e-08 1.090085666e-07 1.03994181e-07 1.451496431e-07 1.031812674e-07 1.264348036e-07 1.171468099e-07 8.543385751e-08 7.451720606e-08 5.904823881e-08 3.595289063e-08 1.521062386e-08 1.2401402e-08 8.322612213e-09 1.337187334e-08 3.071641462e-08 3.761145775e-08 5.188798089e-08 1.427155975e-07 2.682743921e-07 2.899061653e-07 4.182069024e-07 4.215537448e-07 5.106294629e-07 6.440145997e-07 5.546199191e-07 6.530905994e-07 8.852054624e-07 6.861048629e-07 6.80452596e-07 6.617308578e-07 5.576765656e-07 4.18180108e-07 3.287331542e-07 2.481371905e-07 3.071505583e-07 8.60077939e-08 4.783496251e-08 9.786789945e-08 7.493699796e-08 2.153629798e-07 4.292485784e-07 6.707399725e-07 6.201470942e-07 8.225586318e-07 1.15280213e-06 1.464709393e-06 1.549538649e-06 2.651946434e-06 2.118606197e-06 2.018063356e-06 3.911456891e-06 4.425392804e-06 3.691196311e-06 4.584056068e-06 4.670354768e-06 3.907930501e-06 3.132385111e-06 4.11658961e-06 4.013681668e-06 4.058570443e-06 3.18726919e-06 3.508160255e-06 2.895937108e-06 2.098726288e-06 1.668592153e-06 8.963072354e-07 7.806597955e-07 5.548938061e-07 3.241223142e-07 1.282875573e-07 1.453664732e-07 1.254272314e-07 1.151809359e-07 1.082533807e-07 1.382111161e-07 1.775953107e-07 2.381226147e-07 2.681357254e-07 2.957526468e-07 6.262219163e-07 7.235695113e-07 6.245188875e-07 5.11738504e-07 6.423365788e-07 8.417873707e-07 6.663167894e-07 4.759253437e-07 5.294700252e-07 3.091941216e-07 3.58674897e-07 2.728170428e-07 3.221866407e-07 1.244700878e-07 6.589378994e-08 6.627959029e-08 2.4786966e-08 1.527919322e-08 9.280994489e-09 1.248114953e-08 2.406763587e-08 3.826789186e-08 7.209021538e-08 8.532672753e-08 8.291374198e-08 7.98614628e-08 1.130023385e-07 1.043869436e-07 1.390077267e-07 1.187533897e-07 1.272569186e-07 6.838674458e-08 8.015002427e-08 6.459852018e-08 2.804336386e-08 2.008537543e-08 1.866983592e-08 8.857109081e-09 4.930262249e-09 2.052584527e-09 
2.290639531e-09 4.741821981e-09 7.874126266e-09 2.481386378e-08 3.143281218e-08 4.328570762e-08 7.266709634e-08 8.292591095e-08 9.744134798e-08 1.028012589e-07 8.853253096e-08 1.239129746e-07 9.799429505e-08 7.634652841e-08 1.086382278e-07 8.033917185e-08 6.060199425e-08 8.270752648e-08 3.466159481e-08 2.145997078e-08 1.20676217e-08 1.33394316e-08 2.91965367e-08 3.945747098e-08 8.934743289e-08 1.240315267e-07 2.048832478e-07 1.915651741e-07 3.008234449e-07 3.681897227e-07 3.738176375e-07 6.724286705e-07 5.462351427e-07 5.977642216e-07 6.691319265e-07 5.683747923e-07 6.614430174e-07 6.124098571e-07 6.682133707e-07 5.184054471e-07 4.195549862e-07 2.870399281e-07 1.896459815e-07 1.043146126e-07 1.115523908e-07 5.755178598e-08 1.9115118e-07 1.821713568e-07 3.866865662e-07 6.945655422e-07 8.044361907e-07 9.962782058e-07 1.820023246e-06 2.829831837e-06 2.83320608e-06 2.188208536e-06 3.408912353e-06 3.46321408e-06 4.160538017e-06 4.369314477e-06 4.855810804e-06 5.531774379e-06 6.99104886e-06 6.520133966e-06 5.22806566e-06 7.03022877e-06 5.664761902e-06 3.278049898e-06 4.177833002e-06 4.787634084e-06 3.317475754e-06 3.170421043e-06 2.317567663e-06 1.907499578e-06 2.351500852e-06 1.066084137e-06 1.453101001e-06 9.089282855e-07 6.857536646e-07 5.072228735e-07 3.724242697e-07 8.41111118e-08 6.817495687e-08 6.918477131e-08 1.844144217e-07 2.656720945e-07 3.235154169e-07 4.727500354e-07 3.31405641e-07 4.911214862e-07 5.791647756e-07 5.973708104e-07 5.139235406e-07 4.826651367e-07 5.854626144e-07 7.333450338e-07 5.979399651e-07 5.448492635e-07 4.441310759e-07 2.609958442e-07 1.941757431e-07 1.836624109e-07 6.331524348e-08 8.459072329e-08 4.489099612e-08 2.639238806e-08 6.763088648e-09 1.003557437e-08 1.783263001e-08 4.448183727e-08 3.317578649e-08 6.013778829e-08 1.194361002e-07 9.697711971e-08 7.898543776e-08 1.212787662e-07 1.301584989e-07 8.722745204e-08 9.365212134e-08 9.537397797e-08 3.527961233e-08 4.888990874e-08 5.864318712e-08 2.09049109e-08 2.253303173e-08 1.002646834e-08 6.406101597e-09 1.719490885e-09 
3.017195731e-09 7.696832021e-09 1.191338471e-08 2.38814014e-08 2.965869892e-08 4.726969772e-08 4.186035113e-08 6.483606808e-08 1.03182942e-07 1.440329613e-07 5.978471954e-08 9.163316924e-08 8.04292854e-08 1.017682487e-07 1.005380467e-07 7.77393621e-08 6.122935929e-08 4.261385788e-08 3.085941765e-08 1.583863284e-08 1.380287216e-08 7.886263885e-09 1.780813037e-08 6.384283598e-08 1.190051802e-07 1.47050628e-07 2.962371343e-07 2.476836487e-07 4.342859549e-07 5.293870837e-07 3.685275216e-07 6.525944049e-07 8.219607071e-07 6.888520182e-07 4.067738668e-07 8.437248692e-07 5.916967837e-07 6.233615181e-07 3.781000101e-07 3.988469199e-07 2.952938017e-07 2.796781319e-07 1.264226381e-07 1.135909601e-07 5.448588612e-08 7.924752613e-08 3.022438105e-07 4.317021296e-07 7.339874907e-07 8.250167024e-07 1.588790051e-06 1.953721284e-06 2.261613885e-06 2.423293207e-06 4.058248159e-06 6.472644163e-06 5.56335942e-06 5.502585232e-06 8.046643564e-06 8.693024184e-06 5.603892721e-06 7.764577326e-06 7.403957518e-06 7.760932725e-06 7.302368732e-06 7.349444552e-06 8.553843329e-06 7.438086194e-06 6.869152023e-06 5.927668945e-06 8.102367719e-06 4.218687489e-06 5.152011938e-06 3.685675647e-06 3.569717776e-06 2.741011987e-06 1.909907932e-06 1.225057745e-06 6.599219764e-07 5.486795344e-07 3.479535921e-07 1.64899428e-07 1.108242178e-07 9.14977447e-08 4.681266693e-08 1.866689393e-07 1.626193102e-07 4.115671493e-07 2.911119519e-07 4.910340977e-07 6.235331001e-07 6.182859105e-07 8.376919503e-07 5.723356708e-07 8.236707233e-07 5.18265754e-07 6.657244007e-07 5.430771215e-07 4.151633756e-07 2.997491537e-07 2.512835065e-07 1.829515764e-07 1.279184545e-07 1.22365218e-07 6.145899327e-08 2.80702416e-08 9.218601942e-09 1.124212937e-08 1.199017493e-08 3.15011503e-08 4.181045447e-08 5.769153584e-08 8.096850822e-08 9.066718529e-08 1.216376243e-07 1.173271971e-07 1.420239799e-07 9.753233613e-08 9.45280219e-08 9.862568441e-08 9.469879826e-08 6.097308995e-08 3.929214307e-08 3.982402164e-08 2.46026386e-08 1.356609398e-08 5.676215752e-09 2.660877071e-09 
4.848234742e-09 9.593548806e-09 1.975417033e-08 2.774695263e-08 2.645818681e-08 5.014032167e-08 6.35635268e-08 7.51778928e-08 1.039659211e-07 8.608340336e-08 1.224587805e-07 1.148735217e-07 1.083225775e-07 1.086412284e-07 6.870035557e-08 9.394892175e-08 6.442382328e-08 3.288679585e-08 1.973777862e-08 1.617668552e-08 7.640990237e-09 2.065411496e-08 3.393990248e-08 4.987929357e-08 1.063522508e-07 1.371685795e-07 2.327671413e-07 3.178357629e-07 3.385923345e-07 2.912421512e-07 4.959555516e-07 6.382954619e-07 5.078595631e-07 6.346184932e-07 6.329461162e-07 8.224652305e-07 4.64525319e-07 4.452868515e-07 5.044046883e-07 3.874843739e-07 3.096794426e-07 1.827807915e-07 8.065755592e-08 1.195493546e-07 1.193894013e-07 2.273434493e-07 4.402127424e-07 6.295859405e-07 1.203904089e-06 1.431180935e-06 2.395291435e-06 3.984255433e-06 3.195431772e-06 4.625188955e-06 4.726967743e-06 8.02761001e-06 1.064399788e-05 9.48896118e-06 1.033918823e-05 9.321237477e-06 1.112870565e-05 8.848575331e-06 1.3036338e-05 1.125219954e-05 1.473504294e-05 1.149115904e-05 8.689872494e-06 1.106671227e-05 8.661998866e-06 8.069179321e-06 6.430585299e-06 7.864085939e-06 8.325860902e-06 5.216929367e-06 4.109142514e-06 3.375704292e-06 1.959305947e-06 2.675084444e-06 1.477186629e-06 1.142354418e-06 7.75638738e-07 2.196774013e-07 1.299970175e-07 1.323245457e-07 5.395407948e-08 1.00466268e-07 1.48079722e-07 2.243203616e-07 3.532457433e-07 3.961274994e-07 5.033103858e-07 6.200858424e-07 6.580391346e-07 9.502801932e-07 5.837672815e-07 7.435371372e-07 7.748900838e-07 5.604634479e-07 4.476353837e-07 4.656524312e-07 1.923304401e-07 1.754081306e-07 1.565577617e-07 7.494163333e-08 6.289894653e-08 5.071472362e-08 2.563198159e-08 7.526926364e-09 1.108205087e-08 1.512369085e-08 3.817190873e-08 7.764060884e-08 7.786650175e-08 8.613900532e-08 1.056950418e-07 1.091147719e-07 1.211668415e-07 1.05910906e-07 9.639591335e-08 1.139306859e-07 6.712766897e-08 9.726356766e-08 6.382040564e-08 1.93155562e-08 2.667584364e-08 1.795367436e-08 7.345751362e-09 4.096369045e-09 
4.863351224e-09 6.915498517e-09 1.948624254e-08 3.504152067e-08 4.885624924e-08 5.552845969e-08 7.67078952e-08 9.151480194e-08 6.086924232e-08 1.066117505e-07 9.941324415e-08 1.19433404e-07 1.341731075e-07 8.536467268e-08 7.684714991e-08 9.057855972e-08 2.769177088e-08 2.454354113e-08 1.024439149e-08 9.136165287e-09 7.09334998e-09 2.562489911e-08 5.973177767e-08 8.255849107e-08 1.252413353e-07 2.263534831e-07 3.486023734e-07 4.907057171e-07 3.616190246e-07 3.511599819e-07 3.481408511e-07 6.242558038e-07 4.753126969e-07 6.900046352e-07 7.293968999e-07 4.702753684e-07 5.639921392e-07 5.228127274e-07 3.50207976e-07 1.778210632e-07 1.47027305e-07 1.064558958e-07 1.06802862e-07 1.329051068e-07 2.729014852e-07 6.139242846e-07 1.067389739e-06 1.090879867e-06 2.308945839e-06 2.638549169e-06 3.33449022e-06 2.527604742e-06 4.78390728e-06 7.421661665e-06 6.68842216e-06 1.036207226e-05 1.132073804e-05 9.22315216e-06 7.44471494e-06 1.143883931e-05 1.982801289e-05 1.696361287e-05 1.62575457e-05 1.109663357e-05 1.224734654e-05 1.41122734e-05 1.544596578e-05 1.557661838e-05 9.515354517e-06 8.507206274e-06 1.421352809e-05 8.486125053e-06 8.148532996e-06 6.193642946e-06 5.810155567e-06 5.473537997e-06 3.675248527e-06 4.394169875e-06 2.599513037e-06 1.330954082e-06 8.915597393e-07 5.557245493e-07 5.308307649e-07 4.006447559e-07 1.317233503e-07 7.261259387e-08 1.284237236e-07 1.24174231e-07 2.909857627e-07 3.127966773e-07 4.808972443e-07 5.143566595e-07 6.272478993e-07 5.586160038e-07 5.892787677e-07 8.039995147e-07 7.948694747e-07 3.766711055e-07 6.157020762e-07 5.256297459e-07 3.636201754e-07 3.055778196e-07 1.73974276e-07 1.441158574e-07 9.316580385e-08 3.664014853e-08 2.983536717e-08 1.557455371e-08 8.846907556e-09 2.047448699e-08 2.378350622e-08 6.356972612e-08 8.241817486e-08 7.731133969e-08 1.248493401e-07 9.470820984e-08 1.169157216e-07 9.833278346e-08 1.33381303e-07 7.12150149e-08 7.926931392e-08 6.37136255e-08 5.249290619e-08 6.679113688e-08 3.559155168e-08 1.742159777e-08 1.453994445e-08 4.881213473e-09 
7.118464657e-09 7.383009396e-09 1.514504614e-08 3.093707708e-08 3.71403642e-08 4.434074591e-08 1.014422251e-07 8.590489687e-08 8.133938167e-08 8.166458578e-08 1.073406988e-07 8.372632173e-08 1.114312799e-07 8.097860304e-08 8.950623562e-08 6.531700205e-08 3.884345878e-08 3.592873029e-08 1.133972872e-08 1.252953219e-08 2.303442257e-08 3.530657361e-08 5.230351111e-08 4.053497275e-08 1.156805148e-07 1.992065062e-07 3.299173313e-07 2.626764828e-07 5.481847211e-07 7.675608235e-07 7.951057135e-07 8.424862946e-07 5.705036625e-07 7.205052985e-07 6.806164012e-07 5.178972918e-07 4.244757904e-07 3.979358404e-07 3.08255647e-07 2.429460721e-07 1.134261955e-07 5.749669118e-08 1.215946771e-07 2.559968217e-07 3.379703149e-07 6.233695963e-07 7.667093916e-07 1.1721001e-06 2.990804819e-06 2.643559983e-06 5.642058535e-06 4.512667472e-06 4.746290864e-06 8.032332694e-06 8.711841832e-06 1.351410693e-05 1.034769011e-05 1.270843542e-05 1.489118316e-05 1.115066594e-05 2.22811512e-05 1.468084159e-05 1.413922693e-05 1.28696739e-05 1.948625042e-05 2.010828646e-05 2.043654432e-05 1.509754743e-05 1.593296053e-05 1.408337352e-05 8.103483064e-06 1.111917902e-05 1.299187559e-05 1.301953439e-05 7.97489355e-06 7.257081948e-06 4.639128372e-06 5.363264013e-06 3.171381568e-06 1.755402023e-06 2.716585107e-06 9.979904385e-07 6.718538516e-07 3.540190348e-07 1.984832375e-07 1.41405129e-07 7.135571341e-08 7.786454841e-08 1.768795836e-07 2.209043534e-07 6.49146343e-07 4.269296754e-07 6.097630078e-07 7.280125316e-07 5.978108885e-07 5.257944225e-07 5.586911686e-07 5.247293226e-07 3.839486954e-07 4.279558267e-07 5.201035915e-07 3.186099818e-07 2.249388378e-07 2.513055176e-07 1.45740557e-07 4.135886885e-08 3.993346469e-08 8.330173162e-09 1.037619336e-08 8.98185185e-09 2.366546345e-08 4.112540425e-08 4.159960821e-08 1.002005248e-07 7.964926982e-08 1.008440824e-07 1.126432034e-07 9.953298465e-08 8.762223201e-08 7.70468223e-08 1.05524812e-07 5.833524536e-08 5.625125749e-08 4.388640125e-08 4.357054408e-08 2.41384326e-08 1.236879241e-08 6.26653759e-09 
6.247923712e-09 1.404115496e-08 2.244408633e-08 3.455004071e-08 3.225561901e-08 6.496019e-08 8.898941377e-08 8.055166932e-08 1.207784574e-07 1.219516639e-07 9.687450015e-08 8.540761134e-08 9.624368882e-08 9.297364227e-08 5.062036031e-08 4.269414611e-08 3.934214165e-08 2.283696969e-08 1.027865655e-08 9.512138588e-09 1.516284666e-08 5.919611056e-08 6.969252934e-08 9.861427868e-08 7.362831702e-08 3.095727064e-07 3.199936962e-07 5.626909731e-07 4.918901261e-07 6.096372944e-07 5.207892914e-07 6.169676738e-07 9.496848023e-07 6.86457035e-07 4.480754019e-07 4.934682806e-07 5.291196628e-07 2.487757906e-07 1.398592407e-07 9.762976589e-08 5.802166134e-08 7.127033432e-08 1.937577125e-07 3.371838402e-07 4.619951204e-07 1.616260474e-06 1.022082814e-06 3.003384536e-06 2.675302629e-06 5.584214983e-06 5.0188128e-06 5.883458353e-06 7.455552452e-06 1.213655401e-05 1.707992278e-05 1.092968448e-05 1.734733109e-05 1.553517239e-05 2.095146975e-05 1.50403599e-05 2.037144192e-05 2.37843685e-05 1.875751801e-05 2.482490468e-05 2.021301382e-05 1.863616845e-05 2.073114641e-05 2.109436928e-05 2.16158119e-05 1.552425238e-05 1.237458149e-05 1.625312858e-05 1.406215201e-05 1.233222563e-05 1.167113475e-05 1.132238988e-05 4.740933939e-06 6.236995042e-06 4.630201297e-06 3.479035155e-06 2.574446278e-06 1.805636886e-06 1.014939182e-06 6.063329401e-07 3.120356477e-07 1.048438103e-07 1.160900275e-07 1.020764935e-07 1.533044439e-07 2.355314085e-07 3.911281355e-07 4.806850471e-07 5.365142228e-07 5.64373172e-07 6.210365433e-07 9.190330113e-07 7.3530861e-07 6.314720446e-07 6.484826715e-07 6.974510495e-07 3.579701978e-07 3.616804101e-07 2.394277563e-07 1.516011747e-07 1.738460525e-07 9.095829004e-08 3.511873715e-08 2.246714228e-08 7.3409142e-09 5.931780227e-09 2.064441364e-08 2.737901137e-08 5.944425398e-08 6.023932911e-08 1.008316484e-07 1.113648541e-07 1.051234895e-07 1.327009621e-07 1.513968847e-07 1.372857961e-07 1.122879611e-07 8.288469908e-08 7.909121504e-08 3.769303585e-08 3.678291963e-08 2.986085915e-08 9.496850798e-09 8.024705124e-09 
5.516509877e-09 9.830218718e-09 2.026585376e-08 2.877654859e-08 5.803241583e-08 8.278264624e-08 7.440185065e-08 7.85071315e-08 7.347559652e-08 1.516370779e-07 1.438396666e-07 1.555792999e-07 8.177439923e-08 7.314176779e-08 8.377558338e-08 4.921285475e-08 3.095580944e-08 2.144612011e-08 5.821821914e-09 1.77979036e-08 1.595070518e-08 6.690501383e-08 1.473238936e-07 9.151730414e-08 2.416009562e-07 2.731039982e-07 3.165559604e-07 4.584155098e-07 5.408021356e-07 8.111616606e-07 6.312730444e-07 5.910534176e-07 9.395394457e-07 6.101432126e-07 6.548469054e-07 4.560510837e-07 2.616631827e-07 1.979899504e-07 1.595410674e-07 9.768296475e-08 8.098181536e-08 1.965518647e-07 3.077048992e-07 7.824808437e-07 1.350129998e-06 5.476828797e-07 1.916622786e-06 5.18754043e-06 4.801811268e-06 4.682719726e-06 8.093801045e-06 9.968285774e-06 8.761577765e-06 1.306235419e-05 1.349286554e-05 1.816329744e-05 2.378957055e-05 2.339271561e-05 2.01506637e-05 1.939295155e-05 2.831835393e-05 3.178691838e-05 2.908766423e-05 1.89659103e-05 2.654086197e-05 2.725215622e-05 2.407983732e-05 2.953608583e-05 2.451643412e-05 2.081719253e-05 1.290755114e-05 1.284151075e-05 2.12335101e-05 1.311430869e-05 1.240309952e-05 1.104682162e-05 7.719915157e-06 5.961704552e-06 6.023008806e-06 5.347792817e-06 2.191560061e-06 2.535228492e-06 1.581495918e-06 9.774894716e-07 6.981810685e-07 3.103523915e-07 1.654597436e-07 6.042386113e-08 1.122647638e-07 8.580077983e-08 2.661728179e-07 2.66030621e-07 4.513212624e-07 5.848445031e-07 6.177049345e-07 4.135499991e-07 5.58472302e-07 5.701224143e-07 6.175310834e-07 4.872675314e-07 4.532673011e-07 4.646434044e-07 2.116381017e-07 1.850615547e-07 1.798091831e-07 1.029972017e-07 4.294583244e-08 2.801892317e-08 6.826847776e-09 7.741164257e-09 1.328582385e-08 3.361182776e-08 3.974079199e-08 7.713666696e-08 7.73142187e-08 9.659388184e-08 1.485684892e-07 8.673032391e-08 9.889199919e-08 1.10777095e-07 1.449799631e-07 7.060268524e-08 9.587798258e-08 7.182903937e-08 2.726937712e-08 2.946948474e-08 1.570655628e-08 7.070072955e-09 
1.097271693e-08 3.053491575e-08 2.807423295e-08 3.759941881e-08 7.804374807e-08 4.831283169e-08 1.157272041e-07 7.225269769e-08 1.186980429e-07 1.045131074e-07 1.271981844e-07 1.199682534e-07 9.098309249e-08 5.814990522e-08 5.782728244e-08 4.758763561e-08 2.983277003e-08 1.083814758e-08 7.062820879e-09 1.627549117e-08 5.455269677e-08 8.209002944e-08 1.115563917e-07 1.474759152e-07 2.261270686e-07 2.886287145e-07 5.598025664e-07 4.671131563e-07 4.996741224e-07 6.133985343e-07 4.889573822e-07 6.577120409e-07 5.991942462e-07 7.096458991e-07 4.4987738e-07 5.620018099e-07 2.353551168e-07 2.943911197e-07 1.368213194e-07 8.184691586e-08 1.245253369e-07 3.017479358e-07 4.865928974e-07 8.676901641e-07 1.280370471e-06 1.816638963e-06 3.412321855e-06 4.612370357e-06 6.458152436e-06 4.761665869e-06 1.25365484e-05 1.47928398e-05 1.645903324e-05 1.450120496e-05 1.767643528e-05 2.36734839e-05 3.283197723e-05 2.786618936e-05 2.444986899e-05 2.164020511e-05 2.828108272e-05 3.431348528e-05 4.163448173e-05 2.770857201e-05 3.55558767e-05 4.30344383e-05 3.090577281e-05 4.275790288e-05 2.171771527e-05 2.996267094e-05 3.134435172e-05 3.002113148e-05 2.614732487e-05 2.072128499e-05 1.316281376e-05 1.833685988e-05 1.167036715e-05 5.898726226e-06 7.861962374e-06 3.670731525e-06 4.328633303e-06 3.732933095e-06 2.090549214e-06 1.642822707e-06 9.21623089e-07 6.66324404e-07 2.711550909e-07 3.869762333e-08 9.337717778e-08 1.119008044e-07 1.282612521e-07 2.713732466e-07 4.158068896e-07 6.355467155e-07 4.191133153e-07 6.589413258e-07 7.302614506e-07 7.798681844e-07 8.009162326e-07 6.714062806e-07 6.914032178e-07 4.791479743e-07 2.924047061e-07 3.242710532e-07 1.958753631e-07 7.88646842e-08 1.161572504e-07 1.671958105e-08 1.879624921e-08 3.785877362e-09 1.734233324e-08 3.162185139e-08 4.582094911e-08 6.530939593e-08 7.568258405e-08 8.114566347e-08 8.514939577e-08 8.723693917e-08 1.617364255e-07 9.128766376e-08 9.001042696e-08 9.939096839e-08 8.915251019e-08 6.742802527e-08 3.540195308e-08 2.861765283e-08 1.882154641e-08 1.081156393e-08 
1.051691596e-08 1.251854916e-08 4.150769647e-08 4.860074734e-08 5.955188637e-08 8.880626561e-08 9.802272463e-08 7.918444975e-08 1.008963258e-07 9.22017296e-08 1.046472131e-07 8.057306535e-08 1.045018022e-07 7.539146825e-08 6.198759091e-08 4.495079888e-08 1.697267595e-08 1.302660314e-08 1.039739564e-08 2.146798906e-08 4.430325375e-08 6.148525178e-08 1.160862433e-07 1.808196293e-07 2.397197032e-07 3.697212158e-07 4.666542655e-07 6.701666381e-07 7.782757341e-07 7.716667339e-07 6.355677173e-07 6.317613329e-07 1.007963026e-06 4.448602429e-07 5.023295733e-07 4.011564637e-07 2.813676633e-07 1.081843407e-07 8.16634664e-08 7.839664774e-08 3.962058142e-08 6.123902529e-07 9.592523146e-07 1.501912142e-06 1.816943526e-06 2.841735371e-06 5.657757265e-06 4.625596511e-06 7.107835161e-06 1.193866717e-05 9.160591403e-06 1.52783136e-05 1.810211932e-05 1.794517367e-05 2.593402255e-05 2.442471998e-05 2.831579983e-05 4.3026435e-05 3.364352262e-05 3.387570093e-05 4.850297787e-05 3.38903315e-05 3.080059816e-05 3.887780818e-05 4.186383974e-05 4.321995796e-05 4.088517436e-05 3.778706837e-05 3.91878905e-05 2.576577089e-05 3.51178005e-05 2.816317811e-05 1.580746385e-05 2.39617432e-05 2.438056522e-05 2.724946338e-05 1.493241119e-05 8.403026553e-06 1.091096138e-05 8.202233672e-06 3.677244545e-06 4.365103375e-06 3.241446023e-06 1.269370494e-06 1.028861058e-06 8.875367183e-07 2.02150534e-07 1.097511808e-07 5.969108304e-08 9.077476319e-08 1.924870961e-07 2.510820289e-07 4.694539578e-07 4.09727779e-07 6.453761677e-07 5.981023578e-07 8.332857456e-07 4.479127665e-07 7.244946853e-07 4.596338474e-07 4.43465212e-07 3.658912087e-07 3.634010444e-07 3.403995836e-07 2.776942362e-07 1.356293585e-07 7.884074969e-08 4.304329888e-08 2.10440514e-08 5.099677976e-09 1.364370368e-08 2.814452278e-08 3.986293091e-08 5.339877009e-08 6.229452148e-08 7.354816118e-08 1.309285692e-07 1.131165507e-07 1.570534343e-07 1.345795113e-07 9.550169794e-08 1.08550121e-07 6.423944232e-08 5.782388252e-08 5.248254342e-08 3.401857954e-08 1.899096206e-08 8.641981145e-09 
6.626372447e-09 1.91315413e-08 5.058230511e-08 5.709314166e-08 7.91867695e-08 7.470258404e-08 9.188515492e-08 6.852447872e-08 1.132326798e-07 9.563520182e-08 5.668887548e-08 1.130207133e-07 7.826967886e-08 9.14837648e-08 5.590820299e-08 3.451053455e-08 1.359735516e-08 1.882039987e-08 1.166788264e-08 1.575982109e-08 6.063776942e-08 1.10702068e-07 1.593895356e-07 2.152783481e-07 2.827763059e-07 3.057247626e-07 3.466760967e-07 7.442349911e-07 7.935212918e-07 7.775616103e-07 9.053052958e-07 7.566978801e-07 5.265530842e-07 5.811918141e-07 3.348512766e-07 3.661536693e-07 2.021854095e-07 9.061738141e-08 7.895084843e-08 1.082664595e-07 2.184690273e-07 5.11353798e-07 1.342980079e-06 1.932115059e-06 2.686337749e-06 4.014582873e-06 4.00117913e-06 7.290189706e-06 9.984517624e-06 1.2386632e-05 1.131328785e-05 1.450206428e-05 1.573267318e-05 1.366470506e-05 3.334248221e-05 3.973528421e-05 2.637659981e-05 3.166392117e-05 4.489878064e-05 3.137166714e-05 4.254768729e-05 5.185107518e-05 4.816456413e-05 5.744738612e-05 5.510647123e-05 5.752006316e-05 4.135439992e-05 5.926884077e-05 2.926246816e-05 3.570017154e-05 3.671902635e-05 3.889801281e-05 1.629646687e-05 2.628989084e-05 2.153637307e-05 2.116369882e-05 1.217827743e-05 1.405250258e-05 1.194746846e-05 7.445300796e-06 4.070399439e-06 5.709623307e-06 3.240118114e-06 1.938925425e-06 9.758392674e-07 1.292682124e-06 4.48294481e-07 2.713661411e-07 1.213538136e-07 1.257719876e-07 1.14831723e-07 1.897190745e-07 3.10910752e-07 4.965325852e-07 5.574628795e-07 6.141351167e-07 5.723084885e-07 5.696352484e-07 8.205814575e-07 5.235537146e-07 5.46125745e-07 4.151205902e-07 4.000213851e-07 2.971155764e-07 2.6012655e-07 1.283229643e-07 9.209614609e-08 5.308356968e-08 1.083958989e-08 1.05606506e-08 1.264124426e-08 1.511449313e-08 3.446863979e-08 4.656877375e-08 8.375372294e-08 1.258101426e-07 1.104047579e-07 1.028566194e-07 1.23531657e-07 1.336166187e-07 9.193824992e-08 8.754814515e-08 6.647337485e-08 7.155845922e-08 3.573196327e-08 4.026775617e-08 2.312486847e-08 1.564795431e-08 
1.876161107e-08 2.306259774e-08 4.516829789e-08 3.24932706e-08 6.838831206e-08 1.061287879e-07 7.933704567e-08 1.066014874e-07 1.026727784e-07 1.416675058e-07 9.580413752e-08 1.030250247e-07 5.734770344e-08 7.072935647e-08 5.889503386e-08 4.372472732e-08 2.142085641e-08 1.534323945e-08 1.27570778e-08 2.735360685e-08 5.705746485e-08 1.156574114e-07 1.898060854e-07 2.836623418e-07 4.717258456e-07 3.301166949e-07 5.281240595e-07 5.44957122e-07 7.457615043e-07 6.071908031e-07 7.746852141e-07 6.890938095e-07 6.563223075e-07 5.456101329e-07 3.867991187e-07 4.002298129e-07 1.482831745e-07 8.675292596e-08 8.163356105e-08 7.126682043e-08 4.467608641e-07 7.050680357e-07 1.006516548e-06 2.0326075e-06 3.862728796e-06 2.814462256e-06 4.195933986e-06 6.42994126e-06 1.106079969e-05 1.600383887e-05 2.015371751e-05 1.987853211e-05 3.218003975e-05 2.646586934e-05 3.524238153e-05 3.138197926e-05 2.653781456e-05 2.001144825e-05 3.638209183e-05 4.717406781e-05 6.068019117e-05 4.553486192e-05 3.580749249e-05 5.786305708e-05 4.999745166e-05 6.802490869e-05 6.308830388e-05 4.631628856e-05 5.523518923e-05 5.487878882e-05 3.153980945e-05 4.216480775e-05 3.914281891e-05 2.832408828e-05 2.984986908e-05 2.226278318e-05 2.281453346e-05 1.710196236e-05 1.392346051e-05 1.284790512e-05 7.970463367e-06 4.380463211e-06 3.409271913e-06 1.930300496e-06 1.926200097e-06 1.650519832e-06 1.223427617e-06 4.193401388e-07 1.613796836e-07 1.119804734e-07 1.52775926e-07 1.931186108e-07 4.507470251e-07 3.294426486e-07 5.297393028e-07 5.917494364e-07 6.970445446e-07 5.468487113e-07 6.564263475e-07 6.892560062e-07 5.142032034e-07 4.708047353e-07 3.652037456e-07 2.626505252e-07 2.296908919e-07 1.471178797e-07 1.068600166e-07 5.149289434e-08 3.194947239e-08 1.255774328e-08 7.032692367e-09 1.61464557e-08 1.949409698e-08 4.87735525e-08 8.863740085e-08 7.85019513e-08 1.132756133e-07 1.164621972e-07 9.666201989e-08 1.049881853e-07 1.43264975e-07 1.518463651e-07 5.077336283e-08 7.51032547e-08 2.957122208e-08 2.635449482e-08 2.254649557e-08 1.147060935e-08 
1.300210785e-08 2.93825808e-08 3.635948151e-08 5.908865159e-08 6.410350087e-08 9.730877345e-08 6.774055406e-08 1.550132884e-07 1.001832777e-07 1.048098191e-07 1.120429866e-07 5.549681225e-08 1.037019419e-07 6.143741322e-08 4.606046407e-08 3.736564961e-08 1.661545797e-08 1.033491822e-08 1.799452246e-08 3.962058022e-08 7.343592086e-08 1.688983893e-07 1.635278982e-07 1.877246812e-07 2.901676031e-07 5.455399778e-07 4.078890364e-07 6.128806376e-07 9.534970066e-07 5.411898053e-07 6.406936733e-07 5.191726118e-07 6.226805626e-07 4.643830616e-07 5.026512101e-07 2.651593191e-07 2.067900419e-07 1.100858572e-07 1.169543528e-07 1.300441815e-07 5.707098507e-07 7.130312713e-07 1.314201119e-06 2.161915238e-06 3.568115946e-06 5.147339946e-06 1.033245858e-05 4.804421192e-06 8.991541597e-06 1.903743425e-05 1.177647714e-05 2.297403954e-05 2.821833038e-05 2.574682312e-05 3.721293201e-05 4.553732922e-05 5.218035156e-05 3.646074285e-05 3.330551485e-05 5.772187755e-05 5.808096639e-05 4.231492213e-05 6.033684478e-05 5.87138554e-05 5.311755257e-05 5.612248771e-05 6.302495599e-05 7.039360625e-05 6.010965728e-05 3.878450727e-05 3.226518608e-05 3.90456805e-05 3.289177783e-05 3.282477371e-05 3.280841101e-05 1.598856749e-05 1.809303211e-05 1.86498429e-05 1.537948166e-05 1.527400891e-05 1.057473956e-05 4.502060719e-06 5.202655449e-06 3.595477597e-06 3.17686103e-06 1.527190177e-06 6.581193697e-07 4.225656856e-07 2.417169533e-07 1.706073207e-07 7.021385748e-08 2.028591812e-07 2.5880714e-07 4.902514531e-07 4.556782764e-07 5.694200148e-07 7.241221982e-07 4.703910381e-07 6.959438943e-07 6.9913861e-07 7.160658129e-07 4.919540268e-07 4.326367106e-07 3.322951865e-07 1.943540243e-07 1.974825941e-07 1.682869503e-07 8.579994511e-08 5.069807455e-08 1.555469668e-08 1.257418836e-08 9.02784931e-09 1.706058697e-08 6.956529012e-08 7.884048415e-08 9.108316221e-08 7.419712998e-08 6.208171337e-08 1.074617431e-07 1.26401911e-07 5.102311646e-08 8.524503215e-08 8.107048622e-08 5.628998787e-08 5.509816593e-08 4.745843818e-08 2.840869817e-08 1.946490639e-08 
2.644345071e-08 2.000298879e-08 5.192403315e-08 5.377565005e-08 4.866660132e-08 6.491801783e-08 7.322337387e-08 1.278000439e-07 1.340512096e-07 8.012615451e-08 8.124425289e-08 9.531259547e-08 5.48281058e-08 4.7578517e-08 5.282441568e-08 2.344269814e-08 1.119909293e-08 1.089262237e-08 2.793325643e-08 4.680735821e-08 5.51019366e-08 1.301501286e-07 1.755197555e-07 1.933237175e-07 3.181582862e-07 5.042884222e-07 5.261729772e-07 4.512117117e-07 5.874758139e-07 7.128351946e-07 6.638958722e-07 6.917604921e-07 6.465783606e-07 4.650565413e-07 2.51694851e-07 2.696308146e-07 1.13948643e-07 7.457009468e-08 1.518094118e-07 1.87588244e-07 7.949538234e-07 1.5973728e-06 2.064769179e-06 2.732943408e-06 4.245637465e-06 6.582286001e-06 1.153181883e-05 1.152044368e-05 1.094897624e-05 1.83540028e-05 1.698846684e-05 1.57195642e-05 2.726743208e-05 2.264434343e-05 4.107096363e-05 2.07561406e-05 5.293867325e-05 5.157397667e-05 4.426019754e-05 5.967602745e-05 6.805352697e-05 5.25389908e-05 4.636075286e-05 6.197486887e-05 7.647041971e-05 4.909952983e-05 5.96779308e-05 5.78516912e-05 6.640778235e-05 6.1368223e-05 6.274030962e-05 3.055576142e-05 4.76284294e-05 3.790366757e-05 2.475102252e-05 2.49753341e-05 1.825753134e-05 2.177050811e-05 1.452639958e-05 1.623226737e-05 8.940947796e-06 7.849673432e-06 5.152915737e-06 4.152120637e-06 4.342719619e-06 2.26042538e-06 8.651385865e-07 4.111609058e-07 2.585539885e-07 2.046157067e-07 7.771862271e-08 1.872523492e-07 2.692440224e-07 3.126299437e-07 2.927036947e-07 6.258682804e-07 6.51547004e-07 6.308190254e-07 4.719326273e-07 7.403524155e-07 4.660766057e-07 7.637899894e-07 4.527665697e-07 3.374428354e-07 1.612515874e-07 2.716702089e-07 1.354103249e-07 9.512782531e-08 5.02382086e-08 1.257452158e-08 8.177882993e-09 1.380934486e-08 2.529109605e-08 5.564310491e-08 4.051073101e-08 9.028412422e-08 7.079762676e-08 1.146456064e-07 1.163373997e-07 9.99371437e-08 1.093942583e-07 6.712213939e-08 8.231121522e-08 9.472410624e-08 5.572202619e-08 3.753923345e-08 3.039096944e-08 2.361801798e-08 
1.248879296e-08 3.59778053e-08 3.028326727e-08 6.483328e-08 7.706775232e-08 1.16427381e-07 1.17116247e-07 1.207893956e-07 9.222493474e-08 1.093723426e-07 7.321415107e-08 8.719355512e-08 9.393770051e-08 4.646069259e-08 3.727534516e-08 2.7293032e-08 1.382521126e-08 9.87339132e-09 2.752821407e-08 3.737205398e-08 8.839466842e-08 2.092375814e-07 2.003170216e-07 2.453106837e-07 4.3961405e-07 6.28144096e-07 6.304578527e-07 7.867049851e-07 5.811561075e-07 7.571308333e-07 7.149741642e-07 5.343039063e-07 5.555570262e-07 4.437149135e-07 3.693748748e-07 1.9634678e-07 8.297461624e-08 9.132292813e-08 1.012006795e-07 4.263414577e-07 6.135573439e-07 1.731452019e-06 2.057114842e-06 4.340591504e-06 4.710996748e-06 5.492492486e-06 8.055239918e-06 1.08487651e-05 1.385553205e-05 1.512056698e-05 2.661479141e-05 2.370955878e-05 3.501854877e-05 3.059503424e-05 3.302721025e-05 4.73399286e-05 4.109801082e-05 6.441653899e-05 5.102286206e-05 5.861443372e-05 6.933470225e-05 5.774583065e-05 8.732573118e-05 7.595498044e-05 6.191795498e-05 7.533519879e-05 8.041645759e-05 6.567941e-05 6.124385605e-05 5.757256979e-05 5.175683884e-05 5.717880782e-05 5.052665893e-05 5.410071311e-05 3.731297795e-05 3.153227593e-05 2.382062939e-05 1.775365205e-05 1.886845499e-05 9.629372575e-06 1.403905891e-05 1.340113897e-05 6.154516602e-06 4.675409861e-06 2.747496603e-06 2.13844677e-06 1.615615254e-06 6.547331019e-07 4.351392305e-07 1.114259153e-07 1.178341064e-07 1.050740514e-07 2.572877486e-07 3.770807808e-07 5.080260401e-07 5.569615137e-07 5.912348696e-07 7.557297019e-07 6.869439062e-07 8.285058357e-07 7.302469206e-07 5.875778002e-07 3.541512722e-07 2.824688513e-07 2.608922385e-07 2.568239207e-07 1.493147894e-07 1.008764392e-07 4.610943793e-08 1.769946228e-08 4.88692521e-09 1.240163321e-08 2.160153193e-08 4.072396807e-08 6.782572402e-08 9.701490301e-08 1.100984692e-07 1.098271888e-07 1.008680367e-07 1.401336149e-07 1.117719731e-07 1.07998025e-07 5.514187231e-08 8.087619454e-08 9.177308316e-08 3.935322745e-08 3.135576599e-08 1.387125145e-08 
2.412772991e-08 2.775745263e-08 4.860274093e-08 7.21710871e-08 6.56461385e-08 7.190715603e-08 1.152996578e-07 9.645033065e-08 1.44813734e-07 1.149182081e-07 1.211877755e-07 1.172967578e-07 9.123708464e-08 5.262913292e-08 4.624124809e-08 1.779817501e-08 1.243239817e-08 1.330782274e-08 2.154232814e-08 5.49037373e-08 7.041496568e-08 1.817475706e-07 2.813885773e-07 3.697589338e-07 2.94406737e-07 5.27993144e-07 6.05295989e-07 8.414863146e-07 6.30820921e-07 6.09537876e-07 6.377721267e-07 5.096477418e-07 5.167506037e-07 4.475521387e-07 3.446379811e-07 1.218613198e-07 5.095437712e-08 9.916317173e-08 2.270649393e-07 6.373842159e-07 6.936901516e-07 1.987679213e-06 2.313194568e-06 3.971339834e-06 7.8856729e-06 5.20268722e-06 9.609676637e-06 1.59674312e-05 1.713710944e-05 1.528194451e-05 2.823023242e-05 4.082538399e-05 3.498738137e-05 3.085069487e-05 4.867957475e-05 5.139024816e-05 5.507607454e-05 5.354475884e-05 7.470529844e-05 6.761561382e-05 6.078314972e-05 7.127603952e-05 8.406988212e-05 8.181775699e-05 7.426596597e-05 9.219509558e-05 7.440608907e-05 8.676707571e-05 5.26165095e-05 8.068752681e-05 6.133040266e-05 6.387356155e-05 6.397472929e-05 4.617386536e-05 4.618152189e-05 3.3830548e-05 1.885408856e-05 2.405564448e-05 2.551369675e-05 1.821979257e-05 1.175985394e-05 1.314236002e-05 6.891851845e-06 5.696531238e-06 2.407290784e-06 3.200503998e-06 2.341509268e-06 8.115232728e-07 5.537801998e-07 2.321212237e-07 9.624121553e-08 7.643059003e-08 1.61870376e-07 2.374589895e-07 3.178533619e-07 6.018287701e-07 6.909728348e-07 6.567404432e-07 4.286292037e-07 4.732798604e-07 7.357878541e-07 6.300347979e-07 4.659906298e-07 4.57691093e-07 3.477845916e-07 3.009106785e-07 1.647970633e-07 7.853270696e-08 5.998320247e-08 2.890411584e-08 6.764395962e-09 1.017413006e-08 2.407575239e-08 2.630919384e-08 4.774875031e-08 4.717698674e-08 7.986359254e-08 9.149395565e-08 8.327638821e-08 1.274512666e-07 1.257243146e-07 1.130493892e-07 8.428554603e-08 9.588816521e-08 6.838702946e-08 4.210046824e-08 2.70160167e-08 1.661957781e-08 
2.464906808e-08 3.542528606e-08 6.319852278e-08 7.202245638e-08 8.839207497e-08 8.026170188e-08 8.844238487e-08 1.067877016e-07 1.193565306e-07 1.310596623e-07 9.290953279e-08 8.151818616e-08 7.386352355e-08 5.352175199e-08 3.207698338e-08 1.445007793e-08 3.406331353e-09 9.575945487e-09 3.302497826e-08 5.177904685e-08 8.431672327e-08 1.568062189e-07 2.068168881e-07 3.758094201e-07 5.08903718e-07 6.284560509e-07 5.228634798e-07 5.637865566e-07 6.558761906e-07 4.312773097e-07 8.689544628e-07 5.01378318e-07 4.739666048e-07 4.197545511e-07 2.699342359e-07 1.546326222e-07 5.154013985e-08 1.600557175e-07 2.64298749e-07 6.093835149e-07 5.498786703e-07 2.008530523e-06 2.520752743e-06 5.462927717e-06 8.386711794e-06 9.967138708e-06 1.13018085e-05 1.622893305e-05 2.34831123e-05 2.013472208e-05 3.619627134e-05 3.314407794e-05 3.562238432e-05 5.107555119e-05 6.702259866e-05 4.96875343e-05 7.497530505e-05 7.473213928e-05 6.152313273e-05 7.403704363e-05 7.348417073e-05 9.105706321e-05 9.137775696e-05 8.807531085e-05 8.678176767e-05 0.0001359737539 8.102194368e-05 8.988038811e-05 6.906564136e-05 7.492366032e-05 5.457242894e-05 5.12661349e-05 6.1626021e-05 5.597172643e-05 5.532149553e-05 4.06204385e-05 4.119218626e-05 2.98449656e-05 2.170275249e-05 2.367979398e-05 1.498609259e-05 8.591953731e-06 3.567248347e-06 5.888608355e-06 5.328690758e-06 3.252655332e-06 2.289908058e-06 1.017657693e-06 6.485392533e-07 2.038514612e-07 1.874300467e-07 3.877112635e-08 1.417594393e-07 3.164667138e-07 4.036170538e-07 5.910167288e-07 6.85829982e-07 5.630720534e-07 5.677169382e-07 6.258368423e-07 7.410778594e-07 4.851818192e-07 4.116666818e-07 4.313610734e-07 3.331261459e-07 1.88938703e-07 1.50155616e-07 8.920102968e-08 9.245490799e-08 3.424699724e-08 7.423712399e-09 8.47298814e-09 1.256196731e-08 3.761853611e-08 5.584746517e-08 8.05988265e-08 9.485710093e-08 1.238111843e-07 9.886916442e-08 1.087811924e-07 1.356856994e-07 1.190676071e-07 9.325962335e-08 7.205966513e-08 7.335002977e-08 4.82833358e-08 3.563598362e-08 1.161585135e-08 
2.105821727e-08 2.583947525e-08 3.92696164e-08 7.353601653e-08 7.604045549e-08 1.168572026e-07 9.188913072e-08 1.129756455e-07 1.139984492e-07 1.15789059e-07 1.265605272e-07 8.871723837e-08 6.074835276e-08 3.812330702e-08 2.982255144e-08 1.63533492e-08 5.937649413e-09 9.196998035e-09 3.583716748e-08 5.205310365e-08 8.431203538e-08 1.882345536e-07 2.693035562e-07 2.719896687e-07 4.833430818e-07 3.684223744e-07 5.26736318e-07 5.089730617e-07 6.579525878e-07 6.835882087e-07 4.264233954e-07 5.55137146e-07 5.600097392e-07 3.877120302e-07 2.645966457e-07 8.52762088e-08 6.562134549e-08 1.254732221e-07 3.163245241e-07 4.749509347e-07 1.51204178e-06 1.923812226e-06 3.792320552e-06 6.324700981e-06 5.778188251e-06 1.061358993e-05 1.083858231e-05 1.685129017e-05 1.895149134e-05 1.922515143e-05 2.150150615e-05 3.727870632e-05 4.003676104e-05 5.420581497e-05 4.36664551e-05 5.162369639e-05 4.85401139e-05 7.331966058e-05 5.229931773e-05 8.166663992e-05 8.241527931e-05 7.916912628e-05 7.763844386e-05 4.55055064e-05 4.29280338e-05 7.193419878e-05 8.660617935e-05 8.484779439e-05 8.238656191e-05 5.711621673e-05 5.951765194e-05 6.359584551e-05 5.172693903e-05 3.884855795e-05 3.406402162e-05 5.061017586e-05 2.416642212e-05 2.349296122e-05 2.25334671e-05 2.029935514e-05 2.010317846e-05 1.075703619e-05 1.134126452e-05 6.109805017e-06 4.65954517e-06 3.309686867e-06 2.361413992e-06 1.196667105e-06 5.60217372e-07 3.596645138e-07 1.061737528e-07 9.668907874e-08 2.018979913e-07 2.602401008e-07 2.87830721e-07 4.276176202e-07 6.679283394e-07 7.951513675e-07 7.93053832e-07 6.284313743e-07 6.666760198e-07 5.697552779e-07 3.959490183e-07 4.463986896e-07 3.553666604e-07 1.849085495e-07 2.396470491e-07 1.047514837e-07 6.625669728e-08 3.054382187e-08 9.337157221e-09 8.013031783e-09 2.257642671e-08 4.036974368e-08 4.271361232e-08 8.82119062e-08 8.095055931e-08 9.229888835e-08 1.47424373e-07 1.432096643e-07 1.109461182e-07 1.052490258e-07 7.023820102e-08 8.439348047e-08 5.965710117e-08 5.454103542e-08 2.78082829e-08 1.536758392e-08 
2.142784456e-08 2.561296477e-08 4.597448371e-08 6.864233356e-08 8.638577765e-08 1.13861005e-07 1.31446913e-07 9.057509456e-08 1.471632622e-07 5.428276416e-08 7.513869551e-08 8.855334982e-08 5.041357315e-08 3.079432325e-08 3.56565901e-08 1.099197148e-08 1.040291335e-08 1.502627088e-08 3.604760323e-08 8.646468715e-08 1.252143288e-07 2.245653779e-07 2.689990327e-07 4.394915138e-07 3.986442457e-07 4.867619019e-07 5.016967173e-07 8.571326171e-07 7.798089663e-07 6.619307159e-07 6.605024047e-07 5.600171318e-07 4.693341799e-07 2.842971496e-07 1.888312242e-07 8.918454782e-08 8.283671315e-08 2.269099911e-07 4.814901621e-07 8.012333865e-07 1.564630663e-06 1.773251973e-06 4.494859765e-06 4.133245555e-06 8.649748436e-06 1.227069068e-05 1.705851887e-05 1.493837663e-05 1.696129829e-05 3.28253402e-05 2.563839385e-05 2.27694281e-05 3.815040248e-05 3.824699973e-05 6.784475078e-05 4.243426892e-05 6.449106369e-05 7.79748413e-05 7.303979927e-05 6.969465081e-05 6.523999026e-05 3.537580612e-05 0 0 0 0 3.548467395e-05 5.726740778e-05 8.307570289e-05 4.929174088e-05 8.407531596e-05 8.414209573e-05 5.848618594e-05 6.39475062e-05 5.570979485e-05 4.205925199e-05 4.318964584e-05 3.445170568e-05 3.631006746e-05 2.024890844e-05 1.800979474e-05 1.121076585e-05 8.512809817e-06 8.695158552e-06 3.627267936e-06 4.816500569e-06 2.458597354e-06 1.231071864e-06 6.707313328e-07 3.390196384e-07 1.471125906e-07 4.485434182e-08 1.31472421e-07 1.454087976e-07 3.897912938e-07 6.753403382e-07 4.956323261e-07 7.818209844e-07 6.4800327e-07 6.564959198e-07 6.461164543e-07 7.420294956e-07 4.540642066e-07 3.024614651e-07 3.056011594e-07 3.634556842e-07 1.937790304e-07 1.040601812e-07 6.718717086e-08 1.872577109e-08 8.218053901e-09 1.149952989e-08 1.135830948e-08 2.981559408e-08 4.394105473e-08 6.391264227e-08 8.683671362e-08 8.850380345e-08 1.067402362e-07 1.403545613e-07 1.211654692e-07 6.12150261e-08 9.097429478e-08 7.745637092e-08 4.103446848e-08 3.69801449e-08 3.541842902e-08 1.825402341e-08 
2.131938165e-08 4.187348188e-08 5.772553504e-08 5.482451835e-08 7.828587246e-08 9.486336444e-08 8.829745018e-08 1.156095157e-07 1.563347519e-07 7.356976835e-08 9.74145105e-08 9.334995168e-08 8.32357891e-08 6.67313979e-08 2.834209422e-08 1.885584501e-08 9.471308639e-09 1.92413317e-08 4.67589743e-08 4.687120659e-08 1.022392387e-07 1.973249079e-07 2.427149656e-07 3.883737355e-07 5.214093915e-07 4.760110539e-07 3.897112137e-07 6.905344059e-07 8.553967016e-07 5.787823526e-07 5.921852932e-07 5.541084496e-07 5.044460856e-07 2.890595955e-07 2.273031127e-07 1.186292473e-07 8.382649975e-08 2.874455803e-07 4.185099587e-07 7.394442743e-07 2.490445737e-06 2.676832528e-06 3.645088716e-06 5.090901511e-06 8.992957092e-06 1.584087005e-05 1.672324378e-05 2.300033673e-05 2.40067626e-05 2.478874991e-05 2.676614039e-05 5.185848621e-05 3.935048483e-05 4.120080334e-05 4.924225176e-05 4.938375158e-05 6.652459554e-05 8.326683003e-05 7.362601645e-05 6.666585025e-05 1.785175788e-05 0 0 0 0 0 0 3.539327551e-05 4.698532956e-05 7.489489335e-05 7.262887732e-05 5.187932571e-05 5.951951428e-05 5.530256111e-05 4.673117181e-05 4.470478664e-05 3.19696251e-05 4.11047422e-05 2.493943186e-05 1.734803649e-05 1.952580261e-05 1.498557097e-05 1.085548663e-05 8.669850588e-06 5.287426694e-06 2.834782756e-06 3.214017803e-06 1.105856538e-06 1.426341157e-06 5.915936373e-07 2.094862548e-07 7.801618877e-08 1.462446388e-07 2.471038271e-07 3.448816274e-07 4.073312827e-07 6.225641925e-07 4.349343054e-07 7.236299016e-07 6.512925593e-07 5.232889915e-07 6.453650443e-07 5.403736248e-07 4.158730559e-07 2.821796078e-07 1.71906918e-07 1.794529581e-07 1.132197275e-07 1.128110134e-07 1.3659615e-08 7.921985756e-09 5.258725797e-09 1.547346937e-08 4.589654042e-08 3.199781083e-08 9.761885998e-08 1.071351503e-07 8.147619837e-08 1.195780848e-07 1.179752368e-07 1.493288949e-07 8.294421213e-08 1.007215155e-07 6.828047545e-08 7.210743846e-08 4.582597843e-08 3.911686828e-08 1.732755026e-08 
2.288078192e-08 4.682264398e-08 4.94310238e-08 9.212962248e-08 8.852477232e-08 1.058203115e-07 9.394213482e-08 1.240763228e-07 1.309219573e-07 1.598235438e-07 1.193269706e-07 6.28732222e-08 7.540424362e-08 3.81249109e-08 3.797775902e-08 1.827367447e-08 6.414919615e-09 1.255794881e-08 4.617646378e-08 8.456816096e-08 1.853177736e-07 1.481927751e-07 3.469040616e-07 2.856419468e-07 3.051686002e-07 3.440141899e-07 6.752107235e-07 7.026486676e-07 6.074318237e-07 7.64809897e-07 4.252235567e-07 4.600667488e-07 3.232229027e-07 2.325154225e-07 2.004388957e-07 1.038468098e-07 1.39238421e-07 1.507282089e-07 2.266954597e-07 1.073360282e-06 1.048894939e-06 1.865092143e-06 4.193225549e-06 6.115374343e-06 1.086245531e-05 1.338389855e-05 1.457117985e-05 2.265293705e-05 2.477164728e-05 2.526953982e-05 2.763097923e-05 6.297097772e-05 5.217746188e-05 6.461484487e-05 6.86549008e-05 7.255155919e-05 6.465891049e-05 5.750647528e-05 9.081178133e-05 7.033111091e-05 0 0 0 0 0 0 0 0 6.941537533e-05 8.651341172e-05 6.303693305e-05 6.671563942e-05 7.525973329e-05 5.224539901e-05 6.866121105e-05 4.308262443e-05 3.55551473e-05 3.483187227e-05 3.331836695e-05 2.401122859e-05 1.793235114e-05 2.208733329e-05 8.85766919e-06 8.937113748e-06 7.437601596e-06 4.196934681e-06 2.269902348e-06 2.323098319e-06 8.545192512e-07 5.442135708e-07 1.907794165e-07 4.050791288e-08 9.206582731e-08 2.295293353e-07 2.354173506e-07 4.70842506e-07 5.940719987e-07 5.114694663e-07 5.971797617e-07 7.146566795e-07 5.49573557e-07 5.590789804e-07 6.409441315e-07 4.285395344e-07 3.747265795e-07 3.225569481e-07 1.476444001e-07 6.136392761e-08 8.248499689e-08 1.574485482e-08 1.369457699e-08 1.113433641e-08 9.464371594e-09 2.533803334e-08 6.906022151e-08 5.167636745e-08 8.12111571e-08 8.637828115e-08 7.946103901e-08 1.145636276e-07 1.319529987e-07 6.84816712e-08 9.180615563e-08 7.018578339e-08 7.474794784e-08 5.105086193e-08 3.854584973e-08 2.590567662e-08 
1.721493064e-08 3.609918645e-08 3.794598156e-08 7.944216274e-08 8.400677749e-08 5.972097094e-08 1.076528628e-07 1.103272088e-07 1.228977704e-07 1.064618895e-07 1.065189354e-07 7.078497329e-08 7.370185086e-08 5.520994054e-08 4.148115546e-08 2.164835229e-08 8.883208353e-09 1.307527738e-08 2.869001877e-08 1.160418541e-07 1.512305875e-07 2.365184327e-07 2.934163313e-07 2.271040556e-07 4.057641956e-07 5.502898384e-07 7.829942108e-07 4.785531691e-07 6.800790596e-07 5.310684338e-07 7.392527871e-07 6.42608101e-07 4.789787343e-07 3.415366597e-07 1.096633955e-07 6.755590421e-08 7.948942966e-08 1.550864835e-07 4.383238242e-07 6.169570664e-07 2.060570194e-06 3.352594363e-06 4.54201663e-06 5.58969812e-06 8.219465039e-06 1.076706795e-05 1.335915546e-05 1.775116047e-05 2.056593065e-05 3.535118021e-05 2.854891447e-05 4.543315383e-05 3.554934171e-05 5.096430165e-05 5.841963259e-05 9.069780254e-05 5.923725101e-05 7.558282198e-05 9.801813421e-05 2.03604538e-05 0 0 0 0 0 0 0 0 7.123319495e-05 8.24335025e-05 6.436791547e-05 3.539784711e-05 7.7030155e-05 5.70899386e-05 6.610049091e-05 4.485752041e-05 3.266578127e-05 3.348667923e-05 1.254668786e-05 2.589908221e-05 1.424560299e-05 1.797835014e-05 1.147083053e-05 1.017561828e-05 5.806052178e-06 4.422071054e-06 2.74050599e-06 2.431496186e-06 6.318085455e-07 2.684304332e-07 2.578115045e-07 8.600274393e-08 1.01582e-07 1.372158704e-07 3.593500286e-07 5.317156368e-07 5.21712083e-07 6.506922439e-07 7.658230166e-07 7.51606491e-07 8.189211932e-07 6.660983111e-07 4.952827973e-07 4.614089078e-07 2.443867546e-07 2.048571495e-07 1.760445232e-07 1.383283141e-07 4.912082878e-08 4.324802072e-08 1.289577963e-08 1.032589761e-08 1.45810383e-08 1.281873441e-08 4.382121556e-08 7.223511368e-08 8.380849161e-08 1.203285154e-07 1.365447724e-07 1.245960259e-07 1.095892877e-07 1.031251517e-07 8.763852327e-08 6.904757341e-08 5.902847711e-08 5.866836833e-08 2.825725236e-08 2.425113921e-08 
2.574420857e-08 3.287482284e-08 5.492144366e-08 6.193760754e-08 6.359248151e-08 1.003677481e-07 1.024318337e-07 1.352138661e-07 1.037284856e-07 1.022197034e-07 9.655737547e-08 9.233008778e-08 7.995745262e-08 4.813159357e-08 3.670808832e-08 1.771208673e-08 4.226783023e-09 1.188421827e-08 2.707525712e-08 6.100339873e-08 7.94412835e-08 2.308650447e-07 2.793323925e-07 4.34276598e-07 3.859158512e-07 5.061400217e-07 8.792973878e-07 7.603398035e-07 7.108837824e-07 6.93872286e-07 5.674586438e-07 4.88742869e-07 4.578580583e-07 2.917937952e-07 2.030845033e-07 1.564006507e-07 1.525408964e-07 1.382763607e-07 4.967032698e-07 1.01493114e-06 1.835117925e-06 2.191814869e-06 4.927351407e-06 5.793820665e-06 9.205603704e-06 1.108845416e-05 1.492790039e-05 1.417918441e-05 1.491235297e-05 2.951776724e-05 2.583458387e-05 4.47200387e-05 2.334201035e-05 4.795287326e-05 5.695602673e-05 0.0001230018875 7.02165301e-05 7.224644194e-05 9.180255845e-05 5.930521238e-05 0 0 0 0 0 0 0 0 6.061611503e-05 7.397328506e-05 9.551523783e-05 6.84697964e-05 4.26819805e-05 6.031800369e-05 5.622575254e-05 4.868018332e-05 4.84817728e-05 4.142989975e-05 2.725758817e-05 1.549974202e-05 1.528314828e-05 1.657436959e-05 1.058503889e-05 9.06168981e-06 6.831497579e-06 2.502989946e-06 2.51365527e-06 1.81414612e-06 8.175729578e-07 5.525427219e-07 1.527060479e-07 9.020567088e-08 5.867967228e-08 1.692766305e-07 3.541412876e-07 4.60708612e-07 6.059111412e-07 4.348126427e-07 6.934434772e-07 7.405366334e-07 8.914157355e-07 5.42041374e-07 4.744278068e-07 4.479287426e-07 3.864383939e-07 2.506705008e-07 2.129169156e-07 1.900696893e-07 9.316739071e-08 2.751617857e-08 1.694754348e-08 9.281428946e-09 1.735828479e-08 2.994763467e-08 3.68226454e-08 4.689236124e-08 9.989566838e-08 1.420392836e-07 1.141654549e-07 1.518070795e-07 1.017330879e-07 1.186410278e-07 1.057369812e-07 7.473840201e-08 5.328135881e-08 5.813967978e-08 2.984457673e-08 2.956140341e-08 
1.813591559e-08 3.826189666e-08 5.325560888e-08 7.187528155e-08 1.034153389e-07 8.304145617e-08 8.619715744e-08 1.232770255e-07 1.429506192e-07 9.599617967e-08 1.246011013e-07 5.292630649e-08 7.467367922e-08 5.112749371e-08 3.404720802e-08 8.429523676e-09 7.617184878e-09 2.12831775e-08 3.96078277e-08 8.501757106e-08 5.830252337e-08 2.0779642e-07 3.979780805e-07 3.417419765e-07 4.6411734e-07 6.323057135e-07 6.233047713e-07 3.238042219e-07 7.552665748e-07 7.309048783e-07 6.937681675e-07 5.068774921e-07 3.251270971e-07 3.69110061e-07 1.853823225e-07 1.324108252e-07 5.524664855e-08 1.230841424e-07 8.281812149e-07 6.014903297e-07 1.545645102e-06 2.298508381e-06 3.792276991e-06 7.598856801e-06 7.509132879e-06 9.631626286e-06 1.175144339e-05 1.961335875e-05 1.906986027e-05 2.431252333e-05 4.014136249e-05 4.529704907e-05 4.535776332e-05 5.42395286e-05 4.080940109e-05 7.654037155e-05 9.48955398e-05 8.360699525e-05 8.66779199e-05 7.311869205e-05 0 0 0 0 0 0 0 0 6.654219477e-05 7.848325857e-05 9.124624506e-05 6.809012852e-05 4.979168452e-05 5.603704422e-05 4.834125571e-05 3.369459293e-05 4.43898055e-05 3.017219755e-05 3.070997724e-05 2.476979482e-05 1.758063189e-05 1.402184947e-05 1.253611698e-05 5.850712535e-06 4.094931549e-06 3.36909534e-06 3.080849162e-06 1.718119213e-06 8.632045784e-07 5.383425204e-07 1.237582759e-07 6.807272662e-08 1.776465865e-07 1.417795509e-07 3.356115617e-07 5.185813248e-07 7.187071239e-07 4.864202859e-07 6.917274699e-07 7.102094492e-07 7.298820824e-07 5.458728887e-07 4.579333535e-07 3.695959271e-07 3.027280683e-07 2.662118534e-07 1.756841566e-07 1.130742571e-07 8.631191107e-08 1.986161083e-08 1.321788133e-08 7.453942009e-09 1.524514599e-08 4.046212857e-08 3.700089699e-08 6.242222148e-08 6.374714741e-08 5.991075464e-08 9.710297093e-08 8.458394622e-08 9.988648743e-08 1.332456408e-07 1.143467688e-07 1.047129641e-07 6.410094447e-08 4.110848354e-08 4.679351962e-08 1.791104997e-08 
2.017106691e-08 3.045904791e-08 5.793221492e-08 4.989807699e-08 7.73875169e-08 8.783324895e-08 7.821291046e-08 1.599885862e-07 1.259033847e-07 7.588606706e-08 1.32513229e-07 7.455756821e-08 6.08364388e-08 4.832369056e-08 2.678811465e-08 1.556651442e-08 7.07269494e-09 1.86269331e-08 3.88972913e-08 6.62283178e-08 1.558956973e-07 1.471075719e-07 2.258150395e-07 3.281973251e-07 4.391737041e-07 6.368455052e-07 6.785959875e-07 7.266166259e-07 5.929932426e-07 6.372179693e-07 4.231541491e-07 5.912502287e-07 3.995124483e-07 2.647859266e-07 1.470886149e-07 1.290305066e-07 5.267765113e-08 2.071008679e-07 3.937336544e-07 7.759990873e-07 2.278465462e-06 2.120808347e-06 3.2058487e-06 6.275096631e-06 7.251738491e-06 9.777752756e-06 1.192763352e-05 1.658881859e-05 2.103415993e-05 2.169812843e-05 3.928736024e-05 4.230931477e-05 4.70671867e-05 4.58600854e-05 4.975747402e-05 6.619314379e-05 5.968600739e-05 7.241360105e-05 7.552702666e-05 6.617650713e-05 3.548118733e-05 0 0 0 0 0 0 3.506192983e-05 8.144768758e-05 8.604120128e-05 7.324018973e-05 5.67481775e-05 5.964565032e-05 7.402874587e-05 5.24134132e-05 4.289679321e-05 3.703703809e-05 2.602863704e-05 3.825455255e-05 2.88469355e-05 2.174413908e-05 1.787122043e-05 1.134703445e-05 8.299751271e-06 4.888511515e-06 2.7531003e-06 3.84823601e-06 1.247522443e-06 9.503665471e-07 4.175295589e-07 2.70440782e-07 7.827764412e-08 9.789955438e-08 2.343422778e-07 3.210451469e-07 4.026682853e-07 5.427385541e-07 6.262347088e-07 6.256501581e-07 3.972561723e-07 5.686726841e-07 6.172436885e-07 4.390443881e-07 5.272559337e-07 3.203621656e-07 2.061514399e-07 1.3330044e-07 1.466056717e-07 7.122119007e-08 3.495207474e-08 2.153728597e-08 1.047652427e-08 1.755001192e-08 2.707475832e-08 3.907155121e-08 8.35116496e-08 1.030301698e-07 1.117851925e-07 7.884775819e-08 1.510963947e-07 1.27046669e-07 1.079710844e-07 8.453807236e-08 5.116056856e-08 6.830007288e-08 5.493467604e-08 4.626434132e-08 2.072778282e-08 
1.98673281e-08 2.41610602e-08 5.079577759e-08 4.331756529e-08 7.804157805e-08 8.060718498e-08 1.142611693e-07 1.275181263e-07 1.436398338e-07 1.179564328e-07 7.86388014e-08 8.040626935e-08 8.091385515e-08 6.575422275e-08 4.241886508e-08 1.063288484e-08 1.015293812e-08 1.048381062e-08 3.131471211e-08 7.480906012e-08 9.855228077e-08 1.529920966e-07 2.092959975e-07 3.239501364e-07 5.699669867e-07 5.043609061e-07 6.119077629e-07 4.804648023e-07 6.906328933e-07 6.012613856e-07 6.232346456e-07 6.121914598e-07 5.973370093e-07 2.916532662e-07 1.23611165e-07 1.28480113e-07 9.690980567e-08 2.186552983e-07 5.028920538e-07 4.559472433e-07 1.532101687e-06 2.943323621e-06 5.792471849e-06 5.103354695e-06 1.041898785e-05 1.048587047e-05 1.700210854e-05 2.237089949e-05 1.051439438e-05 2.932256137e-05 2.966939202e-05 3.054509986e-05 5.813701282e-05 4.289582926e-05 5.585024966e-05 5.91763113e-05 4.008974533e-05 7.332699302e-05 7.263816983e-05 6.382900555e-05 7.676311649e-05 1.169379964e-05 0 0 0 0 4.398509556e-05 7.797856376e-05 7.906662648e-05 6.990915135e-05 8.508694361e-05 5.519429737e-05 4.668331582e-05 4.459786884e-05 3.929134029e-05 4.347764093e-05 3.971863171e-05 3.665120136e-05 2.763202892e-05 1.922174155e-05 2.251809518e-05 1.118189622e-05 1.317655572e-05 9.366986048e-06 5.910443363e-06 3.957470612e-06 1.938491261e-06 1.116630264e-06 6.819577181e-07 2.218789933e-07 1.140158461e-07 5.232658444e-08 1.331122254e-07 1.856163171e-07 3.514446886e-07 4.974198979e-07 6.686751768e-07 6.191184837e-07 6.803976621e-07 6.881316645e-07 6.894522586e-07 7.195141951e-07 4.567143711e-07 3.795552201e-07 3.090953833e-07 2.703471254e-07 1.492472167e-07 9.601746601e-08 3.690491492e-08 2.380189944e-08 1.368832196e-08 1.247894318e-08 1.666437626e-08 3.882088567e-08 5.997189453e-08 5.930670533e-08 6.025505012e-08 1.185061432e-07 1.496837532e-07 1.012711083e-07 9.197037643e-08 1.118908025e-07 1.155752237e-07 8.368899103e-08 7.100257864e-08 7.461814007e-08 3.944014757e-08 2.078065435e-08 
2.639616685e-08 3.87026098e-08 5.150286193e-08 6.308581096e-08 8.259035991e-08 5.91586404e-08 1.278287398e-07 1.172512149e-07 9.19549296e-08 1.057514032e-07 1.426375676e-07 6.944727858e-08 6.723060298e-08 5.574272636e-08 2.774998658e-08 2.261264088e-08 8.724928684e-09 1.266151128e-08 2.935403232e-08 5.979821049e-08 1.106545944e-07 1.978625563e-07 2.325059178e-07 3.516214002e-07 4.06927915e-07 5.411020134e-07 4.898987782e-07 5.663104808e-07 6.743349909e-07 7.647921589e-07 6.925711324e-07 6.800511915e-07 6.791443418e-07 2.944309936e-07 1.753018027e-07 1.04202358e-07 1.10283381e-07 2.097207518e-07 1.569957612e-07 5.884796055e-07 1.3959379e-06 1.601854906e-06 4.375660126e-06 6.434351872e-06 6.526479146e-06 9.466619311e-06 8.687414159e-06 1.708095047e-05 1.720980962e-05 2.674765013e-05 2.64235153e-05 2.581887971e-05 3.693568911e-05 5.57220149e-05 6.166433781e-05 3.957514972e-05 7.162920538e-05 7.019292104e-05 4.893324396e-05 7.34337598e-05 7.054709439e-05 7.356484232e-05 6.630547545e-05 5.283062859e-05 6.484828222e-05 7.619786015e-05 0.0001110814426 8.671500242e-05 6.915471506e-05 6.813373993e-05 4.33952485e-05 6.997996378e-05 6.275547159e-05 5.850712733e-05 5.631259194e-05 4.081162007e-05 3.571793878e-05 2.084745724e-05 2.89190454e-05 1.612467783e-05 1.345009807e-05 1.858359648e-05 8.99493045e-06 6.640439237e-06 4.443701003e-06 4.161258062e-06 2.787596299e-06 1.293280674e-06 1.043906028e-06 3.333433733e-07 9.702300635e-08 7.088527895e-08 1.175713554e-07 1.999616851e-07 3.471713546e-07 5.088076533e-07 5.53274969e-07 8.430032551e-07 5.302765459e-07 7.310630602e-07 6.641008435e-07 4.623469018e-07 5.086443228e-07 3.690205617e-07 2.842796191e-07 2.721206421e-07 1.279780916e-07 4.635051836e-08 5.806730684e-08 5.213545056e-08 1.001288312e-08 9.86193398e-09 1.104269319e-08 1.803271665e-08 4.86995334e-08 7.196119777e-08 8.638213944e-08 1.191159069e-07 7.461889545e-08 1.515436718e-07 1.334279329e-07 1.04044296e-07 1.269864033e-07 6.861529553e-08 8.219765433e-08 5.113289877e-08 2.481667907e-08 1.382562728e-08 
1.526421185e-08 3.108846094e-08 5.433149782e-08 6.652533541e-08 1.013486416e-07 8.54763504e-08 9.129115653e-08 1.141003379e-07 9.980398267e-08 1.012748642e-07 1.057495591e-07 8.280087645e-08 7.975434234e-08 7.954195474e-08 2.773145506e-08 2.107015234e-08 4.7915692e-09 9.971625732e-09 3.046077786e-08 3.883850748e-08 8.124440771e-08 2.170170715e-07 2.273463171e-07 1.718212907e-07 3.656607627e-07 4.962624146e-07 6.026645493e-07 7.74207596e-07 7.742144218e-07 5.361239238e-07 8.80289195e-07 7.479081543e-07 4.19521384e-07 3.61592334e-07 2.03754052e-07 1.598600068e-07 8.004857334e-08 8.267044e-08 2.482893409e-07 8.790857118e-07 9.927581143e-07 1.78422919e-06 2.518543235e-06 4.659564633e-06 7.669258768e-06 9.001453526e-06 1.409003313e-05 1.08170867e-05 1.961832213e-05 2.555863515e-05 2.096809845e-05 3.970015635e-05 3.044691631e-05 2.685040998e-05 2.233222418e-05 5.553642311e-05 6.241030509e-05 5.926846863e-05 7.096521775e-05 8.018356405e-05 4.627777409e-05 7.655401616e-05 0.0001040349863 7.737098222e-05 9.245138289e-05 0.0001416830338 7.995280036e-05 8.599695314e-05 5.213307095e-05 7.403299149e-05 6.264818317e-05 5.988292639e-05 3.634455021e-05 4.110833399e-05 5.170826653e-05 4.158362923e-05 4.516743906e-05 2.787475233e-05 2.147798257e-05 9.682166924e-06 1.123886076e-05 1.171938716e-05 8.594480297e-06 6.721596008e-06 4.219169077e-06 3.083889583e-06 2.079663646e-06 1.074864857e-06 7.121179508e-07 2.016917067e-07 5.061341567e-08 3.428127552e-08 8.759508749e-08 1.069433135e-07 4.689768436e-07 5.123928854e-07 5.791447965e-07 6.3513701e-07 6.079430774e-07 6.324152825e-07 6.826506592e-07 4.835305459e-07 5.289459766e-07 4.188936569e-07 3.269232325e-07 2.787228337e-07 1.058459273e-07 6.657608806e-08 5.590182876e-08 3.698247703e-08 1.01918815e-08 5.930204197e-09 1.215945858e-08 3.61589066e-08 6.862089065e-08 6.684795267e-08 9.877330473e-08 1.049793649e-07 9.797721593e-08 9.307316807e-08 9.822138186e-08 9.563511346e-08 1.018927439e-07 8.118423924e-08 6.248987858e-08 4.111998758e-08 3.185274849e-08 1.987424338e-08 
2.037097028e-08 3.389883362e-08 5.270792218e-08 8.21186078e-08 8.85912067e-08 6.937323437e-08 1.019003827e-07 1.58339357e-07 1.17375998e-07 6.753034792e-08 9.792973663e-08 8.021472412e-08 7.173687357e-08 6.171716509e-08 3.15017115e-08 1.817165077e-08 1.248072199e-08 6.557179282e-09 3.163640584e-08 5.473805784e-08 9.359111922e-08 1.387791832e-07 2.084432476e-07 2.786057553e-07 4.821807199e-07 4.743584103e-07 4.844120391e-07 5.150483039e-07 8.525162429e-07 7.117869511e-07 5.169168938e-07 5.222156908e-07 4.566921411e-07 4.517591328e-07 2.776731448e-07 1.858322694e-07 4.590009412e-08 1.127333754e-07 2.043938858e-07 5.548093666e-07 1.158795603e-06 1.157125625e-06 2.317330312e-06 3.465761102e-06 6.371816066e-06 6.489828246e-06 1.102681271e-05 1.042331702e-05 2.132278827e-05 2.209846399e-05 2.487192623e-05 2.793117563e-05 3.699279424e-05 3.62278942e-05 4.666502509e-05 3.724668865e-05 5.015642199e-05 4.698426871e-05 6.85851743e-05 6.208688343e-05 6.470626886e-05 9.679830166e-05 6.9154155e-05 7.919355793e-05 7.436448978e-05 6.503819418e-05 6.535606997e-05 5.289943114e-05 8.000250607e-05 6.570726855e-05 7.843143597e-05 4.89482328e-05 5.230708697e-05 5.967575261e-05 2.865333037e-05 4.263921195e-05 2.4861945e-05 2.259399035e-05 2.667473783e-05 1.783311532e-05 1.480862482e-05 1.073237536e-05 8.055205824e-06 4.148563426e-06 3.712991958e-06 2.854127969e-06 1.885186894e-06 8.828510049e-07 4.301572796e-07 1.829663623e-07 1.113177346e-07 1.051808307e-07 1.121366143e-07 3.957522196e-07 2.926511919e-07 5.447533009e-07 5.950992309e-07 5.57002784e-07 6.934952477e-07 8.026023339e-07 4.683078424e-07 7.822657825e-07 4.898660228e-07 3.27819403e-07 2.195481721e-07 2.144061315e-07 1.280529647e-07 1.261436185e-07 3.175657675e-08 1.827540895e-08 9.224422602e-09 1.457415913e-08 1.502938072e-08 3.139912925e-08 4.917217324e-08 6.458907633e-08 9.83399962e-08 1.04640023e-07 8.692105278e-08 1.326817993e-07 1.021756433e-07 9.509942686e-08 8.391345862e-08 8.576024963e-08 5.14555604e-08 6.820205374e-08 1.620111471e-08 2.252605184e-08 
2.20626435e-08 2.741944007e-08 3.972483337e-08 8.545983782e-08 8.113252204e-08 8.658792555e-08 1.167157602e-07 8.831215692e-08 1.165829427e-07 7.392487294e-08 1.008756707e-07 9.859807347e-08 7.419608291e-08 5.364971973e-08 5.176220699e-08 2.868707642e-08 1.566002058e-08 9.299105507e-09 1.60411008e-08 6.654279303e-08 1.219463219e-07 1.493012714e-07 1.644501852e-07 3.386531765e-07 3.127300304e-07 3.777294361e-07 4.707052374e-07 5.686646698e-07 6.617089255e-07 4.200369e-07 7.079110864e-07 6.974842514e-07 4.901583422e-07 3.19944596e-07 2.86508122e-07 1.272797923e-07 9.975714412e-08 6.912330525e-08 2.291308027e-07 3.367336214e-07 1.018713297e-06 1.858451045e-06 2.005988148e-06 3.321498663e-06 5.716427036e-06 7.282493949e-06 1.016589043e-05 1.173723184e-05 2.020976911e-05 2.42732076e-05 2.305090312e-05 2.344462694e-05 3.168206622e-05 3.497196337e-05 4.034609499e-05 5.282984643e-05 5.891643964e-05 5.061265546e-05 6.633420443e-05 6.796456871e-05 6.958548158e-05 7.158795478e-05 6.327486284e-05 7.419444775e-05 7.627054849e-05 8.89270702e-05 7.253026202e-05 7.806541707e-05 5.969138902e-05 4.165477736e-05 5.596752419e-05 5.048784859e-05 5.824880028e-05 4.86240772e-05 4.83609555e-05 3.925132476e-05 1.850059623e-05 2.219063143e-05 2.470885466e-05 1.216751734e-05 1.341571187e-05 1.211121902e-05 7.330668341e-06 6.172193308e-06 3.607195884e-06 2.462595464e-06 1.71651979e-06 5.043423547e-07 4.475799617e-07 1.525815043e-07 1.402012504e-07 8.839474384e-08 9.36486947e-08 3.522406797e-07 3.507679259e-07 6.000026717e-07 7.532964062e-07 6.707352866e-07 5.227238708e-07 7.379449851e-07 5.142096085e-07 5.390065644e-07 4.482090058e-07 3.077008853e-07 1.594198549e-07 1.81769501e-07 2.027995134e-07 5.271122836e-08 4.084712428e-08 1.848213747e-08 8.706419341e-09 1.310659861e-08 1.572821085e-08 4.194681623e-08 5.103317697e-08 1.025934001e-07 7.4100385e-08 1.190191382e-07 9.085453553e-08 1.153753923e-07 1.468694513e-07 9.810940001e-08 7.51897341e-08 6.305700838e-08 6.196160365e-08 3.755980924e-08 1.467515473e-08 1.986198853e-08 
1.55268671e-08 2.533820131e-08 4.675667249e-08 7.054807773e-08 7.65956114e-08 1.199143672e-07 1.052706459e-07 9.405480597e-08 1.32044411e-07 1.194888965e-07 8.727113048e-08 7.160399218e-08 6.451252818e-08 6.840078476e-08 3.624962761e-08 1.839183657e-08 7.605461372e-09 1.260301316e-08 2.564472789e-08 4.463400907e-08 9.290178418e-08 1.564444795e-07 2.265567971e-07 3.525608947e-07 3.654997482e-07 4.107321913e-07 5.44448787e-07 5.507246625e-07 7.521657072e-07 5.270653442e-07 7.860097494e-07 4.064950183e-07 8.290273248e-07 2.790675469e-07 3.486170502e-07 2.304575016e-07 1.341625612e-07 6.550169565e-08 8.005285816e-08 4.836365073e-07 5.511056968e-07 1.293197051e-06 2.277263523e-06 3.179103467e-06 3.806404132e-06 5.130071108e-06 8.270118084e-06 9.683368425e-06 1.018766869e-05 1.9648238e-05 1.927275949e-05 2.75356201e-05 2.567410315e-05 5.018958647e-05 3.888417706e-05 3.651045178e-05 4.442625883e-05 4.769313211e-05 5.10856398e-05 6.061351926e-05 7.123534937e-05 6.006060453e-05 5.231298216e-05 6.400648567e-05 4.830791213e-05 5.697034174e-05 6.218109879e-05 7.424535802e-05 4.555341739e-05 4.85127128e-05 4.194152562e-05 4.562060206e-05 3.568971727e-05 3.424478406e-05 2.531488249e-05 2.520366474e-05 3.010050411e-05 1.907449302e-05 2.147252161e-05 9.335799599e-06 8.479715437e-06 1.066788735e-05 5.675478082e-06 4.10021872e-06 3.12520981e-06 1.822043108e-06 1.325376675e-06 8.382075825e-07 2.578365139e-07 1.983696829e-07 1.360608732e-07 1.146397308e-07 2.796715082e-07 2.839320989e-07 3.584739937e-07 5.01268495e-07 7.38415142e-07 7.473234615e-07 7.207892115e-07 5.641707294e-07 7.07063851e-07 6.620297069e-07 3.312041972e-07 3.900265797e-07 2.933991073e-07 2.000991049e-07 1.258679802e-07 8.040256518e-08 6.93019777e-08 1.390422097e-08 1.519905726e-08 1.155608607e-08 1.393183885e-08 4.89766932e-08 6.074644722e-08 6.897315787e-08 8.513443926e-08 9.458126733e-08 9.150074524e-08 9.730098804e-08 1.006826738e-07 9.72918095e-08 9.234863742e-08 7.251892625e-08 3.954127747e-08 3.532082393e-08 2.975119941e-08 1.975408154e-08 
1.032228244e-08 3.416103733e-08 5.077725648e-08 5.014044771e-08 5.459407187e-08 9.245391422e-08 1.290394329e-07 1.076494925e-07 1.114941893e-07 1.15259466e-07 9.000108846e-08 1.292119555e-07 7.370215715e-08 1.132170057e-07 3.881362138e-08 2.910417141e-08 1.64988495e-08 1.222488673e-08 1.270290359e-08 2.882950342e-08 7.312540948e-08 1.116338379e-07 2.192332507e-07 1.814645849e-07 5.685252912e-07 3.631323173e-07 4.934117443e-07 6.886281879e-07 6.711196035e-07 5.196895373e-07 7.024686775e-07 7.78570763e-07 7.060437338e-07 4.268072223e-07 3.95740056e-07 3.559181691e-07 1.024409586e-07 1.035990703e-07 1.274844026e-07 2.226499331e-07 6.295264288e-07 1.062737678e-06 2.425930702e-06 3.627664404e-06 3.887260607e-06 3.627594441e-06 5.143999009e-06 9.318144056e-06 1.382175222e-05 1.359486531e-05 1.563335662e-05 2.450981064e-05 2.04127197e-05 3.304393731e-05 4.366386359e-05 3.231712041e-05 5.059251483e-05 6.344838703e-05 6.017286351e-05 6.905924024e-05 4.615051782e-05 5.628895623e-05 6.498493662e-05 5.939199508e-05 4.691998433e-05 6.356823837e-05 5.404757308e-05 4.831945248e-05 4.900969268e-05 4.040869301e-05 4.180438747e-05 4.604586153e-05 3.478177312e-05 3.053319104e-05 3.131148355e-05 2.388315611e-05 1.896050673e-05 1.700231338e-05 1.572671689e-05 1.234962752e-05 1.045981213e-05 8.149383445e-06 4.88484659e-06 4.507617462e-06 2.914415403e-06 1.919060254e-06 1.166927046e-06 3.316643119e-07 1.919817207e-07 1.131941212e-07 5.88072487e-08 1.335596221e-07 2.155066338e-07 3.154651916e-07 5.584430962e-07 5.593728409e-07 6.455358816e-07 9.134346626e-07 9.194436671e-07 8.369696751e-07 7.370945584e-07 4.448821429e-07 4.007861614e-07 3.110520722e-07 3.146105065e-07 1.092581946e-07 1.48730049e-07 6.226097311e-08 3.970808517e-08 1.357478744e-08 5.007636163e-09 1.607930059e-08 2.879693293e-08 5.511974723e-08 7.823615334e-08 6.986812826e-08 1.156019298e-07 9.71537086e-08 1.12291666e-07 1.05044469e-07 9.936504878e-08 1.371745864e-07 1.037164018e-07 4.851780755e-08 7.144302368e-08 5.367908346e-08 2.684564983e-08 1.687269238e-08 
1.584588843e-08 2.257247597e-08 4.932937702e-08 5.483344184e-08 6.912452451e-08 1.077857385e-07 1.124116493e-07 1.187300182e-07 1.143295105e-07 1.248009666e-07 6.682534423e-08 9.660336779e-08 1.03945401e-07 7.190249216e-08 4.778365989e-08 3.040841372e-08 1.547601546e-08 1.15982301e-08 1.554562751e-08 1.965764274e-08 9.589029429e-08 1.26527709e-07 1.601875132e-07 2.902542391e-07 1.903153026e-07 4.739205015e-07 4.450503671e-07 5.783239608e-07 7.003373302e-07 7.661220846e-07 5.705364314e-07 8.411681549e-07 7.208833698e-07 5.938657221e-07 5.251485097e-07 2.398034303e-07 1.711660119e-07 1.107887169e-07 8.717464359e-08 2.422258585e-07 2.04362842e-07 1.260939323e-06 1.200241172e-06 1.642696429e-06 3.539930908e-06 4.331738505e-06 5.337804262e-06 9.24384647e-06 1.148561023e-05 1.481556685e-05 1.462031112e-05 1.508469904e-05 2.343598735e-05 2.261892206e-05 2.544588169e-05 2.623954395e-05 3.673060187e-05 4.266474142e-05 4.740945807e-05 3.431010276e-05 5.530619555e-05 5.588454909e-05 6.894741893e-05 4.720551793e-05 5.177376167e-05 4.485249317e-05 6.461277071e-05 4.199667194e-05 3.676369161e-05 4.760249994e-05 3.621684348e-05 4.748204258e-05 3.42101796e-05 3.440423811e-05 2.150598147e-05 1.972027382e-05 2.294542747e-05 1.317208451e-05 1.311440853e-05 1.122782102e-05 8.309523022e-06 5.67590339e-06 5.244093062e-06 3.541895343e-06 2.017780271e-06 1.021047966e-06 6.147477257e-07 4.485723934e-07 7.899777716e-08 1.414042957e-07 1.546986137e-07 2.053304659e-07 2.243740187e-07 5.722169376e-07 5.749053897e-07 6.753818297e-07 6.178174325e-07 7.167462573e-07 6.627384958e-07 5.090034032e-07 5.03106994e-07 2.493291797e-07 3.798130213e-07 2.763302862e-07 1.777829757e-07 1.894427816e-07 1.02095447e-07 6.180293284e-08 2.210168048e-08 1.262852949e-08 1.166468459e-08 2.700295364e-08 2.894487385e-08 3.758132325e-08 7.779821634e-08 8.875253588e-08 1.033324864e-07 1.22123488e-07 1.078576656e-07 1.259894123e-07 1.331081983e-07 6.544851368e-08 1.124572735e-07 6.218257504e-08 5.636274885e-08 5.055487531e-08 1.759559119e-08 1.239878484e-08 
1.142309216e-08 2.631128488e-08 3.383087724e-08 4.023666235e-08 9.034454812e-08 8.764860328e-08 9.513132433e-08 9.37294062e-08 1.107065679e-07 1.05610552e-07 1.009319796e-07 7.713403017e-08 1.091576694e-07 6.325289078e-08 5.940495481e-08 3.781803059e-08 1.067231514e-08 7.667206627e-09 1.414071487e-08 2.294398123e-08 8.904001553e-08 9.633942209e-08 1.479802524e-07 2.523172192e-07 3.487917743e-07 3.746256318e-07 5.417598951e-07 5.463282938e-07 5.022866481e-07 5.870927327e-07 6.899495776e-07 7.412570426e-07 4.979712104e-07 5.285014312e-07 5.04063887e-07 2.632137162e-07 3.273344309e-07 8.137392463e-08 1.199953987e-07 1.180029368e-07 3.196925486e-07 4.275419914e-07 6.802146551e-07 1.495870671e-06 3.026897649e-06 1.94877447e-06 5.200291331e-06 8.625889832e-06 5.986617621e-06 1.614452383e-05 1.467878392e-05 1.786973426e-05 1.972711378e-05 1.921380675e-05 2.469575732e-05 3.094057338e-05 2.25505694e-05 4.188159327e-05 4.727069027e-05 3.282107853e-05 3.014644074e-05 5.821623008e-05 3.761458322e-05 4.157282966e-05 3.882281918e-05 3.725172996e-05 3.518975017e-05 3.890024432e-05 3.214858105e-05 3.082656205e-05 4.393086741e-05 3.656678469e-05 3.275795079e-05 3.295501118e-05 2.034441032e-05 2.548958391e-05 1.824345128e-05 9.679111628e-06 1.438676721e-05 7.90090404e-06 5.251290172e-06 4.592012559e-06 4.164980662e-06 2.441197763e-06 1.50715655e-06 6.071216138e-07 8.581819674e-07 3.572965483e-07 1.399625166e-07 1.100104336e-07 2.049391741e-07 2.056775134e-07 3.137382478e-07 4.320046285e-07 6.297733146e-07 5.213751865e-07 5.858322376e-07 9.444294104e-07 4.347972614e-07 5.56818753e-07 4.949509154e-07 4.947519395e-07 4.063196895e-07 3.471607971e-07 2.385990342e-07 1.095775733e-07 4.448661054e-08 3.974426173e-08 2.025717939e-08 5.792866385e-09 1.184603044e-08 2.014859153e-08 3.741545413e-08 5.872733894e-08 5.918185583e-08 7.159373155e-08 1.025256309e-07 1.159764611e-07 1.027921586e-07 1.127288857e-07 1.380497946e-07 1.111076828e-07 1.135334108e-07 6.475977957e-08 7.487373592e-08 3.736248441e-08 1.974728669e-08 1.260131674e-08 
9.886076768e-09 1.914668449e-08 3.764753372e-08 5.995877869e-08 7.527207896e-08 9.532233137e-08 1.172978318e-07 1.085812044e-07 1.24068615e-07 1.915407255e-07 1.01799828e-07 8.956532834e-08 5.87150574e-08 6.659663162e-08 6.889142377e-08 3.288977786e-08 2.188921608e-08 1.357040611e-08 1.485556573e-08 2.240904491e-08 4.124482989e-08 1.060467786e-07 1.358566934e-07 1.961160954e-07 2.463545873e-07 4.091632423e-07 4.219365273e-07 7.334383803e-07 5.655801015e-07 7.443702264e-07 7.679605504e-07 7.268913859e-07 6.192009804e-07 6.057120058e-07 4.072568506e-07 4.746911806e-07 2.558557799e-07 1.560319452e-07 1.227855661e-07 1.362367171e-07 2.04603644e-07 3.868242791e-07 9.172853293e-07 1.068919135e-06 2.504894961e-06 2.51525265e-06 4.179631509e-06 5.15257207e-06 5.57249395e-06 1.023761062e-05 1.030682097e-05 1.598459334e-05 2.372455297e-05 1.708840114e-05 1.973872482e-05 2.731926084e-05 3.531262726e-05 3.113336295e-05 2.568721471e-05 4.762235108e-05 3.799044557e-05 3.318732128e-05 5.009145409e-05 2.756658873e-05 5.173722667e-05 5.234598443e-05 3.644522993e-05 3.439344892e-05 2.353240469e-05 3.94536857e-05 3.026691199e-05 2.309643082e-05 2.186569478e-05 2.11445121e-05 1.332548994e-05 1.893322526e-05 1.684878113e-05 9.920698161e-06 9.323807889e-06 8.460416518e-06 6.155626396e-06 2.52713076e-06 2.679912672e-06 9.635320779e-07 1.191083015e-06 8.090898288e-07 3.597863743e-07 6.118850219e-08 6.509923625e-08 1.240492653e-07 1.355902304e-07 1.760803422e-07 3.533922468e-07 5.006533048e-07 6.494442947e-07 5.70613522e-07 8.905513975e-07 4.419383042e-07 6.481695984e-07 6.505445611e-07 6.261528762e-07 3.973520775e-07 4.790805591e-07 1.990287076e-07 1.797832503e-07 1.753568514e-07 9.315514821e-08 3.68193386e-08 2.466291321e-08 7.754375692e-09 5.282412644e-09 1.690013073e-08 3.884249405e-08 5.390493442e-08 7.014004296e-08 1.016674365e-07 1.401145678e-07 1.342696137e-07 1.001625073e-07 1.03552765e-07 8.673088197e-08 1.013466578e-07 5.893457538e-08 5.175472948e-08 4.903327957e-08 3.069797037e-08 2.071912387e-08 1.141618857e-08 
4.056333579e-09 2.231874158e-08 2.697536982e-08 4.872077218e-08 6.903568333e-08 4.00160076e-08 1.077494144e-07 8.822946552e-08 9.330671381e-08 1.154347316e-07 9.842708085e-08 1.115071706e-07 1.356554604e-07 7.356815671e-08 5.657451581e-08 5.053384709e-08 2.499960986e-08 1.520060079e-08 8.558153285e-09 1.565152654e-08 4.146779384e-08 7.461399855e-08 5.201295154e-08 1.821871914e-07 3.056661316e-07 4.026745247e-07 4.69850234e-07 4.562121882e-07 6.440872563e-07 6.439473418e-07 6.29766485e-07 8.293148821e-07 7.659307099e-07 5.945866057e-07 4.873344159e-07 4.224319825e-07 2.989381272e-07 2.51599753e-07 1.321164332e-07 6.894018047e-08 1.050671512e-07 2.206627879e-07 4.296903772e-07 1.207045078e-06 1.227166007e-06 2.18899184e-06 4.301417004e-06 4.868129186e-06 4.277522232e-06 5.246486901e-06 1.001906161e-05 1.198222314e-05 9.386432369e-06 1.897036584e-05 2.179336536e-05 2.149050701e-05 2.838383077e-05 2.882575894e-05 1.805711288e-05 2.905117405e-05 2.759950946e-05 3.095412202e-05 2.692818142e-05 3.870031748e-05 3.16733416e-05 3.558582281e-05 3.700408305e-05 2.97022995e-05 2.242012182e-05 2.311722675e-05 2.873320107e-05 1.908274613e-05 2.215019883e-05 1.761728929e-05 1.45203211e-05 1.533601068e-05 1.327747224e-05 4.568758922e-06 7.217094422e-06 6.375557748e-06 4.444008832e-06 3.342363148e-06 2.491434438e-06 1.39724929e-06 1.325453995e-06 6.865046082e-07 1.327890411e-07 1.012151258e-07 1.141490423e-07 1.30847799e-07 2.434923823e-07 3.963515774e-07 3.752109479e-07 7.425772586e-07 5.42174824e-07 6.414074172e-07 7.292285983e-07 7.217293799e-07 5.95355809e-07 6.800543286e-07 5.010821176e-07 4.436861756e-07 4.090399618e-07 2.137747545e-07 2.189552139e-07 1.126255027e-07 5.505914256e-08 2.384794012e-08 1.350984693e-08 1.073562892e-08 1.758821787e-08 2.800808621e-08 3.713581788e-08 4.957699136e-08 1.115648816e-07 9.741113889e-08 1.02447028e-07 1.34873938e-07 9.546922488e-08 1.1360924e-07 9.50735185e-08 1.220064921e-07 5.91716851e-08 5.215130413e-08 4.724589828e-08 2.245466832e-08 2.051706549e-08 8.877648009e-09 
6.934107085e-09 1.580720558e-08 2.504850099e-08 5.30124301e-08 6.010389057e-08 6.376474299e-08 5.903180564e-08 1.19285253e-07 1.121726309e-07 9.148088339e-08 9.197515219e-08 1.115233095e-07 9.490156125e-08 8.234390616e-08 4.163927535e-08 3.897546362e-08 3.311639497e-08 1.756891662e-08 1.299011405e-08 1.732260166e-08 2.172264911e-08 5.697617331e-08 1.08980168e-07 2.278851326e-07 1.996129515e-07 1.868738389e-07 2.607124542e-07 6.710082975e-07 6.878016268e-07 4.742685336e-07 7.883603114e-07 6.615541275e-07 5.678550491e-07 7.737217682e-07 5.505526397e-07 4.362911106e-07 3.437924219e-07 3.150519773e-07 1.818179965e-07 8.466523261e-08 1.218507777e-07 1.124765901e-07 3.011874993e-07 5.553145444e-07 1.227519355e-06 2.437984105e-06 1.710079921e-06 1.404897191e-06 4.034639827e-06 7.614639748e-06 9.330801908e-06 1.354380085e-05 1.353026702e-05 9.167083895e-06 1.201301414e-05 1.645932395e-05 2.335398487e-05 2.188579926e-05 2.022024437e-05 3.082176098e-05 2.58798437e-05 2.305549685e-05 2.3093494e-05 2.724199726e-05 2.92974689e-05 1.760128879e-05 3.224647432e-05 2.621330749e-05 2.263293314e-05 2.323353584e-05 1.875223982e-05 2.138563195e-05 1.923841829e-05 1.452811282e-05 7.720031322e-06 1.050846772e-05 8.494914856e-06 8.779181916e-06 5.329856333e-06 3.413539156e-06 3.300126546e-06 1.499418562e-06 8.758116045e-07 1.101620611e-06 4.948267001e-07 3.484096565e-07 1.555905402e-07 7.154348752e-08 1.350933011e-07 1.485255787e-07 2.42891911e-07 4.772837535e-07 4.790842228e-07 5.516278756e-07 6.928472734e-07 7.195329387e-07 6.374412208e-07 5.953752122e-07 6.797454119e-07 4.819302818e-07 5.329657023e-07 5.036770243e-07 3.278203681e-07 2.610996952e-07 2.054908104e-07 1.001901152e-07 6.342638865e-08 3.583736003e-08 2.167851808e-08 8.957761478e-09 1.962234661e-08 2.322486777e-08 3.879320345e-08 7.607735076e-08 8.621995399e-08 1.035844962e-07 9.877941128e-08 1.215266682e-07 1.07075615e-07 1.17169221e-07 1.122012124e-07 8.348508135e-08 7.342713313e-08 6.691908909e-08 2.855174958e-08 2.275672477e-08 1.512864118e-08 9.064771077e-09 
4.913330829e-09 1.401795946e-08 2.562311752e-08 4.057890207e-08 4.300461092e-08 4.390709434e-08 5.036968079e-08 8.419805298e-08 1.097672866e-07 1.618130599e-07 7.634137695e-08 1.486472322e-07 1.110456773e-07 9.491324484e-08 9.51601314e-08 5.093902962e-08 2.502025985e-08 1.694268364e-08 6.177431819e-09 1.08444264e-08 3.427329393e-08 3.039924039e-08 6.450189732e-08 1.486666851e-07 2.594483555e-07 2.463961638e-07 3.78028177e-07 4.679832724e-07 5.798016444e-07 3.352169356e-07 7.091125821e-07 5.812074288e-07 6.991912719e-07 4.693973639e-07 4.473738739e-07 4.147519434e-07 2.76409199e-07 2.697351443e-07 2.057600144e-07 1.429215954e-07 7.579756995e-08 9.343423649e-08 1.841504544e-07 3.988806539e-07 6.85311444e-07 1.316698471e-06 1.723198786e-06 3.060810906e-06 3.488072228e-06 5.320567184e-06 5.874915581e-06 7.487831948e-06 7.173135298e-06 1.225797918e-05 1.373347031e-05 1.169128256e-05 1.401689996e-05 2.237624233e-05 1.35166602e-05 1.909501447e-05 2.594800845e-05 2.909849763e-05 1.864355094e-05 1.855031457e-05 2.910127598e-05 2.529155534e-05 2.357725895e-05 2.125190231e-05 1.578576433e-05 1.550324534e-05 1.647167658e-05 2.022121941e-05 1.452766597e-05 1.10036623e-05 7.124976561e-06 9.004600205e-06 4.678987065e-06 4.368751318e-06 4.619926907e-06 3.133377689e-06 2.229253586e-06 1.453255113e-06 1.658438402e-06 8.674064197e-07 2.055019674e-07 2.13106891e-07 9.049757901e-08 8.697877355e-08 9.052920319e-08 2.325520842e-07 3.950415239e-07 3.854420158e-07 3.03400163e-07 6.628257036e-07 8.220020506e-07 6.940034543e-07 6.68935269e-07 4.305076521e-07 5.418644674e-07 6.315224919e-07 5.19809817e-07 3.978710826e-07 3.112109219e-07 1.953250567e-07 1.448555381e-07 9.106288148e-08 5.109110311e-08 3.127422764e-08 7.881057071e-09 1.37003454e-08 1.867083244e-08 5.891026344e-08 6.303497183e-08 1.069819477e-07 7.671480214e-08 7.931054789e-08 1.22405542e-07 9.967039674e-08 1.353094888e-07 9.069792452e-08 6.788071851e-08 9.74468587e-08 7.902473608e-08 4.694275668e-08 4.416928452e-08 2.874881912e-08 1.751179335e-08 6.283141391e-09 
5.633384901e-09 9.99419973e-09 1.664413021e-08 3.957613025e-08 3.673207884e-08 4.872593235e-08 7.470235645e-08 9.38587873e-08 1.032764334e-07 1.344139222e-07 1.161956802e-07 1.270703329e-07 1.086280456e-07 7.18252914e-08 4.423600162e-08 8.236381371e-08 4.0299326e-08 2.632031656e-08 1.501191793e-08 1.206658678e-08 1.380196217e-08 3.019017738e-08 7.256056331e-08 1.349439321e-07 1.89476488e-07 2.405724657e-07 3.059894692e-07 4.122370495e-07 4.885318218e-07 7.951067405e-07 1.065652058e-06 8.390437662e-07 7.824226168e-07 7.782224854e-07 5.26112097e-07 4.747177425e-07 6.39840623e-07 3.840652279e-07 2.851693819e-07 2.360529795e-07 1.231336151e-07 9.645520738e-08 7.345030175e-08 3.719544869e-07 5.712987866e-07 7.492306413e-07 1.294237072e-06 2.111573467e-06 2.286788181e-06 3.689932053e-06 4.207724375e-06 4.750582196e-06 4.880591635e-06 1.0361939e-05 9.199349848e-06 1.600280353e-05 9.630020379e-06 1.212812012e-05 1.108682629e-05 1.273012114e-05 1.972147951e-05 1.883457005e-05 1.44565339e-05 2.017749828e-05 2.557830189e-05 1.559507986e-05 1.928967025e-05 2.088265018e-05 1.36717583e-05 1.798684278e-05 9.669961541e-06 1.472342632e-05 1.064211429e-05 8.956333991e-06 1.03481173e-05 6.772900975e-06 5.103869384e-06 4.857978776e-06 3.396886013e-06 2.510297469e-06 1.41517956e-06 1.232134124e-06 1.126321401e-06 4.187684121e-07 1.63312797e-07 1.502828833e-07 5.685583223e-08 1.083776445e-07 2.913854564e-07 3.052651026e-07 3.862433811e-07 5.434504186e-07 4.434568816e-07 5.244869085e-07 5.602426226e-07 7.739618775e-07 6.371821964e-07 7.710430879e-07 4.831045905e-07 5.247189029e-07 3.958870263e-07 4.60911914e-07 2.128587521e-07 1.4460383e-07 1.077797635e-07 8.686479532e-08 4.964467203e-08 1.548375288e-08 1.026179e-08 1.577970036e-08 2.840868894e-08 4.925773132e-08 6.124573248e-08 8.94052093e-08 7.838278596e-08 1.190392342e-07 1.114432992e-07 1.201130655e-07 1.162002855e-07 8.36131205e-08 7.510220214e-08 7.582753985e-08 5.099803454e-08 2.855861408e-08 4.332163642e-08 1.973378454e-08 1.119464209e-08 5.382306458e-09 
4.472942012e-09 1.018083055e-08 2.9855312e-08 3.504391375e-08 3.914190242e-08 6.976002792e-08 6.824676218e-08 1.03342376e-07 7.873945475e-08 8.085344365e-08 9.998879668e-08 1.358573897e-07 1.058044722e-07 8.407004108e-08 7.979484548e-08 4.932718497e-08 4.627672212e-08 2.43607415e-08 1.837808646e-08 8.798106649e-09 7.635829918e-09 1.967887029e-08 4.398811658e-08 5.95176134e-08 1.173347006e-07 2.027707424e-07 2.304430548e-07 3.679507427e-07 5.353753552e-07 4.482951781e-07 4.081796259e-07 4.066965675e-07 5.670625859e-07 9.194584109e-07 7.895738336e-07 6.428124873e-07 6.79218991e-07 4.662455076e-07 3.46424395e-07 3.025485515e-07 1.441958125e-07 1.11463407e-07 7.325294542e-08 6.915279413e-08 3.722871324e-07 3.445843237e-07 7.708998014e-07 1.370702919e-06 1.20218369e-06 1.947141379e-06 3.879988677e-06 3.903294544e-06 3.64855944e-06 6.550849182e-06 7.686768539e-06 1.226964517e-05 1.045484972e-05 9.932702179e-06 1.641686056e-05 1.276890848e-05 1.45560354e-05 1.579942692e-05 1.482964754e-05 2.097075801e-05 1.17714814e-05 1.691802304e-05 1.497006934e-05 1.336114914e-05 9.82216386e-06 1.144881658e-05 1.389617629e-05 1.039309231e-05 1.023770022e-05 8.517009822e-06 7.241330712e-06 4.019684815e-06 4.641321734e-06 2.658296895e-06 2.614082371e-06 1.59747675e-06 1.421985887e-06 7.088179637e-07 2.118739154e-07 3.369311641e-07 1.103702462e-07 1.168467972e-07 7.310228288e-08 1.639412598e-07 2.376204432e-07 3.371383962e-07 5.083048613e-07 5.500043826e-07 5.507134321e-07 7.840570269e-07 8.842442371e-07 6.674817326e-07 7.509435548e-07 5.694095335e-07 5.041898746e-07 7.265054483e-07 3.00719789e-07 1.763061404e-07 2.23587447e-07 1.73725933e-07 5.558839864e-08 3.986700616e-08 2.468216666e-08 1.034714216e-08 9.716372943e-09 2.407116148e-08 2.921304717e-08 6.958827337e-08 7.040918329e-08 9.414404401e-08 1.413677467e-07 8.836457356e-08 1.082178319e-07 1.28850085e-07 1.146637097e-07 9.704062964e-08 6.31327673e-08 9.068401943e-08 6.728493406e-08 2.567114661e-08 2.240194044e-08 1.582619594e-08 9.631821882e-09 7.367104515e-09 
3.436819358e-09 7.329065101e-09 2.340638164e-08 2.814430218e-08 4.793696363e-08 5.663575635e-08 5.75957562e-08 1.111483127e-07 9.319827751e-08 8.855123549e-08 1.344808721e-07 1.004829217e-07 1.266798433e-07 1.513898958e-07 8.682615442e-08 7.009816152e-08 5.350945638e-08 4.568478232e-08 2.304179478e-08 1.070266089e-08 1.08808663e-08 2.183387861e-08 6.164186333e-08 6.036644557e-08 1.203912308e-07 1.711733519e-07 2.608263266e-07 3.358022167e-07 4.696758891e-07 4.824090859e-07 5.744247793e-07 6.533126132e-07 5.03777662e-07 7.078293384e-07 6.910970879e-07 6.613869561e-07 5.872699079e-07 5.491957587e-07 5.264058847e-07 3.333479494e-07 2.232102854e-07 1.768938082e-07 1.251188687e-07 8.907704652e-08 1.779468725e-07 1.713591451e-07 2.881910489e-07 7.655832415e-07 1.12015494e-06 1.656574119e-06 2.47043924e-06 3.497253526e-06 3.048475783e-06 4.804448911e-06 3.831075905e-06 6.882555144e-06 1.02353183e-05 8.94766572e-06 7.086378113e-06 9.980512851e-06 1.300074132e-05 1.188328619e-05 1.177669411e-05 1.51497235e-05 1.491089302e-05 1.042540417e-05 1.02586836e-05 1.130271519e-05 8.5706771e-06 8.553172748e-06 5.515593345e-06 7.58302491e-06 7.592722949e-06 5.245439304e-06 4.87372469e-06 3.673221495e-06 2.937779384e-06 2.69258476e-06 1.409517942e-06 1.071000609e-06 1.044251547e-06 5.063870268e-07 1.660244705e-07 1.204950829e-07 9.543262751e-08 8.895109325e-08 1.181233174e-07 2.231106211e-07 2.216461593e-07 3.691848549e-07 5.646739197e-07 4.721494534e-07 3.860967129e-07 7.47366046e-07 6.290723218e-07 6.364244179e-07 5.754393085e-07 3.888683412e-07 5.003724427e-07 3.853715043e-07 3.377814541e-07 1.691727072e-07 1.862479217e-07 1.256044279e-07 6.460519692e-08 5.239160758e-08 1.335324376e-08 1.011675232e-08 1.266223423e-08 2.15100936e-08 3.502293613e-08 5.136799148e-08 7.219376776e-08 1.087987584e-07 7.862388606e-08 1.232327533e-07 9.200134096e-08 1.195649388e-07 1.268267728e-07 1.149832438e-07 8.1770203e-08 5.415886535e-08 5.979353752e-08 3.588931582e-08 2.492898998e-08 1.392609513e-08 9.580184068e-09 4.349573826e-09 
4.448445357e-09 7.530053346e-09 1.238750738e-08 1.747450391e-08 2.924515661e-08 5.360584155e-08 6.503077517e-08 8.006017179e-08 9.489991841e-08 9.119241084e-08 9.961524197e-08 1.001163859e-07 8.13501693e-08 1.250412385e-07 7.234753048e-08 8.420535982e-08 7.153193203e-08 3.988862807e-08 3.459822e-08 9.706874953e-09 1.468567427e-08 1.334301116e-08 2.429297115e-08 6.373778552e-08 9.477724093e-08 1.016552767e-07 2.024117221e-07 2.795102629e-07 4.503966163e-07 3.087717139e-07 4.848195799e-07 4.286508498e-07 8.295671796e-07 5.243083236e-07 6.31564813e-07 8.006140135e-07 5.84474412e-07 6.227809043e-07 4.38009038e-07 3.598908428e-07 3.480415629e-07 2.319703421e-07 1.310858845e-07 1.126916677e-07 6.537040919e-08 1.720718809e-07 1.201805619e-07 4.309630409e-07 6.291515099e-07 7.129043741e-07 1.345088123e-06 2.760935623e-06 2.078330348e-06 3.631481995e-06 4.449299649e-06 3.581836646e-06 5.584470211e-06 7.23966436e-06 6.088283994e-06 6.962066644e-06 8.290629578e-06 7.564766513e-06 9.637623273e-06 8.822956218e-06 1.160147898e-05 8.760674883e-06 8.335096318e-06 7.676684796e-06 7.811729339e-06 6.36276718e-06 8.173856012e-06 6.354608144e-06 4.166135128e-06 2.52126125e-06 2.656439707e-06 2.482190456e-06 3.5571328e-06 1.311979068e-06 1.457721376e-06 6.785312692e-07 4.721579947e-07 2.466735595e-07 1.455871359e-07 6.965600005e-08 8.46033891e-08 9.44760612e-08 3.35503042e-07 1.855545248e-07 4.651018324e-07 4.630241322e-07 5.72294486e-07 5.634655515e-07 8.288389186e-07 6.831249726e-07 7.743030447e-07 5.018893895e-07 6.038700358e-07 5.913427175e-07 4.778818597e-07 3.177066966e-07 2.477817114e-07 2.089316622e-07 9.239810823e-08 5.421193665e-08 5.942438481e-08 2.605269514e-08 9.194196435e-09 4.668602035e-09 1.615556693e-08 3.097336309e-08 4.33297662e-08 5.772620554e-08 9.799861477e-08 1.264442233e-07 9.885946901e-08 1.424994346e-07 1.272225889e-07 9.463652901e-08 8.86251218e-08 9.871220759e-08 9.91321482e-08 7.295777572e-08 4.297895947e-08 3.656795545e-08 3.141392591e-08 1.345798895e-08 5.606752879e-09 3.071139089e-09 
3.304106942e-09 5.201513862e-09 1.141393776e-08 2.091551103e-08 4.207665489e-08 6.720601755e-08 7.194014214e-08 6.101383241e-08 1.117651909e-07 8.834112887e-08 9.742966323e-08 1.300969711e-07 1.225327922e-07 1.122634841e-07 1.271019199e-07 7.013254095e-08 9.335867823e-08 5.748321784e-08 2.897777747e-08 1.170038698e-08 1.042654655e-08 1.149913268e-08 1.852182504e-08 2.804051747e-08 8.503080796e-08 1.896282997e-07 1.639785227e-07 2.747146559e-07 3.857378263e-07 2.885650138e-07 4.85935117e-07 4.455728246e-07 4.7275096e-07 5.260922664e-07 7.102329541e-07 7.777620513e-07 7.853117928e-07 5.994814789e-07 5.345156886e-07 4.251453701e-07 4.313954182e-07 2.589445598e-07 1.807199824e-07 1.96836791e-07 1.223150517e-07 8.776459565e-08 6.866411703e-08 2.44400034e-07 2.418003765e-07 6.528591674e-07 8.289311313e-07 1.4350856e-06 1.677464584e-06 1.305287473e-06 2.957496439e-06 2.702814171e-06 4.175603673e-06 4.469539101e-06 4.680121007e-06 5.525991794e-06 3.922942723e-06 4.520788444e-06 5.712849528e-06 4.185546335e-06 6.490543524e-06 5.63923862e-06 3.794547465e-06 3.03901861e-06 5.082568402e-06 4.621075926e-06 3.8418829e-06 2.980717487e-06 3.661024797e-06 2.522393414e-06 1.717308398e-06 1.681997314e-06 1.18185193e-06 1.08006837e-06 5.361220827e-07 4.5546126e-07 1.985755092e-07 1.344889109e-07 8.088641693e-08 1.095230542e-07 1.054267998e-07 2.735773106e-07 2.831392952e-07 2.895841182e-07 4.27951988e-07 6.953884591e-07 4.78909684e-07 8.084598636e-07 7.301280054e-07 5.377826006e-07 7.171355756e-07 6.484420823e-07 5.8325019e-07 3.118229166e-07 2.808848422e-07 3.030760956e-07 2.709871037e-07 1.29749289e-07 8.897082965e-08 9.866064331e-08 1.65514996e-08 2.030109829e-08 1.222883925e-08 1.909342868e-08 2.191811427e-08 3.124602974e-08 5.044146787e-08 6.303552683e-08 5.887408339e-08 9.880042501e-08 7.870716913e-08 1.046765012e-07 1.383506341e-07 1.473748793e-07 1.373239754e-07 8.252569661e-08 7.765401555e-08 4.555079106e-08 5.704475497e-08 2.940799422e-08 1.427898801e-08 9.426814493e-09 6.179268879e-09 2.575917967e-09 
2.480768012e-09 2.913342341e-09 9.533770475e-09 1.475947185e-08 3.510054899e-08 4.671775632e-08 4.383844518e-08 4.654511622e-08 8.239797179e-08 1.218437091e-07 1.010712391e-07 1.43823641e-07 1.184167801e-07 1.398203144e-07 1.185073621e-07 9.120585338e-08 9.931611812e-08 5.318516355e-08 3.014609208e-08 3.011891793e-08 1.515891419e-08 8.185932022e-09 1.546498335e-08 2.630771037e-08 4.082705681e-08 1.532781713e-07 1.318190401e-07 1.873709247e-07 2.116319977e-07 3.550557235e-07 3.986172412e-07 5.273375922e-07 6.234673634e-07 5.022279711e-07 9.311441037e-07 7.276063153e-07 5.062671046e-07 6.754322554e-07 6.224031389e-07 6.837574156e-07 5.622480838e-07 3.332020273e-07 3.908936685e-07 1.828990784e-07 8.527879537e-08 1.437046254e-07 2.546084469e-08 9.569852667e-08 1.709723737e-07 2.769210646e-07 5.923053636e-07 7.099674626e-07 1.056009755e-06 1.086438991e-06 1.489759855e-06 2.289024288e-06 2.781801446e-06 2.872567392e-06 3.438516163e-06 3.391182078e-06 3.910163576e-06 3.303608868e-06 4.814811115e-06 2.376717526e-06 3.678678179e-06 4.496661045e-06 2.924839612e-06 3.94954594e-06 3.363377837e-06 5.117077091e-06 3.50334601e-06 1.677708509e-06 1.203925196e-06 1.785156616e-06 1.165993427e-06 1.07340942e-06 6.81495413e-07 4.181936649e-07 3.68758601e-07 2.066937315e-07 1.009323934e-07 4.970869168e-08 9.730941276e-08 1.420808372e-07 2.355870896e-07 2.794516029e-07 4.795315467e-07 5.129093551e-07 6.008297446e-07 6.820411648e-07 6.948483836e-07 7.934385158e-07 7.989692829e-07 6.375360336e-07 7.423036431e-07 4.496480742e-07 4.318868067e-07 3.358583509e-07 3.568444148e-07 2.795960901e-07 2.426164399e-07 2.107121468e-07 7.390353161e-08 3.255428325e-08 1.671038879e-08 1.062172942e-08 1.199650896e-08 1.96182076e-08 2.750378704e-08 3.193635776e-08 6.935957749e-08 7.478855956e-08 9.005308769e-08 9.46372792e-08 1.05017393e-07 9.268539356e-08 1.235327357e-07 1.219643025e-07 9.285999574e-08 9.692981855e-08 7.162838601e-08 5.186017079e-08 4.280063917e-08 2.7248748e-08 1.797040976e-08 9.342262085e-09 3.341797527e-09 1.661634081e-09 
2.512990999e-09 4.187100453e-09 8.579655819e-09 1.307722369e-08 2.487750835e-08 3.458810282e-08 4.032125664e-08 6.536502983e-08 9.048260629e-08 6.549887812e-08 8.353945233e-08 1.072505388e-07 1.086140201e-07 1.315679126e-07 1.24358875e-07 1.112796799e-07 1.206496934e-07 7.848771937e-08 4.592761817e-08 3.169629273e-08 1.46585523e-08 1.338181252e-08 1.042990879e-08 1.778804102e-08 3.511149277e-08 6.349560011e-08 9.068972288e-08 2.489729401e-07 2.795015214e-07 3.083768453e-07 2.847724706e-07 4.377742997e-07 6.679141201e-07 5.311555926e-07 6.741898045e-07 8.353857412e-07 7.013064379e-07 6.965120256e-07 5.207863862e-07 5.754850163e-07 4.195091604e-07 5.190196052e-07 3.869038377e-07 2.955329692e-07 2.230399982e-07 1.484837657e-07 1.063544589e-07 1.211639311e-07 7.528892197e-08 6.478711642e-08 1.634216741e-07 4.169176585e-07 3.797654078e-07 7.963190892e-07 9.548829063e-07 1.068721819e-06 1.762494875e-06 1.624307778e-06 2.167584858e-06 1.675224228e-06 2.959261934e-06 3.026896695e-06 1.990194937e-06 2.707109883e-06 2.782109516e-06 2.12027855e-06 2.600399364e-06 2.956891395e-06 2.064913168e-06 2.658964978e-06 1.51488698e-06 1.611127555e-06 1.226818826e-06 7.652756944e-07 7.919556577e-07 7.125738825e-07 3.252343093e-07 1.942072124e-07 1.882738905e-07 6.394930375e-08 4.70344796e-08 1.358668885e-07 1.971643899e-07 2.526155525e-07 2.74373613e-07 4.40427678e-07 3.056449079e-07 6.335550726e-07 7.816828372e-07 6.569804842e-07 7.787953108e-07 8.793943177e-07 5.228158923e-07 5.819789748e-07 4.881911809e-07 4.163266609e-07 3.849154617e-07 3.033630885e-07 3.886408868e-07 2.707249114e-07 1.482057837e-07 1.315106027e-07 7.351984861e-08 4.038247898e-08 1.810371124e-08 5.293928867e-09 1.588281182e-08 3.311698543e-08 2.810733014e-08 5.831071363e-08 9.198523132e-08 7.067985665e-08 1.213011067e-07 1.342241751e-07 1.0726921e-07 1.584386348e-07 1.446776819e-07 9.168777527e-08 6.536312054e-08 7.978215933e-08 5.233290866e-08 4.444169784e-08 2.587693791e-08 1.802618611e-08 1.737277213e-08 3.905655612e-09 3.440557762e-09 3.803587855e-09 
4.546989071e-09 2.257881861e-09 6.237952014e-09 1.256961204e-08 1.62166958e-08 3.446282362e-08 3.546597721e-08 4.19043205e-08 6.85936793e-08 8.561468062e-08 8.603843052e-08 1.336496344e-07 1.158679671e-07 1.178807418e-07 1.299158482e-07 1.215262927e-07 7.596461132e-08 6.608832361e-08 7.146283321e-08 4.155732384e-08 3.992713703e-08 2.517579704e-08 1.093601943e-08 1.808908624e-08 2.816558856e-08 3.330419147e-08 7.035089705e-08 1.086136801e-07 1.532281466e-07 2.456733313e-07 3.715038111e-07 4.767992433e-07 3.076188602e-07 4.87781756e-07 6.515655184e-07 5.942071687e-07 6.575214954e-07 7.976632164e-07 6.182594535e-07 8.271417646e-07 4.429288459e-07 5.341092472e-07 3.121701119e-07 3.201248344e-07 3.817197922e-07 1.855523431e-07 1.954957455e-07 1.099337525e-07 6.92819748e-08 9.988426741e-08 7.668482504e-08 1.06914696e-07 1.709902305e-07 6.751082433e-07 5.088341233e-07 5.064729353e-07 3.93452673e-07 8.926470996e-07 1.0732134e-06 1.326055136e-06 1.496400961e-06 1.705190013e-06 1.914140259e-06 2.012668184e-06 1.894039698e-06 1.149411791e-06 1.777176008e-06 1.317484044e-06 1.291916248e-06 1.528250732e-06 1.283682597e-06 1.160634141e-06 6.183102377e-07 4.55486421e-07 1.600291256e-07 1.620828358e-07 1.936217503e-07 9.626278083e-08 7.754674256e-08 1.161431875e-07 1.019549877e-07 1.354007074e-07 1.667166095e-07 3.562398984e-07 3.959878249e-07 4.507420754e-07 6.718897258e-07 6.072287841e-07 4.701077205e-07 7.272076128e-07 4.790622543e-07 6.270358176e-07 7.170899955e-07 4.499260543e-07 4.734637788e-07 5.986920288e-07 3.905518604e-07 3.159788705e-07 2.100141542e-07 1.857354956e-07 1.398257267e-07 5.483489492e-08 5.578049209e-08 1.119748268e-08 1.61255132e-08 1.239072149e-08 1.583292308e-08 2.484656121e-08 4.385280216e-08 6.890541946e-08 8.784962155e-08 8.892625928e-08 7.500643282e-08 8.241351785e-08 1.31623828e-07 1.131908067e-07 9.853827159e-08 9.439117643e-08 6.863267991e-08 5.16266354e-08 3.296517558e-08 3.584570375e-08 3.708790808e-08 2.655516535e-08 7.498810613e-09 5.442409171e-09 3.361903923e-09 3.615124162e-09 
3.48102562e-09 1.901533443e-09 2.27441594e-09 4.884581062e-09 1.257466446e-08 2.982404802e-08 3.256526904e-08 5.514184835e-08 8.577088981e-08 7.556825596e-08 9.181533813e-08 1.278414345e-07 9.521681411e-08 1.272450654e-07 1.09225289e-07 9.520952861e-08 6.252282423e-08 8.882407672e-08 4.858904319e-08 5.084303532e-08 3.905970488e-08 2.184768489e-08 1.301054063e-08 7.579349395e-09 7.615806913e-09 4.087380459e-08 7.112042088e-08 1.121567669e-07 1.907938566e-07 2.041834352e-07 2.357899442e-07 2.955323119e-07 4.941527054e-07 4.490697379e-07 5.897345222e-07 5.682626456e-07 5.99813471e-07 6.174336751e-07 6.536537673e-07 7.004803497e-07 6.331587794e-07 5.130537127e-07 5.570533114e-07 4.998852516e-07 4.831759172e-07 3.715213733e-07 2.853032672e-07 2.045973234e-07 9.861192897e-08 1.299003077e-07 7.764604928e-08 9.684248151e-08 1.006948661e-07 2.290815321e-07 1.94494254e-07 1.98534256e-07 1.8911423e-07 6.781387772e-07 2.668356752e-07 7.495690679e-07 4.361746529e-07 6.487130122e-07 1.109091285e-06 1.214706557e-06 6.793268488e-07 1.176678844e-06 5.70447735e-07 9.813124837e-07 5.978930815e-07 4.919311185e-07 4.408600996e-07 4.19515665e-07 2.332055804e-07 2.406854068e-07 2.008928772e-07 1.344512792e-07 8.706731822e-08 5.837150198e-08 1.021704463e-07 9.9652289e-08 1.306831129e-07 2.684029556e-07 2.999338263e-07 4.240482491e-07 5.442576672e-07 5.933758589e-07 3.725411767e-07 6.357505156e-07 5.884008784e-07 7.805563479e-07 5.308302106e-07 5.703812204e-07 8.166419007e-07 4.637819883e-07 5.596566683e-07 3.980213892e-07 3.547576905e-07 1.924015582e-07 1.752567005e-07 1.733748947e-07 7.222243605e-08 6.453357802e-08 3.898674575e-08 1.469407196e-08 1.719677414e-08 7.880865673e-09 2.277735104e-08 3.24648397e-08 4.64079222e-08 8.621947179e-08 9.54231643e-08 1.047985759e-07 1.043542081e-07 9.869379529e-08 1.111818287e-07 1.22465977e-07 9.728757468e-08 9.422646152e-08 6.811003116e-08 5.451264112e-08 4.728180919e-08 2.262428731e-08 2.012713706e-08 9.734950524e-09 7.10938788e-09 2.907180026e-09 3.501711093e-09 4.610482719e-09 
4.224816676e-09 3.318303638e-09 1.338083346e-09 7.775402839e-09 1.160417307e-08 1.757748313e-08 2.392711291e-08 4.243214448e-08 6.992639872e-08 6.014578375e-08 7.691248407e-08 1.048970159e-07 8.92520612e-08 9.00195974e-08 1.227626179e-07 1.143012952e-07 7.670734059e-08 8.630324493e-08 8.669473526e-08 5.566530921e-08 4.20177302e-08 2.953770737e-08 2.215947062e-08 1.339120631e-08 5.382537711e-09 1.454025905e-08 5.983646138e-08 6.701038896e-08 1.331556015e-07 2.300461736e-07 2.043386583e-07 3.293968683e-07 3.430102868e-07 4.07263245e-07 4.656927074e-07 4.491022649e-07 6.660072701e-07 8.115184038e-07 4.981326497e-07 8.793810738e-07 7.319155009e-07 6.720212615e-07 7.242740929e-07 6.684886451e-07 5.018344507e-07 4.626871369e-07 3.791450928e-07 2.559543252e-07 2.139563752e-07 1.920888941e-07 1.462073201e-07 1.299212019e-07 1.393923803e-07 8.418282827e-08 1.397996752e-07 9.103014282e-08 7.283183648e-08 1.806851774e-07 1.4675969e-07 4.549443522e-07 4.492789556e-07 3.603945622e-07 3.83289735e-07 3.260000998e-07 5.976262314e-07 2.285382801e-07 2.003292525e-07 4.117242391e-07 1.575262153e-07 2.817324459e-07 2.25108024e-07 1.767146387e-07 1.990600123e-07 7.016306627e-08 9.564971522e-08 6.852058366e-08 9.804651812e-08 1.183942607e-07 1.379518926e-07 2.430111208e-07 2.690889575e-07 2.735937023e-07 5.331170006e-07 6.104276969e-07 5.029731461e-07 7.382883187e-07 5.018266478e-07 4.785702723e-07 6.537495281e-07 7.145496794e-07 4.394403366e-07 5.116671779e-07 6.7053117e-07 6.863745411e-07 6.140669378e-07 4.445034466e-07 3.197058555e-07 2.038272089e-07 1.681406148e-07 1.083706739e-07 9.982337733e-08 2.707906439e-08 1.713578112e-08 1.582834517e-08 1.128365296e-08 1.898769465e-08 3.630284865e-08 3.14803487e-08 5.602168097e-08 7.841874998e-08 9.693496706e-08 1.181275981e-07 8.558093837e-08 1.066288045e-07 1.46661535e-07 9.88964892e-08 1.331777531e-07 7.953032536e-08 7.099278131e-08 7.231035699e-08 3.398213191e-08 2.776146821e-08 2.341680661e-08 1.529651146e-08 1.059971493e-08 4.145762276e-09 2.394969712e-09 5.356790196e-09 
6.95891123e-09 4.564243961e-09 2.492557909e-09 2.794141837e-09 4.797902441e-09 1.291285042e-08 2.462126435e-08 2.960425157e-08 3.915855762e-08 5.662779515e-08 1.015070841e-07 1.049543485e-07 9.566390615e-08 1.577746651e-07 1.109942416e-07 9.640899771e-08 1.120017092e-07 1.046085952e-07 8.593782932e-08 7.777738271e-08 5.3994906e-08 4.597111752e-08 2.969690935e-08 1.279870806e-08 8.093339401e-09 1.079988261e-08 2.5651838e-08 3.696944657e-08 5.618860325e-08 1.196062012e-07 2.386402189e-07 2.141771218e-07 2.642137884e-07 3.738678357e-07 4.254166442e-07 4.839958828e-07 5.719167124e-07 7.46532657e-07 5.588671453e-07 6.13324746e-07 5.612398325e-07 9.272162705e-07 6.914770777e-07 5.3101244e-07 8.241267864e-07 4.63988694e-07 2.973849614e-07 3.416838943e-07 3.159324157e-07 3.366452321e-07 1.357097567e-07 2.375339916e-07 1.047304548e-07 1.145483102e-07 8.378215414e-08 3.718972759e-08 5.949492011e-08 5.732425186e-08 1.042017651e-07 9.543271436e-08 1.497967479e-07 1.288756478e-07 3.030815428e-07 1.64683034e-07 9.400334333e-08 1.888150699e-07 2.029092911e-07 1.338123165e-07 1.347668814e-07 8.859759554e-08 1.014757297e-07 8.626387306e-08 6.251177588e-08 7.576143877e-08 6.110903099e-08 1.397973792e-07 1.650582613e-07 2.57511785e-07 2.782508094e-07 3.962049108e-07 3.369982957e-07 2.878069618e-07 5.151788598e-07 6.386385461e-07 6.117669893e-07 7.777208674e-07 4.649713404e-07 4.414642275e-07 6.341795003e-07 6.339946478e-07 7.11036235e-07 6.869012771e-07 5.241470706e-07 4.433934614e-07 3.27274212e-07 2.480303742e-07 1.802566182e-07 1.554059095e-07 1.336928022e-07 8.497765677e-08 4.309093404e-08 1.326569541e-08 1.038625009e-08 7.115310581e-09 2.235200472e-08 2.388627601e-08 4.150963821e-08 6.071226316e-08 5.85374372e-08 1.106806856e-07 1.089082694e-07 9.403697922e-08 1.209381016e-07 9.594630348e-08 1.396823625e-07 1.26730252e-07 1.129697046e-07 7.924295901e-08 6.579863756e-08 5.838731112e-08 3.158430494e-08 2.373290864e-08 1.570987664e-08 6.648032816e-09 3.018449419e-09 3.191597673e-09 1.574547656e-09 8.122663371e-09 
5.804690737e-09 3.921315404e-09 3.619690909e-09 2.870982813e-09 4.966114235e-09 1.348557773e-08 2.880844303e-08 3.198114997e-08 4.998131777e-08 6.304735889e-08 6.293703377e-08 1.166934248e-07 7.691210063e-08 9.089216995e-08 1.169588781e-07 1.076100687e-07 1.075480577e-07 1.131670754e-07 7.350354147e-08 7.712429158e-08 6.355409982e-08 4.860937861e-08 3.010575871e-08 2.591815986e-08 1.055374988e-08 8.93040609e-09 2.499241327e-08 4.582422537e-08 7.226230167e-08 7.217324543e-08 1.514404115e-07 1.500656766e-07 2.332046839e-07 3.187093494e-07 3.281710864e-07 3.844695177e-07 6.89223466e-07 5.305096528e-07 4.169322893e-07 6.739205038e-07 6.010605563e-07 8.161369517e-07 5.680913865e-07 6.184800696e-07 6.699904008e-07 4.978345194e-07 4.162169913e-07 7.110730341e-07 4.148477302e-07 2.790700099e-07 3.934917927e-07 2.815287753e-07 2.948522043e-07 2.029391991e-07 1.455517114e-07 1.422311916e-07 1.171624748e-07 7.198834234e-08 1.137298805e-07 4.60375375e-08 1.020269312e-07 8.929129274e-08 8.437007636e-08 6.43388798e-08 6.237829266e-08 1.311895262e-07 8.582950422e-08 1.373541169e-07 7.92882439e-08 3.956583887e-08 7.41516072e-08 8.811635085e-08 1.746930239e-07 9.899624912e-08 1.789295013e-07 3.510874721e-07 2.98290594e-07 3.175230407e-07 2.548894649e-07 4.342905885e-07 5.718810215e-07 4.723494605e-07 6.107649592e-07 3.981335479e-07 5.372422603e-07 7.234408809e-07 6.895771107e-07 6.69961979e-07 5.951550739e-07 5.27545531e-07 4.239672552e-07 5.64323733e-07 3.525575555e-07 3.049653178e-07 3.944469999e-07 1.877102679e-07 2.034890218e-07 1.372297845e-07 9.257579913e-08 6.984245948e-08 4.50735763e-08 1.471945178e-08 1.207701222e-08 1.410224984e-08 2.279574256e-08 2.834872037e-08 4.70860391e-08 5.083049202e-08 7.893859799e-08 6.088372027e-08 1.24737485e-07 1.076083889e-07 9.086151559e-08 1.286747346e-07 9.582371315e-08 7.451834967e-08 8.948367394e-08 7.769230434e-08 4.284931503e-08 4.755937498e-08 2.84618536e-08 2.805598833e-08 1.762274574e-08 9.701085322e-09 3.283365351e-09 2.557803307e-09 3.92360273e-09 5.179054138e-09 
5.650274949e-09 7.600237167e-09 2.945299586e-09 2.480695635e-09 1.996810754e-09 9.281982954e-09 2.191247295e-08 2.03731313e-08 4.145719366e-08 3.577878363e-08 6.442003987e-08 6.627840712e-08 7.3300005e-08 9.475395922e-08 1.334215246e-07 1.02378017e-07 1.185025063e-07 1.101993641e-07 1.117902857e-07 8.888630598e-08 7.664294925e-08 8.267372824e-08 4.307503712e-08 2.32394821e-08 1.613715501e-08 1.025131169e-08 9.856966272e-09 2.754185349e-08 2.679468112e-08 5.127440856e-08 9.523120519e-08 1.363851118e-07 1.798960298e-07 2.05859342e-07 3.018062137e-07 4.450299728e-07 4.524305537e-07 4.256325509e-07 4.635206348e-07 6.027942853e-07 6.85556976e-07 6.406032615e-07 5.385670478e-07 5.139409631e-07 5.131689795e-07 6.613556816e-07 5.127541767e-07 5.830280157e-07 5.937622316e-07 3.200445356e-07 4.819684185e-07 3.191092703e-07 4.406401863e-07 3.389254457e-07 2.825928916e-07 1.60106231e-07 2.180051822e-07 1.697067963e-07 6.373308879e-08 1.746750305e-07 8.719979895e-08 1.234910056e-07 1.099767554e-07 1.181090612e-07 1.125834425e-07 5.797448493e-08 7.690433524e-08 9.737187239e-08 1.587387823e-07 1.471212943e-07 1.44638466e-07 1.084536916e-07 1.662196646e-07 1.844156789e-07 4.134028749e-07 2.73575643e-07 3.130197299e-07 4.278510345e-07 6.047397996e-07 6.443267829e-07 4.588385854e-07 5.029216144e-07 6.178569136e-07 6.795622174e-07 5.248034674e-07 5.690877901e-07 6.509761464e-07 7.018588743e-07 4.53509837e-07 5.863936604e-07 6.532930936e-07 4.624597065e-07 3.807862101e-07 2.846281471e-07 2.741480307e-07 2.134214232e-07 1.194018353e-07 8.965667396e-08 4.980385999e-08 3.465194374e-08 1.700915506e-08 1.094903423e-08 1.033916764e-08 1.81633614e-08 2.519189225e-08 3.512449791e-08 5.103007457e-08 7.536420687e-08 7.443383482e-08 1.372731323e-07 1.27333816e-07 9.846639734e-08 1.38717769e-07 8.25926145e-08 7.969124099e-08 7.62151209e-08 7.726145892e-08 3.108936694e-08 3.612940841e-08 2.150266999e-08 2.772336338e-08 2.160191688e-08 8.454286366e-09 4.133922865e-09 1.918479686e-09 2.866656688e-09 6.463594691e-09 7.841708479e-09 
1.19242584e-08 7.496081927e-09 4.674020041e-09 1.475716317e-09 1.58349968e-09 7.920703927e-09 1.250588854e-08 2.567798619e-08 1.420609512e-08 4.269120903e-08 6.288127888e-08 8.431012001e-08 8.277269852e-08 9.795613301e-08 1.281851532e-07 1.019240256e-07 1.479621032e-07 8.126256596e-08 1.154115679e-07 9.138544083e-08 7.608984921e-08 7.938823833e-08 6.612009387e-08 2.396567177e-08 2.005476798e-08 1.381042708e-08 1.000524565e-08 1.298012098e-08 1.076056347e-08 3.387639678e-08 9.280392458e-08 1.038149045e-07 1.001254346e-07 2.098777522e-07 1.919932539e-07 3.895594095e-07 3.535673036e-07 3.621461233e-07 3.558119173e-07 5.120796782e-07 6.831533482e-07 6.855099773e-07 5.458662033e-07 4.177341471e-07 4.976433738e-07 4.722474469e-07 7.349118294e-07 8.648840781e-07 3.938471607e-07 5.043549844e-07 3.714517551e-07 3.615960458e-07 5.408932743e-07 3.445690199e-07 4.846057899e-07 2.511719304e-07 4.049249957e-07 2.654051011e-07 2.933216513e-07 3.223724847e-07 1.513042698e-07 2.486323669e-07 2.647760675e-07 1.561575059e-07 1.551069336e-07 1.604185999e-07 1.964527102e-07 2.459253243e-07 2.165021908e-07 2.282166588e-07 2.279584833e-07 2.455643544e-07 3.666724071e-07 4.335216856e-07 4.168669108e-07 5.312632646e-07 5.595747781e-07 5.769783084e-07 6.540268203e-07 6.400603807e-07 7.235352972e-07 5.114862208e-07 5.584898165e-07 7.1253193e-07 9.802529388e-07 5.979936197e-07 7.830797095e-07 6.734330147e-07 6.178239637e-07 3.979055723e-07 4.793571297e-07 4.456108105e-07 3.434390408e-07 2.669038402e-07 2.858041152e-07 1.579081171e-07 9.855142056e-08 7.50151824e-08 5.334719069e-08 1.459169371e-08 8.191891103e-09 1.032965738e-08 1.587930985e-08 2.920299678e-08 4.432566532e-08 5.500001028e-08 6.57408299e-08 7.833349441e-08 1.074938588e-07 1.015764274e-07 1.27120893e-07 1.5903776e-07 9.901567139e-08 9.290961932e-08 1.093308126e-07 8.334128675e-08 5.213652478e-08 5.207827788e-08 4.127687705e-08 1.878132759e-08 2.367780427e-08 1.592596152e-08 4.278819045e-09 3.234012438e-09 1.511901697e-09 3.660058225e-09 8.485854146e-09 1.101227146e-08 
1.431817568e-08 9.021586469e-09 7.251847042e-09 2.261520188e-09 2.257768546e-09 2.363107287e-09 1.384961285e-08 1.357027456e-08 2.288594661e-08 2.778220896e-08 4.991194233e-08 7.053671237e-08 7.832610086e-08 1.022895434e-07 7.090007099e-08 9.342432245e-08 1.168567783e-07 9.709932482e-08 1.06301912e-07 1.289961228e-07 1.01955377e-07 1.031164801e-07 3.971317559e-08 4.110619201e-08 2.467595326e-08 1.214643306e-08 1.157249037e-08 9.365719475e-09 1.784716121e-08 1.600797897e-08 2.825909956e-08 8.805452327e-08 1.184894429e-07 1.479205964e-07 2.301817126e-07 3.213839902e-07 2.747686587e-07 4.148880909e-07 4.265682293e-07 5.227390499e-07 5.0978261e-07 6.953902299e-07 6.859941064e-07 6.658068199e-07 7.499210613e-07 5.601044855e-07 6.836065287e-07 7.177011747e-07 6.619049658e-07 8.163663729e-07 6.190539602e-07 5.953062944e-07 5.674250494e-07 4.08541887e-07 3.697997907e-07 4.91085207e-07 5.895519813e-07 4.84672011e-07 3.051675588e-07 3.306455779e-07 2.579194105e-07 3.21922982e-07 2.506728722e-07 2.009204645e-07 3.3076211e-07 2.991812519e-07 3.16352306e-07 3.24810751e-07 2.871082756e-07 2.622598638e-07 3.418424452e-07 3.536211887e-07 3.958023754e-07 4.661750196e-07 5.893641987e-07 6.324295582e-07 5.635934235e-07 5.038917987e-07 7.032729041e-07 5.123441508e-07 7.092862322e-07 9.418684048e-07 6.517684229e-07 6.748818079e-07 7.642777751e-07 5.468949664e-07 5.297378081e-07 6.858654933e-07 4.084323258e-07 3.272765297e-07 3.390419053e-07 3.512142881e-07 2.689550855e-07 2.066675856e-07 6.951493982e-08 7.609039866e-08 8.70559978e-08 4.341664383e-08 2.671894623e-08 1.166952227e-08 9.30723028e-09 7.792128204e-09 2.512780578e-08 3.041160522e-08 4.885980556e-08 6.653823224e-08 7.352499195e-08 8.833997375e-08 1.040357023e-07 1.141309701e-07 1.010228526e-07 1.360160933e-07 8.016995408e-08 9.627678294e-08 8.537641529e-08 6.855702014e-08 3.423869708e-08 4.788980598e-08 3.937979944e-08 2.755770139e-08 1.524605048e-08 7.855039155e-09 4.900444558e-09 3.117070861e-09 3.715884613e-09 4.777838555e-09 7.646893203e-09 1.438778096e-08 
1.538510424e-08 6.713341652e-09 6.41239696e-09 3.144824869e-09 1.781677805e-09 4.192613318e-09 1.002726999e-08 1.225779491e-08 1.483287643e-08 3.303870633e-08 3.545859031e-08 8.149159113e-08 5.027115621e-08 4.311284757e-08 8.221247598e-08 1.003416947e-07 1.259923024e-07 1.035538564e-07 1.015642513e-07 8.425100144e-08 6.898275913e-08 5.958730531e-08 9.558834923e-08 3.3365071e-08 5.294349168e-08 2.901346175e-08 1.051555182e-08 6.576763783e-09 1.375227866e-08 1.023758162e-08 8.847821779e-09 4.710807044e-08 9.902063832e-08 1.032525356e-07 1.542022262e-07 1.371942792e-07 2.142986266e-07 2.595741223e-07 3.227131698e-07 3.741162705e-07 5.314094583e-07 6.449437247e-07 6.071684665e-07 3.710454601e-07 5.295603678e-07 3.355985187e-07 6.110260134e-07 6.325854585e-07 6.065078818e-07 6.444538867e-07 7.594834736e-07 6.258024848e-07 6.014311256e-07 5.343568741e-07 6.598699175e-07 6.794213295e-07 4.064076326e-07 4.480356746e-07 3.700348228e-07 4.887701379e-07 5.25190814e-07 4.313744911e-07 4.649437721e-07 4.150651846e-07 6.31040428e-07 5.42395155e-07 3.84563799e-07 6.010462437e-07 5.987594375e-07 4.378602347e-07 6.647002321e-07 4.936618265e-07 3.983762806e-07 5.878386738e-07 6.462657976e-07 6.223804964e-07 6.244628328e-07 7.526596051e-07 8.23927664e-07 7.052000231e-07 7.049207682e-07 6.686093678e-07 6.374430085e-07 5.994282945e-07 6.554639435e-07 5.03666362e-07 4.738564953e-07 4.535910747e-07 4.68058699e-07 2.879460578e-07 2.652911345e-07 2.76886991e-07 1.882217572e-07 1.923711181e-07 7.319159644e-08 8.191080761e-08 5.010598011e-08 3.145745368e-08 1.263170089e-08 8.529664889e-09 5.953947209e-09 1.727742646e-08 3.433071547e-08 3.628565981e-08 5.326983402e-08 5.676756044e-08 7.847758017e-08 1.767625588e-07 1.236858196e-07 8.392458379e-08 1.038133292e-07 1.10519989e-07 9.867739507e-08 1.034776266e-07 9.216030222e-08 5.336083654e-08 6.556375284e-08 3.933276182e-08 3.832755797e-08 2.039365178e-08 9.805603285e-09 7.925025228e-09 3.88513041e-09 3.125435936e-09 5.228465521e-09 6.424144506e-09 1.546319167e-08 1.614789299e-08 
3.184933288e-08 1.144063667e-08 1.203181441e-08 6.503031523e-09 2.62163637e-09 2.398362176e-09 3.776243425e-09 9.171285571e-09 1.094342964e-08 3.186720295e-08 4.134888929e-08 3.335377503e-08 4.173795567e-08 6.714345777e-08 7.44362829e-08 9.675908786e-08 1.15995727e-07 1.535906113e-07 8.365815127e-08 1.031590138e-07 7.830486447e-08 9.646560544e-08 8.752298052e-08 8.124022254e-08 8.311427163e-08 5.922665504e-08 3.797412923e-08 2.277134661e-08 1.647515783e-08 9.98843778e-09 1.087886876e-08 3.307595987e-08 4.874080223e-08 7.634569692e-08 5.019620111e-08 1.866286929e-07 1.930843301e-07 2.024745026e-07 2.171557357e-07 3.166859736e-07 4.56876014e-07 4.605047456e-07 4.902216696e-07 5.73797353e-07 6.943391785e-07 6.34264717e-07 6.644363415e-07 4.711066835e-07 7.502362092e-07 7.437229228e-07 9.102298136e-07 7.014372431e-07 4.879727555e-07 8.37408691e-07 8.405200636e-07 6.037528461e-07 6.984755913e-07 6.53831485e-07 6.043453307e-07 5.043840922e-07 4.658872097e-07 6.073136347e-07 6.398517349e-07 4.219228791e-07 4.762933156e-07 4.997366563e-07 3.784734798e-07 5.476393061e-07 5.001238557e-07 5.304999756e-07 4.806005358e-07 7.072090062e-07 6.537488626e-07 6.612738891e-07 6.881396956e-07 7.052950953e-07 7.018981517e-07 8.76702082e-07 8.108707892e-07 6.887161021e-07 5.949737284e-07 8.781700541e-07 4.455269402e-07 5.974540745e-07 5.310681033e-07 5.874979037e-07 4.897441069e-07 3.574036502e-07 4.781912891e-07 2.778035377e-07 2.943022789e-07 1.980505031e-07 1.891424653e-07 1.115699422e-07 5.622132523e-08 5.572647973e-08 1.662413875e-08 2.089809946e-08 9.196912843e-09 1.686749586e-08 1.596214079e-08 2.754696888e-08 4.433308363e-08 6.225163996e-08 5.80761674e-08 4.360330141e-08 9.876872331e-08 9.390809893e-08 1.076095088e-07 1.226577219e-07 1.198593043e-07 1.241099595e-07 1.096760745e-07 8.922892254e-08 1.022504694e-07 5.373182373e-08 4.826121069e-08 2.611787573e-08 2.955067196e-08 1.234323114e-08 8.844338251e-09 2.695065509e-09 2.690358116e-09 3.196448078e-09 8.096406796e-09 8.636551941e-09 1.528993121e-08 1.522542919e-08 
1.922389299e-08 1.890943362e-08 1.1515344e-08 1.028732053e-08 3.288257804e-09 2.213579889e-09 3.934038962e-09 5.236217158e-09 1.896507189e-08 9.117696718e-09 2.034617879e-08 3.336137497e-08 5.220336531e-08 5.034168163e-08 9.499759077e-08 1.093134838e-07 1.080379874e-07 1.003562675e-07 1.552024337e-07 1.266339319e-07 1.325114917e-07 1.021887849e-07 1.05690946e-07 1.016946359e-07 7.479440804e-08 4.656095835e-08 3.723515388e-08 2.50919434e-08 2.141093409e-08 7.849489351e-09 8.000591417e-09 1.822933748e-08 2.85771966e-08 2.751470852e-08 6.550003532e-08 8.621384169e-08 1.379651565e-07 1.420821515e-07 2.67836029e-07 3.570631267e-07 3.738817382e-07 3.915675077e-07 3.88495296e-07 4.152475559e-07 4.647572883e-07 5.073577532e-07 7.264649717e-07 5.397877156e-07 8.082429818e-07 4.356992605e-07 6.823730607e-07 4.951438288e-07 5.382965363e-07 7.624245258e-07 7.284589667e-07 7.23330661e-07 7.670203643e-07 6.083063275e-07 5.552349821e-07 7.692230854e-07 6.657571498e-07 6.439185032e-07 5.979901737e-07 6.070054925e-07 6.769528282e-07 7.282790485e-07 5.854007926e-07 5.366081651e-07 7.448132956e-07 7.918497943e-07 7.305119228e-07 6.630532236e-07 7.246661121e-07 8.268844017e-07 7.093133903e-07 7.30253235e-07 6.986702216e-07 6.281981969e-07 4.47602555e-07 4.83927042e-07 3.949049458e-07 7.116238282e-07 4.709665385e-07 4.484388676e-07 3.481524509e-07 3.435430417e-07 3.538944467e-07 3.00697463e-07 1.985612654e-07 1.385628268e-07 1.601122726e-07 1.441994497e-07 1.084967408e-07 4.093310088e-08 3.989180681e-08 2.785042002e-08 6.206767198e-09 1.531719828e-08 1.023084347e-08 1.883968748e-08 2.592042134e-08 2.537301754e-08 6.164196008e-08 6.721011317e-08 8.144116126e-08 9.411160913e-08 1.270700595e-07 1.034351972e-07 1.18861057e-07 1.13206265e-07 1.094534064e-07 9.822624559e-08 8.534304381e-08 6.407180082e-08 5.708314873e-08 4.541745952e-08 4.735854465e-08 2.610393186e-08 2.056165087e-08 1.069205593e-08 6.104663698e-09 2.597051489e-09 3.301152112e-09 4.280902614e-09 9.398528025e-09 1.39536107e-08 1.63949814e-08 2.148008269e-08 
1.944709842e-08 1.371058612e-08 1.538483597e-08 8.766632395e-09 5.406795729e-09 3.32110455e-09 3.300085006e-09 2.54202857e-09 8.148498643e-09 1.181651311e-08 1.749143578e-08 2.777137807e-08 3.383724723e-08 4.065767425e-08 6.478214276e-08 6.544271117e-08 9.112401035e-08 1.202253675e-07 1.103479422e-07 1.238647535e-07 1.248029417e-07 1.373543322e-07 5.499841664e-08 8.243858632e-08 5.996937877e-08 7.343247421e-08 4.238366083e-08 4.401325599e-08 1.621950402e-08 1.632508384e-08 1.188672465e-08 8.11261786e-09 1.896420105e-08 2.904762024e-08 3.67646264e-08 9.512016024e-08 1.314334382e-07 1.272937013e-07 1.973032395e-07 2.377488511e-07 2.412578998e-07 2.613254149e-07 2.346162119e-07 2.845770741e-07 5.77232846e-07 5.866969984e-07 6.019704957e-07 5.244221605e-07 5.617139184e-07 6.66348027e-07 7.008943664e-07 7.773018659e-07 7.071177103e-07 6.837397931e-07 6.513921794e-07 8.303460345e-07 6.612871344e-07 6.860907022e-07 8.508534728e-07 8.504191849e-07 7.318325651e-07 4.156048659e-07 8.697951796e-07 6.872656477e-07 6.985697843e-07 5.520091458e-07 4.695761892e-07 7.935430581e-07 5.293885246e-07 4.986591162e-07 8.517551901e-07 8.448950647e-07 7.399767075e-07 5.990616214e-07 6.540353583e-07 8.098140102e-07 6.193795668e-07 6.524589849e-07 4.753957878e-07 6.02472397e-07 6.274456915e-07 4.874283126e-07 5.21384802e-07 5.56415371e-07 3.815450503e-07 2.38293053e-07 2.738985877e-07 2.169189712e-07 2.270337731e-07 1.203981663e-07 1.362659494e-07 9.398313982e-08 6.17829557e-08 4.34420706e-08 1.288952432e-08 7.840770428e-09 1.278459564e-08 1.255596703e-08 1.980481499e-08 3.760379524e-08 3.797255127e-08 6.727812076e-08 4.386476019e-08 8.667867767e-08 9.043134567e-08 8.328846197e-08 1.009534311e-07 1.140225801e-07 1.159227132e-07 1.16989608e-07 1.05789635e-07 1.022179037e-07 4.239431026e-08 6.624772485e-08 5.338626754e-08 3.310435383e-08 2.547781543e-08 2.342848546e-08 1.59173292e-08 5.754754015e-09 2.548154883e-09 3.220387644e-09 3.783685486e-09 8.046688766e-09 1.297921635e-08 1.446058724e-08 1.680613489e-08 3.24993399e-08 
3.362068849e-08 1.529774728e-08 1.388879068e-08 1.296190239e-08 1.152620386e-08 4.875180342e-09 2.48371812e-09 2.471777437e-09 5.472295579e-09 5.237395603e-09 1.330354639e-08 1.950432415e-08 4.751656415e-08 6.446648547e-08 6.294682874e-08 5.474764851e-08 7.021872303e-08 1.122357244e-07 1.376916282e-07 1.096089877e-07 1.300564874e-07 1.258768023e-07 1.142159263e-07 8.875784521e-08 1.009068378e-07 9.15685161e-08 3.714189949e-08 7.18615822e-08 3.084111559e-08 2.407342012e-08 3.029391488e-08 1.944472186e-08 9.530469179e-09 1.65146681e-08 1.755445781e-08 4.764638895e-08 5.585809302e-08 6.335276725e-08 9.789901066e-08 1.189054203e-07 1.503842621e-07 1.430759337e-07 2.543126286e-07 3.33711175e-07 2.829599687e-07 5.231810235e-07 3.913961778e-07 5.056737456e-07 4.666549006e-07 5.864952374e-07 4.775060848e-07 7.808152387e-07 6.296860343e-07 6.161400641e-07 5.261136515e-07 6.657461613e-07 5.337351098e-07 6.694885397e-07 6.856963245e-07 7.034656064e-07 7.81192041e-07 7.024358399e-07 6.489058428e-07 1.040066773e-06 6.805229626e-07 4.939355934e-07 4.917199078e-07 6.329616654e-07 4.884091354e-07 5.88614667e-07 6.299214835e-07 5.895884971e-07 6.302917386e-07 5.879871297e-07 4.775943808e-07 5.100267982e-07 6.299780453e-07 5.102210721e-07 5.090549661e-07 4.59980033e-07 3.716074122e-07 3.39913282e-07 3.532460825e-07 3.76408828e-07 3.499838904e-07 3.314788829e-07 1.904711666e-07 1.963998882e-07 1.117745316e-07 1.305538513e-07 7.325197868e-08 3.620374608e-08 3.147550156e-08 2.523985964e-08 1.967552628e-08 7.659892138e-09 1.1496576e-08 2.169236016e-08 3.377165642e-08 4.648744365e-08 6.278648896e-08 8.359638967e-08 6.607575158e-08 8.097364809e-08 1.077074384e-07 1.399309485e-07 1.075083514e-07 1.040276482e-07 1.117053015e-07 1.161057438e-07 1.142950787e-07 1.143060279e-07 8.303508906e-08 5.016625757e-08 5.883035615e-08 3.475100975e-08 2.660487836e-08 1.162043705e-08 7.07659559e-09 5.79270399e-09 1.843957048e-09 2.994200574e-09 6.195137373e-09 7.735106897e-09 1.265305119e-08 1.426159309e-08 2.088550455e-08 3.147488675e-08 
2.519817192e-08 2.557579539e-08 2.109132424e-08 1.299897589e-08 8.710492944e-09 7.010921962e-09 4.106383898e-09 3.183890465e-09 2.954841598e-09 7.606169702e-09 1.004903096e-08 2.192628635e-08 2.860730719e-08 2.910096459e-08 5.158764302e-08 6.767972756e-08 8.941382003e-08 7.349762022e-08 9.545741366e-08 1.174096926e-07 1.362002261e-07 1.271307635e-07 1.117432242e-07 1.066917414e-07 1.207838527e-07 9.549871075e-08 9.852428019e-08 8.404549868e-08 7.812746106e-08 5.577013627e-08 2.07790951e-08 1.427394994e-08 1.146505832e-08 1.018537519e-08 8.206341064e-09 2.222531275e-08 4.706025426e-08 4.289053716e-08 9.679121944e-08 1.202856145e-07 1.148049082e-07 1.537942007e-07 2.318203544e-07 1.959459212e-07 2.624935805e-07 3.158001515e-07 3.608854972e-07 4.005811279e-07 5.6958503e-07 3.326325195e-07 4.69867513e-07 5.609295976e-07 6.510557317e-07 8.106766171e-07 5.378211432e-07 4.823655358e-07 5.015806668e-07 5.654408938e-07 4.544225085e-07 7.930830965e-07 5.642925968e-07 6.288314469e-07 3.826210112e-07 5.956485164e-07 7.231776117e-07 9.423880411e-07 3.858915708e-07 4.325776097e-07 5.472679915e-07 6.248365043e-07 7.322579758e-07 7.105645104e-07 6.158222834e-07 4.740423047e-07 5.042686815e-07 4.32106398e-07 4.1223353e-07 6.797304147e-07 4.08083022e-07 5.441444354e-07 4.657038001e-07 4.805932794e-07 3.91275351e-07 2.097590597e-07 1.773478502e-07 1.935403144e-07 1.056296167e-07 1.298056086e-07 1.377736761e-07 7.675732022e-08 5.485937054e-08 1.622159502e-08 2.205708645e-08 1.142215734e-08 9.480885112e-09 1.412859342e-08 1.669884161e-08 1.922366003e-08 4.362832371e-08 6.144810196e-08 5.860992627e-08 7.527994308e-08 7.654935585e-08 1.197003223e-07 7.01606451e-08 1.327858615e-07 1.009273801e-07 1.48655706e-07 1.090540257e-07 1.0255284e-07 1.135848854e-07 5.628597688e-08 6.22898518e-08 4.770377889e-08 4.50090457e-08 3.083553994e-08 1.188762485e-08 1.01409141e-08 5.733094846e-09 2.810985317e-09 2.26823258e-09 6.715181956e-09 5.309914521e-09 1.268883986e-08 1.471318877e-08 2.697937573e-08 2.777104968e-08 3.418070716e-08 
2.093770848e-08 2.201026565e-08 2.451868289e-08 2.295554478e-08 1.521170012e-08 7.661530231e-09 5.123437483e-09 5.218665725e-09 2.497984821e-09 4.066770757e-09 4.105977457e-09 1.228601613e-08 2.28919364e-08 2.295999968e-08 5.636321938e-08 4.863307072e-08 7.381439941e-08 9.273235101e-08 1.06368368e-07 7.594111484e-08 8.945711367e-08 1.431673758e-07 1.067061335e-07 1.069789123e-07 1.045025887e-07 8.034765073e-08 7.490917798e-08 9.762982736e-08 6.024943541e-08 5.075141124e-08 5.624300154e-08 2.924432041e-08 2.019204324e-08 1.257203869e-08 7.350527267e-09 1.833122552e-08 1.730047838e-08 2.132047791e-08 4.892798446e-08 6.190837902e-08 6.202108448e-08 7.601979498e-08 1.290575677e-07 1.849510868e-07 1.16691062e-07 1.824871583e-07 2.377542168e-07 4.279574051e-07 3.397009523e-07 3.007000455e-07 4.288999739e-07 4.129130931e-07 4.415965122e-07 5.664564576e-07 4.363956547e-07 6.854620841e-07 5.792108039e-07 4.926329495e-07 6.004075228e-07 5.141261623e-07 5.729386857e-07 7.508230601e-07 4.427133649e-07 4.871585412e-07 5.753490614e-07 6.974537409e-07 6.243373195e-07 5.254209999e-07 5.392312552e-07 4.148480438e-07 6.561824903e-07 6.886816588e-07 3.963517251e-07 6.479003357e-07 3.447760766e-07 3.987991165e-07 4.53114004e-07 4.479601678e-07 3.171832002e-07 3.336998818e-07 3.429121637e-07 2.75926151e-07 2.172537819e-07 1.172907183e-07 2.111468692e-07 1.750932321e-07 6.180898315e-08 3.356145574e-08 5.132610654e-08 3.926204082e-08 2.598348335e-08 1.01261822e-08 1.279955114e-08 1.57969375e-08 1.491717726e-08 2.34898675e-08 3.820947379e-08 5.002510059e-08 2.961101131e-08 8.46960035e-08 8.243415288e-08 8.805041792e-08 1.147317293e-07 1.031767451e-07 1.7093361e-07 9.951832867e-08 8.187709712e-08 1.219568344e-07 1.009567038e-07 9.244693832e-08 7.65309913e-08 6.240437682e-08 6.330179749e-08 5.607334164e-08 3.80183408e-08 2.505454154e-08 1.114943081e-08 7.847754935e-09 4.246990033e-09 2.464551007e-09 3.310175776e-09 3.200056304e-09 1.086243827e-08 1.296253451e-08 2.07464433e-08 2.744457523e-08 2.230956114e-08 2.894001308e-08 
3.729319784e-08 2.442397992e-08 3.429003143e-08 1.96343388e-08 1.833461389e-08 7.269115785e-09 6.760360755e-09 5.796429793e-09 9.302594651e-10 3.799226578e-09 7.470130681e-09 5.62460423e-09 1.182107926e-08 2.364491735e-08 2.723715944e-08 4.25972223e-08 5.122398521e-08 5.719744018e-08 6.981481376e-08 8.958139685e-08 1.155728024e-07 8.517198235e-08 9.221711545e-08 1.442203378e-07 1.121329128e-07 9.15547203e-08 8.561446576e-08 7.735842674e-08 6.18756352e-08 7.799418006e-08 5.848894816e-08 4.754564097e-08 3.18025046e-08 1.090198548e-08 9.341726671e-09 9.273373713e-09 6.572763463e-09 1.795142202e-08 3.258226358e-08 3.114291956e-08 4.60037345e-08 5.885452287e-08 9.339462911e-08 8.390340179e-08 1.854178364e-07 2.104703415e-07 1.96157537e-07 2.074780923e-07 3.800981046e-07 2.1652559e-07 2.81962104e-07 2.566461841e-07 4.804401785e-07 4.820075864e-07 4.495354561e-07 3.773834146e-07 6.203112361e-07 3.760241035e-07 4.276181458e-07 3.982853633e-07 4.430851183e-07 6.158283678e-07 6.0874591e-07 5.978344041e-07 4.968309802e-07 4.594861419e-07 4.810678153e-07 6.755601053e-07 5.5349679e-07 4.829892792e-07 4.577832523e-07 3.975806879e-07 3.977582534e-07 5.039085627e-07 5.330187012e-07 3.664455288e-07 3.837756171e-07 5.237869152e-07 2.349381833e-07 3.142232854e-07 2.491465945e-07 2.624478378e-07 1.048571531e-07 1.863569035e-07 1.176363939e-07 5.834878054e-08 6.758203086e-08 2.879690955e-08 3.719332184e-08 2.329943944e-08 1.16756776e-08 1.211087011e-08 7.538230699e-09 1.404966209e-08 1.85440959e-08 2.848449482e-08 3.957364864e-08 4.744056227e-08 4.384208808e-08 7.750171721e-08 1.249493222e-07 9.492734536e-08 1.137274056e-07 1.430798082e-07 8.062962698e-08 1.0112702e-07 1.232453877e-07 9.847098617e-08 1.293151302e-07 6.408364635e-08 8.061858961e-08 5.071478643e-08 3.443781921e-08 2.472444878e-08 2.144703841e-08 2.114732011e-08 8.831802722e-09 3.075869012e-09 2.865217501e-09 2.470668901e-09 2.995420895e-09 9.745265014e-09 1.182778284e-08 1.624427259e-08 3.47260915e-08 2.414453954e-08 3.84262907e-08 3.26043828e-08 
3.723516282e-08 2.127171964e-08 2.449165689e-08 1.641142017e-08 2.522473761e-08 1.460015837e-08 6.681995288e-09 5.486738542e-09 3.620625816e-09 1.499779868e-09 2.297482888e-09 5.857306599e-09 8.900558616e-09 1.987867039e-08 3.506410116e-08 3.644326267e-08 5.226887985e-08 5.714766898e-08 7.316080775e-08 1.067219356e-07 1.18699532e-07 1.00588077e-07 1.095075307e-07 1.17409071e-07 1.54289627e-07 8.848190137e-08 8.540547401e-08 1.05936982e-07 9.834469202e-08 7.98534434e-08 7.56883624e-08 7.173789328e-08 4.980943836e-08 4.258651232e-08 3.326755237e-08 1.732428705e-08 5.964307134e-09 1.475067315e-08 1.325496956e-08 2.588428034e-08 1.503842258e-08 2.654081414e-08 4.563812675e-08 6.333768098e-08 1.076866807e-07 1.519383014e-07 1.84607983e-07 1.921284785e-07 1.904513901e-07 3.273273791e-07 2.714676278e-07 3.181584952e-07 3.150744049e-07 3.492123094e-07 3.078158509e-07 3.499177515e-07 2.967183722e-07 4.19531156e-07 4.200539727e-07 3.905083455e-07 5.031243269e-07 4.813636136e-07 4.897679202e-07 3.170295991e-07 3.6293806e-07 5.160132814e-07 5.523076419e-07 4.412365394e-07 4.533300154e-07 5.057393395e-07 3.943058369e-07 4.644078309e-07 3.653257963e-07 2.557557169e-07 3.046464636e-07 3.375333921e-07 1.650952273e-07 2.828025464e-07 1.558983096e-07 1.935527376e-07 1.793789087e-07 1.161718431e-07 1.164268359e-07 6.131633473e-08 1.068510534e-07 3.963339051e-08 3.76519521e-08 1.574296327e-08 1.967511556e-08 1.239101292e-08 9.488507058e-09 1.571262127e-08 2.260259674e-08 1.603108637e-08 3.989828229e-08 3.25397315e-08 5.742140705e-08 4.08745443e-08 7.69384255e-08 1.169882371e-07 1.338832247e-07 1.219238585e-07 9.436753981e-08 1.372797004e-07 7.975196193e-08 1.025967349e-07 9.039804364e-08 7.209795944e-08 1.131707544e-07 8.348346805e-08 5.833196456e-08 2.946599331e-08 3.483440991e-08 2.077921332e-08 1.266439995e-08 9.699431867e-09 6.75218374e-09 4.733772607e-09 1.823664497e-09 4.727310522e-09 9.123030374e-09 1.30302522e-08 1.488673586e-08 1.899343316e-08 2.18260212e-08 2.079012502e-08 2.384072686e-08 3.515206881e-08 
2.845975795e-08 4.044294771e-08 3.15265727e-08 2.466952121e-08 2.662340697e-08 1.873776497e-08 1.321577516e-08 7.920562512e-09 7.986430195e-09 3.501835069e-09 1.913775513e-09 2.727248796e-09 4.057762121e-09 1.13647983e-08 2.099482263e-08 3.426187067e-08 3.736567074e-08 6.074643418e-08 5.014716196e-08 7.373854792e-08 8.625260733e-08 6.858838692e-08 9.971789201e-08 1.316445977e-07 1.38362716e-07 1.689281798e-07 1.143160134e-07 8.83334986e-08 1.342191015e-07 7.360111442e-08 9.977756172e-08 8.554406547e-08 5.056375315e-08 5.76929959e-08 2.948667286e-08 2.432098854e-08 2.673116479e-08 1.295634864e-08 9.56344632e-09 1.047449819e-08 8.656521634e-09 1.870752131e-08 1.318774803e-08 2.817960267e-08 5.343255478e-08 8.458539609e-08 7.780692658e-08 1.42858929e-07 1.019115067e-07 1.48023221e-07 1.909429421e-07 1.789731096e-07 2.212042004e-07 1.917564059e-07 2.198088964e-07 2.773727815e-07 3.729575571e-07 3.841804046e-07 3.823496757e-07 4.516224954e-07 2.520294088e-07 4.03733667e-07 2.690646192e-07 4.798563133e-07 2.16910633e-07 4.111908451e-07 3.563934708e-07 3.847673404e-07 3.574469681e-07 2.601758712e-07 3.206364489e-07 2.70495325e-07 2.345964514e-07 2.135213066e-07 3.054328941e-07 2.450111397e-07 2.02582403e-07 1.533205745e-07 2.082336414e-07 9.771813997e-08 7.744508723e-08 6.808091438e-08 8.068185874e-08 4.115825708e-08 2.857828794e-08 3.608816157e-08 1.831898383e-08 1.074603264e-08 1.291937849e-08 5.231706883e-09 1.470277887e-08 1.931441845e-08 1.886226115e-08 3.102386734e-08 4.542414203e-08 4.920916841e-08 1.126318668e-07 9.385636897e-08 7.850041158e-08 1.069143816e-07 9.608480665e-08 1.163416037e-07 9.539724431e-08 9.582732686e-08 1.28408195e-07 1.166813315e-07 8.994327649e-08 7.231326104e-08 7.403137151e-08 7.484872343e-08 5.058253059e-08 4.76185127e-08 2.703419483e-08 1.359381676e-08 7.798120789e-09 7.904391025e-09 3.960291476e-09 2.529460121e-09 4.317446882e-09 3.163250136e-09 7.716398403e-09 1.076919984e-08 1.903965903e-08 1.861184605e-08 2.418130667e-08 2.445392504e-08 3.113813932e-08 3.508827325e-08 
2.979691077e-08 3.419195541e-08 3.880788024e-08 2.678899166e-08 1.984976494e-08 1.801950028e-08 1.605725256e-08 1.369310907e-08 8.567124045e-09 5.586505436e-09 3.881086113e-09 2.606102014e-09 5.500957506e-09 4.343079752e-09 1.109301443e-08 2.482642371e-08 2.434459482e-08 4.529156043e-08 4.606503357e-08 7.292978411e-08 8.068490144e-08 7.360773949e-08 7.433602017e-08 7.627424115e-08 1.072489516e-07 1.29997139e-07 1.314963092e-07 1.01107905e-07 1.14484492e-07 1.379335226e-07 1.433457155e-07 8.269488549e-08 8.538178486e-08 7.187897629e-08 6.117394318e-08 4.74793209e-08 2.836920478e-08 1.950797114e-08 1.588407057e-08 1.048620022e-08 9.927701925e-09 1.313998366e-08 8.953048706e-09 1.592226926e-08 2.333081461e-08 4.043690357e-08 3.866105019e-08 6.316527861e-08 9.466098883e-08 8.52666269e-08 1.243339156e-07 1.515051982e-07 1.742975172e-07 2.024352905e-07 2.334356338e-07 2.009173384e-07 2.113460907e-07 2.906446851e-07 2.97928611e-07 2.530498935e-07 2.012341762e-07 2.716040838e-07 3.063636932e-07 2.936809217e-07 2.589919954e-07 2.509230789e-07 2.502277161e-07 3.149534482e-07 2.372651946e-07 2.110172592e-07 1.808074526e-07 1.516965513e-07 2.051638403e-07 2.515668155e-07 1.54517329e-07 1.635576738e-07 1.82758039e-07 1.202058991e-07 9.746880033e-08 9.675862993e-08 5.657693346e-08 4.617130658e-08 2.887518932e-08 4.270180658e-08 3.269877219e-08 1.022758122e-08 1.084508027e-08 6.765987706e-09 1.835887936e-08 2.435953759e-08 2.914046115e-08 1.919404572e-08 4.609117027e-08 3.97572908e-08 7.804768338e-08 8.51015392e-08 1.044714201e-07 7.60321071e-08 1.02849041e-07 6.713528298e-08 8.721532639e-08 1.251717125e-07 1.35496071e-07 9.334177075e-08 1.053645919e-07 1.041260725e-07 5.218638329e-08 6.954586503e-08 7.976326229e-08 4.252826528e-08 4.625949729e-08 2.753947704e-08 2.1819004e-08 8.436514581e-09 5.164345619e-09 3.421648858e-09 1.441999679e-09 3.786493486e-09 4.261090238e-09 9.673680596e-09 1.373975304e-08 1.44765502e-08 2.27127128e-08 1.8107118e-08 2.213983258e-08 2.446574254e-08 3.38683252e-08 2.843517829e-08 
3.097422397e-08 3.632328863e-08 2.69335197e-08 3.476721692e-08 2.595243288e-08 2.594372456e-08 2.254972812e-08 1.446446139e-08 1.092650928e-08 7.898797627e-09 5.899463365e-09 3.061501409e-09 2.205901319e-09 3.301681707e-09 7.90285208e-09 1.524029774e-08 2.139473481e-08 3.275194271e-08 3.671682321e-08 4.876727522e-08 5.103698834e-08 7.75361697e-08 7.432601942e-08 7.874812264e-08 1.495674405e-07 1.001410631e-07 9.051964426e-08 9.211251978e-08 1.558656745e-07 1.299885185e-07 1.294886389e-07 1.235290901e-07 1.396077438e-07 8.097826731e-08 6.650263932e-08 7.040234315e-08 5.590845501e-08 5.409055758e-08 2.871540219e-08 2.297164846e-08 1.155739662e-08 1.253767231e-08 1.256574561e-08 8.009538885e-09 1.030058977e-08 1.519721316e-08 3.664442882e-08 1.981793686e-08 4.789607314e-08 5.757684898e-08 9.540732446e-08 7.169364987e-08 7.82904171e-08 1.064839766e-07 1.570117263e-07 1.547013616e-07 2.0709632e-07 1.437558638e-07 1.590886998e-07 1.661338292e-07 2.007119558e-07 2.190077269e-07 2.329804083e-07 2.216049167e-07 2.669849299e-07 2.671246731e-07 1.444939195e-07 1.803446687e-07 1.612605331e-07 1.961672505e-07 1.974448849e-07 1.242533787e-07 1.387395884e-07 1.329047744e-07 1.276512175e-07 6.335488287e-08 7.569947906e-08 5.658062339e-08 7.948824179e-08 5.029840056e-08 2.850656682e-08 3.181590416e-08 2.618744645e-08 1.207394155e-08 1.520086863e-08 1.099824666e-08 1.602362616e-08 1.047028063e-08 2.663756025e-08 4.883453611e-08 2.603812875e-08 3.799090522e-08 6.672161199e-08 1.089905431e-07 7.042363927e-08 1.039404528e-07 1.144196018e-07 1.073366552e-07 8.454338744e-08 8.009054786e-08 1.392111175e-07 1.127715823e-07 7.714462558e-08 9.61202874e-08 8.299329899e-08 8.909264866e-08 7.358225449e-08 3.444120077e-08 6.103108948e-08 4.034678483e-08 4.121974762e-08 1.964309059e-08 1.112568119e-08 1.012906395e-08 5.271125818e-09 2.339678196e-09 2.384230622e-09 4.977922812e-09 8.398726655e-09 1.156204856e-08 1.683472564e-08 1.573913011e-08 2.905818123e-08 2.311919525e-08 3.004252678e-08 4.244757623e-08 4.083869247e-08 3.840637569e-08 
3.590007289e-08 3.657987632e-08 1.732960023e-08 2.811092336e-08 2.905133319e-08 2.823470932e-08 2.533396809e-08 2.072376517e-08 1.953905035e-08 1.050487312e-08 8.799626128e-09 6.577992464e-09 4.036196523e-09 2.638384355e-09 6.070025861e-09 1.000693349e-08 1.214239357e-08 1.988529744e-08 2.945548393e-08 5.51337814e-08 4.474434124e-08 5.972113651e-08 6.212026777e-08 1.273926552e-07 9.497657908e-08 1.042945094e-07 9.436078116e-08 1.582468286e-07 1.17077578e-07 1.12511305e-07 1.191760399e-07 1.117424635e-07 9.236813433e-08 9.504146709e-08 1.211710505e-07 5.655690231e-08 7.370423964e-08 6.020308024e-08 3.02864857e-08 3.366402461e-08 3.199600649e-08 1.549871986e-08 1.007497743e-08 1.149841165e-08 1.04208729e-08 1.234221519e-08 1.399979816e-08 2.033051067e-08 2.234584721e-08 3.015449135e-08 2.649660436e-08 6.152375085e-08 6.207754382e-08 6.150795798e-08 5.742751804e-08 9.37579022e-08 8.015439358e-08 9.616016256e-08 1.193040839e-07 1.594525851e-07 7.859663995e-08 1.613373061e-07 9.552051704e-08 1.680586259e-07 1.010543146e-07 1.314497351e-07 8.574178424e-08 1.193444369e-07 1.201447681e-07 1.544800032e-07 8.785830843e-08 8.171588434e-08 7.437619169e-08 7.373289535e-08 5.819892486e-08 5.286517994e-08 2.598701011e-08 9.426637588e-09 2.933760081e-08 2.554933472e-08 1.534010194e-08 1.531991075e-08 9.996800022e-09 1.694955846e-08 1.385888263e-08 1.440755797e-08 2.426121789e-08 2.96859235e-08 3.567571454e-08 3.875053582e-08 5.783451197e-08 4.694063894e-08 4.784271523e-08 7.330492971e-08 6.70459263e-08 1.287415507e-07 1.385519108e-07 1.194217139e-07 7.645159003e-08 1.11108216e-07 1.1168818e-07 1.252517231e-07 9.910247008e-08 1.045786637e-07 7.418440392e-08 5.70056944e-08 4.834448138e-08 5.168675952e-08 3.914660928e-08 2.778585988e-08 1.476849699e-08 1.201685546e-08 6.569882081e-09 3.777932842e-09 3.26956943e-09 2.791747469e-09 3.683619409e-09 5.473116646e-09 1.130306242e-08 1.298861811e-08 1.685900124e-08 3.012995307e-08 3.36385044e-08 4.776174458e-08 3.265081897e-08 3.197459755e-08 4.235720246e-08 3.054512825e-08 
3.907416521e-08 3.756956017e-08 4.571047644e-08 3.108063393e-08 3.758036464e-08 3.209818857e-08 2.544413029e-08 2.59240509e-08 2.339594865e-08 1.463418044e-08 1.33523724e-08 1.006227947e-08 3.662730106e-09 2.574748834e-09 2.695530563e-09 2.820680008e-09 6.994349312e-09 6.807906984e-09 2.31698862e-08 2.941981677e-08 4.589134022e-08 5.077450159e-08 5.30933064e-08 6.010956982e-08 6.816436791e-08 8.578817207e-08 9.976022793e-08 1.437141719e-07 1.4173745e-07 8.064816942e-08 5.963098152e-08 1.043554828e-07 1.247745376e-07 1.423358962e-07 6.355750155e-08 1.218433724e-07 6.265688441e-08 7.075394422e-08 3.87032845e-08 3.225206073e-08 3.469421518e-08 4.226103905e-08 3.969605111e-08 2.201716282e-08 1.315293733e-08 1.190271171e-08 1.121364962e-08 1.151163587e-08 1.082664893e-08 1.723089035e-08 9.464078211e-09 1.868482159e-08 2.322504917e-08 3.682196741e-08 4.495919783e-08 3.72137965e-08 4.612211996e-08 3.516779703e-08 8.76717572e-08 5.905973272e-08 6.463464108e-08 8.862042572e-08 1.121169379e-07 5.168378179e-08 5.516753208e-08 8.284611651e-08 5.590699263e-08 5.16811602e-08 7.883042351e-08 7.086741157e-08 6.92531228e-08 4.781222426e-08 4.205242319e-08 2.606066903e-08 2.916448705e-08 1.563072984e-08 1.795220657e-08 2.137179357e-08 1.556287636e-08 8.619046095e-09 9.002912045e-09 1.024687572e-08 1.780748167e-08 2.032848683e-08 2.836684124e-08 2.622645196e-08 3.957015214e-08 3.815422535e-08 6.562986422e-08 5.190674377e-08 8.603228619e-08 7.080810581e-08 8.255789767e-08 1.078049357e-07 9.107950719e-08 1.180424566e-07 1.268773248e-07 9.173852127e-08 7.996509883e-08 1.050969633e-07 9.333755412e-08 9.667777212e-08 8.579485717e-08 7.343999831e-08 7.277545481e-08 5.257547943e-08 4.91076054e-08 3.171069512e-08 2.726879288e-08 2.400664932e-08 1.8760663e-08 7.737981269e-09 3.897873165e-09 1.952092638e-09 2.081069681e-09 2.443326203e-09 7.886141595e-09 7.957054939e-09 1.589059825e-08 1.908926391e-08 2.129027891e-08 3.835054751e-08 2.50316777e-08 4.1160608e-08 3.788034634e-08 3.725312654e-08 3.950042063e-08 3.529259984e-08 
2.93790731e-08 3.226621226e-08 2.557984699e-08 3.626176672e-08 4.620545654e-08 2.493438565e-08 2.447703835e-08 2.086794174e-08 1.540015431e-08 1.321048283e-08 9.005415033e-09 7.730437781e-09 8.774766891e-09 2.341814188e-09 2.288726295e-09 1.980104038e-09 5.195709062e-09 1.265671268e-08 1.625550449e-08 1.749399273e-08 4.04201497e-08 3.068750508e-08 4.048511429e-08 6.591770291e-08 7.340747167e-08 7.613156958e-08 8.637942009e-08 7.816767876e-08 9.142206532e-08 1.224220374e-07 7.842300662e-08 1.119701238e-07 1.339147186e-07 9.127494563e-08 8.920551593e-08 1.258790322e-07 1.383642605e-07 8.060303435e-08 6.328659822e-08 7.342209184e-08 6.494784048e-08 5.560857637e-08 3.518125561e-08 3.773418436e-08 3.539567541e-08 3.231161163e-08 1.721780182e-08 1.118746034e-08 1.151285767e-08 1.400785075e-08 7.86748547e-09 8.536771314e-09 5.213613743e-09 1.876970767e-08 2.035213667e-08 2.50393256e-08 1.78424052e-08 3.420831884e-08 3.066631145e-08 2.046034715e-08 2.156426697e-08 2.271077187e-08 3.41990512e-08 3.649590219e-08 4.185297388e-08 1.93064954e-08 3.380853685e-08 4.487454489e-08 3.251886485e-08 1.709328309e-08 4.267044751e-08 9.463714546e-09 8.26612907e-09 1.121252717e-08 1.504837226e-08 3.929694942e-09 6.710701301e-09 1.029920352e-08 6.882948948e-09 9.421020039e-09 1.652401809e-08 1.531904227e-08 1.356272266e-08 2.607659326e-08 3.839941231e-08 3.302283937e-08 5.389239204e-08 4.645253876e-08 7.266328091e-08 5.494709552e-08 9.178223014e-08 8.7989428e-08 8.594072271e-08 1.235517089e-07 1.616898144e-07 9.909571691e-08 1.16789113e-07 1.432142232e-07 1.27648496e-07 1.116084238e-07 6.711687748e-08 1.001790864e-07 7.484799571e-08 7.024100636e-08 5.839392967e-08 3.815194192e-08 4.045399639e-08 2.33214171e-08 2.130551363e-08 1.004393177e-08 8.378960306e-09 9.454438646e-09 1.718018967e-09 3.152631023e-09 3.268502457e-09 5.851079877e-09 7.573937592e-09 1.012517532e-08 1.913686846e-08 2.047891363e-08 2.13318206e-08 2.963993928e-08 3.903395008e-08 3.642370628e-08 4.560600005e-08 3.488498635e-08 2.049791393e-08 1.892834852e-08 
1.760379161e-08 3.394938508e-08 3.733077211e-08 3.970356534e-08 3.340122023e-08 2.703036616e-08 2.428115701e-08 2.444968691e-08 2.867843642e-08 1.743367944e-08 1.66702531e-08 1.650721687e-08 1.243499939e-08 7.814195341e-09 4.081365311e-09 1.344583366e-09 2.74557727e-09 3.129297733e-09 1.132801857e-08 1.201041538e-08 2.838899106e-08 4.083128374e-08 3.165599903e-08 6.587656009e-08 4.811651051e-08 8.530927517e-08 6.895634378e-08 9.658351815e-08 1.020004731e-07 7.832259341e-08 9.23469715e-08 1.072305152e-07 1.508658088e-07 9.938157078e-08 9.819442752e-08 1.410153307e-07 1.005752519e-07 1.0330973e-07 1.09396778e-07 7.791104e-08 9.257731892e-08 5.338339329e-08 4.960054892e-08 5.775392647e-08 2.962639441e-08 3.642817838e-08 3.309458716e-08 3.110426938e-08 2.341271255e-08 1.429434296e-08 2.300197658e-08 8.008366805e-09 1.099454952e-08 1.393517849e-08 5.358338773e-09 8.275479909e-09 8.666721765e-09 6.412825894e-09 1.637163852e-08 1.011124114e-08 1.378390403e-08 1.08149921e-08 1.474768121e-08 2.271914628e-08 1.875755166e-08 1.492495618e-08 1.157094429e-08 1.562400885e-08 1.45671574e-08 1.780895889e-08 1.303178446e-08 1.316687499e-08 8.148490502e-09 1.279951708e-08 1.740821251e-08 1.463421028e-08 1.090619429e-08 1.210930146e-08 1.878571568e-08 1.912069331e-08 2.128582938e-08 2.063385089e-08 2.888787551e-08 3.673505997e-08 6.907939096e-08 5.788381788e-08 7.15529103e-08 8.550953904e-08 7.843718795e-08 8.045082558e-08 9.15375304e-08 1.077728234e-07 1.210262377e-07 1.538260358e-07 8.414422774e-08 1.071310753e-07 8.939268503e-08 1.001064985e-07 1.130911107e-07 1.079850787e-07 9.734464442e-08 7.866217648e-08 5.243452665e-08 3.79688533e-08 5.996004623e-08 3.584499448e-08 2.679738076e-08 2.754371079e-08 1.312365307e-08 1.043991594e-08 6.002754196e-09 2.907177713e-09 3.337658579e-09 3.290009912e-09 4.744035149e-09 7.720804835e-09 1.476585734e-08 1.448984051e-08 2.171595318e-08 2.117338471e-08 3.049763112e-08 3.61419079e-08 3.749586085e-08 2.05480752e-08 4.048450592e-08 3.275985527e-08 3.367095471e-08 2.178696683e-08 
2.251412679e-08 2.933495831e-08 3.343621163e-08 3.777177111e-08 2.335394896e-08 3.331419333e-08 4.3257567e-08 2.589021857e-08 2.662796549e-08 2.43750955e-08 2.22666102e-08 1.336885762e-08 1.261473848e-08 6.66019109e-09 6.056248414e-09 4.233004527e-09 3.128868967e-09 2.933527687e-09 3.140954575e-09 8.236236613e-09 1.359508647e-08 2.121945486e-08 3.814433317e-08 3.550916519e-08 2.866050181e-08 5.528610229e-08 6.645505568e-08 9.604914302e-08 9.063931491e-08 9.402722065e-08 1.2345608e-07 9.024125694e-08 1.066226867e-07 1.266890591e-07 1.047375515e-07 1.010390885e-07 1.103794319e-07 1.229393403e-07 9.958772398e-08 1.297916911e-07 1.175687551e-07 8.113118017e-08 7.60070076e-08 7.944125663e-08 4.30568374e-08 5.036388734e-08 5.471127744e-08 4.32492537e-08 4.682407022e-08 3.257221145e-08 1.73224999e-08 1.570776629e-08 2.283309409e-08 1.09036771e-08 1.423396082e-08 1.090164828e-08 7.694420496e-09 1.136820021e-08 1.396278441e-08 8.78450547e-09 8.111073253e-09 8.813941107e-09 9.938155881e-09 1.155106846e-08 8.896268764e-09 9.639846448e-09 8.886894963e-09 1.186737516e-08 5.311322075e-09 1.40472761e-08 5.109204154e-09 1.06211153e-08 9.320507638e-09 1.678157114e-08 1.448497857e-08 2.106549577e-08 2.232147981e-08 2.636888048e-08 3.990036314e-08 2.547892979e-08 6.823506555e-08 4.641725968e-08 5.735661569e-08 6.382158831e-08 6.00810109e-08 7.021930052e-08 7.677229459e-08 8.629904504e-08 1.267460131e-07 9.875648792e-08 9.309871115e-08 9.955360839e-08 1.081097214e-07 1.088595275e-07 1.178178671e-07 8.256496099e-08 1.162967928e-07 1.278943694e-07 1.075282457e-07 1.105185715e-07 9.244734117e-08 8.001152935e-08 4.886914298e-08 4.028025388e-08 4.08961127e-08 2.806439874e-08 1.386033329e-08 1.074927967e-08 8.010481838e-09 6.876075308e-09 3.416752603e-09 3.229210272e-09 4.576796851e-09 7.599043552e-09 7.572917136e-09 1.303921807e-08 1.736503209e-08 1.660688409e-08 2.306284832e-08 2.612895357e-08 3.516648932e-08 3.72839301e-08 3.191228751e-08 2.978242034e-08 3.234296518e-08 2.676202648e-08 3.199433171e-08 2.558007172e-08 
2.083450401e-08 2.963671557e-08 2.471956431e-08 3.534715174e-08 3.502566699e-08 2.68666664e-08 3.377857088e-08 3.831984804e-08 2.733464042e-08 2.711645801e-08 2.58697977e-08 2.292250104e-08 2.054701871e-08 1.247142539e-08 1.053911954e-08 5.146233074e-09 3.194167067e-09 2.739892875e-09 1.845721637e-09 3.235911151e-09 9.119179611e-09 1.315841248e-08 2.079361665e-08 2.453019119e-08 2.843678244e-08 4.529473993e-08 5.208963715e-08 6.450286777e-08 6.320112285e-08 8.111513621e-08 9.909455497e-08 8.719083696e-08 1.068764233e-07 1.346471511e-07 1.32560701e-07 9.750092723e-08 9.603501907e-08 1.405004357e-07 1.170665934e-07 1.544516853e-07 1.025053262e-07 9.919734295e-08 1.121547184e-07 9.293623908e-08 8.729955445e-08 8.955578052e-08 7.136276171e-08 6.293377577e-08 5.358717402e-08 4.13649491e-08 3.357410329e-08 3.827953865e-08 3.871854398e-08 2.746796233e-08 1.606915837e-08 2.381233348e-08 2.739460906e-08 2.511529531e-08 1.462168524e-08 1.759724892e-08 1.389169504e-08 1.109148477e-08 1.351318356e-08 1.932988008e-08 1.584550387e-08 1.732471019e-08 1.001254688e-08 1.642091742e-08 1.489617959e-08 2.647802923e-08 1.236462547e-08 2.171898135e-08 1.792756133e-08 3.82104771e-08 3.361716333e-08 2.921505377e-08 3.136066962e-08 3.767254524e-08 4.002030501e-08 4.807617037e-08 7.723177675e-08 5.965757732e-08 8.377887156e-08 4.395737123e-08 8.297038629e-08 9.787101932e-08 1.240626064e-07 1.029089874e-07 1.047556237e-07 9.42527464e-08 1.000965936e-07 1.326725795e-07 7.125320729e-08 1.197675157e-07 7.950200825e-08 9.314860775e-08 8.356991691e-08 8.667540722e-08 7.309947785e-08 7.919824263e-08 7.950326212e-08 5.486430956e-08 4.603557166e-08 3.417169467e-08 3.44060959e-08 3.145405928e-08 1.506692436e-08 9.128008549e-09 3.018376314e-09 3.128835697e-09 2.471457981e-09 3.804181701e-09 7.474561621e-09 9.688431198e-09 9.921819467e-09 1.770828946e-08 1.947705488e-08 2.307887648e-08 2.359312959e-08 3.400930989e-08 2.791224581e-08 2.297875192e-08 3.317802808e-08 3.132026698e-08 2.882185384e-08 2.931878403e-08 2.82954832e-08 3.279178748e-08 
2.120151206e-08 3.589657608e-08 2.385264616e-08 2.785692133e-08 3.198889105e-08 4.36573251e-08 3.822437317e-08 3.441722312e-08 4.697768273e-08 4.328968736e-08 2.377262624e-08 3.427875033e-08 1.982689901e-08 1.265982125e-08 1.769454095e-08 6.320253084e-09 5.193514729e-09 3.196477599e-09 2.684725634e-09 2.225269041e-09 4.107070062e-09 7.816833463e-09 1.853866501e-08 2.353296785e-08 2.953967127e-08 2.302709904e-08 5.404958222e-08 5.610716187e-08 6.675969477e-08 5.227233765e-08 9.757092583e-08 1.093190983e-07 8.47557806e-08 8.11529896e-08 8.785105567e-08 1.262905052e-07 1.24613158e-07 1.244063264e-07 1.127277508e-07 1.021672293e-07 1.208425931e-07 1.087143243e-07 1.303795471e-07 1.290111662e-07 7.987022236e-08 7.035215157e-08 1.260984382e-07 8.49504992e-08 9.21625622e-08 8.352248137e-08 6.822756812e-08 4.451103176e-08 5.461954504e-08 5.320463826e-08 3.358448107e-08 3.181187158e-08 1.228103528e-08 3.840171731e-08 3.356324841e-08 3.887169353e-08 2.735067797e-08 2.612000749e-08 2.547297919e-08 3.736817666e-08 2.935565661e-08 2.640745273e-08 1.778816837e-08 2.673060877e-08 3.012962604e-08 4.028822185e-08 4.331938953e-08 4.260832642e-08 4.042689469e-08 3.847037512e-08 3.127997881e-08 6.471089409e-08 5.905665174e-08 7.210541039e-08 6.95161207e-08 1.037106049e-07 7.036731989e-08 7.179807042e-08 8.83121298e-08 8.964511768e-08 9.464187076e-08 1.021048625e-07 1.273172159e-07 1.247456564e-07 1.225673129e-07 1.087598293e-07 1.346115909e-07 1.045869425e-07 9.602485268e-08 1.322601466e-07 7.656393061e-08 9.837616612e-08 1.100701683e-07 6.769862792e-08 9.43482548e-08 6.260222201e-08 4.844919955e-08 4.658523604e-08 3.463694349e-08 4.670027816e-08 2.29768084e-08 1.634324798e-08 8.076508857e-09 4.962304557e-09 2.824885968e-09 2.095462253e-09 4.037529093e-09 3.511457509e-09 6.813251112e-09 6.484467317e-09 1.476643961e-08 1.948899299e-08 3.001580878e-08 2.739045674e-08 3.259233385e-08 3.035855243e-08 3.426157026e-08 3.132817841e-08 3.737134756e-08 3.766085479e-08 2.605976124e-08 2.975310833e-08 1.822109059e-08 1.816734582e-08 
1.123884589e-08 1.897109792e-08 2.720529508e-08 2.494168456e-08 2.903136811e-08 2.055240802e-08 3.185412956e-08 3.060668606e-08 3.824952247e-08 5.43473432e-08 2.907867258e-08 2.364830681e-08 1.932901691e-08 2.073927745e-08 1.055915813e-08 8.716356918e-09 1.371508788e-08 6.232441766e-09 4.787760195e-09 2.348418009e-09 2.483192122e-09 3.062178596e-09 8.02609195e-09 1.243221456e-08 1.713209457e-08 2.272947552e-08 3.589644816e-08 3.965839234e-08 3.480503283e-08 4.438760338e-08 7.085985267e-08 9.693694922e-08 8.841931983e-08 7.007548057e-08 1.288532227e-07 9.378353441e-08 7.771005138e-08 1.160538062e-07 1.019641692e-07 1.457802859e-07 1.162353062e-07 1.403828884e-07 1.138555438e-07 1.395884758e-07 1.060914276e-07 1.087809917e-07 9.781588435e-08 9.504949563e-08 9.157807202e-08 6.513209023e-08 9.310782555e-08 8.820017298e-08 4.72622038e-08 4.554040171e-08 7.43381702e-08 5.403266727e-08 6.063387979e-08 4.528154217e-08 3.704852098e-08 6.323970895e-08 6.126573171e-08 3.700357602e-08 3.906048229e-08 4.674161532e-08 4.747876419e-08 5.901889898e-08 4.57965825e-08 4.617083457e-08 2.932468516e-08 4.220013695e-08 3.981899875e-08 5.158760975e-08 6.327831103e-08 5.302502886e-08 7.63017274e-08 9.023493098e-08 7.958765022e-08 9.666705709e-08 1.003750338e-07 8.263757978e-08 1.136480468e-07 8.061175866e-08 1.057657226e-07 1.424504219e-07 1.224666996e-07 1.151276797e-07 1.280457532e-07 1.117463077e-07 1.246043365e-07 7.095483234e-08 1.229487456e-07 1.287700948e-07 7.456158435e-08 6.135352694e-08 4.896713885e-08 4.923866708e-08 4.321714178e-08 4.719061858e-08 6.469660657e-08 4.509839308e-08 3.587049619e-08 2.477864918e-08 2.332225817e-08 8.65952899e-09 1.013271651e-08 8.847088543e-09 3.085612003e-09 3.538916778e-09 3.287005932e-09 2.948508493e-09 3.779695581e-09 6.26837641e-09 1.144003168e-08 2.373832278e-08 1.910702345e-08 2.759774449e-08 3.505606814e-08 2.293276103e-08 3.663941237e-08 4.359620547e-08 3.849924731e-08 3.289367478e-08 3.211542574e-08 2.976313134e-08 2.847042659e-08 3.082155239e-08 1.575270417e-08 1.764448013e-08 
8.691604082e-09 1.068299658e-08 2.433095867e-08 1.811670691e-08 2.912019825e-08 3.093955314e-08 3.321221715e-08 2.870185392e-08 3.331953623e-08 3.593797462e-08 2.784957291e-08 3.400544128e-08 3.173279895e-08 1.923862282e-08 2.22976671e-08 1.802401924e-08 1.525629048e-08 9.458412198e-09 6.183488423e-09 3.960359315e-09 1.813601952e-09 3.421701571e-09 4.332215123e-09 9.966809302e-09 7.227813527e-09 9.969535565e-09 1.699590949e-08 3.435691951e-08 3.84354262e-08 2.637735962e-08 5.476464888e-08 5.017586531e-08 4.178698844e-08 6.810635764e-08 7.985038338e-08 7.907822996e-08 9.27658749e-08 1.208944816e-07 9.10673401e-08 9.634195945e-08 1.255991128e-07 1.03591702e-07 1.361568476e-07 1.370346575e-07 1.160328014e-07 1.183356435e-07 1.044147215e-07 1.009296728e-07 1.591898796e-07 1.093647013e-07 8.501144981e-08 1.134603596e-07 8.600866927e-08 1.055295813e-07 9.301574938e-08 4.615268056e-08 8.564297216e-08 8.453677291e-08 7.733974752e-08 6.332324745e-08 8.826217503e-08 8.314278969e-08 6.970714232e-08 5.00024031e-08 5.777588644e-08 4.933904795e-08 7.476007426e-08 4.945525368e-08 6.66255665e-08 8.616794641e-08 6.808872222e-08 8.53389618e-08 5.851812744e-08 8.337639427e-08 8.557306439e-08 8.723232033e-08 9.727875628e-08 1.106881707e-07 1.323108546e-07 1.006026734e-07 1.590178661e-07 8.564506144e-08 1.102494782e-07 1.261200535e-07 1.063491458e-07 1.135249334e-07 1.172950801e-07 1.078768754e-07 1.052676647e-07 6.586168579e-08 8.88788717e-08 5.328414989e-08 6.804729056e-08 6.641063297e-08 8.872584083e-08 6.860550415e-08 6.464700245e-08 4.025656283e-08 4.977774199e-08 4.579510956e-08 2.641938183e-08 1.630363607e-08 1.29327207e-08 1.273598562e-08 9.45843103e-09 6.131589992e-09 3.178504617e-09 2.904533467e-09 3.543056859e-09 6.303265899e-09 1.03761962e-08 1.324414285e-08 1.320503e-08 2.120162327e-08 2.242070395e-08 3.112121763e-08 2.039689466e-08 3.140752365e-08 4.095925103e-08 3.383208121e-08 3.956015633e-08 3.798374642e-08 3.109424455e-08 2.924135011e-08 2.125448219e-08 2.254371757e-08 1.774443971e-08 1.214668029e-08 
9.345041704e-09 1.379963162e-08 2.149460455e-08 1.485417686e-08 2.177934722e-08 3.381609767e-08 2.47896941e-08 3.046807679e-08 3.393052136e-08 3.45093591e-08 3.911693245e-08 3.369792509e-08 2.635539533e-08 2.383661862e-08 2.020531298e-08 2.394998881e-08 1.554358997e-08 1.01502355e-08 9.765942724e-09 5.63200315e-09 3.418892908e-09 3.367261863e-09 2.714185891e-09 3.661062312e-09 5.696407595e-09 4.013278613e-09 1.825566938e-08 2.235052699e-08 2.747285383e-08 2.55050674e-08 2.662418931e-08 5.149663518e-08 4.859318335e-08 5.395029655e-08 7.880325834e-08 7.220660973e-08 7.05049781e-08 1.171558952e-07 9.80211441e-08 1.131236551e-07 1.16983481e-07 1.212010483e-07 1.448207145e-07 1.468890231e-07 1.06397525e-07 1.121011684e-07 1.047530754e-07 1.375028572e-07 7.970723607e-08 1.166416484e-07 9.406159772e-08 9.85169831e-08 1.001667725e-07 1.276756112e-07 9.681704619e-08 9.529431169e-08 7.989152376e-08 5.586431811e-08 7.499082715e-08 9.994332836e-08 9.02631737e-08 7.109799219e-08 9.113627028e-08 9.399931206e-08 8.907314815e-08 9.315750412e-08 1.091932466e-07 7.027058551e-08 7.709342159e-08 7.610706877e-08 1.24043049e-07 6.814791083e-08 8.843757858e-08 8.699555348e-08 1.148553295e-07 7.926429121e-08 9.950009846e-08 1.276901763e-07 1.251507812e-07 1.105713689e-07 1.343918769e-07 1.147919315e-07 1.052253465e-07 1.152288274e-07 9.834607684e-08 1.22702953e-07 1.206594739e-07 1.111519755e-07 9.48924036e-08 8.737043373e-08 5.746841179e-08 1.059974746e-07 5.516898941e-08 7.428038572e-08 7.054961324e-08 4.26495079e-08 4.168182973e-08 3.162239191e-08 3.654653515e-08 3.236418655e-08 2.098494485e-08 9.81118203e-09 4.901267593e-09 3.183142124e-09 2.479672861e-09 1.876038201e-09 2.666919591e-09 5.070914887e-09 8.486227585e-09 7.791174319e-09 1.195670096e-08 1.771212538e-08 1.716016301e-08 2.817810207e-08 2.558279389e-08 4.120102154e-08 2.625616211e-08 4.228478897e-08 3.571186152e-08 2.893101508e-08 3.984219482e-08 4.563078093e-08 2.865559412e-08 2.710711803e-08 1.647871392e-08 1.682275607e-08 1.508732191e-08 9.209197584e-09 
1.023181906e-08 9.07688215e-09 1.343353906e-08 1.529699092e-08 1.963453382e-08 2.408778876e-08 3.542439606e-08 3.230374289e-08 3.073187404e-08 3.253913114e-08 3.309641898e-08 2.959981101e-08 2.853160829e-08 3.856696262e-08 2.301745183e-08 1.846622114e-08 2.291742928e-08 1.909237085e-08 1.279791888e-08 9.36285632e-09 7.22966739e-09 4.377046165e-09 3.375812702e-09 1.969740071e-09 2.847240625e-09 2.073200338e-09 9.858476103e-09 1.369969117e-08 1.602580785e-08 2.625386482e-08 2.504940224e-08 4.333323952e-08 3.524446793e-08 5.6332196e-08 4.981520004e-08 6.906572979e-08 6.146689039e-08 8.462624862e-08 5.779733658e-08 9.388848962e-08 9.635879715e-08 1.092975106e-07 9.767960141e-08 1.359830588e-07 1.148135295e-07 8.498808947e-08 1.2344751e-07 1.113280746e-07 8.865228728e-08 1.282416537e-07 1.546882392e-07 8.016829181e-08 1.014717354e-07 1.09470112e-07 9.433574689e-08 1.38002517e-07 1.229042618e-07 1.229226578e-07 9.692937839e-08 1.041733191e-07 9.260220437e-08 1.043946399e-07 1.021479916e-07 1.239108215e-07 1.295696306e-07 1.090483582e-07 8.060319874e-08 1.004216556e-07 9.854148989e-08 7.598136004e-08 1.403625806e-07 1.047812743e-07 9.065430096e-08 1.299730686e-07 1.316766793e-07 8.592709725e-08 9.839630688e-08 1.273440997e-07 1.169085284e-07 9.568106859e-08 1.202774441e-07 1.222487536e-07 1.067031019e-07 1.085074484e-07 8.87404718e-08 1.003248575e-07 1.215149967e-07 9.674836776e-08 1.001341102e-07 9.73417707e-08 6.893604247e-08 7.549239495e-08 4.363093663e-08 7.694350662e-08 6.471424775e-08 6.503488857e-08 2.635325019e-08 2.814259478e-08 2.301316398e-08 1.638765065e-08 9.611463833e-09 5.724754323e-09 4.592884924e-09 2.732435705e-09 3.996495602e-09 3.219594454e-09 3.752533939e-09 5.3603258e-09 1.09800465e-08 1.218684413e-08 1.838584144e-08 3.234260657e-08 2.341582156e-08 2.452945635e-08 3.694479776e-08 2.957968587e-08 4.048732428e-08 3.311554747e-08 4.957021273e-08 4.123967563e-08 3.524437898e-08 2.603631624e-08 2.349807343e-08 2.132567057e-08 1.646154498e-08 1.450203683e-08 8.452581587e-09 6.711059965e-09 
7.217770251e-09 5.825834608e-09 9.23914326e-09 1.53355017e-08 1.245447329e-08 2.184445973e-08 2.13453987e-08 3.045438353e-08 3.277099859e-08 3.216151875e-08 3.602865932e-08 2.498266914e-08 3.64873356e-08 2.480779018e-08 3.369132914e-08 2.611404252e-08 2.163296506e-08 2.708052281e-08 1.46472136e-08 1.160711275e-08 1.192418688e-08 8.681721506e-09 6.474813051e-09 3.474950728e-09 3.066881566e-09 2.634507333e-09 3.115450032e-09 7.839076592e-09 1.094681686e-08 9.708840051e-09 1.467677159e-08 2.03709828e-08 3.08811875e-08 3.990478883e-08 3.686569799e-08 4.611666836e-08 5.864817475e-08 6.654058954e-08 1.116846654e-07 1.000050637e-07 1.013605058e-07 1.149374023e-07 7.883467973e-08 9.620390935e-08 1.273338163e-07 1.213469914e-07 1.084973381e-07 1.170004713e-07 1.080007892e-07 7.890238589e-08 1.116641185e-07 1.514128304e-07 1.208265696e-07 1.159747948e-07 1.211687751e-07 9.780221686e-08 1.239701508e-07 1.500118343e-07 8.906744121e-08 9.894183753e-08 8.657721036e-08 9.862440294e-08 1.151889651e-07 1.107158665e-07 8.495006205e-08 1.059350891e-07 1.149970316e-07 1.005901439e-07 8.612974898e-08 1.31838428e-07 1.022469225e-07 1.366318978e-07 1.379651117e-07 1.364743091e-07 1.347108293e-07 1.321146842e-07 1.17364718e-07 7.333540602e-08 1.290194708e-07 1.117241541e-07 1.288649135e-07 1.080448122e-07 8.71887292e-08 1.52067942e-07 8.574351653e-08 7.557353156e-08 7.77909185e-08 7.702049508e-08 6.405951065e-08 6.989806743e-08 6.563718864e-08 5.128971402e-08 6.313752778e-08 4.312709682e-08 3.951668271e-08 3.335483288e-08 2.162430829e-08 2.004716542e-08 1.079109077e-08 1.029283105e-08 3.985879916e-09 6.181776584e-09 2.852368311e-09 2.588571801e-09 3.824867175e-09 6.343195426e-09 6.28094409e-09 8.742744705e-09 1.147064865e-08 1.811073513e-08 2.820293457e-08 2.500789766e-08 2.830816738e-08 3.40401106e-08 3.474495895e-08 3.935386976e-08 3.381401814e-08 3.893903759e-08 2.732998392e-08 2.268580725e-08 3.676811767e-08 2.870932997e-08 1.620688676e-08 1.863008875e-08 1.512278493e-08 7.945464888e-09 5.81820012e-09 5.845660019e-09 
3.546861731e-09 9.266740937e-09 8.016332976e-09 1.434080202e-08 1.666884936e-08 1.875101174e-08 1.942345724e-08 2.527571621e-08 2.339240663e-08 3.961324012e-08 4.720041124e-08 3.941986043e-08 4.697912751e-08 2.90977596e-08 3.143351619e-08 2.642450314e-08 3.110589341e-08 2.267627263e-08 3.323821379e-08 1.908668734e-08 1.096917488e-08 1.445630625e-08 1.012718786e-08 8.118037495e-09 6.088361646e-09 2.234402131e-09 2.093093198e-09 3.255342702e-09 2.567452766e-09 5.645938054e-09 8.409731381e-09 1.670260596e-08 2.08321543e-08 2.358415847e-08 3.022655091e-08 3.074365152e-08 4.397175651e-08 5.161659208e-08 6.741398898e-08 4.345409189e-08 9.155728646e-08 8.454863041e-08 7.458224261e-08 9.623869693e-08 9.452671547e-08 6.846327707e-08 8.37019328e-08 8.609381137e-08 1.096246907e-07 1.429917767e-07 1.283487418e-07 1.273695809e-07 8.570405767e-08 9.43126675e-08 9.23977383e-08 1.242865179e-07 1.398012926e-07 1.470357314e-07 1.140060894e-07 1.276379218e-07 1.093038944e-07 1.121461415e-07 8.752806051e-08 1.250899705e-07 9.204770166e-08 1.310349693e-07 1.625672779e-07 1.06345699e-07 1.040549595e-07 1.158709271e-07 8.829732712e-08 9.576446014e-08 7.187238239e-08 1.187984654e-07 1.202386902e-07 1.2597785e-07 1.095109124e-07 1.048668731e-07 1.442458934e-07 1.040037982e-07 1.089997421e-07 1.059058878e-07 8.274010618e-08 8.278772223e-08 6.620360224e-08 6.526011074e-08 7.810655039e-08 9.339910301e-08 6.513436867e-08 6.082531925e-08 3.769240118e-08 4.307153278e-08 4.878095867e-08 2.255195235e-08 3.426782945e-08 1.479853501e-08 5.679599235e-09 7.781999485e-09 7.855591572e-09 4.281004162e-09 4.131345897e-09 3.779080175e-09 3.868465192e-09 5.14109626e-09 7.572035398e-09 1.132805644e-08 9.208398216e-09 1.624255855e-08 1.711809179e-08 1.711502733e-08 1.585057591e-08 3.307927956e-08 1.840288828e-08 3.279747684e-08 3.994077172e-08 3.479065547e-08 2.871246519e-08 4.104727618e-08 2.799995003e-08 2.275098961e-08 2.510214073e-08 2.159079085e-08 2.007067843e-08 1.368448416e-08 1.273628252e-08 7.169974416e-09 6.591145642e-09 3.808460243e-09 
2.341751607e-09 4.974718095e-09 4.312203508e-09 8.013364876e-09 1.479981124e-08 1.616693359e-08 1.935979964e-08 1.881930409e-08 3.134985986e-08 2.319500872e-08 3.703283737e-08 2.853738521e-08 4.111830857e-08 3.643012567e-08 3.475507816e-08 3.602998946e-08 4.254956217e-08 3.493250545e-08 4.158358505e-08 1.476709202e-08 2.206639501e-08 1.707209934e-08 1.355689948e-08 1.360917123e-08 1.032182779e-08 5.338327041e-09 4.21833713e-09 1.398288382e-09 2.659591105e-09 4.335555658e-09 4.904436725e-09 9.859379539e-09 6.830179969e-09 1.469569366e-08 2.396073218e-08 2.386748442e-08 3.120598028e-08 4.243492111e-08 5.397480316e-08 5.178918324e-08 4.632216268e-08 8.035742027e-08 7.834324651e-08 5.967205448e-08 8.728762175e-08 8.387309768e-08 5.816214447e-08 8.001766641e-08 7.913340039e-08 1.225600435e-07 9.100622958e-08 9.592388043e-08 1.575702975e-07 1.079983678e-07 1.046237755e-07 9.616265462e-08 1.043989187e-07 1.18809323e-07 1.463061181e-07 1.061611672e-07 1.047911244e-07 1.063060345e-07 1.149493984e-07 9.079037841e-08 8.280442782e-08 1.042171246e-07 1.023218807e-07 1.05045353e-07 1.090199272e-07 9.188243917e-08 9.505607222e-08 8.642189263e-08 1.063384312e-07 9.494783637e-08 9.528259187e-08 1.232392672e-07 8.52021682e-08 1.403319248e-07 1.075405861e-07 8.75420184e-08 6.608023583e-08 8.553810553e-08 8.542255639e-08 7.355432359e-08 7.234263906e-08 7.450921323e-08 6.256199963e-08 8.400296631e-08 5.427985706e-08 5.095562116e-08 2.822932742e-08 3.613550724e-08 1.941218044e-08 2.897126085e-08 1.559841177e-08 5.595594544e-09 7.154474075e-09 6.274637701e-09 2.939717595e-09 3.107671291e-09 1.92436377e-09 1.66358071e-09 4.058061357e-09 5.181546092e-09 9.02274237e-09 1.576333431e-08 1.51319978e-08 1.512032247e-08 2.586361232e-08 2.265089825e-08 3.507035997e-08 2.686013944e-08 3.131718346e-08 3.907514469e-08 3.899131585e-08 2.549731752e-08 3.534474226e-08 3.059706083e-08 3.152281482e-08 2.409246038e-08 2.996300945e-08 2.094111377e-08 1.92666305e-08 1.223956663e-08 6.976532909e-09 4.011892773e-09 4.518556645e-09 1.922413115e-09 
1.650278056e-09 2.107993733e-09 4.060268452e-09 8.957367532e-09 9.410828988e-09 7.260678232e-09 1.572642458e-08 1.198740602e-08 1.680544435e-08 2.305334693e-08 2.682356921e-08 4.131795408e-08 3.78960029e-08 2.081774568e-08 3.050272153e-08 2.032522618e-08 3.279363562e-08 3.342006368e-08 1.909223079e-08 2.564383498e-08 2.471401091e-08 2.070735448e-08 1.534719545e-08 1.408847465e-08 1.057335776e-08 7.002910996e-09 8.382937532e-09 3.429340455e-09 1.959748723e-09 3.194850493e-09 2.513364741e-09 4.334075356e-09 7.501759874e-09 5.411029182e-09 1.645590956e-08 1.882664856e-08 2.269146767e-08 2.5727043e-08 3.112384158e-08 4.102908448e-08 3.993932732e-08 5.674706239e-08 3.861209691e-08 4.07604076e-08 6.053803848e-08 7.450888609e-08 7.37038743e-08 6.210577929e-08 8.169268551e-08 7.111724247e-08 7.249416045e-08 7.318424262e-08 9.938170142e-08 7.761447882e-08 8.06303452e-08 1.167276364e-07 8.008614365e-08 1.035443116e-07 1.126211128e-07 1.103460637e-07 8.00784273e-08 9.938833452e-08 1.250915643e-07 1.159877545e-07 9.858215184e-08 1.516457529e-07 1.481839285e-07 1.15923503e-07 1.373057386e-07 9.302859271e-08 1.324489978e-07 8.71944426e-08 8.94789288e-08 9.715760745e-08 1.137230193e-07 1.185308289e-07 8.907237266e-08 8.608317777e-08 7.759003172e-08 1.040598092e-07 7.578368638e-08 4.038367802e-08 5.82918484e-08 7.167823814e-08 5.641146626e-08 4.553053088e-08 4.71223031e-08 3.440036622e-08 3.277383197e-08 3.019436137e-08 1.446971959e-08 2.076598161e-08 1.177645395e-08 1.302392614e-08 6.131503985e-09 1.77740816e-09 5.328279053e-09 3.028678354e-09 2.339271543e-09 3.319227144e-09 5.368904205e-09 4.706565609e-09 5.955586826e-09 5.010607964e-09 1.302794057e-08 1.329437537e-08 2.211040533e-08 2.179117481e-08 2.407859545e-08 3.142101307e-08 3.009199072e-08 3.653887935e-08 3.215085706e-08 3.456434853e-08 3.255023541e-08 3.214912421e-08 4.141614977e-08 1.767587636e-08 3.096024624e-08 1.454742328e-08 1.780293965e-08 1.667784285e-08 1.791558098e-08 7.217653687e-09 5.360230442e-09 5.744004142e-09 2.566371015e-09 1.618896081e-09 
9.821996532e-10 9.155410675e-10 2.356448916e-09 6.062610613e-09 7.75528687e-09 7.578259804e-09 7.463428907e-09 1.694741599e-08 2.528093131e-08 2.340453596e-08 1.911995504e-08 3.948776447e-08 3.639739144e-08 2.250557733e-08 4.523089431e-08 4.026985233e-08 2.325963968e-08 4.225680696e-08 3.299381492e-08 2.743883882e-08 3.692314e-08 2.701791876e-08 2.73328174e-08 1.793169585e-08 1.704330502e-08 1.180511417e-08 1.039134038e-08 6.324002117e-09 4.517942111e-09 2.710438421e-09 2.283069885e-09 2.7034352e-09 5.400337074e-09 2.990525343e-09 7.314440383e-09 6.910432273e-09 8.411295501e-09 1.373716028e-08 2.015319357e-08 2.953697234e-08 2.415468878e-08 2.087504089e-08 4.077119253e-08 4.916617811e-08 6.505205766e-08 5.095407924e-08 6.227702158e-08 7.167925261e-08 9.867567063e-08 4.687232421e-08 8.24254357e-08 7.606436478e-08 9.447611582e-08 7.887855914e-08 7.956709413e-08 8.28563044e-08 1.274658012e-07 1.148628756e-07 1.104239329e-07 6.991819365e-08 1.096822615e-07 9.295357692e-08 7.580695454e-08 7.788528172e-08 1.509766314e-07 9.667027863e-08 8.445589171e-08 1.008747217e-07 1.079862876e-07 7.353099914e-08 9.245005464e-08 9.660512398e-08 1.021238354e-07 5.67724761e-08 6.427449347e-08 7.079557111e-08 5.848827871e-08 8.377776042e-08 8.856278837e-08 8.172775307e-08 5.576727754e-08 7.390170514e-08 4.674972344e-08 4.563319902e-08 3.82894419e-08 3.284744382e-08 3.738116129e-08 2.528473722e-08 2.167933165e-08 2.258183759e-08 1.852008257e-08 8.240971405e-09 7.72882832e-09 5.298681165e-09 2.838552987e-09 1.871858392e-09 3.395779396e-09 2.638568928e-09 3.080450478e-09 5.615342422e-09 5.718344981e-09 8.616661109e-09 1.060713275e-08 1.641530318e-08 2.127930635e-08 2.962361137e-08 2.855447575e-08 2.574221087e-08 3.375621257e-08 3.913967184e-08 3.861287035e-08 3.010816751e-08 2.96129658e-08 3.34212771e-08 3.669821997e-08 2.546391821e-08 2.243271791e-08 2.609259804e-08 1.791249489e-08 1.648136232e-08 1.772768507e-08 1.209210333e-08 8.055805541e-09 7.403492885e-09 5.361792756e-09 2.204535573e-09 1.762081683e-09 9.998107506e-10 
1.090117978e-09 7.813763143e-10 1.987567161e-09 3.094387934e-09 5.167001501e-09 7.743367896e-09 7.933104077e-09 1.381447992e-08 1.185347251e-08 2.455459325e-08 1.860738323e-08 2.32677516e-08 1.514139358e-08 2.887549793e-08 3.03743077e-08 3.303813322e-08 2.919718871e-08 2.909914622e-08 2.56410611e-08 3.116454995e-08 4.765467477e-08 3.922466896e-08 3.267808636e-08 2.261402174e-08 1.505110214e-08 1.474849586e-08 1.207940041e-08 1.165542913e-08 9.439757029e-09 4.2310159e-09 7.397940241e-09 2.899117573e-09 2.024848439e-09 2.411541217e-09 2.322934231e-09 4.958684393e-09 4.469540289e-09 8.30770049e-09 1.178192662e-08 1.399857896e-08 1.301598387e-08 2.129595397e-08 2.110999736e-08 4.927799677e-08 4.34014824e-08 4.42217674e-08 2.277019666e-08 5.406417546e-08 4.390584564e-08 4.794834902e-08 5.453260701e-08 5.976077396e-08 7.835359198e-08 6.216670925e-08 6.14014067e-08 6.99884588e-08 8.093304016e-08 7.86928752e-08 7.760658068e-08 1.155843475e-07 8.206916811e-08 8.440449362e-08 7.080563645e-08 9.860973787e-08 7.702349792e-08 7.77786093e-08 9.768558997e-08 7.346370369e-08 7.087515238e-08 5.687117411e-08 8.086086002e-08 1.042038386e-07 7.864229324e-08 6.544214515e-08 7.891330269e-08 6.775467734e-08 7.838491989e-08 5.134411066e-08 6.078507916e-08 5.308999303e-08 5.624217105e-08 3.854265046e-08 3.213281306e-08 3.656039891e-08 3.207961524e-08 3.079560739e-08 2.622397e-08 2.037475937e-08 1.025039709e-08 9.694131563e-09 7.87584001e-09 5.523305477e-09 3.245380749e-09 2.330220028e-09 1.964489959e-09 2.553849102e-09 1.807007858e-09 6.604145876e-09 6.101638828e-09 7.776566946e-09 1.1372438e-08 1.445431515e-08 1.688121157e-08 1.983027836e-08 2.980629134e-08 2.36253846e-08 2.945067995e-08 3.166161672e-08 3.311548004e-08 3.825064813e-08 2.856379119e-08 3.406470426e-08 3.281485916e-08 2.515555494e-08 2.084955912e-08 2.810921421e-08 2.749670772e-08 1.487100487e-08 2.061836848e-08 9.600403403e-09 1.523755209e-08 7.031653407e-09 7.891660303e-09 4.106053499e-09 2.457440261e-09 1.541981937e-09 1.343952303e-09 1.091378021e-09 
1.559650907e-09 1.268286383e-09 9.83682426e-10 1.206102286e-09 2.281629094e-09 2.751882226e-09 5.499829179e-09 7.247038413e-09 1.324121095e-08 1.450626376e-08 1.406641631e-08 2.143718865e-08 2.566178489e-08 1.880168377e-08 2.704504995e-08 2.737392308e-08 3.241801306e-08 3.450143521e-08 5.046556858e-08 2.451549824e-08 2.500529844e-08 3.344918315e-08 3.454687468e-08 2.236758793e-08 2.472213149e-08 1.677238603e-08 1.893975954e-08 1.188614652e-08 1.595849236e-08 8.847638351e-09 7.021305855e-09 5.285200159e-09 4.43878731e-09 2.835494173e-09 2.478269878e-09 3.643225618e-09 2.517618692e-09 5.318120996e-09 5.212608251e-09 6.895532611e-09 1.203137922e-08 1.109129864e-08 1.519472472e-08 2.375108776e-08 2.465972361e-08 2.194488199e-08 4.579503279e-08 4.128647168e-08 3.062373824e-08 4.574329233e-08 3.875379515e-08 4.470271075e-08 7.559974233e-08 4.496894266e-08 6.187363902e-08 4.662408215e-08 6.448585439e-08 6.511029887e-08 7.181038404e-08 6.795254084e-08 6.519323697e-08 8.221599262e-08 7.815980868e-08 7.139512137e-08 6.980783252e-08 6.347947015e-08 6.503325881e-08 6.696050953e-08 5.553218531e-08 7.421517831e-08 5.80868581e-08 6.270364166e-08 5.353703018e-08 4.769832335e-08 4.950359118e-08 3.488580489e-08 3.918187029e-08 5.406375909e-08 3.214281307e-08 4.33535099e-08 2.972123931e-08 3.811403489e-08 2.015575762e-08 1.927804547e-08 1.174143295e-08 1.816962988e-08 1.011435688e-08 1.094040899e-08 8.03718717e-09 7.15337292e-09 4.185072167e-09 1.965773323e-09 2.410967826e-09 2.416752683e-09 1.416505876e-09 3.61595458e-09 4.501010076e-09 1.033906938e-08 8.696978175e-09 1.079816546e-08 1.449882357e-08 2.544409336e-08 1.724211445e-08 2.559829765e-08 1.873666779e-08 3.013364529e-08 3.108120316e-08 3.449879208e-08 4.307447385e-08 3.636152154e-08 3.147059611e-08 4.240134962e-08 3.643714666e-08 3.126148681e-08 3.652086627e-08 2.49140437e-08 2.628554367e-08 1.384920727e-08 2.182285664e-08 1.099683313e-08 1.209228835e-08 5.545066545e-09 2.647788826e-09 2.182506288e-09 1.01718297e-09 7.014181801e-10 6.506539463e-10 1.432753451e-09 
3.390403914e-09 1.250739118e-09 9.253961406e-10 3.876181576e-10 1.210026043e-09 3.317908458e-09 4.62739805e-09 8.244512328e-09 9.985781294e-09 1.079340665e-08 1.615024712e-08 1.131594715e-08 1.82312883e-08 2.893921041e-08 4.009937701e-08 2.398517236e-08 3.22602015e-08 2.802682917e-08 3.624207258e-08 4.056912966e-08 3.823575182e-08 3.621546919e-08 3.360545637e-08 3.40280909e-08 3.332730793e-08 2.558081623e-08 2.410563359e-08 2.1970737e-08 1.703056395e-08 1.84159257e-08 1.200338151e-08 1.482781444e-08 9.80674021e-09 7.491035056e-09 6.288958144e-10 3.927360007e-09 2.03198437e-09 2.810260445e-09 3.990213785e-09 5.014494428e-09 5.85606568e-09 6.913158228e-09 1.072015096e-08 1.354045064e-08 8.691320298e-09 1.655634491e-08 1.481233203e-08 1.653202662e-08 2.25741623e-08 2.368717996e-08 2.539207323e-08 2.507458425e-08 4.05299839e-08 2.980919806e-08 3.636128847e-08 4.794200582e-08 6.752376557e-08 2.405997243e-08 3.153224173e-08 4.386586556e-08 4.498858739e-08 5.137829482e-08 5.493304588e-08 4.15989689e-08 4.866899799e-08 4.110623883e-08 4.461632588e-08 4.856328345e-08 4.732661051e-08 4.144243571e-08 3.202904979e-08 2.511517733e-08 3.253423271e-08 4.920915013e-08 2.86191909e-08 3.828793491e-08 2.499387962e-08 3.361080258e-08 2.110750338e-08 2.171684889e-08 7.625542596e-09 2.061491567e-08 1.500798436e-08 8.932678142e-09 1.125355861e-08 7.294224978e-09 8.05062179e-09 4.236523752e-09 4.286754245e-09 3.015331957e-09 2.766397497e-09 2.152142682e-09 3.251350207e-09 3.620021727e-09 4.675671656e-09 7.627500001e-09 1.074685952e-08 1.190064747e-08 1.13326568e-08 1.472323411e-08 2.339354274e-08 3.708094348e-08 2.387132442e-08 2.693625148e-08 2.560275351e-08 3.373588982e-08 2.821841873e-08 3.067027762e-08 3.186690682e-08 2.427169261e-08 3.027899945e-08 2.844289483e-08 3.290337031e-08 4.339232885e-08 2.075732969e-08 1.864546976e-08 1.857959346e-08 1.553673076e-08 1.291939136e-08 8.997465482e-09 6.357773303e-09 2.812598642e-09 1.437592226e-09 1.17987027e-09 1.075902241e-09 7.616895594e-10 1.8361973e-09 2.456144148e-09 
5.152058383e-09 2.476669965e-09 1.311112676e-09 1.52199881e-09 9.933443214e-10 1.335032796e-09 1.666289369e-09 7.129712651e-09 5.431582605e-09 7.857430202e-09 1.07786798e-08 1.417642593e-08 1.206443548e-08 1.938414053e-08 2.431689828e-08 2.660665386e-08 2.321632547e-08 2.038398859e-08 2.345683563e-08 3.293645082e-08 3.00132103e-08 3.153055762e-08 2.12730678e-08 4.908561147e-08 3.529036032e-08 3.039627592e-08 3.226478505e-08 2.495480651e-08 1.989541074e-08 1.829428592e-08 1.917651909e-08 1.205903331e-08 1.915059318e-08 5.178825589e-09 3.893394219e-09 4.990711701e-09 6.296483388e-09 4.239748364e-09 3.429992349e-09 1.437635398e-09 1.630921349e-09 1.593977219e-09 5.11885373e-09 4.863353028e-09 2.644518166e-09 8.843385931e-09 8.579016962e-09 1.294974597e-08 1.515947412e-08 1.939427623e-08 1.053945688e-08 1.66521314e-08 2.313080577e-08 2.860816914e-08 2.200058157e-08 2.745296302e-08 2.733824269e-08 3.744058306e-08 3.269553246e-08 3.041599439e-08 3.457174674e-08 3.104351719e-08 3.81440043e-08 3.81994895e-08 4.31478268e-08 5.373534862e-08 3.714769871e-08 3.50078508e-08 2.510089733e-08 3.077700072e-08 2.337529049e-08 2.376176766e-08 2.203100936e-08 4.067367228e-08 2.759091757e-08 2.094527495e-08 2.180927482e-08 2.36234689e-08 1.668415705e-08 9.643429755e-09 1.414594091e-08 7.128383208e-09 8.535216652e-09 4.869035456e-09 5.016362874e-09 5.237004001e-09 4.600684093e-09 5.334969125e-09 3.310631487e-09 3.485984992e-09 2.589026429e-09 4.330389324e-09 7.340734346e-09 9.892872538e-09 6.326462072e-09 1.135994997e-08 1.574274882e-08 2.081912761e-08 1.424293535e-08 2.280899731e-08 2.346753055e-08 2.509828136e-08 3.77952543e-08 3.145193754e-08 4.393398977e-08 4.060411073e-08 4.298712746e-08 3.015751092e-08 3.049893477e-08 3.337990092e-08 4.629255678e-08 3.025519761e-08 2.394869214e-08 2.176813963e-08 2.37502712e-08 1.694697647e-08 1.610097222e-08 1.538056849e-08 4.996717657e-09 4.123986886e-09 4.213042965e-09 2.185850242e-09 1.872403741e-09 1.26111779e-09 7.283189781e-10 2.276998923e-09 3.207389446e-09 3.120427613e-09 
3.555186331e-09 3.052729439e-09 2.355928324e-09 2.080294947e-09 9.100191863e-10 9.733076396e-10 1.200463244e-09 2.182051013e-09 5.326520553e-09 4.758035145e-09 8.772290075e-09 6.858472786e-09 1.622821228e-08 1.680807814e-08 1.469252193e-08 3.035262437e-08 2.211735425e-08 3.334738852e-08 2.247233959e-08 2.258704771e-08 3.785381985e-08 4.244473764e-08 3.761050131e-08 3.997878082e-08 2.588673043e-08 2.541702643e-08 3.093399268e-08 3.579126706e-08 3.478016452e-08 2.622684879e-08 1.918669268e-08 1.88256491e-08 1.8611657e-08 1.819588711e-08 1.064569958e-08 8.388690587e-09 4.167583993e-09 5.853333736e-09 3.049162995e-09 3.725204942e-09 2.304734086e-09 3.627552174e-09 2.667782427e-09 2.801630906e-09 2.834628582e-09 4.340766613e-09 3.406246318e-09 3.344028853e-09 5.407158663e-09 8.212502801e-09 1.17346482e-08 8.639591184e-09 1.341622604e-08 1.439726551e-08 9.690735855e-09 1.380224023e-08 1.637228169e-08 2.320129556e-08 1.699767215e-08 1.927832197e-08 1.6033975e-08 3.282820494e-08 2.591900726e-08 2.738104259e-08 2.371647744e-08 2.395052318e-08 1.623737945e-08 1.965840846e-08 1.937552922e-08 3.041111835e-08 2.757270178e-08 1.075674197e-08 1.780675815e-08 1.777831848e-08 1.431208342e-08 9.614954626e-09 5.308578229e-09 4.718627378e-09 6.582315221e-09 7.51199713e-09 5.077688338e-09 3.624374436e-09 2.894559717e-09 3.901404748e-09 3.469541103e-09 3.407573187e-09 2.90833427e-09 4.509477207e-09 3.700607053e-09 5.232235098e-09 5.267125738e-09 9.959682555e-09 1.002357246e-08 7.55616753e-09 1.348237312e-08 1.89609697e-08 1.866813753e-08 2.311626619e-08 2.326287774e-08 2.478217566e-08 2.978573962e-08 2.387596103e-08 3.051414151e-08 2.908869291e-08 3.085756767e-08 3.084532541e-08 3.185680604e-08 3.307344245e-08 2.613031092e-08 4.317422086e-08 2.782094267e-08 2.358103638e-08 2.627253368e-08 2.216637623e-08 1.291786854e-08 1.47029584e-08 1.040444788e-08 9.708553076e-09 5.828133418e-09 3.371701155e-09 1.716138949e-09 1.46665882e-09 1.095681511e-09 7.368501286e-10 1.660965959e-09 3.259244667e-09 4.420677307e-09 5.646139306e-09 
# Errors [detector/PSD.dat] I_err:
1.081902102e-09 9.242413133e-10 4.904051366e-10 3.350864259e-10 2.367337934e-10 3.103873034e-10 5.31137125e-10 6.549505835e-10 1.006143125e-09 1.588745795e-09 1.771155326e-09 2.580058097e-09 2.570428603e-09 2.957635054e-09 3.69085244e-09 4.200422774e-09 5.428622579e-09 4.840028665e-09 5.674723981e-09 5.021510363e-09 5.373334e-09 6.0639637e-09 7.178170236e-09 6.057775662e-09 6.060673821e-09 6.503705534e-09 5.077931645e-09 6.160199122e-09 5.00488455e-09 4.979130601e-09 4.317699973e-09 3.725462861e-09 3.326657434e-09 3.586859829e-09 2.508725517e-09 2.5642992e-09 1.671212053e-09 1.776960156e-09 1.017976991e-09 1.319524832e-09 1.153856581e-09 8.165194721e-10 7.804684392e-10 7.865191527e-10 7.697985688e-10 1.201854361e-09 1.65494873e-09 1.902168962e-09 1.922572135e-09 2.49907164e-09 2.386890645e-09 2.567700684e-09 3.503357485e-09 3.210087569e-09 3.640882637e-09 3.252850556e-09 3.740203282e-09 4.528911738e-09 5.333683689e-09 4.722679616e-09 4.260566629e-09 4.50381249e-09 6.345758434e-09 4.807937775e-09 5.804866067e-09 4.654438924e-09 5.931091312e-09 4.451030184e-09 5.206552747e-09 5.628276745e-09 4.186110871e-09 4.361269162e-09 3.560855852e-09 3.364846629e-09 3.315614238e-09 2.448676806e-09 2.896770275e-09 2.010543195e-09 2.35617092e-09 1.758097887e-09 1.700524144e-09 1.068538656e-09 7.336648173e-10 1.144179305e-09 4.725600155e-10 4.401389841e-10 5.989567406e-10 9.288225995e-10 7.944101618e-10 1.320011029e-09 1.211475364e-09 1.638627595e-09 2.393703879e-09 2.60727297e-09 3.030742824e-09 3.767122948e-09 3.627713994e-09 4.274507958e-09 4.619634461e-09 5.125399797e-09 5.562622053e-09 5.723770907e-09 5.918428858e-09 5.224328078e-09 6.145366222e-09 5.596588056e-09 6.955129444e-09 6.979557917e-09 5.951039206e-09 6.034203799e-09 4.871379011e-09 4.67767568e-09 4.516012985e-09 3.972271512e-09 3.403652595e-09 2.576232111e-09 1.610547676e-09 1.382737397e-09 1.320886596e-09 8.782280323e-10 4.076165615e-10 5.575383597e-10 3.309351501e-10 2.834016092e-10 4.745604746e-10 5.470677459e-10 9.36524339e-10 9.264301578e-10 
5.808701098e-10 7.493918969e-10 2.461278099e-10 2.073275765e-10 3.294395657e-10 6.127547673e-10 5.585899178e-10 9.540926944e-10 1.28670287e-09 1.453334955e-09 2.441490655e-09 3.84087075e-09 3.522294606e-09 4.526216033e-09 3.504987473e-09 5.494641815e-09 5.611727403e-09 6.493851733e-09 5.637282744e-09 6.980689773e-09 6.635818626e-09 7.023949326e-09 6.082026096e-09 6.667386957e-09 6.070526345e-09 5.797263874e-09 5.947708013e-09 6.050517168e-09 3.692684394e-09 3.938498914e-09 3.306310212e-09 2.166839177e-09 2.903298805e-09 2.410620462e-09 2.381121768e-09 1.655523527e-09 1.159637827e-09 1.198811564e-09 7.780822688e-10 7.788918514e-10 9.286206606e-10 1.246384401e-09 1.05530237e-09 1.585373436e-09 1.866051995e-09 2.392776124e-09 1.509580697e-09 3.08790541e-09 3.29899669e-09 3.88670374e-09 4.47108615e-09 3.978060783e-09 5.924859062e-09 6.203879429e-09 6.43548376e-09 6.796944738e-09 6.200848245e-09 5.675954306e-09 7.141479084e-09 5.175508736e-09 7.594638684e-09 6.564764418e-09 6.555380043e-09 8.540519319e-09 7.95592382e-09 7.321973013e-09 6.042380041e-09 6.493987456e-09 7.137613807e-09 5.975926457e-09 4.436075979e-09 6.334218312e-09 4.416585397e-09 4.357496227e-09 4.850980971e-09 4.403806717e-09 6.291296166e-09 3.950107346e-09 4.207253971e-09 4.218617841e-09 2.365881085e-09 2.628809329e-09 2.170783433e-09 1.999084968e-09 1.04518894e-09 1.255935045e-09 7.538001665e-10 6.733267996e-10 5.935870053e-10 5.451705598e-10 8.280079008e-10 1.144570777e-09 1.915450219e-09 1.719992385e-09 2.653980453e-09 2.665316387e-09 3.706450888e-09 4.036626116e-09 3.463329534e-09 4.427754508e-09 4.790451069e-09 5.672043735e-09 5.503475817e-09 5.471701834e-09 5.556383779e-09 4.989963177e-09 6.953668315e-09 5.92763504e-09 6.236897962e-09 6.684822907e-09 6.27449572e-09 4.689968721e-09 5.565734752e-09 3.794589531e-09 3.954687815e-09 3.300050279e-09 3.336893068e-09 2.466254953e-09 1.742945691e-09 1.086745825e-09 1.109927165e-09 7.769938358e-10 5.19525885e-10 2.519017668e-10 2.578058742e-10 4.176619242e-10 5.240891763e-10 8.382078076e-10 
7.427285752e-10 3.198480439e-10 3.47656294e-10 2.982658322e-10 3.285753523e-10 8.1673959e-10 1.177716091e-09 1.634071108e-09 1.952088924e-09 1.787892839e-09 3.038209102e-09 3.266809053e-09 3.976828245e-09 4.484252253e-09 5.833467138e-09 5.755810931e-09 7.002933388e-09 5.77564414e-09 6.666600157e-09 5.729660777e-09 6.775739186e-09 5.07227219e-09 5.73824043e-09 6.006955307e-09 5.119081599e-09 4.72923528e-09 4.724222802e-09 3.880037267e-09 3.649049027e-09 3.669333342e-09 2.137355425e-09 2.153542812e-09 1.898973862e-09 9.580960369e-10 9.33328558e-10 8.139922235e-10 8.169520276e-10 8.489815135e-10 8.780612025e-10 1.727128528e-09 1.545622282e-09 2.039218596e-09 1.834852916e-09 3.252072951e-09 2.659794286e-09 2.944201466e-09 4.116879036e-09 4.773656716e-09 5.695992209e-09 6.228977341e-09 6.646129899e-09 8.213703088e-09 6.737392122e-09 8.7887082e-09 6.852463466e-09 8.561004255e-09 8.065079371e-09 8.731729087e-09 8.227120306e-09 1.02654562e-08 9.072661852e-09 1.131121036e-08 1.097272391e-08 1.095436723e-08 1.00574805e-08 1.102876311e-08 7.380520458e-09 9.927418267e-09 1.014956579e-08 1.048562096e-08 9.334100323e-09 7.179370932e-09 7.396538746e-09 7.334916477e-09 7.612646055e-09 8.7006206e-09 6.596496396e-09 6.189945821e-09 6.188657715e-09 5.477621363e-09 4.601367187e-09 4.226656482e-09 4.072339335e-09 3.111955326e-09 1.795056478e-09 1.892771722e-09 2.052881526e-09 1.718065846e-09 1.392597097e-09 5.828420731e-10 7.12031293e-10 7.589448457e-10 5.334756514e-10 1.28104041e-09 1.233678009e-09 1.443858765e-09 2.515172813e-09 2.771796457e-09 2.356360605e-09 3.513581406e-09 4.718272889e-09 5.105683193e-09 5.01286977e-09 5.371156246e-09 6.484551872e-09 6.177082576e-09 6.946795955e-09 6.862133685e-09 5.829093395e-09 4.937795377e-09 6.665016789e-09 6.653308223e-09 4.408467115e-09 5.216101986e-09 4.255311913e-09 4.384320315e-09 4.333764141e-09 2.284709359e-09 2.249226479e-09 2.209209219e-09 1.432450861e-09 1.301227645e-09 8.914281735e-10 4.110786679e-10 3.113702151e-10 2.875483359e-10 3.897657782e-10 7.855759077e-10 
4.488604901e-10 2.039131677e-10 3.256735278e-10 4.352054905e-10 8.421072618e-10 6.907504929e-10 1.430582155e-09 1.984703915e-09 2.440877794e-09 2.889254069e-09 3.944286738e-09 4.068552687e-09 4.539134015e-09 4.892784586e-09 5.398183859e-09 5.427465531e-09 5.980228595e-09 6.715727235e-09 6.67066187e-09 6.113356847e-09 6.518744952e-09 5.947571294e-09 5.239586866e-09 4.876130544e-09 4.907894179e-09 4.407603741e-09 4.187136498e-09 2.508637279e-09 2.539845669e-09 3.033572113e-09 1.313493404e-09 1.632352645e-09 1.457007929e-09 5.698878387e-10 8.129680641e-10 6.392204204e-10 8.324987067e-10 9.406186746e-10 1.248991785e-09 1.671819435e-09 3.090276104e-09 3.662003805e-09 3.426153536e-09 3.877747878e-09 5.305075304e-09 5.780578231e-09 4.990310095e-09 6.000627224e-09 6.881461083e-09 7.384698832e-09 8.611012503e-09 8.52636865e-09 1.095825891e-08 1.151679307e-08 1.148137043e-08 1.275181055e-08 1.237878478e-08 1.281509487e-08 1.288512585e-08 1.383553249e-08 1.287802868e-08 1.308807771e-08 1.487998381e-08 1.40362048e-08 1.191792735e-08 1.22520018e-08 1.166244581e-08 1.421278732e-08 1.365697324e-08 1.13693623e-08 1.061169108e-08 9.555405349e-09 1.074330255e-08 8.864104038e-09 1.083471056e-08 9.638411738e-09 8.006176432e-09 9.967617254e-09 8.821800124e-09 7.620933195e-09 6.197434256e-09 6.747453578e-09 6.617539694e-09 6.015398991e-09 4.014610541e-09 2.969148486e-09 3.68401649e-09 3.037264968e-09 2.759855866e-09 1.206354811e-09 1.046626645e-09 8.050144966e-10 5.726238493e-10 9.419399125e-10 5.865085891e-10 8.667600395e-10 1.757727669e-09 1.798271155e-09 1.893048837e-09 2.480690339e-09 3.434589091e-09 4.134423287e-09 3.689760924e-09 4.872645563e-09 5.620849156e-09 4.719523621e-09 4.756719515e-09 5.067619741e-09 7.171379762e-09 5.119805555e-09 6.45009049e-09 5.003874082e-09 5.349932749e-09 5.589424678e-09 4.983448256e-09 4.518752735e-09 4.854803728e-09 3.414810747e-09 3.281306701e-09 2.326508025e-09 1.98401742e-09 1.087193907e-09 1.175597283e-09 9.975161364e-10 5.403557692e-10 1.571305059e-10 3.162141254e-10 2.633105355e-10 
2.160991736e-10 2.384943934e-10 3.161117231e-10 8.646091871e-10 8.607512869e-10 1.354650307e-09 1.939593278e-09 1.939810541e-09 3.228628658e-09 3.884028902e-09 4.7705896e-09 4.708427023e-09 5.773498505e-09 5.859149442e-09 6.518177938e-09 5.007653332e-09 5.604475772e-09 6.782020449e-09 5.878159762e-09 5.391270964e-09 6.917044003e-09 5.022547324e-09 3.713364183e-09 4.841863848e-09 4.316373245e-09 3.493017447e-09 3.096882887e-09 2.579010911e-09 2.126833662e-09 1.202032555e-09 9.655408724e-10 4.846579961e-10 5.361522604e-10 1.070886774e-09 1.187652892e-09 1.600583859e-09 1.666311908e-09 2.359132354e-09 1.944245343e-09 3.456655838e-09 3.685420403e-09 5.20571259e-09 5.02183578e-09 5.032331317e-09 6.637894038e-09 9.171540136e-09 8.730402106e-09 8.325166625e-09 9.553770032e-09 1.068489348e-08 9.723831764e-09 1.148877986e-08 1.340871965e-08 1.297263081e-08 1.122703575e-08 1.315826867e-08 1.493401163e-08 1.554719834e-08 1.288160161e-08 1.579337868e-08 1.553676173e-08 1.706213182e-08 1.833751228e-08 1.777378479e-08 1.34296447e-08 1.747531843e-08 1.373260022e-08 1.594695088e-08 1.229949698e-08 1.260323812e-08 1.414026575e-08 1.653442725e-08 1.180887357e-08 1.440443249e-08 1.322761667e-08 1.203322543e-08 1.410708887e-08 1.309373921e-08 1.194025895e-08 1.094582043e-08 6.758398297e-09 9.997285623e-09 9.261893021e-09 6.585900615e-09 6.262602925e-09 6.357649777e-09 5.999200657e-09 4.525184421e-09 4.361589315e-09 3.222395563e-09 2.911332992e-09 1.692985444e-09 1.26310423e-09 6.716015284e-10 8.573271439e-10 6.993562704e-10 1.318212196e-09 1.139489151e-09 1.769584905e-09 2.654480195e-09 2.35822483e-09 2.738614222e-09 3.168154114e-09 4.145195532e-09 5.3250812e-09 3.929938878e-09 5.315428287e-09 6.071985705e-09 6.374041902e-09 6.564858891e-09 6.761150076e-09 6.480426095e-09 5.298173052e-09 6.467292847e-09 4.120064922e-09 5.637564027e-09 4.714500029e-09 3.310789861e-09 3.252276785e-09 2.457687721e-09 2.8264789e-09 2.083658418e-09 1.636716314e-09 1.008789734e-09 8.8324444e-10 5.243711328e-10 2.888370688e-10 3.054846796e-10 
1.643273773e-10 4.74073922e-10 6.455935075e-10 8.420606096e-10 1.690706211e-09 2.143295585e-09 2.906249396e-09 3.646689309e-09 3.581095966e-09 4.104362023e-09 4.3605219e-09 4.647921202e-09 6.708874318e-09 5.935441361e-09 6.743058847e-09 5.83166519e-09 6.967761743e-09 5.399492828e-09 5.172620884e-09 5.465936381e-09 5.513069497e-09 5.634447438e-09 4.672482756e-09 3.567851809e-09 3.341836377e-09 2.384610557e-09 1.824296034e-09 1.528314069e-09 1.686774295e-09 9.39028762e-10 8.329246974e-10 1.136407363e-09 1.014525906e-09 1.163941909e-09 2.368666067e-09 1.828574407e-09 2.306371651e-09 3.690698008e-09 4.589553305e-09 4.420746634e-09 7.456825315e-09 8.076748188e-09 8.519061134e-09 9.844607528e-09 8.641921345e-09 1.10273587e-08 9.448153461e-09 1.042098882e-08 1.547825337e-08 1.572160044e-08 1.48668027e-08 1.653833431e-08 1.36970874e-08 1.661618147e-08 1.854185835e-08 1.576509827e-08 1.580284412e-08 1.634311453e-08 1.849105274e-08 1.909240253e-08 2.01804699e-08 2.147891573e-08 1.785251685e-08 1.715278686e-08 1.708126174e-08 1.578983332e-08 1.843738916e-08 1.618258662e-08 1.921830234e-08 1.996716655e-08 1.824088014e-08 1.637812762e-08 1.564626489e-08 1.646934597e-08 1.866406126e-08 1.237354166e-08 1.55025496e-08 1.443988156e-08 1.351647713e-08 1.34912741e-08 1.512068167e-08 1.238161178e-08 1.154812286e-08 9.993061277e-09 8.542437315e-09 7.287946941e-09 7.111558224e-09 5.220592662e-09 4.77032834e-09 3.782571709e-09 3.548345906e-09 3.194730138e-09 2.243228171e-09 1.695202171e-09 1.318182338e-09 1.126931364e-09 1.133868797e-09 8.511353007e-10 1.076458163e-09 1.172183705e-09 2.101976192e-09 1.662407953e-09 2.421022821e-09 3.087208347e-09 3.770067539e-09 4.796897527e-09 3.899397154e-09 4.717052103e-09 6.606297276e-09 5.9223267e-09 6.223302075e-09 6.244686422e-09 5.80944874e-09 5.910432468e-09 5.149462547e-09 5.29785864e-09 5.824400295e-09 4.293684566e-09 4.4507962e-09 3.707277613e-09 3.350510625e-09 2.698489058e-09 2.064780854e-09 1.703358957e-09 8.654832106e-10 5.268796599e-10 4.18830428e-10 2.98945039e-10 
3.901253615e-10 1.141303161e-09 8.736476366e-10 1.354973042e-09 2.065442164e-09 2.071596338e-09 3.004215461e-09 3.288751223e-09 4.096303836e-09 5.658351197e-09 4.671545237e-09 5.936379964e-09 5.939976048e-09 6.825159845e-09 6.79093338e-09 6.234639725e-09 6.28277905e-09 4.845954061e-09 5.852710483e-09 5.162545502e-09 4.979610163e-09 4.027110571e-09 3.452427132e-09 2.95896441e-09 1.555617148e-09 1.917041057e-09 1.959050509e-09 1.367196195e-09 1.282911906e-09 6.614616392e-10 7.226837091e-10 1.225465553e-09 1.271452622e-09 2.086590329e-09 2.938450101e-09 3.038890005e-09 5.567367193e-09 4.817773974e-09 8.021652925e-09 7.764500105e-09 8.619926811e-09 8.437669607e-09 1.063874832e-08 9.77100772e-09 9.493171713e-09 1.491059154e-08 1.439279206e-08 1.5413892e-08 1.370449097e-08 1.583809304e-08 1.606137335e-08 1.829445055e-08 1.638533617e-08 1.736112528e-08 1.737574004e-08 1.811351639e-08 1.908045052e-08 1.991861625e-08 2.141701119e-08 2.018040859e-08 1.641555081e-08 2.221234851e-08 2.079877785e-08 2.24671452e-08 2.116629762e-08 2.114557776e-08 2.050228244e-08 1.889764496e-08 2.040204947e-08 1.849023897e-08 2.190541045e-08 1.784549211e-08 1.821764556e-08 1.710733597e-08 1.784930206e-08 1.723649467e-08 2.063959556e-08 1.752727333e-08 1.441044797e-08 1.7181584e-08 1.381951878e-08 1.158830998e-08 1.278432994e-08 1.376692542e-08 9.730344622e-09 8.240711855e-09 9.050749798e-09 8.231646477e-09 8.036655863e-09 5.863341495e-09 5.980104931e-09 5.060627221e-09 4.639939871e-09 3.142959686e-09 2.673179651e-09 2.087128718e-09 1.356332473e-09 9.121207426e-10 6.754811183e-10 6.52448558e-10 1.060767466e-09 1.511962438e-09 2.361866314e-09 2.289121806e-09 2.740291689e-09 3.203093406e-09 3.808763225e-09 4.955479727e-09 5.549999188e-09 5.986462225e-09 5.506625817e-09 6.692537198e-09 5.808649304e-09 7.364483726e-09 5.910282607e-09 5.555166001e-09 5.306253278e-09 4.749742292e-09 4.803112718e-09 3.763390522e-09 3.454051157e-09 4.185436228e-09 2.247733882e-09 2.292262332e-09 1.685084851e-09 9.445074546e-10 4.693519591e-10 3.198681359e-10 
9.993175332e-10 1.264147603e-09 1.85348947e-09 2.145539865e-09 2.921884766e-09 2.310627008e-09 4.279901146e-09 4.123695952e-09 6.229485045e-09 5.495171352e-09 5.816075164e-09 6.442278029e-09 6.891113379e-09 5.496433879e-09 7.345858461e-09 6.008273618e-09 5.795606898e-09 5.814797694e-09 5.131944259e-09 4.710893634e-09 4.812602326e-09 2.645990618e-09 2.873841964e-09 2.578254821e-09 1.688069469e-09 1.156140795e-09 1.232223032e-09 6.544999065e-10 7.796433366e-10 9.462264542e-10 1.326865806e-09 2.245771099e-09 2.689269856e-09 3.043131706e-09 5.179061612e-09 5.995030131e-09 6.067924622e-09 6.815246149e-09 8.301310231e-09 8.691820949e-09 1.133141698e-08 1.232044866e-08 1.570540942e-08 1.322425703e-08 1.521134021e-08 1.40430448e-08 1.760753227e-08 1.851405453e-08 1.881787893e-08 1.579097868e-08 1.984364619e-08 1.753364414e-08 1.763264892e-08 1.86828912e-08 2.237327643e-08 2.054750123e-08 1.989540277e-08 2.414865068e-08 2.180657988e-08 2.219482713e-08 2.009862248e-08 2.096047832e-08 2.266149529e-08 2.015386619e-08 2.22933757e-08 2.038700695e-08 2.25024263e-08 1.668388725e-08 2.184453539e-08 2.274167516e-08 2.089448082e-08 1.858080606e-08 2.200026121e-08 2.070146358e-08 2.257118819e-08 1.831092242e-08 1.95220215e-08 2.219138922e-08 1.952319397e-08 1.837895841e-08 1.768356053e-08 1.714772693e-08 1.745699715e-08 1.480384709e-08 1.242122048e-08 1.196612819e-08 1.291095916e-08 1.00497547e-08 1.102154467e-08 8.024334778e-09 8.29374378e-09 7.12932467e-09 5.264483721e-09 4.267972999e-09 3.949984009e-09 2.599169226e-09 1.479034811e-09 1.234148737e-09 8.500308845e-10 5.259504909e-10 8.302220056e-10 6.840737618e-10 1.277683055e-09 1.577139721e-09 1.770730575e-09 3.41935285e-09 3.530241534e-09 3.638997867e-09 4.250732454e-09 4.716759602e-09 5.788037024e-09 6.968583458e-09 5.607111913e-09 5.837751153e-09 6.639354566e-09 5.422308064e-09 6.12007014e-09 4.864872323e-09 5.656736188e-09 5.595137822e-09 3.857214929e-09 4.43627585e-09 3.043331362e-09 2.329932997e-09 1.720231787e-09 1.358754664e-09 8.622782624e-10 6.271651276e-10 
1.179420548e-09 1.138392155e-09 1.802893677e-09 2.382331779e-09 2.710607971e-09 3.402666883e-09 4.256697643e-09 4.543068634e-09 5.133676562e-09 5.149111286e-09 6.501729459e-09 6.546653188e-09 5.738390085e-09 6.489470261e-09 5.976185113e-09 6.155809997e-09 5.786283452e-09 4.235393598e-09 4.1816456e-09 3.2177158e-09 3.231560641e-09 2.525939762e-09 2.102733123e-09 1.478301094e-09 8.711890334e-10 6.10956295e-10 5.866815877e-10 7.57767948e-10 1.026958451e-09 1.781543244e-09 2.499874715e-09 3.2282138e-09 4.878546521e-09 4.551082212e-09 6.323959136e-09 7.396231797e-09 7.929162808e-09 9.547319522e-09 1.085060931e-08 1.238765277e-08 1.331384447e-08 1.347298684e-08 1.268775837e-08 1.638124696e-08 2.131092195e-08 1.655428365e-08 1.766839072e-08 2.021946454e-08 1.806648189e-08 1.99133963e-08 2.464717914e-08 2.260486375e-08 2.486774955e-08 2.169812291e-08 2.136260767e-08 2.51703306e-08 2.587245483e-08 2.020039291e-08 2.047652086e-08 2.0228891e-08 2.280734059e-08 2.191780429e-08 1.997737202e-08 2.138246213e-08 1.905998184e-08 1.985929619e-08 2.201908471e-08 2.230085849e-08 2.29284488e-08 1.875273909e-08 2.182771403e-08 1.897369242e-08 2.713988206e-08 1.883516878e-08 2.383141549e-08 2.416417764e-08 2.106080208e-08 2.01331558e-08 2.126625856e-08 1.818156497e-08 1.823043925e-08 1.983179016e-08 1.65552384e-08 1.660557895e-08 1.873542769e-08 1.395214729e-08 1.529789332e-08 1.536592049e-08 1.386484172e-08 1.034883751e-08 9.596715963e-09 8.892347315e-09 6.245796861e-09 6.810015896e-09 5.840675515e-09 4.035333936e-09 2.769825392e-09 2.696451957e-09 2.473185219e-09 1.376859463e-09 5.962469062e-10 7.305145927e-10 1.01904957e-09 1.277976333e-09 1.815242297e-09 2.174677852e-09 2.134765351e-09 2.461609022e-09 3.330552494e-09 5.225751729e-09 4.820726621e-09 5.886162041e-09 6.308837633e-09 6.491423215e-09 7.344625133e-09 6.219935103e-09 6.278824823e-09 7.494443417e-09 5.745591863e-09 4.314123372e-09 4.967524981e-09 5.108875341e-09 3.91572424e-09 2.996336794e-09 2.327577475e-09 2.197069618e-09 1.29673442e-09 1.196721105e-09 
9.630617916e-10 2.014227747e-09 1.723472602e-09 3.289476226e-09 3.802602247e-09 4.482784976e-09 5.206199547e-09 5.039237553e-09 6.264216136e-09 5.452821158e-09 6.297635694e-09 6.663743651e-09 7.066102598e-09 5.849793274e-09 6.354238273e-09 5.02461847e-09 5.022438319e-09 4.11277683e-09 3.69770565e-09 3.232205985e-09 2.798550121e-09 1.95477409e-09 1.195148668e-09 8.161377892e-10 6.525798956e-10 1.125519221e-09 9.776686603e-10 1.592915188e-09 1.757788213e-09 2.05099926e-09 4.488323312e-09 5.765813302e-09 7.809845076e-09 6.259777685e-09 7.203333435e-09 1.239141742e-08 1.265774548e-08 1.546279846e-08 1.368415385e-08 1.323025754e-08 1.431397135e-08 1.843457692e-08 1.77794641e-08 1.54353753e-08 1.640045664e-08 2.109803097e-08 1.840405299e-08 2.182166304e-08 1.983019612e-08 1.708856945e-08 2.511840875e-08 2.112202877e-08 2.396266849e-08 2.0680483e-08 1.866173231e-08 1.608697546e-08 1.994694103e-08 1.576261108e-08 2.177775352e-08 2.188915831e-08 2.130736707e-08 1.740824737e-08 2.016163264e-08 2.343625408e-08 1.878052627e-08 1.86015585e-08 2.415265854e-08 2.132833097e-08 2.08014896e-08 1.976100874e-08 1.997538505e-08 2.031970902e-08 2.015135318e-08 2.220383121e-08 1.999312074e-08 2.204787509e-08 1.872346728e-08 2.29599328e-08 1.923310091e-08 2.220022176e-08 2.12201698e-08 2.212962116e-08 2.049278976e-08 1.415138242e-08 1.775722914e-08 1.745388952e-08 1.710939904e-08 1.607580226e-08 1.40742722e-08 1.438858105e-08 1.237815708e-08 1.009519538e-08 1.011895059e-08 6.937644609e-09 7.758765161e-09 6.035747348e-09 4.971262779e-09 4.11829813e-09 1.935717074e-09 1.692116623e-09 1.747035811e-09 1.289204289e-09 1.036546526e-09 7.29672235e-10 8.583834975e-10 1.262466591e-09 1.560914478e-09 2.272881035e-09 3.640982493e-09 4.093434799e-09 3.72730381e-09 4.674005769e-09 5.99314395e-09 5.484778601e-09 7.069897007e-09 6.640557333e-09 6.538021261e-09 6.281268587e-09 7.460166238e-09 5.496594621e-09 5.772518317e-09 4.59044907e-09 4.437695687e-09 3.528554668e-09 3.120623388e-09 2.535654496e-09 1.831429242e-09 1.26055594e-09 
1.764478868e-09 2.147104905e-09 2.864370367e-09 3.588342277e-09 3.90364388e-09 4.419817661e-09 5.674323549e-09 5.225796716e-09 5.881670688e-09 6.313446386e-09 5.408050038e-09 6.723628221e-09 7.120112092e-09 5.009864869e-09 4.955152373e-09 5.147832529e-09 4.589238346e-09 4.170432019e-09 2.503083062e-09 2.334614411e-09 1.692742981e-09 8.83188351e-10 8.897901414e-10 6.077016331e-10 3.999037282e-10 1.295681796e-09 1.438087988e-09 1.849698782e-09 4.713450429e-09 5.225682838e-09 7.109824452e-09 8.388836099e-09 7.752335653e-09 8.654258385e-09 1.115312334e-08 1.15102814e-08 1.384177426e-08 1.71287856e-08 1.531063625e-08 1.535030139e-08 1.868351294e-08 2.205172333e-08 2.100387661e-08 1.593459565e-08 2.391334803e-08 1.753297636e-08 2.051671185e-08 2.37537623e-08 1.896450338e-08 2.003568569e-08 2.065165394e-08 1.996123763e-08 1.973552037e-08 2.01591054e-08 2.034871668e-08 1.850824624e-08 1.909387277e-08 2.275991658e-08 2.224387316e-08 1.882294141e-08 2.077990003e-08 1.850358541e-08 1.970529426e-08 1.820690293e-08 2.086887662e-08 2.046621113e-08 1.679813654e-08 1.561199115e-08 2.227523029e-08 2.316311662e-08 1.956332928e-08 2.177666551e-08 2.04871416e-08 2.187851947e-08 2.061157911e-08 1.739739199e-08 2.213263873e-08 1.854418679e-08 2.039593344e-08 2.106498678e-08 2.059540107e-08 2.300560744e-08 2.203938188e-08 1.925111101e-08 1.749391443e-08 1.81619165e-08 1.847569733e-08 1.717717766e-08 1.536195125e-08 1.618611601e-08 1.579180703e-08 1.332102801e-08 1.117666508e-08 1.205277316e-08 8.934587673e-09 8.82091928e-09 6.127383665e-09 4.807741906e-09 3.944479315e-09 3.91973384e-09 2.991718615e-09 1.846600074e-09 1.659521177e-09 5.587739248e-10 7.219122343e-10 6.890523128e-10 1.256019945e-09 1.33569976e-09 3.007815681e-09 2.640999179e-09 3.219555959e-09 3.896823336e-09 4.963944598e-09 4.762580438e-09 5.287147342e-09 7.352258114e-09 6.446944474e-09 6.769071684e-09 6.375679629e-09 6.072644587e-09 5.612766806e-09 5.372650709e-09 5.534792906e-09 4.968445104e-09 3.151513318e-09 3.000643803e-09 2.653751814e-09 1.478310055e-09 
2.299031745e-09 2.900576245e-09 3.370066221e-09 4.488735445e-09 4.346305368e-09 4.614526698e-09 5.767395492e-09 6.364406236e-09 6.6907356e-09 5.808656568e-09 6.401062572e-09 5.292904149e-09 6.383872835e-09 5.66517182e-09 4.782460334e-09 3.953486922e-09 3.336170458e-09 2.615790716e-09 2.416846979e-09 1.304388563e-09 1.15234297e-09 5.458214075e-10 6.740137251e-10 8.82712755e-10 1.974719597e-09 2.362157758e-09 3.167004392e-09 4.084032813e-09 5.308825784e-09 6.57011304e-09 7.39226706e-09 8.433040456e-09 1.119980269e-08 1.425626967e-08 1.223235033e-08 1.622619315e-08 1.549436777e-08 1.551595248e-08 1.871184872e-08 1.592447839e-08 2.074737743e-08 2.305915852e-08 2.054846754e-08 2.019938671e-08 2.36662297e-08 2.255040513e-08 2.282113021e-08 2.094511337e-08 1.919769487e-08 1.906993332e-08 2.343848052e-08 2.03288773e-08 1.994580494e-08 2.23163545e-08 1.772782653e-08 1.699271991e-08 1.765126766e-08 1.700362127e-08 1.970285472e-08 1.600745762e-08 1.615174112e-08 1.509788182e-08 1.659803513e-08 1.78537935e-08 1.608248529e-08 1.840177177e-08 1.530807215e-08 1.787924019e-08 1.773889651e-08 1.766690384e-08 1.890943068e-08 1.940055131e-08 2.105959661e-08 1.903878194e-08 2.273361844e-08 1.899502337e-08 1.85419621e-08 2.448976334e-08 1.910255586e-08 2.123488333e-08 2.274756447e-08 2.344949415e-08 2.06973702e-08 1.939835463e-08 2.147936494e-08 2.169562673e-08 1.881433077e-08 1.724623363e-08 1.519087971e-08 1.68515451e-08 1.744259123e-08 1.709122998e-08 1.417259298e-08 1.203326067e-08 1.229028946e-08 1.089450725e-08 9.677539663e-09 7.980150745e-09 7.325271527e-09 5.421734973e-09 4.386132162e-09 2.013411273e-09 1.75604954e-09 1.984752077e-09 1.392227979e-09 7.025427079e-10 7.129741251e-10 1.033051569e-09 1.178512155e-09 2.125247794e-09 2.781782431e-09 3.590435122e-09 4.469466389e-09 4.020578737e-09 5.19284048e-09 6.015447112e-09 5.265827363e-09 4.948947362e-09 6.320094066e-09 6.144834707e-09 5.55011864e-09 6.365963823e-09 5.065146539e-09 6.046625212e-09 3.840178452e-09 3.277463886e-09 3.346216017e-09 2.173201666e-09 
2.4943159e-09 3.218879657e-09 4.512642061e-09 4.562345954e-09 4.579215828e-09 5.917954619e-09 7.222652822e-09 6.631926977e-09 6.136617799e-09 7.551881657e-09 5.858152153e-09 5.671875195e-09 5.392689943e-09 5.28601093e-09 3.978640416e-09 3.488814391e-09 2.399458822e-09 1.851562415e-09 1.567287659e-09 1.044809752e-09 8.508866323e-10 8.88047335e-10 1.199606972e-09 1.883056326e-09 3.528502477e-09 3.403668178e-09 5.115073973e-09 6.722976239e-09 6.067233421e-09 9.16669565e-09 1.04795054e-08 1.322079105e-08 1.353040539e-08 1.553568966e-08 1.419647476e-08 1.794508133e-08 2.07793634e-08 1.864633725e-08 1.810462211e-08 1.842613025e-08 2.191282957e-08 2.396014623e-08 1.958258694e-08 1.868807811e-08 1.778781612e-08 2.208047379e-08 2.236998686e-08 2.140849698e-08 1.785354931e-08 1.973317706e-08 2.121723239e-08 1.945464513e-08 1.860586043e-08 1.5474748e-08 1.674796282e-08 1.418557581e-08 1.727509242e-08 1.520011278e-08 1.352622869e-08 1.497397735e-08 1.350765716e-08 1.490194663e-08 1.40728613e-08 1.392094317e-08 1.217725614e-08 1.258989624e-08 1.031721027e-08 1.125522618e-08 1.494471476e-08 1.323914593e-08 1.502424536e-08 1.570479536e-08 1.667333766e-08 1.451849535e-08 1.713591031e-08 2.131808285e-08 1.809705149e-08 1.934716361e-08 1.716251305e-08 2.088883227e-08 2.129036059e-08 2.024345422e-08 1.965059644e-08 2.166893478e-08 2.033149567e-08 2.068205667e-08 2.411445437e-08 1.83870507e-08 2.364312729e-08 2.143041376e-08 1.936365151e-08 1.76311507e-08 1.475086387e-08 1.67071806e-08 1.425813389e-08 1.50342229e-08 1.19522185e-08 1.027733802e-08 9.511922553e-09 6.282698709e-09 5.608239871e-09 5.188985542e-09 3.600610362e-09 2.594705076e-09 2.001434754e-09 1.059416186e-09 1.066788654e-09 8.393765658e-10 1.434600262e-09 1.952201593e-09 1.730842925e-09 2.763932149e-09 3.479431284e-09 4.154315378e-09 4.903575986e-09 6.108109084e-09 6.331252318e-09 6.181180521e-09 7.246230752e-09 7.546637407e-09 5.832426658e-09 5.640354311e-09 4.960794698e-09 5.049335559e-09 4.652154702e-09 3.631078476e-09 3.084079639e-09 3.328337875e-09 
3.734968774e-09 3.919395356e-09 4.707984034e-09 4.170159158e-09 6.355800752e-09 6.129147231e-09 6.312106536e-09 6.788832478e-09 6.126592894e-09 6.481419455e-09 5.33857191e-09 4.890018328e-09 5.993318402e-09 3.598245199e-09 3.276536905e-09 2.903543502e-09 1.8495499e-09 1.494326088e-09 1.168043535e-09 7.213071156e-10 8.765280531e-10 1.480013927e-09 1.928972516e-09 2.448063454e-09 4.74452315e-09 4.944399378e-09 6.07225583e-09 8.333971786e-09 8.969945695e-09 1.119122603e-08 1.248874529e-08 1.331182257e-08 1.444441063e-08 1.349634e-08 1.605317964e-08 2.126136284e-08 1.965623491e-08 2.057873404e-08 2.473856856e-08 2.296642346e-08 2.202364108e-08 1.880659191e-08 1.751776979e-08 2.118918048e-08 1.779316179e-08 1.770758665e-08 1.729152006e-08 1.750962918e-08 1.708544417e-08 1.888156878e-08 1.44198283e-08 1.438150969e-08 1.427361701e-08 1.490542323e-08 1.21791875e-08 1.358851795e-08 1.239353452e-08 9.763404888e-09 1.183062798e-08 1.023054183e-08 1.182953311e-08 1.01355731e-08 8.907596397e-09 1.223203809e-08 1.008451116e-08 1.063015168e-08 8.972054148e-09 9.21498985e-09 9.859244545e-09 9.622735127e-09 1.293746101e-08 1.194717413e-08 1.24636398e-08 1.315684509e-08 1.394143438e-08 1.319540551e-08 1.893179572e-08 1.34554229e-08 1.392356429e-08 1.881997273e-08 1.535283595e-08 1.801853592e-08 2.063391785e-08 2.044792108e-08 1.928730816e-08 1.96896272e-08 2.145268011e-08 1.834810908e-08 2.037179464e-08 1.721175557e-08 2.091968612e-08 2.009787816e-08 2.029740964e-08 1.925774145e-08 1.825158026e-08 1.545766368e-08 1.515253117e-08 8.654406259e-09 1.430685766e-08 1.028981201e-08 6.581669121e-09 6.513097245e-09 4.508154961e-09 2.508046424e-09 2.681335107e-09 1.779446392e-09 1.435233712e-09 7.984846334e-10 5.623840877e-10 1.179822027e-09 1.246193537e-09 1.64488193e-09 2.225598564e-09 2.899618372e-09 3.639174331e-09 4.828871281e-09 4.897335703e-09 5.924780599e-09 6.997905091e-09 6.840376372e-09 5.298982903e-09 6.887436562e-09 5.404637114e-09 5.31436586e-09 4.760584649e-09 4.799522808e-09 3.989971168e-09 3.148704547e-09 
3.69737175e-09 4.449470032e-09 4.910808732e-09 5.316534894e-09 5.972238221e-09 5.997776137e-09 6.488928889e-09 7.217925471e-09 6.131446163e-09 4.684931576e-09 5.081040705e-09 5.015998862e-09 3.614607129e-09 2.976806427e-09 2.479206719e-09 1.846637175e-09 1.067388093e-09 1.303558045e-09 5.723415413e-10 5.85009457e-10 7.85809829e-10 2.163415817e-09 3.057818801e-09 2.77867132e-09 5.627042986e-09 5.896382993e-09 7.279940913e-09 9.012961976e-09 1.40103508e-08 1.204134908e-08 1.634701035e-08 1.672515259e-08 1.674490257e-08 1.85721099e-08 2.021230552e-08 2.207692282e-08 1.988352274e-08 2.047282169e-08 2.211607918e-08 2.19424743e-08 2.056442125e-08 2.102385779e-08 2.081267756e-08 1.779486206e-08 1.947293419e-08 1.759715851e-08 1.738039132e-08 1.468057061e-08 1.457406508e-08 1.087430509e-08 1.265314243e-08 1.145899452e-08 1.007221649e-08 9.019888677e-09 9.516499582e-09 7.416222427e-09 9.329536264e-09 7.081030188e-09 7.943170197e-09 3.545754556e-09 6.160619422e-09 5.513692429e-09 5.729474416e-09 7.553161832e-09 6.980085996e-09 7.600598804e-09 7.328891771e-09 6.789619651e-09 7.209249898e-09 5.275783174e-09 1.074198324e-08 1.162136983e-08 9.241798648e-09 9.363588065e-09 1.093167155e-08 8.85387838e-09 1.147650699e-08 1.502112196e-08 1.228956311e-08 1.656451874e-08 1.803056857e-08 1.585348128e-08 1.498334065e-08 1.831541281e-08 1.777308102e-08 1.773914905e-08 1.672542979e-08 2.192389867e-08 1.999012619e-08 2.145248486e-08 1.993028678e-08 1.979538102e-08 1.978458939e-08 1.976828589e-08 1.830220013e-08 1.845359174e-08 1.75485736e-08 1.265683661e-08 1.526096683e-08 8.62449708e-09 1.167352315e-08 9.326512162e-09 7.456838536e-09 5.140214557e-09 4.918540003e-09 2.848590788e-09 1.809009582e-09 2.110177714e-09 9.722215536e-10 8.300023455e-10 7.254327785e-10 1.384776918e-09 1.850635717e-09 2.48597817e-09 3.780798108e-09 3.692717539e-09 5.376841014e-09 5.221954603e-09 5.997365726e-09 5.628153273e-09 5.588529106e-09 7.604636779e-09 7.295201783e-09 6.41462898e-09 5.705752922e-09 4.723284948e-09 4.551309275e-09 4.235736891e-09 
4.291068123e-09 6.106159001e-09 6.028931426e-09 5.961641314e-09 5.55000626e-09 7.259022166e-09 7.117516951e-09 5.985186754e-09 4.823106131e-09 4.977569221e-09 4.753583778e-09 3.72232192e-09 2.704095933e-09 2.3927181e-09 1.7870312e-09 1.551363417e-09 1.175458074e-09 6.038468839e-10 1.222709731e-09 1.25823859e-09 2.99351936e-09 3.570100397e-09 4.839991508e-09 5.656273115e-09 6.970951726e-09 9.898027402e-09 1.345165706e-08 1.21500294e-08 1.399738001e-08 1.551064602e-08 1.828571456e-08 1.874928345e-08 1.863958813e-08 2.366726656e-08 2.491736774e-08 2.390596744e-08 2.453253387e-08 2.550235456e-08 2.282348838e-08 1.98304683e-08 2.221876038e-08 2.021008635e-08 1.744034665e-08 1.536153777e-08 1.465142399e-08 1.655639236e-08 1.455472055e-08 1.253538159e-08 1.199671869e-08 1.048984446e-08 8.03913474e-09 1.032676202e-08 7.314167401e-09 6.336250206e-09 6.026946847e-09 4.642530589e-09 5.346379723e-09 5.539561035e-09 6.392065308e-09 4.347764089e-09 5.466112334e-09 3.762495325e-09 3.188725601e-09 3.522835531e-09 3.822631943e-09 4.824958173e-09 4.818666026e-09 4.279223585e-09 2.248773678e-09 4.262635964e-09 4.356252692e-09 5.126648437e-09 6.93807788e-09 5.802091584e-09 6.12820862e-09 9.980090606e-09 9.01455817e-09 7.6303371e-09 9.354629032e-09 1.200729191e-08 1.16117428e-08 1.507066876e-08 1.311910514e-08 1.405227985e-08 1.941108284e-08 1.871203934e-08 1.976707083e-08 2.278392312e-08 1.800063432e-08 2.122782056e-08 2.121665843e-08 1.907573735e-08 2.054418877e-08 2.087887167e-08 1.917923585e-08 2.283332149e-08 1.623977663e-08 1.681814828e-08 1.410815197e-08 1.55720886e-08 1.179771755e-08 8.622439593e-09 7.906487257e-09 1.027542974e-08 6.009592614e-09 3.71165945e-09 3.560941339e-09 2.331975279e-09 1.529826592e-09 4.863078918e-10 7.180914602e-10 7.33351485e-10 1.301355339e-09 2.169551864e-09 2.621858873e-09 2.877136626e-09 4.445553325e-09 3.936328855e-09 4.357812951e-09 5.759008181e-09 5.874161491e-09 5.816508335e-09 6.093706117e-09 5.921941108e-09 5.815726605e-09 5.09840434e-09 5.395498103e-09 4.664294134e-09 
5.09674526e-09 4.976555199e-09 5.683173338e-09 6.296322675e-09 6.009303537e-09 6.457206742e-09 7.179320279e-09 6.405242324e-09 4.486195045e-09 5.352700078e-09 4.326924534e-09 4.045445871e-09 2.522832453e-09 1.65037077e-09 1.594838217e-09 8.537424374e-10 7.573315513e-10 7.150056315e-10 1.190688087e-09 2.763076007e-09 3.660941801e-09 4.857131715e-09 7.370631179e-09 8.613698649e-09 1.101417631e-08 1.258874173e-08 1.040244229e-08 1.457031465e-08 1.65932002e-08 1.970347266e-08 1.628654389e-08 1.79014105e-08 2.162909706e-08 1.786431097e-08 1.951695151e-08 2.310284136e-08 2.018804267e-08 2.156590303e-08 1.882505553e-08 2.085135425e-08 1.657861843e-08 1.8796783e-08 1.553918402e-08 1.346215524e-08 1.576083881e-08 1.094524597e-08 1.098666513e-08 8.556802612e-09 8.169926794e-09 6.689219344e-09 7.052373973e-09 6.573895677e-09 3.436037087e-09 4.69523967e-09 4.006437889e-09 3.171274353e-09 2.32959795e-09 3.364406595e-09 3.251531542e-09 3.501701824e-09 1.748730242e-09 1.818506455e-09 2.226689786e-09 2.924663816e-09 2.066763447e-09 2.603098585e-09 3.757197177e-09 2.806160991e-09 3.209188825e-09 3.087507824e-09 3.256088509e-09 3.450567116e-09 4.012551594e-09 3.123925471e-09 5.579475419e-09 5.928826326e-09 7.183155776e-09 6.934189936e-09 6.842953674e-09 8.318932722e-09 8.1456034e-09 9.917657762e-09 9.630304577e-09 1.527679176e-08 1.363338846e-08 1.655036396e-08 1.475909512e-08 1.732672112e-08 2.242043339e-08 2.066759239e-08 1.965341345e-08 2.069173264e-08 2.390030501e-08 1.91772329e-08 2.163605614e-08 1.789901256e-08 2.088357731e-08 1.850124398e-08 1.867591663e-08 1.502329584e-08 1.563388148e-08 1.514848774e-08 1.171590263e-08 1.036271373e-08 8.293436144e-09 6.321860886e-09 4.861023843e-09 2.897001089e-09 1.49804431e-09 8.163623012e-10 8.807851041e-10 9.284978902e-10 7.473723215e-10 1.358539706e-09 1.36571517e-09 2.810540327e-09 3.034491334e-09 3.725424782e-09 4.722234718e-09 5.218982927e-09 5.79798107e-09 6.43673103e-09 6.410476118e-09 6.775560299e-09 6.541596541e-09 5.495230537e-09 6.043320678e-09 5.225212838e-09 
5.402665562e-09 6.225107017e-09 6.406207216e-09 6.145117319e-09 5.965925459e-09 6.090164788e-09 5.313851909e-09 5.833943165e-09 4.026291473e-09 3.805065292e-09 3.958659333e-09 2.550205599e-09 2.051381477e-09 1.1903934e-09 1.002780716e-09 5.398727745e-10 8.953182431e-10 1.163458609e-09 2.702037402e-09 3.862793306e-09 4.044984499e-09 5.020804241e-09 9.644397151e-09 1.073541412e-08 1.277664487e-08 1.495393521e-08 1.501671131e-08 1.646665839e-08 2.032223778e-08 1.71336186e-08 2.310294976e-08 1.922370738e-08 2.123586898e-08 1.915313551e-08 2.065762282e-08 2.054843633e-08 1.826661861e-08 1.65330665e-08 1.473941459e-08 1.516915851e-08 1.789560106e-08 1.639966596e-08 1.37891491e-08 1.408199701e-08 8.546029502e-09 8.475559117e-09 7.067698734e-09 4.85121192e-09 5.336644075e-09 4.416087501e-09 3.938464831e-09 5.14733889e-09 3.494417305e-09 3.236171942e-09 2.734697495e-09 3.885521032e-09 3.600470156e-09 4.242838317e-09 3.417315889e-09 3.993978642e-09 3.534747042e-09 3.973799879e-09 5.931738681e-09 5.853272426e-09 2.958701097e-09 3.61893506e-09 4.885595458e-09 4.773657392e-09 3.807889242e-09 3.451645725e-09 2.519448467e-09 3.336276219e-09 2.150182906e-09 2.018613612e-09 3.037358591e-09 2.752467076e-09 3.006315921e-09 4.217186666e-09 3.121022566e-09 6.810004763e-09 6.718308933e-09 7.311095658e-09 9.007534553e-09 7.738952411e-09 1.14066255e-08 1.228310175e-08 1.470136632e-08 1.458607923e-08 2.117847683e-08 2.108737305e-08 1.782388069e-08 2.06993849e-08 2.055122744e-08 1.786001421e-08 2.207781557e-08 2.250145575e-08 2.082857504e-08 2.08446116e-08 2.040870509e-08 1.66909478e-08 1.715629273e-08 1.530043756e-08 1.319555225e-08 1.288649337e-08 9.201571913e-09 6.922058108e-09 5.88513864e-09 4.632631136e-09 4.41881015e-09 2.521427814e-09 9.762307027e-10 6.978648461e-10 5.426302825e-10 1.247744308e-09 1.465023e-09 2.020456751e-09 3.487492592e-09 3.1675655e-09 4.513652175e-09 4.866476301e-09 5.5718095e-09 6.471929972e-09 6.241817902e-09 5.976741285e-09 7.889467997e-09 7.314919122e-09 5.850452383e-09 5.93321189e-09 
5.28604828e-09 5.533170528e-09 6.106438612e-09 6.134179773e-09 6.11654243e-09 5.956111506e-09 6.277252652e-09 3.741351713e-09 4.080641004e-09 3.334048316e-09 2.794429149e-09 1.827976544e-09 1.359032934e-09 1.189029329e-09 6.922070287e-10 1.111999712e-09 1.530112374e-09 2.586239891e-09 3.902115544e-09 4.254199978e-09 5.70053889e-09 7.094939885e-09 1.044222199e-08 1.259182541e-08 1.383084137e-08 1.696760917e-08 1.895799688e-08 1.536847286e-08 1.919979565e-08 1.869860585e-08 1.983710418e-08 2.200002628e-08 2.254763422e-08 2.177536811e-08 1.916989324e-08 1.923008187e-08 1.767044141e-08 1.622040865e-08 1.089546139e-08 1.3308435e-08 1.420089768e-08 1.056030996e-08 9.300547087e-09 7.471597372e-09 8.136945849e-09 4.894570772e-09 3.456315019e-09 2.660798766e-09 3.664836185e-09 2.951563076e-09 1.980581044e-09 1.803167715e-09 3.071672051e-09 4.118250516e-09 4.255090561e-09 5.756942448e-09 6.979481237e-09 5.52318935e-09 7.585572585e-09 8.421290457e-09 1.128667011e-08 4.949600243e-09 1.023194314e-08 8.466475159e-09 8.825920845e-09 1.130302073e-08 1.135405236e-08 9.370488102e-09 7.929420336e-09 7.48544245e-09 5.086245738e-09 5.673723862e-09 6.293585306e-09 6.201102323e-09 5.592310487e-09 4.113221139e-09 2.122566667e-09 2.670181915e-09 2.635528249e-09 2.988526616e-09 3.270771915e-09 4.034059601e-09 4.985177025e-09 8.273948591e-09 1.012176351e-08 9.47099255e-09 1.060894282e-08 1.145087092e-08 1.392740515e-08 1.423315167e-08 1.971650989e-08 1.909768436e-08 1.529053001e-08 2.261267566e-08 2.289147291e-08 2.474481574e-08 2.21444652e-08 2.285882315e-08 2.237667749e-08 1.786163407e-08 1.867439691e-08 1.781430812e-08 1.729495364e-08 1.370328929e-08 1.105048016e-08 8.892321117e-09 7.713961532e-09 6.245560393e-09 5.835788422e-09 2.646182766e-09 2.31677178e-09 1.140974689e-09 9.296324379e-10 5.949632105e-10 9.942298882e-10 1.674211356e-09 2.030393121e-09 2.497639328e-09 3.958453892e-09 3.847870735e-09 5.556916849e-09 5.66844043e-09 6.351945932e-09 6.482426331e-09 6.509919665e-09 5.946286536e-09 6.938188962e-09 5.180975528e-09 
5.320748566e-09 6.814594348e-09 7.1679343e-09 6.095897417e-09 6.692938587e-09 5.63605705e-09 6.215699207e-09 4.557254758e-09 3.865554189e-09 3.289354049e-09 2.414286751e-09 1.706145852e-09 6.39692323e-10 7.435232467e-10 1.06053967e-09 1.033519008e-09 1.923886275e-09 3.368035287e-09 4.791138498e-09 6.870051433e-09 7.371149682e-09 1.068221747e-08 1.065357153e-08 1.332760779e-08 1.551245792e-08 1.837945746e-08 1.778866708e-08 1.944536017e-08 2.029838653e-08 1.877165423e-08 2.434160542e-08 2.417936984e-08 2.255340306e-08 1.993474099e-08 1.715606111e-08 1.848215191e-08 1.142582254e-08 1.384279552e-08 1.083442025e-08 1.004790939e-08 7.697146349e-09 9.024900055e-09 6.791882498e-09 6.218206386e-09 4.932611955e-09 4.134646797e-09 2.203257731e-09 2.971044947e-09 2.070288706e-09 3.902930885e-09 5.684043938e-09 5.537503394e-09 6.591562709e-09 8.34789821e-09 1.080172384e-08 1.08622953e-08 1.1937859e-08 1.248008112e-08 1.928605023e-08 1.470641735e-08 1.462571677e-08 2.113770056e-08 1.996454223e-08 1.872916473e-08 1.193184011e-08 1.99514571e-08 1.921576863e-08 1.673929038e-08 1.266001016e-08 1.66031727e-08 1.33113639e-08 1.239180407e-08 1.567552837e-08 9.24447995e-09 6.847485597e-09 1.126471041e-08 5.541432073e-09 5.469855838e-09 2.954947812e-09 4.344579118e-09 2.528790831e-09 3.264773138e-09 1.860268585e-09 3.256337695e-09 4.622135708e-09 5.524137462e-09 8.254729062e-09 9.292670506e-09 1.158758718e-08 1.099884244e-08 1.551605568e-08 1.533788702e-08 1.80970255e-08 1.7795453e-08 1.70491632e-08 1.797914234e-08 2.106237396e-08 1.914241115e-08 2.236281114e-08 1.816072451e-08 1.682495014e-08 1.861156193e-08 1.827107743e-08 1.744267918e-08 1.501925674e-08 1.264237801e-08 1.015625853e-08 8.421961058e-09 6.06764844e-09 3.627567492e-09 4.015080406e-09 2.839699957e-09 1.339812439e-09 1.282690599e-09 1.003090185e-09 8.883341789e-10 1.726810045e-09 2.238201392e-09 2.780597724e-09 3.699847564e-09 4.873046203e-09 5.320332793e-09 6.40720661e-09 5.977964994e-09 6.876068514e-09 4.775305338e-09 6.664423844e-09 6.787749085e-09 
6.512254503e-09 7.047552308e-09 5.899232375e-09 5.932633444e-09 5.497644218e-09 5.497692006e-09 3.993610132e-09 3.926044744e-09 3.317054491e-09 2.293897187e-09 1.730999533e-09 8.110405582e-10 1.016947131e-09 6.084469855e-10 1.798401409e-09 2.264758464e-09 3.138546554e-09 4.375350719e-09 4.929538138e-09 7.619848504e-09 9.117189803e-09 1.216430712e-08 1.15137274e-08 1.572701458e-08 2.062415563e-08 1.964523093e-08 2.321656198e-08 1.971096909e-08 2.168093422e-08 2.089163234e-08 2.275658801e-08 2.154327629e-08 1.658574503e-08 1.920714732e-08 1.747493183e-08 1.364701917e-08 1.295980521e-08 1.096482008e-08 7.686920196e-09 7.234860691e-09 6.114629828e-09 6.063369423e-09 2.849211815e-09 3.017822657e-09 2.650366556e-09 2.307845551e-09 3.435110001e-09 3.629687678e-09 5.495343848e-09 5.619786131e-09 9.044634869e-09 1.095013419e-08 1.230625876e-08 1.35185616e-08 1.815750691e-08 1.446501946e-08 2.06382855e-08 1.84784061e-08 1.884894343e-08 2.614381991e-08 2.182333434e-08 2.288629476e-08 2.8252651e-08 2.712554036e-08 3.152774931e-08 2.916052546e-08 2.873251395e-08 3.25082541e-08 2.688605356e-08 2.303311528e-08 1.914755457e-08 2.234078475e-08 2.29932633e-08 1.910661153e-08 1.449694005e-08 1.138113994e-08 1.273757979e-08 8.438015819e-09 8.04942119e-09 6.540286088e-09 5.030903111e-09 4.170446986e-09 3.274504811e-09 2.498449989e-09 3.031596793e-09 4.677739936e-09 4.841537829e-09 7.131662318e-09 7.552420756e-09 1.011307868e-08 1.244773909e-08 1.477198625e-08 1.682494553e-08 1.583542773e-08 1.804002374e-08 1.622239084e-08 1.737305271e-08 2.548358643e-08 2.362355692e-08 2.11796438e-08 1.782415508e-08 2.126933661e-08 2.030178573e-08 1.614680129e-08 1.522042674e-08 1.272830066e-08 1.393819194e-08 8.84292532e-09 8.952086403e-09 5.696748367e-09 4.637602033e-09 3.562407689e-09 1.785582193e-09 1.259404706e-09 8.309497685e-10 6.631394736e-10 8.967801457e-10 1.47234673e-09 2.248139285e-09 3.380641838e-09 3.996396201e-09 4.652956332e-09 5.758103879e-09 4.982181038e-09 5.220093188e-09 6.582617047e-09 6.46442331e-09 6.236435133e-09 
6.539756826e-09 6.149587801e-09 6.45625385e-09 6.626452103e-09 6.095574378e-09 4.610840437e-09 4.078851436e-09 3.277973417e-09 1.804585446e-09 1.601718526e-09 9.356370256e-10 6.562449849e-10 7.694387057e-10 1.37544386e-09 2.390653935e-09 3.158001078e-09 3.738207106e-09 5.71060528e-09 7.637241127e-09 8.065645383e-09 1.333185282e-08 1.138396837e-08 1.66806207e-08 1.642736808e-08 1.539383385e-08 1.968138636e-08 1.98505551e-08 2.350862552e-08 2.068707006e-08 1.844666843e-08 2.137938451e-08 1.72336569e-08 1.801959552e-08 1.289614833e-08 1.48100366e-08 1.249050224e-08 1.213579692e-08 9.040403376e-09 6.5591071e-09 4.706219371e-09 3.334822916e-09 3.533097101e-09 2.430539454e-09 3.598636012e-09 4.582960695e-09 4.559830258e-09 6.885201453e-09 1.007399804e-08 1.298506022e-08 1.308962758e-08 1.320104416e-08 1.759279251e-08 2.237498516e-08 2.345107606e-08 2.407214458e-08 3.094936711e-08 2.820747702e-08 2.106438006e-08 3.837837046e-08 3.21989228e-08 4.481888412e-08 3.492267476e-08 3.648870205e-08 4.361804251e-08 4.987475847e-08 3.721934452e-08 4.203066196e-08 4.030852671e-08 3.276047066e-08 3.630311759e-08 3.270789473e-08 2.720253594e-08 3.752439436e-08 2.428217811e-08 2.150380066e-08 2.260061238e-08 1.764155607e-08 1.419934824e-08 1.291906148e-08 9.681203655e-09 9.688089596e-09 4.611005308e-09 4.635278861e-09 2.547249423e-09 3.373183469e-09 3.418820569e-09 2.289890028e-09 3.107965335e-09 5.814646476e-09 8.260569853e-09 9.030745441e-09 1.008505063e-08 1.295337206e-08 1.448403741e-08 1.500664464e-08 1.582992863e-08 1.391311893e-08 2.054595644e-08 2.208664053e-08 1.752741416e-08 2.081044202e-08 1.897292681e-08 1.974102173e-08 1.8879306e-08 1.694978185e-08 1.679458608e-08 1.385396708e-08 1.182471292e-08 9.140704258e-09 6.543187904e-09 5.949183641e-09 4.200399532e-09 2.982700661e-09 2.489742213e-09 1.268632747e-09 5.393537241e-10 1.153519903e-09 1.358118273e-09 1.919673307e-09 2.07626697e-09 3.417369604e-09 4.428911515e-09 3.700246534e-09 4.992899009e-09 5.715417151e-09 5.386968095e-09 5.739202462e-09 5.981418579e-09 
6.222895232e-09 6.137422099e-09 6.105321501e-09 5.893080251e-09 4.504025728e-09 4.304747332e-09 3.297611703e-09 2.325683539e-09 1.355431467e-09 9.192210883e-10 5.533688865e-10 6.925453315e-10 1.435597053e-09 1.493077256e-09 2.848892447e-09 5.020542073e-09 5.68858314e-09 9.674765945e-09 9.400272372e-09 1.024141021e-08 1.218153254e-08 1.527581192e-08 1.926981605e-08 1.648995411e-08 2.27340337e-08 2.20025592e-08 2.256378217e-08 2.146302886e-08 2.405053606e-08 2.047306665e-08 1.774020584e-08 1.658871696e-08 1.297635191e-08 1.452581191e-08 1.181865322e-08 8.858111749e-09 6.529008869e-09 6.092036995e-09 4.155338781e-09 3.083620446e-09 1.773012115e-09 2.84840636e-09 2.453621462e-09 3.564460577e-09 1.002960321e-08 1.412291973e-08 1.345890683e-08 1.711987136e-08 1.276268864e-08 1.64770691e-08 2.67219956e-08 2.978133194e-08 3.429642747e-08 3.324948822e-08 4.094072473e-08 4.236358909e-08 4.549948232e-08 3.62327427e-08 4.139845289e-08 5.469522532e-08 5.324097777e-08 5.079563186e-08 5.102174453e-08 5.92014397e-08 5.859712062e-08 4.860527695e-08 4.99510628e-08 3.019818139e-08 4.522701572e-08 5.028837633e-08 4.371687397e-08 4.459303799e-08 3.277565635e-08 3.433164352e-08 3.306614318e-08 2.838854425e-08 3.216074671e-08 2.475897186e-08 2.568785365e-08 1.645792542e-08 1.311758861e-08 1.540534272e-08 1.069888519e-08 8.736192333e-09 4.311263611e-09 5.732013534e-09 2.010287792e-09 2.345276396e-09 3.279182369e-09 5.691265782e-09 6.043057678e-09 6.773458866e-09 9.620454518e-09 1.095723895e-08 1.399862015e-08 1.556516021e-08 1.672683134e-08 1.84171485e-08 2.197581285e-08 2.253313016e-08 2.636036024e-08 2.293323856e-08 2.476715748e-08 2.137528689e-08 1.750839119e-08 1.946604151e-08 1.610595938e-08 1.340020691e-08 1.13959944e-08 1.222142451e-08 7.154686552e-09 5.567117141e-09 4.790778446e-09 4.1201603e-09 1.700899475e-09 7.96473982e-10 8.214984828e-10 1.031010676e-09 1.209068257e-09 1.885620255e-09 2.444739371e-09 3.517925273e-09 4.071720841e-09 4.581591354e-09 5.764690926e-09 6.750830744e-09 6.237354851e-09 4.97574095e-09 
6.021770677e-09 7.292027482e-09 5.77709699e-09 5.260732708e-09 4.277630168e-09 4.275343189e-09 3.344255586e-09 1.869563964e-09 1.437907553e-09 9.258654498e-10 8.728157202e-10 1.376987654e-09 1.334553571e-09 2.818366473e-09 4.817856053e-09 5.889080358e-09 8.210340555e-09 1.039447184e-08 1.207780874e-08 1.540460343e-08 1.496839678e-08 1.732745468e-08 1.705758436e-08 1.750369755e-08 2.152165393e-08 1.737997765e-08 2.064129198e-08 2.024701521e-08 1.912919978e-08 1.809854938e-08 1.598016991e-08 1.554993649e-08 1.488644739e-08 1.213039151e-08 9.243843456e-09 7.78883253e-09 4.484631301e-09 4.218963012e-09 2.081588454e-09 2.843254802e-09 3.059016397e-09 6.802105119e-09 8.220628327e-09 1.163006784e-08 1.189140128e-08 1.422581835e-08 2.552980467e-08 2.008808847e-08 2.948730982e-08 2.980764922e-08 4.062524034e-08 3.99759225e-08 4.254831728e-08 4.597458121e-08 5.533173177e-08 5.474046788e-08 6.61201213e-08 5.647952333e-08 6.1910788e-08 6.822886685e-08 6.177628864e-08 6.75729988e-08 7.628846291e-08 6.389561516e-08 5.257115679e-08 5.449954876e-08 7.105038553e-08 6.335013145e-08 6.264856957e-08 6.347822935e-08 6.122426597e-08 6.201132878e-08 6.691902965e-08 5.51874857e-08 5.124992421e-08 4.90052741e-08 4.06566193e-08 3.775552303e-08 2.893276138e-08 2.621432055e-08 1.888058719e-08 1.754901909e-08 1.283997471e-08 1.247577767e-08 1.180823582e-08 8.065352747e-09 5.094573931e-09 5.178932953e-09 2.296998141e-09 3.782753774e-09 3.636981696e-09 6.394901517e-09 6.042960702e-09 1.064969566e-08 8.483207964e-09 1.354879787e-08 1.629542014e-08 1.845620235e-08 2.060978738e-08 2.159493695e-08 1.897754842e-08 2.18528426e-08 2.140662467e-08 2.09910989e-08 1.937956795e-08 1.92485047e-08 1.618082227e-08 1.286019853e-08 1.265927744e-08 1.138155174e-08 1.057816261e-08 8.060757888e-09 5.677966366e-09 4.471914192e-09 3.761371348e-09 1.744751825e-09 1.177914145e-09 8.048305726e-10 8.157858474e-10 1.257934334e-09 2.644257086e-09 2.019817404e-09 3.725111185e-09 4.974628263e-09 4.678442772e-09 6.457825427e-09 5.594387984e-09 6.311502595e-09 
6.029274176e-09 5.900956674e-09 5.677126781e-09 5.220286496e-09 3.754864461e-09 2.971120735e-09 2.404505572e-09 2.229982004e-09 8.445024963e-10 9.842724917e-10 1.133352723e-09 1.543845439e-09 2.157341314e-09 2.560496992e-09 6.489372358e-09 6.367029404e-09 9.4509307e-09 1.200932325e-08 1.110004768e-08 1.730258833e-08 1.938409148e-08 2.131624097e-08 2.112966302e-08 2.08771475e-08 1.723027919e-08 1.680576958e-08 1.843073877e-08 1.83682027e-08 2.076590863e-08 1.940473912e-08 1.364273229e-08 1.350124776e-08 7.714680263e-09 6.155427849e-09 7.685446151e-09 5.343108728e-09 9.103479031e-10 2.728710383e-09 1.759876104e-09 4.543907105e-09 7.112775975e-09 6.837464837e-09 1.145776602e-08 1.319053452e-08 2.110224212e-08 2.890153585e-08 2.883789839e-08 3.188142224e-08 3.539340861e-08 5.590592385e-08 4.673985134e-08 5.62087618e-08 5.90127056e-08 6.970579151e-08 7.965566824e-08 7.151186685e-08 7.336519543e-08 6.572724621e-08 9.034794809e-08 9.063170215e-08 8.21113492e-08 7.892275734e-08 7.267709058e-08 9.583444455e-08 8.345265413e-08 9.188812921e-08 7.668023385e-08 9.187976254e-08 8.648566562e-08 8.19857652e-08 8.681575035e-08 8.914482399e-08 7.384348417e-08 7.057265974e-08 5.590286913e-08 5.569711864e-08 6.068682665e-08 5.691111705e-08 4.728794877e-08 4.254389142e-08 3.454373958e-08 2.773552537e-08 2.656803479e-08 2.622885908e-08 1.837700332e-08 8.081674127e-09 8.67112138e-09 5.289367324e-09 4.098468277e-09 4.337201011e-09 4.025196611e-09 2.577025751e-09 4.427993482e-09 6.931563299e-09 9.80742438e-09 9.768689001e-09 1.238942114e-08 1.464313725e-08 1.794399636e-08 1.75053775e-08 2.007097275e-08 2.312928523e-08 2.095633222e-08 1.90478883e-08 2.257382259e-08 1.985417679e-08 2.030716938e-08 1.728299119e-08 1.452573121e-08 1.301869192e-08 1.057881914e-08 9.845933232e-09 5.028690237e-09 5.791292549e-09 3.712436374e-09 2.136814497e-09 1.493661345e-09 5.130878859e-10 7.100171707e-10 1.346939924e-09 1.830157042e-09 2.356043325e-09 2.895269898e-09 4.326260303e-09 4.94292886e-09 5.491845206e-09 5.590117768e-09 5.659436033e-09 
5.64125719e-09 6.207793381e-09 4.57510913e-09 4.594666236e-09 3.500850411e-09 3.092965724e-09 1.541370955e-09 1.285929425e-09 6.334692488e-10 7.16214468e-10 1.625078101e-09 2.223728419e-09 3.841162118e-09 4.772552591e-09 7.388051069e-09 7.822038087e-09 8.722087358e-09 1.284398611e-08 1.601865239e-08 1.453905465e-08 1.580947001e-08 2.195563751e-08 2.046278533e-08 2.58839866e-08 2.26295739e-08 2.126159166e-08 2.053716417e-08 1.560827377e-08 1.706314409e-08 1.37284631e-08 1.12643802e-08 8.196992959e-09 8.505883859e-09 5.452764777e-09 3.975323155e-09 3.580894511e-09 2.102488209e-09 5.520135832e-09 8.838791978e-09 7.723160845e-09 1.058446297e-08 1.326278842e-08 2.160342533e-08 2.691411383e-08 3.813791713e-08 4.175671493e-08 4.256225457e-08 5.14472711e-08 4.838733009e-08 6.672055046e-08 5.155369627e-08 6.571182037e-08 7.397360801e-08 8.569397636e-08 8.290195339e-08 7.850020977e-08 1.017030066e-07 8.550641385e-08 7.509496884e-08 9.617060603e-08 1.012959351e-07 1.081095708e-07 8.789259694e-08 1.217605994e-07 1.052213295e-07 8.147333004e-08 1.01366915e-07 1.11063743e-07 8.072403062e-08 9.759533939e-08 6.46579765e-08 9.236412736e-08 7.135210789e-08 7.345346516e-08 9.210137161e-08 7.948961912e-08 6.514681085e-08 5.846306238e-08 4.993824396e-08 5.754503465e-08 4.435182986e-08 3.253435543e-08 3.977644906e-08 2.668829011e-08 3.080212683e-08 2.284254251e-08 1.795281993e-08 1.315998522e-08 1.1035953e-08 6.139003373e-09 2.002116368e-09 3.84522916e-09 2.753606988e-09 5.214306262e-09 4.072507251e-09 5.740176099e-09 1.032815214e-08 1.039464347e-08 1.643828244e-08 1.606198288e-08 1.387199229e-08 1.954357653e-08 2.088380664e-08 2.044088722e-08 2.114063591e-08 2.263141907e-08 1.797855012e-08 1.680809474e-08 2.004025579e-08 1.204548693e-08 1.283809915e-08 8.997069296e-09 7.460841221e-09 6.017393669e-09 5.146133056e-09 3.611550432e-09 2.050091079e-09 1.168491966e-09 1.221121496e-09 7.823471447e-10 1.402325734e-09 1.927783678e-09 2.034714214e-09 3.306223483e-09 3.142696612e-09 4.744918747e-09 5.984067264e-09 5.403010455e-09 
7.140309498e-09 4.803354404e-09 4.895149277e-09 3.084284021e-09 3.683829977e-09 2.064155642e-09 1.490261716e-09 1.062103945e-09 6.5951027e-10 1.167809243e-09 1.852169757e-09 2.286316615e-09 3.570899608e-09 8.100910119e-09 9.665205206e-09 1.032131269e-08 1.234165443e-08 1.602546003e-08 1.633012855e-08 1.757076378e-08 1.926254289e-08 2.468663779e-08 1.914835865e-08 2.199836257e-08 1.944346211e-08 1.863807828e-08 1.422894372e-08 1.779204298e-08 1.279739038e-08 1.07322023e-08 9.597279985e-09 6.455313297e-09 6.236712874e-09 4.014600452e-09 3.455104642e-09 2.893065398e-09 4.025674863e-09 9.110255318e-09 1.488707898e-08 1.373736142e-08 1.844692058e-08 2.644849938e-08 2.726783568e-08 3.680633496e-08 4.417048993e-08 5.232860045e-08 4.959377253e-08 5.600754814e-08 6.762108641e-08 7.325521247e-08 9.098711438e-08 8.88317542e-08 7.918296189e-08 8.476359633e-08 7.65652808e-08 9.423513127e-08 1.016185852e-07 1.10460174e-07 1.189077674e-07 1.222014477e-07 1.089191286e-07 1.115620134e-07 1.164875202e-07 1.283342085e-07 1.147673894e-07 1.08726423e-07 1.156474016e-07 1.172000744e-07 1.217303958e-07 1.188598294e-07 1.121048872e-07 9.105832704e-08 9.965948793e-08 1.068685886e-07 8.209967043e-08 8.293963076e-08 8.360800907e-08 7.497090623e-08 7.944597237e-08 7.029066846e-08 4.652017509e-08 5.804409529e-08 4.608365102e-08 4.128330729e-08 3.527132643e-08 2.948906941e-08 2.66839425e-08 2.510755971e-08 1.198818894e-08 8.165559725e-09 9.544351311e-09 3.293496252e-09 3.251819839e-09 3.496520648e-09 3.575506272e-09 2.768305009e-09 5.682615033e-09 1.03018764e-08 1.125208933e-08 1.183753749e-08 1.814675183e-08 2.112486499e-08 1.929446935e-08 2.02726987e-08 2.02404213e-08 2.167438336e-08 2.364644346e-08 2.190929149e-08 1.860078948e-08 1.61721083e-08 1.413505147e-08 1.311306259e-08 9.988861768e-09 1.04813977e-08 6.975506016e-09 4.754694149e-09 2.574112594e-09 1.758608786e-09 1.23710446e-09 7.796102833e-10 1.187272952e-09 1.889656411e-09 2.170322105e-09 3.022092555e-09 2.715390146e-09 5.096945401e-09 5.421419189e-09 4.825615151e-09 
6.150484071e-09 4.048510408e-09 4.16789902e-09 3.182574117e-09 2.435563742e-09 1.664867304e-09 1.345771787e-09 6.156953224e-10 8.29787422e-10 1.915188969e-09 2.948125461e-09 4.624284164e-09 5.001173188e-09 7.706568817e-09 1.137502661e-08 1.216502248e-08 1.558285094e-08 1.787657947e-08 1.80300758e-08 1.911111207e-08 2.153422501e-08 2.348439024e-08 1.844025712e-08 2.017054123e-08 1.953505888e-08 1.820059257e-08 1.630464917e-08 1.431665917e-08 1.27096477e-08 7.178522772e-09 9.016272367e-09 6.885800533e-09 3.529970547e-09 3.788408206e-09 2.679392837e-09 5.421633042e-09 9.688471499e-09 1.222514899e-08 1.848462719e-08 2.126370008e-08 2.159294331e-08 4.294984433e-08 3.758263536e-08 4.283561709e-08 6.153742046e-08 6.496788035e-08 7.420471482e-08 7.824448265e-08 7.850155925e-08 9.441208423e-08 9.872485204e-08 1.057008447e-07 1.273560796e-07 9.545372683e-08 1.21950711e-07 1.121147213e-07 1.071787921e-07 1.20389069e-07 1.341136884e-07 1.301570771e-07 9.589927292e-08 1.386332104e-07 1.08369776e-07 1.339424229e-07 1.400306358e-07 1.336386979e-07 1.13636861e-07 1.114095723e-07 1.398815343e-07 1.132526253e-07 1.339146655e-07 1.232721362e-07 1.345563222e-07 9.206261466e-08 1.029850662e-07 7.243140233e-08 8.648076469e-08 9.536230419e-08 9.263388651e-08 9.107535324e-08 8.836618112e-08 7.336854348e-08 6.065156085e-08 6.02624528e-08 5.101185251e-08 3.751963889e-08 3.200907207e-08 2.692352961e-08 2.090631635e-08 1.750169336e-08 1.203294258e-08 9.104692001e-09 7.088527269e-09 3.900424708e-09 3.491413528e-09 3.314285789e-09 5.817502222e-09 7.440661238e-09 8.093976672e-09 1.416978288e-08 1.467799947e-08 1.473235872e-08 1.883048976e-08 2.1592948e-08 2.229471481e-08 2.081511752e-08 2.045139204e-08 2.076916396e-08 1.803943238e-08 1.839300311e-08 1.862893211e-08 1.576854387e-08 1.123721775e-08 9.08190553e-09 6.20834955e-09 6.134089863e-09 4.032180063e-09 2.392553805e-09 1.189678732e-09 1.098202645e-09 5.636692058e-10 1.111707384e-09 1.414466132e-09 2.212090575e-09 3.262944501e-09 3.255680434e-09 4.111549023e-09 4.891712966e-09 
4.586942638e-09 4.835656574e-09 3.384142805e-09 2.281253345e-09 2.102970619e-09 1.204221734e-09 1.1849013e-09 3.951334309e-10 1.576078603e-09 2.727097604e-09 3.671758887e-09 4.845200653e-09 7.529179445e-09 9.864622105e-09 1.194917386e-08 1.396133913e-08 1.812158346e-08 1.742518953e-08 1.953529929e-08 1.90065029e-08 2.109480574e-08 1.77377525e-08 1.923537923e-08 1.910304612e-08 1.56983898e-08 1.450287051e-08 1.38203237e-08 1.114201727e-08 8.107732216e-09 7.308289586e-09 4.704245396e-09 3.115875093e-09 2.931850143e-09 3.044119227e-09 9.648579639e-09 9.943008894e-09 1.408584056e-08 2.355221147e-08 2.355900553e-08 3.861951491e-08 4.630681722e-08 5.00844384e-08 5.355080451e-08 5.857384507e-08 5.488411692e-08 7.333331747e-08 8.344195104e-08 9.295992196e-08 8.389271962e-08 7.317956212e-08 1.109648401e-07 1.103525215e-07 1.22883868e-07 1.028988773e-07 1.199145096e-07 1.366720599e-07 1.145176321e-07 1.244341796e-07 1.36631946e-07 1.073830079e-07 1.206590227e-07 1.264789775e-07 1.272254543e-07 1.051948242e-07 1.260932666e-07 1.49118713e-07 1.131298839e-07 1.364888025e-07 1.195485011e-07 1.292288278e-07 1.284353775e-07 1.289666163e-07 1.238495611e-07 1.238069e-07 1.321672584e-07 1.109495148e-07 1.258233586e-07 1.01286048e-07 1.070178241e-07 1.059185649e-07 9.198312693e-08 9.051643508e-08 7.96302462e-08 6.397624136e-08 5.573419287e-08 5.376124684e-08 4.288601039e-08 3.300828538e-08 3.223605802e-08 1.547414251e-08 1.712761203e-08 1.362112944e-08 1.066229943e-08 7.924260357e-09 1.609550938e-09 2.814041956e-09 3.36119556e-09 5.181669815e-09 6.849287346e-09 8.369956716e-09 9.483484219e-09 1.319028231e-08 1.634217648e-08 1.740621854e-08 1.930513247e-08 2.21985022e-08 2.16153891e-08 2.140545027e-08 2.049326272e-08 2.118724842e-08 1.624359464e-08 1.758368926e-08 1.420730599e-08 1.027946629e-08 8.364412132e-09 7.398067864e-09 4.066799386e-09 3.423195424e-09 2.004953398e-09 9.814978376e-10 7.882237549e-10 1.117094006e-09 1.197860321e-09 1.934031701e-09 2.896414456e-09 2.754289541e-09 4.802125677e-09 5.118707063e-09 
4.546109709e-09 4.004662351e-09 4.077574402e-09 2.247866003e-09 1.561667995e-09 1.232459396e-09 6.378671957e-10 7.200996862e-10 1.618288859e-09 3.411348385e-09 5.206445522e-09 6.860213199e-09 9.196727742e-09 9.86707942e-09 1.245069508e-08 1.548085379e-08 1.442125166e-08 1.933638226e-08 1.684520974e-08 1.987157768e-08 2.41631308e-08 2.011583479e-08 2.072022436e-08 1.637963302e-08 1.824873691e-08 1.449412073e-08 1.051360624e-08 9.912649205e-09 6.888267731e-09 6.045165919e-09 2.472042126e-09 3.733196795e-09 2.764182032e-09 9.441555539e-09 8.058381429e-09 1.395060988e-08 2.302566261e-08 2.388900476e-08 3.746643062e-08 4.453298445e-08 4.065658899e-08 5.965583282e-08 7.918121865e-08 7.034396091e-08 7.882806533e-08 9.41048057e-08 9.849434728e-08 9.838706838e-08 1.142460362e-07 1.257654048e-07 1.287888761e-07 1.236913247e-07 1.138221957e-07 1.110598005e-07 1.165517914e-07 1.279596976e-07 1.191953817e-07 1.217259776e-07 1.25378402e-07 1.381831536e-07 1.137193694e-07 1.537830612e-07 9.583278904e-08 1.255316866e-07 1.162481986e-07 1.016323709e-07 1.263884005e-07 1.134436551e-07 9.492736677e-08 1.342930359e-07 1.182075408e-07 1.333163284e-07 1.215401153e-07 1.259341038e-07 1.26480259e-07 1.197431808e-07 1.146794706e-07 1.189703983e-07 1.085741803e-07 9.560416096e-08 1.089769594e-07 1.013574551e-07 8.40880287e-08 1.068854732e-07 7.692520165e-08 7.015084921e-08 5.651005814e-08 4.652282552e-08 5.838463787e-08 3.220683543e-08 3.208158011e-08 2.198593879e-08 1.471917671e-08 1.081764689e-08 9.532036055e-09 4.017829432e-09 2.172226249e-09 2.212219546e-09 4.588724167e-09 6.893509173e-09 7.169708751e-09 1.057677951e-08 1.127805866e-08 1.772058855e-08 1.750498181e-08 1.823348512e-08 2.122512607e-08 2.235972666e-08 1.970731827e-08 2.061899395e-08 2.271709385e-08 1.834090504e-08 1.582435784e-08 1.391784898e-08 1.061632147e-08 8.740745393e-09 7.081393688e-09 3.453593427e-09 3.650431482e-09 1.790365728e-09 7.643624638e-10 7.367962992e-10 1.034112475e-09 1.258456025e-09 1.893299988e-09 3.423940647e-09 3.269677239e-09 4.929612155e-09 
4.852317605e-09 3.20603329e-09 3.187003416e-09 1.762314478e-09 1.472628361e-09 8.363825873e-10 1.244664118e-09 1.56317341e-09 2.96767775e-09 4.630481405e-09 5.659649765e-09 8.05500451e-09 1.101911481e-08 1.119653379e-08 1.690092177e-08 1.779829399e-08 2.160063596e-08 2.154774794e-08 2.019068111e-08 2.32901038e-08 2.065054109e-08 2.035814536e-08 1.930531704e-08 1.628441213e-08 1.825864804e-08 1.20337636e-08 8.851792744e-09 5.564973592e-09 3.746131575e-09 4.181738825e-09 2.208327856e-09 3.275723061e-09 6.961479487e-09 1.101574255e-08 1.157669672e-08 2.610951724e-08 3.289779076e-08 4.385169123e-08 4.130158524e-08 5.298860783e-08 5.548892083e-08 6.938534325e-08 7.820481631e-08 8.552238489e-08 1.00919602e-07 1.070194434e-07 1.005062096e-07 1.394798407e-07 1.242838175e-07 1.366981712e-07 1.12489143e-07 1.30440213e-07 1.036759104e-07 1.088722876e-07 1.22605796e-07 1.320513661e-07 1.313023947e-07 1.164466275e-07 1.103093828e-07 1.098788429e-07 9.826927308e-08 8.900747856e-08 1.080818325e-07 1.216156783e-07 1.103556007e-07 1.139654769e-07 1.291569077e-07 1.156444186e-07 1.241914776e-07 1.164292784e-07 1.051253196e-07 1.130951297e-07 9.941926601e-08 1.28806617e-07 1.181787851e-07 1.157848486e-07 1.214319192e-07 1.464805742e-07 1.321547121e-07 1.115779755e-07 1.280314622e-07 1.057329053e-07 9.908324323e-08 8.611980057e-08 8.036126251e-08 6.415557259e-08 7.31476246e-08 6.355333582e-08 4.235578345e-08 4.511201625e-08 3.013403516e-08 2.045880338e-08 1.744376264e-08 1.88872246e-08 1.297992672e-08 4.830748347e-09 4.193884462e-09 2.954028779e-09 3.84532945e-09 4.15579071e-09 6.630876204e-09 8.856980802e-09 9.927676807e-09 1.66673582e-08 1.393185811e-08 1.830762524e-08 2.268613953e-08 2.392000221e-08 2.061029974e-08 1.919471711e-08 2.320779108e-08 1.929231574e-08 1.921452098e-08 1.58965067e-08 9.118695767e-09 1.055466958e-08 9.141734585e-09 7.364679501e-09 3.477106456e-09 2.893283044e-09 1.184980108e-09 1.036909417e-09 6.131433258e-10 8.922864804e-10 1.306949023e-09 3.067211945e-09 3.37873124e-09 3.93131062e-09 
3.94414148e-09 3.751373993e-09 1.599650781e-09 8.787694454e-10 8.517918963e-10 5.732508532e-10 1.177367194e-09 1.657744069e-09 3.22820228e-09 5.051452235e-09 6.476062201e-09 9.325959304e-09 1.276654232e-08 1.643208871e-08 1.707798061e-08 2.006501692e-08 2.087272945e-08 2.210494386e-08 2.036303996e-08 2.235000105e-08 1.867353217e-08 1.70950092e-08 1.271008468e-08 1.518567883e-08 1.331569026e-08 8.709513642e-09 7.314336369e-09 3.154087281e-09 3.840904023e-09 2.285652888e-09 4.788500248e-09 7.466284376e-09 1.072564499e-08 1.522312012e-08 2.098919299e-08 3.356080652e-08 3.692968466e-08 3.360153942e-08 6.086224154e-08 6.276390299e-08 7.595052669e-08 8.340430809e-08 1.025002115e-07 1.021762815e-07 1.229041133e-07 1.155657388e-07 1.244193744e-07 1.039997952e-07 1.211634875e-07 1.348876492e-07 1.252053465e-07 1.34140245e-07 1.187751959e-07 1.272222629e-07 1.416688722e-07 1.084616739e-07 1.135320788e-07 1.165689156e-07 1.223294338e-07 8.487339734e-08 1.046906515e-07 9.248391867e-08 1.031169698e-07 1.069760114e-07 1.058811561e-07 8.974328097e-08 9.337908197e-08 1.220216916e-07 1.146665306e-07 1.237678116e-07 1.32646371e-07 1.146155679e-07 1.251669456e-07 1.442453045e-07 1.275826324e-07 1.221327146e-07 1.234630435e-07 1.246908171e-07 1.160922498e-07 1.256762074e-07 1.407501099e-07 1.149659765e-07 1.179230601e-07 1.18888975e-07 1.212767771e-07 9.237137213e-08 8.573155276e-08 7.439929957e-08 7.122432348e-08 6.407248492e-08 4.567112565e-08 4.233837746e-08 2.674997386e-08 2.576732153e-08 1.557542409e-08 1.114299116e-08 8.686143064e-09 3.608309268e-09 2.751255233e-09 3.362382619e-09 4.535192534e-09 7.650147967e-09 1.12713473e-08 1.201306769e-08 1.469111159e-08 1.807664202e-08 1.703303851e-08 2.055610757e-08 2.521077134e-08 2.158689873e-08 2.262809422e-08 2.082393503e-08 1.803169913e-08 1.708662658e-08 1.288350086e-08 1.26871308e-08 8.59149247e-09 7.904804944e-09 5.352766151e-09 3.429284387e-09 1.981159929e-09 1.224042461e-09 8.2517626e-10 1.136764583e-09 1.275059878e-09 2.574243548e-09 2.478754624e-09 4.202120011e-09 
3.689594623e-09 3.418896042e-09 2.386889196e-09 8.530759508e-10 6.405559662e-10 9.507338283e-10 1.456744824e-09 2.165911636e-09 3.837979801e-09 5.861812385e-09 8.411969187e-09 1.065660467e-08 1.478402324e-08 1.337327765e-08 1.657718234e-08 1.879227782e-08 2.13005257e-08 2.233033925e-08 2.148051731e-08 2.068937212e-08 1.830986532e-08 2.013291987e-08 1.435770595e-08 1.562581249e-08 1.13386739e-08 7.761142402e-09 6.37118252e-09 2.484126869e-09 2.043930926e-09 5.465635328e-09 4.544839992e-09 1.01407492e-08 1.82251833e-08 2.403216619e-08 2.950157485e-08 3.908694443e-08 3.886453044e-08 6.31183681e-08 7.777526059e-08 7.723180975e-08 7.94331457e-08 9.666285662e-08 1.198019603e-07 1.054405747e-07 1.300414493e-07 1.39812671e-07 1.23443013e-07 1.221129289e-07 1.178372572e-07 1.217321768e-07 1.037627942e-07 1.22380005e-07 1.181302407e-07 1.167851952e-07 1.032275051e-07 1.162489554e-07 1.087781566e-07 9.374045133e-08 9.826749863e-08 1.008831202e-07 8.584429012e-08 9.900136215e-08 8.196044536e-08 9.239335114e-08 9.093508114e-08 9.079661871e-08 7.476900236e-08 7.345406569e-08 9.098989035e-08 1.013257406e-07 9.153436724e-08 9.699979254e-08 1.155463072e-07 1.109559685e-07 1.023356684e-07 1.287815432e-07 1.275579914e-07 1.439469265e-07 1.277613797e-07 1.248993213e-07 1.053934869e-07 1.258052001e-07 1.378756528e-07 1.292003252e-07 1.069524979e-07 1.010071653e-07 9.997918815e-08 8.989153467e-08 7.564763442e-08 5.248123502e-08 6.012076473e-08 4.597635863e-08 3.871162053e-08 2.613235948e-08 2.299743281e-08 2.174510765e-08 1.053592018e-08 9.390328033e-09 3.472108432e-09 2.866289017e-09 4.094200913e-09 5.514640113e-09 6.603247983e-09 8.258987157e-09 1.184095537e-08 1.489305795e-08 1.846590627e-08 2.01749236e-08 1.962643127e-08 2.021465306e-08 2.153365271e-08 2.305776555e-08 1.926129253e-08 1.53067218e-08 1.97570222e-08 1.122498748e-08 9.679227657e-09 9.671600608e-09 6.987468067e-09 4.509932024e-09 3.40140461e-09 1.876996794e-09 1.110492767e-09 5.091788241e-10 9.648876485e-10 1.858305023e-09 2.910542299e-09 2.458340016e-09 
3.349500703e-09 2.17511215e-09 8.921959834e-10 8.346734666e-10 7.651389872e-10 1.232391517e-09 2.020604135e-09 4.001047108e-09 6.736155833e-09 7.681971627e-09 1.072520732e-08 1.396271344e-08 1.373285466e-08 1.524577472e-08 1.837317607e-08 2.008131959e-08 2.037984822e-08 1.970728678e-08 1.861385427e-08 1.931666128e-08 2.016612452e-08 1.52280767e-08 1.215429537e-08 1.215741264e-08 8.212419595e-09 5.944440721e-09 2.694257881e-09 2.064774783e-09 2.463769476e-09 6.726480377e-09 1.064840884e-08 1.574028413e-08 2.238946788e-08 3.248664816e-08 3.417787434e-08 4.447197834e-08 6.594310484e-08 8.107208402e-08 7.981691776e-08 8.468847027e-08 1.060227252e-07 9.815192067e-08 9.100185958e-08 1.123019542e-07 1.250538702e-07 1.210885332e-07 1.056074376e-07 1.369182828e-07 1.152585071e-07 1.150435184e-07 1.186555078e-07 1.171051487e-07 9.734932469e-08 8.957939788e-08 8.619535146e-08 9.111149133e-08 7.989383511e-08 7.428179588e-08 7.917537647e-08 8.053377663e-08 6.029174573e-08 6.745828349e-08 6.837367491e-08 6.683609851e-08 6.994890684e-08 6.491893814e-08 5.806473317e-08 6.434332312e-08 6.799003487e-08 8.485970705e-08 8.33271666e-08 8.675159628e-08 9.835507642e-08 9.585106075e-08 1.09758384e-07 1.074783756e-07 9.381076431e-08 1.388380232e-07 1.267658416e-07 1.217081102e-07 1.264123869e-07 1.385186823e-07 1.39388892e-07 1.416285376e-07 1.199033516e-07 1.225007436e-07 1.134040427e-07 9.411969104e-08 1.11777753e-07 7.780449094e-08 8.592618408e-08 5.546670359e-08 5.030053022e-08 3.865531028e-08 2.644810368e-08 2.274504381e-08 2.127111529e-08 9.464821437e-09 4.836105934e-09 3.454102941e-09 2.033523034e-09 3.83642435e-09 6.282523566e-09 7.591220839e-09 8.174507407e-09 1.58731687e-08 1.891791911e-08 2.000824175e-08 1.811490661e-08 2.143322764e-08 2.340329462e-08 2.312545433e-08 1.989846224e-08 2.28516994e-08 1.730013008e-08 1.294817177e-08 1.223753299e-08 9.532358358e-09 8.261651139e-09 5.451654949e-09 2.734864694e-09 2.139312558e-09 1.40714311e-09 6.981842715e-10 8.746226822e-10 1.004129752e-09 2.361635385e-09 2.796645016e-09 
2.559039787e-09 1.415807124e-09 9.579445521e-10 5.851004684e-10 7.559006277e-10 1.706436868e-09 3.138545555e-09 3.912497876e-09 5.587938195e-09 8.248260972e-09 8.942756668e-09 1.368751469e-08 1.527954897e-08 1.761783305e-08 2.273993456e-08 2.168826299e-08 1.740694873e-08 2.295016106e-08 2.057084764e-08 1.834947038e-08 1.739290974e-08 1.678060163e-08 9.985059458e-09 7.182810561e-09 5.415414549e-09 5.904274582e-09 1.873612512e-09 4.139970432e-09 5.395366349e-09 1.172256433e-08 1.664582242e-08 2.27808072e-08 3.24100664e-08 3.844331548e-08 5.236057232e-08 6.462891426e-08 5.306173353e-08 9.966914372e-08 9.547254459e-08 9.352676396e-08 1.106821511e-07 1.169063956e-07 1.19583029e-07 1.070998327e-07 1.243055567e-07 1.062431067e-07 1.298515224e-07 1.423801105e-07 1.090947748e-07 1.052566771e-07 1.195751544e-07 8.899620697e-08 8.459342721e-08 8.85656146e-08 7.996369437e-08 6.949385497e-08 5.969278569e-08 5.791882227e-08 5.531123459e-08 4.34768038e-08 5.092048558e-08 5.320954788e-08 4.348757243e-08 4.164517387e-08 4.659052114e-08 4.487684636e-08 4.417119391e-08 3.279309432e-08 4.613808216e-08 5.199630231e-08 6.673905589e-08 6.440218601e-08 5.50728593e-08 5.052545763e-08 7.54785242e-08 7.763174011e-08 1.037641286e-07 9.823501358e-08 9.712789914e-08 1.281083291e-07 1.089946356e-07 1.317565455e-07 1.22256165e-07 1.102636003e-07 1.098132245e-07 1.181329833e-07 1.348262885e-07 1.059761717e-07 1.149204727e-07 8.778061371e-08 8.174357976e-08 5.507581791e-08 6.637055124e-08 5.374299656e-08 3.921348427e-08 2.756143595e-08 2.061667156e-08 1.498359519e-08 1.303989164e-08 6.888333505e-09 1.931566434e-09 3.086232799e-09 4.851386171e-09 6.00305471e-09 7.426478736e-09 1.141878819e-08 1.377623421e-08 1.774610738e-08 1.637602565e-08 2.075996453e-08 1.892735752e-08 2.307368244e-08 1.892838608e-08 2.119666821e-08 1.863716747e-08 1.729570705e-08 1.203996804e-08 1.299009107e-08 8.675976071e-09 7.225872785e-09 4.374330983e-09 2.906555617e-09 1.889299204e-09 1.354709516e-09 7.159362181e-10 8.9787946e-10 1.859207514e-09 2.258047652e-09 
2.068097852e-09 1.445157774e-09 9.831960324e-10 8.063918171e-10 1.741316564e-09 2.667468833e-09 3.149257406e-09 6.291420798e-09 7.851394588e-09 9.284085057e-09 1.323118739e-08 1.374940676e-08 1.644739426e-08 2.421460422e-08 2.09787907e-08 2.333448917e-08 2.130907951e-08 1.904796537e-08 1.809517342e-08 1.732008789e-08 1.292468708e-08 9.253297344e-09 8.86259122e-09 4.637095905e-09 5.758059962e-09 3.416064047e-09 4.059514682e-09 5.671994067e-09 9.377554678e-09 1.830455016e-08 2.49107308e-08 2.404003805e-08 3.649584985e-08 5.081086502e-08 6.649356283e-08 8.556847714e-08 9.039016199e-08 9.532871031e-08 9.982388739e-08 1.068946502e-07 1.211389205e-07 1.265756759e-07 1.30742189e-07 1.129044466e-07 1.32709924e-07 1.262369471e-07 1.136883914e-07 1.099957994e-07 1.130224948e-07 9.950749999e-08 8.879905104e-08 7.495463472e-08 7.5804423e-08 5.635592801e-08 5.277500036e-08 3.354405132e-08 4.636763157e-08 4.288514388e-08 3.514266907e-08 3.465940597e-08 9.259632109e-09 2.552288957e-08 1.852853074e-08 1.989101295e-08 2.869408179e-08 2.399082553e-08 1.865024959e-08 3.751806703e-08 3.39500828e-08 2.719681515e-08 3.226731298e-08 4.237245942e-08 5.315518595e-08 4.196576065e-08 5.579805814e-08 7.390698456e-08 9.750215312e-08 9.00706719e-08 1.040482033e-07 1.090452738e-07 1.073100885e-07 1.216511839e-07 1.260056997e-07 1.27087124e-07 1.200240507e-07 1.168683219e-07 1.328236003e-07 1.145882555e-07 9.786519188e-08 9.622245305e-08 9.734265108e-08 8.435591403e-08 5.730185483e-08 5.093642942e-08 5.231361809e-08 3.715281965e-08 3.015890679e-08 1.653822992e-08 8.325925118e-09 8.441735133e-09 4.491898703e-09 3.2394935e-09 1.747166927e-09 5.217503499e-09 6.070859487e-09 6.673056803e-09 1.282599313e-08 1.214130903e-08 1.658452906e-08 1.68572351e-08 1.925003474e-08 2.378936445e-08 2.108047343e-08 2.18903679e-08 2.050991749e-08 1.808854513e-08 1.79164435e-08 1.495913713e-08 8.272872413e-09 6.802796661e-09 4.433940276e-09 3.270531501e-09 2.18645313e-09 1.279090998e-09 7.159341573e-10 7.911618323e-10 1.224343816e-09 2.311278003e-09 
1.891018619e-09 1.002712588e-09 7.171775734e-10 9.019134759e-10 1.514485846e-09 3.216329339e-09 3.698117231e-09 7.829430887e-09 9.435697726e-09 1.239589286e-08 1.037117699e-08 1.494660243e-08 1.844140852e-08 2.102429717e-08 2.124198816e-08 2.186175724e-08 1.918887892e-08 1.936823383e-08 1.783217873e-08 1.276766521e-08 1.504148742e-08 1.047808992e-08 8.081283242e-09 5.112641142e-09 3.153339014e-09 3.290568337e-09 2.719349507e-09 8.351779189e-09 1.73007655e-08 1.642101175e-08 2.708163506e-08 3.846680206e-08 4.129686589e-08 6.516968506e-08 5.222529182e-08 6.392502412e-08 1.00715396e-07 9.210667634e-08 1.219027894e-07 9.497777726e-08 1.483645843e-07 8.914201419e-08 1.340998616e-07 1.109310404e-07 1.208553526e-07 1.194106394e-07 1.034144691e-07 1.059854529e-07 8.859912389e-08 7.460105779e-08 8.810204585e-08 5.639106813e-08 4.344091247e-08 4.442212859e-08 3.398931862e-08 3.405233238e-08 2.577291286e-08 1.882048286e-08 1.621426108e-08 1.726420901e-08 1.772185156e-08 2.677633013e-08 1.850729715e-08 2.433141703e-08 2.157257613e-08 2.806737418e-08 2.069762086e-08 2.534052319e-08 1.733920148e-08 2.530711116e-08 1.998812408e-08 3.010527718e-08 4.066309981e-08 3.965248641e-08 4.941997769e-08 4.664822402e-08 6.696381172e-08 7.383632901e-08 8.442663645e-08 8.407369077e-08 9.719781622e-08 1.09811209e-07 1.172266738e-07 1.041009664e-07 9.685038314e-08 1.320230408e-07 1.192047834e-07 1.221477196e-07 1.139017745e-07 1.134368309e-07 1.095587686e-07 8.398549909e-08 7.680532924e-08 6.142028113e-08 7.099320983e-08 4.813953827e-08 3.459016252e-08 3.583643738e-08 2.496934818e-08 1.414107286e-08 8.103504896e-09 2.270713589e-09 2.511254549e-09 3.765640582e-09 3.844018873e-09 7.639479067e-09 1.020988708e-08 1.411985836e-08 1.536791196e-08 2.13268965e-08 1.981536128e-08 1.998648962e-08 2.335383039e-08 2.151675784e-08 2.372699598e-08 1.812008957e-08 1.868486715e-08 1.405963256e-08 1.044901549e-08 1.086233652e-08 6.32886865e-09 4.063969178e-09 1.783199268e-09 1.950241775e-09 8.31992881e-10 7.397306216e-10 1.213564129e-09 2.175782812e-09 
1.508420667e-09 1.014953132e-09 3.533696001e-10 1.095758846e-09 1.9514789e-09 3.178727929e-09 7.045300427e-09 7.301213058e-09 1.070067833e-08 1.203069523e-08 1.596260926e-08 1.391763578e-08 1.71691548e-08 2.275645283e-08 1.74811901e-08 2.304305476e-08 2.087113587e-08 1.818461564e-08 1.597346611e-08 1.353524419e-08 1.20093744e-08 8.436020612e-09 4.86580445e-09 3.469894146e-09 3.307721399e-09 3.327235888e-09 6.401969951e-09 1.083940441e-08 1.687329228e-08 2.591934638e-08 3.495240284e-08 4.648189808e-08 5.771749359e-08 7.297038494e-08 7.657667889e-08 9.738690545e-08 1.139265932e-07 1.199822345e-07 1.378666984e-07 1.287534405e-07 1.246080391e-07 1.219870948e-07 1.115356705e-07 1.12654896e-07 1.235283849e-07 9.950694704e-08 8.896556171e-08 7.611816681e-08 7.678369041e-08 5.954430606e-08 4.143576508e-08 4.255319242e-08 3.441175788e-08 2.158689286e-08 2.075154483e-08 3.048162484e-08 2.043082913e-08 1.799567059e-08 3.353210211e-08 3.82274958e-08 5.20568178e-08 5.332365483e-08 6.198619071e-08 3.551238402e-08 6.111353292e-08 5.850182152e-08 4.546754617e-08 4.373334343e-08 4.064910138e-08 5.169562368e-08 2.961559921e-08 2.601307989e-08 2.277734193e-08 1.927048148e-08 1.447097422e-08 3.508683294e-08 5.378991551e-08 4.395475139e-08 5.914838541e-08 6.152801917e-08 9.890241491e-08 9.987195647e-08 1.084727136e-07 9.998474116e-08 1.235591793e-07 1.417405521e-07 1.558557633e-07 1.377820102e-07 1.322297838e-07 1.243087752e-07 1.142923537e-07 1.019605436e-07 8.471282735e-08 7.738163567e-08 7.613161003e-08 6.203965195e-08 3.532612707e-08 3.440888199e-08 2.72493758e-08 1.9365669e-08 1.208708523e-08 7.556847654e-09 3.884798926e-09 2.986761221e-09 3.826349091e-09 4.153825334e-09 9.917342587e-09 1.351278448e-08 9.903565781e-09 1.71470762e-08 1.795251716e-08 2.45206746e-08 2.094271707e-08 1.762212091e-08 2.392503409e-08 1.537738809e-08 1.76518783e-08 1.367010048e-08 1.317927754e-08 1.08354838e-08 6.622623614e-09 4.713898205e-09 3.736150965e-09 2.066845822e-09 1.226686448e-09 9.888978986e-10 7.849690108e-10 1.662805607e-09 
1.375929942e-09 7.059971689e-10 9.467210588e-10 1.435654433e-09 2.901716058e-09 4.707043299e-09 5.977626879e-09 8.869011651e-09 1.169105037e-08 1.278681281e-08 1.226339008e-08 1.936718502e-08 2.250427806e-08 1.774571432e-08 2.207662844e-08 1.800282857e-08 1.326262682e-08 1.949607859e-08 1.389531684e-08 1.02276486e-08 1.15777066e-08 6.812950945e-09 4.512745055e-09 4.519638697e-09 2.913935567e-09 6.614795929e-09 1.074692647e-08 2.066346615e-08 1.884213221e-08 3.662995744e-08 4.34232766e-08 5.330654173e-08 6.679804493e-08 7.455132264e-08 9.900322367e-08 1.303289096e-07 1.147867181e-07 1.073110726e-07 1.27310876e-07 1.204223369e-07 1.450693592e-07 1.284740263e-07 1.104866043e-07 8.741258244e-08 8.523077723e-08 8.672851557e-08 7.359600649e-08 5.940092084e-08 5.292156973e-08 4.042834651e-08 2.659383443e-08 2.862055441e-08 2.225171638e-08 2.035631255e-08 2.996670286e-08 4.092481171e-08 3.592916005e-08 5.538948783e-08 5.374071641e-08 1.210683178e-07 1.069261958e-07 6.783784048e-08 1.000042695e-07 1.257572144e-07 9.897917049e-08 1.077073844e-07 1.108359108e-07 1.027171192e-07 9.019386602e-08 5.183185694e-08 5.735805828e-08 5.418893391e-08 4.345154922e-08 1.549483803e-08 1.701913024e-08 2.497927878e-08 3.050777416e-08 2.041338338e-08 4.835829343e-08 4.369660141e-08 5.976290826e-08 8.494615141e-08 8.258407528e-08 8.145387928e-08 1.131096773e-07 1.064633536e-07 1.242919829e-07 1.16498202e-07 1.317033785e-07 1.377367389e-07 1.19063145e-07 9.776424338e-08 1.163125637e-07 9.91032595e-08 8.560780021e-08 6.994642606e-08 5.611247018e-08 4.875444627e-08 3.452346399e-08 1.88413807e-08 1.479510263e-08 1.436254779e-08 6.185596892e-09 3.041959779e-09 2.675205015e-09 6.192220879e-09 7.214661961e-09 1.086936793e-08 1.44719419e-08 1.299693051e-08 1.780982994e-08 2.004069834e-08 1.712279814e-08 2.381568622e-08 2.250067643e-08 1.639920102e-08 1.620263389e-08 1.438909308e-08 1.49326316e-08 1.33621481e-08 8.86215931e-09 7.538328832e-09 5.673317929e-09 2.506894159e-09 1.998305289e-09 6.881020499e-10 7.895443929e-10 1.23690801e-09 
1.17349293e-09 7.297600902e-10 9.49303825e-10 1.764693165e-09 3.945479623e-09 5.073734976e-09 6.106044036e-09 1.284951133e-08 1.215863064e-08 1.359417124e-08 1.760938272e-08 1.725416769e-08 1.917750106e-08 2.360078369e-08 1.879877955e-08 2.107440339e-08 1.865134044e-08 1.688282236e-08 1.3563698e-08 1.105405971e-08 9.425731207e-09 5.122971472e-09 4.399474076e-09 3.534815216e-09 3.989915839e-09 1.090741358e-08 1.326709713e-08 2.019424473e-08 4.016024114e-08 3.681145377e-08 5.721962241e-08 5.98239655e-08 8.892226905e-08 9.951636467e-08 1.037558686e-07 1.090158767e-07 1.117718397e-07 1.134289233e-07 1.048282611e-07 1.273076243e-07 1.103402092e-07 1.149853185e-07 9.315366704e-08 9.107099623e-08 7.287688289e-08 6.979439532e-08 5.291396013e-08 4.104382107e-08 3.227122703e-08 2.63050566e-08 2.914208458e-08 1.802121473e-08 2.793931554e-08 4.285534589e-08 2.514366783e-08 9.946904377e-08 1.26426779e-07 9.814384857e-08 1.073861403e-07 1.556274478e-07 1.762315578e-07 2.298561878e-07 1.890204228e-07 2.537023556e-07 2.616233648e-07 2.30186888e-07 1.306200759e-07 1.958047431e-07 2.150923574e-07 1.36647026e-07 1.045626765e-07 1.201831317e-07 8.942688867e-08 7.225728154e-08 4.388166256e-08 2.729646569e-08 2.282829128e-08 2.157186107e-08 2.066189434e-08 4.403175268e-08 4.97458839e-08 4.850561657e-08 7.825364699e-08 7.682127195e-08 9.954002897e-08 1.20233991e-07 1.020463579e-07 1.16183546e-07 1.139945337e-07 1.195102038e-07 1.423951543e-07 1.209841608e-07 1.075056017e-07 1.060812081e-07 9.487005569e-08 8.876238011e-08 6.652935231e-08 3.89360817e-08 5.077890404e-08 2.035746755e-08 1.787592591e-08 1.431863252e-08 9.76383811e-09 4.553126795e-09 3.296469568e-09 3.206926782e-09 5.603104318e-09 7.266797208e-09 1.317544687e-08 1.474168732e-08 1.466640975e-08 1.76994251e-08 1.898239909e-08 2.299338071e-08 1.678801655e-08 2.012457518e-08 1.756548323e-08 1.913774632e-08 1.52556257e-08 1.309908545e-08 8.984769471e-09 6.296206325e-09 5.927734708e-09 2.895884871e-09 1.883927157e-09 1.167747476e-09 6.640675969e-10 1.414102219e-09 
1.049968003e-09 6.223405186e-10 1.619413877e-09 2.300187976e-09 3.358249919e-09 7.326229484e-09 9.88147501e-09 1.246415754e-08 1.187242436e-08 1.509517448e-08 2.05832468e-08 1.842503937e-08 2.262927277e-08 1.883565308e-08 1.944030122e-08 1.816329951e-08 1.934216855e-08 1.342787072e-08 1.058089169e-08 8.22417167e-09 5.697194667e-09 4.95101298e-09 3.051061106e-09 3.378761081e-09 7.306447347e-09 1.789685015e-08 1.979435227e-08 2.997544857e-08 4.06828948e-08 5.837890523e-08 6.437852786e-08 7.58806775e-08 8.37375561e-08 1.015720616e-07 9.91218828e-08 1.049107977e-07 1.210145013e-07 1.11206954e-07 1.364659814e-07 1.252051731e-07 1.141923529e-07 1.134582661e-07 9.140261586e-08 7.280645372e-08 5.914594738e-08 4.679844023e-08 3.32845741e-08 2.133935147e-08 1.794543714e-08 3.942790838e-08 3.705068411e-08 4.054021187e-08 4.460235631e-08 5.002631954e-08 1.278048259e-07 1.859747104e-07 2.216980114e-07 2.694669056e-07 2.595209312e-07 3.110097638e-07 2.348882502e-07 2.816994215e-07 3.499756982e-07 3.854246306e-07 3.556774144e-07 3.347734581e-07 4.945077029e-07 2.524782019e-07 3.252688647e-07 2.511531933e-07 3.159864108e-07 1.450897198e-07 1.954212749e-07 1.20428081e-07 1.001083142e-07 7.847773222e-08 4.783643869e-08 2.483044557e-08 2.394349602e-08 2.12846635e-08 2.887730487e-08 3.469727055e-08 6.072057948e-08 7.493632309e-08 6.538949723e-08 8.833466743e-08 1.117904536e-07 1.133948271e-07 1.509646108e-07 1.151125756e-07 1.465689228e-07 1.375275817e-07 1.207823416e-07 1.388763368e-07 9.925691362e-08 6.255777135e-08 7.67272298e-08 6.610420664e-08 6.052063502e-08 3.959649864e-08 3.213977805e-08 1.741923325e-08 1.494343617e-08 8.9292206e-09 3.531170132e-09 3.392805178e-09 4.134378577e-09 6.873376148e-09 7.2493546e-09 1.285057729e-08 1.394476104e-08 1.644776771e-08 2.177647654e-08 2.007659898e-08 2.04570752e-08 2.066352268e-08 1.742954951e-08 2.084990499e-08 1.572472604e-08 1.448161797e-08 9.223523989e-09 1.010579975e-08 5.361214918e-09 3.863568088e-09 2.856403754e-09 1.534594794e-09 5.406418041e-10 8.216685192e-10 
7.667219793e-10 1.006705844e-09 2.390631196e-09 2.717320802e-09 5.469485549e-09 6.413625176e-09 9.131738751e-09 1.111646908e-08 1.625840793e-08 1.700216006e-08 1.967820597e-08 2.319969376e-08 2.258019139e-08 2.001911261e-08 1.86159481e-08 1.643207296e-08 1.605008179e-08 1.767549664e-08 1.058727516e-08 7.722382996e-09 3.874479548e-09 4.335604018e-09 1.690495964e-09 5.279772683e-09 8.208598182e-09 1.15567102e-08 2.81915736e-08 3.418983197e-08 4.260443822e-08 4.825591205e-08 6.066862145e-08 9.397853349e-08 1.009543926e-07 1.129483584e-07 1.431560434e-07 1.176430578e-07 1.212798116e-07 1.28836363e-07 1.30947176e-07 1.245579479e-07 1.322127207e-07 9.733655517e-08 7.146505356e-08 6.710694523e-08 4.793183718e-08 3.136311908e-08 2.625789405e-08 2.222003603e-08 4.397280608e-08 5.539069451e-08 7.985129657e-08 1.162160597e-07 1.331383518e-07 1.565331906e-07 2.183916707e-07 2.73854807e-07 2.410794166e-07 3.295896795e-07 4.529767622e-07 5.090109105e-07 4.806193065e-07 5.438660244e-07 6.258292293e-07 5.587039382e-07 6.070742909e-07 7.021158299e-07 6.680341629e-07 5.688408396e-07 4.945835663e-07 5.215135694e-07 3.675528574e-07 3.405919185e-07 3.526177816e-07 2.991789559e-07 1.605766803e-07 1.036803283e-07 1.2160874e-07 5.929842562e-08 2.147380997e-08 3.385706587e-08 2.59638739e-08 2.734042971e-08 3.64958233e-08 4.388782634e-08 8.635814791e-08 8.224649284e-08 8.175692557e-08 8.347874672e-08 1.131522305e-07 1.173560332e-07 1.469540917e-07 1.30620797e-07 1.126700114e-07 9.365078158e-08 7.722997076e-08 9.135953845e-08 7.625408033e-08 5.75671636e-08 4.97286863e-08 4.751565914e-08 2.751359457e-08 2.094533348e-08 1.098906143e-08 8.846250974e-09 5.299365989e-09 2.251216367e-09 3.084147342e-09 4.539976623e-09 1.049433756e-08 1.181378319e-08 1.316639195e-08 1.829759876e-08 1.938521419e-08 1.913848644e-08 2.175995436e-08 2.42541529e-08 1.91313176e-08 1.608559369e-08 1.901194898e-08 1.409158158e-08 1.298488549e-08 8.179191762e-09 7.258922959e-09 5.650336675e-09 3.268346222e-09 1.893936071e-09 7.419080414e-10 6.58328642e-10 
7.949244833e-10 1.521500795e-09 1.642375272e-09 2.339431346e-09 4.94180117e-09 9.127013213e-09 1.061705466e-08 1.309212152e-08 1.590268546e-08 1.94681462e-08 1.978324886e-08 2.368365563e-08 2.026398041e-08 2.239960443e-08 2.121962861e-08 1.692981986e-08 1.485411934e-08 1.204839209e-08 8.330719603e-09 4.900429507e-09 3.755776843e-09 2.584794933e-09 4.076976193e-09 7.544516342e-09 9.882630741e-09 1.446257607e-08 3.195046025e-08 5.109555684e-08 5.946927673e-08 7.520254665e-08 8.098315042e-08 9.517526183e-08 1.134329265e-07 1.095588464e-07 1.219041352e-07 1.455789815e-07 1.258876868e-07 1.248857361e-07 1.200638175e-07 1.016973562e-07 8.754032259e-08 6.729121127e-08 5.695048577e-08 5.697545413e-08 2.55923479e-08 1.860817194e-08 2.637786297e-08 2.64981976e-08 6.950996432e-08 1.306746671e-07 1.679801791e-07 1.665388321e-07 1.820805879e-07 2.82386689e-07 3.610355011e-07 3.609124537e-07 5.690414087e-07 5.010154913e-07 4.585380001e-07 7.817941223e-07 7.920491425e-07 8.723802625e-07 8.919090525e-07 9.29330966e-07 8.172253099e-07 7.419296789e-07 8.041888288e-07 8.088365289e-07 7.835771129e-07 6.650444455e-07 6.964816429e-07 5.656959318e-07 4.697608818e-07 3.456488816e-07 2.509694893e-07 2.099105271e-07 1.729930221e-07 8.359243611e-08 4.215569842e-08 4.566609912e-08 3.763384793e-08 2.98606135e-08 2.662088813e-08 3.522341869e-08 4.648559788e-08 5.616875896e-08 6.057315755e-08 7.034985212e-08 1.118728446e-07 1.257039749e-07 1.171066712e-07 1.093371396e-07 1.236921034e-07 1.388645934e-07 1.203643747e-07 9.810099751e-08 9.795713088e-08 6.916774333e-08 6.697216538e-08 5.142380002e-08 5.338250778e-08 2.71260898e-08 1.696145275e-08 1.443035142e-08 7.371908337e-09 4.032123417e-09 2.880251529e-09 3.554078253e-09 5.365285429e-09 8.672614166e-09 1.29265946e-08 1.614474774e-08 1.644863257e-08 1.726600924e-08 2.109032824e-08 2.049418056e-08 2.327427768e-08 2.117662305e-08 2.122779863e-08 1.4463486e-08 1.449029671e-08 1.179980785e-08 6.688113538e-09 5.208517913e-09 4.018814943e-09 2.450719595e-09 1.433204656e-09 5.550533414e-10 
6.147733934e-10 1.479688623e-09 1.797267708e-09 5.259012708e-09 6.84345931e-09 8.776329188e-09 1.300430428e-08 1.512853719e-08 1.765303332e-08 1.895994522e-08 1.850489655e-08 2.228996502e-08 1.965072635e-08 1.719613025e-08 1.970105769e-08 1.595889094e-08 1.259718523e-08 1.365564608e-08 8.043700412e-09 5.083744985e-09 2.976133081e-09 3.358768933e-09 7.936214897e-09 9.962158814e-09 1.944300201e-08 2.615687788e-08 4.052377259e-08 4.248030634e-08 6.123116518e-08 7.250282405e-08 7.669052047e-08 1.142727378e-07 1.079628141e-07 1.175162532e-07 1.246672789e-07 1.16147668e-07 1.23291485e-07 1.167787746e-07 1.204708426e-07 9.666033076e-08 8.112408683e-08 6.257105895e-08 4.385432719e-08 2.776446343e-08 2.658018038e-08 1.905582523e-08 4.411709626e-08 5.630782866e-08 1.119103924e-07 1.697849016e-07 1.903344927e-07 2.652421404e-07 3.50260239e-07 5.632246683e-07 5.745344138e-07 4.769905825e-07 7.323041607e-07 8.186220369e-07 9.485664754e-07 9.497995182e-07 9.595898912e-07 1.199339097e-06 1.361579494e-06 1.257554828e-06 1.123873533e-06 1.340446677e-06 1.1421293e-06 8.237372404e-07 9.700832843e-07 9.495553972e-07 7.869414682e-07 6.920217975e-07 5.339196795e-07 4.418804002e-07 4.728439393e-07 2.776150137e-07 3.53098834e-07 2.105692892e-07 1.607602886e-07 1.177834794e-07 9.097443058e-08 3.979976323e-08 1.891881851e-08 2.08281517e-08 4.368078195e-08 5.68100179e-08 6.800567492e-08 8.648658606e-08 8.151625299e-08 9.828647521e-08 1.109816277e-07 1.176416816e-07 1.098284036e-07 1.056307727e-07 1.15162549e-07 1.235981274e-07 1.057522458e-07 9.545751707e-08 8.06987933e-08 5.555683407e-08 4.714932342e-08 3.92463251e-08 1.619429598e-08 2.015653508e-08 1.040277114e-08 6.262700191e-09 2.597296348e-09 3.226979154e-09 4.823867418e-09 8.946422592e-09 8.67542933e-09 1.263895748e-08 1.976130886e-08 1.883544653e-08 1.760817193e-08 2.216063193e-08 2.269139667e-08 1.796710557e-08 1.826786025e-08 1.741947737e-08 9.455800212e-09 1.031251896e-08 9.93998104e-09 4.966697773e-09 4.745530114e-09 2.542983999e-09 1.873615989e-09 4.998368713e-10 
1.20148318e-09 2.073156559e-09 3.376695708e-09 5.457812148e-09 6.435931086e-09 9.619339124e-09 9.731042159e-09 1.374364385e-08 1.851738265e-08 2.348954025e-08 1.500142438e-08 1.913055051e-08 1.800319366e-08 1.976809088e-08 1.894749836e-08 1.483681797e-08 1.225499463e-08 9.527386723e-09 7.169164819e-09 4.011319e-09 3.526046496e-09 2.651204614e-09 6.986736136e-09 1.630388108e-08 2.307190593e-08 2.914320944e-08 5.150967679e-08 5.240091673e-08 7.765753668e-08 9.704280552e-08 8.005395217e-08 1.147965605e-07 1.36025489e-07 1.280362269e-07 9.87145554e-08 1.409994458e-07 1.150654003e-07 1.152390859e-07 8.425968791e-08 8.04784774e-08 6.148683948e-08 5.827776073e-08 2.869996381e-08 2.481885036e-08 1.69666334e-08 2.707439694e-08 6.806140405e-08 1.178822147e-07 2.158468147e-07 2.161316981e-07 3.595351979e-07 3.85983715e-07 5.418797157e-07 5.818639948e-07 8.60196021e-07 1.175694786e-06 1.161466447e-06 1.204752432e-06 1.480889013e-06 1.556580828e-06 1.299644362e-06 1.622075398e-06 1.618755803e-06 1.589803392e-06 1.51971062e-06 1.568221042e-06 1.653519662e-06 1.542746422e-06 1.374057007e-06 1.259927716e-06 1.439622597e-06 9.847415899e-07 1.045617517e-06 7.925549506e-07 7.252774582e-07 5.774940208e-07 4.393108667e-07 2.78561653e-07 1.655689628e-07 1.419080888e-07 9.811151957e-08 4.732625874e-08 4.950034388e-08 3.002605435e-08 1.247100992e-08 4.256191192e-08 4.148509233e-08 7.474388703e-08 6.916308993e-08 9.319774841e-08 1.140850898e-07 1.183290273e-07 1.398342181e-07 1.16903796e-07 1.393461856e-07 1.065130399e-07 1.171309545e-07 1.042784649e-07 7.846958621e-08 6.35929994e-08 5.158092105e-08 3.903044523e-08 3.015780301e-08 2.742801672e-08 1.486391838e-08 7.596750225e-09 2.387556827e-09 2.521411622e-09 3.504984118e-09 7.203267663e-09 9.029061463e-09 1.187196374e-08 1.604605995e-08 1.804787935e-08 2.137147065e-08 2.149588911e-08 2.371447254e-08 1.956018913e-08 1.870725591e-08 1.807316991e-08 1.673734782e-08 1.210423009e-08 8.881486207e-09 7.59825621e-09 5.715246642e-09 3.548160295e-09 1.550229484e-09 7.529788461e-10 
1.448220585e-09 2.280027692e-09 4.19532483e-09 5.483649627e-09 6.714060532e-09 1.016581867e-08 1.234058826e-08 1.511579099e-08 1.894389079e-08 1.804313344e-08 2.20356793e-08 2.137425486e-08 2.054895721e-08 2.00359756e-08 1.535687825e-08 1.582166456e-08 1.250384924e-08 7.050045003e-09 4.296859728e-09 4.34691491e-09 2.465145709e-09 5.723654996e-09 9.67051082e-09 1.297104957e-08 2.616410587e-08 3.296014572e-08 4.64335853e-08 6.281814522e-08 7.243289218e-08 7.222729533e-08 9.958139275e-08 1.17413911e-07 1.065188423e-07 1.223165568e-07 1.220203288e-07 1.360657376e-07 9.947507311e-08 9.176219971e-08 9.433870245e-08 7.463554227e-08 6.052554486e-08 4.207753355e-08 2.252948473e-08 2.968590984e-08 4.066612312e-08 7.396476391e-08 1.113137007e-07 1.723494327e-07 2.516813379e-07 3.400273471e-07 5.015181036e-07 7.666406997e-07 6.959921647e-07 9.442212992e-07 1.029699926e-06 1.542715873e-06 1.807791046e-06 1.766144505e-06 1.982860928e-06 1.766589531e-06 2.219591938e-06 1.944160964e-06 2.436563561e-06 2.223310065e-06 2.625640889e-06 2.296518713e-06 1.95291254e-06 2.102360376e-06 1.816169414e-06 1.686817746e-06 1.367965699e-06 1.5982892e-06 1.494228386e-06 1.060035814e-06 9.878366994e-07 6.834721769e-07 4.948841557e-07 5.713282105e-07 3.588891503e-07 2.314471737e-07 2.037510645e-07 7.570452547e-08 5.532558868e-08 3.649093331e-08 1.649865479e-08 2.92354127e-08 4.010678211e-08 5.015629508e-08 7.003200369e-08 8.046540971e-08 1.028810961e-07 1.150367165e-07 1.229332874e-07 1.48784444e-07 1.169158579e-07 1.299322451e-07 1.299954937e-07 1.055774515e-07 9.01827124e-08 8.206876755e-08 4.800391212e-08 4.107723829e-08 3.453519118e-08 2.222521172e-08 1.471236309e-08 1.17136914e-08 6.842381832e-09 2.161416867e-09 2.87588876e-09 3.864018774e-09 8.457551249e-09 1.378990812e-08 1.48829151e-08 1.697711296e-08 1.960593339e-08 2.069322605e-08 2.213683047e-08 2.046799372e-08 1.873018671e-08 2.009771968e-08 1.435285047e-08 1.606825952e-08 1.129291738e-08 4.73074034e-09 5.463518533e-09 4.261977517e-09 2.277954077e-09 1.237327827e-09 
1.457133527e-09 1.978664556e-09 4.119189529e-09 7.424320989e-09 9.889059181e-09 1.11990972e-08 1.463246185e-08 1.708580421e-08 1.492610179e-08 2.026992856e-08 1.993697079e-08 2.182619426e-08 2.30672073e-08 1.715480487e-08 1.626480799e-08 1.572529043e-08 6.743570614e-09 6.618482415e-09 3.383399412e-09 2.336197606e-09 2.125583674e-09 7.855681504e-09 1.377459297e-08 1.866575756e-08 2.614857839e-08 4.574438667e-08 6.389616146e-08 8.34268057e-08 7.393725849e-08 8.074542724e-08 8.68178891e-08 1.184852325e-07 1.063567548e-07 1.282185404e-07 1.294752518e-07 1.017173231e-07 1.081248169e-07 9.414387741e-08 7.069199357e-08 4.492265965e-08 3.79151144e-08 2.755531753e-08 2.490170934e-08 3.840865645e-08 9.390586975e-08 1.405780367e-07 2.48022209e-07 2.493425848e-07 4.522948268e-07 5.335395407e-07 6.633107547e-07 6.089608777e-07 1.02760346e-06 1.371508985e-06 1.463782109e-06 1.860613801e-06 2.152161982e-06 1.931984961e-06 1.768948778e-06 2.471072265e-06 3.245233569e-06 3.069592793e-06 2.848729222e-06 2.549744984e-06 2.591716489e-06 2.867791596e-06 2.793496072e-06 2.89268708e-06 2.206439212e-06 1.914877275e-06 2.378156721e-06 1.757094823e-06 1.688380632e-06 1.386636461e-06 1.118143103e-06 1.121761653e-06 7.660708295e-07 7.553780771e-07 5.289797395e-07 3.415938544e-07 2.342739315e-07 1.509871964e-07 1.3366239e-07 1.139956117e-07 4.359201635e-08 2.365403711e-08 3.31534063e-08 3.582199284e-08 5.932510413e-08 6.612559581e-08 8.754310887e-08 1.022846852e-07 1.160261424e-07 1.142249244e-07 1.179919041e-07 1.361913409e-07 1.334968061e-07 8.774970632e-08 1.09297894e-07 9.584875467e-08 7.2809935e-08 6.126639414e-08 3.738599955e-08 3.086352749e-08 2.130045028e-08 1.26460407e-08 8.147556197e-09 4.80212777e-09 2.539670021e-09 5.480475316e-09 5.945872343e-09 1.146562673e-08 1.47859869e-08 1.539603762e-08 2.094898427e-08 1.901497961e-08 2.172950745e-08 1.97161758e-08 2.24207562e-08 1.576737474e-08 1.582874806e-08 1.281201731e-08 1.091849965e-08 1.114210928e-08 6.727520188e-09 4.056540924e-09 3.182164276e-09 1.532135504e-09 
2.061549753e-09 2.13045191e-09 4.161015143e-09 6.844359264e-09 8.980637395e-09 1.027520789e-08 1.697143114e-08 1.62795698e-08 1.710809777e-08 1.788094087e-08 2.069816686e-08 1.830846974e-08 2.050558871e-08 1.617377393e-08 1.594635611e-08 1.285037978e-08 8.697817806e-09 7.447429095e-09 3.198450469e-09 2.935508165e-09 7.219676588e-09 9.916397892e-09 1.355129869e-08 1.288005635e-08 2.818373901e-08 4.55586867e-08 6.434043017e-08 6.083763459e-08 9.826005168e-08 1.250505933e-07 1.300297559e-07 1.390363982e-07 1.166240218e-07 1.298901463e-07 1.235903614e-07 1.048578649e-07 9.026864639e-08 7.86376133e-08 6.675650234e-08 4.942401416e-08 3.384330603e-08 1.9155817e-08 4.266001176e-08 6.687546157e-08 9.347199689e-08 1.78764922e-07 2.297974759e-07 3.064640482e-07 5.864806548e-07 6.114285613e-07 1.016490032e-06 9.500338866e-07 1.070250973e-06 1.628457417e-06 1.719375244e-06 2.303621906e-06 2.004892338e-06 2.575722432e-06 3.00261201e-06 2.573120629e-06 3.917608438e-06 3.149291339e-06 3.040674243e-06 2.829926395e-06 3.723264417e-06 3.667635597e-06 3.672250066e-06 3.238718628e-06 3.040846975e-06 2.754990105e-06 1.990792798e-06 2.167056122e-06 2.360756559e-06 2.2791295e-06 1.614202471e-06 1.441861785e-06 9.750398023e-07 1.031423316e-06 6.059483735e-07 4.379560601e-07 5.120850129e-07 2.435602068e-07 1.962863861e-07 9.32049642e-08 8.034183805e-08 3.82116601e-08 1.821184363e-08 2.263579411e-08 4.59462578e-08 5.171592254e-08 1.037894344e-07 9.432202185e-08 1.097842951e-07 1.275387823e-07 1.196924918e-07 1.121844917e-07 1.143278183e-07 1.05716549e-07 8.65100024e-08 9.081975432e-08 9.036987076e-08 6.469451484e-08 4.956666485e-08 4.471817021e-08 2.796293245e-08 9.940141443e-09 1.115204466e-08 4.090362907e-09 3.178522529e-09 2.45346203e-09 5.306793676e-09 8.969639737e-09 1.009385468e-08 1.809808244e-08 1.695194866e-08 1.954158547e-08 2.100229713e-08 1.992111337e-08 1.873298916e-08 1.730093677e-08 1.857081062e-08 1.335602224e-08 1.179047219e-08 9.057894059e-09 8.301823555e-09 4.977996792e-09 3.021774705e-09 1.83601152e-09 
1.829464151e-09 3.28470437e-09 5.39416152e-09 7.351708547e-09 7.758346924e-09 1.291624544e-08 1.608999639e-08 1.635008023e-08 2.149507278e-08 2.197019102e-08 1.979595987e-08 1.826250839e-08 1.846008972e-08 1.762707569e-08 1.11238772e-08 9.908621617e-09 8.206023907e-09 5.628041689e-09 2.779676598e-09 3.257741618e-09 5.228691297e-09 1.36575778e-08 1.746416883e-08 2.369187342e-08 2.346562186e-08 6.046554593e-08 6.506155484e-08 9.347198474e-08 9.622923522e-08 1.108884341e-07 1.068554171e-07 1.189663302e-07 1.503246387e-07 1.257155419e-07 9.517877783e-08 9.974773785e-08 9.516779067e-08 5.726872265e-08 3.51971896e-08 2.522319458e-08 1.854820587e-08 2.013732095e-08 5.779751241e-08 1.029454665e-07 1.313945363e-07 3.441184588e-07 2.891096611e-07 6.591946813e-07 6.049514832e-07 1.035375493e-06 1.105680774e-06 1.285049569e-06 1.679317467e-06 2.374338634e-06 3.019118178e-06 2.425574481e-06 3.295708537e-06 3.195455953e-06 3.84809322e-06 3.389253273e-06 4.011943548e-06 4.367463682e-06 3.831008961e-06 4.572676716e-06 4.061184694e-06 4.081677608e-06 4.116349536e-06 4.021083587e-06 3.89919947e-06 3.3645495e-06 2.805544452e-06 3.109485189e-06 2.74636406e-06 2.421917439e-06 2.262492983e-06 2.006630212e-06 1.119221253e-06 1.318902356e-06 9.44522777e-07 7.545832774e-07 5.410019453e-07 4.233571525e-07 2.384573711e-07 1.58155608e-07 9.197163552e-08 3.385951285e-08 3.40695134e-08 2.541823457e-08 3.95380542e-08 5.124122412e-08 7.67270433e-08 9.385502003e-08 1.017648382e-07 1.102535728e-07 1.181467801e-07 1.472777546e-07 1.32181176e-07 1.183101937e-07 1.175128285e-07 1.103624799e-07 7.76447536e-08 7.214827601e-08 5.346229084e-08 3.422897403e-08 3.449896465e-08 2.135615065e-08 9.804641438e-09 5.939838099e-09 2.544493763e-09 1.799475905e-09 5.146157728e-09 6.735383923e-09 1.170594425e-08 1.241709551e-08 1.840214255e-08 2.023958889e-08 2.027947978e-08 2.279875346e-08 2.432283995e-08 2.274567434e-08 1.95870221e-08 1.541935284e-08 1.397736785e-08 8.594272967e-09 7.370108001e-09 6.096392023e-09 2.537063419e-09 2.293270971e-09 
1.542632998e-09 2.899254913e-09 4.663751239e-09 6.990462396e-09 1.113793197e-08 1.538902039e-08 1.473464743e-08 1.666774199e-08 1.656914543e-08 2.462879788e-08 2.399405535e-08 2.442496467e-08 1.694883151e-08 1.553843119e-08 1.482521104e-08 1.033572862e-08 7.343683386e-09 5.124468848e-09 2.123793253e-09 4.59670384e-09 5.019668799e-09 1.556165823e-08 2.973459108e-08 2.575959536e-08 4.94455245e-08 5.39900207e-08 6.872169761e-08 9.044703901e-08 1.016860499e-07 1.326708856e-07 1.19967927e-07 1.182886439e-07 1.488037332e-07 1.163046723e-07 1.157113177e-07 9.026050424e-08 6.233167398e-08 4.627712796e-08 3.942462588e-08 2.291306551e-08 2.13497442e-08 5.800482711e-08 9.016801686e-08 1.784057192e-07 2.988663622e-07 1.939572876e-07 4.430411769e-07 9.49630471e-07 9.403789485e-07 1.064598881e-06 1.527044539e-06 1.903274271e-06 1.960158948e-06 2.566394994e-06 2.645595325e-06 3.461240418e-06 4.063972075e-06 4.560691649e-06 4.254730241e-06 4.076376694e-06 5.258253866e-06 5.590516291e-06 5.405928026e-06 4.216686807e-06 4.993711548e-06 5.294265665e-06 4.834733076e-06 5.26740275e-06 4.649216682e-06 4.129002766e-06 3.126390681e-06 2.94278497e-06 3.703819465e-06 2.868201441e-06 2.559531714e-06 2.157715453e-06 1.695757368e-06 1.275971173e-06 1.214657575e-06 1.046033717e-06 5.728356267e-07 5.411536409e-07 3.781457106e-07 2.397742525e-07 1.647046911e-07 1.007501359e-07 5.977677296e-08 1.754782255e-08 2.958530724e-08 2.338158865e-08 5.758667126e-08 6.281549083e-08 9.090373828e-08 1.094551578e-07 1.155338936e-07 9.803179219e-08 1.141790996e-07 1.144617859e-07 1.155775801e-07 9.603621112e-08 8.93307842e-08 8.489106517e-08 5.035664371e-08 4.311908223e-08 3.49134864e-08 2.381676323e-08 1.255094333e-08 8.57186364e-09 2.131401583e-09 2.417664099e-09 3.382344136e-09 7.85659094e-09 8.848442368e-09 1.414697299e-08 1.570385899e-08 1.868502429e-08 2.388940636e-08 1.852930463e-08 1.982065495e-08 2.065549185e-08 2.262322381e-08 1.436191492e-08 1.53842918e-08 1.265064944e-08 6.375497213e-09 6.148788312e-09 3.390041797e-09 1.895490276e-09 
2.578171413e-09 5.632909292e-09 6.104982638e-09 7.911742083e-09 1.354310133e-08 1.126894319e-08 1.887762315e-08 1.601206464e-08 2.113195122e-08 2.052198482e-08 2.252822232e-08 2.161492394e-08 1.786775039e-08 1.304035353e-08 1.224876534e-08 1.042529739e-08 7.68737178e-09 2.65453932e-09 2.036173759e-09 4.543858938e-09 1.292306979e-08 1.822316832e-08 2.353503144e-08 3.285933418e-08 4.845398033e-08 6.095490438e-08 9.507532201e-08 9.374688618e-08 1.013175606e-07 1.166255737e-07 1.069633781e-07 1.244355335e-07 1.178775289e-07 1.261947615e-07 9.585294204e-08 9.719760454e-08 5.441457762e-08 5.954401387e-08 3.633864374e-08 2.301593649e-08 4.16439908e-08 8.954074062e-08 1.206023985e-07 1.978986006e-07 3.164120553e-07 4.507661309e-07 6.876381022e-07 9.039166675e-07 1.234573084e-06 1.257010959e-06 2.206947039e-06 2.535098944e-06 2.871662212e-06 2.884856725e-06 3.555907299e-06 4.381997807e-06 5.336565263e-06 5.133761862e-06 4.849700828e-06 4.862938403e-06 5.787614752e-06 6.32328066e-06 7.158702126e-06 5.69474807e-06 6.528033994e-06 7.169030944e-06 6.181045982e-06 6.865395907e-06 4.544671694e-06 5.583157396e-06 5.413370121e-06 5.001139896e-06 4.471756829e-06 3.864089859e-06 2.85050332e-06 3.091726553e-06 2.420804208e-06 1.422703864e-06 1.573643586e-06 9.024625181e-07 9.032339231e-07 7.681934467e-07 4.395682955e-07 3.68171357e-07 2.107097164e-07 1.605931587e-07 7.058140838e-08 1.701877443e-08 2.275904167e-08 3.30190752e-08 3.542848375e-08 5.77218474e-08 8.277288404e-08 1.114622306e-07 9.693953195e-08 1.229317795e-07 1.313391833e-07 1.358926255e-07 1.325756977e-07 1.167381268e-07 1.137974484e-07 8.643400455e-08 5.877718189e-08 5.739674422e-08 3.846107201e-08 2.369582565e-08 2.122406184e-08 5.724150137e-09 5.647387465e-09 1.140636805e-09 4.496743997e-09 7.152494528e-09 9.454228934e-09 1.264405055e-08 1.513128551e-08 1.682986994e-08 1.795163109e-08 1.86623395e-08 2.531215336e-08 1.907106907e-08 1.814395017e-08 1.768423453e-08 1.568665964e-08 1.22564236e-08 7.750940151e-09 6.305805819e-09 4.012402846e-09 2.902731857e-09 
2.723515261e-09 3.462719925e-09 7.808953287e-09 9.518553949e-09 1.248989445e-08 1.600353869e-08 1.820039115e-08 1.665802859e-08 1.986534688e-08 1.924957626e-08 2.020229868e-08 1.709582028e-08 1.910388284e-08 1.452464206e-08 1.187238163e-08 8.827549141e-09 5.094444022e-09 3.610557565e-09 2.829210097e-09 6.310849265e-09 1.148500534e-08 1.492092218e-08 2.757469974e-08 4.165377263e-08 5.177729035e-08 7.312699801e-08 8.741973507e-08 1.148258755e-07 1.276723103e-07 1.309952603e-07 1.224429216e-07 1.218275382e-07 1.512106919e-07 9.330077882e-08 9.541586011e-08 7.919601871e-08 6.081830167e-08 3.318928031e-08 2.310498479e-08 2.597444203e-08 1.703146382e-08 1.507794965e-07 2.27890615e-07 3.280154229e-07 4.327835228e-07 6.433246894e-07 1.095168295e-06 1.001215539e-06 1.358562955e-06 2.08196692e-06 1.942586012e-06 2.806744357e-06 3.411794824e-06 3.569936942e-06 4.669354215e-06 4.765328454e-06 5.338616413e-06 6.899801234e-06 6.293967782e-06 6.27680975e-06 7.992640468e-06 6.655995874e-06 6.648351264e-06 7.23053725e-06 7.966226348e-06 7.77230186e-06 7.48675894e-06 7.016541368e-06 6.844950002e-06 5.585877685e-06 6.043907925e-06 5.351253573e-06 3.692852399e-06 4.386160662e-06 4.322651228e-06 4.167582571e-06 2.87059924e-06 1.936667521e-06 1.998957597e-06 1.583410962e-06 8.904485164e-07 8.503138284e-07 7.151731344e-07 3.305326572e-07 2.667791737e-07 2.563561951e-07 7.108262925e-08 3.031231312e-08 2.000106976e-08 2.253285807e-08 4.712156423e-08 5.712604188e-08 8.464426585e-08 8.546854811e-08 1.146544771e-07 1.156058777e-07 1.394526355e-07 1.028658513e-07 1.284745284e-07 9.894342504e-08 9.337512543e-08 8.082262137e-08 7.087994033e-08 6.387735365e-08 4.928495029e-08 3.101382273e-08 1.822960354e-08 1.204830398e-08 5.834179645e-09 1.816637996e-09 4.217080685e-09 6.111366693e-09 8.991580108e-09 1.171254067e-08 1.421286242e-08 1.574691251e-08 2.2316352e-08 2.108649777e-08 2.517647529e-08 2.284498885e-08 1.891132113e-08 1.89932161e-08 1.356219896e-08 1.210420524e-08 1.030698291e-08 6.86904503e-09 4.262779411e-09 2.189523592e-09 
2.105749428e-09 4.279748185e-09 9.39036819e-09 1.104067274e-08 1.425308322e-08 1.489041368e-08 1.736352574e-08 1.62068458e-08 2.111583919e-08 1.956262226e-08 1.47073821e-08 2.021233683e-08 1.597768612e-08 1.635097632e-08 1.087720372e-08 7.681156237e-09 4.07861058e-09 4.59418697e-09 4.049280919e-09 5.758390796e-09 1.42846015e-08 2.578279e-08 3.168340458e-08 4.565035663e-08 5.91069552e-08 6.672101364e-08 7.578683981e-08 1.235471482e-07 1.31621596e-07 1.337366301e-07 1.451819196e-07 1.323302851e-07 1.083428582e-07 1.069287305e-07 7.585069264e-08 7.281553165e-08 4.704883976e-08 2.451623097e-08 2.142054037e-08 3.299724093e-08 6.24380446e-08 1.222830571e-07 2.857052724e-07 3.80563818e-07 5.455367721e-07 7.92423019e-07 9.229326339e-07 1.504660267e-06 1.888392448e-06 2.379035666e-06 2.556878408e-06 2.955305576e-06 3.386339882e-06 3.390480312e-06 5.637712468e-06 6.55092907e-06 5.577781538e-06 6.339946864e-06 7.721172095e-06 6.641862536e-06 8.175631864e-06 8.897887751e-06 8.56321867e-06 9.808775924e-06 9.433202704e-06 9.594925214e-06 7.915519188e-06 9.705253261e-06 6.521285524e-06 6.850232075e-06 6.746799102e-06 6.704187164e-06 4.049137435e-06 5.097829817e-06 4.251467191e-06 3.957627991e-06 2.64634448e-06 2.651443414e-06 2.312161147e-06 1.626963182e-06 9.267188407e-07 1.178704318e-06 7.676251059e-07 5.02454604e-07 2.489362861e-07 2.864583252e-07 1.318683266e-07 8.008999359e-08 3.241553028e-08 2.592451124e-08 2.662500432e-08 4.491541983e-08 6.842581311e-08 9.146703705e-08 1.079117904e-07 1.156259658e-07 1.150642215e-07 1.164489436e-07 1.372898715e-07 1.074888122e-07 1.046342949e-07 8.637081721e-08 7.460470062e-08 5.805586509e-08 5.18088881e-08 2.916313741e-08 2.240199852e-08 1.495257749e-08 4.527071763e-09 3.119946198e-09 3.083885597e-09 4.181678289e-09 7.555452773e-09 1.040185364e-08 1.488648863e-08 2.072352608e-08 2.042160478e-08 1.987072993e-08 2.222296103e-08 2.298409707e-08 1.856119424e-08 1.687840701e-08 1.445857466e-08 1.297054509e-08 8.147449564e-09 8.334479493e-09 5.282171863e-09 3.842515216e-09 
4.272979436e-09 5.207773547e-09 8.540823691e-09 7.617309025e-09 1.308325959e-08 1.771108183e-08 1.630137776e-08 2.026081665e-08 2.016471464e-08 2.364231635e-08 1.923372219e-08 1.909236599e-08 1.346198485e-08 1.402166893e-08 1.128390883e-08 9.166582584e-09 5.483213511e-09 3.630966037e-09 3.853466844e-09 1.011925735e-08 1.473169103e-08 2.64633326e-08 3.75883608e-08 5.181261963e-08 7.907131493e-08 6.960156293e-08 9.856064274e-08 1.061205589e-07 1.287898359e-07 1.192986917e-07 1.350240586e-07 1.261900968e-07 1.177633779e-07 1.021165428e-07 8.188686893e-08 7.296800874e-08 3.649861791e-08 2.285846246e-08 2.213912137e-08 2.082384414e-08 1.192062187e-07 1.930330786e-07 2.402421024e-07 4.676530123e-07 7.107021771e-07 6.273602113e-07 1.006465451e-06 1.484091436e-06 2.167441857e-06 2.904265665e-06 3.518362358e-06 3.84365157e-06 5.424121014e-06 4.918394148e-06 6.156789336e-06 6.140942543e-06 5.892257898e-06 5.406779968e-06 7.715178563e-06 8.592054483e-06 9.957309375e-06 9.019587354e-06 8.159993673e-06 1.038504985e-05 9.76461007e-06 1.118499731e-05 1.047022442e-05 8.869261958e-06 9.585532285e-06 9.177874816e-06 6.709022314e-06 7.487617437e-06 6.833547974e-06 5.514952299e-06 5.327631623e-06 4.487682897e-06 4.037844583e-06 3.159470706e-06 2.621002495e-06 2.423619095e-06 1.689934008e-06 1.043258334e-06 7.345796762e-07 4.850448114e-07 4.21361417e-07 3.796985475e-07 2.527094723e-07 1.026719893e-07 5.019754089e-08 2.814770594e-08 3.426078998e-08 4.347887038e-08 7.787392071e-08 7.463854793e-08 9.941161431e-08 1.117531908e-07 1.275382749e-07 1.141516213e-07 1.223691762e-07 1.224947589e-07 1.02747283e-07 9.385766669e-08 7.370455077e-08 6.005000018e-08 4.772199315e-08 3.319477214e-08 2.41043503e-08 1.325964767e-08 8.576130273e-09 3.358217506e-09 2.200283093e-09 4.068147799e-09 5.039412355e-09 1.039462499e-08 1.564069576e-08 1.587420569e-08 2.019639044e-08 2.114351416e-08 1.975543655e-08 2.060360931e-08 2.336986147e-08 2.270855477e-08 1.218067563e-08 1.386725412e-08 8.017858678e-09 6.072900946e-09 5.533431055e-09 2.976411429e-09 
3.43998513e-09 5.884094167e-09 7.979756457e-09 1.097486725e-08 1.31591766e-08 1.696823273e-08 1.535698693e-08 2.409131763e-08 2.005812924e-08 2.056602531e-08 2.090506202e-08 1.411773248e-08 1.838660359e-08 1.255672921e-08 8.965403847e-09 7.623678295e-09 4.660470042e-09 2.915774467e-09 5.281423627e-09 1.019974373e-08 1.760988273e-08 3.584299323e-08 3.607270153e-08 4.406231641e-08 6.491041603e-08 9.712457999e-08 8.622893757e-08 1.13088542e-07 1.460912417e-07 1.129952035e-07 1.235464259e-07 1.0890172e-07 1.154734785e-07 9.275708078e-08 8.922767026e-08 5.243338993e-08 4.365684186e-08 2.82996436e-08 3.516612977e-08 4.888707185e-08 1.47241224e-07 1.931723399e-07 3.562252512e-07 4.754754816e-07 7.480888585e-07 1.191743103e-06 1.75465896e-06 1.214946086e-06 1.980396466e-06 3.330549408e-06 2.850542187e-06 4.313911765e-06 5.297833646e-06 5.302214365e-06 6.653793558e-06 7.842715921e-06 8.676851482e-06 7.702109185e-06 7.557637532e-06 1.017448595e-05 1.037933883e-05 9.081474393e-06 1.093893065e-05 1.061324175e-05 1.028812987e-05 1.052323489e-05 1.093390783e-05 1.138003398e-05 1.064066697e-05 8.055469616e-06 7.017590944e-06 7.621034874e-06 6.574928717e-06 6.422973307e-06 6.103810028e-06 3.833455329e-06 3.762354747e-06 3.428058655e-06 2.924146978e-06 2.718613918e-06 2.041576004e-06 1.118894613e-06 1.114737457e-06 8.034782162e-07 5.861326979e-07 3.50545975e-07 1.860430792e-07 1.067410963e-07 6.987478985e-08 4.121677866e-08 2.066586874e-08 4.753150313e-08 5.633695326e-08 8.192364373e-08 9.209351014e-08 1.090026908e-07 1.272539871e-07 1.053318111e-07 1.272995157e-07 1.258710814e-07 1.255534271e-07 9.591615181e-08 8.595163171e-08 6.607312419e-08 4.324985299e-08 3.862361857e-08 3.608840691e-08 1.977250631e-08 1.180789872e-08 6.136363911e-09 3.585949696e-09 2.776311266e-09 4.550881999e-09 1.241692592e-08 1.413698189e-08 1.67577086e-08 1.615603605e-08 1.557850774e-08 2.070650261e-08 2.238021889e-08 1.375877935e-08 1.705986833e-08 1.564068771e-08 1.213673142e-08 1.095110397e-08 8.687585124e-09 6.30263764e-09 4.329842793e-09 
4.915389954e-09 4.936312835e-09 9.557234549e-09 1.043096793e-08 1.13209062e-08 1.42892781e-08 1.59109591e-08 2.230185999e-08 2.304043245e-08 1.794212113e-08 1.785898973e-08 1.799783111e-08 1.297601054e-08 1.07279853e-08 1.06457872e-08 5.450047107e-09 3.112324748e-09 3.355483263e-09 7.711501434e-09 1.127794549e-08 1.525262331e-08 2.540000586e-08 3.646993205e-08 5.15827755e-08 6.853918862e-08 9.66070539e-08 9.968403066e-08 9.910484672e-08 1.176165826e-07 1.302542051e-07 1.23679901e-07 1.220445593e-07 1.133569146e-07 8.727931836e-08 5.910638239e-08 5.896410002e-08 2.696056455e-08 2.227937001e-08 4.666234507e-08 7.110462434e-08 1.669054129e-07 3.372891371e-07 4.456341885e-07 6.331031399e-07 9.375151173e-07 1.276799656e-06 2.083882206e-06 2.185714885e-06 2.416631852e-06 3.577153892e-06 3.679847156e-06 3.688080796e-06 5.313243972e-06 5.166646616e-06 7.459047021e-06 5.475556466e-06 9.373889904e-06 9.678202313e-06 9.305936502e-06 1.098534456e-05 1.212000142e-05 1.063833212e-05 1.016647886e-05 1.182822019e-05 1.303861773e-05 1.034535854e-05 1.134264883e-05 1.109312375e-05 1.164017388e-05 1.061005657e-05 1.06969254e-05 6.929782679e-06 8.62706808e-06 7.35785064e-06 5.549630024e-06 5.124079779e-06 3.939464712e-06 4.092554549e-06 2.919697436e-06 3.002600966e-06 1.94615577e-06 1.526247542e-06 1.14930203e-06 9.162143537e-07 8.401424756e-07 5.021008855e-07 2.584805045e-07 1.348840382e-07 7.428367187e-08 4.972196151e-08 2.187208295e-08 4.279982137e-08 5.752955594e-08 6.793576663e-08 7.104261565e-08 1.093700287e-07 1.202701723e-07 1.215984904e-07 1.056704949e-07 1.311110232e-07 9.829759215e-08 1.227789829e-07 8.58860179e-08 6.863814961e-08 4.520044935e-08 4.929934662e-08 2.693954302e-08 1.885888288e-08 1.17849046e-08 4.092517135e-09 2.483597882e-09 3.299120608e-09 6.018684628e-09 1.10987009e-08 9.648087735e-09 1.604503373e-08 1.576485335e-08 2.081828593e-08 2.162113543e-08 2.000688161e-08 2.042796029e-08 1.551271049e-08 1.640953016e-08 1.658136753e-08 1.085641691e-08 8.41717852e-09 6.422377963e-09 4.748211672e-09 
3.458640436e-09 7.061209965e-09 6.666777428e-09 1.230960874e-08 1.481617803e-08 1.929611614e-08 2.056748739e-08 2.174882124e-08 1.92543081e-08 2.071620823e-08 1.630093459e-08 1.734508609e-08 1.646058887e-08 1.090791186e-08 8.470601866e-09 6.579308871e-09 3.542351106e-09 2.957431635e-09 7.617733986e-09 1.166316817e-08 2.263868965e-08 3.755966016e-08 4.317740467e-08 5.435439598e-08 8.051706654e-08 1.019956362e-07 1.145854495e-07 1.320027119e-07 1.164317166e-07 1.331250964e-07 1.287718437e-07 1.080850128e-07 1.02962943e-07 8.556770324e-08 7.03537108e-08 4.249958006e-08 2.286698954e-08 2.409823866e-08 3.50574404e-08 1.278185582e-07 1.554198443e-07 3.546726517e-07 5.026243136e-07 8.116259025e-07 9.741174004e-07 1.196425661e-06 1.735777341e-06 2.320054295e-06 2.778658629e-06 3.281073879e-06 4.730093699e-06 4.816428498e-06 6.349324416e-06 6.444038111e-06 7.206846094e-06 8.739781064e-06 8.47605855e-06 1.113749865e-05 1.033402031e-05 1.116604666e-05 1.253224653e-05 1.161932006e-05 1.463159253e-05 1.350781482e-05 1.24497677e-05 1.354486046e-05 1.388201728e-05 1.228432355e-05 1.164865599e-05 1.076853526e-05 1.022207631e-05 1.021918908e-05 8.889160335e-06 9.042287406e-06 6.814983578e-06 6.00848629e-06 4.735361482e-06 3.975433756e-06 3.767652874e-06 2.540064615e-06 2.630334334e-06 2.292754571e-06 1.375218075e-06 9.775959995e-07 6.92844965e-07 4.947020136e-07 3.643966161e-07 1.916704091e-07 1.077918913e-07 4.979245857e-08 2.957334811e-08 2.518971532e-08 5.324980809e-08 7.619207654e-08 9.109107562e-08 1.035983655e-07 1.113945911e-07 1.320565483e-07 1.276965104e-07 1.384708373e-07 1.281229148e-07 1.06218292e-07 7.871222819e-08 6.209592343e-08 5.696571318e-08 4.696452229e-08 3.215996382e-08 2.328902032e-08 1.230738498e-08 6.338595632e-09 1.347780896e-09 3.283373565e-09 5.693737155e-09 8.786694127e-09 1.254550901e-08 1.655333467e-08 1.934485803e-08 2.020903885e-08 1.965102555e-08 2.371113371e-08 2.082251903e-08 1.991219485e-08 1.329745573e-08 1.508229201e-08 1.522195151e-08 8.611845127e-09 6.614200464e-09 3.450365232e-09 
5.432205176e-09 6.06790926e-09 9.672010041e-09 1.291995051e-08 1.350893241e-08 1.533270137e-08 2.056688485e-08 1.903856495e-08 2.415360795e-08 2.142014755e-08 2.099370197e-08 1.990844431e-08 1.618123977e-08 1.117386895e-08 8.512400243e-09 5.752382093e-09 3.253618547e-09 3.709803518e-09 6.371743655e-09 1.272196785e-08 1.830816923e-08 3.924712529e-08 5.231023366e-08 6.863702306e-08 6.507443083e-08 9.888584091e-08 1.100122093e-07 1.374430824e-07 1.215718833e-07 1.196723232e-07 1.208335471e-07 1.003100721e-07 1.009750822e-07 8.283579905e-08 6.726583911e-08 3.455455173e-08 1.761661889e-08 3.037286503e-08 6.17445074e-08 1.725460245e-07 2.316546365e-07 4.56442889e-07 5.147812855e-07 8.540611413e-07 1.442562835e-06 1.298937648e-06 2.088574183e-06 2.902693689e-06 3.451716635e-06 3.299543836e-06 5.14742682e-06 6.94841762e-06 6.619913703e-06 6.562156941e-06 9.007317511e-06 9.500833691e-06 1.020726834e-05 1.057931303e-05 1.288653736e-05 1.244361901e-05 1.19723583e-05 1.32871292e-05 1.491408907e-05 1.452219899e-05 1.384258618e-05 1.542687731e-05 1.365946118e-05 1.471097636e-05 1.125042949e-05 1.3364606e-05 1.144521145e-05 1.10364463e-05 1.062248566e-05 8.698765051e-06 8.224717876e-06 6.522993506e-06 4.298739913e-06 4.782433359e-06 4.617134478e-06 3.377570059e-06 2.454556347e-06 2.361624187e-06 1.492110605e-06 1.141353777e-06 6.322617108e-07 6.200376686e-07 4.593640211e-07 2.182562744e-07 1.485949134e-07 6.710400111e-08 3.54618713e-08 2.025754924e-08 3.762448322e-08 5.500470737e-08 6.697328164e-08 1.066655913e-07 1.216396384e-07 1.225759361e-07 1.010701303e-07 1.059285136e-07 1.271496441e-07 1.115447195e-07 9.417537772e-08 8.283886076e-08 6.388957619e-08 5.562071569e-08 3.245772142e-08 2.033763561e-08 1.425098251e-08 7.461533094e-09 2.843351068e-09 2.409939924e-09 5.779119677e-09 6.667670302e-09 1.051522173e-08 1.121613076e-08 1.637943097e-08 1.843085096e-08 1.782916388e-08 2.256472777e-08 2.201202558e-08 2.019383268e-08 1.684115924e-08 1.656171602e-08 1.283995062e-08 8.266932371e-09 6.340045385e-09 4.223590988e-09 
5.447299468e-09 6.961605206e-09 1.153290154e-08 1.280308801e-08 1.665052499e-08 1.643838893e-08 1.819134964e-08 2.027357322e-08 2.182064032e-08 2.258777102e-08 1.90386911e-08 1.672116887e-08 1.469583873e-08 1.129610014e-08 7.595720759e-09 3.718213069e-09 1.13205578e-09 2.693456141e-09 8.592731535e-09 1.329362232e-08 2.248894069e-08 3.178788713e-08 4.497536297e-08 6.870939582e-08 9.104485697e-08 1.056366584e-07 1.037371555e-07 1.131874454e-07 1.241233703e-07 9.937746208e-08 1.413761348e-07 9.962410556e-08 9.432703821e-08 8.119261325e-08 5.701980453e-08 3.924472593e-08 1.664129778e-08 4.715265734e-08 7.249988224e-08 1.461968461e-07 1.535859994e-07 4.361290294e-07 5.8063963e-07 1.043710564e-06 1.52323747e-06 1.924978295e-06 2.262559924e-06 3.006441383e-06 4.116754007e-06 3.974172165e-06 5.873833377e-06 6.245380342e-06 6.738786955e-06 9.104518377e-06 1.077349194e-05 9.791266706e-06 1.241973913e-05 1.292877065e-05 1.235483323e-05 1.357838866e-05 1.370520962e-05 1.545361733e-05 1.595903305e-05 1.56235576e-05 1.539668259e-05 1.947503095e-05 1.484410104e-05 1.549482083e-05 1.313021054e-05 1.332862574e-05 1.096755079e-05 1.018350655e-05 1.102427603e-05 9.683451525e-06 9.141382754e-06 7.409760054e-06 7.398097713e-06 5.492844325e-06 4.366594186e-06 4.086669978e-06 2.923562965e-06 1.922347493e-06 1.062177254e-06 1.21578858e-06 1.096717284e-06 6.447791545e-07 4.62303965e-07 2.527339846e-07 1.583493295e-07 6.425111285e-08 5.638470527e-08 1.318860702e-08 3.217662903e-08 6.089712124e-08 7.642222314e-08 1.084521102e-07 1.18339205e-07 1.113904461e-07 1.160523219e-07 1.206777237e-07 1.296656309e-07 9.778162865e-08 8.741293977e-08 8.113431163e-08 6.420091042e-08 4.385277314e-08 3.158406652e-08 2.23884494e-08 1.988468341e-08 1.008618473e-08 2.360176599e-09 1.945482202e-09 3.863572241e-09 7.994615798e-09 1.145813356e-08 1.483838301e-08 1.785161507e-08 2.143726559e-08 1.981311757e-08 2.095015666e-08 2.297733161e-08 2.121418158e-08 1.771422832e-08 1.416252586e-08 1.386647575e-08 9.805853785e-09 7.302408679e-09 3.39972503e-09 
4.860273396e-09 6.393993557e-09 8.987768603e-09 1.374934945e-08 1.524597541e-08 1.985344993e-08 1.887093538e-08 2.105888823e-08 2.154905656e-08 2.128134596e-08 2.117167646e-08 1.729063466e-08 1.268932404e-08 8.971732033e-09 7.270225618e-09 3.997106949e-09 2.19130638e-09 2.603922475e-09 8.991386074e-09 1.489678782e-08 2.157387024e-08 3.665069906e-08 5.355064647e-08 5.76428847e-08 8.810029755e-08 7.884924326e-08 1.062152789e-07 1.066525843e-07 1.244704962e-07 1.271734525e-07 9.865221224e-08 1.070891143e-07 1.023578053e-07 7.699633725e-08 5.637539846e-08 2.584308891e-08 2.044327311e-08 3.45398849e-08 9.187273655e-08 1.270545067e-07 3.650649044e-07 4.218455652e-07 7.659726967e-07 1.123187903e-06 1.250204943e-06 1.963029797e-06 2.335972273e-06 3.172869862e-06 3.68319743e-06 4.303990955e-06 4.784195748e-06 6.917752337e-06 7.665637032e-06 9.69050564e-06 8.804265606e-06 9.822421422e-06 1.042806505e-05 1.322690966e-05 1.146537196e-05 1.471207258e-05 1.508244112e-05 1.499771775e-05 1.496737811e-05 1.141941582e-05 1.110285165e-05 1.441641772e-05 1.560295683e-05 1.528393946e-05 1.484875861e-05 1.195700539e-05 1.152371587e-05 1.170052281e-05 1.020552776e-05 8.410824447e-06 7.035229411e-06 8.421350933e-06 5.568245027e-06 5.037655499e-06 4.478700736e-06 3.821886538e-06 3.411238623e-06 2.275315257e-06 2.020388828e-06 1.386751066e-06 1.018289398e-06 6.87212229e-07 4.792205697e-07 2.87615444e-07 1.588097286e-07 1.005367981e-07 3.876089111e-08 2.430847154e-08 4.122325301e-08 5.865749078e-08 6.429288164e-08 8.727911021e-08 1.154199457e-07 1.348223722e-07 1.363095395e-07 1.212653751e-07 1.223554821e-07 1.089332354e-07 8.450828757e-08 8.38721174e-08 6.842877401e-08 4.591899042e-08 4.603578782e-08 2.33861281e-08 1.680345512e-08 9.179593821e-09 2.953883318e-09 2.165209281e-09 5.200251917e-09 8.189443456e-09 9.072563954e-09 1.58898715e-08 1.587340861e-08 1.803943668e-08 2.403695006e-08 2.390540247e-08 2.099276247e-08 1.969899208e-08 1.560315756e-08 1.576043066e-08 1.177773859e-08 1.033395479e-08 6.204175413e-09 4.325109787e-09 
5.046293236e-09 5.85243905e-09 9.831852078e-09 1.324461177e-08 1.600301138e-08 1.940366234e-08 2.205433778e-08 1.891292648e-08 2.422151951e-08 1.4558881e-08 1.629286203e-08 1.706177903e-08 1.168470241e-08 8.031252649e-09 7.559111914e-09 3.326340306e-09 2.743110001e-09 5.039256351e-09 9.373797774e-09 1.893271157e-08 2.844088895e-08 4.02066326e-08 5.359763251e-08 7.819450222e-08 7.988241246e-08 9.533352216e-08 1.018956499e-07 1.413120099e-07 1.358640406e-07 1.252009421e-07 1.202343347e-07 1.050742856e-07 9.32836237e-08 6.965391344e-08 4.703754331e-08 2.49080742e-08 1.886418265e-08 6.386578672e-08 1.113532817e-07 1.82448523e-07 3.531127691e-07 4.918502817e-07 8.513381613e-07 9.170006627e-07 1.636749665e-06 2.16481532e-06 2.969539773e-06 3.075118632e-06 3.712772504e-06 5.344268986e-06 5.372585576e-06 5.442501902e-06 7.5521379e-06 8.101689751e-06 1.140796524e-05 9.565209696e-06 1.228191351e-05 1.407064444e-05 1.387436658e-05 1.372341882e-05 1.364707839e-05 1.022560844e-05 0 0 0 0 1.025414864e-05 1.283115997e-05 1.497192627e-05 1.134233665e-05 1.447846232e-05 1.389930035e-05 1.112099857e-05 1.107008887e-05 9.700688205e-06 7.96023589e-06 7.772368588e-06 6.264642448e-06 5.878205804e-06 3.852882196e-06 3.538089598e-06 2.544336551e-06 1.790091251e-06 1.608937965e-06 8.519761515e-07 8.723164605e-07 5.262171737e-07 2.807898808e-07 1.647295797e-07 9.561882529e-08 6.092593987e-08 1.727876243e-08 3.234942795e-08 3.779770195e-08 7.596332185e-08 1.137671802e-07 9.813465285e-08 1.315246632e-07 1.227799929e-07 1.242708058e-07 1.20568042e-07 1.264177915e-07 8.994105899e-08 6.67648263e-08 6.219148022e-08 6.424651173e-08 4.067259246e-08 2.650854114e-08 1.798205258e-08 6.224670723e-09 3.443837596e-09 2.821204808e-09 4.021392104e-09 7.24935561e-09 1.027502432e-08 1.330035661e-08 1.696841811e-08 1.825893644e-08 2.029335437e-08 2.374296542e-08 2.182982916e-08 1.462243984e-08 1.74895096e-08 1.485210246e-08 1.025679237e-08 8.421883822e-09 7.45057592e-09 4.096730909e-09 
4.739862903e-09 8.441804487e-09 1.110934202e-08 1.142230438e-08 1.481580833e-08 1.793480469e-08 1.819077339e-08 2.116653116e-08 2.505800283e-08 1.654498135e-08 1.839832726e-08 1.759867202e-08 1.505222675e-08 1.192628506e-08 6.480754431e-09 4.544116383e-09 2.47464333e-09 6.472569586e-09 1.185196931e-08 1.125447211e-08 2.470850459e-08 3.934244085e-08 5.162811047e-08 7.135549815e-08 9.072825027e-08 9.556600266e-08 8.799058598e-08 1.263330227e-07 1.426659081e-07 1.16004233e-07 1.15072717e-07 1.044310745e-07 9.171859074e-08 6.297038504e-08 4.783361942e-08 2.996808804e-08 2.077410003e-08 7.805341219e-08 1.007720283e-07 1.905611586e-07 5.028820875e-07 5.571411457e-07 8.073417745e-07 1.132234379e-06 1.634337774e-06 2.655884922e-06 2.957366407e-06 4.001755172e-06 4.597799276e-06 4.924670286e-06 5.554348556e-06 8.471739226e-06 7.651459847e-06 8.512504808e-06 9.932247272e-06 1.04155763e-05 1.261427573e-05 1.455086563e-05 1.397535259e-05 1.393553813e-05 7.30672216e-06 0 0 0 0 0 0 1.023942386e-05 1.142615855e-05 1.420822275e-05 1.358389735e-05 1.11154825e-05 1.133687029e-05 1.042621536e-05 9.284287308e-06 8.146921201e-06 6.553229436e-06 6.992999697e-06 4.883450038e-06 3.803297181e-06 3.638750525e-06 2.851861886e-06 2.106695327e-06 1.633753213e-06 1.089465264e-06 6.236208253e-07 6.057608871e-07 2.977200955e-07 3.012669855e-07 1.526978012e-07 6.680882444e-08 2.342423102e-08 3.549667382e-08 5.269510234e-08 7.045138953e-08 8.115978782e-08 1.122874603e-07 9.619345451e-08 1.301959043e-07 1.233383213e-07 1.095696339e-07 1.185329427e-07 1.025572089e-07 8.445421771e-08 6.200197428e-08 4.135903299e-08 3.663053837e-08 2.837068409e-08 2.069715924e-08 4.427689969e-09 2.750259879e-09 1.839961762e-09 4.811123874e-09 8.816547952e-09 7.543177129e-09 1.61729982e-08 1.805956436e-08 1.662405925e-08 2.121563678e-08 2.159767701e-08 2.427479659e-08 1.776983429e-08 1.857516261e-08 1.449153547e-08 1.348705898e-08 9.073216296e-09 7.897683043e-09 3.973711505e-09 
4.379690899e-09 7.87822577e-09 1.058043303e-08 1.612712355e-08 1.630781934e-08 1.950986245e-08 1.858927074e-08 2.230584912e-08 2.283488505e-08 2.479526216e-08 2.044907362e-08 1.411690855e-08 1.393611741e-08 9.279384517e-09 8.186708399e-09 4.093038344e-09 1.900130012e-09 3.818678948e-09 1.227037382e-08 1.786804407e-08 3.427045855e-08 3.2304789e-08 6.01519773e-08 6.098141099e-08 7.101884688e-08 8.297768374e-08 1.206314316e-07 1.26571894e-07 1.19286861e-07 1.33504656e-07 9.633210524e-08 9.29286071e-08 7.237880789e-08 5.818995121e-08 4.786633975e-08 2.571603368e-08 3.872373555e-08 5.074213835e-08 9.279896125e-08 2.460750908e-07 2.563453204e-07 4.796735351e-07 8.628967496e-07 1.184504988e-06 1.896239012e-06 2.537734574e-06 2.844480011e-06 4.10253152e-06 4.643434601e-06 5.067344535e-06 5.708733523e-06 9.370846669e-06 9.067353431e-06 1.059036893e-05 1.169914726e-05 1.254772882e-05 1.276187278e-05 1.230081741e-05 1.585508277e-05 1.438564142e-05 0 0 0 0 0 0 0 0 1.448477785e-05 1.559359335e-05 1.292589081e-05 1.291129867e-05 1.299257911e-05 1.052335019e-05 1.121834971e-05 8.558098108e-06 7.118874249e-06 6.426262895e-06 5.603249809e-06 4.383192141e-06 3.372767812e-06 3.566268733e-06 1.773445965e-06 1.788643286e-06 1.425129189e-06 9.071440248e-07 5.32509796e-07 4.449363352e-07 1.975157828e-07 1.342934486e-07 6.225715744e-08 1.275614614e-08 2.499713484e-08 4.976804337e-08 5.382672174e-08 8.861861473e-08 1.107159376e-07 1.074698959e-07 1.174107093e-07 1.286552379e-07 1.125709152e-07 1.068728677e-07 1.073716919e-07 8.460472937e-08 6.955939725e-08 6.154129293e-08 3.700958259e-08 1.606897906e-08 1.792619657e-08 4.731031946e-09 3.317029958e-09 3.10301947e-09 2.790758801e-09 6.389634035e-09 1.241456021e-08 1.185985786e-08 1.608437532e-08 1.721654389e-08 1.744299897e-08 2.131068077e-08 2.270622882e-08 1.585323362e-08 1.826488497e-08 1.482859365e-08 1.38724229e-08 9.998978985e-09 7.766413983e-09 6.09138024e-09 
4.291734828e-09 8.117594312e-09 8.784467119e-09 1.421334112e-08 1.556834848e-08 1.458609721e-08 2.010651726e-08 2.09058189e-08 2.20986136e-08 2.023940522e-08 1.958132435e-08 1.461405376e-08 1.425126663e-08 1.110152166e-08 8.368405234e-09 4.630841827e-09 2.70322477e-09 3.446396839e-09 8.557720147e-09 2.252659768e-08 2.860097445e-08 4.295747177e-08 5.403346742e-08 5.285052331e-08 8.019837917e-08 1.036107327e-07 1.311444313e-07 1.047863115e-07 1.264220252e-07 1.10940096e-07 1.266367746e-07 1.127670662e-07 8.902506377e-08 7.008201433e-08 3.367522962e-08 1.663224398e-08 2.539037146e-08 4.55770193e-08 1.295881229e-07 1.707369016e-07 4.521742969e-07 6.370192119e-07 9.219573334e-07 1.117720951e-06 1.755692585e-06 2.139733715e-06 2.610787945e-06 3.66069822e-06 4.162960115e-06 6.190664264e-06 5.808974972e-06 7.945608287e-06 7.539775387e-06 9.442572766e-06 1.055401765e-05 1.426393577e-05 1.192856682e-05 1.408560214e-05 1.660202826e-05 7.705692377e-06 0 0 0 0 0 0 0 0 1.429466099e-05 1.535190757e-05 1.292483354e-05 9.213687939e-06 1.298135708e-05 1.073998731e-05 1.095949254e-05 8.323720968e-06 6.815044868e-06 6.389152014e-06 3.535969574e-06 4.65310305e-06 3.161262989e-06 3.126795643e-06 2.295267822e-06 1.840041702e-06 1.248015077e-06 8.568388911e-07 5.705007527e-07 5.089187727e-07 1.636299256e-07 9.850212789e-08 7.370001866e-08 2.363590731e-08 2.510916607e-08 3.757566172e-08 7.149436676e-08 9.281756169e-08 1.008598955e-07 1.200066383e-07 1.317497459e-07 1.330220491e-07 1.370181932e-07 1.189676236e-07 9.728621378e-08 8.80434527e-08 5.60041533e-08 4.65433113e-08 3.628323094e-08 2.98953575e-08 1.24197251e-08 1.206548476e-08 3.401238334e-09 3.351741881e-09 3.873441254e-09 4.16455282e-09 9.390860316e-09 1.378052018e-08 1.660792099e-08 2.042915591e-08 2.315762539e-08 2.239964702e-08 2.077014149e-08 1.971855438e-08 1.709749429e-08 1.408655634e-08 1.175940279e-08 1.121617687e-08 6.656983271e-09 5.015848874e-09 
5.672597191e-09 6.93507776e-09 1.076826631e-08 1.248594944e-08 1.42639391e-08 1.856411261e-08 1.987794607e-08 2.29575578e-08 2.036902361e-08 1.97790929e-08 1.824504304e-08 1.737628971e-08 1.528047675e-08 1.033825584e-08 7.57504973e-09 4.791496895e-09 1.31737119e-09 3.585322005e-09 8.5590319e-09 1.606763763e-08 2.00337705e-08 4.302780047e-08 5.389917157e-08 7.644183004e-08 8.077915839e-08 9.744424366e-08 1.367378991e-07 1.32796175e-07 1.298785693e-07 1.271143047e-07 1.123697593e-07 9.697134174e-08 8.472427792e-08 6.656188866e-08 4.830429748e-08 3.394032071e-08 3.96479578e-08 4.8328061e-08 1.208280052e-07 2.492257723e-07 4.099936946e-07 5.185780951e-07 9.431332462e-07 1.184921147e-06 1.721482869e-06 2.172625882e-06 2.867545235e-06 3.126049709e-06 3.514750853e-06 5.631006155e-06 5.643738577e-06 7.955246778e-06 6.120093274e-06 9.29373678e-06 1.064360254e-05 1.684170625e-05 1.319289859e-05 1.371580905e-05 1.625260677e-05 1.328827272e-05 0 0 0 0 0 0 0 0 1.325629871e-05 1.427642051e-05 1.597532269e-05 1.277361253e-05 9.866572898e-06 1.110612944e-05 1.036602645e-05 8.469413462e-06 8.212444619e-06 7.093984567e-06 5.392593648e-06 3.654978459e-06 3.330855558e-06 3.034145916e-06 2.218068933e-06 1.89054549e-06 1.337777321e-06 7.016165458e-07 5.566721255e-07 4.273611968e-07 2.108573918e-07 1.319708658e-07 4.7276432e-08 2.2731295e-08 1.971320176e-08 3.547456784e-08 7.101640031e-08 8.715795077e-08 1.078830591e-07 1.003094172e-07 1.269292436e-07 1.331175016e-07 1.433293576e-07 1.090634935e-07 9.641332011e-08 8.729079633e-08 7.093733511e-08 5.127112778e-08 4.01597747e-08 3.468586938e-08 1.888890751e-08 8.036154689e-09 5.353641007e-09 2.36390167e-09 4.716864494e-09 6.864082994e-09 8.560629845e-09 1.089949723e-08 1.780708553e-08 2.248414434e-08 2.098152143e-08 2.465534722e-08 2.00174895e-08 2.086948428e-08 1.888184953e-08 1.507620894e-08 1.171286968e-08 1.082321139e-08 6.34498969e-09 6.203685182e-09 
4.357040704e-09 7.337443947e-09 1.055354549e-08 1.369409847e-08 1.710569301e-08 1.705896848e-08 1.815530421e-08 2.219383326e-08 2.386368399e-08 1.927889169e-08 2.135293982e-08 1.298254752e-08 1.364637588e-08 1.048190343e-08 7.465766923e-09 2.501846201e-09 2.320696928e-09 5.90250364e-09 1.212602097e-08 1.960759168e-08 1.844988541e-08 4.175116889e-08 6.742319904e-08 6.95299453e-08 8.626405729e-08 1.106852846e-07 1.165899533e-07 8.672615968e-08 1.337217435e-07 1.296365786e-07 1.254076849e-07 1.000661182e-07 7.061142398e-08 7.461491699e-08 4.34727389e-08 3.098789117e-08 1.437075677e-08 5.061007786e-08 1.794758564e-07 1.630450636e-07 3.508792664e-07 5.182995564e-07 7.635155936e-07 1.448311248e-06 1.513496359e-06 2.029134368e-06 2.411329993e-06 3.820823855e-06 3.77886526e-06 5.021630345e-06 7.065626585e-06 7.995145382e-06 8.314298221e-06 9.713078974e-06 8.966671395e-06 1.301406711e-05 1.529728495e-05 1.461861648e-05 1.536531036e-05 1.437155507e-05 0 0 0 0 0 0 0 0 1.390043087e-05 1.486866323e-05 1.528549073e-05 1.270850713e-05 1.046593154e-05 1.051698809e-05 9.242867974e-06 7.135067568e-06 7.871566748e-06 5.911453953e-06 5.49605235e-06 4.478291682e-06 3.412836053e-06 2.683657155e-06 2.318285304e-06 1.257179335e-06 1.018941939e-06 7.545736421e-07 6.356774149e-07 3.546112624e-07 1.943804173e-07 1.328319626e-07 4.021652635e-08 1.946604894e-08 4.015246027e-08 3.865066094e-08 6.867139161e-08 9.348319311e-08 1.206844296e-07 1.047508433e-07 1.268775245e-07 1.298514293e-07 1.293906131e-07 1.063101696e-07 9.03731773e-08 7.45004198e-08 6.471199383e-08 5.500761801e-08 3.923386588e-08 2.479809404e-08 1.996844879e-08 6.047199661e-09 4.255653779e-09 1.973660817e-09 3.619064961e-09 8.025284102e-09 7.933008296e-09 1.278487929e-08 1.44759623e-08 1.464263644e-08 1.949137619e-08 1.847285599e-08 1.999511489e-08 2.190177854e-08 1.97136593e-08 1.776424958e-08 1.325893882e-08 8.78235364e-09 9.042503008e-09 4.164222281e-09 
4.710516793e-09 6.647543513e-09 1.035766123e-08 1.178768496e-08 1.553077303e-08 1.718638073e-08 1.683922873e-08 2.532099981e-08 2.229305905e-08 1.708734266e-08 2.226755499e-08 1.508492165e-08 1.217180592e-08 1.0455399e-08 6.145825235e-09 3.791392309e-09 2.097475147e-09 6.473576437e-09 1.050114375e-08 1.786882324e-08 3.295969796e-08 3.215096248e-08 4.887420827e-08 6.806843978e-08 8.461200541e-08 1.092886024e-07 1.213155384e-07 1.308305982e-07 1.187446167e-07 1.228422618e-07 9.614692765e-08 1.060334482e-07 8.332354281e-08 5.757121087e-08 3.651310516e-08 3.184281107e-08 1.58669308e-08 6.543529488e-08 1.01265978e-07 1.98770463e-07 4.52237536e-07 4.664974794e-07 7.151801366e-07 1.272197916e-06 1.539966496e-06 2.053473916e-06 2.587612475e-06 3.345147939e-06 4.18340486e-06 4.597990215e-06 6.530653901e-06 7.736136318e-06 8.581381898e-06 8.945389874e-06 9.840050081e-06 1.198992176e-05 1.179667071e-05 1.374061213e-05 1.407555729e-05 1.382191629e-05 1.024957136e-05 0 0 0 0 0 0 1.013783844e-05 1.515283298e-05 1.527855766e-05 1.365569178e-05 1.166123499e-05 1.134777523e-05 1.19829448e-05 9.671419172e-06 8.073959864e-06 6.972319877e-06 5.669674932e-06 6.033103881e-06 4.817656774e-06 3.814895665e-06 3.043628292e-06 2.127536929e-06 1.651299645e-06 1.071276347e-06 6.741240604e-07 6.985297519e-07 3.502625586e-07 2.187849035e-07 1.118475289e-07 7.395632183e-08 2.301661932e-08 2.500516811e-08 4.66209548e-08 6.42466956e-08 8.317665482e-08 1.046365905e-07 1.170946084e-07 1.20683795e-07 9.647199483e-08 1.140382168e-07 1.126616848e-07 9.457775572e-08 9.148166056e-08 6.593905752e-08 4.61350351e-08 3.390300586e-08 2.949808577e-08 1.679446905e-08 1.035018792e-08 5.700743071e-09 2.698389377e-09 4.35596656e-09 6.293522475e-09 8.623529385e-09 1.433374853e-08 1.822457652e-08 2.002155296e-08 1.736148867e-08 2.455027101e-08 2.244488672e-08 1.993919964e-08 1.689204958e-08 1.242187582e-08 1.27221406e-08 1.051375945e-08 8.375125171e-09 5.325051151e-09 
4.442123222e-09 6.266134799e-09 1.043468981e-08 1.002969447e-08 1.505652926e-08 1.607088058e-08 2.03885949e-08 2.25747803e-08 2.396560087e-08 2.157796907e-08 1.653592554e-08 1.595780781e-08 1.427444966e-08 1.209815587e-08 8.53798058e-09 3.741321962e-09 2.847712597e-09 3.312168908e-09 9.435893774e-09 1.709507806e-08 2.435420501e-08 3.62642703e-08 4.392560619e-08 6.25444267e-08 9.797324368e-08 9.510947453e-08 1.130326996e-07 1.053372636e-07 1.283279054e-07 1.18171417e-07 1.183005248e-07 1.142248906e-07 1.032780774e-07 6.474439765e-08 3.180150051e-08 3.151740922e-08 2.429067077e-08 5.761765426e-08 1.266516387e-07 1.480578975e-07 3.044136856e-07 6.28543619e-07 1.040632436e-06 1.004852171e-06 1.810539812e-06 2.114210146e-06 2.973081884e-06 3.844806403e-06 3.054591423e-06 5.188377126e-06 5.651574418e-06 6.172488933e-06 9.488829753e-06 8.54083523e-06 1.032115743e-05 1.125516616e-05 9.759651027e-06 1.344548418e-05 1.378543096e-05 1.333169332e-05 1.481300444e-05 5.874009026e-06 0 0 0 0 1.137344591e-05 1.503640849e-05 1.472100357e-05 1.350719007e-05 1.465352246e-05 1.134360616e-05 9.806195847e-06 9.200571536e-06 8.158307302e-06 8.19380823e-06 7.190206879e-06 6.369390264e-06 5.094455401e-06 3.891953956e-06 3.7893486e-06 2.471767303e-06 2.473151436e-06 1.77713863e-06 1.198827913e-06 7.387603464e-07 4.434004229e-07 3.09169965e-07 1.689033658e-07 7.516963062e-08 3.33165264e-08 1.592030599e-08 2.954027482e-08 4.413800836e-08 7.157263396e-08 9.316804215e-08 1.167806901e-07 1.158791983e-07 1.266818742e-07 1.279346423e-07 1.2450615e-07 1.228521926e-07 9.068276873e-08 7.740742663e-08 6.142766422e-08 5.136255448e-08 3.416945281e-08 2.290062073e-08 9.017434034e-09 6.788190308e-09 4.515174685e-09 3.63573386e-09 4.368125893e-09 8.134736218e-09 1.140256375e-08 1.268866576e-08 1.336486284e-08 2.060104227e-08 2.380181319e-08 2.026890001e-08 1.921008138e-08 2.058924647e-08 1.975590845e-08 1.620125903e-08 1.27884611e-08 1.210552724e-08 8.393596343e-09 5.14303299e-09 
6.004462644e-09 7.506859876e-09 9.563858275e-09 1.247960427e-08 1.522790706e-08 1.40995607e-08 2.183974798e-08 2.146021362e-08 1.920113082e-08 2.0406746e-08 2.289962733e-08 1.521107471e-08 1.381743725e-08 1.097130008e-08 6.995170882e-09 5.156664758e-09 2.759712658e-09 3.879192157e-09 7.899667814e-09 1.554015775e-08 2.294733662e-08 4.145945967e-08 4.907893862e-08 7.075059629e-08 7.873486932e-08 9.932381859e-08 9.956763654e-08 1.13819358e-07 1.253929367e-07 1.336747704e-07 1.234168687e-07 1.165564343e-07 1.071822376e-07 6.315234256e-08 4.488894056e-08 2.825091082e-08 2.714210858e-08 6.0635536e-08 6.826001062e-08 1.682958434e-07 3.316763745e-07 3.770147833e-07 8.486919609e-07 1.132831363e-06 1.263223042e-06 1.908715689e-06 1.984595548e-06 3.090112823e-06 3.491930381e-06 4.881735695e-06 5.404041837e-06 5.61405139e-06 7.228806472e-06 9.379112114e-06 1.039478497e-05 8.9141769e-06 1.237098973e-05 1.271761342e-05 1.101569108e-05 1.418465906e-05 1.389120904e-05 1.446178623e-05 1.385403026e-05 1.215231228e-05 1.384547604e-05 1.496007021e-05 1.783594699e-05 1.538987915e-05 1.361207111e-05 1.316964555e-05 9.983798014e-06 1.246398297e-05 1.118723608e-05 1.042030144e-05 9.533528388e-06 7.558438925e-06 6.931467356e-06 4.454937302e-06 5.108972337e-06 3.467240864e-06 2.833051874e-06 3.172863737e-06 1.782205321e-06 1.422414314e-06 9.620170515e-07 8.042832187e-07 5.790230138e-07 2.842087412e-07 2.323490719e-07 9.317941876e-08 4.007722121e-08 2.027542963e-08 3.084479894e-08 5.024175517e-08 7.18035421e-08 9.854765884e-08 1.049782244e-07 1.390694158e-07 1.108613866e-07 1.314927118e-07 1.221483756e-07 9.945591055e-08 9.272827482e-08 7.879321235e-08 6.051888896e-08 5.553715631e-08 3.041822879e-08 1.474662242e-08 1.334596703e-08 1.313889804e-08 3.234655617e-09 2.738601031e-09 2.969899548e-09 5.09780574e-09 1.134794803e-08 1.406007981e-08 1.666633229e-08 2.075548771e-08 1.718581017e-08 2.461150826e-08 2.293033796e-08 1.975745582e-08 2.083989184e-08 1.419379578e-08 1.388149204e-08 9.900357437e-09 5.65464359e-09 3.590336551e-09 
4.125644154e-09 6.260878474e-09 9.880206783e-09 1.26592879e-08 1.681336046e-08 1.704658795e-08 1.811280698e-08 2.090670239e-08 1.998391377e-08 1.99180876e-08 1.985827891e-08 1.705420403e-08 1.529750892e-08 1.320308711e-08 6.611769209e-09 5.24474719e-09 1.785449383e-09 3.139408421e-09 8.547583848e-09 1.042401571e-08 2.173252623e-08 3.896337835e-08 4.53500804e-08 4.40718475e-08 7.650143406e-08 9.448786508e-08 1.147351504e-07 1.31785222e-07 1.349858936e-07 1.119887954e-07 1.418529605e-07 1.252680592e-07 8.665181342e-08 7.571514918e-08 5.03024414e-08 3.634495173e-08 2.474778597e-08 2.73421776e-08 6.602177389e-08 1.987037163e-07 2.48855445e-07 4.262981082e-07 6.051696364e-07 9.323033246e-07 1.502224948e-06 1.872801156e-06 2.754241864e-06 2.477001655e-06 3.536061367e-06 4.712141056e-06 4.465292107e-06 7.083336212e-06 6.467449091e-06 6.235775871e-06 6.053751194e-06 1.045127052e-05 1.14644244e-05 1.147459965e-05 1.299512069e-05 1.425323304e-05 1.096868105e-05 1.42641446e-05 1.693044211e-05 1.467081455e-05 1.614029813e-05 2.010201839e-05 1.465827769e-05 1.503450656e-05 1.142323033e-05 1.334706077e-05 1.192448128e-05 1.124188396e-05 8.388951418e-06 8.285896266e-06 9.142908252e-06 7.673917427e-06 7.404587423e-06 5.206215104e-06 4.383107293e-06 2.551350058e-06 2.564035009e-06 2.337163806e-06 1.733956521e-06 1.355076971e-06 9.12148043e-07 6.825276972e-07 4.57721028e-07 2.656607269e-07 1.612488664e-07 6.048208812e-08 1.949137119e-08 1.187547506e-08 2.446149172e-08 3.58057216e-08 8.945374492e-08 9.586737217e-08 1.092465346e-07 1.204835304e-07 1.193546751e-07 1.218577913e-07 1.252119113e-07 1.000060268e-07 9.890390657e-08 8.431744934e-08 6.504741857e-08 5.472757632e-08 2.752471124e-08 1.94998223e-08 1.331443109e-08 9.649041306e-09 2.678009769e-09 1.994386227e-09 3.3097507e-09 8.566166301e-09 1.304145414e-08 1.410732156e-08 1.81931664e-08 1.969663479e-08 1.964513606e-08 1.94159825e-08 1.970667594e-08 1.859031255e-08 1.853530962e-08 1.551294128e-08 1.245829111e-08 8.974033836e-09 7.290782021e-09 4.577194129e-09 
4.607381601e-09 7.014848788e-09 1.034353158e-08 1.46442371e-08 1.60861805e-08 1.539217744e-08 1.969941829e-08 2.482756925e-08 2.180840824e-08 1.598152217e-08 1.878175735e-08 1.644440384e-08 1.470686188e-08 1.167660738e-08 6.930267304e-09 4.683030249e-09 3.499853335e-09 1.95938753e-09 7.145432435e-09 1.363650123e-08 2.406616993e-08 2.992135704e-08 4.894791041e-08 5.993519128e-08 8.676687332e-08 9.019618007e-08 9.824041793e-08 1.060718557e-07 1.405232682e-07 1.301024696e-07 1.105239648e-07 1.074523707e-07 9.633305719e-08 8.842012281e-08 6.031775893e-08 4.170525605e-08 1.481453203e-08 3.39445425e-08 5.519972426e-08 1.45471058e-07 2.594947461e-07 2.834679773e-07 5.374153742e-07 8.457732762e-07 1.194359529e-06 1.458676405e-06 2.195950481e-06 2.440101966e-06 3.837981612e-06 4.165087513e-06 4.773153483e-06 5.626477435e-06 6.646491755e-06 7.114230643e-06 8.539029336e-06 8.24190541e-06 9.760715849e-06 9.863268637e-06 1.238525925e-05 1.200685805e-05 1.250993502e-05 1.575575001e-05 1.338841039e-05 1.451018177e-05 1.385872807e-05 1.304156042e-05 1.285614996e-05 1.131236308e-05 1.362590836e-05 1.208299213e-05 1.282627837e-05 9.879794461e-06 9.652679309e-06 9.940894485e-06 6.244447435e-06 7.56232806e-06 5.216355488e-06 4.472053631e-06 4.321276166e-06 3.431321873e-06 2.803526899e-06 2.078672623e-06 1.730857844e-06 1.030332111e-06 8.268573857e-07 6.380472333e-07 4.103351676e-07 2.097267673e-07 1.193540904e-07 6.706319634e-08 2.976494725e-08 2.654847793e-08 3.142257219e-08 7.338548539e-08 6.185232625e-08 1.010525801e-07 1.124013946e-07 1.124587375e-07 1.288190956e-07 1.361248493e-07 1.029341546e-07 1.256169521e-07 9.129342974e-08 6.844948687e-08 5.199185563e-08 4.76300072e-08 2.811430252e-08 2.57653137e-08 8.50991706e-09 5.863674029e-09 2.539428214e-09 3.782400552e-09 4.266868923e-09 7.885533051e-09 1.065395277e-08 1.367725152e-08 1.832444511e-08 1.95021682e-08 1.829251788e-08 2.311506877e-08 1.975255081e-08 1.843368723e-08 1.660483226e-08 1.562606925e-08 1.051634779e-08 1.217329408e-08 4.556403382e-09 4.68207278e-09 
4.647044229e-09 5.997039503e-09 9.106886431e-09 1.380916525e-08 1.517575985e-08 1.717848426e-08 2.07937258e-08 1.847516309e-08 2.166692684e-08 1.703099944e-08 1.983848391e-08 1.83336403e-08 1.47573624e-08 1.066500379e-08 1.008280263e-08 6.629620447e-09 3.817965735e-09 2.422990083e-09 5.528070669e-09 1.604459398e-08 2.539758847e-08 3.226658697e-08 3.800996922e-08 6.408467977e-08 6.507455112e-08 8.164695968e-08 9.690424837e-08 1.122511847e-07 1.231615255e-07 9.913245043e-08 1.278847045e-07 1.235239789e-07 9.792823053e-08 7.055062658e-08 6.019686989e-08 3.855658154e-08 2.875769548e-08 2.151718441e-08 7.328381095e-08 9.148076789e-08 2.283742987e-07 3.822556172e-07 4.144919522e-07 6.519820914e-07 1.154435184e-06 1.495830953e-06 1.985836346e-06 2.474750429e-06 3.459913392e-06 4.359579122e-06 4.539791941e-06 4.632610596e-06 6.052662216e-06 6.7251007e-06 7.488725549e-06 9.469919142e-06 1.038761659e-05 9.658787259e-06 1.19930293e-05 1.211035045e-05 1.257550317e-05 1.293617013e-05 1.248066364e-05 1.341212298e-05 1.357375944e-05 1.459150839e-05 1.311499909e-05 1.347578738e-05 1.15392438e-05 9.3705933e-06 1.014632927e-05 9.665719308e-06 9.59636311e-06 8.494819365e-06 8.058090365e-06 7.117389406e-06 4.243268104e-06 4.116643754e-06 4.206431385e-06 2.654690168e-06 2.534485143e-06 2.131334762e-06 1.532411892e-06 1.176437841e-06 7.07752869e-07 4.948308096e-07 3.898645232e-07 1.354928115e-07 1.259190168e-07 5.937074057e-08 3.792722517e-08 2.508420884e-08 2.958916337e-08 7.171087795e-08 7.597947758e-08 1.056629424e-07 1.303151484e-07 1.249569225e-07 1.1157806e-07 1.308925745e-07 1.059585994e-07 1.009504962e-07 8.527457905e-08 6.649208827e-08 4.272382872e-08 4.117677483e-08 3.459573244e-08 1.390043619e-08 1.163053133e-08 5.523429687e-09 3.199713979e-09 3.565909008e-09 4.89023807e-09 9.099111111e-09 1.075267408e-08 1.716812565e-08 1.610461851e-08 2.149061582e-08 1.897940256e-08 2.144914951e-08 2.362162381e-08 1.881516151e-08 1.568318304e-08 1.269569265e-08 1.220275747e-08 7.988004389e-09 3.676349266e-09 4.833727859e-09 
3.824279524e-09 5.476234564e-09 8.875336253e-09 1.254961871e-08 1.40495949e-08 1.953085858e-08 1.949844745e-08 1.892482489e-08 2.301525479e-08 2.183932479e-08 1.830168274e-08 1.585789663e-08 1.4038906e-08 1.306390578e-08 8.02140501e-09 5.228798277e-09 2.272828995e-09 3.079041574e-09 6.979374686e-09 1.124497193e-08 2.224517803e-08 3.29156673e-08 4.338309425e-08 6.272656499e-08 7.21485896e-08 8.478878931e-08 9.957646498e-08 1.08751946e-07 1.314338363e-07 1.102021034e-07 1.351407325e-07 9.407958382e-08 1.30327095e-07 6.953717813e-08 6.95341698e-08 4.643661532e-08 2.989246404e-08 1.730294182e-08 3.442930842e-08 1.328391595e-07 1.389317862e-07 2.914053161e-07 5.019436162e-07 7.137200229e-07 8.634364825e-07 1.168335952e-06 1.647286017e-06 2.10390905e-06 2.344282713e-06 3.4244289e-06 4.055434296e-06 4.891511057e-06 5.259258607e-06 7.898049732e-06 7.194891956e-06 7.629356206e-06 8.674935478e-06 8.968354583e-06 9.900972268e-06 1.100861508e-05 1.211668956e-05 1.123075912e-05 1.075812552e-05 1.182303237e-05 1.038674202e-05 1.124760761e-05 1.165754174e-05 1.246421839e-05 9.572798233e-06 9.624834987e-06 8.489493637e-06 8.605897863e-06 7.295178141e-06 6.699414121e-06 5.48131384e-06 5.140425726e-06 5.362163061e-06 3.793641241e-06 3.891563818e-06 2.13058321e-06 1.970284304e-06 1.878017923e-06 1.141334361e-06 8.381512517e-07 7.06427013e-07 3.873473083e-07 3.483274317e-07 1.887149091e-07 6.791159016e-08 6.51841607e-08 3.672195433e-08 2.983400207e-08 5.577242564e-08 6.53706314e-08 7.777733801e-08 1.000204636e-07 1.273995976e-07 1.324441221e-07 1.297844272e-07 1.133093623e-07 1.238767292e-07 1.134809726e-07 7.257182369e-08 7.181602752e-08 5.509384012e-08 4.050370983e-08 3.094614312e-08 1.929046578e-08 1.714972206e-08 4.067789059e-09 3.541452334e-09 2.934185179e-09 4.273456687e-09 9.011728189e-09 1.200084565e-08 1.497388671e-08 1.700161318e-08 1.881029988e-08 1.912613957e-08 1.986659423e-08 1.981233581e-08 1.86084649e-08 1.743312507e-08 1.442514568e-08 9.737408268e-09 8.397213267e-09 6.652265336e-09 4.336434924e-09 
2.801924725e-09 6.72992113e-09 9.77986753e-09 1.044429508e-08 1.19915424e-08 1.726516971e-08 2.149460894e-08 2.012421933e-08 2.110313553e-08 2.145670895e-08 1.887258607e-08 2.148688959e-08 1.542423312e-08 1.771276875e-08 8.669531583e-09 7.103684899e-09 3.757327195e-09 3.125865585e-09 3.864644146e-09 8.996847168e-09 1.746741423e-08 2.532337433e-08 4.376013534e-08 4.596577391e-08 8.92799169e-08 7.574392316e-08 9.425753145e-08 1.210655894e-07 1.230309395e-07 1.109053386e-07 1.284477173e-07 1.327281682e-07 1.179815151e-07 9.101761951e-08 7.515619535e-08 6.791569549e-08 3.088244985e-08 2.543198233e-08 2.978442539e-08 7.047208257e-08 1.641429925e-07 2.705612913e-07 4.973830839e-07 7.183826419e-07 7.864974292e-07 8.824595903e-07 1.146729611e-06 1.899829014e-06 2.496203466e-06 2.791260298e-06 3.328183359e-06 4.461401269e-06 4.397442266e-06 5.887610797e-06 7.449490043e-06 6.62849638e-06 8.626338031e-06 1.01277781e-05 1.016159019e-05 1.107828786e-05 9.506546098e-06 1.053997736e-05 1.140836277e-05 1.092786152e-05 9.69129031e-06 1.151496531e-05 1.027216599e-05 9.591655262e-06 9.537104256e-06 8.20566917e-06 8.206668356e-06 8.236310265e-06 6.949692252e-06 5.803735811e-06 5.997997961e-06 4.687531964e-06 3.914491097e-06 3.627709947e-06 2.92460418e-06 2.355436497e-06 1.943615339e-06 1.652741457e-06 1.057293883e-06 8.334075226e-07 6.249753109e-07 4.344222592e-07 2.686585976e-07 1.079080265e-07 5.905241129e-08 3.555204003e-08 1.812379535e-08 3.447503444e-08 5.076399884e-08 7.018210963e-08 1.013366509e-07 1.086618229e-07 1.203344218e-07 1.468909409e-07 1.473479428e-07 1.36487199e-07 1.253963917e-07 9.285308413e-08 8.235239216e-08 6.553541843e-08 6.010827994e-08 2.923282395e-08 3.171969805e-08 1.396918461e-08 1.074748563e-08 4.649867156e-09 1.721375462e-09 4.448320067e-09 6.738560962e-09 1.060853824e-08 1.396733373e-08 1.447750811e-08 1.983137374e-08 1.921532048e-08 2.123898039e-08 2.061527331e-08 1.95858816e-08 2.215532005e-08 1.883059433e-08 1.119611893e-08 1.291495672e-08 1.016682668e-08 5.719356438e-09 4.436265017e-09 
3.925242204e-09 5.114990141e-09 9.138187099e-09 1.09936145e-08 1.338288873e-08 1.8759209e-08 1.979521208e-08 2.145828871e-08 2.13032357e-08 2.244392618e-08 1.588716644e-08 1.826534413e-08 1.835571797e-08 1.393189022e-08 9.704545962e-09 7.365092118e-09 4.337169491e-09 3.27017778e-09 4.505510414e-09 6.752953528e-09 1.941017424e-08 2.628884329e-08 3.480574394e-08 5.358197482e-08 5.161756613e-08 8.431149456e-08 8.485249879e-08 1.092059824e-07 1.248007567e-07 1.336513484e-07 1.149154515e-07 1.389074785e-07 1.23677217e-07 1.049785319e-07 9.321262069e-08 5.793068798e-08 4.279890345e-08 2.896489418e-08 2.981229145e-08 7.25825311e-08 6.837284709e-08 2.543572217e-07 2.778440799e-07 3.972253028e-07 7.363390357e-07 9.218020807e-07 1.148025622e-06 1.68157419e-06 2.183877087e-06 2.768226704e-06 3.015386786e-06 3.336634451e-06 4.253667413e-06 4.654184747e-06 5.201802372e-06 5.617161432e-06 6.988671986e-06 7.77275346e-06 8.374004406e-06 7.425567639e-06 9.870710067e-06 9.952732796e-06 1.116678381e-05 9.187648949e-06 9.70577257e-06 8.9137452e-06 1.062702339e-05 8.670415309e-06 7.619807348e-06 8.393136546e-06 7.078256429e-06 8.154824774e-06 6.384530876e-06 6.003655803e-06 4.710902282e-06 3.890476071e-06 4.080020702e-06 2.792022522e-06 2.592742002e-06 2.165392073e-06 1.611896365e-06 1.222260631e-06 9.386007351e-07 7.058706414e-07 4.236208837e-07 2.802099811e-07 1.564812929e-07 1.144173659e-07 2.866880971e-08 3.297237538e-08 3.706525615e-08 4.84316386e-08 5.368194634e-08 9.912513984e-08 1.041259565e-07 1.229056377e-07 1.176202443e-07 1.31029225e-07 1.254158495e-07 1.068360784e-07 1.036329044e-07 6.636241436e-08 7.242884401e-08 5.463364881e-08 3.886847298e-08 3.724301574e-08 2.304471233e-08 1.491194452e-08 6.782985375e-09 3.869706973e-09 2.94380285e-09 6.040842243e-09 7.095401497e-09 8.342805738e-09 1.525646531e-08 1.676887069e-08 1.943948969e-08 2.201273248e-08 2.078235569e-08 2.23300736e-08 2.262623576e-08 1.482543092e-08 1.858207495e-08 1.255282514e-08 1.115618391e-08 9.186714658e-09 4.394435456e-09 2.787839139e-09 
2.852570139e-09 6.080433315e-09 7.471162195e-09 9.150854355e-09 1.493579155e-08 1.611162805e-08 1.802751773e-08 1.886121003e-08 2.095109283e-08 2.072136276e-08 1.987580535e-08 1.646147275e-08 1.880004742e-08 1.385940581e-08 1.187272097e-08 8.202579531e-09 3.111799378e-09 2.516331336e-09 3.745307816e-09 8.096809861e-09 1.836094604e-08 2.42211401e-08 3.33283285e-08 4.748620385e-08 6.807399037e-08 7.354874325e-08 9.751131246e-08 1.047317285e-07 1.052580652e-07 1.157687696e-07 1.282143499e-07 1.313291225e-07 1.03022481e-07 1.023316823e-07 9.375529379e-08 6.419638098e-08 6.337140772e-08 2.469725461e-08 3.205841635e-08 4.235651399e-08 9.027564741e-08 1.162875359e-07 1.81977709e-07 3.795280769e-07 6.28926801e-07 4.964458502e-07 1.033052201e-06 1.686047478e-06 1.466731367e-06 2.727804525e-06 2.73911157e-06 3.470369178e-06 3.883720359e-06 3.943933864e-06 4.907425179e-06 5.571149709e-06 5.300467022e-06 7.424827639e-06 8.054372441e-06 6.958615537e-06 6.765394389e-06 9.41942393e-06 7.964287178e-06 8.112543986e-06 7.707894805e-06 7.716623792e-06 7.575778022e-06 7.590798355e-06 6.830123385e-06 6.22992738e-06 7.538089215e-06 6.720957399e-06 6.020774876e-06 5.644368846e-06 4.204223817e-06 4.513200264e-06 3.450309036e-06 2.191940541e-06 2.53557515e-06 1.611459815e-06 1.098590662e-06 9.172294265e-07 8.469032581e-07 5.819659718e-07 3.547242242e-07 1.701284841e-07 2.095437937e-07 8.667820154e-08 3.904403677e-08 3.329987072e-08 4.464573254e-08 4.559447952e-08 6.535973954e-08 8.616413719e-08 1.13452201e-07 1.075030305e-07 1.174514343e-07 1.494514275e-07 9.989748496e-08 1.102104786e-07 9.687506913e-08 9.405835549e-08 7.608984011e-08 6.677207553e-08 4.247080981e-08 2.645495013e-08 1.337046501e-08 1.25640714e-08 6.234967083e-09 1.562216713e-09 2.784243894e-09 5.146469882e-09 8.538121358e-09 1.125666586e-08 1.313826081e-08 1.51022672e-08 1.934291216e-08 2.157164456e-08 2.025354171e-08 2.101050182e-08 2.287546164e-08 1.941658093e-08 1.805913465e-08 1.247295797e-08 1.234238999e-08 7.875736988e-09 4.630003001e-09 3.235535488e-09 
2.451038725e-09 4.465093255e-09 7.567413885e-09 1.059472869e-08 1.376479078e-08 1.615974043e-08 1.966577331e-08 1.99916496e-08 2.20175189e-08 2.767265427e-08 2.00298474e-08 1.840365478e-08 1.439689637e-08 1.43685207e-08 1.29484661e-08 7.859069804e-09 5.1466443e-09 3.647621064e-09 3.236641461e-09 5.254826404e-09 1.217901901e-08 2.287419196e-08 3.135393925e-08 4.192605492e-08 5.243622467e-08 7.677317417e-08 8.444819841e-08 1.206111577e-07 1.115564269e-07 1.302390986e-07 1.358141049e-07 1.308471983e-07 1.162134875e-07 1.111730304e-07 8.871147248e-08 8.870476424e-08 5.640934886e-08 3.869553762e-08 2.932905986e-08 3.868602454e-08 5.371349359e-08 9.983844564e-08 1.916681527e-07 2.695601801e-07 4.792173622e-07 5.61853213e-07 9.469002971e-07 1.050959869e-06 1.294501945e-06 1.90080695e-06 2.25857691e-06 2.968231838e-06 3.997240049e-06 3.38657589e-06 3.967637532e-06 4.873643396e-06 6.219261013e-06 6.055864117e-06 5.408352747e-06 7.777444088e-06 6.840696938e-06 6.847614844e-06 8.28124778e-06 6.118782408e-06 8.53015901e-06 8.647355765e-06 7.020722003e-06 6.762261276e-06 5.368271891e-06 6.751813772e-06 5.735226244e-06 4.85852072e-06 4.378278803e-06 4.007389296e-06 3.028450271e-06 3.398318992e-06 3.011728592e-06 2.05081055e-06 1.837578018e-06 1.642368771e-06 1.216638094e-06 6.151182984e-07 5.966534301e-07 2.784835879e-07 2.708424521e-07 1.791053051e-07 9.879808852e-08 2.06498325e-08 1.976702501e-08 3.126451431e-08 3.133206292e-08 4.166252629e-08 7.393919189e-08 9.334722715e-08 1.166889881e-07 1.145629888e-07 1.447045888e-07 1.015664241e-07 1.209884554e-07 1.21265196e-07 1.105536128e-07 7.93270345e-08 8.234734337e-08 4.614828751e-08 4.086147299e-08 3.372086667e-08 2.00028814e-08 9.545762062e-09 7.36437656e-09 2.194613041e-09 1.934464626e-09 5.03114225e-09 8.415891179e-09 1.11268799e-08 1.408207354e-08 1.890333243e-08 2.276261473e-08 2.307232472e-08 2.005730466e-08 1.99962982e-08 1.758384379e-08 1.828977682e-08 1.301018242e-08 1.08674383e-08 9.841830489e-09 6.384831999e-09 4.363694193e-09 2.874066108e-09 
1.481543868e-09 4.502297782e-09 5.483556594e-09 9.480594505e-09 1.254600122e-08 1.000870425e-08 1.874549155e-08 1.78600084e-08 1.909738827e-08 2.14723851e-08 1.974360183e-08 2.063943995e-08 2.23537396e-08 1.460895026e-08 1.209100321e-08 1.01911195e-08 6.105825043e-09 3.62071362e-09 2.337893786e-09 4.192433268e-09 1.073763996e-08 1.765084392e-08 1.570621127e-08 3.726169704e-08 5.893941133e-08 7.330866499e-08 8.553667886e-08 9.00555308e-08 1.15706451e-07 1.203968593e-07 1.215095847e-07 1.402973491e-07 1.320531976e-07 1.121968616e-07 9.552001603e-08 8.423912124e-08 6.297694397e-08 5.471232555e-08 3.290920935e-08 2.123878596e-08 2.571259148e-08 7.241565843e-08 1.288483613e-07 2.988804636e-07 2.720644152e-07 4.440419316e-07 8.265816893e-07 9.591342463e-07 9.108447502e-07 1.22105348e-06 1.908189748e-06 2.349082731e-06 2.198007652e-06 3.451665823e-06 3.835910514e-06 4.002862379e-06 5.00601927e-06 5.107797582e-06 4.269523152e-06 5.60012761e-06 5.793069321e-06 5.990763069e-06 5.782766921e-06 6.689684799e-06 6.071222295e-06 6.276967564e-06 6.654110403e-06 5.858459584e-06 4.879291651e-06 4.728398716e-06 5.064230955e-06 3.955899543e-06 4.236499822e-06 3.471171329e-06 2.816312409e-06 2.758807953e-06 2.442589608e-06 1.308225971e-06 1.522462581e-06 1.300748085e-06 8.976688439e-07 7.142452066e-07 5.575595403e-07 3.226200549e-07 3.215844613e-07 1.866773552e-07 3.853689032e-08 3.083816472e-08 2.775365165e-08 3.424061831e-08 5.117263377e-08 7.408307052e-08 7.81718807e-08 1.232087146e-07 1.096048213e-07 1.21767483e-07 1.311126257e-07 1.298137752e-07 1.151765086e-07 1.183649962e-07 9.562168703e-08 7.919591404e-08 7.296773584e-08 4.635966183e-08 4.145928406e-08 2.637557666e-08 1.390058299e-08 7.475241244e-09 4.692990199e-09 2.603819062e-09 4.171639314e-09 6.382720341e-09 9.085147405e-09 1.095598221e-08 1.884015344e-08 1.843117548e-08 2.015515629e-08 2.317408383e-08 1.951579452e-08 2.084719819e-08 1.850159458e-08 1.898825467e-08 1.219951772e-08 1.084617662e-08 9.067968441e-09 5.26956864e-09 4.898484519e-09 2.615821055e-09 
1.962025199e-09 3.582757963e-09 5.228518454e-09 9.956430332e-09 1.201171963e-08 1.299744466e-08 1.385779145e-08 2.061902897e-08 2.032951655e-08 1.872705157e-08 1.920117861e-08 2.079114534e-08 1.837269479e-08 1.59704072e-08 1.008471812e-08 9.103940537e-09 6.721130626e-09 4.417919622e-09 3.110509735e-09 3.853497374e-09 6.581507669e-09 1.318947296e-08 2.485286469e-08 3.970082461e-08 4.424911451e-08 4.728936567e-08 5.990557003e-08 1.075098378e-07 1.177011215e-07 9.964996275e-08 1.354690228e-07 1.251924094e-07 1.160076505e-07 1.323738659e-07 1.077921021e-07 8.890091611e-08 7.582910368e-08 6.390875313e-08 4.257229505e-08 2.365751225e-08 3.360704422e-08 3.828493098e-08 7.993198646e-08 1.30538326e-07 2.85440643e-07 4.367091533e-07 4.22364765e-07 4.615612197e-07 8.848658773e-07 1.430093805e-06 1.713597588e-06 2.291994221e-06 2.608993442e-06 2.12469109e-06 2.657704554e-06 3.206878731e-06 4.171973372e-06 4.103231735e-06 4.108972123e-06 5.347746641e-06 4.844607585e-06 4.796909952e-06 4.71468582e-06 5.093916037e-06 5.247654374e-06 3.979227217e-06 5.651424393e-06 5.009500803e-06 4.401568345e-06 4.412924262e-06 3.859297228e-06 3.849762564e-06 3.536982142e-06 2.901271402e-06 1.949501232e-06 2.121875289e-06 1.747662899e-06 1.603030746e-06 1.104537926e-06 8.587459547e-07 7.814869374e-07 4.410421852e-07 2.518250737e-07 2.746814219e-07 1.455080097e-07 8.568905379e-08 5.602545538e-08 2.42024602e-08 3.279376618e-08 3.719129551e-08 5.460147003e-08 8.914882291e-08 9.736482359e-08 1.078531588e-07 1.253564916e-07 1.295728266e-07 1.228497774e-07 1.172112555e-07 1.215846747e-07 9.67055797e-08 9.604505526e-08 8.655102406e-08 6.570440508e-08 4.917722224e-08 3.821633839e-08 2.408162141e-08 1.774257347e-08 9.921337992e-09 5.331682791e-09 2.517062653e-09 5.521334327e-09 6.386432808e-09 9.338963817e-09 1.465576031e-08 1.624713891e-08 1.945901926e-08 1.95097711e-08 2.187012308e-08 2.065151786e-08 2.115060296e-08 2.034091533e-08 1.603733186e-08 1.398889577e-08 1.237641733e-08 6.537707094e-09 4.99012524e-09 3.425698737e-09 2.373369356e-09 
1.590197535e-09 3.616210519e-09 5.625357547e-09 8.133812288e-09 9.265735697e-09 1.119097005e-08 1.223689834e-08 1.674429762e-08 2.053196677e-08 2.533179001e-08 1.752451318e-08 2.420439516e-08 2.047568863e-08 1.766574357e-08 1.642486593e-08 1.061388624e-08 6.215209275e-09 4.100272873e-09 1.90673563e-09 3.480733878e-09 8.030357149e-09 1.086769881e-08 1.719863445e-08 2.825829614e-08 4.912790063e-08 5.192293338e-08 6.857034522e-08 8.782981046e-08 1.031321794e-07 8.236806744e-08 1.261782559e-07 1.16549368e-07 1.279370426e-07 1.028263147e-07 9.928230852e-08 8.448069789e-08 6.58470254e-08 6.018667931e-08 4.724023446e-08 3.742250037e-08 2.347844648e-08 3.208660355e-08 5.528600306e-08 1.168981838e-07 1.675366149e-07 2.986217443e-07 3.651320655e-07 6.453231884e-07 7.581979757e-07 1.005468258e-06 1.185374516e-06 1.70320856e-06 1.558712281e-06 2.320124409e-06 2.525388392e-06 2.542289709e-06 2.751932633e-06 3.786651164e-06 3.018510169e-06 3.803239432e-06 4.627837839e-06 5.051611515e-06 3.89631134e-06 3.984913736e-06 5.185458332e-06 4.558186522e-06 4.424911266e-06 4.039235635e-06 3.400574742e-06 3.292998872e-06 3.364425356e-06 3.480897187e-06 2.77507654e-06 2.233018343e-06 1.675373065e-06 1.728816452e-06 1.07889211e-06 9.768949277e-07 9.604249622e-07 6.610595208e-07 5.384745881e-07 3.336858983e-07 3.31279853e-07 2.147752712e-07 6.152525267e-08 7.230613591e-08 4.174868675e-08 2.354760302e-08 2.417978274e-08 5.524062513e-08 7.245492806e-08 7.873564361e-08 7.644858743e-08 1.198791976e-07 1.374396809e-07 1.269968963e-07 1.244757485e-07 9.706806607e-08 1.03697678e-07 1.070750116e-07 9.401315109e-08 7.230069677e-08 6.111820591e-08 4.088716275e-08 2.903833498e-08 2.089103461e-08 1.169963021e-08 7.120578739e-09 2.893395358e-09 3.614429755e-09 4.955983827e-09 1.122631768e-08 1.235442126e-08 1.834576072e-08 1.581088089e-08 1.705516189e-08 2.204271468e-08 1.995737077e-08 2.323006758e-08 1.830359423e-08 1.537715011e-08 1.737420024e-08 1.442593472e-08 9.759550863e-09 8.403962383e-09 5.829279993e-09 3.921363786e-09 1.707424074e-09 
1.754620852e-09 2.868873618e-09 4.178980336e-09 7.321596899e-09 7.954681711e-09 1.086613302e-08 1.490960146e-08 1.715749291e-08 1.937977805e-08 2.283030657e-08 2.160792303e-08 2.249843013e-08 2.032654056e-08 1.52099688e-08 1.178778596e-08 1.42746996e-08 8.711471383e-09 7.051405833e-09 4.071202065e-09 2.909593304e-09 4.435879928e-09 8.18432628e-09 1.503432745e-08 2.725801426e-08 4.101817315e-08 4.669337669e-08 5.994322975e-08 8.081420208e-08 9.407306038e-08 1.260819418e-07 1.503075069e-07 1.385650488e-07 1.363053863e-07 1.357012393e-07 1.079463991e-07 9.836065896e-08 1.096615286e-07 7.68034354e-08 6.605323693e-08 5.212435834e-08 3.190508455e-08 2.361068335e-08 3.28601224e-08 9.928579876e-08 1.323625795e-07 1.954955218e-07 3.029819889e-07 4.581670166e-07 5.08638919e-07 7.778735537e-07 9.219774728e-07 1.028093695e-06 1.094576693e-06 1.843242981e-06 1.912596178e-06 2.568458983e-06 1.996575186e-06 2.63405762e-06 2.451487815e-06 2.630016503e-06 3.579402501e-06 3.37666594e-06 3.135686369e-06 3.93841583e-06 4.205379324e-06 3.125090211e-06 3.729563545e-06 3.67473239e-06 2.915209458e-06 3.248125093e-06 2.183441266e-06 2.543296479e-06 2.111377083e-06 1.913630082e-06 1.887551216e-06 1.375626571e-06 1.186858736e-06 9.731549605e-07 6.860071296e-07 5.914721246e-07 3.7858361e-07 2.481605908e-07 2.355814213e-07 1.09085052e-07 6.187047113e-08 4.244394354e-08 1.603548872e-08 2.756504161e-08 5.533606011e-08 6.213239803e-08 7.709827188e-08 9.905637561e-08 9.568552311e-08 1.075597452e-07 1.125947236e-07 1.349326084e-07 1.208508326e-07 1.280877507e-07 9.738596604e-08 9.656400953e-08 7.475213568e-08 7.540771597e-08 4.59842958e-08 3.525863693e-08 2.537066133e-08 1.926005038e-08 1.094471263e-08 4.841984995e-09 2.629445341e-09 3.861188944e-09 6.622647652e-09 1.02131538e-08 1.233643038e-08 1.667344512e-08 1.631384484e-08 2.107607523e-08 2.109868612e-08 2.195560025e-08 2.130318464e-08 1.73169215e-08 1.564182778e-08 1.402736196e-08 1.058431233e-08 7.396171064e-09 8.502010236e-09 4.397557074e-09 2.566036092e-09 1.379026486e-09 
1.482305424e-09 2.409484845e-09 5.585346213e-09 6.675824227e-09 8.052043149e-09 1.249291968e-08 1.349291382e-08 1.851340584e-08 1.666908865e-08 1.708256374e-08 2.002279866e-08 2.333101969e-08 2.015819446e-08 1.686296922e-08 1.563667624e-08 1.144488619e-08 9.513268917e-09 6.091321798e-09 4.48238629e-09 2.381033652e-09 2.141901223e-09 7.317191479e-09 1.20130104e-08 1.536801333e-08 2.586422761e-08 4.342472386e-08 4.991439551e-08 7.076196183e-08 9.398208375e-08 9.246945636e-08 9.263446764e-08 9.61762211e-08 1.136414945e-07 1.473854034e-07 1.359065863e-07 1.184167559e-07 1.17462731e-07 9.103414667e-08 7.157639367e-08 6.189991772e-08 3.753223614e-08 2.767757537e-08 2.142382126e-08 2.835423945e-08 9.118965798e-08 1.00679341e-07 1.893450963e-07 2.949300013e-07 3.139179354e-07 4.823102068e-07 8.129707418e-07 8.527808872e-07 8.110392787e-07 1.293622965e-06 1.464627882e-06 2.105767288e-06 2.035994051e-06 2.007841662e-06 2.678140725e-06 2.519957919e-06 2.698342603e-06 2.788251794e-06 2.876953982e-06 3.593007157e-06 2.377492819e-06 3.049674159e-06 2.955395605e-06 2.639994237e-06 2.133943386e-06 2.219901846e-06 2.420951138e-06 1.877497173e-06 1.885471449e-06 1.554739674e-06 1.475195748e-06 8.703504554e-07 8.833287941e-07 6.38102424e-07 5.476755375e-07 3.685153232e-07 3.093049453e-07 1.769103525e-07 5.476478788e-08 1.082942628e-07 3.345937297e-08 2.991959348e-08 2.372289477e-08 3.879296373e-08 5.487274469e-08 7.06753923e-08 9.60646986e-08 1.031900664e-07 1.095736333e-07 1.347740289e-07 1.454727205e-07 1.242602589e-07 1.294281869e-07 1.101230203e-07 9.505014375e-08 1.092136946e-07 6.360917945e-08 4.203770507e-08 4.511423097e-08 3.421853083e-08 1.609401676e-08 1.004619644e-08 6.859288476e-09 3.280203903e-09 2.861069845e-09 5.872486412e-09 7.069678331e-09 1.263886478e-08 1.324140313e-08 1.687535093e-08 2.254698392e-08 1.851898061e-08 2.084354925e-08 2.280826145e-08 2.104162645e-08 1.805023189e-08 1.41076678e-08 1.561456289e-08 1.284775656e-08 6.835008e-09 5.759198882e-09 3.787725663e-09 2.624341128e-09 1.920219117e-09 
1.022716094e-09 2.207562498e-09 5.075360916e-09 6.103415949e-09 9.270954899e-09 1.137713713e-08 1.243271438e-08 1.849989612e-08 1.750325183e-08 1.822449961e-08 2.308684844e-08 2.012149563e-08 2.217415353e-08 2.331583185e-08 1.63842969e-08 1.42250194e-08 1.116274092e-08 9.355530325e-09 5.259618445e-09 2.996599903e-09 3.555972268e-09 6.412439765e-09 1.333943967e-08 1.667407518e-08 2.571328579e-08 3.806253076e-08 5.323341273e-08 6.487216971e-08 8.288112361e-08 9.234295576e-08 1.067229907e-07 1.218493059e-07 1.055233619e-07 1.293237961e-07 1.283914449e-07 1.235200555e-07 1.125595379e-07 1.022097816e-07 9.486636487e-08 6.869642267e-08 5.02647142e-08 4.072628465e-08 3.15089751e-08 2.309672089e-08 6.154911989e-08 4.768424827e-08 9.055518715e-08 2.042490522e-07 2.804382105e-07 3.736432688e-07 5.525286405e-07 7.225028536e-07 6.911058144e-07 1.021910652e-06 9.796069699e-07 1.328983158e-06 1.807764666e-06 1.681115659e-06 1.60239584e-06 1.947856671e-06 2.277513762e-06 2.278315649e-06 2.2931759e-06 2.669003445e-06 2.657315044e-06 1.972264117e-06 2.047895067e-06 2.066502035e-06 1.826115284e-06 1.846051298e-06 1.307678643e-06 1.443068776e-06 1.43400338e-06 1.172122107e-06 9.779836581e-07 7.348234476e-07 6.314376285e-07 5.274116338e-07 3.569947696e-07 2.78198667e-07 2.328841035e-07 1.358111439e-07 5.565380769e-08 4.56318362e-08 2.82847236e-08 2.117922299e-08 3.64092808e-08 5.011561875e-08 5.352618546e-08 7.690211819e-08 1.032727258e-07 1.015676659e-07 9.399358348e-08 1.32381503e-07 1.212916244e-07 1.207953258e-07 1.114852026e-07 8.89683346e-08 9.234387839e-08 7.486744801e-08 6.684791947e-08 4.286381131e-08 3.732406548e-08 2.932740039e-08 1.608491114e-08 1.24512689e-08 4.341432934e-09 2.595898041e-09 3.56200401e-09 4.730143045e-09 8.404658572e-09 1.07132415e-08 1.461617306e-08 1.838580968e-08 1.696645569e-08 2.162585879e-08 1.920088871e-08 2.185982316e-08 2.163236759e-08 1.974699101e-08 1.559021854e-08 1.163890395e-08 1.135532794e-08 6.943717971e-09 5.670066631e-09 3.393002592e-09 2.231802262e-09 1.145893614e-09 
1.291311434e-09 1.963061488e-09 3.032763066e-09 4.241142207e-09 6.668458103e-09 1.002652264e-08 1.286335905e-08 1.5856414e-08 1.799054686e-08 1.805263853e-08 1.96108072e-08 2.00553414e-08 1.783407333e-08 2.167600462e-08 1.514741748e-08 1.606797367e-08 1.405973947e-08 9.198445773e-09 8.119572062e-09 2.954770616e-09 4.051690635e-09 3.84433096e-09 6.296636715e-09 1.414035289e-08 2.090780168e-08 2.595620497e-08 4.236791631e-08 5.362432003e-08 7.640350318e-08 6.560848258e-08 9.591499469e-08 9.471418001e-08 1.338223094e-07 1.097953322e-07 1.218621003e-07 1.374831418e-07 1.150572507e-07 1.150019252e-07 9.107026149e-08 7.260149243e-08 6.973028709e-08 4.862907418e-08 3.387116521e-08 3.026330887e-08 2.002549765e-08 4.877652741e-08 3.793817439e-08 1.192794253e-07 1.991220258e-07 1.884974347e-07 2.897023528e-07 5.536447153e-07 4.842159541e-07 7.056876345e-07 9.040070372e-07 8.399773924e-07 1.125820793e-06 1.319099499e-06 1.266273541e-06 1.385894843e-06 1.609127237e-06 1.589715385e-06 1.841044664e-06 1.626685186e-06 2.054290471e-06 1.758950619e-06 1.716013695e-06 1.566821233e-06 1.568121455e-06 1.224781268e-06 1.486410073e-06 1.219111055e-06 8.487836136e-07 6.179187878e-07 5.851336332e-07 5.466019483e-07 6.546946698e-07 2.961477301e-07 3.296249386e-07 1.638587979e-07 1.248887914e-07 6.638912002e-08 4.467644375e-08 2.1636658e-08 2.617886701e-08 3.023174822e-08 6.142784414e-08 4.860258611e-08 8.752015464e-08 9.201880084e-08 1.073014335e-07 1.09799852e-07 1.386013232e-07 1.26966979e-07 1.350342637e-07 1.052591159e-07 1.100425838e-07 1.074830009e-07 8.717090559e-08 6.589250065e-08 5.235197005e-08 4.32949436e-08 2.337834256e-08 1.396618443e-08 1.402020895e-08 7.352659638e-09 3.114388866e-09 1.76839903e-09 3.861675524e-09 7.79054454e-09 1.003015984e-08 1.168890801e-08 1.76830514e-08 2.082658969e-08 1.954154827e-08 2.380259187e-08 2.251755886e-08 1.935959372e-08 1.853196283e-08 1.832496403e-08 1.687761083e-08 1.368807583e-08 8.7244839e-09 7.3836447e-09 5.785210181e-09 3.146580061e-09 1.508643812e-09 1.02844475e-09 
9.179205604e-10 1.378414652e-09 2.552713787e-09 4.481053635e-09 8.259776597e-09 1.151013348e-08 1.354433396e-08 1.280739575e-08 1.900878817e-08 1.786172922e-08 1.93517093e-08 2.269089462e-08 2.204574009e-08 2.064856488e-08 2.168149517e-08 1.528126362e-08 1.662981473e-08 1.16272904e-08 7.195630616e-09 3.691811041e-09 2.971066292e-09 3.412224982e-09 6.510911648e-09 8.632407947e-09 1.729413869e-08 3.481911954e-08 3.366515385e-08 5.149749821e-08 7.036590126e-08 6.223123537e-08 9.396984013e-08 9.38937813e-08 9.963735079e-08 1.100550571e-07 1.29810092e-07 1.355333153e-07 1.353297849e-07 1.150571871e-07 1.057784886e-07 8.643138304e-08 7.8892443e-08 5.913186495e-08 4.433912569e-08 4.127004432e-08 3.214563982e-08 2.832544933e-08 1.912289844e-08 8.804055351e-08 6.746659155e-08 1.596341972e-07 2.043509541e-07 3.481350104e-07 3.471439642e-07 3.312370062e-07 5.908017537e-07 7.029457425e-07 8.681085753e-07 8.669997219e-07 9.186422429e-07 1.04188852e-06 9.311817871e-07 1.012148476e-06 1.14234525e-06 9.658018974e-07 1.347734113e-06 1.162970217e-06 9.492113016e-07 7.667876495e-07 9.866750692e-07 9.431022045e-07 7.658156004e-07 7.17779865e-07 7.412797172e-07 4.998262054e-07 4.15876695e-07 3.505988358e-07 2.768342371e-07 2.448888683e-07 1.374340705e-07 1.163633583e-07 8.158283955e-08 4.406425174e-08 2.075308729e-08 3.066171387e-08 2.833148065e-08 5.600747248e-08 5.979262147e-08 6.54451489e-08 8.797239723e-08 1.19635211e-07 1.018117802e-07 1.371434391e-07 1.313556649e-07 1.123330152e-07 1.274681444e-07 1.173464066e-07 1.096088179e-07 7.480051669e-08 6.344890152e-08 6.231604448e-08 5.337655252e-08 3.157192566e-08 2.222482881e-08 1.893264438e-08 5.778585316e-09 5.580023518e-09 3.066735349e-09 4.233149893e-09 4.983073838e-09 7.514334487e-09 1.066183607e-08 1.402905759e-08 1.404011281e-08 1.87123011e-08 1.736829149e-08 2.054203224e-08 2.343122791e-08 2.371446013e-08 2.231196523e-08 1.628150761e-08 1.464354821e-08 9.870192281e-09 9.915550201e-09 6.478037801e-09 3.589374375e-09 2.372323447e-09 1.71672813e-09 1.080907346e-09 
7.16605855e-10 1.07649035e-09 2.520007577e-09 3.65048062e-09 6.466838744e-09 8.705067159e-09 9.168773238e-09 1.072584717e-08 1.499055471e-08 2.023036469e-08 1.953883999e-08 2.400530885e-08 2.1667655e-08 2.315305047e-08 2.084455739e-08 1.802356034e-08 1.71678442e-08 1.181850805e-08 8.367476581e-09 6.74221074e-09 4.223492259e-09 2.358201402e-09 5.057890033e-09 6.998832413e-09 1.203926567e-08 3.056934391e-08 3.040658362e-08 3.999465223e-08 4.898954011e-08 6.904116878e-08 7.696575221e-08 9.743768221e-08 1.123786938e-07 1.051127949e-07 1.460773435e-07 1.308762806e-07 1.082484362e-07 1.241067591e-07 1.171427954e-07 1.188989163e-07 9.967885396e-08 6.989450597e-08 7.372731034e-08 4.700784531e-08 2.591553383e-08 3.234305684e-08 1.074123767e-08 3.896054772e-08 4.415674274e-08 6.693185481e-08 1.564578787e-07 2.063086012e-07 2.765186698e-07 2.785615284e-07 3.305278772e-07 5.129528394e-07 5.210319492e-07 6.513728926e-07 7.181419006e-07 7.357646058e-07 8.397180025e-07 7.467763613e-07 9.734826188e-07 6.212902603e-07 7.690589486e-07 8.604115323e-07 7.013679075e-07 7.568153049e-07 6.95703974e-07 9.421634246e-07 6.334838854e-07 4.65268903e-07 2.954512482e-07 3.789593666e-07 2.572797666e-07 2.648788158e-07 1.725159724e-07 1.262857438e-07 1.012999427e-07 5.760974017e-08 3.369751611e-08 1.306331361e-08 2.525655199e-08 3.908094092e-08 5.19719385e-08 6.25305931e-08 8.565576982e-08 9.900718034e-08 1.099036568e-07 1.203736994e-07 1.253445861e-07 1.362874367e-07 1.372883901e-07 1.210717795e-07 1.263720916e-07 9.525430037e-08 8.632173101e-08 7.028242023e-08 7.09665168e-08 5.570293576e-08 4.644897901e-08 3.954095231e-08 1.970307689e-08 1.064588489e-08 6.457924551e-09 3.384516707e-09 3.048970246e-09 4.748891164e-09 6.477818457e-09 7.757451333e-09 1.305864992e-08 1.42600966e-08 1.741613897e-08 1.904951043e-08 2.0297845e-08 1.935757901e-08 2.191934983e-08 2.107585505e-08 1.786420373e-08 1.722132774e-08 1.331772142e-08 1.091254212e-08 8.585837735e-09 5.794483201e-09 3.84515393e-09 2.486566689e-09 1.122317599e-09 4.394951421e-10 
6.960058444e-10 1.231166587e-09 2.198233218e-09 3.022018697e-09 5.343149291e-09 6.875585488e-09 8.682685581e-09 1.265072593e-08 1.630339704e-08 1.462686452e-08 1.75624302e-08 2.040211564e-08 2.056633695e-08 2.293420886e-08 2.14978255e-08 2.001378483e-08 1.980921961e-08 1.441903133e-08 9.916594417e-09 7.58906527e-09 4.010938043e-09 3.623977589e-09 3.320415852e-09 5.333453699e-09 1.121205965e-08 1.601578813e-08 2.31836423e-08 4.408601709e-08 5.620603875e-08 6.006715002e-08 6.488064267e-08 8.341277241e-08 1.119850457e-07 1.052900182e-07 1.205990794e-07 1.395643421e-07 1.282713452e-07 1.272968514e-07 1.092037615e-07 1.108053391e-07 9.322439958e-08 1.011684201e-07 7.471659414e-08 5.84219634e-08 5.250085758e-08 3.793018914e-08 2.78470048e-08 3.114401342e-08 2.212863105e-08 2.766529179e-08 5.264820884e-08 9.503519961e-08 1.261163836e-07 2.227954409e-07 2.052446635e-07 2.482877049e-07 4.23311346e-07 3.966526405e-07 5.105398384e-07 4.126874885e-07 6.496355385e-07 6.536779391e-07 4.449411763e-07 5.888516551e-07 5.924599308e-07 4.954993552e-07 5.918563597e-07 5.844431434e-07 4.872058873e-07 5.040827587e-07 3.249509882e-07 3.276212587e-07 3.368569322e-07 1.796913733e-07 1.805056539e-07 1.473086837e-07 1.003587988e-07 7.538827598e-08 6.418050766e-08 2.286731987e-08 1.477886633e-08 3.080303502e-08 4.703858918e-08 5.584937113e-08 6.154925924e-08 8.322659779e-08 7.100731862e-08 1.083080747e-07 1.312861667e-07 1.224470627e-07 1.357579536e-07 1.446846449e-07 1.09347504e-07 1.128139958e-07 1.03031167e-07 8.650313842e-08 7.958808271e-08 6.484264957e-08 6.794525626e-08 5.101492343e-08 3.476660311e-08 2.719369816e-08 1.744875997e-08 1.098449962e-08 5.085703139e-09 1.730286802e-09 4.205683244e-09 6.358813843e-09 6.521444292e-09 1.153405692e-08 1.629887709e-08 1.511697111e-08 2.08375591e-08 2.254437977e-08 2.068241258e-08 2.50985136e-08 2.357980532e-08 1.816628741e-08 1.432619443e-08 1.499843369e-08 1.110536908e-08 9.50083584e-09 5.743888932e-09 4.530717266e-09 3.940773986e-09 1.452769077e-09 7.693565233e-10 1.008433327e-09 
1.254097001e-09 7.648504827e-10 1.596322558e-09 2.972276204e-09 4.096544224e-09 6.29777611e-09 7.633536349e-09 9.257342743e-09 1.323218803e-08 1.603444178e-08 1.711810702e-08 2.24060321e-08 2.121189987e-08 2.190170674e-08 2.26626082e-08 2.110790165e-08 1.64426626e-08 1.403613342e-08 1.327211498e-08 8.797551534e-09 8.260583292e-09 5.433181638e-09 3.107699352e-09 5.019748691e-09 7.192897785e-09 1.018324267e-08 1.585409381e-08 2.671097995e-08 3.395493829e-08 5.298140165e-08 6.790757509e-08 8.41060175e-08 6.945683723e-08 9.73027759e-08 1.165835375e-07 1.149631333e-07 1.244734337e-07 1.369386546e-07 1.192170371e-07 1.387328787e-07 9.516846675e-08 1.037563929e-07 7.188786728e-08 6.755264902e-08 7.051373026e-08 4.928933274e-08 4.266546515e-08 3.086928387e-08 1.830266018e-08 3.141084318e-08 2.324319906e-08 3.300149836e-08 6.529393604e-08 1.447657657e-07 1.321649308e-07 1.343318358e-07 1.225625581e-07 2.221186313e-07 2.498682873e-07 2.62522494e-07 3.483223723e-07 3.569469494e-07 4.095036279e-07 4.313056735e-07 4.030667819e-07 2.896504768e-07 4.354778601e-07 2.893748368e-07 2.854024287e-07 3.231879406e-07 2.727465112e-07 2.689680128e-07 1.597630086e-07 1.320846605e-07 7.203827112e-08 6.144976394e-08 5.534934972e-08 2.986219112e-08 2.402737271e-08 2.94560919e-08 2.656690071e-08 3.830360273e-08 3.82905724e-08 7.048122553e-08 7.830087055e-08 8.701775156e-08 1.136043424e-07 1.141086694e-07 1.037826309e-07 1.307733988e-07 1.071624927e-07 1.209993454e-07 1.272637608e-07 9.911958709e-08 9.465747588e-08 1.019666782e-07 7.382428498e-08 6.307804884e-08 4.361598613e-08 4.008935678e-08 2.972498178e-08 1.272657274e-08 1.193915357e-08 3.373681298e-09 4.014552521e-09 3.059451287e-09 3.799612073e-09 6.409530908e-09 8.936409082e-09 1.280495949e-08 1.589578069e-08 1.800414332e-08 1.651752187e-08 1.802258658e-08 2.295958536e-08 2.106832382e-08 1.909697704e-08 1.766632969e-08 1.451017823e-08 1.129241205e-08 8.373679303e-09 8.176380715e-09 7.620577697e-09 5.652790149e-09 1.993881871e-09 1.640329776e-09 9.628343996e-10 8.977305762e-10 
9.230047108e-10 6.611176502e-10 9.389207338e-10 1.555099565e-09 3.50879232e-09 6.045138411e-09 7.203418676e-09 1.019020324e-08 1.395422684e-08 1.456376565e-08 1.686657683e-08 2.149713113e-08 1.91268513e-08 2.252340164e-08 2.103475942e-08 1.913790532e-08 1.468267558e-08 1.705229707e-08 1.181618004e-08 1.059996527e-08 8.869807332e-09 5.22985994e-09 3.554029411e-09 2.913294516e-09 2.525677685e-09 1.120260892e-08 1.8429995e-08 2.531864399e-08 3.806376039e-08 4.296641372e-08 5.321468792e-08 6.065615545e-08 8.589959919e-08 9.005529923e-08 1.090651935e-07 1.10465866e-07 1.180131435e-07 1.190717182e-07 1.237673056e-07 1.282710424e-07 1.183446893e-07 1.04519538e-07 1.071585545e-07 9.522923676e-08 8.993073141e-08 7.497292986e-08 5.772325073e-08 4.402425637e-08 2.640192634e-08 3.150889945e-08 2.228133772e-08 3.403564805e-08 3.517930773e-08 5.418136496e-08 5.589980172e-08 6.802601741e-08 6.475950797e-08 1.580386922e-07 1.063241105e-07 1.795770035e-07 1.17025222e-07 1.673452616e-07 2.655133952e-07 2.538414915e-07 1.844285655e-07 2.569105002e-07 1.404435518e-07 2.133385478e-07 1.512488344e-07 1.522326348e-07 1.147200769e-07 1.292215066e-07 6.305802896e-08 7.049506614e-08 5.318309772e-08 3.409662957e-08 2.182138542e-08 1.691402653e-08 2.844126553e-08 2.898708735e-08 3.72293929e-08 5.684656605e-08 6.09969621e-08 8.146711951e-08 9.853158392e-08 1.10738952e-07 8.671339931e-08 1.209596945e-07 1.159509742e-07 1.361082104e-07 1.110010488e-07 1.12396842e-07 1.335509124e-07 9.649088383e-08 9.817114151e-08 7.584254719e-08 6.801289264e-08 4.457829909e-08 3.729290264e-08 3.433549843e-08 1.677533847e-08 1.509083816e-08 9.868103494e-09 5.192890927e-09 3.975256012e-09 2.175443431e-09 5.574932226e-09 7.335081829e-09 9.894754489e-09 1.511247634e-08 1.770076996e-08 1.90917639e-08 1.983883247e-08 1.977632082e-08 2.105388245e-08 2.172428493e-08 1.889224322e-08 1.803542617e-08 1.412347614e-08 1.134932192e-08 9.641015997e-09 5.877398525e-09 4.775257095e-09 2.658872446e-09 1.945956248e-09 9.530297512e-10 9.488890036e-10 1.252502047e-09 
1.177909182e-09 7.935623098e-10 5.2453019e-10 2.155317274e-09 2.618200313e-09 4.349786699e-09 5.27041064e-09 8.308081557e-09 1.265599195e-08 1.274667708e-08 1.571995516e-08 1.904183754e-08 1.838687592e-08 1.881782531e-08 2.210485757e-08 2.127928963e-08 1.665543264e-08 1.707149554e-08 1.571733422e-08 1.230856892e-08 9.232491121e-09 7.434418326e-09 5.219802345e-09 3.285067996e-09 2.111125921e-09 5.796696475e-09 1.465166931e-08 1.596313775e-08 2.698204258e-08 4.151015207e-08 4.044993125e-08 5.977192167e-08 6.82171749e-08 7.915637581e-08 8.819364606e-08 9.713908481e-08 1.186436893e-07 1.342734445e-07 1.088523507e-07 1.447261596e-07 1.298179065e-07 1.236505316e-07 1.237073641e-07 1.169245136e-07 9.537474282e-08 8.886176033e-08 7.888675233e-08 5.878744882e-08 4.574705624e-08 4.185004774e-08 3.325204567e-08 2.7698878e-08 2.79941853e-08 2.757726816e-08 3.784685968e-08 3.61836387e-08 3.501710751e-08 6.383539756e-08 5.871148206e-08 1.165546241e-07 1.417009408e-07 9.759601687e-08 9.956591247e-08 9.550886469e-08 1.391607572e-07 8.21751313e-08 8.185363202e-08 1.108949625e-07 4.855775797e-08 7.812411353e-08 7.276897054e-08 5.859647125e-08 5.402266754e-08 2.841851855e-08 2.439988249e-08 1.816860332e-08 2.691194399e-08 2.990284869e-08 3.711805444e-08 5.511916799e-08 6.018115793e-08 6.321007418e-08 9.413350634e-08 1.075409305e-07 1.001585745e-07 1.25844649e-07 1.073416489e-07 1.048485523e-07 1.237045471e-07 1.286266744e-07 1.009317734e-07 1.035733942e-07 1.167214879e-07 1.125748586e-07 1.003567678e-07 7.916233307e-08 6.003120328e-08 4.496970285e-08 3.658440501e-08 2.316568102e-08 1.994561522e-08 8.04828849e-09 5.355974849e-09 4.565359614e-09 3.133907485e-09 5.258909425e-09 8.343242328e-09 7.39227878e-09 1.160086883e-08 1.486455136e-08 1.748551376e-08 2.132902435e-08 1.83078589e-08 2.057162757e-08 2.387434761e-08 1.951072787e-08 2.180436649e-08 1.558856351e-08 1.376659086e-08 1.300932166e-08 7.568028839e-09 6.387991957e-09 4.62290238e-09 3.424592313e-09 2.42121692e-09 1.213270915e-09 7.647864595e-10 1.36300412e-09 
1.625047246e-09 1.251129475e-09 6.776503546e-10 1.096997692e-09 1.382168308e-09 3.201176597e-09 5.15003886e-09 7.227946859e-09 9.128816397e-09 1.199929812e-08 1.7258066e-08 1.844194619e-08 1.857644676e-08 2.476674657e-08 2.101226042e-08 1.969728436e-08 2.087477925e-08 1.919466413e-08 1.691290595e-08 1.52572035e-08 1.067464703e-08 9.165983217e-09 6.753540063e-09 3.260156033e-09 2.503420393e-09 3.122227777e-09 7.043563133e-09 1.078136057e-08 1.305951563e-08 2.855428195e-08 4.277465403e-08 4.539937689e-08 5.642239786e-08 7.003350445e-08 7.990526856e-08 9.299413285e-08 1.057778622e-07 1.255377785e-07 1.122938962e-07 1.203497811e-07 1.147495354e-07 1.470870108e-07 1.264965115e-07 1.073575151e-07 1.328648214e-07 9.543989536e-08 7.005431075e-08 7.204243392e-08 6.60493462e-08 6.724430438e-08 3.669646186e-08 5.150823019e-08 3.065057032e-08 2.651136666e-08 2.304545975e-08 1.207882153e-08 2.248573442e-08 1.610809815e-08 3.086666169e-08 3.063473404e-08 5.084744618e-08 4.106827982e-08 8.892328213e-08 6.45855689e-08 3.17458016e-08 5.631733512e-08 5.707627808e-08 4.765139475e-08 4.700044815e-08 3.305155203e-08 3.096174798e-08 2.915882707e-08 1.938404903e-08 2.211632282e-08 1.670456272e-08 3.607465108e-08 4.02659895e-08 5.234071265e-08 5.814926106e-08 7.746800411e-08 7.210127577e-08 7.165598979e-08 9.65278946e-08 1.130191824e-07 1.166492569e-07 1.341787494e-07 1.041137823e-07 1.014287562e-07 1.222311632e-07 1.203467896e-07 1.228385373e-07 1.170630714e-07 9.684139029e-08 8.740129846e-08 6.681992656e-08 5.28112501e-08 4.079267449e-08 3.284990061e-08 2.858961825e-08 2.020305178e-08 1.022789701e-08 5.591720623e-09 3.237161359e-09 2.167874776e-09 5.331103261e-09 5.772961278e-09 9.302026956e-09 1.181360011e-08 1.229869532e-08 1.894513324e-08 1.982551337e-08 1.868901497e-08 2.182088234e-08 1.9608125e-08 2.343333e-08 2.10746693e-08 1.964705898e-08 1.544433437e-08 1.201505656e-08 1.073381896e-08 7.000869374e-09 5.422389395e-09 4.156847386e-09 2.031698567e-09 1.204939629e-09 8.969012289e-10 5.471041596e-10 1.837729468e-09 
1.491744228e-09 9.537963398e-10 8.632555441e-10 9.96308808e-10 1.435156108e-09 3.059258162e-09 6.069266442e-09 6.624125604e-09 9.417238572e-09 1.171684943e-08 1.324939312e-08 1.91661597e-08 1.633437394e-08 1.82725176e-08 2.14212048e-08 2.075147978e-08 2.038659243e-08 2.000758559e-08 1.578685133e-08 1.475519559e-08 1.30440809e-08 1.046349393e-08 6.736431535e-09 5.846053211e-09 2.867992766e-09 3.152852122e-09 6.475928302e-09 1.156491958e-08 1.806992895e-08 1.865394315e-08 2.755798359e-08 3.300014764e-08 5.182748056e-08 6.318244452e-08 6.818372697e-08 7.908631517e-08 1.147778871e-07 1.028529755e-07 9.402754009e-08 1.236449421e-07 1.181431196e-07 1.382131903e-07 1.161364244e-07 1.1972246e-07 1.234846437e-07 1.029057558e-07 8.954810988e-08 1.158583354e-07 8.285007006e-08 6.765513043e-08 7.44992501e-08 6.013346677e-08 5.845311771e-08 4.884790082e-08 3.462490228e-08 3.182267182e-08 3.156649173e-08 2.028340419e-08 2.972670847e-08 2.159354882e-08 2.767081179e-08 2.145170449e-08 2.154502255e-08 2.063671376e-08 2.395134448e-08 3.948118721e-08 2.351156709e-08 3.142630247e-08 2.115169166e-08 1.260033514e-08 2.096330827e-08 2.377501448e-08 3.868697627e-08 3.065957299e-08 4.083126421e-08 6.750803937e-08 5.725719527e-08 6.612514338e-08 6.061287163e-08 8.671177612e-08 1.041925357e-07 9.369588558e-08 1.166695181e-07 9.453121349e-08 1.122233754e-07 1.303479075e-07 1.281700662e-07 1.248032829e-07 1.170750445e-07 1.06612461e-07 9.053704124e-08 9.762604392e-08 7.576858987e-08 6.303904143e-08 6.990835809e-08 4.516646023e-08 3.897230691e-08 2.910901493e-08 2.115294468e-08 1.680533872e-08 1.060429999e-08 5.39560748e-09 3.847179381e-09 3.878856149e-09 5.186043973e-09 6.967782196e-09 1.018478371e-08 1.15514239e-08 1.521334838e-08 1.353440088e-08 2.166234049e-08 2.042749802e-08 1.899020717e-08 2.247533522e-08 1.895359807e-08 1.622504139e-08 1.661121601e-08 1.437777477e-08 9.860860622e-09 9.354622621e-09 6.797733316e-09 5.363473017e-09 3.843171067e-09 2.364767167e-09 8.435914468e-10 7.828095743e-10 1.036419123e-09 1.372562869e-09 
1.580270838e-09 1.674938908e-09 7.826097011e-10 6.815215802e-10 7.595283928e-10 2.232793937e-09 4.175515666e-09 4.500165287e-09 8.569218905e-09 8.392609404e-09 1.193995259e-08 1.405393428e-08 1.538319635e-08 1.81792481e-08 2.265087073e-08 2.011504267e-08 2.167944082e-08 2.035801281e-08 2.031990972e-08 1.703773789e-08 1.508212779e-08 1.402598719e-08 9.380658768e-09 5.009296547e-09 4.632193495e-09 2.820723024e-09 2.646174845e-09 6.877040058e-09 6.94031024e-09 1.436573833e-08 2.155740563e-08 2.989931543e-08 4.227059445e-08 4.284103756e-08 6.53189572e-08 7.865031236e-08 8.563697195e-08 8.72474337e-08 9.585573457e-08 1.117269223e-07 1.238527273e-07 1.21377317e-07 1.124672869e-07 1.098029728e-07 1.095642911e-07 1.215922126e-07 1.055030751e-07 1.09043546e-07 1.082082895e-07 7.795015916e-08 9.019397044e-08 6.817132219e-08 8.162705658e-08 6.794234273e-08 5.883464975e-08 3.941397069e-08 4.879906766e-08 4.287643604e-08 1.966806642e-08 3.754566327e-08 2.26090521e-08 3.086035402e-08 2.840656934e-08 3.09446521e-08 2.59643443e-08 1.882198496e-08 2.117493797e-08 2.483673963e-08 3.487603307e-08 3.853894496e-08 3.597586223e-08 3.143925927e-08 4.39464166e-08 4.36720789e-08 7.615016899e-08 6.327295242e-08 6.875082726e-08 8.526568871e-08 1.074868315e-07 1.118934228e-07 9.915886621e-08 1.076242174e-07 1.176797383e-07 1.264256568e-07 1.119364954e-07 1.162852753e-07 1.213804433e-07 1.26873151e-07 9.812132451e-08 1.057461096e-07 1.076882652e-07 8.618857215e-08 7.280269421e-08 5.840531667e-08 5.535967894e-08 4.589456284e-08 2.604302979e-08 2.090238963e-08 1.407774231e-08 9.332815039e-09 5.457039714e-09 3.955630404e-09 3.085727077e-09 4.406818184e-09 5.545317545e-09 7.934940916e-09 1.099538208e-08 1.441871245e-08 1.558894174e-08 2.270169615e-08 2.255745102e-08 1.973301045e-08 2.348803459e-08 1.739107376e-08 1.713513231e-08 1.519273827e-08 1.507266067e-08 8.145303624e-09 9.006699264e-09 4.784378865e-09 6.260201917e-09 4.570028749e-09 2.162863336e-09 1.344148258e-09 6.559671119e-10 8.384712986e-10 1.643580055e-09 2.133905103e-09 
2.622201522e-09 1.676961023e-09 1.204852407e-09 4.676692591e-10 4.797390027e-10 1.78796934e-09 3.224465854e-09 5.342123601e-09 4.255474629e-09 8.731187465e-09 1.250224994e-08 1.537730108e-08 1.58284293e-08 1.876502412e-08 2.179958278e-08 1.973604169e-08 2.435381022e-08 1.744115016e-08 2.091371261e-08 1.815875081e-08 1.584673405e-08 1.53116238e-08 1.332694338e-08 5.69540462e-09 5.12560102e-09 3.596450974e-09 2.991570191e-09 4.265708647e-09 4.456452595e-09 9.365763338e-09 2.070997255e-08 2.52249719e-08 2.489357063e-08 4.200706114e-08 4.592153558e-08 6.99694148e-08 7.354391123e-08 7.867859469e-08 7.991892637e-08 9.867952913e-08 1.200977132e-07 1.235316292e-07 1.116601662e-07 9.877821525e-08 1.086880576e-07 1.057060441e-07 1.304623253e-07 1.424018064e-07 9.06576203e-08 1.01494517e-07 8.52016197e-08 7.927546582e-08 9.788878311e-08 7.419696163e-08 8.785189332e-08 5.997331483e-08 7.67828589e-08 6.028390589e-08 6.188320277e-08 6.271633716e-08 4.310969113e-08 5.231306235e-08 5.431568808e-08 3.674164034e-08 4.06839261e-08 4.695127724e-08 4.715021652e-08 5.497513086e-08 5.09963778e-08 5.245866263e-08 5.430011131e-08 5.702253539e-08 7.031558388e-08 8.422206651e-08 8.266462307e-08 9.625726298e-08 9.978242874e-08 1.069338205e-07 1.166516541e-07 1.178533844e-07 1.283967861e-07 1.093617637e-07 1.143405826e-07 1.301754752e-07 1.514560509e-07 1.176241024e-07 1.312083237e-07 1.187192947e-07 1.093641343e-07 8.339631099e-08 8.728810805e-08 7.785882488e-08 6.684616427e-08 5.136562202e-08 5.069498235e-08 3.124255043e-08 2.216446393e-08 1.686547787e-08 1.27718253e-08 5.250524273e-09 2.681529655e-09 2.909224002e-09 4.120259215e-09 6.538468381e-09 9.137365024e-09 1.167401156e-08 1.368714679e-08 1.592111352e-08 1.960521099e-08 1.964593239e-08 2.25225684e-08 2.518989172e-08 1.948985289e-08 1.871088282e-08 1.938661791e-08 1.599613192e-08 1.196186517e-08 1.090658085e-08 8.052547165e-09 4.677759419e-09 4.993161092e-09 3.921108959e-09 1.332529115e-09 1.000813149e-09 4.152789127e-10 1.058196273e-09 1.847900397e-09 2.593049526e-09 
3.295211786e-09 2.105496362e-09 1.822803661e-09 6.547826488e-10 5.706998497e-10 9.453478691e-10 2.864706377e-09 3.288058196e-09 5.22987526e-09 6.332459547e-09 9.893662696e-09 1.291832803e-08 1.533110069e-08 1.793683692e-08 1.570210149e-08 1.876574246e-08 2.172246901e-08 1.983423798e-08 2.049779673e-08 2.181308578e-08 1.862719663e-08 1.764859128e-08 9.596901512e-09 1.009519598e-08 6.810922665e-09 3.60374892e-09 3.421676518e-09 2.564616242e-09 4.486831804e-09 5.483852279e-09 9.663033181e-09 1.666699007e-08 2.638852042e-08 3.039282875e-08 4.244769649e-08 5.861241703e-08 5.716624065e-08 7.646803552e-08 8.423699976e-08 9.736420299e-08 9.925313628e-08 1.204790001e-07 1.221282851e-07 1.224482188e-07 1.328215695e-07 1.146109851e-07 1.270781368e-07 1.293119488e-07 1.234164537e-07 1.337668119e-07 1.14648904e-07 1.108904786e-07 1.038735409e-07 9.097833899e-08 8.078699903e-08 9.475804854e-08 1.019669922e-07 9.032010697e-08 7.214502321e-08 6.913047832e-08 5.819716923e-08 7.106756546e-08 6.049786744e-08 4.931944425e-08 6.682342034e-08 6.609363974e-08 6.750678298e-08 7.173166963e-08 5.848284185e-08 5.881467966e-08 7.477655827e-08 7.442057992e-08 8.357416591e-08 9.076550612e-08 1.053735511e-07 1.110608117e-07 1.104278896e-07 1.078872657e-07 1.268952656e-07 1.094661968e-07 1.296645126e-07 1.490925134e-07 1.234291128e-07 1.238980146e-07 1.316022029e-07 1.10214785e-07 1.051949594e-07 1.154616619e-07 8.526237847e-08 7.063349839e-08 6.564532111e-08 6.918861954e-08 5.524552943e-08 4.530339701e-08 2.174320625e-08 1.993609713e-08 2.018652599e-08 1.117509608e-08 7.196899881e-09 3.690005908e-09 3.246461035e-09 2.740965195e-09 5.847817976e-09 7.299452266e-09 1.016436158e-08 1.354652123e-08 1.443281597e-08 1.788709367e-08 1.979235924e-08 2.094258618e-08 2.022276383e-08 2.334742531e-08 1.760402212e-08 1.868813437e-08 1.701546452e-08 1.443638686e-08 9.062006885e-09 1.01639919e-08 7.42337494e-09 5.801829673e-09 3.511754118e-09 2.363112129e-09 1.551774566e-09 9.439976327e-10 9.23999176e-10 1.334419841e-09 2.039483824e-09 3.11835036e-09 
3.206670963e-09 1.769979431e-09 1.768700738e-09 8.199974537e-10 6.402523759e-10 1.027378468e-09 2.32471653e-09 2.802059527e-09 4.293357651e-09 6.390265316e-09 7.709402247e-09 1.333939759e-08 1.074644974e-08 1.133433063e-08 1.663582417e-08 1.913838802e-08 2.202501509e-08 2.033954903e-08 2.03208778e-08 1.8069907e-08 1.599325172e-08 1.366569395e-08 1.647257109e-08 8.98796763e-09 1.118899505e-08 6.710511353e-09 4.026891001e-09 2.016799007e-09 3.218922325e-09 3.614587066e-09 3.026205822e-09 1.153834831e-08 2.101565556e-08 2.236213426e-08 3.305367849e-08 3.327418272e-08 4.384530579e-08 5.366486382e-08 6.407286844e-08 7.496263294e-08 9.759672703e-08 1.092536576e-07 1.106917729e-07 9.039456593e-08 1.070430577e-07 8.702246954e-08 1.199727798e-07 1.219462008e-07 1.192414145e-07 1.224131278e-07 1.344663862e-07 1.190489053e-07 1.166622526e-07 1.04930132e-07 1.173665032e-07 1.168847216e-07 8.791252424e-08 9.081235491e-08 8.166353325e-08 9.218929139e-08 9.767402263e-08 8.726886906e-08 8.845033809e-08 8.350660779e-08 1.030696726e-07 9.246408383e-08 7.786684166e-08 1.016881734e-07 1.018561351e-07 9.077032296e-08 1.127257494e-07 9.767473353e-08 8.869302526e-08 1.098632984e-07 1.180708805e-07 1.174697883e-07 1.188677907e-07 1.31825014e-07 1.395952009e-07 1.290203986e-07 1.2886704e-07 1.245185964e-07 1.208406606e-07 1.139764409e-07 1.171804378e-07 1.002250292e-07 9.284917333e-08 8.705842356e-08 8.480906728e-08 6.043520159e-08 5.398100381e-08 5.325053312e-08 4.01072993e-08 3.859596233e-08 1.832720902e-08 1.934955956e-08 1.214264501e-08 8.022921096e-09 3.299767357e-09 2.610717351e-09 2.50639364e-09 4.259093773e-09 8.413214662e-09 8.57723309e-09 1.115237884e-08 1.300083133e-08 1.584106288e-08 2.527911966e-08 2.201808695e-08 1.833885799e-08 2.038916566e-08 2.060766795e-08 1.888051606e-08 1.886609758e-08 1.645805964e-08 1.140131522e-08 1.254916425e-08 7.905149594e-09 7.463399261e-09 4.599024885e-09 2.431917158e-09 1.97015177e-09 1.163103139e-09 7.904243267e-10 1.338291189e-09 1.583412262e-09 2.932353995e-09 3.540325435e-09 
5.115336095e-09 2.795057252e-09 2.368201087e-09 1.571367179e-09 6.882073146e-10 9.801408455e-10 1.209768558e-09 2.167923847e-09 2.74143946e-09 6.172805615e-09 7.855987912e-09 8.437236552e-09 9.611904837e-09 1.392486164e-08 1.572711419e-08 1.854812569e-08 2.065821117e-08 2.465871012e-08 1.827684821e-08 2.026390599e-08 1.757350813e-08 1.86626384e-08 1.687028764e-08 1.536905648e-08 1.447437079e-08 1.13356474e-08 8.787664375e-09 5.207257926e-09 4.004937799e-09 2.84585066e-09 3.311114433e-09 8.670475522e-09 1.182961766e-08 1.691578476e-08 1.519417404e-08 3.609641778e-08 3.899460167e-08 4.154920302e-08 5.163080544e-08 6.172708295e-08 8.371757171e-08 8.537707408e-08 9.318100324e-08 1.055066051e-07 1.20558667e-07 1.165237932e-07 1.203352173e-07 1.033049807e-07 1.328818936e-07 1.318661065e-07 1.459541287e-07 1.282581221e-07 1.066716627e-07 1.385559579e-07 1.372108034e-07 1.136287713e-07 1.246876135e-07 1.172645723e-07 1.115008834e-07 1.017728859e-07 9.608902995e-08 1.103570421e-07 1.138762957e-07 9.347234911e-08 9.811275395e-08 1.02043717e-07 9.008721649e-08 1.065702802e-07 1.019634908e-07 1.053345068e-07 1.035827963e-07 1.226631794e-07 1.201025114e-07 1.214349162e-07 1.247011517e-07 1.272900322e-07 1.282793823e-07 1.443611277e-07 1.373853331e-07 1.279962202e-07 1.169891911e-07 1.40020658e-07 9.383529533e-08 1.121439845e-07 1.010225188e-07 1.036098747e-07 9.169176872e-08 7.236043445e-08 8.401110784e-08 5.570326406e-08 5.523708013e-08 4.15148172e-08 3.712751672e-08 2.464126919e-08 1.480116378e-08 1.206177199e-08 5.182681731e-09 6.374493931e-09 2.488312703e-09 3.995783508e-09 4.4427511e-09 7.006303466e-09 9.243174862e-09 1.214501317e-08 1.238004954e-08 1.15031625e-08 1.890737345e-08 1.856673813e-08 2.073878924e-08 2.206286605e-08 2.160672697e-08 2.144708375e-08 1.994165505e-08 1.697581827e-08 1.683421788e-08 1.097769954e-08 9.829161212e-09 5.759367644e-09 5.973850619e-09 3.260913109e-09 2.25934869e-09 8.019038009e-10 8.152428417e-10 8.138290246e-10 1.757990764e-09 1.872051137e-09 3.155079355e-09 3.439375194e-09 
4.20039185e-09 3.741499619e-09 2.516645007e-09 2.2376505e-09 9.20242467e-10 6.399933759e-10 9.482604604e-10 1.657226967e-09 4.245520342e-09 2.71823404e-09 4.941119424e-09 7.293610323e-09 1.056689468e-08 1.13440421e-08 1.66806423e-08 1.939763796e-08 1.931656666e-08 1.947104285e-08 2.489759601e-08 2.243479694e-08 2.281609713e-08 1.947662147e-08 1.906774289e-08 1.784228326e-08 1.429472107e-08 1.056385715e-08 8.4378914e-09 6.902401832e-09 5.254292205e-09 1.825081523e-09 2.66359426e-09 5.032607014e-09 8.037133843e-09 8.981816104e-09 1.910524446e-08 2.216724969e-08 2.860600401e-08 3.233997951e-08 4.957178121e-08 6.426566927e-08 6.722951545e-08 7.603844304e-08 7.590407997e-08 8.479256268e-08 9.271704809e-08 1.026963203e-07 1.230641036e-07 1.069889956e-07 1.354373929e-07 9.812384171e-08 1.249281729e-07 1.08149181e-07 1.124804244e-07 1.348581117e-07 1.310508494e-07 1.303833469e-07 1.32848023e-07 1.179117782e-07 1.116810901e-07 1.324669968e-07 1.241971702e-07 1.186578224e-07 1.147110715e-07 1.161857708e-07 1.223298824e-07 1.27829087e-07 1.135194844e-07 1.08274105e-07 1.289782921e-07 1.344192187e-07 1.278341319e-07 1.236849382e-07 1.305365029e-07 1.399042001e-07 1.296167019e-07 1.312919463e-07 1.278281947e-07 1.211669353e-07 1.028516014e-07 1.036958185e-07 9.379398152e-08 1.188851476e-07 9.393892575e-08 8.942503728e-08 7.528406384e-08 7.011404577e-08 7.01183591e-08 6.235966033e-08 4.549753226e-08 3.675660599e-08 3.699592125e-08 2.975747791e-08 2.389591575e-08 1.074484539e-08 1.176255304e-08 7.00248104e-09 2.230196466e-09 4.68617996e-09 3.360166257e-09 4.550159489e-09 7.309361674e-09 6.789799206e-09 1.186003415e-08 1.381062669e-08 1.669434842e-08 1.826865803e-08 2.173112442e-08 2.033001467e-08 2.200236607e-08 2.107508705e-08 2.044220651e-08 1.870056556e-08 1.67452533e-08 1.387225248e-08 1.199713703e-08 9.134504322e-09 8.539115838e-09 6.128293193e-09 4.363369168e-09 2.904123551e-09 1.821644276e-09 6.95654463e-10 9.222440401e-10 1.181259605e-09 2.153354454e-09 3.057403165e-09 3.510341619e-09 4.377637952e-09 
4.193360403e-09 2.923322696e-09 3.122390084e-09 2.016031278e-09 1.311753269e-09 8.814265337e-10 7.993353233e-10 8.374727609e-10 2.072914052e-09 2.850140277e-09 4.314935168e-09 6.260648283e-09 7.870588191e-09 9.260791267e-09 1.325956514e-08 1.377852365e-08 1.783436349e-08 2.079016326e-08 2.061772886e-08 2.228043538e-08 2.244222895e-08 2.300552818e-08 1.438921285e-08 1.655680113e-08 1.368148888e-08 1.432991239e-08 9.784807862e-09 9.450296765e-09 4.168119462e-09 4.178178833e-09 2.84341253e-09 2.473745046e-09 6.287408469e-09 6.581409393e-09 9.268374783e-09 1.878793806e-08 2.579840715e-08 2.900777017e-08 4.077672897e-08 4.633049865e-08 4.864328072e-08 5.259199403e-08 5.45229722e-08 6.208178521e-08 9.872482729e-08 1.016843246e-07 1.085541088e-07 1.025303687e-07 1.073905265e-07 1.187574223e-07 1.245514391e-07 1.338920541e-07 1.273387409e-07 1.252696906e-07 1.232388439e-07 1.405001242e-07 1.251035201e-07 1.274970643e-07 1.419813746e-07 1.418889436e-07 1.316674862e-07 9.812763876e-08 1.415653499e-07 1.258904228e-07 1.278072997e-07 1.130880789e-07 1.052492308e-07 1.362149969e-07 1.109546502e-07 1.089125897e-07 1.421024525e-07 1.409616142e-07 1.329779794e-07 1.199028297e-07 1.237840416e-07 1.37294507e-07 1.160562299e-07 1.182286448e-07 1.021050622e-07 1.145011028e-07 1.082012127e-07 9.726982756e-08 9.144891356e-08 9.87516129e-08 7.586321648e-08 5.516915581e-08 5.645291212e-08 4.949588734e-08 4.611018678e-08 3.024331417e-08 2.625305063e-08 2.02152783e-08 1.40528941e-08 1.172426915e-08 4.708464959e-09 2.406988248e-09 3.716376451e-09 2.952191353e-09 5.109692185e-09 7.579002341e-09 9.067181127e-09 1.226265672e-08 1.024909434e-08 1.644486448e-08 1.730576912e-08 1.785045957e-08 1.986423743e-08 2.120318168e-08 2.157538304e-08 2.140712469e-08 1.958890766e-08 1.84433179e-08 1.171053207e-08 1.37359688e-08 1.083132489e-08 8.19362576e-09 6.100366029e-09 5.060099686e-09 3.607865374e-09 1.65565169e-09 8.320328536e-10 9.419246775e-10 1.115271053e-09 1.795262961e-09 2.585674314e-09 3.038289826e-09 3.678590524e-09 5.457435449e-09 
5.799088565e-09 3.607584696e-09 3.295351726e-09 2.571802064e-09 2.400869944e-09 1.365907396e-09 6.336273606e-10 8.088330996e-10 1.284336447e-09 1.70161239e-09 3.522456942e-09 4.422331477e-09 8.336899752e-09 1.166244347e-08 1.210652454e-08 1.244166676e-08 1.462720735e-08 1.98610315e-08 2.303917611e-08 2.080064867e-08 2.268508634e-08 2.230372902e-08 2.127921361e-08 1.829424332e-08 1.868618982e-08 1.697512727e-08 8.879217657e-09 1.322020987e-08 8.041035252e-09 5.862309249e-09 6.415738983e-09 4.388284869e-09 2.975023179e-09 4.581696938e-09 4.720238813e-09 1.237129652e-08 1.533907493e-08 1.796320823e-08 2.331030623e-08 2.817585782e-08 3.28058784e-08 3.552139972e-08 5.138592186e-08 6.455120545e-08 6.454265424e-08 9.126012466e-08 8.074385671e-08 9.222990464e-08 9.190137984e-08 1.087082068e-07 9.929274108e-08 1.294479417e-07 1.160406502e-07 1.170897682e-07 1.080408373e-07 1.221423259e-07 1.11522965e-07 1.247174547e-07 1.274927987e-07 1.286413848e-07 1.361125711e-07 1.284409647e-07 1.22850589e-07 1.569367746e-07 1.266857585e-07 1.079621984e-07 1.073873515e-07 1.219537034e-07 1.067543756e-07 1.178106954e-07 1.215391693e-07 1.180318786e-07 1.177064272e-07 1.156940028e-07 1.025033437e-07 1.068905929e-07 1.158897815e-07 1.035034213e-07 1.026549957e-07 9.269566728e-08 7.863913564e-08 7.194710609e-08 7.34804891e-08 6.994903236e-08 6.757683141e-08 6.117002839e-08 4.153864847e-08 3.962251401e-08 2.941229524e-08 2.75370492e-08 1.839093646e-08 1.017739814e-08 8.624233336e-09 7.674638538e-09 5.63072269e-09 2.525571515e-09 3.398867387e-09 5.122638743e-09 7.416425441e-09 9.838674664e-09 1.258353007e-08 1.546540747e-08 1.441671616e-08 1.616299994e-08 1.960416796e-08 2.341932077e-08 2.070230623e-08 2.04181156e-08 2.081093576e-08 2.099442861e-08 2.020143747e-08 1.865905783e-08 1.467763725e-08 1.053781275e-08 1.132236873e-08 6.608425864e-09 5.406906167e-09 3.10887005e-09 2.006065989e-09 1.624646067e-09 4.337253405e-10 8.67903403e-10 1.535421367e-09 1.969624407e-09 2.650120049e-09 3.135936936e-09 4.206844843e-09 5.499911145e-09 
5.207876178e-09 4.88863647e-09 4.077782614e-09 2.992313639e-09 2.052882422e-09 1.894678988e-09 1.079729891e-09 8.309391503e-10 1.019599951e-09 1.948810037e-09 2.835428316e-09 4.74501875e-09 6.407067627e-09 6.722445544e-09 1.032385589e-08 1.264327275e-08 1.588352585e-08 1.490738059e-08 1.856629344e-08 2.085785927e-08 2.309741536e-08 2.250702656e-08 2.114199777e-08 2.024968291e-08 2.129253827e-08 1.788603598e-08 1.752089344e-08 1.526277784e-08 1.366417862e-08 1.092795956e-08 5.128767004e-09 4.242261521e-09 3.291693874e-09 2.666789621e-09 2.341169518e-09 6.772679739e-09 1.143909052e-08 1.113407421e-08 2.199661116e-08 2.294676711e-08 2.683210556e-08 3.568112211e-08 4.78548673e-08 4.129801672e-08 5.432386962e-08 6.376964154e-08 6.954881292e-08 7.459932798e-08 9.295301898e-08 7.425980439e-08 9.12390585e-08 1.04165561e-07 1.110746657e-07 1.313713841e-07 1.047307384e-07 1.016121837e-07 1.051652604e-07 1.116853696e-07 9.994290549e-08 1.345952713e-07 1.133687461e-07 1.193264055e-07 9.337394942e-08 1.155421491e-07 1.283355332e-07 1.459022081e-07 9.409482034e-08 9.75219271e-08 1.121307787e-07 1.189083932e-07 1.280051711e-07 1.263083479e-07 1.152703461e-07 1.001645525e-07 1.019917157e-07 9.17280668e-08 8.82658943e-08 1.117054133e-07 8.108205758e-08 9.279651679e-08 8.684660246e-08 8.144573479e-08 7.111268943e-08 5.138621828e-08 4.297709511e-08 3.749516948e-08 2.786439014e-08 2.79223209e-08 2.783981875e-08 1.788296368e-08 1.230684316e-08 5.273958231e-09 7.041407473e-09 2.754378467e-09 2.961516853e-09 3.977800494e-09 4.944653843e-09 4.879172143e-09 9.053577702e-09 1.16519561e-08 1.285016781e-08 1.525323699e-08 1.603143216e-08 2.109280843e-08 1.657495083e-08 2.313484288e-08 2.020106138e-08 2.418661808e-08 2.013367375e-08 1.866344887e-08 1.911566764e-08 1.269631004e-08 1.192694362e-08 9.709600256e-09 8.498312435e-09 6.876056602e-09 3.030102311e-09 2.889619264e-09 1.654143963e-09 8.967834654e-10 7.879622816e-10 1.514629443e-09 1.543548169e-09 2.703951993e-09 3.332918208e-09 4.731690972e-09 5.167883967e-09 6.040776724e-09 
4.831602202e-09 4.704387211e-09 4.930530927e-09 4.201450442e-09 2.952342691e-09 1.791340326e-09 1.37134665e-09 1.229866947e-09 7.62838826e-10 1.227157045e-09 1.326151516e-09 2.907123035e-09 4.604251184e-09 5.520612171e-09 1.011852918e-08 1.028487328e-08 1.378448402e-08 1.634704791e-08 1.866546446e-08 1.673511208e-08 1.837398864e-08 2.390082855e-08 2.058876408e-08 2.063552848e-08 1.984948856e-08 1.711633023e-08 1.639483684e-08 1.759119407e-08 1.291166343e-08 1.056430336e-08 1.144878454e-08 7.156161401e-09 5.038635229e-09 3.576638975e-09 2.459134414e-09 4.693823472e-09 5.549320544e-09 6.811862271e-09 1.202921529e-08 1.429564799e-08 1.777871518e-08 1.987005098e-08 2.917216712e-08 3.896781441e-08 2.677418983e-08 4.154794986e-08 5.225721516e-08 7.630547431e-08 6.497988212e-08 6.561046035e-08 8.210282424e-08 7.928071685e-08 8.638470839e-08 1.028479366e-07 8.791130185e-08 1.140875102e-07 1.087593689e-07 9.961038604e-08 1.094103581e-07 1.020909795e-07 1.101708849e-07 1.244514385e-07 9.808239975e-08 1.003922388e-07 1.116553416e-07 1.209268088e-07 1.135025191e-07 1.063089755e-07 1.048409762e-07 9.610578649e-08 1.130738089e-07 1.177853281e-07 8.825430889e-08 1.12002529e-07 7.306107464e-08 8.046510869e-08 8.745675418e-08 8.077901579e-08 6.89384327e-08 6.101839005e-08 6.54999895e-08 5.733582867e-08 4.764070188e-08 3.341740629e-08 4.416174981e-08 3.291374357e-08 1.838693899e-08 9.69224228e-09 1.23901164e-08 1.049906414e-08 8.562705983e-09 2.834178881e-09 3.609718057e-09 3.488618355e-09 3.594704159e-09 5.617828877e-09 7.636178738e-09 9.910238326e-09 7.721800944e-09 1.497954856e-08 1.54452082e-08 1.729628202e-08 2.054783284e-08 1.996823509e-08 2.610715173e-08 1.993766999e-08 1.790716385e-08 2.140782295e-08 1.928310456e-08 1.741846354e-08 1.527207558e-08 1.192265397e-08 1.161466596e-08 1.012593237e-08 7.26651994e-09 4.895939924e-09 3.034318125e-09 1.957771126e-09 1.411948977e-09 6.274061476e-10 1.06547182e-09 1.049594819e-09 2.271670389e-09 2.915427234e-09 4.014681579e-09 4.778247167e-09 4.619847714e-09 5.747665832e-09 
6.515555042e-09 5.082983522e-09 5.855365357e-09 4.129308251e-09 3.628556118e-09 1.927339986e-09 1.651889705e-09 1.380632011e-09 3.791792261e-10 1.008967272e-09 1.798664541e-09 1.638183931e-09 2.727942424e-09 4.974322398e-09 6.305267799e-09 8.533217532e-09 1.051276878e-08 1.139352505e-08 1.457034445e-08 1.781676053e-08 2.058788917e-08 1.7917549e-08 1.926151008e-08 2.406065167e-08 2.123070938e-08 1.854042662e-08 1.743954257e-08 1.643581691e-08 1.373388179e-08 1.422348717e-08 1.058156847e-08 9.795108282e-09 8.026286212e-09 3.621178381e-09 2.458113881e-09 2.562507171e-09 2.080260642e-09 5.730979392e-09 7.323773094e-09 8.672317737e-09 1.328682566e-08 1.577257001e-08 2.173731906e-08 2.037184524e-08 3.785600221e-08 4.071781915e-08 4.067553984e-08 4.24986376e-08 6.483339194e-08 5.340426751e-08 5.969275927e-08 5.601876853e-08 8.575343515e-08 8.587652517e-08 8.586458137e-08 7.830764638e-08 1.032384734e-07 8.126985718e-08 8.682479498e-08 8.455653028e-08 9.225889841e-08 1.102785782e-07 1.091760223e-07 1.08810408e-07 9.337790139e-08 9.183368974e-08 9.606696141e-08 1.144432992e-07 9.857251024e-08 9.484530566e-08 9.020073396e-08 8.143790525e-08 8.487810769e-08 9.291954614e-08 9.179981888e-08 6.990112059e-08 7.087343055e-08 8.226367463e-08 5.125190539e-08 5.758044975e-08 5.046599774e-08 5.075552452e-08 2.7527327e-08 3.607561014e-08 2.713205145e-08 1.684908572e-08 1.620199455e-08 8.084010148e-09 9.447286101e-09 7.577650523e-09 4.95078499e-09 3.22300041e-09 2.126372864e-09 3.876165877e-09 4.988035315e-09 6.237308448e-09 9.334684808e-09 1.032068287e-08 1.117620126e-08 1.56340031e-08 2.04688472e-08 1.878217393e-08 2.119684041e-08 2.389335795e-08 1.803821332e-08 1.987759423e-08 2.163977244e-08 1.852381338e-08 2.107840161e-08 1.33997946e-08 1.416794338e-08 1.01106854e-08 8.03927202e-09 5.963253075e-09 5.039847134e-09 4.528104764e-09 2.297147258e-09 8.766133193e-10 8.191306133e-10 7.405799256e-10 8.306036771e-10 2.175744119e-09 2.539591996e-09 3.289115381e-09 5.507786092e-09 4.770567277e-09 6.333180163e-09 6.087709963e-09 
6.610606109e-09 5.022650357e-09 5.148275481e-09 3.753767366e-09 4.424583479e-09 3.109990965e-09 1.909924608e-09 1.437523277e-09 9.610700844e-10 5.367694173e-10 6.404801369e-10 1.539962675e-09 2.509631676e-09 4.18665903e-09 6.442017125e-09 7.369767225e-09 1.01479263e-08 1.15024336e-08 1.470784058e-08 1.804218442e-08 1.983482532e-08 1.924251799e-08 2.074609057e-08 2.151833995e-08 2.475587694e-08 1.85562221e-08 1.825844744e-08 1.955790969e-08 1.836583531e-08 1.585202961e-08 1.448353034e-08 1.359268626e-08 1.042106199e-08 8.533265161e-09 7.724032868e-09 4.306849373e-09 1.825988503e-09 3.56918096e-09 3.433357836e-09 6.740018082e-09 5.284486175e-09 8.433092495e-09 1.177273165e-08 1.600496402e-08 2.364191635e-08 3.06145546e-08 3.462667461e-08 3.810529367e-08 3.895340264e-08 5.690350666e-08 5.271508392e-08 6.27668393e-08 6.189669367e-08 6.872024359e-08 6.629295938e-08 6.805434603e-08 6.420319968e-08 7.827940117e-08 7.965007352e-08 7.697523048e-08 9.152136594e-08 9.107996194e-08 9.119881245e-08 7.204813655e-08 7.605891876e-08 9.300690639e-08 9.504992252e-08 8.257422046e-08 8.774621925e-08 8.843679372e-08 8.171806797e-08 8.259161576e-08 7.049120031e-08 5.866368425e-08 6.201431193e-08 6.127442809e-08 4.230307894e-08 5.314268034e-08 3.546309129e-08 4.064787188e-08 3.487229123e-08 2.813474365e-08 2.733084321e-08 1.508615999e-08 2.163640765e-08 1.019914997e-08 9.121107993e-09 5.204640254e-09 5.418082227e-09 3.166106742e-09 2.245641918e-09 3.923591414e-09 4.905287524e-09 4.382875019e-09 7.974677144e-09 7.786085497e-09 1.167630142e-08 1.066823616e-08 1.555751385e-08 1.997413046e-08 2.203481755e-08 2.171261529e-08 1.931150249e-08 2.355626931e-08 1.786491957e-08 1.951190609e-08 1.825864615e-08 1.568634094e-08 1.892227704e-08 1.467665619e-08 1.182710811e-08 7.530198034e-09 7.288735533e-09 4.77601106e-09 3.060318868e-09 2.319907115e-09 1.608927e-09 1.079441677e-09 5.260308127e-10 1.203089615e-09 2.134522486e-09 2.586539257e-09 3.122443773e-09 3.948933017e-09 4.479632767e-09 4.62526147e-09 5.12581342e-09 6.434009888e-09 
5.818732663e-09 6.869858389e-09 5.923888503e-09 4.980579259e-09 4.856061743e-09 3.6890415e-09 2.930984698e-09 2.085550582e-09 1.790624473e-09 1.042532054e-09 6.518822964e-10 1.129670644e-09 1.214182286e-09 3.040628074e-09 4.611517533e-09 6.529283382e-09 7.575443576e-09 1.12682325e-08 1.083545716e-08 1.39780669e-08 1.583046116e-08 1.520566359e-08 1.881945064e-08 2.236719574e-08 2.343640262e-08 2.608846534e-08 2.127978481e-08 1.849710034e-08 2.200601962e-08 1.599258115e-08 1.777937187e-08 1.610750123e-08 1.116009883e-08 1.110871573e-08 6.456605327e-09 5.952095569e-09 6.418973605e-09 3.989434107e-09 2.831144844e-09 3.556634567e-09 2.577910601e-09 5.250933533e-09 4.179603667e-09 8.066088256e-09 1.470204724e-08 1.922859675e-08 1.66851297e-08 2.722566413e-08 2.384939163e-08 3.181272145e-08 3.871036122e-08 4.069871654e-08 4.773434204e-08 4.039247621e-08 4.924402871e-08 5.73593481e-08 6.253214914e-08 7.109798818e-08 7.123198448e-08 7.881425035e-08 5.508122673e-08 7.364503601e-08 6.130914455e-08 8.316544807e-08 5.093632174e-08 7.758817291e-08 7.376828296e-08 6.919033457e-08 7.026702907e-08 5.663854978e-08 6.517799342e-08 5.435160999e-08 5.003345963e-08 4.795245318e-08 5.54678511e-08 4.865526178e-08 4.242985829e-08 3.324630477e-08 3.810574107e-08 2.476592773e-08 2.003294686e-08 1.573332552e-08 1.976067183e-08 1.057953424e-08 7.722951259e-09 9.379926025e-09 4.614138892e-09 3.449327044e-09 3.221874677e-09 1.67440095e-09 3.557761366e-09 5.086091312e-09 5.543763305e-09 7.350937231e-09 9.442529431e-09 1.081314626e-08 1.820297781e-08 1.769608827e-08 1.624430815e-08 1.97983962e-08 1.930933025e-08 2.162141342e-08 1.95751541e-08 1.959498215e-08 2.215135568e-08 2.084187026e-08 1.758912902e-08 1.504043703e-08 1.403594033e-08 1.300517454e-08 9.654958838e-09 9.08841051e-09 6.062302726e-09 3.812730202e-09 2.194067102e-09 2.040126024e-09 1.090839093e-09 6.815072375e-10 1.158930792e-09 1.128321796e-09 2.109975914e-09 2.860008421e-09 3.889764208e-09 3.923647669e-09 4.932521161e-09 5.137184079e-09 6.112697911e-09 6.416866387e-09 
5.971506577e-09 6.361306836e-09 6.771672979e-09 5.312432021e-09 4.378126962e-09 3.91023837e-09 3.332477099e-09 2.862438912e-09 1.973219708e-09 1.420972168e-09 1.028815801e-09 8.42404118e-10 1.515592674e-09 1.412712771e-09 2.927529804e-09 5.060974409e-09 5.698875077e-09 8.820135017e-09 9.429686857e-09 1.360347706e-08 1.41248279e-08 1.535947746e-08 1.6060457e-08 1.649232314e-08 2.036070189e-08 2.272777051e-08 2.292805851e-08 1.987921861e-08 2.102894275e-08 2.28211532e-08 2.238014155e-08 1.617973379e-08 1.565831963e-08 1.343473257e-08 1.203897749e-08 9.259182217e-09 6.71798922e-09 4.881305521e-09 4.396614503e-09 2.962803067e-09 2.66733036e-09 3.930860041e-09 2.688534612e-09 5.23119914e-09 6.332351838e-09 1.04853559e-08 1.061041821e-08 1.61894307e-08 2.149816002e-08 2.264322052e-08 2.770840828e-08 2.980963024e-08 3.112340071e-08 3.785694484e-08 4.612008037e-08 4.19501082e-08 4.218048296e-08 5.32094192e-08 5.464211775e-08 5.365152208e-08 4.662976156e-08 5.50622881e-08 6.043935197e-08 5.699434081e-08 5.261084364e-08 5.25857877e-08 5.086013974e-08 5.824491881e-08 4.766888884e-08 4.713611335e-08 4.211408198e-08 3.496700346e-08 4.128834685e-08 4.514378801e-08 3.354301418e-08 3.609662078e-08 3.642068805e-08 2.791759488e-08 2.276763426e-08 1.890216797e-08 1.402511226e-08 1.110929171e-08 7.311334393e-09 1.021320167e-08 8.868634645e-09 2.83228521e-09 3.387631397e-09 2.25293179e-09 4.513230273e-09 6.04671177e-09 7.335207296e-09 5.39038289e-09 9.012123791e-09 9.129551116e-09 1.437379315e-08 1.595550054e-08 1.87830371e-08 1.632400564e-08 1.987962174e-08 1.63115703e-08 1.864807953e-08 2.249309212e-08 2.327488345e-08 1.909790463e-08 1.945931033e-08 1.907976463e-08 1.282156824e-08 1.357036256e-08 1.425788713e-08 9.193045034e-09 8.930134741e-09 6.024942652e-09 4.619788361e-09 2.321148487e-09 1.55236315e-09 1.08988207e-09 4.989998158e-10 9.924045673e-10 1.099280018e-09 2.063255953e-09 3.020038399e-09 3.346256354e-09 4.458787639e-09 4.075559752e-09 4.768507802e-09 5.358253345e-09 6.404701583e-09 5.816152843e-09 
6.084732266e-09 6.638046592e-09 5.630874002e-09 6.29746763e-09 5.072565681e-09 5.028646898e-09 4.09597234e-09 3.116515936e-09 2.486643471e-09 1.801032772e-09 1.441566195e-09 7.247576048e-10 5.980772772e-10 8.360380151e-10 2.234682332e-09 3.624706752e-09 4.66619537e-09 7.06945465e-09 7.768284152e-09 1.010755097e-08 1.092778674e-08 1.469527873e-08 1.48884437e-08 1.636339163e-08 2.327443703e-08 1.974386211e-08 1.857525344e-08 1.923748697e-08 2.500893419e-08 2.239285301e-08 2.181232357e-08 2.13367097e-08 2.147318642e-08 1.527733724e-08 1.343106827e-08 1.35836142e-08 1.093233723e-08 1.040302004e-08 6.843385519e-09 5.871758241e-09 3.667189752e-09 3.347429217e-09 2.904867131e-09 2.233862974e-09 4.467279937e-09 4.49260021e-09 9.631319775e-09 6.758086827e-09 1.138651286e-08 1.45669852e-08 2.052963256e-08 1.908965338e-08 1.964259804e-08 2.608170679e-08 3.22357893e-08 3.299528995e-08 3.681919497e-08 3.132600099e-08 3.565154916e-08 3.709385823e-08 3.828149878e-08 4.368663082e-08 4.329254492e-08 4.279933377e-08 5.060366071e-08 4.516852343e-08 3.538009574e-08 3.8891634e-08 3.62280935e-08 3.709662877e-08 3.707364123e-08 2.978116233e-08 2.920382951e-08 2.613798129e-08 2.520681015e-08 1.696949971e-08 1.834770128e-08 1.508064501e-08 1.644205668e-08 1.175662695e-08 8.678173841e-09 7.821958827e-09 7.501746678e-09 4.344659098e-09 3.833719941e-09 3.14434227e-09 3.883217405e-09 3.161192962e-09 6.089718721e-09 8.771931484e-09 7.159185679e-09 9.106102751e-09 1.254730848e-08 1.746663428e-08 1.5109952e-08 1.88097827e-08 2.048293614e-08 2.010963885e-08 1.813208448e-08 1.79252757e-08 2.351095044e-08 2.100599475e-08 1.737422386e-08 1.866338681e-08 1.687461007e-08 1.649823447e-08 1.393030794e-08 8.749061056e-09 1.147499428e-08 8.037148219e-09 7.588567475e-09 4.371779561e-09 2.825586334e-09 2.689049945e-09 1.48228059e-09 6.669270659e-10 6.704209481e-10 1.121874011e-09 2.047457617e-09 2.466064151e-09 3.221230897e-09 3.392780987e-09 5.245670353e-09 4.9286978e-09 5.826385404e-09 7.090049885e-09 6.912547499e-09 6.794919173e-09 
6.373976665e-09 6.580889854e-09 4.491557356e-09 5.653815424e-09 5.637626722e-09 5.357723165e-09 4.789527519e-09 4.083281987e-09 3.646497387e-09 2.281779685e-09 1.861847178e-09 1.550609088e-09 1.025904856e-09 7.721714908e-10 1.430132359e-09 2.584819963e-09 3.06054498e-09 4.675988462e-09 6.282225642e-09 9.66672729e-09 9.499254535e-09 1.252180494e-08 1.318871845e-08 1.956885991e-08 1.791938388e-08 1.932267408e-08 1.899324692e-08 2.505216322e-08 2.143620003e-08 2.127287627e-08 2.178750461e-08 2.061907148e-08 1.832779626e-08 1.83417944e-08 1.899233295e-08 1.24278686e-08 1.371540416e-08 1.203823752e-08 7.585453908e-09 7.54284647e-09 7.02708121e-09 4.537235976e-09 3.054767901e-09 3.612156964e-09 3.126599554e-09 3.35326839e-09 4.125652135e-09 5.118225496e-09 6.197385186e-09 7.461525709e-09 7.059149992e-09 1.461315665e-08 1.476487866e-08 1.377218426e-08 1.67269265e-08 2.035226954e-08 1.780051891e-08 2.176647022e-08 2.525099862e-08 3.05109022e-08 2.106026117e-08 3.162013646e-08 2.139817952e-08 3.488583378e-08 2.401069506e-08 2.764437188e-08 2.118587175e-08 2.581776686e-08 2.636814012e-08 2.843348672e-08 1.917281836e-08 2.010543969e-08 1.709097748e-08 1.635071905e-08 1.486664499e-08 1.18808791e-08 7.810331822e-09 3.268055079e-09 8.088026012e-09 6.512278472e-09 4.374725419e-09 5.123165166e-09 2.558029864e-09 4.189484271e-09 3.644549131e-09 4.206897779e-09 5.92218547e-09 7.045808693e-09 8.47252565e-09 8.990267559e-09 1.235247615e-08 1.068721041e-08 1.12610064e-08 1.491440876e-08 1.508425356e-08 2.166754425e-08 2.325768557e-08 2.153542e-08 1.755955031e-08 2.103485205e-08 2.08332362e-08 2.164473788e-08 1.860516418e-08 1.829569987e-08 1.514580177e-08 1.244628129e-08 9.980702476e-09 1.011153301e-08 8.214833154e-09 6.120093645e-09 3.824876153e-09 3.037415027e-09 1.866661433e-09 1.331134042e-09 8.100029273e-10 6.936380687e-10 9.445501864e-10 1.409098192e-09 2.503820067e-09 3.054530583e-09 3.455370515e-09 5.254200353e-09 5.944526056e-09 7.29430477e-09 6.184227351e-09 6.161004388e-09 7.166824113e-09 5.907410593e-09 
6.570295136e-09 6.605745451e-09 7.425049879e-09 6.105744734e-09 6.657404699e-09 5.957116641e-09 4.914206966e-09 4.726119034e-09 4.31581699e-09 3.226532036e-09 2.736729977e-09 2.113492545e-09 9.875857531e-10 7.658913827e-10 1.052435632e-09 8.276697902e-10 2.034371335e-09 2.187562252e-09 4.906962161e-09 6.133436342e-09 9.012166426e-09 9.99792497e-09 1.091109743e-08 1.283796456e-08 1.446124895e-08 1.664130041e-08 1.8817079e-08 2.341918618e-08 2.335451123e-08 1.80450273e-08 1.542038415e-08 2.049454882e-08 2.214277172e-08 2.347928756e-08 1.449244468e-08 2.016106837e-08 1.352929943e-08 1.366176702e-08 9.549951425e-09 7.802892938e-09 7.998510234e-09 8.480471394e-09 7.89665851e-09 5.037405612e-09 3.681007215e-09 3.031649152e-09 3.222829857e-09 3.343052051e-09 2.723252561e-09 4.768013844e-09 2.77991619e-09 5.604004023e-09 7.086978768e-09 9.210806432e-09 1.051404699e-08 1.062753497e-08 1.204046202e-08 9.017748619e-09 1.751000028e-08 1.664249215e-08 1.647369108e-08 1.953319087e-08 2.351947096e-08 1.324441177e-08 1.382617067e-08 1.843061047e-08 1.498109125e-08 1.411525813e-08 1.870564035e-08 1.483509164e-08 1.55754971e-08 1.167810241e-08 1.140717767e-08 6.481775561e-09 8.94526406e-09 7.004507602e-09 4.780389891e-09 5.746391297e-09 4.054376611e-09 2.75476217e-09 3.095428702e-09 3.016082104e-09 3.94005573e-09 5.026400439e-09 6.13546289e-09 6.575927192e-09 7.951775767e-09 9.004160905e-09 1.212464365e-08 1.116841216e-08 1.607236053e-08 1.468587835e-08 1.635507486e-08 1.992142044e-08 1.869743922e-08 2.132954097e-08 2.251799623e-08 1.914448656e-08 1.789727514e-08 2.026922785e-08 1.879135764e-08 1.848231255e-08 1.709908511e-08 1.502573842e-08 1.386013484e-08 1.091384184e-08 1.028532735e-08 7.334275052e-09 6.391312851e-09 5.039970831e-09 4.056404067e-09 1.839281997e-09 1.089994016e-09 5.130948965e-10 6.830714102e-10 6.867556831e-10 1.869007269e-09 1.95743373e-09 3.222815086e-09 3.83293274e-09 4.300712731e-09 6.322342061e-09 5.182603246e-09 6.773970682e-09 6.710004233e-09 6.700737008e-09 6.798118212e-09 6.209542807e-09 
5.624744748e-09 6.045052027e-09 5.472073269e-09 6.525855876e-09 7.424116733e-09 5.356244454e-09 5.092547783e-09 4.426110187e-09 3.514088873e-09 3.088763321e-09 2.158491272e-09 1.984872033e-09 2.080130552e-09 7.9088937e-10 6.394811513e-10 5.329709668e-10 1.482435369e-09 2.673943361e-09 4.027694315e-09 4.527305918e-09 7.573292843e-09 7.081250871e-09 9.186675101e-09 1.246041477e-08 1.364031222e-08 1.531242659e-08 1.648773665e-08 1.686139565e-08 1.822047334e-08 2.17305119e-08 1.75673309e-08 2.119337815e-08 2.300801434e-08 1.869818334e-08 1.867305734e-08 2.122520908e-08 2.147373021e-08 1.621639911e-08 1.367935534e-08 1.432598459e-08 1.221733885e-08 1.133413308e-08 7.973329779e-09 7.733699223e-09 7.774018319e-09 6.395172516e-09 4.217548417e-09 3.218186691e-09 3.075949349e-09 3.752719585e-09 2.5069758e-09 2.480364256e-09 2.234692465e-09 5.12873033e-09 5.771166948e-09 6.414244074e-09 5.179302458e-09 8.818762328e-09 8.182152655e-09 7.179201707e-09 7.052869614e-09 7.374895493e-09 1.190618619e-08 1.097173511e-08 1.012163342e-08 7.082787674e-09 9.083264725e-09 1.152211643e-08 9.279859625e-09 6.210867823e-09 1.102951464e-08 3.845155756e-09 3.383796158e-09 4.146753503e-09 4.922084226e-09 1.618671436e-09 1.715974997e-09 2.90853562e-09 1.84652083e-09 2.987143604e-09 3.98025083e-09 4.060688878e-09 4.13268095e-09 6.32437493e-09 8.935459159e-09 8.015280033e-09 1.104199839e-08 1.092911636e-08 1.424583423e-08 1.328600903e-08 1.738417486e-08 1.738217532e-08 1.74603262e-08 2.191069243e-08 2.529742251e-08 1.987482861e-08 2.171410285e-08 2.388816816e-08 2.205413857e-08 2.029795204e-08 1.524803204e-08 1.878084462e-08 1.479685029e-08 1.349055225e-08 1.178448317e-08 8.252532803e-09 8.463140142e-09 5.277624775e-09 4.653765269e-09 2.683608917e-09 2.448219507e-09 2.184931944e-09 5.666975436e-10 8.704747768e-10 9.047869602e-10 1.303480217e-09 1.870446552e-09 2.375176999e-09 3.685880759e-09 4.189584869e-09 4.42436077e-09 5.556635765e-09 6.722412304e-09 6.560084313e-09 7.40940638e-09 6.38860473e-09 4.862957499e-09 4.23045079e-09 
4.192998204e-09 6.183957045e-09 6.536106542e-09 6.823880058e-09 6.317828436e-09 5.546792175e-09 5.108923999e-09 5.002606687e-09 5.193588194e-09 3.473497852e-09 3.509655065e-09 3.4061778e-09 2.521593531e-09 1.862405286e-09 1.043451692e-09 5.551291912e-10 8.459156031e-10 1.127718048e-09 2.698721798e-09 2.990451628e-09 6.019058314e-09 7.485646957e-09 7.140298512e-09 1.116307752e-08 1.064190143e-08 1.467961343e-08 1.401283314e-08 1.740654677e-08 1.856225373e-08 1.692266526e-08 1.862570244e-08 2.034148238e-08 2.450945487e-08 1.989898694e-08 1.970054925e-08 2.332868653e-08 1.948454652e-08 1.909229161e-08 1.903238217e-08 1.593105128e-08 1.683904824e-08 1.160731459e-08 1.137535486e-08 1.202402956e-08 7.815448732e-09 8.358832224e-09 7.284321428e-09 6.653914262e-09 5.34354812e-09 3.917874767e-09 5.267395994e-09 2.784494388e-09 2.974669574e-09 3.428325946e-09 1.971935404e-09 3.476817913e-09 2.294616121e-09 2.146186874e-09 4.766770433e-09 3.321266481e-09 4.059763024e-09 3.671131378e-09 4.559236687e-09 6.987530081e-09 5.700301149e-09 4.27571184e-09 3.801048094e-09 5.805617297e-09 4.717074457e-09 5.230511953e-09 3.970939914e-09 3.404245545e-09 2.81294302e-09 3.229937185e-09 4.009838816e-09 3.343208264e-09 2.663858211e-09 3.815492552e-09 4.902056635e-09 5.28619866e-09 5.766777332e-09 5.356550889e-09 6.947827422e-09 8.839033484e-09 1.303699115e-08 1.162458168e-08 1.433017236e-08 1.595824155e-08 1.549892963e-08 1.673548039e-08 1.825472589e-08 2.004373956e-08 2.151798297e-08 2.460021286e-08 1.837865434e-08 2.064906421e-08 1.869468948e-08 1.972098673e-08 2.023799544e-08 1.93954035e-08 1.787329382e-08 1.559965717e-08 1.203374496e-08 9.438483031e-09 1.110856737e-08 8.084536788e-09 5.655114508e-09 5.987756333e-09 3.226989314e-09 2.621102476e-09 1.53218601e-09 9.982429759e-10 8.443809953e-10 8.520300964e-10 1.293581005e-09 1.880090694e-09 2.975404146e-09 3.251354091e-09 4.266539504e-09 4.532239127e-09 5.577642834e-09 6.342638926e-09 6.645031812e-09 4.98953925e-09 6.949686807e-09 6.10883058e-09 6.03548275e-09 4.72258377e-09 
4.581868127e-09 5.535797559e-09 6.048251017e-09 6.599564236e-09 5.229160061e-09 6.305332183e-09 7.063059495e-09 5.331990818e-09 5.181557884e-09 4.914172717e-09 4.319074761e-09 2.89443659e-09 2.689535922e-09 1.823385613e-09 1.392054188e-09 9.679787382e-10 8.614026515e-10 9.672072958e-10 9.797331658e-10 2.360523466e-09 3.056801101e-09 4.985155246e-09 7.083297421e-09 7.637700335e-09 7.179812398e-09 1.132452638e-08 1.322072478e-08 1.707635806e-08 1.629737901e-08 1.782579476e-08 2.088924217e-08 1.817412274e-08 2.022929882e-08 2.243355133e-08 2.055513293e-08 1.990058619e-08 2.091776179e-08 2.180962721e-08 1.941209046e-08 2.132167247e-08 1.975382268e-08 1.606476264e-08 1.524383177e-08 1.411131354e-08 1.033901254e-08 1.130543355e-08 1.141420781e-08 9.457670659e-09 9.39598135e-09 6.592363724e-09 4.257878664e-09 4.976986046e-09 5.543314976e-09 3.419679914e-09 3.957915029e-09 3.047603918e-09 2.637437635e-09 2.973930007e-09 3.534106548e-09 2.403735709e-09 2.155081095e-09 2.587654665e-09 3.095092749e-09 3.31252206e-09 2.398004966e-09 2.312662035e-09 2.387312599e-09 2.822802546e-09 1.725104688e-09 3.909657127e-09 1.874513039e-09 2.967790819e-09 2.745791975e-09 4.371702563e-09 4.345490829e-09 5.202514245e-09 5.051998079e-09 6.585289933e-09 8.462267891e-09 5.932897822e-09 1.252505913e-08 9.915974272e-09 1.216678233e-08 1.280426449e-08 1.28420721e-08 1.479240294e-08 1.564626103e-08 1.694061245e-08 2.094530521e-08 1.884065182e-08 1.90577498e-08 1.967157518e-08 2.051657112e-08 2.075121269e-08 2.154607161e-08 1.807098325e-08 2.100326716e-08 2.130883823e-08 1.880250434e-08 1.879483471e-08 1.568049468e-08 1.396009474e-08 9.730143492e-09 8.332600953e-09 7.722326195e-09 5.945178008e-09 3.685317174e-09 2.92425198e-09 2.261119931e-09 1.914616466e-09 1.000279695e-09 8.203012969e-10 1.188411498e-09 1.702865146e-09 1.870427296e-09 3.089062863e-09 3.409640029e-09 3.637103985e-09 4.440207809e-09 4.972005122e-09 6.106942528e-09 6.61338664e-09 6.15650136e-09 5.964924319e-09 6.138482449e-09 5.391715109e-09 5.728248225e-09 4.913544208e-09 
4.079989796e-09 5.40532016e-09 5.116581537e-09 6.391602572e-09 6.412625402e-09 5.615467069e-09 6.389793652e-09 6.699103934e-09 5.536501343e-09 5.20134944e-09 4.982668512e-09 4.242290456e-09 3.879802219e-09 2.69833306e-09 2.141779647e-09 1.39067628e-09 1.005391977e-09 7.230924011e-10 6.354761061e-10 8.526795238e-10 2.376884143e-09 3.099738874e-09 4.702832457e-09 5.357002738e-09 6.456368268e-09 9.23455566e-09 1.040282551e-08 1.224650959e-08 1.333024636e-08 1.530661355e-08 1.822577016e-08 1.728988008e-08 1.992168234e-08 2.286159208e-08 2.280798273e-08 1.991275818e-08 1.962837739e-08 2.379120629e-08 2.142248807e-08 2.453118714e-08 1.951470777e-08 1.896183515e-08 1.961423447e-08 1.695826099e-08 1.642104804e-08 1.576836776e-08 1.322317568e-08 1.199175834e-08 1.092921937e-08 9.405517308e-09 7.709826146e-09 8.122989805e-09 8.527867988e-09 6.455979739e-09 4.352786572e-09 5.718004799e-09 5.878042474e-09 5.919139383e-09 4.104845712e-09 4.571732179e-09 3.744467883e-09 3.62203075e-09 3.652549326e-09 4.605545564e-09 3.899685667e-09 4.699216749e-09 2.863550215e-09 3.797689876e-09 4.463862288e-09 5.760040798e-09 3.620061938e-09 5.748544467e-09 5.124915933e-09 7.33472012e-09 7.277557145e-09 6.821459809e-09 7.142980029e-09 9.248625756e-09 9.555757747e-09 1.040943739e-08 1.418090403e-08 1.258201581e-08 1.508907284e-08 1.125284944e-08 1.654054425e-08 1.795367232e-08 2.101511241e-08 1.917203005e-08 1.995036744e-08 1.930995642e-08 2.004191733e-08 2.312178323e-08 1.683416734e-08 2.191450645e-08 1.706883095e-08 1.844493249e-08 1.697136976e-08 1.666994426e-08 1.47313397e-08 1.428036258e-08 1.389364778e-08 1.071609994e-08 9.020611363e-09 7.148598652e-09 6.931644136e-09 6.280812765e-09 3.351383539e-09 2.512526686e-09 8.682715363e-10 9.320929223e-10 8.523949198e-10 1.020889552e-09 1.639132525e-09 2.169028641e-09 2.273594028e-09 3.696293526e-09 3.963768706e-09 4.556196847e-09 4.898736525e-09 6.244122924e-09 5.72996493e-09 5.275001847e-09 6.286101249e-09 6.043428715e-09 5.69427684e-09 5.536098156e-09 5.111736737e-09 5.291087888e-09 
4.062922439e-09 5.426401194e-09 4.864318926e-09 5.496722034e-09 6.008080451e-09 7.194157878e-09 6.764472149e-09 6.408478861e-09 7.371107948e-09 6.847429213e-09 4.829146065e-09 5.787781879e-09 3.952878058e-09 2.90358783e-09 3.345991652e-09 1.727917192e-09 1.503411434e-09 9.054426337e-10 6.84175491e-10 6.779620638e-10 1.066300696e-09 2.052491033e-09 3.975228529e-09 4.800446449e-09 6.091369956e-09 5.73002328e-09 1.012711595e-08 1.124375377e-08 1.237351586e-08 1.167902895e-08 1.680193222e-08 1.847219606e-08 1.615507428e-08 1.713181836e-08 1.841031016e-08 2.182785757e-08 2.212641634e-08 2.237493663e-08 2.132554294e-08 2.006920824e-08 2.175619195e-08 2.028905936e-08 2.195694419e-08 2.108312796e-08 1.691913352e-08 1.485694525e-08 2.020951124e-08 1.584651573e-08 1.629404655e-08 1.491637152e-08 1.294781059e-08 1.005096674e-08 1.133751127e-08 1.076678358e-08 8.191660469e-09 7.684621742e-09 4.412194366e-09 8.090705765e-09 7.584722713e-09 8.624327256e-09 6.224657368e-09 6.976983431e-09 6.411073932e-09 8.179599937e-09 6.809069711e-09 6.232785078e-09 5.128560911e-09 5.847855221e-09 6.877302195e-09 8.395157773e-09 8.906074592e-09 8.525097257e-09 8.938400494e-09 8.368712408e-09 7.881637804e-09 1.264220374e-08 1.226681751e-08 1.295770083e-08 1.350971586e-08 1.766324143e-08 1.477041013e-08 1.467149351e-08 1.757759637e-08 1.770288416e-08 1.879329647e-08 1.951733304e-08 2.257302142e-08 2.213332724e-08 2.205236901e-08 2.094274234e-08 2.311245539e-08 2.022459433e-08 1.928531318e-08 2.219118615e-08 1.650191567e-08 1.804133679e-08 1.824150963e-08 1.421070298e-08 1.521635198e-08 1.216379122e-08 9.492836606e-09 8.725020588e-09 7.050008979e-09 7.764846687e-09 4.738105259e-09 3.907914157e-09 2.340993133e-09 1.598475042e-09 8.119208866e-10 7.740426119e-10 1.034193147e-09 1.119834528e-09 1.808057379e-09 1.82980066e-09 3.061331976e-09 3.937293727e-09 5.293851039e-09 5.284754092e-09 5.917657395e-09 5.993822428e-09 6.372911528e-09 6.149692021e-09 6.626167781e-09 6.498994843e-09 5.294757497e-09 5.367912643e-09 3.907498082e-09 3.666787984e-09 
2.594193158e-09 3.875712606e-09 4.987115183e-09 4.991899172e-09 5.575470502e-09 4.75323264e-09 6.140855132e-09 6.012809298e-09 6.682021637e-09 7.843190877e-09 5.57519863e-09 4.86062352e-09 4.226482628e-09 4.251926526e-09 2.894094267e-09 2.09060983e-09 2.662070619e-09 1.451109781e-09 1.16011351e-09 6.454156292e-10 7.895460392e-10 9.901604168e-10 2.185747201e-09 3.22755191e-09 3.707607861e-09 5.24567331e-09 6.833982707e-09 8.263345952e-09 8.208954431e-09 9.722567244e-09 1.33825295e-08 1.65033313e-08 1.580913211e-08 1.520891005e-08 2.12415757e-08 1.828956188e-08 1.742596853e-08 2.096282409e-08 2.004259544e-08 2.430987905e-08 2.164175123e-08 2.374473049e-08 2.11880255e-08 2.334003301e-08 2.049396323e-08 2.001724516e-08 1.838340755e-08 1.799672226e-08 1.741142714e-08 1.432909446e-08 1.732019769e-08 1.594469043e-08 1.116099584e-08 1.096052234e-08 1.458005176e-08 1.13200884e-08 1.18207794e-08 1.02807106e-08 8.925681177e-09 1.204508358e-08 1.130340583e-08 8.152922022e-09 8.278294894e-09 1.024798933e-08 1.017644606e-08 1.140674235e-08 1.00242409e-08 1.023372593e-08 8.132434516e-09 9.766173493e-09 9.915642571e-09 1.140911745e-08 1.251700058e-08 1.198087381e-08 1.396068903e-08 1.587568518e-08 1.471648535e-08 1.727007642e-08 1.782838701e-08 1.67412839e-08 1.961762448e-08 1.674896568e-08 1.993167001e-08 2.299131184e-08 2.175521353e-08 2.109409629e-08 2.266059651e-08 2.114509718e-08 2.239913605e-08 1.674994924e-08 2.182989261e-08 2.167697994e-08 1.613524142e-08 1.426567591e-08 1.232829324e-08 1.295565982e-08 1.100653744e-08 1.062549139e-08 1.144e-08 8.863997477e-09 7.078158141e-09 5.633301222e-09 5.607390427e-09 2.690313087e-09 2.317176297e-09 2.349922845e-09 9.949358881e-10 8.500817756e-10 8.798888246e-10 8.183470187e-10 1.157104366e-09 1.774021077e-09 2.573899636e-09 4.081945239e-09 3.95575233e-09 5.015156939e-09 6.020862482e-09 4.958613926e-09 6.42230726e-09 7.182841875e-09 6.813739914e-09 6.228872977e-09 6.09562414e-09 5.579256288e-09 5.541026068e-09 5.16645039e-09 3.416017961e-09 3.45049374e-09 
2.082596655e-09 2.542334927e-09 4.439050046e-09 3.995542304e-09 5.316882491e-09 5.909436159e-09 6.118334512e-09 5.774710526e-09 6.305279639e-09 6.566306933e-09 5.701615637e-09 6.077298451e-09 5.716356933e-09 4.180253315e-09 4.125536478e-09 3.673353063e-09 2.931476826e-09 2.124335598e-09 1.497753583e-09 1.075443758e-09 5.117354971e-10 8.878466026e-10 1.231982858e-09 2.660740657e-09 1.936141359e-09 2.752293984e-09 3.919242964e-09 6.480379152e-09 7.857810757e-09 5.943508769e-09 1.060930109e-08 1.065119668e-08 9.998543735e-09 1.364744539e-08 1.565363222e-08 1.612541319e-08 1.804385854e-08 2.095690531e-08 1.868039087e-08 1.93420898e-08 2.224269246e-08 2.03520084e-08 2.337425772e-08 2.321870985e-08 2.159456778e-08 2.132583786e-08 1.995402308e-08 1.958177653e-08 2.41122528e-08 1.96242985e-08 1.723479755e-08 1.962579164e-08 1.669150161e-08 1.870315679e-08 1.686602382e-08 1.153864315e-08 1.536605221e-08 1.537546172e-08 1.48388799e-08 1.319333588e-08 1.566263952e-08 1.442923755e-08 1.381122759e-08 1.105223827e-08 1.17729124e-08 1.133369853e-08 1.44613042e-08 1.126355347e-08 1.366772687e-08 1.599785805e-08 1.366249028e-08 1.598353041e-08 1.356774274e-08 1.627816558e-08 1.693734523e-08 1.621186731e-08 1.844961958e-08 1.937833247e-08 2.166730918e-08 1.889624577e-08 2.468373597e-08 1.801619785e-08 2.061595698e-08 2.235007451e-08 2.051092744e-08 2.147154307e-08 2.178984807e-08 2.046661468e-08 1.984145738e-08 1.562897585e-08 1.825253742e-08 1.386374203e-08 1.545333136e-08 1.44541416e-08 1.55112949e-08 1.365341987e-08 1.161102942e-08 8.733871147e-09 9.87119339e-09 8.397536454e-09 5.458932939e-09 3.800433815e-09 3.210659848e-09 3.262540019e-09 2.062469247e-09 1.677054558e-09 9.243079697e-10 7.556009376e-10 1.008303081e-09 1.692245675e-09 2.24228384e-09 2.530086722e-09 2.790554077e-09 4.19993773e-09 4.5694803e-09 5.483540674e-09 4.65779564e-09 5.908481328e-09 6.862607494e-09 6.401128226e-09 6.891952638e-09 6.549839579e-09 5.826630518e-09 5.343117079e-09 4.270428035e-09 4.455538126e-09 3.468137174e-09 2.477059045e-09 
2.018457339e-09 2.897117962e-09 4.063384015e-09 3.46525389e-09 4.489151254e-09 5.866510321e-09 5.115921592e-09 5.905419701e-09 6.32314545e-09 6.421491176e-09 6.822391315e-09 6.194260638e-09 5.331894594e-09 4.784029382e-09 4.050680167e-09 4.3708013e-09 3.256755565e-09 2.236577624e-09 2.005255612e-09 1.363905892e-09 1.158310877e-09 8.434588672e-10 7.599006655e-10 9.835988043e-10 1.771225012e-09 1.278132274e-09 4.149057734e-09 4.784138426e-09 5.589082851e-09 6.177784269e-09 5.927714065e-09 9.584126871e-09 1.044499519e-08 1.128839719e-08 1.453731571e-08 1.443007475e-08 1.447974698e-08 1.990742337e-08 1.821516047e-08 1.988029283e-08 2.110911224e-08 2.153815907e-08 2.389961587e-08 2.419004353e-08 2.051610177e-08 2.12231071e-08 2.055583997e-08 2.359786508e-08 1.787571496e-08 2.138091415e-08 1.865590968e-08 1.917404232e-08 1.949079271e-08 2.155336099e-08 1.88008602e-08 1.801942963e-08 1.663697189e-08 1.330139673e-08 1.502517451e-08 1.776521119e-08 1.711976423e-08 1.556243841e-08 1.739326232e-08 1.743437903e-08 1.692686779e-08 1.71250437e-08 1.896598805e-08 1.449813217e-08 1.556674191e-08 1.596245566e-08 2.06706645e-08 1.458838285e-08 1.757446251e-08 1.734464187e-08 2.054364892e-08 1.70605838e-08 1.906229316e-08 2.207119038e-08 2.194094e-08 2.094286285e-08 2.309623811e-08 2.135307078e-08 2.064762819e-08 2.142805035e-08 1.973189571e-08 2.208781486e-08 2.143135038e-08 2.072004908e-08 1.847961776e-08 1.72430574e-08 1.374067496e-08 1.807599366e-08 1.287142226e-08 1.416009555e-08 1.295602146e-08 9.623653372e-09 9.16844212e-09 6.880268975e-09 7.050968936e-09 6.101961166e-09 4.107598241e-09 3.063580298e-09 1.455194636e-09 1.33821623e-09 8.581527836e-10 5.89443961e-10 6.434077329e-10 1.221451418e-09 1.988366396e-09 2.010909036e-09 2.627128903e-09 3.583272214e-09 3.806893069e-09 5.057826094e-09 5.061766205e-09 6.764514265e-09 5.401884027e-09 6.981008128e-09 6.527517662e-09 5.909918523e-09 6.859122718e-09 7.101058864e-09 5.512036111e-09 4.904777306e-09 3.478200803e-09 3.393304798e-09 3.116577494e-09 2.052246561e-09 
2.032855617e-09 2.169165092e-09 2.692719697e-09 3.310030486e-09 4.074139775e-09 4.629366601e-09 5.886274251e-09 6.030934897e-09 5.942377164e-09 6.269094773e-09 6.269693009e-09 5.930693554e-09 5.751005229e-09 6.579821391e-09 4.907779001e-09 4.190387736e-09 3.971683068e-09 3.907003162e-09 2.864835107e-09 2.035896913e-09 1.692906043e-09 1.127724331e-09 1.063067873e-09 5.312520496e-10 1.042566066e-09 6.726087759e-10 2.510925107e-09 2.74476978e-09 3.560137211e-09 5.091308176e-09 5.914516318e-09 8.29987821e-09 8.046285858e-09 1.101218336e-08 1.046804205e-08 1.294788466e-08 1.321792839e-08 1.499944893e-08 1.326177812e-08 1.765368491e-08 1.783687309e-08 1.954065748e-08 1.894880784e-08 2.278628226e-08 2.136765674e-08 1.817774443e-08 2.219237554e-08 2.107263572e-08 1.891667374e-08 2.269570597e-08 2.455076618e-08 1.758164356e-08 1.998572041e-08 2.076732667e-08 1.932868021e-08 2.283466735e-08 2.132663361e-08 2.080096097e-08 1.888035933e-08 1.985047566e-08 1.813357639e-08 1.939148794e-08 1.914983908e-08 2.072454396e-08 2.182833605e-08 1.957898847e-08 1.712660795e-08 1.920696313e-08 1.883231536e-08 1.677070073e-08 2.267268173e-08 1.972819243e-08 1.861698939e-08 2.240678909e-08 2.26780574e-08 1.837083513e-08 1.937269735e-08 2.255306771e-08 2.139582922e-08 1.955110084e-08 2.19828229e-08 2.201456061e-08 2.057470232e-08 2.058587302e-08 1.821377564e-08 1.942751452e-08 2.11190531e-08 1.822231773e-08 1.804112377e-08 1.765014617e-08 1.378476722e-08 1.399610712e-08 9.554566355e-09 1.320855617e-08 1.162223171e-08 1.070131282e-08 6.291713661e-09 5.891224217e-09 5.361029467e-09 3.860860764e-09 2.478925593e-09 1.74380795e-09 1.564495398e-09 8.242787852e-10 1.028838689e-09 8.868500883e-10 1.11573281e-09 1.537557513e-09 2.27897417e-09 2.854017957e-09 3.563486068e-09 5.169890341e-09 4.388591434e-09 5.004020013e-09 6.483526281e-09 5.767573504e-09 6.909517317e-09 6.272723323e-09 7.658260475e-09 6.826046112e-09 6.201071893e-09 5.173665299e-09 4.602052296e-09 4.251777838e-09 3.271804077e-09 2.948636635e-09 2.054613979e-09 1.542637468e-09 
1.599689458e-09 1.564550817e-09 2.126879947e-09 3.091404241e-09 2.762708471e-09 4.168622669e-09 4.465646671e-09 5.628555285e-09 6.025952701e-09 6.10919667e-09 6.587426828e-09 5.457452979e-09 6.58697114e-09 5.435318196e-09 6.038186804e-09 5.186825806e-09 4.368104833e-09 4.873169691e-09 3.154995254e-09 2.644343383e-09 2.749653676e-09 1.956341839e-09 1.432795055e-09 8.837259855e-10 8.267952513e-10 8.035855023e-10 9.755306798e-10 1.8709673e-09 2.841303674e-09 2.533810211e-09 3.326136588e-09 5.044769612e-09 6.664063139e-09 7.723107954e-09 7.591403529e-09 9.146493691e-09 1.123961988e-08 1.336249607e-08 1.752520225e-08 1.689731415e-08 1.784530734e-08 1.976810796e-08 1.670039272e-08 1.862388407e-08 2.170520005e-08 2.153819531e-08 2.012964901e-08 2.143243425e-08 2.080081104e-08 1.767974831e-08 2.112536439e-08 2.458900644e-08 2.207829166e-08 2.15688964e-08 2.214374166e-08 1.961751046e-08 2.223128151e-08 2.438895312e-08 1.865225495e-08 1.98283802e-08 1.853462328e-08 1.951104923e-08 2.08666559e-08 2.068244523e-08 1.821274772e-08 1.98990877e-08 2.139853217e-08 1.980375635e-08 1.843587867e-08 2.240016996e-08 2.010076132e-08 2.315595107e-08 2.33631613e-08 2.313822344e-08 2.313395626e-08 2.302065203e-08 2.180397182e-08 1.689112782e-08 2.248776571e-08 2.081847013e-08 2.250278326e-08 2.048353579e-08 1.790075752e-08 2.343368265e-08 1.73059856e-08 1.579062499e-08 1.61521201e-08 1.51381751e-08 1.372918675e-08 1.318316496e-08 1.272155451e-08 1.097026437e-08 1.098321923e-08 9.086240298e-09 7.945573623e-09 6.888457536e-09 4.923546728e-09 4.596177475e-09 2.993344506e-09 2.366792714e-09 1.543545954e-09 1.695013354e-09 7.949143927e-10 8.792546075e-10 1.001168653e-09 1.411419575e-09 1.749413018e-09 2.027467218e-09 2.479652988e-09 3.787398131e-09 4.955557084e-09 4.78904756e-09 5.440045207e-09 6.149721398e-09 6.360388008e-09 6.867149368e-09 6.394665627e-09 6.792211812e-09 5.601953984e-09 5.015812008e-09 6.070459428e-09 5.195078228e-09 3.597290107e-09 3.666544151e-09 3.079361017e-09 1.830061355e-09 1.502058003e-09 1.418594332e-09 
8.925782936e-10 1.855718747e-09 1.886946917e-09 2.69748921e-09 3.343387917e-09 3.632342038e-09 4.112935183e-09 4.783164353e-09 4.968022532e-09 6.653353657e-09 7.426317145e-09 6.86750843e-09 7.530354324e-09 5.833129684e-09 5.985340479e-09 5.337136814e-09 5.686748121e-09 4.640029622e-09 5.35066717e-09 3.680852189e-09 2.494627071e-09 3.123779298e-09 2.184448302e-09 1.944025635e-09 1.331455619e-09 7.812268856e-10 5.893205161e-10 7.740744529e-10 8.660868524e-10 1.471159754e-09 2.231430522e-09 4.01341058e-09 4.325526083e-09 5.461328868e-09 6.40597908e-09 7.064495428e-09 9.194293723e-09 1.009975159e-08 1.246333731e-08 1.044802943e-08 1.549644499e-08 1.509059048e-08 1.531721852e-08 1.762663759e-08 1.797542936e-08 1.522421396e-08 1.664491629e-08 1.736079625e-08 1.982250301e-08 2.359881943e-08 2.214762565e-08 2.255675777e-08 1.830722665e-08 1.931802237e-08 1.92852245e-08 2.234501584e-08 2.365412654e-08 2.420677686e-08 2.147212129e-08 2.25771134e-08 2.105359396e-08 2.121542877e-08 1.868634556e-08 2.222996077e-08 1.920897375e-08 2.284217162e-08 2.54226742e-08 2.050143507e-08 2.008341323e-08 2.154174519e-08 1.88405824e-08 1.957980236e-08 1.695974668e-08 2.172816662e-08 2.197125646e-08 2.23321103e-08 2.077452666e-08 2.025568698e-08 2.325681294e-08 1.982895535e-08 1.971238078e-08 1.902983623e-08 1.710784618e-08 1.632413481e-08 1.399481551e-08 1.422836552e-08 1.440783264e-08 1.579937985e-08 1.260505053e-08 1.189067264e-08 8.94504416e-09 8.649761781e-09 8.748266046e-09 5.628425708e-09 6.216211567e-09 3.739566001e-09 1.74765717e-09 2.251227297e-09 2.084145332e-09 1.290106778e-09 1.278033046e-09 8.8378263e-10 9.593256965e-10 1.277420955e-09 1.835951663e-09 2.252386967e-09 2.112320729e-09 3.340728426e-09 3.489079558e-09 3.633602083e-09 3.827124183e-09 5.852661329e-09 4.412654671e-09 6.115420379e-09 6.873370112e-09 6.466125758e-09 5.869095429e-09 6.787566021e-09 5.531957157e-09 4.912298308e-09 4.778611004e-09 4.148470288e-09 3.880985361e-09 2.970920949e-09 2.677979058e-09 1.606430631e-09 1.37074539e-09 1.048615086e-09 
6.439157515e-10 1.08651168e-09 1.115794332e-09 1.714611842e-09 2.831969602e-09 3.184318694e-09 3.746277057e-09 3.908161696e-09 5.364943924e-09 4.81799796e-09 6.349993207e-09 5.735038054e-09 6.963643308e-09 6.557235637e-09 6.369484824e-09 6.415009343e-09 6.972779944e-09 5.974404407e-09 6.324779042e-09 3.5371558e-09 4.177176873e-09 3.493906805e-09 2.790612664e-09 2.681980246e-09 2.218029703e-09 1.226290978e-09 1.133240819e-09 4.842527897e-10 7.961987601e-10 1.448307145e-09 1.38181974e-09 2.288860727e-09 2.025153162e-09 3.420977744e-09 5.099669138e-09 5.479429958e-09 6.682175818e-09 8.906088192e-09 1.002474698e-08 1.050512017e-08 1.023026266e-08 1.364511622e-08 1.361711347e-08 1.230456025e-08 1.599168239e-08 1.575992111e-08 1.342506187e-08 1.656017605e-08 1.616021453e-08 2.096182993e-08 1.833355263e-08 1.893071879e-08 2.41910459e-08 2.020462159e-08 1.959477115e-08 1.897454549e-08 2.015971626e-08 2.175284333e-08 2.410005039e-08 2.050471209e-08 2.023445791e-08 2.051979713e-08 2.138018813e-08 1.896742262e-08 1.810197168e-08 2.046040358e-08 2.01026709e-08 2.026366799e-08 2.065896279e-08 1.917367507e-08 1.944153698e-08 1.809625973e-08 2.021094454e-08 1.906713489e-08 1.912537485e-08 2.130699118e-08 1.790358072e-08 2.251404908e-08 1.949667724e-08 1.746776177e-08 1.49601385e-08 1.645289681e-08 1.628520554e-08 1.477121233e-08 1.418622464e-08 1.360675674e-08 1.261378338e-08 1.348108131e-08 1.006419532e-08 8.887142053e-09 6.261301932e-09 6.844520299e-09 4.775535984e-09 5.553768255e-09 3.872836311e-09 1.765535606e-09 2.572975161e-09 1.712360252e-09 1.107076665e-09 9.923859362e-10 6.585128522e-10 4.753233853e-10 1.145289613e-09 1.218398695e-09 2.259793133e-09 3.069302752e-09 3.324808686e-09 3.288125243e-09 4.846782489e-09 4.707704494e-09 6.104827087e-09 5.444203926e-09 6.041899304e-09 6.728515972e-09 6.803959692e-09 5.450069225e-09 6.38577782e-09 5.73773149e-09 5.589098533e-09 4.904043602e-09 5.058595632e-09 3.947107168e-09 3.278183844e-09 2.434077507e-09 1.624866938e-09 1.130042661e-09 1.038704401e-09 5.361030317e-10 
4.390829164e-10 6.820365861e-10 1.007492082e-09 1.721767149e-09 1.974966295e-09 1.953617828e-09 2.910597784e-09 2.946316186e-09 3.687844799e-09 4.634746479e-09 5.1973834e-09 6.757449564e-09 6.541559358e-09 4.917120252e-09 5.998786978e-09 4.811885023e-09 6.222736147e-09 6.178037746e-09 4.483928111e-09 5.016162636e-09 4.796385082e-09 4.114409199e-09 3.18743867e-09 2.862913312e-09 2.466025982e-09 1.827166389e-09 1.884137107e-09 7.92609542e-10 5.282340613e-10 8.929615163e-10 7.203982607e-10 1.206770723e-09 2.104573724e-09 1.715385163e-09 3.699249448e-09 4.424678858e-09 5.551654181e-09 5.305901568e-09 6.42269631e-09 8.703996752e-09 8.361223935e-09 1.042682234e-08 9.234397647e-09 9.796792527e-09 1.189904022e-08 1.356834389e-08 1.361729246e-08 1.378646763e-08 1.59021777e-08 1.487557412e-08 1.540452071e-08 1.549411808e-08 1.843730936e-08 1.640096894e-08 1.643743759e-08 2.056544402e-08 1.727895275e-08 1.969914028e-08 2.00896206e-08 2.030573458e-08 1.722196535e-08 1.871791245e-08 2.166091106e-08 2.096809902e-08 1.908924256e-08 2.413706029e-08 2.3837572e-08 2.071572037e-08 2.300154545e-08 1.840388342e-08 2.199703979e-08 1.740093415e-08 1.815934578e-08 1.862375378e-08 1.975813823e-08 2.005332236e-08 1.727687763e-08 1.637448395e-08 1.591072358e-08 1.713068277e-08 1.408948092e-08 9.871060995e-09 1.209094086e-08 1.322793701e-08 1.127356976e-08 1.000151486e-08 9.213821052e-09 7.848290011e-09 7.136377763e-09 6.58573169e-09 3.930279633e-09 4.525547374e-09 2.809069073e-09 2.984676234e-09 1.922382371e-09 7.294958511e-10 1.733016565e-09 7.90224259e-10 7.469645513e-10 9.421671295e-10 1.400353225e-09 1.230048953e-09 1.636726736e-09 1.497543341e-09 2.511408727e-09 3.039724802e-09 4.220715902e-09 4.10690642e-09 4.903805107e-09 5.81883029e-09 5.863412739e-09 6.492718958e-09 6.195411609e-09 6.434103133e-09 6.17892025e-09 6.007060892e-09 6.856252827e-09 4.168556648e-09 5.416949253e-09 3.581558804e-09 3.684840322e-09 3.215676553e-09 3.219003532e-09 1.664961302e-09 1.392491375e-09 1.225352716e-09 7.090195034e-10 4.050422682e-10 
3.163842713e-10 3.779420375e-10 6.458008125e-10 1.320660456e-09 1.713482623e-09 1.867604707e-09 1.84775005e-09 3.230418835e-09 4.30834966e-09 4.478745228e-09 4.178108136e-09 6.269561895e-09 6.293010325e-09 5.059678644e-09 7.267438277e-09 6.914445335e-09 5.216859142e-09 6.973191279e-09 6.1766489e-09 5.386721283e-09 6.039997434e-09 4.961608878e-09 4.928437746e-09 3.580840687e-09 3.457879073e-09 2.532654991e-09 2.340048218e-09 1.632656854e-09 1.271337618e-09 9.879450004e-10 6.871327954e-10 7.521434378e-10 1.396094278e-09 9.550578427e-10 1.588055546e-09 1.811550141e-09 2.343604848e-09 3.407235523e-09 4.691594343e-09 6.258220386e-09 5.678275616e-09 5.185991812e-09 8.432140405e-09 9.431902404e-09 1.12509762e-08 1.016015381e-08 1.216138157e-08 1.298347785e-08 1.604318575e-08 1.052879096e-08 1.460200118e-08 1.512153464e-08 1.612826633e-08 1.581634817e-08 1.570826306e-08 1.63109891e-08 2.079902652e-08 1.957187202e-08 1.946589933e-08 1.536738788e-08 1.901381689e-08 1.775838649e-08 1.60812583e-08 1.67887937e-08 2.302907999e-08 1.804087276e-08 1.721993845e-08 1.858799137e-08 1.924210097e-08 1.589267421e-08 1.724022666e-08 1.775935079e-08 1.83483426e-08 1.360550777e-08 1.399384306e-08 1.404619852e-08 1.266952712e-08 1.536061745e-08 1.562385126e-08 1.382724298e-08 1.124382302e-08 1.35017608e-08 1.037751852e-08 9.179729081e-09 8.259675354e-09 7.498468254e-09 7.709084983e-09 5.596881735e-09 5.374034534e-09 5.306430911e-09 4.432259532e-09 2.017688073e-09 2.047454789e-09 1.276020147e-09 8.16947995e-10 5.884838443e-10 1.109800791e-09 7.95319343e-10 8.323124799e-10 1.419673575e-09 1.55431383e-09 2.124549345e-09 2.643373986e-09 3.198540335e-09 4.082128235e-09 5.006306746e-09 5.407002097e-09 4.988737249e-09 5.99774003e-09 6.738918547e-09 6.752763459e-09 6.030023586e-09 5.934653865e-09 6.227931193e-09 6.426924475e-09 5.248446936e-09 4.686495973e-09 4.970565521e-09 3.75555992e-09 3.389995506e-09 3.269159849e-09 2.688128432e-09 1.798133846e-09 1.698132356e-09 1.308471419e-09 7.211428134e-10 5.555594043e-10 2.961564544e-10 
2.527002879e-10 2.428759382e-10 5.106210317e-10 8.394136378e-10 1.376839768e-09 1.640200632e-09 1.775537923e-09 2.674859345e-09 2.602092477e-09 4.287699871e-09 3.929640591e-09 4.573309147e-09 3.754404816e-09 5.529451589e-09 5.882434504e-09 6.255745794e-09 5.853789887e-09 5.944118879e-09 5.480472066e-09 5.926923615e-09 7.269558366e-09 6.5080855e-09 5.661064467e-09 4.569768968e-09 3.554972851e-09 3.154220042e-09 2.659261204e-09 2.457466684e-09 2.179372262e-09 1.312544165e-09 1.744535011e-09 9.004924232e-10 6.457513513e-10 6.20704044e-10 6.371063002e-10 1.388866078e-09 1.275509945e-09 2.363429921e-09 2.731426702e-09 3.222374879e-09 3.364409135e-09 4.754860835e-09 4.800384431e-09 8.829723623e-09 7.942947086e-09 8.740149995e-09 5.881440372e-09 1.038256982e-08 9.533916653e-09 9.783742676e-09 1.161469623e-08 1.2237084e-08 1.399605997e-08 1.296149913e-08 1.253212151e-08 1.350134542e-08 1.561591076e-08 1.495208822e-08 1.489286635e-08 1.874769276e-08 1.561079442e-08 1.649342109e-08 1.472326911e-08 1.740756721e-08 1.52449784e-08 1.536136785e-08 1.718075604e-08 1.531429233e-08 1.41663342e-08 1.269930231e-08 1.528469216e-08 1.725070659e-08 1.488999595e-08 1.306205552e-08 1.426034647e-08 1.298600034e-08 1.379046815e-08 1.038340973e-08 1.168323424e-08 1.090851896e-08 1.064095406e-08 8.476405103e-09 7.096180566e-09 7.576316029e-09 6.801057454e-09 6.814280101e-09 5.217192159e-09 4.219757021e-09 2.70548117e-09 2.572348699e-09 2.021341532e-09 1.555796614e-09 1.044174622e-09 8.188719676e-10 5.960505973e-10 7.739138537e-10 6.091284842e-10 1.565323478e-09 1.504054566e-09 1.694074556e-09 2.731590094e-09 2.949115408e-09 3.427317209e-09 3.665968944e-09 5.255331358e-09 4.810624693e-09 5.43615688e-09 5.929066373e-09 6.096312497e-09 6.772590572e-09 5.840613367e-09 6.3349565e-09 6.212138258e-09 5.289317194e-09 4.843976865e-09 5.382397308e-09 5.002046088e-09 3.438505773e-09 3.904507068e-09 2.372239764e-09 2.81115208e-09 1.664954061e-09 1.563023831e-09 9.972474551e-10 6.711642031e-10 5.051337886e-10 3.622283982e-10 3.156172966e-10 
4.380674673e-10 3.553321691e-10 3.817260799e-10 4.336340834e-10 6.417014368e-10 9.295002114e-10 1.242966775e-09 1.660477003e-09 2.729695973e-09 2.967337713e-09 3.109201687e-09 4.128000257e-09 4.660113263e-09 4.35739059e-09 5.219098507e-09 5.530589707e-09 6.150733377e-09 6.412326918e-09 7.795810993e-09 5.482757428e-09 5.362394918e-09 6.172694861e-09 6.022106589e-09 4.655904153e-09 4.993354003e-09 3.676620915e-09 3.831253951e-09 2.602750935e-09 3.006451156e-09 2.173457762e-09 1.788482436e-09 1.441726575e-09 1.347861115e-09 7.483938808e-10 8.07271881e-10 9.353175124e-10 8.353763757e-10 1.492014466e-09 1.658252257e-09 1.82533079e-09 2.698811888e-09 2.596991753e-09 3.276992809e-09 5.146882601e-09 5.132061424e-09 5.302657066e-09 8.486898389e-09 7.513094242e-09 6.890815846e-09 8.669995588e-09 8.582221944e-09 8.852397291e-09 1.238259703e-08 9.849425118e-09 1.187271936e-08 9.607644958e-09 1.24484414e-08 1.247107702e-08 1.339456895e-08 1.241512045e-08 1.232275406e-08 1.445907409e-08 1.411276595e-08 1.393773447e-08 1.318638835e-08 1.26151065e-08 1.229898551e-08 1.294949206e-08 1.190841326e-08 1.352362605e-08 1.196319782e-08 1.187518571e-08 1.093318626e-08 1.009505925e-08 1.001987653e-08 8.284418828e-09 8.594703149e-09 1.029615206e-08 7.458812993e-09 8.634379111e-09 6.583498582e-09 7.353557871e-09 4.584006388e-09 4.92583433e-09 2.796292483e-09 4.314476201e-09 2.936423512e-09 2.725754896e-09 2.311200616e-09 1.731861577e-09 1.191914792e-09 7.081406581e-10 1.005459865e-09 7.111711155e-10 5.355040664e-10 1.071451768e-09 1.281191055e-09 2.126311342e-09 2.195236919e-09 2.6245769e-09 3.13499487e-09 4.458816958e-09 3.699581068e-09 5.018258207e-09 4.29253381e-09 5.630028621e-09 5.931218556e-09 6.333008223e-09 7.111704739e-09 6.5487757e-09 6.070882012e-09 7.090691068e-09 6.306934046e-09 5.843192211e-09 6.053520295e-09 4.664316904e-09 4.491388612e-09 3.299044828e-09 3.730411967e-09 2.542157635e-09 2.269305475e-09 1.293405675e-09 7.716272962e-10 6.278991292e-10 3.545371429e-10 2.507116644e-10 2.322307734e-10 3.783145596e-10 
7.427326615e-10 4.037301454e-10 2.690673078e-10 1.660535896e-10 3.593419461e-10 7.832674606e-10 1.08912406e-09 1.800909421e-09 2.022393779e-09 2.198906332e-09 3.177817557e-09 2.74531125e-09 3.593452437e-09 4.934600994e-09 6.39064874e-09 4.90352425e-09 6.029382108e-09 5.650385808e-09 6.525820354e-09 6.965925896e-09 6.766648103e-09 6.450091179e-09 6.180880444e-09 6.276809481e-09 5.958190421e-09 5.055873638e-09 4.606959854e-09 4.207004439e-09 3.538395576e-09 3.475693551e-09 2.911603771e-09 2.928592515e-09 2.137278089e-09 1.776900041e-09 2.974933758e-10 1.058685216e-09 6.302126432e-10 7.244262607e-10 1.239476066e-09 1.452489809e-09 1.667236757e-09 1.93140187e-09 2.394136662e-09 2.941684275e-09 2.32217211e-09 4.301041414e-09 3.723750529e-09 4.031477569e-09 4.915232058e-09 5.339541564e-09 5.88529165e-09 5.874844186e-09 7.309202741e-09 6.905317072e-09 7.549101899e-09 9.49115255e-09 1.203583886e-08 7.225227862e-09 8.38370101e-09 9.377365861e-09 9.823882802e-09 9.800983281e-09 1.113400123e-08 8.755492539e-09 1.02283155e-08 9.103744618e-09 9.327502123e-09 1.009093692e-08 9.728501818e-09 8.510195761e-09 8.10352458e-09 6.483418469e-09 7.072046143e-09 8.983687059e-09 6.562900369e-09 8.09698908e-09 5.946501625e-09 7.37766503e-09 5.296147535e-09 5.123273833e-09 2.630158247e-09 4.544992498e-09 3.540103661e-09 2.702231856e-09 2.967925991e-09 2.0763188e-09 2.259077049e-09 1.267161875e-09 1.356944313e-09 8.293282459e-10 7.43708666e-10 5.478723134e-10 8.997890782e-10 1.039412421e-09 1.219936523e-09 1.696243716e-09 2.415551718e-09 2.561078977e-09 2.522842767e-09 3.396642641e-09 4.445105195e-09 5.731140404e-09 4.604553228e-09 5.28356468e-09 5.269433071e-09 6.191031439e-09 5.774736174e-09 6.023541988e-09 6.146224278e-09 5.311507815e-09 5.859975085e-09 5.640865484e-09 5.891876277e-09 6.674606652e-09 4.302259189e-09 3.850067076e-09 3.585012135e-09 3.093008285e-09 2.641556632e-09 2.019563624e-09 1.57178534e-09 7.22020669e-10 5.182002234e-10 3.21241048e-10 3.039401715e-10 2.653421459e-10 4.602979692e-10 5.708155706e-10 
1.05130206e-09 6.108080104e-10 3.281879033e-10 3.732657003e-10 2.385930021e-10 3.786530424e-10 5.759613137e-10 1.413951365e-09 1.327814257e-09 1.755151837e-09 2.261871899e-09 2.904982331e-09 2.948510574e-09 3.840422727e-09 4.52540946e-09 5.090048701e-09 4.80152309e-09 4.625900852e-09 5.036388932e-09 6.233737371e-09 5.903654064e-09 6.079479625e-09 4.903515484e-09 7.605503944e-09 6.293184291e-09 5.725706044e-09 5.743658219e-09 4.752823557e-09 4.147387946e-09 3.762225138e-09 3.744590134e-09 2.53291954e-09 3.394771422e-09 1.438643778e-09 1.106805982e-09 1.301539661e-09 1.499193414e-09 1.051301797e-09 1.068120692e-09 5.085223822e-10 5.326823591e-10 4.79645248e-10 1.283666167e-09 1.442265168e-09 8.5331402e-10 2.365761575e-09 2.220592997e-09 2.79186366e-09 3.588762769e-09 4.438753609e-09 3.084604855e-09 3.834027026e-09 4.959606142e-09 5.940026599e-09 4.865345681e-09 5.708612289e-09 6.352916738e-09 7.603618055e-09 7.01382478e-09 6.861168508e-09 7.295582669e-09 6.534926285e-09 7.507619246e-09 7.511264246e-09 8.612814237e-09 9.394228497e-09 7.627119585e-09 7.473694531e-09 6.168310573e-09 7.049062171e-09 6.260512506e-09 5.36945893e-09 4.993020515e-09 7.062431037e-09 5.880440047e-09 5.104251781e-09 5.318386718e-09 4.858514045e-09 4.121218154e-09 2.599423399e-09 3.659946222e-09 1.884399125e-09 2.254845537e-09 1.402744271e-09 1.295222375e-09 1.509427564e-09 1.314068858e-09 1.221905658e-09 9.10805443e-10 9.723999491e-10 6.646959542e-10 1.089753886e-09 1.583271344e-09 2.152502855e-09 1.76097291e-09 2.474510185e-09 3.032698136e-09 3.853493215e-09 3.461055628e-09 4.552755953e-09 4.591176807e-09 5.075814829e-09 6.456751214e-09 5.8824259e-09 7.087892149e-09 6.9799458e-09 7.176543527e-09 5.929483071e-09 5.99572136e-09 6.05314833e-09 7.135553102e-09 5.604860802e-09 4.72396072e-09 4.473272913e-09 4.039890206e-09 3.344640146e-09 2.908434401e-09 2.63942352e-09 1.284597948e-09 1.214324236e-09 1.07801781e-09 7.228734661e-10 6.165668439e-10 3.51806048e-10 2.392870771e-10 5.473160591e-10 7.599342743e-10 7.996695679e-10 
8.641214364e-10 7.32226193e-10 5.915489844e-10 4.97009625e-10 3.022066272e-10 2.69568908e-10 3.471088266e-10 5.15175728e-10 1.281255947e-09 1.23788552e-09 1.930788355e-09 1.724891074e-09 2.977647619e-09 3.096394489e-09 3.433077325e-09 5.220061302e-09 4.547397491e-09 5.725015217e-09 4.864069744e-09 5.08288691e-09 6.608449167e-09 7.010346976e-09 6.762423747e-09 6.869425733e-09 5.54138496e-09 5.331633458e-09 5.832283272e-09 6.128317611e-09 5.895193344e-09 4.686659875e-09 3.989445252e-09 3.754240848e-09 3.655918015e-09 3.373794802e-09 2.439869483e-09 2.147750269e-09 1.247345459e-09 1.575866211e-09 7.385820145e-10 9.530754264e-10 7.457829975e-10 8.367223137e-10 7.049368669e-10 8.652092296e-10 7.750380481e-10 1.262001927e-09 1.003077394e-09 1.004836952e-09 1.857880901e-09 2.072762049e-09 2.514533971e-09 2.291413607e-09 3.013526905e-09 3.123768111e-09 2.664318107e-09 3.67782109e-09 3.720253406e-09 5.126135034e-09 3.601133518e-09 4.131128431e-09 3.964534251e-09 6.399781411e-09 5.492254784e-09 5.98714039e-09 5.532646776e-09 5.621679532e-09 4.452182508e-09 4.201505865e-09 4.421691895e-09 5.722230586e-09 5.664068566e-09 3.01255537e-09 4.125989861e-09 4.120420255e-09 3.456868299e-09 2.595299291e-09 1.707684955e-09 1.727733257e-09 1.985898061e-09 2.154100622e-09 1.443800859e-09 9.184499481e-10 1.014958476e-09 1.034543983e-09 8.551878047e-10 9.701788483e-10 8.181120184e-10 1.227144718e-09 1.093860762e-09 1.418126326e-09 1.437489618e-09 2.402377355e-09 2.237724015e-09 2.162656373e-09 3.024681138e-09 3.675656611e-09 3.863454006e-09 4.395048195e-09 4.65009004e-09 4.790284423e-09 5.637956331e-09 5.013890646e-09 5.917323558e-09 5.84942842e-09 6.060253003e-09 6.058862534e-09 6.144576344e-09 6.167145932e-09 5.377304892e-09 6.74214196e-09 5.274993723e-09 4.589688361e-09 4.648031377e-09 4.188391116e-09 2.827827154e-09 2.914624874e-09 2.267558307e-09 1.897108523e-09 1.190774277e-09 9.882153677e-10 4.417742323e-10 4.346292587e-10 3.04287976e-10 1.825482358e-10 5.006904176e-10 6.875463888e-10 9.468053442e-10 1.120474334e-09 
# Events [detector/PSD.dat] N:
28 37 23 30 31 30 26 29 22 26 35 34 22 24 26 29 35 22 30 22 22 26 36 26 26 31 22 36 26 32 29 27 29 39 34 24 25 28 33 31 33 29 34 29 29 20 30 31 16 27 40 20 29 27 28 19 31 36 38 31 27 26 24 26 28 33 36 34 38 34 27 30 26 31 32 30 24 29 34 32 26 24 16 34 15 25 23 32 19 30 27 27 31 31 27 32 24 27 28 26 27 26 26 21 27 22 34 37 29 33 26 28 28 32 34 34 16 25 26 29 22 30 32 31 30 31 34 23 
29 39 21 27 34 29 25 27 19 21 33 44 31 30 21 35 31 38 25 36 32 34 27 34 33 28 33 39 27 34 32 18 31 37 38 27 28 31 27 36 33 33 31 29 39 36 22 28 33 30 27 29 35 34 35 34 30 24 25 25 32 25 23 27 32 31 26 26 22 27 25 25 18 25 26 25 39 22 26 40 21 30 34 36 20 24 29 25 23 28 28 24 40 28 32 30 34 43 20 29 29 33 27 25 23 18 34 26 29 34 34 22 36 20 25 26 36 34 31 21 33 30 35 35 26 36 25 27 
34 22 29 36 23 36 34 33 35 27 31 29 28 25 35 29 41 27 32 24 33 19 27 31 26 23 30 25 31 32 21 29 29 21 28 30 31 25 35 40 37 34 21 40 25 24 21 26 24 32 31 36 30 41 25 30 26 26 28 37 26 33 33 37 33 35 22 27 29 38 26 19 22 26 30 34 30 24 37 33 22 41 31 30 26 29 29 32 27 28 30 30 28 31 18 19 33 29 21 26 31 37 30 30 37 30 34 34 24 17 34 36 20 28 26 30 39 19 30 40 30 33 30 27 23 36 27 25 
24 26 26 26 26 24 27 24 30 34 35 27 29 27 25 25 27 33 32 27 32 28 25 28 31 37 33 24 28 46 15 34 35 25 28 24 20 36 24 38 38 25 25 33 28 33 24 30 24 30 34 23 37 26 33 37 33 36 35 33 26 33 41 31 24 24 24 34 33 29 20 26 27 21 27 23 27 32 28 31 20 37 33 38 35 32 33 35 41 23 34 29 42 36 33 31 43 23 28 22 34 32 22 30 33 19 18 20 37 18 30 18 23 34 26 25 37 23 31 26 40 21 34 42 27 22 26 26 
21 26 31 33 29 27 23 20 30 34 34 26 35 32 36 19 22 33 26 22 41 26 16 33 31 30 32 34 33 32 21 18 18 33 32 30 35 30 22 33 22 25 35 21 26 31 30 25 25 26 22 24 30 26 23 25 31 29 18 30 30 35 43 36 24 33 24 31 22 24 23 32 21 34 30 25 38 36 33 38 23 31 48 27 26 33 35 36 33 33 38 35 20 30 25 31 32 26 18 35 25 30 24 26 37 21 26 30 31 32 32 31 21 33 18 32 26 20 23 23 31 31 29 26 32 28 34 20 
27 30 28 24 28 33 33 34 27 25 25 23 39 28 34 25 34 21 21 26 32 36 31 27 32 28 28 23 27 29 29 29 30 31 37 27 22 28 32 23 37 36 34 41 24 26 23 21 40 40 33 36 24 33 41 28 25 27 31 33 33 39 27 29 28 22 33 23 36 36 32 29 25 27 35 25 27 31 29 29 37 31 31 31 29 23 29 23 28 25 24 26 30 25 27 43 42 27 36 29 39 27 23 22 26 38 21 22 39 28 28 28 24 25 23 27 35 22 32 27 35 32 34 34 29 28 32 42 
32 35 22 30 28 31 30 25 28 43 22 31 29 36 32 28 29 19 31 33 33 30 24 36 21 30 41 34 36 32 23 18 24 31 29 22 34 26 32 27 33 20 28 25 24 32 29 35 27 31 24 32 27 25 26 27 31 31 34 30 21 35 32 37 33 31 31 27 29 26 34 26 26 25 30 24 42 27 21 31 28 23 25 37 24 19 25 30 30 21 35 36 32 30 33 32 32 28 21 33 40 25 28 29 29 28 27 31 31 32 24 33 24 38 25 23 25 24 26 26 25 43 24 42 32 41 29 24 
45 27 39 31 33 15 32 27 43 29 29 32 34 21 39 28 27 30 28 35 35 21 31 31 27 25 30 32 29 31 31 27 29 33 29 34 29 28 22 26 34 32 39 28 27 23 37 32 28 21 31 25 22 26 34 29 27 38 32 31 27 28 32 25 32 26 32 18 31 34 29 24 32 30 34 26 28 39 30 29 30 34 34 27 22 20 35 27 34 29 32 35 27 32 34 19 17 23 23 22 34 35 27 36 21 33 26 24 25 25 29 42 23 24 30 22 27 21 31 35 23 45 29 31 28 25 22 29 
35 26 31 29 30 26 25 28 26 24 31 31 24 30 28 32 32 25 22 26 34 25 36 26 32 18 22 29 30 33 28 30 33 27 32 27 24 30 25 33 31 26 19 31 41 23 26 33 24 28 41 33 41 30 30 40 42 25 27 25 32 29 25 29 23 25 30 31 33 23 30 22 46 22 37 38 29 27 33 25 27 29 25 29 36 25 29 39 36 27 26 30 19 36 43 23 22 28 31 37 19 31 30 34 33 38 24 23 22 39 25 31 33 33 39 28 28 40 28 19 29 37 34 30 27 37 29 27 
29 30 24 36 25 29 30 24 32 23 29 31 35 27 35 29 35 28 30 25 29 27 30 21 15 35 24 29 21 21 31 35 41 25 21 38 29 39 23 27 20 30 28 20 21 31 23 31 26 19 40 28 36 27 21 17 26 17 31 32 30 21 27 39 22 23 40 29 28 26 27 26 27 32 26 31 22 33 24 32 29 32 31 17 25 28 27 26 27 30 29 24 25 26 29 35 29 28 18 32 31 29 27 29 28 26 27 28 33 31 23 25 30 28 39 32 30 29 43 26 28 26 33 27 30 32 31 35 
27 21 30 29 23 22 28 24 27 28 21 32 37 22 27 41 32 35 29 36 40 29 34 33 17 34 20 25 33 34 34 29 29 28 32 24 28 35 25 23 31 35 34 18 36 20 27 35 22 25 27 25 27 27 29 24 25 38 39 27 34 28 29 27 33 32 22 19 39 39 29 36 27 33 30 20 32 22 26 27 27 34 30 24 20 25 28 27 28 27 29 23 23 33 22 35 20 17 23 29 43 23 40 29 33 25 28 26 42 28 21 27 39 28 25 41 30 32 28 27 27 30 36 35 24 26 33 31 
24 32 25 33 27 23 28 31 32 24 32 20 35 31 27 26 27 20 33 25 25 28 32 40 33 27 34 28 37 28 36 27 36 30 21 29 28 24 30 22 32 35 27 26 35 32 33 28 23 25 36 31 31 38 25 23 30 28 37 26 26 22 26 32 28 35 23 29 31 31 33 34 37 30 38 27 25 41 24 30 33 34 27 24 30 30 24 22 18 25 29 34 26 21 34 24 26 29 33 27 35 25 15 32 31 27 20 21 30 32 26 27 36 21 28 33 22 17 28 27 23 34 24 43 29 25 33 20 
24 27 35 26 22 31 42 32 26 40 28 27 29 38 33 34 29 26 24 29 33 29 37 38 33 28 29 31 25 28 31 32 30 33 26 32 35 27 23 22 31 36 24 22 20 32 35 33 23 32 39 36 32 25 31 27 33 36 22 38 29 29 36 29 26 26 25 21 31 30 32 29 33 26 30 42 26 33 27 32 31 29 26 29 25 27 36 22 36 30 28 27 22 31 25 35 27 28 31 31 31 28 33 20 32 41 33 24 40 39 28 35 29 31 26 37 33 29 38 40 25 25 23 27 30 23 27 33 
34 29 29 20 34 29 29 33 27 31 24 25 43 27 30 40 25 25 30 32 29 24 22 33 42 32 27 30 29 30 27 29 26 18 24 35 27 29 39 33 31 22 19 29 20 23 24 29 27 35 23 23 29 32 28 30 33 17 32 27 42 25 23 38 24 33 24 21 25 28 35 27 27 28 33 24 37 20 19 36 23 27 31 29 26 25 29 21 26 20 30 29 31 32 34 31 35 15 39 36 24 27 19 27 28 34 41 30 26 34 24 27 25 24 28 30 28 30 38 34 20 35 25 25 25 32 26 25 
25 24 25 29 29 27 30 38 29 19 27 37 17 23 34 19 23 30 27 32 22 27 27 26 28 20 21 27 35 25 32 31 26 28 30 31 26 27 30 30 28 30 29 25 31 28 33 30 30 23 28 34 24 23 34 27 29 32 31 16 29 23 23 28 32 29 37 27 29 14 44 44 26 25 31 22 29 34 24 34 41 28 24 29 27 24 20 33 26 28 26 25 26 32 28 32 34 24 39 20 37 31 34 31 34 24 33 38 14 34 24 32 20 36 29 27 37 26 28 24 23 39 38 33 29 22 29 32 
29 42 31 29 24 38 36 28 18 22 29 28 20 23 25 27 32 22 27 27 35 23 37 27 23 33 42 26 25 27 35 29 27 39 39 35 37 41 34 26 35 34 25 24 26 36 33 26 33 34 33 32 27 36 26 24 31 37 33 27 30 26 25 28 37 34 36 32 20 27 27 22 30 29 23 32 30 30 30 26 26 35 21 20 36 34 32 40 22 29 28 22 26 29 26 40 24 26 21 35 26 18 26 44 34 26 30 26 28 16 41 29 26 37 31 29 32 20 19 29 27 24 26 25 28 23 35 30 
34 27 26 30 25 29 37 34 21 38 37 35 30 32 36 24 26 26 21 30 31 31 41 30 36 36 22 27 29 37 21 24 31 20 24 34 26 32 28 32 24 37 28 28 39 30 33 27 24 22 28 33 19 43 19 28 17 26 27 30 27 20 26 29 23 32 32 33 38 30 35 27 32 23 30 23 34 28 27 27 27 20 21 37 28 37 24 26 40 31 25 27 36 23 29 22 31 27 30 24 33 39 28 31 26 26 31 32 24 22 33 31 24 20 21 29 20 22 27 26 30 31 29 32 30 25 38 31 
27 33 31 27 25 27 23 31 24 20 35 28 25 24 29 22 33 22 32 25 34 22 42 24 31 38 26 29 35 25 36 26 28 23 28 29 25 23 20 24 39 40 33 32 25 29 24 35 27 30 29 36 27 26 27 40 28 36 36 23 36 22 30 45 25 26 26 21 25 28 19 31 19 27 32 26 25 36 24 31 29 26 29 20 32 34 30 28 47 40 28 32 27 21 31 31 28 31 31 27 31 27 26 34 27 27 28 25 29 30 30 29 25 31 25 30 32 27 28 29 29 36 29 25 45 40 29 36 
26 24 26 26 27 29 35 18 30 25 28 24 28 31 33 29 37 30 32 27 29 27 29 37 28 31 35 21 28 23 26 31 32 31 27 27 29 28 15 32 37 28 26 30 42 28 21 28 30 23 26 22 38 22 32 26 30 28 27 21 38 34 20 29 31 30 37 35 31 31 22 19 31 33 31 31 39 26 30 30 27 18 21 31 37 27 20 32 25 24 37 33 18 37 35 38 30 33 33 25 31 32 34 32 27 24 29 30 26 26 29 29 25 36 25 36 31 25 35 25 35 30 33 30 31 25 39 24 
22 34 36 26 33 28 43 27 33 35 42 30 24 28 28 17 21 21 30 30 29 35 24 28 29 33 28 27 26 22 37 37 32 29 27 32 16 30 23 28 24 35 36 31 28 29 25 38 27 29 33 27 30 33 25 24 28 35 29 28 32 30 31 38 21 29 32 28 23 42 27 35 34 27 24 48 31 26 37 34 33 38 25 33 26 24 32 28 26 29 31 28 31 25 23 22 28 23 30 22 20 27 32 35 31 30 26 33 28 23 33 34 31 37 32 30 34 28 27 29 37 31 37 29 35 17 33 35 
32 35 25 26 27 31 27 28 26 28 27 32 31 21 33 28 36 27 23 24 22 33 20 29 42 29 37 25 29 27 32 32 22 31 31 30 32 28 21 31 29 34 23 32 26 23 33 24 20 29 26 34 32 25 23 26 26 29 19 29 27 23 31 29 33 41 27 39 39 25 31 28 29 34 30 28 33 28 26 32 38 22 23 31 30 24 29 37 31 31 39 33 38 30 27 18 22 42 35 28 22 33 35 27 24 28 33 27 42 30 29 35 25 31 25 16 24 28 30 30 33 30 34 20 21 32 29 29 
30 26 30 36 37 24 24 29 23 27 20 25 32 26 33 23 23 30 24 19 35 20 31 25 19 27 27 35 27 23 35 22 31 16 29 33 33 29 27 20 23 30 30 23 24 31 28 30 35 29 26 30 41 31 24 32 21 12 43 28 36 28 31 30 37 32 32 32 25 34 29 28 31 21 22 23 30 25 23 32 29 25 33 27 38 34 26 27 32 35 33 30 31 29 30 25 17 30 34 20 27 23 28 28 26 30 31 28 25 26 29 23 22 30 25 27 35 32 36 25 31 33 19 23 27 21 23 26 
27 26 29 33 23 34 24 22 20 23 28 26 33 29 29 34 26 28 25 24 23 27 35 21 36 31 31 29 38 29 26 27 22 33 33 23 27 28 22 31 19 23 22 21 32 29 36 38 21 22 27 31 31 32 30 28 28 18 22 34 29 25 26 37 34 25 29 15 24 32 27 33 26 23 29 23 37 24 39 33 27 43 30 31 21 34 30 23 31 39 24 28 31 30 32 27 26 27 35 34 43 32 39 33 24 34 25 24 31 37 28 31 31 36 29 31 31 31 28 23 31 24 27 24 29 34 28 18 
25 40 29 27 26 34 35 19 30 29 26 34 27 35 34 26 40 26 30 33 25 29 21 22 30 19 28 29 27 26 26 29 34 29 28 36 18 38 28 29 36 41 30 32 23 27 27 27 28 23 32 29 31 20 33 28 38 27 24 26 24 27 29 26 18 20 28 23 26 33 30 34 32 30 30 37 35 29 29 28 19 23 21 29 30 23 28 37 21 33 28 34 37 34 21 32 33 35 33 36 24 30 29 29 27 28 24 19 23 26 39 38 23 39 31 39 36 25 31 20 39 22 26 34 24 35 24 29 
29 28 31 34 24 29 22 37 29 34 38 29 23 22 33 20 34 29 25 34 30 32 31 28 19 18 24 27 36 35 30 31 26 23 38 33 14 30 34 40 27 21 32 25 29 29 28 27 35 34 27 27 30 30 38 31 30 23 36 35 29 22 20 34 31 35 25 37 32 29 32 36 34 32 26 28 31 31 31 22 29 31 31 26 29 21 20 27 23 20 36 26 28 36 32 32 24 32 34 27 31 37 29 23 32 27 33 26 25 33 29 29 22 28 33 23 40 24 30 31 27 32 26 30 30 29 28 24 
25 35 26 30 30 32 31 41 21 34 33 26 26 32 32 24 18 27 29 19 19 33 27 41 33 30 33 22 32 26 25 27 41 32 31 33 28 28 32 23 26 26 30 38 38 33 24 30 28 31 17 27 33 34 34 26 37 27 20 26 29 33 20 41 30 18 29 39 22 30 15 28 18 23 35 32 29 22 18 34 28 21 27 25 40 39 22 30 35 30 30 29 34 33 22 24 42 25 39 26 19 27 30 26 27 33 22 24 40 18 24 22 22 29 27 30 28 28 29 30 27 25 27 26 16 28 31 23 
43 28 36 22 35 25 29 43 26 31 27 30 20 36 39 30 29 30 25 25 24 40 23 31 26 28 21 37 28 33 32 26 37 31 30 31 30 38 35 31 26 34 27 31 31 35 26 21 29 29 35 26 21 23 19 24 26 33 32 33 27 28 32 37 30 30 29 32 34 33 33 22 29 34 26 24 27 27 38 34 15 27 24 33 26 30 28 36 31 23 24 24 29 32 33 18 27 33 31 24 36 38 27 27 26 30 35 33 29 24 28 27 28 27 28 32 25 32 44 23 24 29 26 29 18 42 28 18 
41 21 26 34 27 26 31 22 26 36 33 37 29 31 32 26 29 33 28 27 33 34 21 29 30 29 30 32 32 17 36 37 31 25 28 30 36 37 33 27 24 43 22 23 35 27 30 35 20 31 31 31 42 22 36 29 26 31 36 33 17 37 23 35 37 34 26 24 39 27 38 30 40 20 27 15 23 32 33 33 32 33 23 31 32 27 26 32 31 33 35 28 26 28 34 25 32 32 30 38 34 24 31 34 34 28 27 27 24 30 33 37 25 21 23 32 31 20 27 31 28 26 25 24 31 22 21 22 
26 29 24 26 28 27 35 23 29 38 35 25 29 31 30 27 36 25 26 25 30 20 24 28 19 25 32 28 25 28 38 23 33 31 30 35 24 38 25 26 37 29 25 26 22 26 28 26 24 17 30 26 31 21 28 35 25 28 34 21 26 29 29 20 29 40 23 34 26 31 30 31 30 31 35 26 34 26 29 35 30 29 28 28 27 34 34 25 29 23 27 30 23 24 28 33 25 33 38 22 24 28 28 26 27 31 28 29 27 33 25 35 32 15 22 25 25 32 21 26 36 29 27 31 28 19 34 31 
25 31 34 27 23 33 26 34 25 30 40 31 26 26 24 27 19 30 19 24 37 26 32 22 32 31 25 31 32 34 30 27 27 20 38 28 37 27 34 36 20 30 39 27 27 26 29 29 31 34 32 30 24 23 25 29 26 27 29 34 24 43 18 29 26 19 31 24 16 33 26 32 26 29 30 27 26 30 25 25 32 30 26 44 34 32 34 25 39 28 40 28 33 22 32 26 24 23 26 25 21 29 20 33 24 23 30 32 25 31 40 27 29 29 30 23 38 33 39 29 30 27 36 25 25 31 19 30 
29 29 31 22 37 29 36 31 34 29 35 34 30 27 35 31 34 31 26 33 27 27 30 28 45 32 24 25 30 33 22 27 35 29 14 32 27 37 28 23 22 24 25 30 28 34 24 41 32 35 23 31 19 21 27 34 32 26 24 25 20 16 23 33 27 27 37 27 29 26 22 23 18 31 24 25 26 39 32 25 34 27 27 22 22 20 29 27 24 31 24 21 29 30 28 32 29 32 30 29 33 26 21 43 22 29 34 36 27 24 39 28 35 32 16 31 35 35 25 36 27 29 29 28 24 32 27 24 
37 37 18 28 35 23 25 30 23 25 29 27 30 38 33 36 32 31 25 31 24 22 20 33 36 28 30 20 28 23 32 24 28 33 25 33 28 21 34 25 30 25 36 25 37 28 30 21 27 32 28 33 27 31 39 24 29 30 36 19 26 21 30 31 31 25 22 41 35 36 38 27 34 44 30 27 27 28 25 29 36 24 31 34 36 27 27 29 28 39 24 37 25 32 27 31 35 29 28 32 29 31 31 32 29 31 23 30 39 29 33 31 28 30 23 32 27 27 32 32 20 35 36 31 29 31 24 31 
31 34 37 22 28 33 36 26 26 25 33 27 32 25 26 26 30 31 28 28 27 36 29 37 32 28 34 26 14 24 29 21 30 29 24 25 25 25 35 27 23 31 36 28 37 38 28 28 25 27 21 31 29 31 26 36 34 27 30 35 23 35 25 32 39 34 24 23 30 29 28 25 30 35 23 33 32 41 30 28 20 29 37 33 26 26 30 33 30 15 26 30 35 29 27 42 18 36 34 21 36 30 34 26 28 27 31 34 25 26 29 35 30 21 43 31 25 34 28 30 29 26 37 25 30 32 37 20 
29 23 20 25 28 32 18 38 34 34 27 38 25 26 28 29 27 24 23 28 34 25 29 40 30 41 27 24 24 25 24 27 34 30 26 18 30 34 30 25 33 24 20 24 28 27 20 34 25 27 29 31 25 24 28 30 32 27 28 36 23 26 32 36 31 30 23 30 24 35 33 30 36 30 34 30 22 41 34 29 29 35 36 37 29 32 33 28 37 24 37 25 30 25 23 25 31 26 29 29 38 30 23 25 25 43 42 34 23 32 35 33 27 44 28 20 33 26 29 28 16 28 30 31 30 22 31 24 
22 28 31 25 27 28 30 24 26 28 23 31 31 27 36 30 19 34 31 29 31 35 28 19 28 35 23 23 26 27 31 24 31 26 27 35 17 38 32 23 31 27 28 21 27 21 32 40 28 24 39 26 28 33 32 28 28 30 32 27 30 33 31 22 28 26 25 25 28 21 31 27 22 24 29 23 33 27 24 38 23 32 27 22 21 26 38 26 34 26 35 22 31 30 25 21 33 24 38 27 18 22 33 34 29 31 32 35 22 30 23 34 25 32 32 32 25 39 27 29 25 33 40 31 33 17 31 25 
26 26 20 31 29 22 23 32 30 24 36 28 25 44 31 34 29 25 24 28 27 20 29 23 37 25 27 39 36 36 25 22 28 22 35 35 26 29 25 27 29 29 31 23 32 33 27 29 35 34 34 27 33 29 26 21 35 31 26 20 18 22 20 21 31 24 19 40 29 32 30 33 32 17 29 29 39 31 35 40 29 30 32 29 27 26 34 29 21 28 29 29 22 25 26 29 28 25 16 25 30 35 32 36 28 17 34 24 25 22 26 36 28 32 34 32 39 33 22 24 23 34 24 29 24 31 30 29 
29 24 32 32 32 39 28 33 30 33 17 26 25 33 28 30 24 26 26 19 31 30 41 33 36 24 22 33 34 29 31 30 21 33 17 18 31 20 35 18 39 14 32 23 29 31 27 34 33 31 36 24 26 28 31 34 34 30 18 25 24 22 24 24 29 37 31 31 28 27 25 38 35 31 25 30 37 29 30 23 24 29 30 26 18 31 26 28 27 29 30 22 22 20 37 21 30 40 22 33 23 28 34 27 20 31 32 30 26 41 28 26 34 32 39 28 37 30 21 34 27 24 22 35 34 28 31 33 
31 28 20 34 30 16 34 31 29 28 30 18 25 34 20 33 30 27 26 26 31 33 24 22 35 31 29 16 27 27 23 29 25 30 28 30 35 33 37 31 28 27 24 27 34 27 29 28 32 33 28 33 34 27 25 28 31 25 31 28 29 26 27 22 31 38 31 31 32 37 33 25 26 24 26 25 32 28 27 22 40 32 32 22 33 37 44 35 32 32 29 25 23 24 30 36 22 28 24 25 29 28 28 22 27 25 31 38 16 32 26 43 30 20 38 20 28 24 26 29 32 26 29 33 22 30 28 20 
19 28 29 26 28 27 28 29 35 26 16 30 39 19 30 21 14 37 24 23 36 25 37 44 26 29 33 34 25 33 37 25 25 27 29 46 31 23 30 25 39 32 28 18 22 31 28 30 35 25 25 20 35 19 35 30 25 32 16 28 45 21 23 27 25 29 25 25 25 23 20 33 29 30 26 34 28 19 36 33 22 34 26 22 31 25 30 25 32 35 28 23 34 33 36 29 35 29 28 24 27 32 28 35 26 46 31 28 35 22 33 31 19 35 32 20 23 24 32 34 31 34 39 31 38 28 29 31 
25 42 32 40 32 21 27 38 27 20 28 23 27 35 22 32 27 32 34 31 33 33 33 37 27 36 29 23 34 29 29 27 34 35 32 28 24 23 20 28 25 30 26 30 25 34 22 29 29 32 38 24 33 32 20 36 26 23 29 35 26 33 23 39 33 32 24 34 31 29 22 36 26 32 29 21 39 26 22 22 32 21 39 28 34 40 22 26 24 25 36 28 25 29 28 34 32 25 32 19 31 25 34 26 28 27 24 20 36 29 27 25 25 33 18 26 25 34 32 30 29 19 37 21 28 29 26 28 
39 21 34 28 22 30 45 31 28 22 36 25 34 22 25 25 32 28 26 24 22 27 28 24 31 42 34 36 35 30 31 29 25 30 22 23 27 22 34 30 28 37 33 24 25 31 20 21 26 30 31 26 26 21 30 26 30 29 28 31 20 25 24 28 24 25 37 19 37 28 37 21 34 29 31 37 23 31 27 21 28 28 38 32 25 28 31 27 44 24 38 36 29 43 27 16 28 28 39 27 32 34 33 29 29 27 28 27 22 33 23 27 34 27 26 29 22 38 31 31 21 34 25 21 32 35 24 16 
43 33 37 32 28 26 26 26 30 32 32 37 31 25 22 22 27 43 28 36 17 34 22 31 24 21 30 24 32 21 21 32 29 31 40 26 27 30 31 35 43 33 30 30 32 26 26 35 39 32 31 39 23 28 27 22 29 24 31 34 33 27 32 35 30 36 30 30 22 35 29 26 33 28 23 30 42 17 25 29 28 21 22 31 37 29 20 19 28 26 39 31 24 18 14 25 24 23 27 31 22 18 19 33 31 21 31 27 36 35 24 38 30 25 30 37 25 21 37 24 38 22 27 32 21 25 25 31 
33 31 28 21 29 40 27 31 28 32 28 38 26 32 31 27 29 30 27 21 26 29 27 32 26 21 25 34 27 34 30 30 33 26 29 37 30 30 31 32 27 29 27 44 24 17 34 29 28 36 32 25 31 28 25 25 28 23 22 31 38 24 33 33 29 22 33 30 33 27 33 36 30 35 22 23 19 25 24 29 26 34 31 25 24 24 23 20 33 34 29 22 28 37 31 24 31 22 32 32 43 27 25 40 26 34 24 24 34 30 38 30 27 22 29 26 36 32 37 24 33 35 21 20 33 30 32 27 
32 32 33 40 28 30 37 33 32 30 23 31 25 20 31 27 26 44 25 32 35 35 32 28 31 33 31 25 28 28 25 36 26 26 29 24 29 28 32 31 29 28 27 23 31 26 36 21 29 26 26 25 35 37 33 25 28 23 27 26 31 25 31 31 28 32 30 21 24 31 22 25 25 24 29 27 28 35 31 39 40 19 25 27 28 31 29 35 17 26 28 26 22 21 26 36 33 34 34 25 21 29 19 28 40 40 22 28 23 40 17 27 38 27 21 30 33 24 27 31 15 25 43 27 33 34 27 29 
30 30 21 25 27 27 21 24 32 38 16 23 20 27 29 30 30 26 29 31 31 24 15 32 38 32 38 26 35 32 22 33 37 29 17 36 27 30 23 28 29 30 34 37 24 26 48 27 28 26 33 34 24 24 27 37 28 25 33 37 21 27 25 26 26 26 30 28 31 27 37 21 31 28 36 33 24 25 24 28 24 31 26 24 23 35 22 39 22 30 31 28 36 24 35 24 33 28 30 24 28 26 27 34 31 33 31 38 25 33 30 28 27 26 33 30 36 25 26 31 34 28 22 35 27 26 28 31 
28 31 36 35 20 27 29 26 31 23 31 29 28 30 21 38 31 29 35 29 21 30 31 25 23 22 30 28 24 17 26 30 23 27 27 37 22 25 32 30 38 32 28 41 34 23 36 26 31 29 35 40 27 31 25 34 39 34 33 32 28 23 31 29 35 29 22 32 26 25 26 27 37 30 22 29 20 36 28 33 29 23 20 42 27 26 24 25 31 28 25 30 29 41 25 33 36 29 26 35 18 22 25 17 29 33 31 26 32 24 33 38 30 27 30 28 30 27 27 33 23 39 37 20 29 26 23 33 
29 28 36 30 31 27 29 30 17 28 25 30 34 26 23 38 21 21 22 31 27 31 34 27 28 29 33 37 25 20 17 28 20 29 32 22 28 37 31 25 25 28 35 32 21 35 35 26 38 32 33 22 26 35 25 36 31 26 19 24 42 33 36 21 25 26 33 32 22 22 39 25 27 25 32 30 27 43 35 26 22 25 32 32 33 28 27 23 31 27 34 26 30 24 25 35 36 19 33 32 27 28 25 28 28 24 33 29 25 23 29 40 34 28 37 25 29 25 36 21 27 26 26 41 37 26 40 25 
33 28 22 27 20 21 38 29 23 21 27 21 30 27 35 30 25 38 27 40 34 22 23 14 20 23 29 20 32 39 38 37 24 31 31 25 23 30 27 39 27 21 31 33 24 22 21 23 34 24 38 25 23 28 30 39 28 26 28 20 35 24 24 22 30 32 33 24 31 29 19 29 34 37 28 30 27 36 34 24 42 27 23 32 28 38 31 27 29 23 45 22 32 33 25 22 24 25 21 23 35 27 24 40 35 24 33 19 27 28 32 28 19 33 23 27 30 25 22 20 34 20 26 27 36 34 28 27 
26 28 27 29 19 28 33 25 32 31 24 22 28 30 23 22 31 28 28 33 21 37 28 23 13 30 28 39 27 31 24 27 40 30 23 26 35 23 24 25 27 26 27 30 28 30 22 29 24 34 25 24 23 30 36 23 30 26 32 21 27 32 25 31 26 22 28 29 33 23 21 30 29 29 30 36 21 28 31 27 32 28 27 34 33 20 27 30 26 31 35 28 29 27 28 39 31 29 31 42 22 28 24 24 33 30 30 30 26 23 32 32 30 27 32 31 27 34 39 37 34 32 35 23 29 34 24 31 
21 23 26 20 30 31 27 23 20 38 36 41 24 23 35 29 27 34 25 35 21 30 36 17 27 30 23 27 29 38 28 25 40 28 33 27 21 24 30 30 31 33 28 33 35 11 23 37 33 22 34 31 22 28 28 30 37 29 24 24 31 34 31 21 29 28 26 33 30 27 18 20 36 24 26 29 24 25 30 33 17 32 24 26 30 23 31 26 30 27 30 23 26 30 29 18 24 25 29 27 28 32 20 23 34 29 21 28 26 22 25 29 28 34 26 27 39 22 25 29 42 26 42 38 23 31 34 34 
39 43 29 26 38 20 39 21 32 26 32 31 27 22 26 27 22 29 25 41 35 36 30 25 26 24 37 26 25 28 21 28 26 32 23 38 23 35 27 32 30 38 32 30 28 27 33 30 33 16 37 38 36 27 27 31 41 31 27 21 25 31 36 25 31 38 26 40 24 30 35 38 37 31 24 39 26 21 29 21 27 29 29 31 31 34 37 17 33 27 20 29 28 35 19 29 31 33 37 34 39 34 26 37 33 21 48 19 27 20 34 26 29 32 27 24 23 22 41 23 25 33 35 35 25 26 32 26 
27 20 36 30 25 33 30 23 26 23 27 23 31 29 32 34 16 31 33 29 24 32 26 25 26 30 30 35 38 35 27 27 45 24 31 29 28 24 26 33 19 35 36 37 30 28 34 25 32 36 25 33 31 27 34 28 30 41 30 30 38 27 22 30 29 32 31 30 34 23 35 29 19 32 34 47 30 21 33 30 19 32 28 21 25 25 24 32 23 28 25 30 37 25 33 27 36 19 32 22 23 22 28 32 39 26 33 33 36 20 23 33 28 24 21 23 35 29 39 35 26 34 24 25 31 34 28 28 
20 29 37 32 35 26 29 18 29 24 15 32 25 34 30 26 24 41 23 25 30 29 33 27 26 23 22 37 37 34 39 33 24 31 23 30 30 26 34 30 29 32 35 36 32 34 22 27 32 31 21 27 23 18 37 38 23 26 35 23 28 35 33 35 35 38 28 38 21 28 31 35 17 28 27 31 23 31 30 24 21 29 26 21 22 35 27 32 33 41 35 29 27 33 28 29 25 24 36 24 28 24 31 29 31 27 29 34 21 29 35 22 27 23 36 39 30 27 31 34 25 28 22 35 22 30 26 36 
31 27 36 23 30 38 25 28 26 36 25 30 19 29 34 35 35 35 24 22 31 28 30 35 39 25 30 27 34 26 33 30 32 31 26 36 30 31 31 27 35 25 27 28 39 22 22 22 30 34 35 29 38 31 34 27 21 14 23 31 38 26 20 32 27 38 37 28 34 37 23 33 34 28 34 27 35 32 31 33 25 21 26 22 28 30 36 27 25 31 35 32 42 23 31 29 30 23 29 32 26 26 27 22 28 28 30 24 29 26 22 30 23 28 37 26 32 31 24 26 38 46 18 32 15 23 24 26 
26 34 27 33 26 35 20 42 25 26 29 16 34 28 34 39 29 21 33 27 31 34 30 21 22 33 23 30 43 23 27 23 30 27 38 35 37 32 36 20 27 22 21 27 30 22 40 18 23 36 19 30 30 25 33 35 37 23 20 33 32 22 31 31 27 29 34 39 33 24 22 27 26 27 30 18 25 31 31 35 30 20 26 24 37 29 22 27 29 34 26 36 30 48 27 28 33 20 30 31 33 27 28 27 23 32 31 29 41 20 29 22 22 38 35 32 22 16 27 32 14 26 28 24 30 36 28 35 
46 22 36 31 20 22 22 33 34 20 21 29 19 24 34 34 32 26 35 31 25 38 26 15 24 29 29 21 25 30 29 33 35 31 23 31 26 26 25 16 39 36 32 24 26 30 36 33 22 29 24 19 28 20 31 15 33 29 23 30 32 25 21 28 35 23 28 28 33 34 35 20 32 28 21 25 23 30 26 33 24 29 23 24 34 31 22 22 23 35 28 37 35 30 19 35 30 27 20 32 23 40 29 27 14 37 34 36 35 25 24 33 27 35 22 34 21 31 29 25 29 19 26 35 30 24 30 37 
23 36 23 32 29 38 33 31 23 28 21 26 36 24 28 28 25 33 35 22 23 41 25 23 32 40 31 36 25 33 31 25 33 30 33 32 22 32 27 36 29 37 26 35 30 26 26 24 27 24 34 26 32 24 22 30 24 34 25 28 31 25 36 32 25 32 34 29 28 29 26 32 33 37 31 29 27 21 28 16 32 38 24 28 19 28 33 18 33 22 32 32 39 29 36 30 29 33 29 36 33 32 22 23 24 36 29 31 32 19 26 30 29 30 35 38 34 30 27 35 29 30 18 31 41 26 31 21 
32 27 30 34 26 23 32 26 36 29 34 37 34 29 39 26 24 33 29 28 23 31 33 32 22 30 31 38 27 26 28 27 28 34 37 22 27 27 28 29 15 25 28 26 35 18 24 34 27 24 32 36 29 23 30 31 30 26 34 30 26 29 32 32 29 36 30 35 22 37 29 34 37 29 33 28 20 27 33 31 25 35 25 30 19 34 35 22 33 27 33 24 34 25 27 35 33 29 18 20 34 33 26 33 33 34 32 25 35 30 26 36 31 26 25 20 25 25 22 32 33 32 26 35 31 31 24 23 
32 34 35 36 30 25 24 28 30 34 24 26 29 26 26 29 22 31 33 27 24 29 26 34 34 37 26 25 28 19 38 27 27 32 31 28 22 35 31 39 17 29 25 34 36 31 28 32 34 27 40 29 29 33 40 26 37 34 25 30 29 35 33 32 32 49 30 34 28 32 25 26 32 34 38 31 32 31 26 36 29 22 13 28 32 33 34 23 30 24 33 21 34 36 33 31 35 26 24 27 33 25 23 31 29 22 29 24 39 29 26 39 28 29 31 33 30 34 25 27 35 32 29 28 33 28 32 17 
28 21 21 31 26 36 24 29 28 30 37 28 26 24 25 31 18 26 33 18 21 34 31 25 32 23 25 23 28 29 19 28 32 31 34 24 26 36 36 29 26 29 32 36 25 33 25 31 28 21 21 30 28 32 25 28 22 31 21 31 30 28 27 16 15 25 31 31 31 23 27 30 26 22 24 38 20 23 27 30 37 25 37 26 26 32 31 29 26 26 30 38 37 25 24 26 35 35 34 27 30 28 23 32 31 20 34 29 30 30 24 32 31 34 27 33 27 27 38 36 28 29 21 30 28 32 27 22 
26 27 25 30 31 36 36 23 37 14 22 28 21 20 28 22 32 31 28 29 29 39 30 35 26 27 25 37 33 28 31 30 29 19 26 30 37 29 37 33 32 21 36 23 32 37 37 25 22 39 24 18 27 23 36 20 28 31 28 26 23 12 0 0 0 0 12 20 31 19 34 37 28 34 34 29 32 32 40 29 28 22 25 34 24 37 30 31 27 27 25 25 32 23 33 38 27 36 28 28 29 35 27 23 26 37 28 21 21 25 20 42 20 24 25 25 28 24 28 35 31 18 28 29 17 23 28 28 
28 32 32 26 29 29 24 30 39 20 29 30 35 41 32 27 31 32 34 28 24 33 24 34 35 26 20 30 36 25 27 30 35 25 42 29 30 36 38 34 39 31 27 26 35 41 35 36 29 27 24 39 27 24 25 23 28 33 28 23 6 0 0 0 0 0 0 12 17 28 29 22 28 29 26 31 25 36 27 22 32 31 30 31 28 24 41 26 37 32 36 33 33 35 28 29 32 21 31 28 23 30 29 26 24 20 28 21 44 20 24 21 26 35 25 41 37 25 32 30 38 22 30 23 31 29 31 27 
34 42 26 36 31 30 26 31 33 42 35 22 34 23 30 37 31 30 30 33 43 25 38 25 20 18 32 31 26 33 20 26 22 20 29 32 34 24 12 33 26 21 28 31 39 33 29 32 30 26 24 47 34 38 35 34 26 22 33 24 0 0 0 0 0 0 0 0 23 31 24 27 34 25 38 26 26 31 37 32 31 42 27 29 32 25 26 39 28 34 30 23 33 34 27 31 30 23 26 31 24 28 37 27 33 31 20 21 34 27 36 34 25 29 37 22 28 26 21 29 34 19 26 24 33 31 33 31 
28 25 23 35 31 17 29 28 31 28 30 26 30 32 38 42 33 27 20 40 41 36 35 20 27 29 36 21 29 23 35 35 32 30 18 26 27 33 24 27 32 36 30 30 26 27 29 25 26 34 25 34 23 30 31 41 25 29 35 7 0 0 0 0 0 0 0 0 25 29 25 15 36 29 37 30 24 29 14 34 22 36 29 37 26 31 29 34 27 28 28 25 28 22 31 37 28 30 34 32 36 32 27 29 21 22 27 32 25 24 30 33 31 21 29 32 27 36 35 31 28 28 27 26 28 32 24 33 
29 29 28 27 21 30 27 35 26 27 29 30 31 28 32 22 19 27 23 22 23 37 31 35 24 28 42 33 30 30 26 27 33 25 27 36 30 20 36 27 31 25 36 29 33 29 29 23 19 29 22 33 15 27 29 54 29 28 32 20 0 0 0 0 0 0 0 0 21 27 36 29 19 30 30 34 36 36 27 19 22 32 25 27 32 16 27 27 32 34 32 31 22 35 34 32 34 19 30 31 39 25 26 28 33 27 37 42 40 22 33 32 32 31 27 21 35 41 30 38 26 33 33 26 23 34 29 33 
26 36 30 31 39 24 23 31 36 25 35 18 34 31 32 28 27 34 28 34 13 31 40 27 31 34 29 14 32 32 31 27 25 32 30 25 26 22 35 23 33 29 31 33 27 26 26 29 27 25 34 33 31 32 21 35 39 33 32 26 0 0 0 0 0 0 0 0 23 28 36 29 23 29 28 23 33 28 33 32 28 30 33 25 20 25 32 34 34 33 21 29 43 24 29 35 37 22 30 30 32 27 27 26 24 27 28 29 30 23 26 26 28 39 29 28 21 17 25 21 25 38 35 37 26 25 33 29 
29 26 38 19 26 27 22 40 32 20 36 26 30 29 26 29 27 26 31 26 32 27 24 26 29 35 32 31 25 27 20 34 28 27 25 31 22 34 29 29 38 26 25 29 27 25 24 27 27 23 38 31 31 27 26 31 26 28 29 23 12 0 0 0 0 0 0 12 29 32 29 24 28 39 30 29 29 22 42 39 36 37 32 30 25 21 44 20 36 29 33 29 27 36 31 27 28 29 27 17 25 31 22 36 26 24 19 36 35 29 33 27 34 31 25 39 35 32 21 38 33 30 26 18 32 30 42 25 
31 18 27 22 28 26 32 32 36 30 23 27 36 36 38 22 32 30 28 35 26 23 27 29 36 29 30 21 29 26 28 30 36 28 25 30 38 39 40 21 37 32 40 32 37 27 36 37 13 33 29 25 39 26 30 28 17 30 28 23 27 4 0 0 0 0 15 27 29 27 34 24 23 24 24 29 32 34 31 26 39 22 32 33 31 37 27 19 27 23 33 26 36 28 29 33 34 29 29 29 31 35 27 26 28 34 24 22 25 22 31 32 28 35 37 26 22 34 40 25 23 30 36 29 34 43 28 24 
28 33 35 27 32 18 35 30 23 27 40 23 27 34 26 43 26 33 34 25 29 30 27 27 29 31 25 25 29 33 32 36 45 26 22 26 30 34 18 28 27 26 35 39 31 28 21 33 26 32 25 22 27 36 36 20 34 31 20 27 26 26 23 19 22 26 39 32 26 27 19 32 32 32 36 30 28 23 35 23 24 37 29 25 27 32 35 30 34 26 24 30 27 25 30 28 29 37 23 31 30 22 32 24 25 29 22 16 37 35 24 27 27 19 22 32 29 34 19 38 34 28 38 25 38 31 27 23 
22 30 37 32 39 26 26 30 25 26 29 25 32 43 30 31 18 32 32 23 23 35 30 17 24 29 28 35 33 23 39 37 25 27 24 31 24 26 28 36 24 24 22 32 32 28 30 22 33 32 23 33 23 19 14 29 30 27 30 32 18 29 38 28 33 50 30 33 21 31 28 29 19 25 33 31 39 30 26 15 21 27 28 29 27 29 28 28 32 25 20 20 24 19 30 32 29 28 26 27 30 24 30 26 28 31 20 20 32 36 31 24 31 27 33 24 31 29 25 23 25 27 31 29 28 26 26 28 
37 34 32 35 32 21 27 41 29 18 28 25 26 32 30 28 25 31 37 31 22 26 23 24 33 29 25 24 37 30 22 24 23 30 29 30 26 26 33 30 35 28 26 21 33 24 29 21 34 30 29 26 32 27 31 21 27 23 31 27 27 38 27 30 29 25 26 22 35 30 38 25 30 37 22 33 24 27 40 30 31 30 26 19 25 29 31 33 28 31 29 26 21 38 27 31 29 25 29 35 21 40 31 25 21 26 24 34 25 23 28 34 26 22 25 25 30 30 23 33 27 27 27 32 26 37 17 34 
35 29 23 41 31 26 32 23 29 19 26 30 29 30 36 29 32 29 23 33 34 28 22 32 25 22 24 26 29 18 31 33 28 23 31 20 30 23 31 23 37 33 29 36 31 26 31 26 37 33 28 27 29 28 30 32 33 28 31 32 31 31 26 31 32 38 31 34 27 20 31 28 39 34 37 32 20 31 38 23 32 36 28 32 33 34 31 28 29 24 37 25 21 31 24 35 34 29 22 32 24 30 29 23 16 25 45 24 28 26 23 30 22 31 27 39 22 31 23 29 39 28 24 27 29 26 21 30 
28 30 33 36 32 39 30 25 33 30 23 21 23 34 30 27 26 39 35 29 34 31 34 38 27 25 31 26 33 23 34 19 42 18 33 37 35 25 18 29 28 35 30 26 25 24 29 24 20 35 24 33 25 42 30 24 27 29 27 31 35 29 24 30 22 26 29 36 23 26 25 29 25 27 22 25 34 27 32 21 21 36 29 28 28 30 29 33 35 22 34 29 37 25 24 26 34 32 31 25 33 35 22 32 34 29 21 26 30 32 36 27 19 38 32 22 26 26 23 24 26 28 29 28 20 22 25 29 
23 36 32 28 23 30 37 29 28 29 23 37 25 46 27 31 35 24 29 24 28 28 29 19 45 25 28 33 30 22 30 35 37 24 33 33 24 29 45 33 29 29 37 33 31 21 23 27 33 25 24 32 23 33 36 25 35 40 36 40 24 29 33 30 24 31 28 26 27 25 27 32 26 29 29 27 25 25 31 32 33 28 25 35 31 30 32 24 22 27 25 29 29 23 33 27 29 39 39 38 35 24 25 25 31 18 30 32 30 32 24 26 29 36 37 25 35 26 28 26 26 39 31 21 36 38 28 27 
28 28 36 30 30 35 33 31 29 31 18 29 34 30 33 27 21 26 30 20 36 37 29 35 15 33 29 29 32 33 25 37 35 34 36 23 30 30 26 34 24 44 29 23 33 27 26 34 30 31 25 22 33 25 25 23 29 31 33 22 32 32 39 27 29 26 38 24 24 33 27 36 30 35 22 27 33 24 28 29 30 24 39 35 32 22 25 33 33 41 30 28 21 39 32 31 28 30 28 23 24 15 29 29 23 31 26 27 21 34 36 31 29 25 29 30 29 31 27 32 35 20 38 27 28 37 23 33 
28 29 27 23 40 31 29 25 28 26 26 23 37 23 34 32 22 27 28 24 40 28 25 32 28 29 32 28 23 26 29 32 24 28 32 19 41 27 35 26 30 25 24 27 32 19 31 32 19 39 31 29 27 26 27 32 19 33 36 23 21 39 23 27 26 24 22 27 23 25 35 31 31 36 25 34 30 21 35 27 25 28 31 22 30 23 33 42 38 37 38 30 28 27 32 24 25 40 19 26 27 29 32 31 37 24 19 21 26 32 37 25 33 34 23 24 29 29 26 29 37 34 41 29 45 29 28 32 
33 30 30 38 33 38 37 30 32 48 26 24 17 23 36 24 28 25 41 38 28 32 26 29 26 31 27 38 26 33 33 31 29 31 22 34 29 29 30 34 43 27 37 24 38 26 24 28 23 32 24 32 39 27 26 33 34 28 24 39 32 24 38 21 38 38 28 27 20 36 29 24 27 30 21 34 34 27 29 31 31 21 24 20 27 35 26 26 24 35 26 24 27 32 32 25 38 19 29 29 33 27 37 22 26 33 33 27 31 32 15 26 28 29 28 30 39 34 25 27 25 32 22 26 30 27 31 26 
17 31 32 35 33 18 34 25 24 29 25 30 38 27 25 32 28 30 27 34 30 30 15 33 32 34 32 27 32 29 27 35 34 29 28 28 28 28 30 25 36 25 26 30 29 33 39 34 26 21 31 28 20 34 34 31 34 33 19 28 24 28 23 35 28 33 32 27 22 25 34 25 29 28 28 33 33 14 26 29 31 29 29 26 30 30 24 27 33 26 33 37 26 38 25 28 31 31 27 34 29 34 34 25 37 26 25 22 26 33 36 34 25 24 37 29 26 34 24 30 27 43 26 26 33 23 27 21 
27 31 30 34 28 26 19 34 31 24 23 29 28 28 20 24 31 29 35 42 24 27 31 43 24 17 21 42 35 23 34 28 24 35 27 26 23 33 29 26 32 36 31 33 32 42 23 13 25 35 35 39 31 21 22 28 34 30 25 35 30 25 26 30 33 20 34 29 28 30 26 33 32 28 17 27 26 35 29 21 24 19 19 25 24 38 29 23 33 24 24 35 26 27 31 31 27 26 32 26 33 37 28 34 39 25 27 25 31 29 25 23 23 31 31 29 26 31 27 31 31 29 30 33 26 32 26 34 
25 24 32 30 26 17 18 26 29 41 19 38 30 31 36 29 24 27 27 25 42 19 21 38 36 26 33 30 33 17 32 25 30 21 21 26 20 26 24 30 24 29 33 30 31 38 29 31 28 35 29 24 25 31 33 23 28 38 22 28 34 35 25 24 34 33 30 29 23 24 26 37 30 28 20 32 22 25 30 26 27 31 41 32 19 23 26 32 28 28 40 27 17 31 36 30 29 20 28 36 33 33 32 31 30 29 34 37 20 29 26 41 31 38 25 22 31 25 34 25 20 33 33 27 39 32 31 29 
32 25 22 40 25 22 27 31 29 35 29 32 29 24 15 40 29 28 30 39 27 34 35 30 26 32 29 28 29 41 51 37 33 33 24 24 36 30 26 29 31 32 22 40 40 29 34 31 27 29 26 27 24 37 25 44 27 23 22 25 33 33 23 28 40 27 29 35 24 34 22 38 29 26 33 28 28 29 29 26 20 35 43 30 27 43 30 27 41 33 28 33 22 24 25 33 28 37 26 31 30 42 26 22 25 29 35 25 31 34 29 27 30 31 24 33 28 30 30 24 24 31 27 17 32 28 30 36 
25 31 39 35 28 36 29 32 23 23 25 34 28 26 28 22 32 23 31 27 30 18 31 23 29 27 26 30 35 25 20 18 25 39 34 30 35 30 29 32 25 30 20 24 38 23 31 36 20 22 31 27 24 29 34 40 30 28 41 28 32 35 29 37 27 35 29 29 24 30 37 34 34 36 28 23 35 22 31 29 31 31 25 34 27 39 23 30 28 27 30 30 26 34 37 29 34 27 29 47 24 20 30 31 24 26 30 23 37 31 26 35 33 34 40 23 27 32 30 30 21 36 32 17 20 26 26 35 
24 26 36 30 33 27 23 38 29 24 34 25 33 43 30 26 27 34 38 27 31 28 34 26 27 25 29 31 35 29 30 29 23 30 29 29 28 31 34 29 26 30 34 32 27 28 22 23 26 28 31 31 28 28 18 31 37 33 22 29 37 30 29 36 37 32 27 34 24 25 21 31 36 24 29 33 28 34 25 30 34 26 31 21 36 38 21 28 21 27 32 22 17 32 27 28 27 20 31 28 29 18 33 24 26 35 31 34 30 35 26 28 27 37 22 33 23 30 35 35 29 25 31 33 30 29 33 34 
29 26 29 30 24 34 28 27 29 26 26 25 21 34 24 31 30 26 32 20 31 38 30 35 31 21 28 30 37 23 27 21 40 23 27 34 26 30 25 29 31 36 27 30 22 31 30 33 25 23 33 38 26 36 32 25 30 36 27 30 32 27 32 34 38 29 28 29 30 31 36 32 29 22 25 27 39 29 34 30 35 33 28 26 30 21 45 18 32 29 30 27 36 29 33 23 31 32 32 26 27 27 21 20 27 26 27 20 31 24 25 29 32 38 26 36 32 24 23 31 37 31 29 31 39 32 31 22 
33 32 36 37 35 39 31 24 36 25 26 33 31 30 35 22 34 30 24 19 25 26 30 24 36 40 28 33 33 23 29 23 23 23 30 33 34 28 27 26 34 25 24 40 32 29 26 34 23 32 26 26 37 21 33 21 30 34 31 32 22 24 31 22 29 30 20 19 32 28 32 24 32 34 25 35 27 29 26 36 27 27 30 24 29 33 28 22 26 35 23 35 31 23 32 31 29 18 22 26 30 23 26 38 17 37 34 46 30 23 26 22 18 29 21 26 35 39 39 27 31 24 40 26 32 32 34 21 
38 24 29 27 39 35 26 20 32 38 27 36 30 37 33 27 37 24 18 31 25 23 27 31 21 40 26 27 21 30 29 31 32 23 41 31 22 30 29 34 36 28 36 21 21 36 17 22 33 31 33 25 26 27 31 30 37 24 27 28 28 23 31 19 29 34 21 34 30 41 40 18 22 34 29 24 28 27 36 37 25 31 27 25 30 26 37 30 32 33 31 34 34 28 35 23 26 25 27 29 35 37 26 25 21 32 33 32 27 21 34 31 28 25 27 23 32 34 28 33 32 27 32 34 36 25 31 30 
32 25 40 31 30 37 28 30 32 21 23 28 28 33 34 32 40 34 26 28 25 31 26 30 25 25 26 41 30 30 21 29 37 26 32 36 30 30 23 28 21 28 31 33 30 27 25 36 36 27 22 36 28 26 35 25 25 26 29 25 28 29 28 25 30 24 28 33 29 42 29 36 24 29 35 42 29 20 31 22 26 35 26 31 26 32 21 36 36 29 33 37 23 27 23 24 25 24 38 33 25 32 28 29 29 21 29 48 28 30 36 24 35 36 27 40 38 26 22 30 25 26 25 25 38 24 37 29 
33 24 37 37 22 39 25 23 30 30 26 36 30 29 33 34 22 25 34 32 32 40 32 33 37 29 28 23 25 28 34 35 21 26 32 27 28 34 27 36 23 28 21 28 37 20 31 22 34 26 28 24 33 40 28 24 21 28 30 33 31 34 30 29 33 23 27 28 31 37 36 32 28 27 18 20 21 24 26 34 27 24 28 33 32 30 37 29 21 31 20 27 32 21 27 36 30 30 27 27 32 27 31 31 37 37 29 32 32 35 34 25 21 21 33 29 27 30 23 23 19 24 29 34 25 27 30 36 
29 25 18 23 22 36 25 32 41 29 31 36 25 32 27 25 19 29 19 30 36 29 30 22 22 28 31 33 35 29 25 26 36 26 30 27 26 27 28 30 30 25 28 30 31 32 31 34 29 30 25 26 23 42 30 27 19 37 14 34 23 26 31 35 21 36 26 39 32 30 29 24 31 33 43 36 30 20 27 25 23 28 30 31 33 30 19 28 26 33 23 26 39 24 34 30 30 21 27 34 24 31 29 28 44 29 26 30 28 38 31 31 28 25 28 32 27 28 25 26 27 19 24 18 29 23 34 33 
22 36 22 31 38 25 27 31 35 24 25 31 24 23 31 29 22 27 33 24 27 23 37 37 20 24 29 22 33 39 31 35 28 29 29 22 32 37 21 37 32 30 35 35 30 32 28 22 32 34 26 45 47 31 39 28 16 19 20 33 24 31 27 22 33 19 26 31 21 29 30 33 33 24 30 28 31 27 22 31 26 22 36 35 27 35 22 21 28 31 19 25 34 39 40 35 33 25 28 34 37 27 29 35 27 29 31 26 26 31 33 31 22 27 38 26 38 27 29 35 24 25 38 37 39 34 23 27 
29 32 28 24 25 29 30 21 21 25 37 34 27 41 28 24 29 31 27 28 30 36 31 31 29 29 32 26 25 24 38 27 25 30 31 28 30 36 25 26 24 40 30 25 40 26 20 25 27 32 22 32 28 34 32 22 17 30 32 24 28 28 38 27 23 30 28 37 29 23 32 33 28 22 27 28 28 35 30 33 27 17 31 33 28 34 20 19 27 28 34 36 31 27 28 25 24 30 31 27 30 22 21 25 33 31 29 33 26 36 31 26 31 24 36 37 34 28 33 36 23 29 25 23 20 37 26 36 
22 32 38 25 32 33 34 30 32 34 24 39 23 25 30 27 28 33 23 30 27 27 34 33 24 22 42 41 30 21 36 28 23 28 27 25 37 27 20 30 26 35 24 27 30 24 24 42 28 20 34 27 33 28 36 37 23 27 29 18 29 33 28 24 27 36 31 36 32 22 26 25 37 22 31 39 37 31 21 30 32 27 28 18 23 31 29 29 26 25 23 35 23 26 36 20 34 28 29 33 32 25 29 27 35 24 30 22 30 22 34 28 23 33 26 22 30 32 22 32 28 38 31 33 30 28 27 24 
22 32 31 27 17 37 39 29 29 21 33 23 24 28 35 26 30 30 31 29 29 42 28 32 25 33 31 42 31 22 33 27 25 27 24 36 30 25 24 30 31 28 23 22 22 30 24 30 32 18 32 26 32 30 31 20 38 28 26 35 26 29 27 37 33 21 27 35 31 23 25 25 23 31 36 22 23 28 34 35 22 22 28 29 22 24 29 31 22 32 39 30 31 27 29 28 28 28 24 26 21 26 29 35 28 26 24 30 24 37 32 25 35 23 22 26 28 17 19 26 28 36 29 29 22 30 30 22 
27 33 32 29 21 35 30 34 15 28 28 32 29 28 35 27 37 22 31 26 25 31 31 27 26 30 26 27 26 29 35 22 22 30 21 33 25 23 21 28 33 31 24 18 21 20 32 37 20 26 20 23 34 26 38 26 34 26 30 42 23 34 33 26 25 19 27 27 24 29 27 27 32 32 32 34 34 31 33 30 32 22 24 30 42 26 36 33 33 24 32 35 29 31 38 34 29 33 36 20 26 27 35 30 35 28 26 26 31 27 32 40 26 25 33 28 21 25 29 22 35 30 30 28 25 26 35 22 
24 27 29 25 30 21 38 33 26 26 29 33 28 34 21 25 29 24 27 36 31 36 20 23 20 25 25 30 36 25 21 46 28 29 34 36 26 34 27 30 28 34 32 30 32 24 29 31 29 38 30 30 32 21 24 29 37 34 21 29 27 26 23 22 32 26 26 27 28 23 24 27 25 30 33 34 27 22 31 22 30 40 28 30 34 25 26 37 24 23 29 29 27 24 13 23 30 27 34 26 27 23 30 26 31 26 29 25 28 30 25 34 21 27 26 24 16 26 37 31 27 28 30 35 32 27 24 31 
28 20 20 32 31 42 41 32 24 33 24 41 25 15 25 28 33 26 25 22 19 20 36 16 30 29 21 23 37 26 17 25 37 31 29 21 29 28 29 27 31 37 31 17 25 15 26 27 26 28 32 28 27 27 33 35 23 27 24 30 32 27 31 28 43 40 29 39 37 25 37 28 21 30 31 29 28 33 35 30 30 29 28 28 32 26 27 29 33 26 27 31 28 33 22 28 29 37 33 28 15 30 25 26 26 21 26 50 32 21 26 29 28 31 34 24 30 30 35 28 30 40 35 35 32 25 43 24 
44 22 39 32 37 34 28 36 30 35 37 19 21 25 23 28 32 39 21 26 20 28 28 31 41 34 29 31 33 32 28 32 27 36 18 36 31 27 20 29 33 31 29 31 34 30 31 21 32 32 39 30 21 37 38 29 32 32 30 26 25 32 33 21 25 25 18 28 25 26 22 34 30 30 31 31 30 37 35 29 26 40 23 29 29 34 30 26 36 29 34 27 33 29 28 44 22 30 33 33 24 28 33 32 25 16 28 26 27 31 31 34 31 29 39 28 29 27 34 26 35 24 25 31 37 28 28 22 
24 29 32 41 23 26 41 25 35 23 23 26 28 22 34 33 32 27 39 32 34 28 32 34 31 23 24 25 28 31 31 39 29 16 29 24 31 24 37 34 36 29 28 25 26 25 36 26 36 20 30 21 23 32 31 31 34 27 25 34 29 30 28 28 31 33 27 25 34 35 33 29 31 35 30 31 30 27 19 22 18 37 26 26 23 26 27 25 22 17 23 33 31 23 19 32 26 38 26 30 22 19 33 26 25 27 35 26 30 29 29 28 27 23 26 30 35 26 31 24 24 29 31 26 28 26 27 26 
24 25 29 27 34 35 36 29 33 26 26 25 23 22 27 24 27 34 29 31 31 36 15 26 20 31 22 28 23 34 31 25 30 33 31 44 42 27 31 32 28 30 20 22 36 35 32 27 28 32 32 34 31 30 28 35 28 29 36 36 31 18 38 30 30 24 20 34 23 21 36 36 31 25 28 35 29 31 22 28 35 26 36 34 27 21 27 21 33 20 38 30 40 30 24 24 32 32 33 43 25 34 22 29 29 22 26 29 29 30 30 32 14 25 28 21 22 34 34 22 28 29 24 39 36 30 24 38 
35 19 21 30 32 27 28 24 37 20 30 26 43 37 31 21 24 33 36 28 33 32 29 24 30 32 21 36 20 20 37 35 34 34 29 27 25 17 24 24 25 22 30 30 21 35 25 32 27 30 24 37 30 28 24 30 23 29 29 30 33 30 28 44 29 21 21 27 21 25 27 25 29 26 22 23 30 25 25 26 24 24 25 32 30 33 26 33 25 33 23 22 27 32 30 25 32 36 34 32 31 34 22 27 31 36 27 26 29 31 33 39 34 26 32 38 32 22 27 35 35 28 39 23 29 25 27 35 
24 29 29 27 24 25 25 27 26 33 22 32 30 24 28 32 34 26 27 32 35 32 28 28 33 31 34 35 39 38 29 19 27 28 30 32 37 32 32 42 22 24 31 26 27 28 30 32 40 21 28 30 36 39 27 23 23 26 21 35 25 28 17 27 32 42 17 20 24 28 33 32 29 23 25 23 23 39 27 37 30 37 33 19 21 34 20 29 40 31 34 20 32 34 31 28 20 27 33 33 23 26 24 33 18 33 25 38 30 31 37 21 30 27 36 24 25 29 22 26 21 40 24 30 24 38 31 33 
19 23 26 36 36 27 23 37 27 31 23 35 35 24 38 25 31 35 34 21 24 36 27 27 28 23 22 33 26 29 31 24 32 31 25 37 36 21 36 30 20 23 25 29 21 22 24 35 31 23 29 29 28 32 26 38 29 25 31 26 28 37 21 24 27 34 31 25 27 19 35 35 21 35 23 26 28 33 23 33 31 29 26 14 29 36 21 18 29 28 28 23 28 39 27 32 36 34 19 36 32 27 32 27 43 25 21 33 28 29 26 29 35 38 37 36 27 32 29 36 26 24 36 25 33 36 24 26 
33 24 36 25 32 21 27 31 19 32 39 26 28 32 25 30 26 28 25 26 32 23 23 36 28 25 25 24 21 34 35 29 25 20 28 22 30 29 42 29 24 25 28 23 32 32 29 27 40 19 25 23 34 34 29 24 38 23 25 23 24 32 32 31 30 26 26 36 33 27 27 25 23 32 36 30 33 45 24 33 28 35 19 36 31 18 29 24 38 24 26 30 23 29 23 27 25 24 18 26 39 26 29 36 20 26 33 29 39 24 35 29 22 25 32 34 28 27 29 28 22 27 32 28 46 28 38 29 
32 18 23 20 37 28 21 35 28 21 37 30 26 36 37 31 31 28 27 37 37 28 28 30 39 23 22 30 30 27 31 32 31 33 29 28 27 41 38 29 19 24 31 30 31 35 39 35 29 40 30 31 31 29 25 30 24 31 30 28 32 30 30 20 24 33 35 30 28 36 25 34 30 22 27 34 19 34 22 29 34 23 26 25 40 23 29 25 30 34 36 30 40 26 35 23 29 16 26 36 38 32 24 34 20 28 25 22 37 35 27 18 29 26 23 34 34 45 24 29 33 35 30 26 25 21 22 30 
24 35 29 26 33 31 25 24 32 29 22 31 29 32 32 39 32 34 24 30 31 21 29 35 35 42 29 23 38 22 34 31 25 32 28 26 33 24 33 30 31 28 21 26 29 29 30 38 26 31 31 24 27 25 23 28 39 32 33 36 23 34 21 36 20 31 26 34 29 23 27 28 26 24 35 29 29 28 39 21 21 28 27 26 23 26 33 33 37 21 29 25 21 23 31 23 42 30 25 30 25 29 24 24 34 32 27 25 30 36 32 34 29 20 24 30 31 28 30 23 20 19 30 25 25 23 26 30 
25 29 33 26 22 24 29 33 31 28 29 29 33 25 24 35 23 33 28 32 36 24 22 22 28 33 33 26 30 37 43 28 32 31 32 35 28 29 30 35 32 31 28 28 30 29 26 33 33 25 26 33 38 35 30 29 31 35 36 25 22 29 28 30 28 25 27 35 29 24 21 24 30 39 30 29 33 26 26 36 30 35 31 37 37 32 23 22 38 28 25 24 35 24 33 31 33 23 27 17 22 31 34 24 30 31 18 28 35 26 35 27 29 29 24 28 21 33 31 34 29 23 30 21 22 21 28 24 
26 30 23 31 27 29 33 26 26 28 36 39 28 30 26 25 35 30 26 27 23 31 27 24 42 26 24 23 39 34 36 34 44 30 27 31 35 38 25 25 22 30 35 31 21 27 26 20 35 25 31 26 23 20 33 27 40 28 26 24 36 34 36 33 35 43 20 30 24 37 36 21 29 34 32 20 28 25 37 28 22 34 31 22 35 27 31 23 32 45 19 22 35 43 23 32 32 29 22 20 36 29 20 27 25 31 31 18 34 34 36 31 27 31 32 24 30 39 23 28 31 25 33 23 27 36 35 32 
32 31 15 25 27 29 30 30 35 30 34 32 32 33 43 26 25 30 28 41 26 25 24 45 29 30 25 40 30 28 30 30 26 28 43 24 33 32 23 26 32 21 21 21 25 33 25 34 37 30 29 37 29 32 26 30 28 30 31 37 19 33 28 31 25 31 23 28 32 40 29 23 30 36 32 36 18 14 26 37 26 28 33 33 25 24 27 31 26 28 24 22 20 26 21 36 36 31 19 28 29 34 29 34 25 22 27 30 27 27 23 25 29 25 30 40 30 26 29 23 28 36 33 44 28 27 35 27 
36 33 38 26 32 30 28 33 34 30 32 36 31 29 25 28 27 18 32 29 34 29 26 24 23 28 29 38 37 20 15 26 32 37 20 38 23 32 22 21 26 33 40 36 29 35 30 35 30 31 26 25 25 39 39 25 28 30 41 24 27 37 33 22 25 32 24 32 30 38 36 34 35 34 24 19 31 31 34 22 22 23 40 32 35 30 38 24 35 27 31 25 27 30 24 31 32 23 20 27 25 28 26 25 30 25 27 22 27 32 31 38 31 26 21 23 37 24 31 27 27 38 24 38 32 31 34 33 
28 29 22 31 39 22 24 24 21 21 22 28 30 18 27 29 29 37 30 25 36 22 23 34 33 26 29 22 26 32 20 28 34 24 23 36 43 26 24 29 34 29 26 31 33 39 27 25 31 35 26 31 21 31 34 31 25 31 29 25 24 24 21 29 32 15 27 28 23 23 34 25 22 25 27 21 30 32 30 24 39 23 23 27 26 23 30 22 30 18 29 27 25 32 41 25 29 36 34 31 20 29 27 29 27 26 28 29 32 25 28 42 22 28 29 33 30 26 31 27 25 30 34 31 38 30 18 21 
19 31 33 34 28 24 23 25 34 29 29 33 39 32 31 21 22 21 32 23 37 37 25 41 24 37 26 32 31 22 25 28 38 25 25 37 27 30 35 25 33 24 22 30 20 25 31 33 34 26 33 24 27 34 21 27 31 23 27 21 27 26 33 28 28 22 27 25 27 36 31 35 20 31 41 36 35 31 29 23 24 26 27 26 34 30 28 31 28 24 26 30 32 40 21 27 23 26 32 32 31 27 21 19 34 25 32 30 25 28 38 29 38 30 27 33 32 24 28 23 31 33 32 17 34 29 32 22 
25 29 31 33 20 28 38 24 27 26 30 27 28 25 32 38 25 24 20 22 29 28 42 28 19 26 28 33 33 29 36 25 28 32 26 26 28 32 27 38 37 27 27 36 20 25 29 32 35 35 33 18 33 20 30 23 21 31 30 31 32 27 27 26 31 30 29 33 20 30 21 22 26 31 25 31 33 27 34 27 39 28 26 28 26 24 26 27 38 28 24 26 28 28 30 21 31 37 34 36 37 35 28 29 37 30 21 24 26 36 27 38 33 31 27 21 30 23 29 29 34 32 27 25 28 25 32 28 
28 32 24 31 30 23 28 33 25 28 29 35 34 32 35 24 32 31 19 25 32 28 30 26 28 29 31 30 25 30 31 26 29 35 34 24 24 35 30 40 28 28 34 33 31 36 34 34 31 25 30 31 30 28 27 28 37 29 28 29 32 16 31 32 34 26 25 38 27 37 22 26 19 37 32 29 30 25 25 28 36 26 35 17 27 31 36 30 28 24 25 33 18 30 22 26 25 28 26 33 36 32 30 28 33 41 34 26 28 29 25 33 36 31 27 27 28 28 24 30 24 19 28 27 26 29 32 41 
32 46 25 26 29 37 32 29 41 41 25 37 29 24 37 28 30 26 28 22 30 30 38 36 32 21 35 28 32 22 36 37 29 23 23 34 32 31 28 26 31 29 36 39 23 25 41 31 35 36 33 23 30 32 22 24 12 34 29 28 28 25 27 33 28 31 19 30 27 35 30 33 27 26 21 32 27 38 30 38 26 26 26 27 26 28 32 32 31 27 34 27 25 36 22 31 38 24 41 31 30 34 30 46 33 33 30 30 24 27 30 22 25 19 27 28 34 28 31 26 29 26 32 34 25 32 23 29 
24 27 32 26 28 19 27 26 33 49 28 25 23 28 18 24 38 34 37 27 29 28 29 29 41 26 37 28 22 24 30 37 33 22 38 27 20 31 26 36 29 35 29 36 27 30 30 30 29 22 32 33 21 21 30 27 32 23 24 36 37 26 27 25 27 36 28 26 17 23 20 26 30 21 36 37 34 34 34 25 35 24 29 39 32 30 32 28 31 18 32 36 22 19 17 15 17 22 35 31 31 28 26 21 32 31 31 37 31 25 19 22 27 42 28 33 35 22 33 37 32 28 28 29 27 37 23 31 
21 20 33 22 32 28 30 25 28 30 24 32 32 23 34 29 34 27 31 24 28 33 33 29 29 21 28 37 33 24 33 26 19 27 27 25 27 34 24 25 32 26 34 35 29 31 28 27 45 32 25 35 28 34 33 18 35 35 30 26 37 38 29 23 29 22 31 21 27 34 28 32 20 28 27 31 29 34 39 29 42 23 29 32 27 28 29 28 29 18 24 15 20 22 35 27 36 25 32 39 31 28 33 29 44 33 28 34 31 31 27 35 29 28 26 34 20 29 36 28 33 34 29 31 26 28 31 28 
28 27 33 20 25 34 24 27 29 29 33 30 25 26 27 34 31 26 35 29 29 36 36 34 22 20 25 34 35 25 24 36 25 26 32 26 25 36 30 33 31 32 37 37 27 28 26 34 20 30 26 27 27 36 27 29 24 19 27 34 29 22 29 32 29 31 35 25 27 24 38 23 26 26 32 22 28 34 33 28 34 29 26 29 25 31 32 29 27 27 18 36 20 29 33 22 26 29 34 35 37 24 26 23 24 29 35 35 28 23 28 29 24 34 27 38 24 37 30 24 34 42 28 33 24 28 29 26 
34 24 30 25 25 29 38 29 27 27 28 25 25 35 23 21 38 29 26 32 26 28 26 32 25 22 33 42 33 41 23 36 23 29 24 31 23 33 20 30 30 32 27 36 29 22 31 28 22 32 40 21 26 28 24 37 34 36 27 28 27 30 29 37 36 32 23 28 28 21 39 29 24 34 34 22 26 32 30 24 30 31 27 28 24 27 34 29 32 32 27 32 23 40 36 45 24 31 31 28 29 28 22 28 37 32 28 24 30 25 31 43 31 25 33 27 35 28 42 37 33 26 28 27 30 29 24 30 
29 20 27 28 24 30 24 30 30 28 30 21 31 21 32 26 27 34 26 24 26 34 33 31 24 27 28 39 30 24 29 26 26 31 30 30 31 27 43 37 34 35 23 27 35 32 30 30 27 20 28 38 30 29 30 25 32 38 23 25 22 26 31 29 22 29 29 26 22 35 26 35 35 35 34 33 29 19 33 29 33 28 24 43 25 24 24 27 24 31 30 25 41 27 33 32 28 32 25 29 20 33 29 14 27 37 24 25 28 26 37 29 28 31 30 33 28 33 24 21 38 33 21 28 30 24 23 27 
24 40 23 36 30 29 24 29 23 36 41 33 39 25 28 25 31 25 41 31 25 32 34 35 42 19 28 36 25 27 22 28 36 24 31 23 26 30 32 19 39 33 26 31 29 21 26 25 31 37 34 32 22 24 23 31 35 37 29 32 27 28 22 32 23 33 41 27 27 29 22 24 18 30 30 32 28 27 39 28 31 32 24 27 24 22 32 38 30 29 21 31 37 24 38 26 22 22 28 26 28 33 30 29 33 38 27 28 28 25 19 33 18 29 34 29 24 37 26 22 29 30 30 25 29 26 33 28 
24 36 22 29 34 30 30 25 36 24 35 25 35 31 30 32 38 36 46 19 31 30 33 37 39 37 23 24 30 29 27 41 25 29 34 28 27 27 36 27 24 38 36 26 32 30 20 24 25 35 25 26 43 29 29 26 27 30 37 27 27 27 29 23 21 26 26 27 28 23 24 23 28 25 25 34 23 40 31 26 20 29 29 27 28 33 28 44 35 39 25 36 23 36 30 20 20 27 29 34 29 26 29 27 27 36 27 24 31 26 34 25 27 34 33 22 31 29 33 25 38 30 40 32 23 18 31 29 
36 27 28 39 33 20 36 18 23 27 28 38 34 18 26 18 28 30 19 27 28 29 27 31 26 30 31 40 26 35 31 36 29 22 34 31 24 31 30 27 27 35 20 20 30 33 32 21 28 24 23 23 30 23 25 33 22 28 32 30 22 29 34 31 27 40 39 32 36 26 37 26 25 28 34 36 28 29 25 39 31 18 26 32 28 22 32 23 26 27 19 30 25 34 29 12 24 33 27 24 30 27 21 19 32 24 31 30 25 30 27 32 27 29 28 29 37 19 35 18 27 31 40 24 29 38 28 36 
23 21 25 40 30 27 20 31 38 29 22 41 34 20 39 34 20 37 29 27 39 32 33 29 30 30 26 26 26 12 26 29 38 21 39 29 23 30 27 31 26 22 28 30 38 29 30 34 42 22 34 27 36 26 27 27 39 36 33 22 34 28 23 22 44 30 25 30 33 22 30 31 32 18 22 27 24 32 35 38 28 33 24 29 26 26 28 28 24 30 26 23 33 35 29 25 23 24 28 27 25 27 23 33 31 38 29 28 33 34 33 25 25 29 33 24 24 29 25 27 33 27 28 27 29 22 24 30 
33 25 35 28 22 35 29 33 24 37 24 27 17 28 27 28 25 24 22 28 44 37 35 27 22 26 25 33 31 22 31 23 26 31 33 39 27 25 36 30 27 31 24 41 37 30 17 32 24 27 26 26 35 25 27 29 30 29 29 40 29 27 24 34 27 27 34 24 27 22 29 39 29 28 33 31 37 29 30 28 33 25 26 30 32 29 39 32 26 32 28 33 32 24 20 29 18 36 26 30 25 31 29 33 35 26 31 29 30 32 24 29 28 23 19 28 32 21 31 20 34 25 36 29 22 18 35 28 
34 26 23 25 23 26 28 24 31 26 23 29 32 19 28 25 28 29 42 20 22 30 34 25 26 24 29 28 38 28 23 25 27 33 26 36 21 25 30 29 36 32 33 29 31 24 39 40 24 34 25 31 42 23 31 27 30 30 31 33 31 36 34 29 31 27 30 29 24 34 25 33 28 26 28 22 24 32 23 28 28 38 25 27 27 32 27 35 36 39 28 23 24 30 18 30 42 35 21 23 27 36 25 28 20 30 28 30 37 31 27 36 34 29 38 30 37 20 38 23 37 28 20 27 28 29 19 32 
34 25 23 19 28 40 28 34 32 31 30 19 28 38 41 25 29 25 31 34 32 32 30 30 32 27 30 33 27 33 21 36 35 30 13 27 24 32 28 32 33 34 41 31 26 33 26 25 29 26 27 24 37 23 29 31 36 13 17 25 24 32 27 26 28 23 27 28 29 28 19 19 25 38 27 28 22 26 23 25 13 33 35 22 27 25 33 30 21 31 29 26 27 28 28 36 26 28 27 25 31 46 28 27 24 30 24 26 27 21 27 26 32 44 25 26 31 30 30 29 24 25 18 34 34 27 29 27 
32 28 30 32 37 31 23 47 26 30 29 29 19 27 31 28 24 20 22 28 26 27 19 42 32 29 33 30 25 28 32 27 40 21 19 29 31 33 30 25 19 32 38 26 20 24 27 39 27 32 21 27 30 32 29 34 24 32 27 24 27 29 32 30 34 39 35 28 22 26 21 26 29 41 29 28 22 33 27 30 32 25 27 23 28 33 29 44 30 34 34 29 36 37 21 31 37 33 19 28 28 25 35 29 39 34 36 26 26 31 43 30 27 25 39 30 39 42 21 18 25 30 25 30 27 34 30 23 
21 27 33 30 24 32 31 41 41 24 31 20 36 34 20 36 25 35 22 20 33 37 31 34 22 23 29 35 37 33 26 29 31 38 26 26 16 26 31 27 24 36 40 27 32 37 30 27 19 36 39 23 27 36 23 24 27 31 33 31 25 37 29 29 28 31 24 27 29 41 38 23 32 28 29 28 19 16 31 24 31 32 24 28 30 28 39 32 26 28 24 27 29 16 27 30 26 32 26 28 29 24 27 25 26 26 27 29 24 42 29 28 34 31 23 35 28 31 30 31 28 27 30 35 26 42 32 34 
