# Format: McCode with text headers
# URL: http://www.mccode.org
# Creator:  3.7.12, git
# Instrument: /opt/homebrew/Caskroom/miniconda/base/envs/mcstas/share/mcstas/resources/examples/PSI/PSI_DMC/PSI_DMC.instr
# Ncount: 1000000
# Trace: no
# Gravitation: no
# Seed: 1234
# Directory: /Users/ldq/Work/McStasBench/benchmark/refcache/T1_PSI_DMC_work/ref_20260724_153108_94648_19
# Param: lambda=2.5666
# Param: R=0.87
# Param: R_curve=0.87
# Param: filename=Na2Ca3Al2F14.laz
# Param: D_PHI=6
# Param: SHIFT=0
# Param: PACK=0.7
# Param: Dw=0.8
# Param: BARNS=1
# Param: SPLITS=58
# Date: Fri Jul 24 15:31:17 2026 (1784925077)
# type: array_2d(100, 100)
# Source: PSI_DMC (/opt/homebrew/Caskroom/miniconda/base/envs/mcstas/share/mcstas/resources/examples/PSI/PSI_DMC/PSI_DMC.instr)
# component: PSD_fluxposB
# position: 0 0 48.4257
# title: PSD monitor
# Ncount: 1000000
# filename: PSD_fluxposB.dat
# statistics: X0=-0.00205214; dX=0.543832; Y0=0.0556869; dY=3.41394;
# signal: Min=0; Max=19439.8; Mean=3283.97;
# values: 3.28397e+07 272572 62463
# xvar: X 
# yvar: Y 
# xlabel: X position [cm]
# ylabel: Y position [cm]
# zvar: I
# zlabel: Signal per bin
# xylimits: -1 1 -6 6
# variables: I I_err N
# Data [PSD_fluxposB/PSD_fluxposB.dat] I:
3903.310355 158.5687524 3760.649038 2474.906233 0.008921816114 1.196662405e-11 2505.924021 905.9083724 2178.538194 4649.956519 4983.795253 2478.176087 0 2.658807447e-13 1038.906409 7344.468883 2239.790967 2474.431006 2495.98027 4975.617523 0 3838.427315 2534.193626 0.1230866804 40.91612604 2007.68002 49.43645847 29.93372853 5014.641213 2046.174476 0.007052833293 37.59980798 0.001885761862 9461.831189 1708.643857 2.744286325e-133 2063.086731 2488.379921 3199.310996 2455.185216 4982.044749 3529.946664 4471.72877 2434.30135 2435.399863 4001.624479 2.353002794e-06 2482.520842 1988.898508 4555.296014 7104.727183 1637.010229 81.4508858 2501.043479 4900.374388 1.45397755e-12 7350.498736 0.00138795035 5.442466834e-32 1090.334786 86.57207451 2492.611573 1.276489799e-14 3062.305353 2427.045686 7.540828645e-42 1.75678046e-62 1.468782487e-13 8.027225523e-68 4.500639526e-25 7186.086735 4414.434726 2437.121496 1768.722895 2500.446422 3703.289094 2193.578975 2117.470821 3773.167297 2.96323877e-19 1440.685685 2615.021421 282.9037287 593.8159525 1.124613288e-24 2508.213035 0 4339.917848 0 3175.73904 2492.992768 2450.358291 1068.479094 1.021739301e-13 2455.205927 6059.549125 1866.853062 2.081895929e-79 7.158692274 2498.555603 
2366.426527 6.778316866e-07 2350.459179 4907.628715 2486.426995 5000.027658 2482.321049 568.8455576 4880.582928 2350.716372 14.54316668 4984.134846 2193.391854 6.976828364e-27 4349.759716 2.466693592 7698.982442 2505.183731 4424.800116 9059.002218 1985.612922 2429.327583 5035.97358 2.58871507e-11 4187.931794 2325.473057 1.848335161 3.472683512e-16 3555.109657 0.02647526999 4952.735905 9.04451382e-45 0.001790676901 0.03634469398 12397.87586 4766.967861 2518.454153 2430.267537 686.2136091 0.8933294592 2481.854148 9987.239027 4811.200086 2470.067429 4689.983619 3.690767836e-09 2520.936451 91.01808985 7438.120807 2386.111817 2481.513534 4796.025733 0.001151857302 1550.511075 6140.913289 2495.564889 4968.29101 1.934126419e-15 7508.157535 2528.339039 7051.673428 6608.390756 2507.976382 71.09605509 2438.362332 4904.362576 2131.135479 4957.247059 4.183015304e-07 2494.499932 2616.88611 2264.389039 1777.372837 5202.758511 4208.898284 2445.234112 2262.354464 2511.67658 4942.763718 1.917042301e-79 0.9617629534 1661.617627 2506.700551 9.517436858e-19 4377.031614 9137.424334 4415.051021 6998.547202 5.576149385e-147 2507.707228 3253.645477 2188.147879 4048.670655 2481.146337 2001.878252 8.575437287e-06 62.34973157 0 2.108209066e-30 0.08703595091 
0 0 4930.175075 2054.786411 2520.093739 4988.995873 2433.337369 2471.734991 1.374053024 2355.975737 6.299681942e-92 2356.255075 848.8633182 8476.528007 2125.035468 2491.501521 10.61129645 2001.855416 4979.01196 3715.564644 4.483655191 5972.568068 12649.22253 8921.126198 4943.779405 0.02598629819 4600.036401 1.120585987e-56 2335.200079 1.504986473e-61 2401.426128 9182.818423 2317.409744 2420.725957 4880.290712 2475.188087 2433.62075 2563.450288 4698.956304 2400.617155 5454.490919 9756.147882 3495.938375 1.372638598e-14 2.047177814e-110 2165.970299 4943.421335 4850.663068 5042.992712 4923.378017 2477.453626 4576.88339 9680.32009 5561.903206 2532.398304 4244.32463 7.71359576e-06 3423.665093 2.867128682e-05 0.003253224628 67.19659519 4632.209703 2.106747122e-08 6777.861697 7.852233175e-91 4179.369747 3.630666225e-07 6650.132393 2467.923667 2053.98072 2487.329715 4660.497121 7335.431397 2479.983926 97.11554167 5027.617613 4489.596745 2482.982178 4452.962963 3074.851918 3413.298206 4884.024993 2528.547801 2393.368111 0 4803.91364 2493.512788 4.191629666e-05 2428.449347 4464.935291 4795.541372 2.978291476e-65 2809.561288 4963.833053 1962.957434 1.552281512e-29 4930.290947 2.965737073e-49 4802.208028 2314.060258 
2489.785284 0.5300398629 896.9079338 1980.83782 2468.232704 3.406474105e-08 2466.7564 4590.227284 0.02381571482 4.705408088e-13 0 7502.622275 7.025479541e-32 8574.947049 4740.17258 0.3211476635 1371.310928 2879.616034 6239.873295 12411.55343 6186.448278 6780.310903 7022.181604 4929.151283 2587.079389 13011.3428 8.349156365e-10 4.912309914 4449.081531 7180.998114 2121.305071 4149.350244 2357.705859 7201.676753 8565.89201 2106.543678 6856.984206 4968.764494 4682.111386 2469.646738 2451.492304 2401.00916 7387.366227 2462.838694 1598.048909 2293.813087 4562.794632 2.288766059e-65 4679.492741 4734.935967 6.936014712e-05 2.371509147e-21 4946.828747 0.004582865474 0.007213127103 6816.687098 2490.022511 6.279089034e-06 1975.0578 4208.190241 1681.963755 1.737212956e-15 2487.046227 2.182778191e-09 2642.743989 5667.007459 2519.590655 2485.855898 7888.208361 2744.085619 2079.440828 7.735815859e-07 4925.879097 4381.825234 9731.588319 5243.03229 7419.429503 2514.731486 7810.55558 1.968369036e-63 1.050639442e-31 4265.356005 4882.506259 4923.93151 2816.268836 7825.571797 2568.057108 4884.072073 3237.272906 3666.925703 182.3679121 0 4972.955261 1.680003926e-162 4909.86583 3802.94495 0.1070579362 1920.203993 5019.188744 2380.030444 
6584.950636 1653.961026 6593.791171 2392.615619 2463.921303 2496.706435 7201.716019 1811.392773 2564.367045 42.42572303 4987.953696 2142.465865 3.295209353e-24 2146.160572 1.576836293e-13 450.9612917 4767.472438 2491.269046 4783.9406 4884.700367 0.1825384874 7207.960074 2402.439055 4803.509199 2456.02399 4411.161465 172.7795244 1999.740915 4989.245018 97.4713435 49.04322993 2482.5381 4442.516518 2442.868741 2506.283383 5870.107101 4985.564043 8061.922265 0.1990156279 2217.759133 2518.700265 3468.274505 2401.155755 4979.410831 2565.138858 2138.335838 2583.108483 3997.59465 4881.710396 1.331166331e-15 0.01970633632 1650.815355 2269.597855 2722.912266 4401.284245 55.61621947 4296.207082 7713.380047 4.698154459e-11 4274.381654 2453.125889 0 48.27972956 9346.134921 2449.147554 2532.864105 3270.427707 2255.124026 5567.082534 1990.095938 6990.081086 219.1041333 2.781364181e-13 1.511915785e-12 84.84794747 7050.950146 2233.244028 5010.291079 199.8944498 8838.092472 0.0004488779399 4965.264242 4731.465494 7227.212404 4927.822767 0.8510854684 6966.090621 3089.473275 6814.314423 3104.535438 6661.69224 3.320432638e-05 4839.754523 0 4877.578654 4740.95962 2467.540169 5.822048105e-25 7814.923552 0 
1796.92406 2132.607848 1957.250144 2502.148985 0 2271.171097 0.6715346381 7065.772707 3.126875244e-11 2451.880672 4351.304736 6.563887714e-08 4470.061469 6917.088575 2865.321578 4616.711243 2500.411377 3652.337484 4720.722932 2491.330349 3923.417362 2311.397047 2493.034172 1.655127546e-06 2334.502117 6889.863147 0.1922885128 163.7672635 4916.355077 2436.064746 4903.035808 2855.841782 4857.249367 10.21719394 71.06182507 4848.70669 6808.729038 4850.456784 23.24191588 0.02675961144 2405.273726 7251.218233 2317.463925 1393.707751 12.10576375 7.761954923e-12 3216.441757 4967.596141 100.3107383 5994.268133 2172.252311 2023.876871 4656.976568 2492.620499 6728.146336 2439.779265 2888.852808 1349.105785 4704.698681 9171.716636 2118.438595 4851.012669 2473.257762 5648.361993 4811.488136 5565.201834 4828.457713 0.7987107552 3.584102722 2436.840885 0.01008479439 3.912708279e-13 177.1895189 7.240904471e-13 3869.741354 8877.862921 3688.704224 790.9190541 157.8764432 7699.023089 4884.214517 2336.60419 8264.210432 4797.98147 4836.778129 2802.332991 2512.325161 355.2148745 7710.061581 4619.759091 4924.517402 7568.941138 4373.878952 2095.676059 1.861747608e-24 2506.364941 1914.636031 0.05579996887 9.038613824e-35 3.332690427e-99 
5.72815548e-46 8.596300958e-13 2.526453574e-180 3607.485189 51.15578781 2468.888748 2473.357933 0 0.07080355134 2463.133334 4760.607414 1988.185062 0.001072845852 7234.084982 4885.191473 4936.165306 229.7398108 4866.017864 2504.199859 8981.773965 1.331068427 2.060270786e-08 1715.44702 5.541809192e-23 3064.95516 35.90456565 3557.542435 1687.249744 4885.24661 3728.062799 0.0004097641816 49.54858147 2497.897136 3895.525082 2377.169563 4940.87808 1.47984666 9.34589536 11126.50869 3.348902083e-19 75.77448022 4619.657152 2483.235295 4710.139967 2442.696554 9730.686258 5935.935018 7444.801546 4919.022841 2577.625346 11299.78421 4708.339161 2410.103613 7800.303772 2.756712463 7.97847035e-06 4855.533204 4961.166026 2276.898117 6645.048992 2320.585291 6121.220974 106.8842756 4872.499232 4123.894582 2436.610339 1718.937685 6404.33824 4935.631221 2548.496706 2.114205259e-12 2734.047392 5.99074006 2341.874117 7358.250244 2.175450305 1521.215128 1.790560073e-14 5.028309932e-19 4975.113803 1988.068244 9916.716857 2481.298175 0.1718201318 1923.600798 2436.57749 1979.608304 3401.998386 4910.825205 4705.074744 3988.626235 4088.986931 1815.603524 3199.781653 5032.446325 5.178402791e-21 2609.948391 4146.903737 999.5267816 468.9791115 
1.611420875e-31 25.59603145 4834.664259 4835.568956 2405.188102 2177.129394 4742.900562 4559.08763 27.61196472 4.417233742e-11 3380.068841 4896.835594 20.34360176 7.272102174 4953.464417 1262.465143 7007.972796 67.49575453 5.337738468e-08 4467.417858 4210.074995 4244.617531 3187.460225 2177.459154 3193.47386 2455.320132 2480.042141 10673.37209 6103.153597 1412.978703 1.366490703e-18 4883.544121 2415.050936 7059.951495 7150.076517 4874.088554 221.9591401 2481.145628 2415.63714 4554.977854 2064.968733 4278.623274 4784.946898 6424.888259 8.761683401e-16 2519.455874 12031.39073 687.559313 3798.609991 2490.127192 2520.882777 2473.834865 0.01082040667 4948.443422 4795.045657 2094.61931 2057.003382 2081.736639 946.401252 2507.082626 1469.101181 8.645139246e-13 0.7040154367 0.1157434803 4261.790372 6310.076243 56.93493312 6384.264348 0.5512697634 2300.432406 2321.103443 2436.040605 2448.438254 2455.590972 1917.13309 2426.352353 2786.508837 7045.83072 2794.593988 2351.147092 2440.037024 7065.358528 2.468362761e-05 4596.239382 5435.710355 2459.175549 103.4187104 2438.758721 1912.832268 8890.15935 4096.147479 2794.331675 1894.560201 1.69058537 2075.795886 2475.630036 2446.059238 3959.067175 6928.815084 2510.579452 
7.714107794e-30 2373.44715 12.53432574 2566.193602 2513.201411 2456.107451 38.24916709 7390.185854 2415.017516 2514.963889 4838.002047 7.727146917 3299.006806 190.6487186 2544.327899 4987.107267 4953.285228 2085.158963 3168.969589 4253.520024 200.3792128 9435.703246 3352.901035 2470.086341 5220.039626 4912.000602 2458.180659 5539.296233 2457.404581 8.812831363 4614.924076 2354.475433 6759.404991 1478.651789 2472.910554 6946.913462 5490.532385 4985.56119 8.296558451e-69 4741.527379 3.073752575e-10 5236.519429 4391.642293 2453.458946 4693.147863 4729.033124 2115.385633 4947.386383 0.2163515487 4577.463924 2581.788802 6364.178323 2476.255351 4.2981921e-11 2445.094548 1968.71436 2077.57595 4.423453119e-161 2570.964345 9.48527662e-15 2489.552268 4232.688846 4807.242469 7310.227737 9957.470816 9238.654074 3.660402716e-09 1131.978184 4560.406778 4548.356407 931.0969416 1.561576089e-69 2475.145544 263.9139133 77.95169828 2244.252143 4525.572079 3614.104154 9510.768391 3288.375466 4233.976445 4084.98116 7772.234472 151.9877584 6.402080806e-05 9883.058896 5087.311161 33.75466899 9.004966296e-05 1.706720092 2668.533661 1957.718315 1981.772289 2538.148973 5192.455917 2476.20999 2430.625398 3664.248948 415.7192208 1616.560957 
1.225182548 6.160651016e-44 870.8442866 7084.757251 1.91427217e-33 92.72133042 0.7349129091 1.526615954 3.441250216e-09 4510.052933 3304.648639 2408.621626 4149.92868 3236.347754 3.260261855 811.7240561 4883.803238 3672.210301 6900.994672 7476.476313 6460.881365 2400.411779 4759.681308 4897.674981 2456.289156 3831.432275 2334.727604 1486.250535 4940.738506 4792.754435 4517.384136 2472.075012 2499.425253 2480.578068 4878.865853 7456.61451 9413.425123 2179.937583 1259.421685 7348.061475 4729.252896 5720.413069 2694.701573 2494.718764 2828.392426 12959.89698 2294.200435 1945.936247 82.42161855 2265.689842 4610.358016 6006.478531 0.0008333089292 4943.932806 3983.72432 8436.615507 2499.492845 6.258014518e-07 2427.635883 4665.372334 2520.649031 2128.924481 2420.659037 4597.869844 4864.54247 1.366976558e-90 2501.330814 4426.066537 9479.59242 2.522010355e-06 2490.239654 2526.957057 5682.233852 10487.83793 2515.674948 7020.130954 4142.581537 4915.427158 2518.915561 4795.190797 7805.507254 1678.31695 4255.159826 6102.328452 2418.743168 6554.896193 0.004620157602 96.14607122 5089.998475 3.673023986e-34 2518.183632 2466.714533 7437.621691 2423.662597 2353.851841 2.194801372e-33 4997.21685 4123.098157 4920.220181 1.903806445e-08 
9790.702221 9890.214113 1531.734123 3472.778515 4973.988588 8.2921427e-05 2374.727283 1.920216609 1.233785389e-05 4930.137775 2268.683213 2480.475049 7.562785089e-10 4934.632344 4991.125939 3311.854314 293.7212538 2114.007262 4843.23057 452.7994355 8233.908347 6735.814813 4942.607696 2478.855429 1640.929861 2452.43465 1217.980399 0.08688331582 2471.663229 4563.709427 18.10545359 2476.609985 4976.868626 3.713968816e-12 9897.780125 2475.950508 11.90795742 146.6224684 11785.80823 9834.118202 2517.950998 2.359815778 888.953385 2518.478495 2421.304366 2485.5021 2297.13372 9402.44942 66.90135914 33.20269838 2497.284171 7253.735587 4831.934388 2322.576915 17164.84011 4116.609715 4968.705228 2423.024016 5583.857085 4515.842139 9066.54957 4752.238955 2474.386602 4804.545924 4611.058481 4472.487534 2560.563869 6617.601462 3400.403061 2471.993767 2885.620019 9210.688202 2443.001339 3634.91526 9.706420943e-13 3645.360369 4696.5508 6996.10269 4987.405259 2079.148669 319.9048984 2487.010989 2493.015987 3798.278984 9.169153502e-15 2480.200991 7280.056786 4412.200813 8171.128437 8.166345549e-14 2505.988968 0.01493099182 4859.428337 4.538561909e-36 2554.157886 5.618440658e-10 0.6600524295 0.02681442964 1403.168791 0.1510792985 
2.049319382e-14 7228.361306 2066.510765 4618.666092 2512.088632 2382.28475 2069.185934 13.34907016 31.43904723 2447.279869 4918.230856 2485.11547 3377.056527 5.717920989e-19 4724.78621 1.297794107e-06 4991.734408 4.125004548e-13 6570.544556 2399.657891 6679.653497 4953.601586 2216.709899 6877.634582 2495.192739 2511.748441 2406.560916 11240.30897 0.7506279725 2975.82871 2463.949002 2472.012063 11008.71232 2307.749074 2462.945229 4556.944544 7394.723131 2527.323261 2378.897552 2551.850387 41.25738462 1.239031312e-22 2749.219195 6986.188812 1.419567006 2464.697428 2482.019537 2.228875176e-13 2502.546516 1.07555167e-27 6559.422225 2459.161031 429.2345001 6.059280938e-13 4956.028566 9619.927964 555.00997 9130.13422 4518.644369 3.762649487e-10 1255.382639 17.32165016 4830.611576 2.542596517e-10 5022.286427 5503.148176 4660.307147 7222.131269 3873.45469 5793.59045 249.1820464 1.88912381e-31 2500.869036 8616.235767 236.7452255 9481.561546 1287.807587 2446.320994 9993.304262 5773.173314 638.7095487 2180.122391 2380.142527 4096.523663 4522.022192 2.575337828e-22 58.34671212 3601.828563 4158.794806 38.76378785 2707.534222 94.63317457 2473.911364 0.0005926695364 0.007990800645 20.0434465 5614.371226 1388.324947 5319.031604 1908.113571 
2352.239188 2508.468496 8473.979582 7459.690979 2486.091805 1477.422547 4507.64949 6836.999568 2499.19916 2508.007859 9.685666294 120.8007273 5004.688303 6980.706195 4916.104606 7044.594631 2494.942595 1.307184054e-33 8501.603294 1.295921208e-09 2470.114474 4744.498646 2506.938205 2476.725517 4592.586771 9531.817165 6506.295487 4631.336231 4184.551854 129.8577322 1796.587014 4656.306391 5393.664545 2487.704759 0.00229841093 3.812453658e-10 7363.257797 6909.576419 4.214253852e-10 69.23208588 9096.721829 2408.022185 0.3060005501 37.35737911 2556.050359 2484.912209 6747.724168 1.608540226e-14 2540.180478 4735.951539 4647.509251 9540.574774 9002.389191 2373.667642 7863.162859 2445.431905 4013.183752 4964.231319 2.440652648 2819.193327 5003.738706 2481.783842 4265.06085 4137.299595 2493.04192 4948.576256 266.1824198 7131.828231 6888.581302 7098.885873 6935.701274 5400.757698 5204.502432 7189.494936 4602.402592 116.8374802 2301.451534 6548.045466 2406.383129 4735.070458 5066.125432 2459.394387 657.7720076 4976.718689 2011.20426 2108.50562 214.6995451 2454.959871 3.323634534e-21 6350.742099 1.205481889e-83 2478.480765 2692.523744 271.252738 3527.579488 2512.434889 8794.42658 6791.17757 3.283743284 2456.123014 
2490.74426 4818.730961 8.229449945 0.120125785 8417.172143 2387.516988 1.981959175 3610.983288 4934.051932 0.001070871512 2504.226131 1920.481386 7626.946595 2173.034967 6974.967176 4318.614583 3204.965444 1471.2652 4724.77663 6660.598982 0.1939367453 6074.636496 9006.085293 2429.678338 13811.54375 45.84512343 4916.998588 7165.696598 0.3422373081 964.8276595 2469.780097 2728.575783 7329.259556 5572.361327 1579.000853 1270.85945 7916.325313 2547.160106 4.169905095e-13 7602.777759 2423.422949 2490.030402 999.7782976 4900.272834 2429.065776 7048.733984 21.8376096 2614.453144 2443.63207 1397.172586 4401.256838 4.35105894e-22 11106.93056 7169.336446 1802.798824 2574.362092 2218.430743 8062.38051 2492.498815 5491.693338 178.6312663 4911.575483 2492.78228 1996.083923 2424.799547 34.22928576 4788.166571 9124.304264 2442.271725 1408.227592 322.1868937 2.545849081e-09 4951.523025 1901.196227 2450.577098 2493.08107 1852.937961 2473.379839 4.237951918e-154 4.074948948e-30 62.10421194 4414.115855 2352.170377 9262.469264 4691.610954 5.807950026e-10 24.02609499 2499.584582 4931.283442 1451.326399 3957.585381 0.0006087878152 6.189541858e-112 2515.645112 3303.18842 97.14650759 2485.53976 4909.83531 1516.334386 2296.293855 
1.28156334e-14 5098.700171 146.0439546 2492.62831 4541.105708 4096.481956 2493.030306 7334.903843 2474.399296 5964.43868 1.474360088 1.611960117 2824.074239 5947.662863 2503.744152 2.191760853e-06 7436.479196 4341.137749 2269.703876 5483.075648 2471.833093 6373.748132 2157.435838 2482.697055 2446.512035 4767.851983 0.01465777301 4694.149775 150.0240684 4604.74351 4907.212131 206.1422564 5.239421409 9945.909774 7424.95855 6477.732783 2377.650433 4888.352285 0.009359846607 3213.521694 4961.866598 7382.251939 2425.037015 2322.061871 678.5828326 2503.594971 715.1077403 4536.281001 7293.471296 4709.919038 3866.896745 2387.382269 4541.274553 9173.525084 2427.438938 30.92353532 1.091261276e-11 630.5414394 1679.297972 0.2727552032 6791.39433 4768.10074 4421.382011 2.380342927e-20 3809.339688 7309.326072 2027.527727 1905.540736 2718.55209 6795.832218 2218.67778 6.137566332e-14 2335.984627 6878.513496 2606.887612 2625.470372 9567.262334 2.041401121e-16 2512.73383 8.300273013e-22 2502.238921 2511.650284 2421.762884 1644.188967 3243.208098 2455.705518 1449.446337 5136.937388 2474.033904 7437.812248 3825.796469 0.342072776 168.1927647 2424.217092 1.754563858e-18 4.040403036e-87 1.078901156e-25 9.716654284e-19 4839.515502 2445.900411 
0.9113683538 2492.962603 2668.965476 6865.471075 7330.326389 7493.88402 5.695447711e-43 2.075969545e-26 2391.453903 2485.88861 8451.356645 2467.239007 7.477269848e-10 5799.134163 2.039170293 6089.064085 4.521632393e-17 4863.922262 1125.008379 1581.087565 2607.429346 4645.965629 4546.171492 5144.015257 2.021805459 4460.305751 2643.322856 5141.817518 899.8333807 14085.013 1405.337877 4851.503292 2805.713368 5005.74998 1623.984159 3475.881355 4920.77175 2428.655114 21.4378148 4541.695098 8766.972475 7831.674007 2446.26581 6700.270335 2005.598094 63.71675029 4981.935852 2687.085718 5729.523028 1759.833874 5054.192544 69.6760883 12.1272391 1.873401614e-19 6.927508769 4482.775807 2090.324107 4274.066989 3001.893109 4593.946023 6998.029782 5791.879739 2774.88974 2531.831675 3.516722036e-21 3180.372809 3522.952853 2733.679524 3.78319104 1763.487769 3297.267239 3559.885215 1452.098748 4875.140465 2298.995771 2482.353179 4505.446451 1.489645273 131.0150756 7161.972058 7086.160077 8537.87443 8916.71948 4950.463262 6129.040203 2434.565441 3719.043475 2463.938761 2495.366069 1994.772029 4890.2975 2435.600158 4527.843738 8.223257218e-17 4547.526951 3.072187038e-05 9734.828772 2440.917212 1.145876578e-09 6515.091671 
2456.623409 4986.305614 2491.194319 2467.939555 2455.897048 7.631484333e-26 4521.764984 2.391887946e-05 2325.69858 4952.066557 12161.63483 2453.022047 2650.476292 6977.815489 5449.029847 3191.200405 9077.270055 16850.37442 9092.013666 3236.400686 2484.911855 0.0006672271931 5947.361436 7284.431953 2596.749963 28.72884469 0.6303619306 5152.598499 0.0005231797195 1892.505022 2420.703346 2685.539892 7845.66183 2485.849716 2441.487681 2134.752165 4749.248897 4835.049749 2505.934673 4.645165552e-06 5006.372924 2507.726768 1963.299186 2463.040829 0.02360677872 2421.052976 4655.383212 7411.423197 4988.2324 6646.426629 4.002078129e-07 4933.150487 0.0001012502921 4579.822588 9641.855054 6421.10462 2441.111465 6097.78375 5929.825624 2468.993462 4.276813476e-10 3733.575246 0.0007125252528 2035.840438 2507.122599 5002.153387 9513.473971 2258.233476 11500.37631 1.770305465e-06 1.527216346e-16 2064.014709 2.994951529e-41 7463.960636 498.5140722 2895.884341 2498.953106 4202.157073 3.684334127e-169 4862.217744 1.292588711e-10 2538.162519 2595.802895 2513.862207 6.405866088 7312.755783 5440.349615 2042.981794 4886.295303 2249.452077 1875.878966 1763.263695 1502.220941 2468.339115 2425.738578 1.151259634e-10 2429.507911 2186.337688 2491.310126 705.7445272 
1.292474038e-39 2.938930688e-06 12.82740241 2427.19441 1.366881183 7356.352063 2.22250502e-15 2518.229861 9.3964032e-25 4506.591357 2.673866403 195.3310793 5002.281739 4928.102077 6.620426842e-11 0.4097877223 7461.469404 1858.724376 0.0003124058126 2432.451555 2364.926089 7344.33758 2448.465478 4542.371518 2600.261355 5136.332421 4818.814203 5.065269025 2457.991382 0.05345502594 0.009809885155 0.000109460557 4390.694393 4612.655941 1150.028226 6990.438315 3684.119178 5.952626896e-20 69.46448962 3555.457886 4714.131569 6946.518898 165.3647124 6162.63567 4432.776716 2409.885688 4862.982053 6724.871238 43.10685564 4694.544078 9874.865745 0.6412428595 2424.912342 2336.046104 2194.795247 8182.110439 0.005686024405 9262.926041 2499.79664 4939.097824 2696.155544 4942.244953 395.8363832 4815.754115 62.73496115 4929.238261 119.7701547 2415.383583 4510.750176 2508.120691 4650.831703 7208.821944 2370.942058 2823.502782 2802.899045 2483.733226 4556.229077 5499.847005 4917.197213 13.16896432 4679.999553 5006.017058 5011.619502 5397.121767 9604.766398 2370.104727 2459.245679 2428.707735 2472.540732 2479.736706 2500.235975 109.7031149 0.02595724775 2572.513911 530.8015279 5728.81999 5781.545688 4279.322289 2.424590642e-05 3.029272163e-160 
2507.243422 2470.392432 4976.76229 0.0327091294 1.147939203e-10 3.811421766e-14 2480.458977 2380.402802 2470.46725 2536.703405 4858.312532 5.284032236e-19 2453.647642 2402.224306 3669.513754 2507.275711 17.1800738 2254.34771 0.009309364963 57.38579775 4494.084388 4761.120947 9395.640091 700.2106522 859.7303916 7203.914551 0.001783465296 5.302530042e-08 0.09081137054 6314.515191 719.6695529 5016.592007 0.05275894531 2066.286085 1.531761431e-13 1.30258226e-05 2460.476893 4869.949174 373.6977973 9.485963976e-41 4898.180286 2451.955881 147.1602768 4864.450445 1.088017593e-26 4743.438096 3961.844836 8784.520117 2.813931579e-19 2423.54944 0.1129894706 12209.40281 2529.265923 1706.401092 8416.542133 7383.654706 2488.422273 4.141262962e-07 4758.132809 3.745950437 9038.034315 1.316800439e-14 1802.679258 4843.507876 7263.829303 5023.52824 0.5832630101 3770.680561 2418.788958 7420.974589 7279.537821 3489.598966 4688.345093 4100.359676 2435.913379 247.6041571 2550.464246 2471.218054 289.5362347 388.5049634 3.031474951e-12 6428.992574 8394.453163 4845.065551 3035.665652 2869.214269 2524.464654 2014.504688 2473.806851 4954.102442 1.311367104e-10 2482.447523 2519.059622 2480.92316 5099.639614 2295.257998 4463.483138 5835.049113 2503.266608 3294.184252 
2473.298763 2814.545098 1.14384121e-05 0.02985797068 2.92049868e-09 2507.798558 2503.851445 2492.336807 2036.626359 4877.714545 4960.458748 2490.68492 139.3160082 2259.950412 2471.037921 2405.962843 4165.437845 9378.354871 3275.708363 6360.792988 2507.857996 4517.33251 4909.334173 3539.001851 1.518631371 4949.343499 2499.349373 4884.160347 2332.081982 2000.462946 2483.32433 2397.522872 5096.24908 5002.607553 4759.111681 4722.812531 4374.667836 2315.449798 4912.010289 4730.578207 1740.802075 190.0608544 3682.486167 4944.152069 4770.607379 4522.424929 7166.677629 4.077165537e-24 325.3416105 2399.011213 6118.169093 6807.604628 7067.885642 11473.65532 7373.901847 1.034711484e-25 201.5038804 2.138222707 298.3875586 14.98905975 6247.865943 7554.288121 4321.116536 0.2875293988 4540.465118 1930.510556 2469.706035 2398.669141 3.881508175 9458.900702 1987.009934 902.2072259 0.0002796878418 2635.318721 9576.539592 0.01193176541 8517.106744 4784.922288 311.2524495 5451.697318 7916.942268 3406.398726 179.2018884 4215.771504 6951.045164 4840.61236 4564.619387 5081.026916 4927.690071 1807.762349 2513.278516 2470.122131 4362.921439 3744.501031 2625.766307 6.894772108e-68 2763.891635 2496.168102 2496.4153 3598.980911 
6.508414412e-150 3.102751881e-06 3.191565421e-24 2473.026452 2418.454871 2516.834357 2296.919017 2854.703615 2516.721788 2092.633306 4540.378376 1820.682695 1.384107982e-07 2519.051451 7267.323488 2461.797039 1.248971843 3171.777984 4729.583178 2562.431994 2506.592718 2378.886506 4281.884293 2467.945744 2434.304963 4325.964619 3.637326615 4783.068044 4.472492043 2865.224861 5017.663934 7420.395123 2030.200333 4.359480416e-14 4893.071315 4496.853476 2459.460389 9.672443211 66.90704263 7.115038378e-93 4865.292692 3028.796314 4289.985201 210.5709622 7.18798395e-07 263.6786805 7181.336232 2464.020819 24.00277314 2406.85138 9049.796285 9542.245423 6020.117646 2407.649745 1866.585478 6222.053 9923.909033 4517.271377 2049.974569 2511.169796 4986.96378 7477.374392 2229.610194 4842.110842 4645.881688 4027.555415 8332.512282 6140.206895 5150.278524 2406.507274 237.1191382 2499.747559 7384.96776 11.0288415 0.6990949246 2493.4273 2493.71513 4482.832844 1380.412863 72.49452316 188.2806131 7222.347204 9887.75006 6147.083877 4.214471717e-26 349.3938756 4833.519897 41.6274087 6.501372924e-05 7072.765473 100.8997799 0.0006742240892 1.338446778e-42 2486.040235 5.062547687e-20 4986.742744 1992.574003 1098.62746 2452.326512 4.857427075e-149 
5848.044301 2189.147988 5429.074432 2243.16073 2457.964367 2518.656076 2400.305806 2334.036427 6741.360881 4981.300759 4986.220708 6.692481701 1847.186428 2540.266245 4923.472524 2416.672794 10278.14644 4522.484233 409.4769516 12.57549239 7014.277599 0.03129986584 2419.117914 3107.961904 1913.474233 2194.089233 2256.368615 2487.885321 2521.202562 10032.29796 4964.018443 4174.558432 3306.051573 2202.804964 2254.742489 5448.757891 11857.23809 6447.099158 2345.427155 2625.535088 4487.072877 5663.954413 12066.89129 2476.345594 5752.930404 2452.258435 2190.659563 0.01247535048 0.0003526783138 8533.762269 2548.2477 41.96622786 3550.651359 27.49277445 7354.321029 2625.784962 4889.879297 2425.723071 3080.843562 7411.866493 2.325394852e-12 5.092936749 4307.425413 2406.168864 6902.020966 2412.509117 9982.346048 5086.576685 2005.817639 1872.356389 2.622238063 7175.37475 4341.411855 2920.155431 3951.899732 13.92702317 38.58101806 0.0006226081715 2584.238204 4638.337773 2429.43392 4565.69091 7432.648163 3949.959728 1747.525587 6.9426567e-94 9402.726276 2624.70276 2485.690746 2.235873244e-14 4880.092584 0 2.141760666e-17 1.082260395e-148 550.1076323 4.691655409e-05 231.9651398 1.085337811e-08 1.781800775e-17 3.801222078e-37 
4943.880172 2.652490461e-39 3175.757382 6526.433729 3.731683119e-12 2390.69863 0.008931289096 2382.347895 0.000510532091 2482.220971 3338.412578 2507.982891 5228.289906 2.7270457 3034.097258 2291.063051 2267.853713 9041.451291 2613.885341 1408.718987 5.528152098 10122.45998 0.01794736343 2636.422257 2672.491681 4033.567624 4802.284818 2.633955201e-06 6.023858332 4906.514556 3784.231676 2545.661582 4913.910389 2307.740962 39.22280541 4896.644309 2506.689959 2572.997493 7433.06931 2447.96032 7069.974985 0.9244392486 2650.492101 4276.380931 75.14045361 4837.839751 4660.558046 1.84013278e-17 6648.543362 9767.062774 4958.55098 47.59547694 4795.683082 2506.245978 9317.817731 4885.28286 2539.636891 4061.546604 13.96988631 130.6467054 4696.213371 2495.921899 32.70179905 2726.569158 5296.248015 3939.17994 4869.674685 145.4727046 4191.148296 1.263110475e-07 8.11695388 6423.6358 4640.141206 2241.602953 9227.595697 5252.302239 7692.720897 2743.850226 9114.396808 2446.084616 114.2278454 4561.937479 2522.754001 1969.263188 4837.440414 2519.809119 0 2347.309585 4288.292312 5539.10254 2492.328187 2484.814756 4897.32749 2437.568182 1608.730877 2870.465421 5456.108472 3421.914429 1535.583649 764.4637897 
2369.875445 4953.492401 9939.406254 1836.96294 4955.064331 2484.703022 4960.150388 1.930145662e-16 7007.020573 7318.679491 7094.570233 2511.75599 4849.03598 2536.399366 0.1111218348 2113.498622 2483.534418 5950.766855 3730.690733 7345.964992 2504.172005 0.2023598783 6603.30668 3805.934182 4594.460844 2506.129811 0.003263578181 4.783859137e-15 4098.080399 8.653845579 5326.526783 7124.04722 689.7919232 4948.690316 8877.583842 4564.842267 0.9145941965 7082.86454 5875.194652 2402.821834 9.151842205e-55 20.22686126 3155.82113 0.03025738502 7313.386881 5.822004539 134.2252632 2512.410855 1846.108352 0.0001587111318 4848.413126 1.832127723e-36 4891.479423 4285.255519 623.3408013 5017.947914 766.5939543 3102.192624 2139.932415 6688.842634 2.288467023 4264.822357 174.7702152 2412.051833 2313.057259 9187.826874 5683.634142 0.0229450197 6635.462781 2343.739993 4895.592034 4874.00921 2.094860602e-09 8500.60527 2707.436752 2514.65412 4576.590637 3.167162167e-29 2729.411525 7352.383666 2652.022718 7342.851083 2733.744931 9483.056088 2.426728396e-44 4465.328421 0 1532.483298 7032.054629 2.441952062 4050.280504 1786.034301 1965.295273 7.972369335e-11 2459.792946 206.2653544 9099.538777 2489.896879 4334.169129 4918.318857 
5278.328974 66.00026891 2096.122787 7431.573342 4583.195892 2.31638889e-141 21.23755718 2493.556404 4388.545599 4783.4829 0.01462503762 7461.584795 2434.994156 3.67366142e-10 17.06243717 1991.234975 7105.973914 0.04766044359 2009.732527 5972.973016 4882.681575 2494.35407 1.076186443e-30 9233.211693 5032.129788 2462.432064 4910.873753 8812.901588 2497.927945 3607.992351 4.747374625 2484.482247 2690.160741 2325.21803 2215.94906 20.00126577 8998.794347 1454.889598 4303.504204 469.1877914 7185.164963 1876.248148 2482.914965 4745.002847 4426.120112 2.034427513 1900.330972 7011.778588 4845.505246 5224.295994 7363.95718 9701.992323 4611.603545 5558.581699 4938.323077 3211.770771 2404.332269 2128.892843 2488.8386 0.002809158461 2648.870041 2574.890699 2444.42164 0.002503223954 8.736643596e-24 2396.129166 2443.722216 2485.446773 0.5332889218 4530.701316 7556.753849 269.867886 188.7399249 2.752959789 1967.545738 5929.237926 1248.408633 2498.729345 2484.992509 2582.750945 908.8430716 2486.579484 6901.801862 9743.941949 6587.768353 1647.604446 2506.378941 2453.876448 6472.132639 0.006976342505 4798.48627 2490.943719 1630.022571 1.043472743e-54 2336.19599 7359.193929 2.359481353e-24 7.745519233 1642.338856 2464.534794 
5057.78689 1.218359146e-62 4874.503423 0.005155144627 7.412296393e-22 3428.002424 711.1169667 4871.186572 4931.051025 5304.067974 2477.299722 7076.787565 2484.003132 2494.957712 2457.926764 7346.913192 2363.405848 2.508261725e-42 7264.70521 4997.328647 4679.237341 0.00251263628 5.051217432e-12 2316.149365 4805.698153 6584.630981 8426.105324 3133.547821 2104.504158 4580.91756 7377.599286 2579.289731 4804.161333 3791.601359 2059.505186 2308.474727 4587.671882 82.46093926 1592.69346 12178.21207 2659.414431 2479.689908 4163.0344 4684.781688 5004.522327 4531.7952 2424.963919 9588.700305 8798.433397 9474.547164 4594.959355 0.2561217742 4439.918806 2336.925777 4718.639616 25.14914857 3364.926136 4.863208309e-08 2415.818105 2428.806273 5421.093527 4999.663711 6618.829654 1876.406071 8.572622983e-14 3700.638286 2478.278318 4820.529575 5008.973814 4737.49781 2381.637329 2519.6728 1.253329715 1.403217128e-08 3698.808573 2576.11337 5093.497651 0.8408588522 1275.989518 2399.645802 4124.094014 8083.067381 5.245184783 2507.912963 4936.56692 4865.326072 4335.336741 2504.851103 2491.692044 2.658805611e-10 2348.132073 2054.622976 4216.028116 4925.067398 3930.763909 0.0001545976248 7431.977244 5.247291438 4.746673183e-119 1669.722697 
2497.256609 2532.223408 2514.156288 72.80148885 0.2283110678 2362.302774 2398.640388 4742.97567 3.278893944e-17 0.001072470389 4854.381499 7049.759089 179.6919052 1.296255155e-46 25.65632766 3.815193952 1246.645382 2462.071172 7395.888543 7365.828428 4842.355035 2416.721787 2488.375499 5238.257948 2427.530202 7800.336882 1.306279648e-14 6436.065786 3247.451715 7452.989003 4.078559509e-22 1330.46424 5.955213308 8129.988363 2515.699088 4363.18757 7998.146478 135.166726 2436.692608 3875.955971 151.1504186 3867.864047 3048.055268 4569.652791 7222.142094 7156.519271 3640.779934 2245.396006 4871.324471 2399.531221 7349.242006 2626.196859 4897.015534 2349.993915 5185.516041 4936.03821 5235.923317 1345.646985 47.06130494 2132.294894 1.491109659 2544.114599 2515.035571 51.18258494 7220.173553 2523.482727 4418.717749 2001.981413 4938.758256 2613.538124 4677.514559 7054.596565 5002.949268 5137.27757 4829.952903 0.002854640155 4538.916715 4935.299061 4492.214514 2475.978648 368.3804026 3740.537546 4990.596251 4606.252112 2473.201305 1482.995273 1.118834581e-07 7.349895894e-47 228.0794706 0.09123458089 2763.33938 11.96817417 4585.903216 4298.011649 4.313176527e-10 1676.093751 2432.257741 0.0002047288768 1260.140355 2455.225562 
2.936492799 4904.936599 1637.744039 436.3544454 5545.891716 4155.213643 3.330630648e-19 4819.782544 8.66839909 2159.645086 2477.199124 2556.062548 2504.63828 6.091108072e-17 2.22358518e-56 4932.892374 7469.150441 6.50486776e-09 1624.250589 6.806362338e-51 12411.05443 5542.970317 4790.042935 4815.409501 353.7753679 4478.990694 36.89655502 2473.654071 4891.587924 1380.591763 6770.652058 4984.448982 213.7341655 4917.764997 1761.837166 2475.392106 2.562436511e-06 122.5548067 0.1885131337 4977.368464 4784.238216 0.00827910787 3835.993696 2549.257793 6745.337858 5248.229095 5794.464558 7260.682949 4699.306446 1944.965652 4989.116226 2485.375639 9419.913179 24.19994372 223.1550321 2513.535966 4981.638356 12215.10917 291.0303837 2430.978483 2.117424227e-41 4862.065831 8.541873163 2972.097192 2218.71104 721.7948897 383.1055973 2511.607111 8790.324155 3598.62255 195.6027905 2372.749176 79.42438787 7329.508078 4743.123261 2920.011856 92.94969334 2451.293968 4503.194816 6.783801312e-05 4969.148399 7063.269437 2.558149617e-25 177.8807673 2369.115173 7407.616741 2442.919987 8798.775854 2368.795664 2449.04408 1.369615549e-06 2408.639526 3816.289949 7366.640998 4516.917816 3440.485306 1764.975883 2495.090314 4524.963004 4376.148033 
4956.800245 6115.30404 2387.847462 241.4330949 2417.755219 0 2469.262522 11.01415598 4250.080647 2374.973203 2090.991119 56.38637905 2482.360864 0.001223527115 2382.34071 2507.482421 8953.389735 4279.515403 0.0808030974 1678.032565 4856.251857 5.7296319 4279.560692 2506.322217 2342.605849 2401.130844 3.454229073e-09 7316.384705 8.31402182e-44 2340.003149 2203.226856 2491.084045 9699.14305 0.1258238506 317.9864711 1953.693564 2427.026861 4120.038604 2814.684596 2242.978776 4975.703252 16.19482971 4921.152101 7.371077724e-09 3403.116505 5022.508141 2449.174914 0.02461069021 4977.632971 3.432284533e-06 5.365477821e-10 9.455384607 1.897586148e-18 2649.325545 4772.002525 9626.880334 5351.175849 0.0004929993964 7.129501812e-05 4344.772643 7201.864193 2838.67652 4784.730991 1806.02153 2499.148252 0.07940551166 3955.793465 311.4306084 1975.121325 4751.33319 211.9626012 388.7958479 2675.527894 2729.108678 1558.691748 2.32251388e-44 4337.595573 8887.659628 2462.099655 2515.634478 2439.514204 7988.307333 2326.581282 1942.627897 6175.189642 4515.406777 2479.570847 12.84839113 2443.553948 0.6617254339 2492.310154 1978.163462 29.30532408 2821.437035 2544.94167 2.813167201e-05 2587.4936 5.573676959e-06 9.189293488 0.007281553929 
4923.641366 4967.761508 43.70326128 2365.298993 1434.542273 6056.433745 0.9698690751 0.004894575974 3784.383727 0.0002769058671 1.582852225e-06 4994.808366 4961.469267 4440.278754 4900.406473 5794.628594 1619.408989 4962.242043 6736.051764 6501.510911 7383.933363 6365.384277 3510.638117 1116.969917 10.51005006 2472.889585 29.4543636 1804.348884 2115.378877 7739.517664 2409.119287 2320.576252 195.651668 2519.67552 125.3621 1863.046359 16.08504672 2235.641012 2213.108154 9545.05472 6.429855303e-05 9639.361399 3759.680956 7384.451287 1975.21056 16.73382454 7269.157055 2453.652265 24.77897822 4023.82179 1.253602993e-05 2117.550823 2965.249332 9852.872149 2495.262533 2610.440196 8751.491005 4378.905312 2380.372769 6995.02597 1652.738835 2402.534621 922.6144828 4.495321424 9229.76706 4.526061666e-88 11561.69349 5011.270061 2402.401957 2337.072124 248.5380342 2480.316595 3282.165335 0.0008809551145 4318.15436 214.9498379 2.190712447e-13 3046.696219 2484.071433 2624.546441 168.9863807 1.245694539e-06 2476.176335 2430.243982 8805.680729 2430.93038 7015.039596 2369.000276 4397.447199 2384.969564 104.7441854 2479.548292 4851.499681 2010.903634 2443.603878 1484.256281 4.606785888e-86 3344.406223 3.367868444e-21 1.162225552e-07 
2529.689742 0.002081734725 2.116279814e-10 4116.611841 2106.732464 3.090405225e-11 4583.44316 2458.158154 4992.619313 2371.930059 1836.884037 5534.17664 12.11970822 2413.079197 4968.901018 7530.076363 4366.647172 3196.185828 7356.621103 28.32634624 5547.691431 4926.212002 4254.436388 2318.580071 2484.723297 2837.417748 0.1440538041 320.040581 2414.628886 2292.210343 3504.753838 4945.677166 6882.435045 8835.696178 2398.498438 1956.812858 2488.24053 2055.969204 2478.210257 1830.620295 4882.956573 7006.292629 2482.973799 6770.543014 2648.97687 228.3731404 1893.044884 2122.925714 75.03517656 2384.509238 1.000719282e-12 4502.893882 2454.007133 1.322855632e-19 2510.858965 171.2595332 4315.450771 4418.232744 4013.444427 7344.389219 6738.375888 2703.472443 4803.41675 8387.002151 2482.712546 564.1873416 5136.318437 4915.751946 2751.239304 4928.331175 5395.336759 2.995485582e-25 7443.146846 2118.039414 4278.569924 6962.918203 4732.981003 2495.124413 4292.803768 5782.052712 2502.040763 2339.244885 2437.476036 4239.838095 5102.161231 3.921310938e-11 2423.921652 7343.693671 2.512154973e-11 2852.524942 5314.289283 4851.749543 2482.199379 2502.269679 2439.103146 3539.417423 497.6870508 7.551904199 7077.050666 1.196274054e-49 
6.357800059e-07 7220.818379 2474.643993 5006.037496 8.895865555e-23 54.33672591 2456.477327 1.263854063e-08 6.700518462e-10 1575.003686 4.112950927e-94 5229.434192 2.923948156 4912.328368 3970.589358 2463.46473 6131.706326 2322.438346 2520.300938 7124.855565 2580.507754 5240.756548 2526.613489 0.0099450265 4196.561574 9053.40151 1816.998069 2540.63359 2364.138605 9.398402889 6860.359424 4707.268085 4377.988923 4549.217947 0.01548246723 4628.644935 2446.962741 0.03476023178 2375.367067 2419.272224 4985.21603 2311.096044 4907.876159 2456.285844 2458.026454 3579.58982 144.8949076 3391.832241 2051.040303 5234.013411 2104.011665 4294.703969 4430.821783 7053.799109 4971.514475 6854.439313 2324.114707 25.43633518 11842.9194 4953.743098 9900.545711 2926.631094 2446.254204 6903.200809 2182.554947 582.5768396 71.65122053 5853.721474 7188.397115 2469.389706 6490.677614 2296.8087 4442.528928 4832.359445 2478.927767 6632.898393 5569.850748 1418.063303 7059.19724 2466.754473 2753.89646 5240.151828 2463.884533 3964.721189 2.987250603e-06 2804.693345 0.004374110467 2482.751145 353.8451074 4137.828071 2367.909725 6165.1827 1692.813785 1922.20707 2342.338822 0.00892429417 5605.886136 1.556368538e-51 2446.189402 2457.406138 
7.10891771e-09 4371.093489 1.478861122e-06 2374.770048 10.03844744 7295.452812 0 28.31139878 7215.314329 2084.353426 4096.378717 2.259619663e-42 2457.325544 4911.744136 7256.038368 4617.372797 158.9481435 1.516870739e-05 2401.679524 6602.714373 0.0004769850503 2470.743978 6809.846207 6607.604113 8657.092786 2515.268086 2476.884531 2449.96829 2.558514936e-07 7202.588172 9964.31055 4052.992042 4583.706847 203.0058234 1.057703897 52.19191064 4658.920818 2341.02327 2473.178904 338.9567405 7390.952875 108.2718461 2517.814816 9926.14692 6972.089221 4031.634079 2847.013933 2104.481966 86.15582841 2392.706224 1.885897943e-11 7305.422064 2424.439633 151.3791405 5004.014749 12934.05243 7.258990525e-05 1783.960105 6144.781761 4999.350285 4744.062074 244.4591332 2496.046602 298.9480549 6651.687383 2283.655524 29.66767858 9.101462897e-06 2485.982479 4.807547796e-08 76.01184582 2609.686007 1.963255329e-16 11380.75698 4923.202371 664.5265553 2577.381133 8874.692107 9255.565154 2481.738576 2948.749849 2105.442173 6726.826426 7.667670254e-19 8.025541475e-25 4809.106329 308.1551559 2026.896678 2490.162637 5.583345536e-14 6602.698407 2073.161388 0 6823.751278 1.353064891e-21 2502.23549 1.832750383e-15 2469.380795 2277.182162 1903.375777 
1.439941179 7349.62646 6.26260812e-06 5796.180899 1852.804106 1139.164164 1.453228922e-55 1569.414822 4175.563127 0.0001970399306 2970.225912 4977.428889 2519.45049 6830.228882 4847.620324 126.2963224 507.4463527 4832.60437 2475.568066 6049.664942 3.042121257 2375.248544 1151.845675 2.154390665e-12 2486.953295 0.08927245441 4.893707246e-09 1.946280391e-07 4.75402698 3941.83216 5.010558981e-12 6652.486393 2315.960038 4883.391095 7210.068466 6920.067429 4794.967628 2383.592787 16.58446545 4521.647797 2.74830565e-19 7259.39279 2493.622111 3.871562341e-14 0.009475354925 4714.372427 2494.216724 7217.482757 3380.823897 2510.143014 51.7747564 286.3723062 6343.958924 3530.264641 3989.904918 2715.97809 4630.375759 1.380965649e-07 2514.638329 1772.385235 0.04622884467 5965.605315 7147.774749 179.5589079 4971.793674 6983.982156 2344.671672 0.0186122198 2456.908749 0.0009357983783 2433.553013 4933.528663 7375.446868 2860.984562 4899.2094 2442.329091 5849.088671 8626.708458 4412.32753 7377.542318 2465.441658 4795.039905 2636.664865 2444.260138 0.01209148013 7138.219611 2135.74881 4836.549966 2471.842279 2435.582759 1475.812524 6183.664363 4536.6994 4591.617284 1.244389224e-41 1.929126901e-23 57.77650814 3938.157086 1676.650862 7.991581648e-07 
2153.51852 0.5591714475 0 2381.166285 2474.973276 0.0001621336013 2489.823586 2.259433643e-12 59.97992842 3583.214872 0 5106.764608 4691.19725 830.9084064 1290.00889 2528.618718 1906.685428 2467.505916 457.8270938 9732.05148 2453.228759 6782.470939 0.1403475448 2829.642303 2524.520181 5028.480941 2236.872168 4922.404334 6194.277966 2168.131862 2677.345404 9476.234275 3711.613155 4664.861496 6604.971871 7376.92607 7.425491541e-10 1416.348273 8018.69645 7015.858768 2205.285319 188.9865134 0.008598207844 2206.744463 2117.398255 4061.186045 9792.335826 2447.649775 2406.847068 6840.49047 2164.853236 2495.09918 4663.759552 0.1046185422 103.9284202 2301.896289 4.297520553 4002.641733 2175.639045 173.3179957 4673.185739 4894.100919 6332.890397 7203.756339 1082.446615 4066.610421 0.01019646012 0.02895582986 4847.371004 141.7736173 6647.548753 2754.462231 2136.070313 6621.87212 2440.28013 2444.709169 0.002438315987 4518.854064 2594.005541 2281.596952 10610.19713 3636.42293 7187.178123 4692.152615 2049.246172 5328.760755 7545.27157 2.088014805e-20 4911.611787 2.245306409e-05 0.000253127451 2482.852379 3270.220617 2252.676951 1991.573284 2489.637101 5497.980777 4.267776168e-66 4886.684871 1.450576462e-17 
5.563179497e-24 1.100753806e-06 2256.230499 4012.669172 2509.974679 2214.931894 1.21068216e-36 2.460025043e-09 2251.346654 2499.096178 5956.677781 2.380216201e-13 2009.558824 7365.916199 2452.231697 12072.70629 0.02972984316 4421.624123 2853.109169 2438.324598 3432.171052 4592.378312 11566.89638 3356.137232 1.665799515e-06 4121.883068 2131.862191 2417.884323 4753.235269 4846.005715 2277.723658 2860.110134 2910.075948 0.04414216803 13635.88242 15.59860961 4437.82375 7050.941619 365.8264481 2585.845058 2647.088329 4993.775209 3366.702546 4968.540149 2202.410495 2452.33939 2312.801329 4349.424518 7145.487859 4967.555828 1333.334347 0.1158447731 2844.638016 2471.208117 7252.370399 4988.346472 3.406582373e-12 4.7210425 2530.392333 4979.06358 4898.693219 6010.291001 2439.179087 2492.393024 2023.769968 6607.086746 2481.522599 2668.008548 0.4197796181 1646.974145 2315.086519 11580.26759 5989.611551 6310.006672 3933.716379 2468.923962 2290.111204 2928.696746 4787.537937 5890.368661 4607.729759 4595.005081 8.122283208e-18 9320.363999 4073.84006 1705.602606 5.745899354e-28 2520.72946 7047.680215 2.537550941 4176.292873 8.972101122e-11 0.0001366974896 402.1027788 1801.852988 2510.033028 9.854983357e-05 2431.546624 2502.322966 4864.952008 
7.304104619e-115 6941.761666 0.004835751729 1.205199073e-09 3692.553066 4681.265812 1377.786863 2232.983869 1.04172653e-17 2482.691826 6331.592859 2359.23408 2434.477811 0 7501.960537 2111.159509 4362.133731 6852.170512 0.002631868515 4577.886402 4723.023755 0.06343076108 2200.713872 2256.334658 12630.07315 7400.755068 132.2314552 5329.438651 8.759707182e-16 7017.570838 0.001050404976 2583.535949 5043.436528 5520.670931 3484.806702 0.0001785216208 3968.332205 4.926029793e-10 4584.581914 434.6143478 8782.296152 4863.204566 46.42609951 4868.446783 0.01925924974 7155.482267 4819.896151 4851.64324 10644.65035 7066.274659 3051.122416 7857.179607 2495.898367 1893.911299 2392.882103 2433.151723 4904.351966 6809.099643 2532.934306 1632.835193 5236.856753 7479.170496 4913.353213 2128.828313 0.00652371086 1530.606774 4937.492697 57.63815073 7339.21929 8.963267227e-20 6519.964858 1908.059081 8772.228565 5974.009283 4606.101877 6325.110625 4390.185968 1445.112241 5500.292316 7279.758798 2476.273263 2486.515745 0.0001706181976 1.195499253e-06 2433.943519 2493.576633 2484.823447 1861.495566 2.462469361e-11 2278.388714 64.60647999 82.96998355 2389.316832 4.738279607e-27 6362.983323 89.50960235 4241.692736 2703.360476 4491.171482 3.586276378e-128 
0.0003355918698 1.900349072e-06 2381.517616 2406.772734 2129.959674 4800.071333 2510.916023 2479.702196 4976.139729 2494.338562 4940.545917 1745.372303 89.03082299 7148.725118 2115.134727 2364.53428 2869.298917 1.415255124e-08 4329.568467 2494.176674 19439.76219 5368.928465 8.349359432e-06 2502.364222 928.4090264 4608.705772 0.2080530923 7226.518687 2448.792006 2303.938677 2390.087323 4338.82776 1.833169959e-06 2481.045944 2735.514838 7334.681542 5524.312304 3088.318228 6923.554215 10143.53249 1662.86846 4982.748147 5082.533861 7020.26074 2610.322161 2289.037189 6324.666981 3375.487961 4657.585292 1.482954962 2469.666914 4896.629372 71.44686077 2518.949355 7.823863346e-18 89.54964235 2500.39396 11669.12617 36.58490149 2.466241863e-17 3.725547603e-07 2550.823783 4865.815086 3.06926814e-12 2474.688262 4812.377536 2433.526054 1.441178743e-06 163.6018851 2.415651165e-05 7376.903177 2759.295275 1455.008893 2243.510997 2480.670312 9630.343409 6894.319332 7.225135483e-15 2339.142898 7688.891281 194.0444337 5926.701624 12349.756 0.03986674014 12667.58418 4676.845743 5.652972242e-07 7329.974942 3126.15023 6824.499805 7506.63163 2512.536471 855.3302667 1.34590566e-05 2501.679824 1734.925415 1900.824006 11346.00065 2691.298228 1963.068051 
2473.708307 6.358451959 1.104685713e-09 827.2395833 0.1112474358 7357.533275 2525.503916 2368.475242 2501.343408 11.91040684 5464.581743 0.41425793 7487.777545 6630.066374 5752.368963 0 5010.532363 2479.409099 2496.132434 0.07893265637 30.17093216 3752.004694 5646.849127 4665.224645 7.989240684e-07 1635.170049 3856.849831 2808.240089 2526.40145 4958.025164 4842.089422 2506.104018 4560.302259 4574.580791 8103.570305 6779.617188 60.78476629 2324.081097 4885.05016 9540.366429 6384.266438 12145.58502 9722.523668 2495.473096 2507.395396 4333.645471 1965.203061 6830.671407 2392.276215 6232.347085 9438.835089 6.851708197 2306.552633 4515.317399 99.39787514 0.07012787223 2900.552176 9292.570024 180.3608385 4848.895316 4620.868936 444.2540905 4299.532006 2977.104001 2504.470188 115.5823308 2047.557233 2283.621083 33.78494127 6960.818109 1.787423341 2487.062589 2552.319892 3613.897335 125.0061891 20.87562 6137.101865 2475.179941 0.2854360536 2373.069918 2139.454245 2728.029226 9579.906444 3476.463045 2.33956411e-33 3.48458219e-12 4670.800816 6350.626838 5894.656786 2497.95744 4880.557383 2363.866494 48.83160835 5.747339752e-07 4729.538002 1.675803e-07 4752.190359 6.944061635e-05 1815.701924 3956.827726 
2412.724926 4.28136235e-17 2465.709312 3.859486998e-19 4.686256065e-08 2473.585157 27.97755153 2484.454775 1.743205518e-06 2229.768073 1.134910512e-44 4938.507998 137.5409269 12252.34367 6807.386117 4160.865372 3837.604888 50.39546511 12073.16753 3826.044135 2453.366209 3707.409339 9.591288616 18.28617784 11278.31228 6615.22858 8896.403635 2183.303566 2504.444022 4870.195517 2311.165937 2465.755331 3569.517528 7423.125197 8.239581694 4915.698778 6.632773596 2446.409212 3382.663066 2479.654505 6952.553498 0.01182700647 0.0003100558337 12560.772 4303.00328 2956.59998 6824.805765 2344.767951 7002.315624 2.924318923e-23 0.01355212444 433.1264851 2377.556303 4922.932171 2497.62154 4679.803908 8113.47848 5015.721568 9646.118853 3041.714605 2431.070066 2436.964471 7090.908422 2956.542841 8314.947555 2688.411623 2514.369153 5010.03567 2432.474811 4349.781295 11270.71281 4227.52763 7955.670675 10.69054146 0.0001907502417 2649.695739 4251.15377 7.512294149e-10 2507.225603 4.355663202e-55 4551.115084 1852.466052 4628.054729 1.684756083e-10 3.034655781e-16 7540.451077 2482.122236 2489.797574 317.9793963 5017.55766 1.785788355e-79 2547.051747 2824.521669 0.0005106354661 43.31170249 9.494634199e-05 7228.139713 210.3976386 364.0290843 1.229114927e-84 
3539.168556 2394.512771 4875.82882 2501.411723 2391.891391 1.846257323e-61 4500.933648 4554.767925 2574.55882 1.406748527 4467.409686 7.794724985e-07 2471.905626 2489.352572 4632.676284 777.7409191 4983.85495 5408.34625 4592.682916 5057.246972 4659.385737 2483.654684 4513.001377 2502.638845 2415.95879 7176.616894 2475.699955 7339.651649 2505.519246 6934.784994 5011.666696 2482.769341 5538.115754 4961.996899 2477.36006 243.3884358 7298.664802 7287.016531 7663.961961 5029.507883 4834.171637 2401.457835 9989.904633 2435.695335 7339.59044 4978.772298 3418.249136 4565.715892 0.591200045 2445.367928 2457.368396 4827.120676 4507.757689 4421.278136 6941.236608 2695.52085 2427.575022 2439.46783 3354.019199 11673.44648 4906.897513 3526.873084 69.08184447 4741.798692 1.343884284e-15 2.689790609e-16 4430.676032 6883.291193 2221.015983 4698.199683 2298.630494 3218.418607 7073.768321 5110.863586 4982.351664 2499.191265 2724.99614 1967.672433 6946.247881 2762.032447 3.728330757e-08 3802.628629 7150.00136 2094.378892 2.528469255e-30 11196.5317 2495.279644 51.8277579 2429.89397 4230.75805 2495.011341 12104.9499 5.010246416e-06 2469.537364 6.823167821e-05 2147.565863 6.000415088e-54 1.237425905e-22 4115.689391 2034.767726 
4972.282366 4.936987734e-10 0.7791528172 455.118024 2387.628901 4957.853239 3.012455748e-07 2890.720618 8.519931298 5083.504713 4.141953399e-42 227.1483375 3.594826668e-113 6938.084468 7268.678662 2520.403118 4.85826553e-09 7750.691717 1820.086729 4920.552899 7529.881889 2460.757489 1415.943879 4370.615002 6.267602857e-15 4905.496585 5.054721217 8753.277298 5.17944932 658.0110725 2491.881553 2512.487625 127.9364068 1.949979559e-32 428.0514976 593.7783305 9712.22583 0.05701256589 2949.944922 4909.453269 4879.364787 1517.599295 9729.235089 2211.373405 5791.028607 2.161155092 6562.265469 2358.583583 5.669814325e-20 2483.936303 2274.581566 2489.443989 2434.108559 5988.411722 2874.125514 4464.776936 4578.898366 4315.638636 3717.011693 7544.310853 0.001124658314 0.01557835518 2420.458785 7406.574125 2513.737576 4047.918196 4618.84183 4319.819213 2340.250392 6780.073548 2912.839882 2737.138697 2517.864175 6962.660586 2478.812791 8491.681111 2409.20315 2462.045628 4545.094516 8518.257605 3867.705483 6535.940133 4290.722132 2839.526068 2467.392958 7337.596158 2.117930622e-41 4833.234235 4623.034219 2.855942606 4596.240231 5952.35981 4923.520486 545.3854521 2500.978026 2430.511235 2.713892313 4998.281399 4350.311849 2834.365649 
7478.245052 315.9458728 7308.546808 0.0004029765278 0.1713765173 0 7272.099664 2.11176899 3.737757994e-07 2410.438405 2778.619239 449.2952681 4968.74657 1373.157638 4889.892136 5459.294802 0 7422.680611 4474.507724 5.758384622e-07 2335.152229 5725.592381 3988.052957 4377.385049 5269.264142 11091.12738 6931.577959 3901.263768 4636.027786 9357.724296 4556.97992 2507.206068 2212.979657 2411.853858 12666.32641 9056.510301 459.835305 6325.183103 2499.3973 7155.277165 1217.986019 3902.891767 6880.375041 0.008052478677 9532.212215 206.8251591 2441.834508 2513.990133 2658.087121 2998.852206 5991.186718 7227.920033 8210.753093 9790.910824 2940.53851 159.3673075 2331.198893 2152.416734 0.002856127182 12.77791914 1.225853217e-15 2262.766165 2870.048214 5018.467563 6869.051543 8273.836159 2641.394945 12275.95258 4971.105115 2440.25109 4510.614108 2452.578365 217.5339524 1777.499276 1982.94083 4560.506147 380.0807503 4980.12722 5166.754799 6836.204626 6077.075139 2433.350791 4537.470781 9388.115582 2146.64269 2416.480695 6922.425745 2239.685691 2956.164351 0.001212193057 4186.351569 820.0205313 3.994434554e-07 0.0009870949662 2401.749267 4826.034564 0.0005760939429 4009.267605 2492.433459 7.150945133e-84 
0.4300258043 1.324532571e-07 1.413334533e-08 2874.760702 3182.322969 2369.379544 2476.862169 4661.332307 0.02300662948 7374.375036 4904.298346 2635.9855 1.158116543 2097.230302 2338.84047 4991.908136 2.390543452e-40 2454.78977 2508.156337 5599.036788 4821.786593 733.2356174 7287.058509 9555.130256 676.3152939 4725.194058 5339.97241 9718.164424 3732.527541 0.1085836111 0.6008261539 2502.009903 2295.149746 6407.548157 4100.911697 4852.00712 2104.505939 4981.593228 2342.535782 0.2507529631 4875.130601 7445.444187 4721.203995 3315.403114 4806.638689 0.006715008808 7384.78026 7308.738296 4831.704982 9870.731815 6546.168349 0.04956209151 1.506703498 0.005598280367 3784.195811 4918.262348 4324.87721 2494.644303 1706.041872 3.916892386e-17 4420.841974 1838.380467 501.6517239 2.93935544e-05 3439.189984 8374.67823 4535.880263 3795.844175 3771.806663 4749.656767 403.9640635 8977.718878 4670.699598 4.532380029e-05 5.598062222e-16 4977.276017 2437.072559 8671.430822 4833.932605 7380.849287 11.67474474 703.3344745 25.21150247 1.321318882e-06 1.621559238e-10 9697.426326 2505.448017 2497.995647 8758.457528 3.660818214e-17 6793.262346 4960.06533 2482.404843 2365.934736 4425.154087 1414.548959 1.945351857e-05 2956.653984 7348.198142 2152.980921 
3.595153476e-17 0.2839080055 2482.475767 4615.695167 1282.016943 1.84115993e-06 2804.815456 4708.991054 4795.664061 237.0306015 0.2290699999 1944.656994 2462.956809 4250.880404 2041.078033 1761.233219 4848.58663 3.745441927e-07 7249.373389 4821.9881 8244.443572 4696.998159 9217.883651 5024.840407 1.427773785e-09 1426.980475 6724.004222 2474.815167 930.962139 2603.224659 2520.614617 3969.204142 17.26743497 4801.857785 2.566619773 7262.19248 4442.104095 2302.504135 4562.990886 3200.534056 2308.813842 3.703050622 4796.812731 4227.852667 2506.248587 2247.115785 8304.147737 406.820584 9442.03891 4776.980037 6951.097517 1.356708911e-10 6658.117588 28.37570811 3930.304637 1282.993082 0.0004109193245 4047.20802 7073.857085 901.729686 7311.940008 2413.437065 8.018908299e-05 0.9798115919 4616.245026 8890.808819 5185.308075 8719.213913 4790.879415 2494.062588 1.400992548e-12 2468.018845 2394.69853 9746.500021 1794.351839 4967.076132 6623.324297 2432.436331 3415.386081 5840.021953 2458.161985 3851.401361 3844.844615 7844.458615 4742.567513 2419.183583 2010.533388 4550.745431 2481.448048 3.972638313e-22 4647.37758 2.252257063e-11 4.238332654e-05 4995.444766 2442.790868 6952.990468 2440.986279 2057.231509 6075.473427 0.0002828485041 
3523.013842 3.560905584e-36 1942.153698 4837.090623 0 542.8337092 7286.876835 3499.779391 4852.281238 7839.083958 9091.787789 3982.772204 1406.511249 8265.566166 1029.504319 4268.619193 2461.875473 2150.059794 2.13563698e-08 7325.207494 3333.044693 9502.314672 2490.648643 2388.517866 7302.655273 7522.398786 6936.346349 4949.355377 0.1470622508 2410.127832 0.0005644306235 3360.833331 2464.932051 8670.403718 1639.507605 13.46436826 2468.907226 2459.119757 4786.459807 9513.465653 4959.125726 2370.95448 4621.321132 72.726255 2208.00889 1.60410149e-13 3.930364315e-100 1590.324195 2096.880294 6262.242254 4.833905338e-33 4065.643726 10053.66628 0.5125295718 4747.883937 5218.623704 2585.565399 2440.728593 3977.228946 0.002527780149 9564.801282 5013.662597 86.32149524 4310.089262 164.5463916 0.005094335677 4428.621503 1379.773263 2446.145499 0.5067464249 7095.982108 2260.249401 2635.17283 1.190061913 7360.15232 0.004225378839 0.001333445108 9253.923892 603.4410677 8434.752828 4768.46362 4910.476566 2872.145667 5315.521629 9034.251725 6789.180206 2.648920543e-22 1995.25949 1433.227018 4928.095958 777.8885803 4448.487476 8656.927846 3.506745657e-26 4848.995618 1.892690975e-08 1.868386934e-07 4988.841816 341.8584443 1.033427241e-34 
2501.071027 6.567881247e-05 2475.869765 2485.676275 1982.308793 2426.027249 2.645926718e-08 1997.956997 1.150817813 4947.770732 8.792058636e-45 2486.772733 2483.800197 274.2789974 7428.683516 2452.2577 2460.448284 199.1647559 8.469134285e-15 484.7390563 3975.716794 0.2926989464 0.4356851009 716.2475395 4915.296299 6337.121006 3435.448243 1079.732084 2.771376581e-06 9552.020144 3414.51666 3893.317523 9617.510193 2508.137179 6943.944503 4809.775153 1938.05655 370.7475031 2436.904057 2968.076331 3964.726271 9474.147062 1.560473498e-18 2314.731571 2244.935153 4981.123331 10954.59302 9351.054864 2494.847888 10563.71118 2439.378827 5.660369782e-08 2294.26128 5934.647183 3273.602898 2492.699634 1147.45899 6761.550054 2596.424515 4931.894695 6943.684908 10787.65529 4550.357483 6031.750589 4760.202601 8.939042752 4414.007572 5313.272353 2481.741144 7445.485609 1265.044341 11751.99531 7772.017649 2419.38519 2472.911359 7834.983013 1.114769303 6186.080213 7089.704171 0.009589090711 2407.5613 5241.669275 2.00004975e-21 1172.571029 4969.314525 4716.847608 4787.362828 7614.343557 7097.639559 2488.170995 6757.248064 3656.072616 1.997994745e-08 4.547517928e-05 8818.336803 2492.244227 8.072536938e-05 4.878868761e-21 3.395708567e-32 4869.851798 
5024.924215 2469.595362 1.848545011e-90 2496.695939 0.0001949391108 11708.34618 3212.071086 2.747554874 5.980650964e-15 1.638579914e-15 2481.415047 2477.20959 1.667365097 1991.733153 1748.646596 4428.101661 4957.681816 4786.583193 2732.469376 2.679209275e-15 4316.613784 2484.820487 7162.848263 5590.218566 125.5918705 7129.84402 324.9876589 1.306803797e-08 1.52832001e-05 14645.52896 3.51919495 1.178310328e-10 7.489657837 11955.62586 11807.49372 2299.615413 956.4195585 7362.07486 4919.665175 4963.731547 0.004680636473 3446.312864 9654.174767 5008.19797 1.379561147e-05 3152.503772 7409.050652 8106.775596 3454.305157 4861.22949 1.073560614e-21 67.18073604 5363.462602 7101.04456 1919.975994 3384.438012 4970.596702 3407.910703 4364.345281 7017.767293 4.021604887e-19 8169.64055 7449.314589 4962.154108 5545.623287 4641.499878 2403.367397 4946.503863 2479.136012 4890.136292 0.230918054 7351.674673 0.1081244076 1468.870124 4203.301849 4861.087454 4927.211822 570.0226533 2292.174711 4888.392001 2299.476424 2479.703724 2827.791457 6911.439612 2430.385119 2508.48623 2669.906448 7329.125273 3.726460189e-06 9305.611905 6798.620134 1641.645275 2506.214732 4274.760929 2514.003707 2003.222812 2481.592996 4936.040898 2217.084542 1038.879654 
2225.36112 6876.059083 2348.261602 1.176708908e-21 2.353519178e-06 2354.974616 4646.6752 5.521712964 3885.094799 2164.198991 2491.888817 3993.311225 3949.720455 3440.054535 6608.396247 5724.440963 3012.457864 252.7422116 2489.333638 6856.066144 3110.189337 2409.591496 2348.784606 5452.619661 2488.4263 2.496498379 0.005031151821 2047.046541 7388.687957 0.005305235527 2488.097916 9092.841569 1671.15877 6444.232517 3831.370299 2421.762585 7145.141656 0.04816256521 4951.288627 2383.647219 4676.196023 2431.582729 4523.617296 62.83230345 2467.587039 3.759889046e-29 4915.979101 2493.677417 1071.655028 2297.933474 2884.56593 1559.342521 5421.916745 3863.772506 1.380405118e-11 9.567320853e-21 8729.977841 1608.848066 9334.833825 7460.21308 6327.382873 6216.531326 6219.954439 2380.659838 1.28637197e-05 878.994295 1.997556293e-21 2195.121845 2.071480168e-42 4138.432153 4968.417969 1917.539289 2543.591957 1772.364629 9653.043293 1032.29906 2504.480195 2444.816042 7817.686532 4377.716043 3.74519946e-22 6.626109936e-117 5630.16872 4315.213874 6543.852333 2255.708144 4824.055268 0 2530.514289 2.039198858e-05 5354.522326 8958.162954 2666.781992 4927.767165 4566.883658 2477.866716 1.315743644e-18 7.520028772e-05 2901.974897 2.242390669e-19 
4686.301663 3896.900411 7.646059811e-26 3522.636218 3782.433643 2506.949777 4168.063578 499.3741443 4331.862705 1315.114469 2500.949255 6.415843194 2511.32103 2425.246634 258.8443048 7489.351742 8601.065455 2409.090045 3305.177993 2517.480813 2114.628863 2479.088212 6.985579855e-06 4382.131406 2160.520975 4858.810759 307.834472 2426.767009 4504.934753 3367.939249 4848.013395 0.0002266039207 164.0781201 2495.603535 0.00156760919 6018.839652 4055.561592 7222.183969 3145.368373 1941.834554 4675.401838 2863.525167 2424.866529 4926.188714 2487.646249 16.32671842 2235.306744 73.12502369 1.6579438e-19 98.56646675 2454.949664 4.280574689e-36 5389.455585 7347.976547 249.0297182 5728.567915 145.4043256 3.779833867e-19 3.351844006e-18 1076.13124 2427.551406 2906.493027 4254.623961 5.555248765e-10 8855.162879 4452.498045 2577.036833 6064.183978 4320.408612 4981.188945 0.6021058861 86.51252693 2584.774781 2108.263786 3275.07795 6886.427108 2726.236489 629.0200134 0.07747202964 2634.327461 2960.590337 4544.48818 3595.980882 54.70544653 2288.394685 8715.282212 2429.383207 2493.816364 5109.941685 2044.971458 4430.989032 7446.081344 1196.935767 4975.597816 3703.589681 2506.579392 1276.003491 0.04440682902 3408.91005 973.4363932 
3538.461361 5.493987152e-06 0.006532489336 2408.537157 0.0005518590372 2008.696942 2423.826305 2915.171132 158.1138243 5155.502974 4574.186699 5532.685941 7973.583488 4864.25469 2.03440564 4287.18839 4821.96055 2482.687854 4573.578735 6992.253362 4988.040906 1.180084508e-22 0.0001678207471 6416.292808 0.32253622 2433.318086 3653.062137 8790.532198 9.834864164e-16 5000.867696 7.443955561e-20 3906.150502 2086.344056 2534.999875 2585.083442 119.5685906 62.76802054 6222.741682 2437.535798 4758.458261 3817.877213 1555.537867 4938.25675 2513.253533 3006.641746 7464.657497 4339.394883 5036.057857 1356.356727 2458.971176 2012.684366 2761.717529 5501.049454 0.000365760996 2555.238411 1623.777367 8.371271072 1618.218325 127.098235 1273.503404 3915.595974 7517.706094 8361.172882 13479.86501 7535.458713 0.0260928118 2.347023044 2778.149908 5060.117779 0.00197022745 3617.460062 7349.981167 2519.641533 3319.569629 0.1940897192 2484.113414 6760.415737 1306.890454 3185.67168 331.1530097 2594.594699 7065.321859 2778.169955 4.817512515e-24 0.0004073244823 16090.90359 4335.682143 4676.576155 2189.08465 1.064474538e-19 490.9653279 319.9807141 2860.281727 2163.923195 6548.443135 0 2506.063902 2252.76592 1650.445923 1450.578957 
6.023782436e-08 6.090733633e-20 747.8321184 1251.998236 5743.406202 2201.687469 5362.508003 2495.256256 4705.172255 362.5127896 528.4165499 4883.129942 6.099680672e-08 4463.639087 10715.63298 4696.405412 1868.185858 0.3177916352 1355.788382 7263.135581 3619.243799 4229.095787 3270.67395 4.417378937 200.5878297 6946.226014 1.258231844e-09 1.031764919e-17 4.645885909 3.5910795e-06 8749.69963 4892.193462 911.1750341 2028.469056 308.8515518 6794.223698 7517.317461 1689.408015 2202.869195 333.0798283 5373.049768 9487.792897 5009.172236 6790.545456 2487.179166 4835.963827 5146.131025 5207.631378 6331.100975 2441.549402 4793.210599 5.594843725e-17 2524.148883 4850.888535 6104.185146 2495.286655 2311.85754 3527.627581 9472.407381 9768.081382 4484.361778 6.319116311e-07 3.222424452e-12 78.81073033 3592.793052 4171.067845 13293.03281 4873.909464 4492.483268 2608.978868 0.1198131913 416.1214588 5061.743598 2506.7993 3964.119472 4638.452094 2455.566835 5312.316789 7348.053249 4913.024792 6996.895482 4141.128339 0.000104976891 6754.483592 2354.017841 4937.535714 2436.621122 2697.260629 2495.388409 2241.18073 6166.235041 5141.461837 1301.387326 7.841117815 2494.726717 4449.20599 3652.284462 685.6621529 2202.815793 2513.166805 
0.002458860083 2.281657595e-132 4628.951621 1285.748728 4908.94087 4981.239618 1.803522838e-11 4045.569921 2470.747481 0 2.727489903 2166.398702 2.634718678 7161.508392 912.7680541 4122.110997 0.0004066478968 2556.660869 239.7732791 2819.968651 4145.785929 889.2017839 5957.023616 2831.46364 5712.505675 2494.488513 0.100434689 6295.258659 7382.259593 4913.884103 8068.013772 7797.526252 5416.950703 3631.022705 4757.095595 10624.77692 4706.339865 4821.577739 4965.363166 8057.59329 4909.835761 4961.289296 2292.725433 4909.395534 2601.252285 103.7118583 4305.432147 2514.324237 3194.858274 3418.770828 4209.436996 4099.215161 3979.375399 2433.604183 2673.143394 2.814313835e-08 2438.680261 4977.911296 8155.839519 560.2070379 4794.244725 1499.02114 4791.803035 5038.667893 6634.660484 12157.65131 8079.784465 6962.925377 8047.184704 1.297523129e-23 3079.015225 4290.359458 10853.88443 2486.965522 1939.446088 748.4423031 2455.633412 1.500211577e-07 4978.827108 2109.849442 2373.79813 2270.136805 295.4284667 3.503684935 3072.552874 4444.499246 4692.380707 2974.295427 1.828456395e-06 10202.48854 12078.85304 0 4851.057616 7418.033256 2734.799286 4239.914233 4347.971261 2505.876767 0.0004259230704 1.334893866e-128 
8869.204727 2496.818154 1547.634922 6677.035893 2122.030598 3459.373451 4877.573799 1737.655723 5254.770387 4919.797178 9218.92583 3383.621557 1894.888489 2459.979878 2.586989274e-104 2292.319144 3845.137166 2319.749623 2432.419491 0.0008146161433 9583.810686 2155.688868 4751.010298 3576.734791 2061.368354 6967.67492 8934.094869 2182.697284 7295.163768 4383.0289 2.758851173e-15 4929.300511 1069.316721 4587.959652 0.0004606647256 11600.41923 6923.334825 3.143591184 4903.704184 2463.992869 2491.45021 2315.31306 3153.746011 0.5881356472 3687.796988 1.688076213e-05 2430.780954 8624.54397 4106.265387 3955.63302 3091.367012 14.00182969 2350.382694 4824.664422 2706.346986 4742.273331 2124.322471 2045.916874 9781.540477 562.8464492 4840.032749 2485.229154 0.06560307902 204.6345768 2589.313126 2498.690272 3379.806684 7354.569765 7065.420429 4.089438041 8.683754685e-05 4701.279429 4624.503965 2159.130295 5312.009376 2803.816527 7.658052716 5056.005095 270.7012009 4053.338605 10644.35096 6867.094469 2494.797914 4708.124364 2452.784383 2485.311961 9733.830545 2406.187934 8131.728017 2507.469659 3284.891809 3.966645192e-06 3119.992547 5604.508769 2454.166885 6.253497051e-70 1.400103381e-16 1144.871762 1.561561709e-53 2862.168012 
2493.309131 3.732218795e-102 2511.662311 219.1122154 1.034741404e-20 5554.479296 0 3866.410631 4632.77384 2502.689505 8828.636938 12173.12489 4507.625286 109.0984571 9205.219828 320.7643835 3359.482274 2182.177344 9160.759343 0.1558268462 2440.993988 11517.7892 4730.594435 2489.02227 11894.81262 0.112363104 2503.910556 0.01165878479 5668.651015 0.1325247763 2483.738468 6793.154308 3051.675084 7214.088268 4899.073736 2216.465907 5530.760542 4738.36921 3160.801742 0.474016594 2353.883744 0.6966380192 6547.445095 8888.034303 7359.33829 2.028791785e-51 2500.377955 6829.037345 1.033411769e-11 4960.551743 2428.475697 6369.528143 2451.839156 0.0007854253435 7178.276277 126.5871937 4758.211478 1.863098345e-06 0.3666465642 12650.89009 6771.174298 2.479882897e-60 2772.672603 9318.436968 2432.394939 1024.817152 5098.474376 178.3680634 0.001454992435 2447.175069 5178.471374 1053.275832 4141.174707 2477.738841 816.112343 2432.556191 7108.365058 5.712651846e-19 191.1661743 2429.080672 2508.16087 5.053487071e-22 4.004469249e-05 4.623220409e-10 7079.671814 5945.485818 4.594792657e-05 6728.418039 5253.639041 4703.92501 6596.358475 2469.097781 3093.716938 2576.439723 4436.68256 373.9416572 2938.269713 491.2674714 187.4612812 5.056125078e-38 
1806.382406 553.4715503 0.2005947656 2507.689862 4.35681203e-18 3.483550039e-10 2.46088362e-24 2348.000564 2318.114716 5533.783196 2396.858933 2311.126806 280.7847543 2434.79384 4093.028441 2284.354995 2572.823445 7.861833069e-05 5769.00725 2510.251791 0.001462996586 3.386785151 0.0530494122 4860.997374 3725.858269 2306.628324 6.161108055 2076.966653 6.942194737e-05 9.35014907 2301.844948 995.0990616 8614.078349 2087.451808 2295.86638 4648.635611 2403.737689 4538.067484 4386.901566 5032.619426 2482.700437 5007.712523 3.293838471e-06 6817.81852 2167.104954 138.3880775 6892.759816 0.0139832624 5250.368263 2453.917311 2736.131965 9859.98961 1770.491191 940.1626417 2236.316814 12095.35928 291.8703521 8975.859538 9328.096667 111.2518311 4624.213107 4271.803907 5322.135497 4946.988238 3000.27023 1411.129856 2845.902428 4810.185039 2121.44764 2316.906553 0.2545913473 2561.025035 4829.76205 5521.667822 2414.095924 2441.567431 7548.735897 2355.860467 16.30701159 9139.540191 4989.594894 3693.243081 9150.604919 9560.663953 2506.563572 8000.275957 9.727418555e-10 7324.171743 83.495632 1681.194011 2424.235941 11853.32805 4881.539018 341.1486699 964.4206534 17.36144625 7.879539924e-15 2.32568708e-05 2.895546147e-38 1919.297383 
2483.140844 6468.887565 0.2554973246 0.740957953 4893.428638 5015.93837 2478.244762 4979.267533 2455.335328 2394.318981 6358.674213 4868.545733 5438.837864 1.960295177e-19 4042.244221 20.75735399 2497.569198 0.545427827 6959.879977 4929.933038 1010.636527 1.935801962e-05 4992.263261 2372.431804 8.344663768e-10 4035.126129 416.358546 9277.562016 2576.77621 2.477658071e-43 6735.298662 3468.902418 4982.291509 44.36878963 9708.268941 2490.78527 1.525881444e-42 7320.845149 5996.0147 4832.987238 2379.874406 2306.108038 3970.87101 4882.368338 4163.314455 2581.472908 252.944834 11075.62842 21.44673527 2.800948953e-14 1.567025489 5311.562666 2814.801916 1182.480136 4799.071094 2442.450296 5857.110941 2847.342303 4976.15188 2503.262603 54.31015916 56.26305436 215.1128327 7048.321064 2502.279329 208.6234933 20.75694433 1.748743626 6987.465857 618.8285085 3656.265542 2443.259802 2503.875485 671.5259002 2670.018049 0.001700404971 0.000248235818 2367.844821 13647.23795 4498.475141 2690.53139 4913.866447 6417.626719 2254.348545 4740.266394 2.205529407e-07 2464.822858 2497.114592 4973.949572 4576.882465 1470.879404 8.972745087e-35 2273.489114 2.220474444e-14 1466.104082 9.728430155e-08 1.8562564e-160 2.262214328e-07 1.190215807e-35 2485.011176 
562.4777006 2227.705034 5.044439818e-07 26.69647506 2.379400504e-08 2.047081642e-85 1.940167542e-56 856.7142411 693.1019548 14.48258699 1002.089543 2493.998604 387.3072065 3270.916459 243.7117829 1.285968881e-18 6850.709572 0.4020896924 2269.601708 2463.026905 4822.289291 5039.643658 4758.39584 2616.575924 2393.262459 2352.928735 5031.207293 2496.487355 4652.805373 4627.341459 4794.175913 2433.236107 7265.677043 2455.062782 2961.818256 2281.690785 9901.845997 13394.18106 1.025481862e-09 4300.829938 1.307141868e-14 0.001366101521 4909.990456 5744.439976 4936.463786 4919.640724 0.00431352065 1982.204326 6882.348064 3359.669219 6445.086276 9644.43644 0.2292145841 7328.27725 203.6990914 2106.921784 3821.111084 10040.97982 161.2843632 50.60758441 2482.579122 0.2426355602 2474.863794 3289.830668 1.148450684e-10 1747.88054 1.564759433e-07 10822.94979 1940.805784 3644.56383 7762.125234 2397.552105 2183.325079 2505.568065 10348.66238 4365.238225 7059.621213 305.737194 3568.768146 2432.48507 7695.107072 14572.40102 5077.061458 7360.279678 1.040508492e-05 6841.962435 2020.728691 1728.599973 2830.583938 2507.033778 4809.30186 8403.901315 4.498607013e-38 1941.928577 6267.511262 2498.99205 2485.169854 0.02250092758 3788.420003 2433.962947 
4091.101023 7266.666943 2232.335316 811.0613095 4078.395399 2387.081406 2458.205877 1980.504042 4541.810893 3339.82084 2445.825648 2458.444736 10009.35391 1761.208821 2639.146392 2529.301773 211.834057 1.010343752e-19 2330.58598 2.724704429e-06 2.005980292e-07 0.03122291742 0.1340014081 11.91346387 6766.668282 6026.427819 4.583430497 751.5669079 10916.24449 4631.00862 2312.215504 2498.543051 1.826310757e-15 6.967599268e-43 2486.013772 9994.62362 2968.391237 32.45490528 0.0004746207766 2505.823805 2489.998359 7948.766747 7831.088175 2485.985749 2058.69234 3.914956447e-26 1886.276253 2486.813799 0.2178945768 2.459007954e-22 2473.598585 5888.691362 0.1443782316 2246.725979 2554.720157 2470.937906 2455.489396 1.463460292e-08 10436.18623 1.976224716e-12 9036.813833 1.524620314e-05 1682.388524 4572.750205 40.91941794 2483.053644 6424.624747 4900.200434 7445.196037 1.389373798e-05 6643.438508 4105.446028 7981.742009 8368.349753 4113.824469 4576.387274 0.08297066665 3.174664337e-42 4938.517802 1716.865605 4560.95395 2476.423023 741.1093603 405.8054954 2495.800554 4250.723943 7268.086948 2328.63853 1.527884684e-13 4126.737336 9376.536988 7485.606096 0.0008421953341 3644.583234 4158.205447 0.0002274504597 2027.863233 48.33700311 3.34217448e-44 2.110822864e-07 
0.000291229558 1.641178909e-16 1.600711326e-25 0.9177779444 5.402980176e-23 4810.372474 1421.813694 3.210404124e-104 1165.702617 136.3428247 4.159528305e-10 2544.929948 2449.438964 4723.287246 2.881180541 2467.20268 7174.562594 0.8723501527 2503.086615 3625.366247 4988.770735 4280.155749 4068.690186 4.659567064e-08 2373.25051 4632.229732 2.87078343 4951.573551 46.3622039 5.171232025 4772.164016 4895.284036 0.001079500362 2389.913444 2575.679718 2458.238777 2336.269034 271.7363505 2706.158655 2514.639194 1896.697751 68.26260314 1064.384355 2665.672349 4843.551923 2328.786293 2508.375544 6017.699765 0.0003775941257 7.893457069e-13 2715.275724 3704.549956 6407.035976 5002.796941 4924.914713 132.3396322 5092.311603 4711.986458 6907.543233 5260.930038 126.6776698 617.469306 3429.4503 2297.28617 2418.06632 180.684953 4438.658646 11777.68283 4860.306613 10272.39544 7362.20769 2538.988831 4915.509051 2508.691327 2568.023614 169.3940394 268.2311879 1960.410882 5.131970691 260.9310805 3062.427693 2506.260542 0.3791792016 4551.930323 4446.334596 7375.500442 7724.949829 7294.807455 1.1629572e-09 6456.0393 115.4914517 2418.433194 4926.80262 2301.218784 2432.835073 0 0.33864273 4.23641207e-05 9.456038466 2.159151765e-05 
1.445288887e-47 0.04786517304 4780.059758 3.257407508e-10 9731.910137 2.206530725e-127 7443.632049 3.396623356e-08 3398.843983 2489.776576 2.005959247 0.8982148559 63.36396516 7612.007735 0.1409898078 4694.011249 2491.384415 518.7147814 4714.90081 7162.807335 3.611444175e-08 1.132588568e-10 0.0976848269 7193.35873 4672.896581 4818.024555 7182.672122 5420.402182 4949.113845 7325.581314 4986.863935 4362.249946 7629.417077 4566.944139 678.8844836 4251.148297 4400.662433 0.2497498136 4910.509874 2468.9687 1312.551762 0.1071343426 4780.463211 4938.812515 2474.853821 7338.075594 4787.581692 6565.525417 5207.147023 2314.055362 115.5575192 4632.317176 10013.1588 765.1140083 2659.354955 1.695694196e-08 162.7830256 9699.430012 7269.313513 4910.968452 0.0001219121035 6349.137775 914.4595939 4875.313597 0.0008684193039 6676.009446 905.9490754 3300.146015 49.33414608 588.1570047 8937.533739 6354.763478 3.372171288e-59 2949.034623 2521.42408 4693.632177 6667.916106 505.0328367 7.210283969 229.1078377 4873.985067 1584.982134 1888.909718 2265.512548 2646.607939 2468.845061 5726.488246 6517.380405 2469.35456 3.309968139e-30 2036.630918 781.4199515 4389.416531 78.28383202 9274.067664 4028.416063 4838.212821 1661.32518 1.559422819e-48 2502.126599 
2508.409543 2517.863593 3.616073436e-23 2498.742328 5142.74104 1.58987882e-110 2.586452256e-20 7864.478272 2384.329446 2536.060796 6.702126705e-20 3040.957676 5754.474219 11747.10384 5137.910119 982.1315339 2276.515474 2451.295194 4400.272215 9265.616894 29.89455015 2435.883499 785.7598671 7049.426847 2439.787451 2336.397322 2367.665889 4775.977456 2400.120001 2467.046545 4444.35129 2558.934113 1262.68867 4704.973572 1066.187038 221.7989055 2.230406655e-07 2411.883561 6788.179448 2386.310047 5041.067056 3.050638821e-08 4740.125547 0.05205012009 2508.86992 2370.980027 4440.314831 2178.427222 10.65866414 5506.416568 2457.479307 2409.995905 2484.900179 2857.310928 1944.424792 3.287789912 2532.092275 4269.029459 2674.413139 2528.742687 167.7862008 0.0003198650538 7008.094286 1283.020691 463.0394242 5080.607876 2110.58056 4416.553378 6946.833368 2469.568388 4940.258934 5378.737294 2203.442144 5057.361187 2363.944922 4959.590738 4538.704615 7374.95657 3206.585891 4063.453521 6057.034902 4539.106035 2450.865606 2916.763947 8907.235401 2519.712747 2711.681266 4896.670047 1936.397605 1.125064664e-10 4949.19705 0.0002349146059 0.7041948567 7.891672243 103.8351495 3165.679745 1607.375039 2.430196831e-06 1.550421658e-129 8.386991887e-12 
9.858988666e-20 1286.003939 2945.414016 4844.239197 2213.156376 2493.873331 5009.327396 2489.068446 4885.128371 4434.41861 2507.944809 3.36032695e-09 7244.287254 2480.485126 7154.551865 1778.353856 4651.871872 4954.009048 4858.371923 605.7945145 8.493253413e-09 269.0300297 8498.322545 4888.327484 1996.980744 2508.136199 4482.218357 2017.194695 4925.282866 5681.962271 3816.786401 1.471640767e-05 4868.681311 2504.45782 4473.884902 5987.609984 4466.103104 9315.683937 4590.833543 1833.724222 0.01415933378 3.80059547e-14 6.619817264e-05 4406.272766 1.164191262 9236.175061 21.5562629 2424.254067 2502.640293 3.262719961e-26 2147.720066 2469.424518 4911.289408 9898.513402 4988.665071 7479.506589 4856.78357 2485.09791 10233.87195 4462.676294 5074.749829 2177.327207 7133.165414 4907.817429 3.967348005 4864.452405 4543.15016 7391.942185 9254.382448 9922.782586 4977.423339 2602.702163 2410.853902 2473.534186 2315.482185 1612.61227 7090.716536 6870.168879 2685.503442 2381.401508 1949.788459 4812.562013 7985.937749 2416.664468 4637.414865 84.01880743 939.8426386 8674.029709 3.870823278e-13 4649.304557 2511.917316 137.6158596 16.26775131 2444.564746 2470.556975 2111.620599 4899.637202 4885.610786 2445.437666 4.704012827e-05 
2477.304135 7052.305509 2482.223219 2939.288416 4658.525543 1322.016637 7124.038669 4580.576424 4945.734537 4731.422511 2467.888997 2462.815819 2510.403533 2437.978472 2487.957938 5528.194687 7391.475223 2.080115438e-17 2024.259745 2408.61921 3101.476517 12.75737332 7852.705219 9826.199022 4949.811444 2411.590072 7689.740548 4950.728152 3699.327912 4756.482241 1650.786489 4585.680242 7458.399353 2506.322664 4713.226505 4592.231811 6300.496559 2435.699334 3.007514762e-06 12260.12885 2380.030438 3.045356555e-07 2914.943122 2457.142685 5286.450992 5306.718765 2489.476204 2431.402044 7333.644294 2481.47816 2.356330271e-51 2270.869049 8.348351481e-07 12272.00153 9911.819354 6055.712271 2456.487146 2507.225859 7156.981822 2416.964783 2414.388825 4378.853901 4394.753714 2371.292995 0.05629082909 2437.544954 2451.791912 2623.780767 2317.606358 5971.790241 5929.139645 1.114192011e-08 4073.713472 2420.271693 2772.294016 2471.808851 0.003040168917 4998.679879 6091.433009 4428.529273 1.310783262 265.3480873 4874.290993 4888.840396 7402.721519 1743.041913 4938.09239 2457.55439 7308.019865 7513.926392 2213.042061 3301.032372 9016.004482 6956.583029 6759.731593 5.76620693e-48 27.66772239 8.421082026e-25 7344.830076 2489.477589 
2413.144327 9.49156173e-50 2280.167338 2413.810005 7.22036992e-08 0.9896142878 0 2455.78989 9346.422636 8728.998197 2622.136165 0.04163121226 2375.638264 2475.189975 4587.315525 7262.439569 2403.252581 2474.569087 3158.268441 2442.156207 0.0003795398043 2328.242866 1753.089404 4016.043562 2329.998396 6823.148359 2942.621888 2518.040996 4.411483206e-07 1967.03601 1.505143381e-40 864.063693 4820.769976 7558.877678 6971.403915 1674.325768 7523.897624 2469.692398 3189.251858 2413.729787 2421.438928 1.339653332e-21 1.854699032 1.15617144e-07 2281.287973 1.655922877 6998.386028 2479.759466 7135.269221 2444.631936 7037.827255 2519.14602 1841.314628 2477.419237 4218.84652 1.708175376e-18 43.38450373 2325.872126 2504.312328 4718.858793 2493.47011 2440.17469 2021.626045 2527.956348 3211.277628 4182.136494 6676.564927 3121.10042 4562.715526 9.42444161e-38 1935.512088 1705.654674 2434.529842 2468.581099 125.4951182 187.3514247 6834.590203 10042.17646 7331.522059 2420.249125 2728.231795 11.76459247 5411.891704 7325.215512 7381.343032 3715.637138 6.82661812e-05 2494.128552 161.6552866 2171.282022 2304.12685 9.185450542e-26 58.47653919 2000.485063 1.611252324e-06 0.0003027735917 2061.857936 4.263298042e-05 8.929014735e-60 2.006829109e-05 
1.212201887e-10 0 4326.08302 722.3238815 6.019477697e-15 3124.947964 3.655645048e-26 1.961077073 4568.591823 676.1953705 3356.118942 7257.090963 7291.818431 2512.097735 7075.220934 7221.144645 5533.64428 4830.380305 4060.858042 4852.593469 5908.892039 347.903555 4816.723476 4660.053127 5357.99151 6114.910814 5590.143394 9.818817278e-08 2453.432877 2452.019201 5575.855235 5875.246445 4616.007461 2470.336189 7408.460639 4016.19328 83.82528712 1628.068366 75.47872266 2.857490274e-06 2.901430028e-13 84.49393264 2447.504021 7113.56787 2423.617668 0.01197140447 2503.835053 4410.268432 5904.608275 4959.163746 6942.304347 2465.614352 2267.957314 2410.15622 1094.993338 2545.435361 7099.907053 7173.904661 6129.272569 4007.081433 2423.159045 2611.332422 4376.385407 9001.156933 2754.934032 4796.151801 1019.633189 6017.415499 4872.133066 2433.664331 3.876431813 4821.151318 4433.010148 3570.028613 1382.149337 2485.708702 9530.907386 4410.896105 119.8350638 3760.000731 2266.189705 237.5390991 505.5279265 0.005661639485 4828.102114 4944.94451 2819.299341 2521.046055 8999.857315 840.1002715 322.3207947 5809.993334 3.523824435e-29 3307.944745 22.63303311 0.01431902136 5.412847812e-14 2559.020128 4151.082232 1625.703407 
1199.919255 2489.149294 61.57773943 3.506703043e-57 2411.212559 3296.178203 5.589932912 3.65191034 0.5208274995 3439.041468 4465.488492 2066.92048 3615.789567 5000.865483 2335.513037 2.545930771e-08 4522.10204 2273.028054 6413.676895 2593.09819 4865.275018 4437.193881 2305.47662 2581.456583 4894.853632 5056.140526 3.850101227 7024.086071 2508.493551 2478.419955 4203.890218 2410.352426 2481.023438 4678.468029 2483.4287 4356.35914 2447.007905 4178.79496 2435.181812 4270.68182 5001.335017 0.05237031733 0.02543020281 9.07424741e-10 2615.889668 114.6368484 9955.603266 6148.197805 2359.074611 342.9217772 2468.259159 2579.341329 2481.488903 6919.240211 2487.568134 4600.144253 2311.542333 11326.81587 1716.078476 8668.841986 2169.166768 4930.259587 2249.21947 1.406100369e-07 9943.905052 7448.258228 3551.193311 2426.628184 6845.908172 7213.088931 9251.28756 5.466633598e-19 4903.376049 0.003329130132 7401.555975 2494.30602 4848.934704 3163.047472 4985.628281 5754.933997 3701.340429 5255.67505 2345.947503 2267.056254 386.7627168 4356.655484 4773.430886 2389.346973 2482.144651 14808.47964 6221.825037 1.089854086 5193.945726 2527.200582 5142.931295 2548.657838 6794.567091 2.138677492e-05 4352.609288 64.61970355 
5213.229528 4850.970944 211.51997 42.22715232 1.05712348e-14 541.3551596 2444.477186 4882.478547 1.016529032e-05 4074.475315 2519.583812 4272.917013 6039.668357 2572.611326 3245.928599 6680.012614 8.726988119e-09 13457.51401 2526.824662 4972.093966 4476.03012 2487.838603 5051.754975 2193.33321 6986.861344 4559.080204 2510.245977 9534.227984 5828.074161 7.366894387 4973.839462 6732.449853 5572.268321 765.5033335 4861.499285 9.857483947 4460.697365 5003.942513 5404.511667 4835.806663 24.82652801 2296.394959 4024.413222 7062.097334 7085.444759 0.3040612275 278.0864204 4900.566326 2431.913101 5027.3075 9212.204446 0.008075229513 5481.910042 8203.780377 4258.365568 4570.784384 4252.295698 2720.146972 4951.044917 4496.44557 0.001421784617 7046.818777 3544.903427 2696.31959 2545.84544 7353.312822 6041.560757 2504.859158 4423.175606 4523.616588 2601.306364 61.74300818 2332.081011 11611.7625 5261.581282 4939.54913 4914.935585 4661.302271 9544.127718 6442.209494 6099.726697 3102.224187 7788.958913 50.31830564 8684.244971 4709.930394 4779.88764 25.08971795 4965.510908 2506.210877 2540.497199 99.76412199 1.025578036e-16 2.385190322e-05 7431.474355 2342.078594 4.284121447e-113 1075.809837 1.211257216e-24 0.0329953734 
2451.349505 2214.579241 2493.454252 1.200993362e-40 4788.927878 3078.107723 1968.952672 2493.16019 4505.696286 2.923899365e-71 1.742071039e-39 4640.62482 4976.785425 2482.536885 2914.558074 7014.113069 4630.972854 6039.051242 413.9061019 4314.178009 2356.796544 2528.872527 6730.095601 1586.093492 9346.562853 6859.111376 2397.659552 0.000323639718 14219.89703 7261.855425 7327.21699 60.33786552 8909.032057 16.93238099 2578.914784 2487.670128 0.0003910792518 2583.64555 7327.507837 6.746175091 7067.815308 0.0006179267485 2551.246005 4881.619436 12079.70157 500.5079037 3888.303484 5312.208834 3.548646018 4987.415886 4263.560147 8632.620434 31.39993398 4531.072337 11711.82738 2776.824844 349.7606885 4927.88741 2152.230226 7106.436216 2447.221632 70.83470864 2.02906469e-34 4044.128433 1.084349955 2262.444431 216.0663126 2577.173163 2546.755445 4348.464145 7353.736611 8618.604199 108.1349474 2539.259025 2516.21998 5377.068787 2467.663288 2746.813688 1947.318427 5414.901757 2416.311332 1.684466246e-10 4974.780274 1.421893198 7398.521974 1961.842094 4763.065468 2413.544308 7069.793569 4866.770723 2442.114424 2432.250191 2491.835471 70.14965615 2574.586913 7.992292544e-32 2.081114765 2482.592339 2452.09176 4923.565464 
0 0.006363002092 2533.506878 4691.641917 3.028651487e-44 4963.01717 4593.046578 4916.559069 0.0005392968831 1.062950621e-10 5.935367784 2492.279134 0 4069.645693 5508.769892 294.2085572 2314.814918 2393.028525 12069.65437 5014.181631 4522.824133 33.85318472 7260.550408 5909.22364 2329.374236 4544.069988 2556.832276 4946.253268 2782.410425 7039.251371 2483.66721 7220.024111 2245.153305 40.81375548 2.242516935e-08 1790.67586 9100.004066 2180.741688 8834.378079 2061.399496 12051.78668 9738.696591 4984.400269 4924.946594 7458.979839 4897.988628 2713.46641 8200.361826 2337.768955 2478.612035 299.9181716 5135.360406 1103.377555 2478.518252 2534.391908 1028.470705 8271.90157 2551.981777 2337.766967 0.02914744991 4762.085496 7631.183378 6659.412607 5481.088062 2455.092133 6.362831127e-20 35.67411873 6663.996652 5021.008258 2686.884103 2412.160295 4543.855616 2607.196942 2499.164406 2.76247609e-12 7005.934139 9913.452322 2493.914113 2.930045762 52.6956496 7318.922489 9937.689448 4386.358162 2486.896848 2580.347127 3368.474743 206.2455782 2712.326632 2421.905275 3631.727595 5506.163322 2471.86166 2487.980784 7.676467318e-06 2481.612293 3380.361607 0.0001446397208 4824.202463 4328.887137 2492.22747 
4827.087212 1956.263798 2505.879669 7925.345589 1917.061093 1.810897736e-117 1.679321794e-11 4877.968795 0.06504518205 4599.064494 0.4436983895 2103.705403 1597.838787 76.7818675 0 6887.743286 4497.946913 4959.241474 2289.862029 1.083638028e-18 7913.596743 9444.254138 9310.947996 4539.264637 4610.346592 2326.220525 0.07356952253 4825.12614 4167.495932 2327.070075 6611.157041 10609.10659 2489.821173 1622.557979 4853.763821 14633.09063 9815.922528 4300.612545 9577.107825 2.126930897e-11 7463.446996 4501.122802 2081.399197 652.3976181 6344.245371 305.4670473 1265.868058 1788.647711 2500.683746 4202.585681 8.302311069e-13 2429.088803 2248.481248 5713.119455 7415.388592 10234.81899 6369.436846 6117.631058 9526.486208 7260.244829 2612.606032 7177.52576 7130.874 2879.920672 2596.657578 4434.322951 4707.250344 5090.538407 1.674788819e-09 7621.433038 4976.280263 4961.927991 2494.662655 7431.062178 4926.181972 4639.335366 84.45722823 2476.326413 2.188142646e-09 2664.09021 5046.58559 2602.460159 305.3090116 5169.768875 0.00120660566 5251.784764 6693.48651 6658.414549 660.0553642 2431.021705 3855.445686 4959.343092 2471.775775 7.114394469e-27 1.162127144e-19 6244.682001 4940.427327 2503.544832 1.040514211e-05 2.169410145e-20 
1.076124517e-16 5.123014821e-50 4971.113939 3371.113731 2453.197051 4291.886705 2181.165376 2522.272733 14.88641069 8283.48334 2750.745196 4573.983868 3132.546966 16.38840844 2557.306988 809.5101267 9885.151275 8082.434967 1481.743382 0.7528395589 7112.906155 13534.03669 7351.773807 7427.844309 2503.844874 1985.074887 2417.987728 4.510276537e-12 6633.063154 5486.323317 0.1703879266 9.147950279e-10 4785.834568 0.01620214461 2469.02058 11.12731833 2635.193554 4353.963805 150.8146577 5015.746471 6576.512983 5980.336948 2489.696379 4873.536981 2496.343342 1983.507643 66.69689139 1.313362635e-26 4190.227779 3931.71769 110.8131054 2571.196473 866.756122 2482.059179 2048.837691 138.1288894 7310.395373 6354.993891 7015.676186 3887.797469 6229.824491 8934.753709 0.007146126268 2519.80282 4797.519601 9829.814453 5625.773655 4969.80438 1858.193886 2423.52678 2721.964848 2519.817196 5884.900558 4164.590434 7364.454767 6209.923461 4799.77511 6670.357247 9509.78266 1249.398096 4695.495698 2350.461672 401.9975907 4093.069332 4900.650407 1.014819945e-05 2310.555894 12193.50286 2442.926373 4415.152653 1.395042597e-06 4182.252467 1573.356839 2482.42476 2291.517238 1558.895884 1.064945908e-06 2441.695186 2.342216922e-05 1476.043357 
4821.73855 7533.601925 2503.965689 2499.906143 2.774763919e-66 2518.352658 2498.163089 3293.950657 4940.911912 47.18199124 3852.871395 6775.483711 1974.786517 1780.737303 7338.70542 1966.473421 670.5585574 9651.664984 0.244954896 2500.028684 2159.069085 4960.112526 4734.85113 2452.769262 6938.160445 2414.996342 2446.191599 7070.057357 6629.278701 6179.75791 4.640215607e-29 5392.705058 0.1629158754 2314.25979 8218.158494 87.0440704 2442.039373 2305.69494 2481.002031 4883.806684 7037.132577 2781.065989 4809.375596 50.90388954 2435.216243 2308.283012 7102.036487 2592.728118 4061.499737 5.731470034 3.865838489e-06 2482.781773 0.001204535605 19.73413157 8933.287096 6646.984184 4116.364707 0.002143322159 4938.637785 4673.506983 2470.304534 6523.003612 2023.423064 11835.35908 4.290654983e-07 2548.678043 2495.310469 681.6559849 2507.740306 7230.722259 1106.75883 0.8053484893 51.78099158 7292.035491 2480.23054 4708.084778 2409.597481 2448.2471 0.02201321973 2136.324495 11757.43836 5260.132658 3480.644371 2505.275627 5000.297157 37.59868639 2482.166765 2474.96017 4322.205184 2.287508511e-11 1863.305808 5043.169424 57.23055257 596.722162 1.139357626e-31 5.229319814e-27 27.30000873 5129.337318 7220.790506 2.618409125e-22 
0.005079806188 2405.030971 2379.296591 2484.174652 7302.420171 2473.655549 2109.893758 12478.88051 4863.560603 6742.641145 1806.464552 2455.736158 9553.612903 5.450277354 6309.307243 1.175861477e-12 345.8869923 5805.569554 6998.891426 83.90878198 4585.167779 4201.38683 2699.085952 4519.673383 4690.967415 2313.510957 2473.600981 7188.646199 6408.712527 4759.975739 6749.910856 0.1824762151 0.001927887385 2251.614198 4720.896397 2463.127925 2461.972458 2309.49368 166.0569466 3.715982611e-09 2871.323242 9696.799654 4163.759646 8467.437921 2555.315698 4851.960647 2778.102544 5418.56996 2355.591416 2523.470129 3310.965893 6935.941096 3971.472926 2108.094235 593.1508708 4685.880214 4739.060433 2338.661742 1.187696146 1849.120243 7262.796134 2082.851488 5173.02788 4.913330972e-09 2406.665731 7104.1015 3564.087206 1905.528186 4069.944819 7417.160118 4923.264133 2711.782676 301.214676 9657.390681 4911.72217 5466.83526 6225.980628 7473.875585 7590.461219 16.70157602 4402.347768 1666.071649 2564.788929 11950.66089 4.442905196e-23 7266.612463 1306.296725 1977.484287 2218.0596 7390.070871 4396.146373 5013.919193 2433.354357 2.191101014e-46 2669.542208 2257.192631 2481.240655 1.70647929e-147 1675.800672 67.89141108 
4959.072837 2369.689624 1.08491113e-13 2480.361491 2369.938528 2185.850363 4984.960824 1259.268172 2511.927744 6052.323357 2508.827168 0.001543940156 4233.855446 2498.472537 4053.783801 7372.021047 6045.048171 4948.504874 9348.530804 2451.063178 2414.648527 3955.688462 601.0405178 0.1071601345 4709.775403 4902.446915 1064.225412 7163.637152 2473.417878 7337.049721 15345.49766 4771.500904 2406.447981 0.003618903074 1.425385527e-08 10898.4028 2301.486772 4750.934433 65.9914124 7462.444496 3.766321477e-26 107.9148282 861.6116309 4914.333114 2509.991945 4.321792725 423.1727365 2752.429565 6395.464916 2507.251469 5307.616859 4215.285155 4894.280028 6190.817751 8593.513709 50.82326091 8907.431221 30.94476896 6689.438171 2357.807172 9744.586144 0.0003895932595 23.81557418 3118.539544 1302.35339 4830.492708 2514.427541 6.75756291e-05 7359.641591 2446.414216 2513.626219 8.708477432e-99 11597.3739 1904.98956 2.257718214e-93 1575.744907 5000.124747 4798.574482 1.290271232e-42 2454.955512 3707.332871 2432.226176 4626.113574 4157.100272 7.528208702e-69 7995.670305 8494.75826 6215.866785 8.076784319e-15 4947.176566 91.80070651 3528.203075 3546.37705 528.3528444 1.720255663e-06 8.951660502e-157 5197.752411 2493.273528 1.598078135e-07 2518.14161 
2893.476618 2636.211876 4939.376922 3.644349677e-17 4950.820203 0.0001284688793 3.502178343 2495.407182 8880.460537 0.001951769097 11735.46039 5494.744713 7230.299526 2182.87266 4614.931601 9654.468996 4548.612505 2481.419076 2476.832021 1.158975973e-05 6545.450894 4370.695807 4944.10403 8910.668404 2415.128583 4140.727962 2336.080042 3802.246575 1942.63864 11075.73507 8.15564988 2675.219241 9789.921031 4422.606303 4436.186589 9327.049029 2335.780516 0.0001135135835 2557.581502 2359.506557 2475.476435 0.6279741613 4223.889402 221.3895083 7411.12236 4989.770939 7462.74965 11.40383645 5.278431758 2576.768544 6275.217916 5204.377839 3914.624882 4660.044379 1.98290106e-09 0.00145909621 1485.551318 3.848811989e-74 2418.958144 2364.834379 2.028517805e-36 2303.612604 7416.841446 0.01081130265 6474.019771 2555.91652 2.062502583e-06 4812.361889 5.120413907e-12 9011.184678 11001.42507 4760.969708 3276.445163 4042.772894 7344.058551 3988.753178 451.1856491 4455.887168 7574.101598 13381.53428 1700.509923 2386.056105 7047.317563 0.001303725978 23.52546414 4302.108691 0.3573448409 4267.014037 2.897098854e-06 343.209242 3910.037151 1378.744606 2.456980167e-24 9.929177344e-06 1809.539821 2419.123337 216.8618878 1.046788598e-174 4367.158371 2671.850108 
0 1767.522953 2500.637401 2579.478453 8.840177671e-25 2517.414865 2445.58508 2454.39886 25.42935864 4901.823675 7612.709478 7036.075477 2.475723524 5124.650803 1.970628706e-09 2397.06954 2482.414231 2431.355226 2751.090076 1210.034411 2.281537233 0.399855969 8670.702182 10028.0269 7261.327835 9957.098129 2479.593011 2484.560338 2828.110441 4715.640393 541.2745918 10707.66465 7445.326836 4590.890925 3954.5003 58.22764695 9269.202447 4910.968519 2413.516041 7599.559412 0.002348695711 0.1012671651 8.544965725e-22 6709.603587 5401.366661 3135.97311 236.2613315 0.04407243839 10965.53802 2489.166654 2203.482236 2427.354153 238.0926161 8.689432239e-07 2148.579993 9.091612141e-06 8248.76694 2569.994235 2761.639065 2.309668821e-07 4846.418145 2179.035373 0.0001764573722 7338.039943 3078.021144 2499.581419 2481.823703 4506.046402 5734.071541 4268.760152 2372.829774 2488.666086 0.02432934731 1455.652658 2420.335948 3172.124732 2336.625024 654.7133537 0.004773905841 9711.90356 2437.320107 4834.596302 523.4984758 2.984250254e-07 2503.443587 5539.432852 3065.536072 2479.424988 5385.334536 5004.220718 7302.990022 222.6888302 25.76379719 4.324651872e-20 4999.300989 2270.814421 149.9587038 0.005755279742 4.426055408e-17 2661.025459 
0.0002724493216 0.4854110093 8465.701628 2736.111156 0 2385.575278 3.656311427e-28 4893.463435 2456.773254 2667.00953 2.558309847 6912.621397 6545.275464 2762.852169 3074.365025 3766.893539 7306.820763 6712.728512 6.269087005 2592.18036 0.4416875345 6441.894322 4626.137245 2419.540977 2329.780492 4958.034501 7456.2735 729.2995913 1051.985785 3.391982712e-10 2432.344212 7.322273082e-14 5616.679065 2411.947973 1785.945707 2549.127766 6722.790015 2533.155629 1513.781521 5091.992059 2401.627324 2293.821172 2365.660867 4859.579608 3963.363541 1736.215965 1554.221813 154.2982095 11676.62706 2485.905144 8548.852284 18.65857194 3515.954287 2644.767108 2670.934831 9609.937904 2100.145996 770.8855276 2458.097037 8308.20141 3886.95954 6943.738065 203.9523898 7227.237992 4092.628915 2494.836291 9523.042781 5862.056913 11853.60379 4937.631406 2496.178478 2358.926441 2474.76616 2495.262664 2968.442155 7268.290016 2419.695896 4757.776448 5106.072926 5.747376802e-27 7454.961634 0.0004727082989 3431.192184 43.37261275 4852.344428 1861.072901 4720.624321 4823.336783 4930.870855 2197.266804 0.0003301329043 2477.239081 4107.511999 2.00713576 7509.510881 508.0340071 2.532286314e-32 1615.440313 0.005963023436 2522.178867 
1.300338411e-14 2305.015027 2653.020601 5.945634547e-14 292.7805511 5005.794166 7.962108275e-18 4958.553022 6.513226999e-05 7134.363514 1407.260714 5543.861823 7060.601923 7249.154444 276.3691449 10992.26866 1.813495182 2688.566044 2499.743885 6693.618401 283.8238357 5.147412214 4961.904827 4538.215352 2367.972137 58.15047863 111.2553531 1.771471872e-12 4255.141953 0.7094998009 277.6675659 2000.463653 561.191883 2425.692844 5564.232419 2490.026331 7547.144326 4939.132473 2470.251192 8975.020434 0.3223649522 4460.757283 0.8380387439 7437.388099 7667.694594 2480.876362 2308.304848 2263.351304 9475.94936 4701.179368 752.2725727 2223.408053 2347.480264 4356.437757 2335.46229 4298.49788 5781.18258 152.2311359 4690.17996 7476.724941 2452.941011 4956.989952 0.001434088626 2478.811933 2602.484806 13389.47022 429.8593165 15.46396468 414.8467122 430.0531738 4512.8197 7415.959526 70.50038855 1940.139027 6.81534825e-15 4620.439847 1823.676482 3248.419639 5132.133618 0.7131135053 6465.191005 5264.452398 4117.832138 7718.091627 4449.380856 4683.056679 3.387721101e-150 2555.092577 2470.512046 4940.731822 6.872991495e-33 2.219551705e-11 7704.797957 6.547850753e-06 7029.449577 4.361280907e-27 2268.944059 0.4209096573 1.53203996e-30 2297.800667 
0.8219472966 2518.83333 4922.277469 5.466701124e-20 3667.416657 2374.925777 2267.756213 4942.147233 7080.574861 7.86173483e-06 6539.025604 1.960143741e-05 5414.817554 9891.059943 2527.992689 4803.310593 5071.145586 2175.270125 13613.11668 4973.180967 4938.006268 1.222416888 7537.05682 6629.165305 2333.490803 2495.459587 2260.345108 2433.226132 7162.986483 2493.100508 0.5977352238 2176.98083 13381.97502 8201.993222 2547.096592 1042.175867 7956.229018 2507.655281 6884.128473 3879.347404 2.523453994e-22 4778.715307 9482.239794 331.4802866 9065.601445 6736.988961 2959.239338 3654.877183 5594.256686 2137.771197 2.031743397e-05 5090.711288 3425.373931 2264.688196 93.81309471 2086.637702 9010.317091 6680.820927 7412.282708 7232.193102 7824.250584 0.09782672915 9192.821095 3825.91933 2493.391043 7685.043322 2445.052807 2491.932095 4484.636308 9270.360906 4777.023881 2463.947381 4910.786506 2507.936465 4897.511193 6797.480071 1866.935816 7405.366345 7.220811576e-07 899.5252124 2469.281817 13392.31207 8902.8683 1161.49025 1538.117215 396.7538287 1357.249558 667.0631515 3.763241297e-08 4478.857765 3.171443992e-44 3.26743247e-21 2306.626689 5247.481108 6449.0831 2463.863344 2471.472243 2475.798748 491.5391887 0.02552159541 
4342.796255 0 2445.995333 4769.169937 2425.34624 7349.879403 2682.529638 2235.42372 1.456532867e-15 2628.340297 4932.31212 0.1394462892 5.375658903e-06 4631.833753 198.5021863 4944.553142 1.460652878e-13 6719.499642 2822.463409 2480.871246 2498.779443 5.539536842 4868.089866 0.1319327406 2400.828739 7335.655998 4627.427512 1.866311622e-08 4753.251377 1834.186207 2492.913745 4960.923875 0.003413172843 2711.13634 2506.682093 2482.706158 7231.250971 13.56028601 2470.506006 2456.643575 7127.726333 2444.368723 0.1317920455 2699.697387 2378.039099 2689.506021 2471.064072 2306.192661 2471.312326 2509.377939 4941.810685 2565.067056 13.56402665 2239.455473 2116.100178 2.381458157 4948.02573 4558.702487 8557.754855 4804.667128 2619.809443 2501.37477 4940.219614 2399.566593 7117.718737 2475.511868 5405.155913 2478.610584 4809.123185 2382.72115 4580.930468 4920.628367 2582.672524 2088.187174 159.8875271 0.1533571647 5007.9057 3799.498606 4906.011589 2483.358389 2055.839814 7364.953567 4990.143272 2446.933171 7616.705715 5830.48972 3.099683877e-07 6664.385742 6546.566998 4.103884328e-08 153.5978984 4253.724575 2444.047937 4866.730543 2226.221704 1832.160893 2853.342697 2056.388675 3805.168572 7.829104604e-16 
4.483495881e-36 5.631771881e-05 2268.984594 4727.469918 1723.153477 7342.268302 7.806389461e-06 2793.529566 2303.108233 161.4737899 2397.737368 3470.575731 4996.999616 4164.766613 8932.889247 1399.722262 2439.626485 267.4594353 2.837160267e-08 9315.734136 7238.119213 4839.631314 4625.418661 4733.87022 2473.6244 4809.49878 2409.081277 7275.859958 7100.711312 12962.64932 7085.8259 7038.344283 2489.548606 4291.013003 4610.784499 1837.498289 2.643238903e-05 23.13484037 2113.181356 6955.918746 2470.160836 4991.556707 2426.488719 5112.929041 6674.446146 5084.482366 2427.62594 11669.29832 14.3628289 0.00874537716 9858.667309 694.5923119 6671.781118 2469.879133 0.03788835541 0.1446723392 9974.149656 11674.96545 1842.808662 3401.874868 5573.38363 7192.299417 6818.481626 403.5693139 7168.95603 22.15098719 2454.662123 4961.283795 4938.675524 6.632387338 6777.279517 2468.52511 127.2027837 9812.319593 2324.619256 0.000390351607 46.65303847 1.752092495e-23 1968.664028 3478.265088 3592.394304 4286.392545 4950.459397 2503.982846 3006.989974 4879.229339 5005.745972 2508.36538 1874.455601 4936.371821 4443.218063 2482.204801 2528.5663 2437.45098 4802.101592 2681.758277 7429.373722 0 4993.283133 3.458132459e-64 
578.6948917 4902.051091 2421.713935 7335.90002 1.294006216e-14 1.060694044e-08 4320.085665 1.156148479 3070.397033 42.61595178 4955.192702 2505.706861 5015.138874 1158.566379 7242.950334 45.15133128 3.434627195e-20 1462.859763 4188.630528 2331.101791 5433.137311 4822.888963 1570.637024 4792.148164 4997.851364 2501.492218 11.59568517 2498.397939 2366.352634 4169.570425 2479.616252 6795.175316 2894.250887 4858.257281 3935.170423 1800.957 2305.645491 2447.510741 681.9353756 13354.57729 2292.799753 1969.057827 4898.834998 6.46932978e-66 7344.397543 2534.738384 6991.352711 4998.30313 11.65973892 7181.403987 2364.384809 7019.677733 4921.327839 4492.789924 5489.050844 7350.46453 28.75504897 12386.69499 6755.770253 7402.589617 2502.741481 2496.168433 2266.472994 7512.492347 11193.15172 4892.436113 9281.059897 4687.396806 160.0727704 4017.219057 407.351803 13.74937076 2019.96029 7098.724718 508.4368294 9732.851582 7376.822889 6768.661636 7065.731472 1964.68948 0.03644421685 0.1297227066 2433.165322 4462.364151 6911.233172 93.11276091 2349.667657 4844.545691 2549.637518 2934.051505 7320.396404 6836.960989 5040.002368 0.6375756864 2230.713834 7442.471094 1921.656643 2.594633282e-05 2430.619128 1.947594762e-06 
4915.144501 8.131331418e-12 4.27116775e-21 4.869859662e-47 0 0.7236455575 2486.873727 4992.48281 1938.332847 4.555068182e-46 843.6691255 7531.631029 2298.629556 3226.996015 155.3529181 4891.475394 4718.098164 6981.216865 7475.411329 4907.120228 1.721967903 1843.823205 70.31138906 7264.449219 2474.198578 2359.117062 2457.831387 1939.776974 0.0005162174817 4871.671484 4827.645465 0.01837733777 8.111833952e-32 2418.00706 2472.293778 4464.462688 6583.280944 6887.382375 52.3471805 6813.724058 3805.003172 3816.685484 5161.587501 2349.096623 2812.274699 7486.394698 3895.243027 6509.956845 325.806344 2618.067646 6.627260666e-06 14.6752295 4.1053563e-15 2349.180662 6116.759569 4710.79804 318.1548045 4811.934313 4882.566732 1.51838958e-22 158.1221183 3347.977036 3632.032855 193.5102608 2139.630948 2370.26155 2589.328016 512.1035135 2422.55095 4924.114879 58.49978475 6069.12216 2476.821684 2726.272219 2421.653408 2339.878099 2491.558737 0.002926267922 4.938404354e-22 5.679554523 4006.88821 2414.868386 7.312834247e-41 2.903847938e-13 2441.344817 4536.9624 6935.003182 4137.440036 6780.758701 1.114798715e-06 0.0003039370613 11815.93474 2515.705589 2471.598187 5047.184456 1180.839411 3.640784966e-05 4443.704951 148.4551765 2.666574937e-172 
2629.24063 1.411305979e-33 6112.633467 6529.008885 2507.294383 1.287934868e-06 4504.562251 2328.129147 5379.574913 2548.285135 4996.879423 4758.816797 2341.287325 6532.76163 9345.353027 11668.83562 3.973012979 2593.773435 4848.949002 4431.851419 4123.953359 2477.239732 180.4439249 2486.140583 4742.835245 222.2929085 1119.358465 2524.891149 7245.798858 1856.153938 2499.659473 6534.796659 7403.776482 8206.06197 2356.814754 2370.131758 4815.588331 2501.76917 7492.286439 6955.392298 4410.758002 1203.467371 7229.656515 51.95912562 2447.32268 8595.627931 4370.494694 5649.951809 2289.704237 2470.998893 3782.782513 4524.63197 4900.553373 0.00282656365 2369.687358 5029.18925 4.019386261e-10 674.4194379 4854.231344 4974.736104 9206.390455 2249.793165 2110.623306 1609.02377 2.498065594e-15 5220.550313 7411.91507 6166.773165 1267.233424 3766.573076 474.3079184 2518.479224 3781.172135 0.319827789 1.98765482e-13 2459.912188 2434.077817 2190.407384 6205.057961 4857.163006 3555.202004 2277.465687 5268.377586 4138.579369 2562.217898 0.4996908148 4063.00663 9561.518619 7032.111799 256.0886879 1.515235493e-30 8199.582942 5.465233295 0.0004077463334 7166.345567 2.312725374e-15 2.775511488e-22 1945.264331 0 1.794067693e-05 
100.6473784 2320.914159 2495.465037 2.251205559 2415.273065 1464.556816 7355.438163 2157.682266 2384.722333 2316.04027 2493.51017 4973.753209 5795.511739 6162.923218 2472.203499 4542.904169 7325.870741 2495.016081 2.298157913e-17 7544.305768 2333.21231 2591.208883 4.934105667e-31 2193.083076 4946.595472 7254.85781 107.3208686 4910.172056 4561.495518 2381.290423 1.582261872e-20 4648.400128 6.848384144e-09 2285.963458 0.02333247675 2547.183892 4903.144419 3125.652704 2498.112253 2411.371207 2015.721632 2481.408508 2472.247255 0.598054629 6127.604494 2010.17482 0.008348081937 2498.765257 4233.961127 2204.623478 2387.013014 4.24645355 1442.777545 1086.724874 23.32677544 3421.086818 4882.192087 9573.188969 4108.859587 2518.390643 1973.072917 4600.700576 2.197860249e-10 4704.829083 8328.917169 2506.839792 6432.980733 2185.132766 2851.94212 7254.433986 9.242909422e-06 1586.309405 5743.799675 10916.85462 2667.578653 291.376139 2494.77445 5278.835843 4870.789655 4750.039043 6976.535902 2780.035386 4079.490402 4366.32875 2239.930198 4880.135365 2421.442972 4337.183518 2523.653286 4343.627415 2547.066347 6822.687108 8999.925846 2491.741904 1.876980957e-70 4355.783874 4704.080882 4.210769559e-44 0.1906704664 1.405646482e-14 
1.704912262e-16 1.281796476e-24 0.8289045383 6.167228353e-17 8773.249352 0.003092625982 2969.742958 4097.860343 4878.040983 478.1817206 2659.170854 2450.137639 2481.448141 31.23023151 7365.667733 4040.875794 5885.546896 2369.721619 2339.027341 4637.564526 4887.641931 4828.527688 2408.827221 2484.774991 391.0135689 2478.723776 1684.110152 3021.423428 125.1837558 4970.486982 2531.790366 2163.831052 9548.206443 2507.20504 0.02724435437 4714.183724 2437.529165 9059.848918 13854.49932 79.11999478 364.8989187 7.599947559e-14 2484.175407 1.334920774e-109 8679.935588 0.001484773538 2503.613969 8953.60724 2515.429224 2499.174235 3921.456829 5.177303961 2138.842689 7462.374412 9416.717633 9775.936894 4594.770886 4066.172439 4889.29241 3.166655408e-09 2902.660221 6085.723294 9973.158887 7740.905487 4719.04659 10449.95956 5852.958061 5085.681869 2.146570589 4607.498212 2488.145681 7238.323623 2389.333783 5922.185751 5057.565163 0.002857078329 3250.394365 3108.127561 5186.43928 9366.36101 560.9524078 4996.738448 68.92116348 2485.087835 2560.216204 2518.092398 3.582848501e-12 4979.378983 6494.746129 6857.752956 1234.224367 4812.424445 4647.361812 93.52107653 7314.580989 1630.106215 0.000492525319 0.0001234625442 2.610498456e-102 6.615611784e-05 
0.004222684331 1930.944342 2489.28849 2527.391848 0.0001166251117 2480.973841 5.549616402e-10 5349.81632 2422.919402 2451.882991 2942.166503 1968.180546 5000.265501 15.6934462 2.691842866e-05 2511.023745 2451.85505 4387.387158 622.835242 2312.105482 4991.161812 6202.991556 4290.698947 7208.828257 971.5885925 2482.254566 3581.315025 71.56573603 7401.852532 4965.084673 3036.355735 7963.87539 6.911552023e-18 4958.160162 4803.724256 4911.431254 7192.090281 2357.312924 1867.199527 0.05552812557 4938.14004 7663.782984 4859.925549 1.114086167e-41 2626.713298 2131.594972 2282.719793 2450.625543 13099.82608 4446.15418 4942.877391 4750.299694 2525.761232 4531.000858 2473.931216 0.9627023249 6335.616976 2477.563767 4901.549311 3320.657433 0.002714260133 2636.328125 0.0001154307806 5837.459209 8.864930725e-08 3258.084188 6799.817734 5034.19082 4183.77865 2163.247307 1746.984346 13.11996392 7197.275327 7040.495393 4702.123562 4841.506117 7044.848764 2.033004453 9723.411098 2102.4268 87.28702525 4048.670148 1598.972732 3973.196225 1.464244365e-11 773.6763784 1971.27541 6.666581568e-34 0.1986100938 4540.137109 4219.093765 6069.993416 2502.279535 4448.099019 38.14308795 6899.081085 4767.972122 2764.226754 2529.466619 3048.308554 
2.873101001e-12 2156.810355 8.886121129e-10 9.484884811e-28 4937.100287 1156.327295 1.979153906e-18 5.452121728e-44 4991.501548 4472.021064 7641.913819 7272.525211 4864.099509 3735.503636 6810.236487 5349.419954 84.26045498 1705.34625 2393.36597 18294.33375 2560.595604 4765.600817 2476.339397 9877.896056 4910.204428 1947.063151 9929.923287 7543.245029 2584.50352 4761.162937 2494.907012 3454.728371 4812.234107 6.921985969e-15 5.116797405e-07 2463.804428 4970.731127 2030.503763 4912.732319 4912.684574 8288.212906 2475.330055 5027.652926 4721.573407 11825.52469 2353.0224 7280.238141 2982.159103 0.4367624397 2126.517729 6984.251396 2535.194356 4823.564216 3747.017853 4803.691779 0.03309238424 4966.033035 2485.320812 2279.76432 3.191609825e-06 3661.264135 12287.58436 1.973181474 7241.059844 2.449668763e-19 7.872981803e-56 3960.011293 8853.229819 2471.370174 6592.730819 209.1550346 5018.597281 2732.973979 7072.306656 2619.948126 2736.736006 84.51669404 2078.172068 1.857924512e-05 3.193322539e-07 18.60494291 3534.18994 4798.339152 2430.199996 4539.636512 2082.009945 0.0007420188945 2448.236287 4.885256933e-18 4984.975962 5800.884243 1939.017023 4.430583662e-25 4330.239305 2459.621232 0.00209177298 2109.137695 0.01307415659 2.165289399e-30 3637.10444 
2505.740146 11.54896343 2.39834596e-05 2565.752854 4.671380758e-10 2459.853062 2588.627757 3.765715054e-09 2515.885935 2359.656186 827.5686678 2400.136677 0.2026909453 3941.021082 3653.685568 2522.089195 5633.775284 3706.089347 5002.987173 9426.283379 7349.585518 7236.366654 2338.059328 2493.057423 2424.181286 4615.49406 7023.58389 4.110622612e-14 4819.615283 8089.188003 2517.610412 6876.334062 6182.37596 5945.421094 2388.575178 7319.70771 4929.613315 0.005084945781 2093.603886 2060.197565 4514.31609 5122.401642 3647.832955 1.380327362e-12 2715.49516 6310.593676 4254.550277 4802.595711 2403.759137 6306.866812 3051.886412 4152.895429 1.985241572e-56 2453.238581 2324.058622 4888.721166 6.394337987 2652.627413 4.560562472 4192.581793 1356.896834 4661.149239 4483.152366 2481.337849 4.57461784e-49 3958.242195 1827.457791 29.17932725 0.08952303356 6.661659362e-06 11801.53505 4921.94804 2340.406135 2504.725099 4822.511518 7363.541517 7859.593036 9184.023013 7326.197772 11004.38056 2487.669135 9.75561384e-05 4560.901135 5019.873653 2433.536499 6471.324207 2391.840632 6347.452481 8793.039342 2507.852485 7439.418622 4963.210401 5101.506888 2478.255764 2511.142511 6985.336973 1.176173031e-22 1.523975713e-11 2422.026667 2457.256256 
7.010749202e-32 7704.450254 4988.281543 367.6997694 4192.752214 1.092765014e-10 170.9004757 2482.136157 2.470664006 1.79032198 2432.61094 1630.170872 7387.616524 6611.156053 2472.88131 2458.349001 3047.605992 0.035465467 2469.721498 4794.872973 5855.348742 6335.001837 3.562873807e-08 2473.228807 7271.569213 3371.256493 22.38189316 2118.286293 7128.963656 19.17661938 6024.173446 7466.322999 7448.78505 1926.757775 2233.457066 8700.170407 2591.701589 3237.522595 2444.255431 2436.754178 3206.682876 2503.850444 5780.19279 36.85872854 7348.998951 4813.48173 5075.891069 360.7155521 0.0002329422657 6996.384785 5512.23571 0.004978501981 4451.154286 4793.979641 4818.043462 2.227993622e-27 6247.622795 2494.624963 727.7144995 4754.043477 4526.969397 7475.102675 4708.295633 9102.324667 8533.063063 2365.429718 5537.656941 7563.574615 130.4920619 2680.205582 8680.172709 96.82436486 8879.641882 4953.934586 7333.838534 2423.052281 7010.578707 1162.481076 2432.223183 4177.267395 4605.086316 3906.474517 4892.395043 3402.563528 5019.943865 4248.296903 244.6108087 2493.772875 4.135739721e-24 7.894791354e-14 2446.042339 5.154441297 1.851978313e-82 6839.844637 4239.571478 4754.51169 2.844776979e-19 2268.486151 2450.192647 4.44914062e-07 
196.8875793 2.195103565e-48 3701.059388 4947.960483 2493.776914 29.84982724 2501.889024 7.39072269e-06 0.0003207622293 4931.470982 9732.771615 2481.411652 9828.688793 2553.380545 4241.390064 2358.379028 2530.110538 3.68921971 4607.651032 4849.207943 7485.189812 6099.531985 32.95358068 4579.244674 4953.967581 4813.364775 4533.242324 5.867564056e-31 2432.02094 2494.686721 1762.796659 2242.590229 6664.125954 2517.816445 2310.176977 2321.754425 2194.207984 7262.842044 4961.141017 4379.111269 2454.677898 2467.143106 4898.528668 7118.831611 4114.912861 6180.015663 3.238311007e-14 4936.194094 4990.482684 2027.486896 6949.532995 2193.830858 5200.92332 136.8976315 7115.536006 4792.665027 2060.871944 2496.559483 9863.923177 2600.113442 5110.40973 2836.494274 2023.839702 4339.192512 7517.557083 2504.020203 0.07553219873 2532.525667 6627.692198 6895.687836 3246.246822 4814.017712 2742.336889 853.5417658 2310.995456 2545.822131 4944.639621 2501.977374 1.830685841 6548.181073 4906.812864 4888.978317 13.78410212 11375.70231 6869.070046 200.1901564 2537.781234 6340.766371 2419.738183 2507.814839 4760.275351 7121.226122 1.943130026e-22 643.6296808 2119.900076 2673.19282 4110.953313 24.37007759 0 2434.013033 
0.3173595609 5.42846447e-122 8856.254118 4837.650316 3395.300292 5363.753686 2479.122028 5.24253284e-28 4531.853295 3086.120507 2942.89929 4676.26469 2525.7663 9488.099552 6530.391836 2442.158247 4244.723264 30.2952415 4945.287159 3052.769406 4885.096221 2502.365013 112.6980551 2339.636849 292.7069028 2673.820436 7098.161948 35.34484077 2283.221804 1327.093245 9927.689531 2507.99367 2465.599776 4978.397768 2796.54007 2468.147691 4904.50943 4878.225141 2508.73656 5110.552061 2238.04319 7976.509099 2433.129821 7217.909439 2493.311427 1221.657104 4951.904739 2280.662089 2475.417463 2.312375514e-10 7109.316499 2357.679314 2.624069697e-34 4982.201116 9840.034168 2413.853678 2474.053329 2433.964341 2449.300009 0.3003912688 2471.773189 13864.05525 6827.662858 7035.438789 2517.284503 7149.536455 237.493946 7377.996817 2529.256683 1889.704403 2476.304615 4989.434239 2234.754025 4883.327432 2501.097736 4740.129952 3.802867129e-10 4454.901906 4884.957916 4835.116894 4894.344582 4643.8388 9276.886662 6563.135829 464.4521949 0.03516318337 1136.559183 2034.559251 4878.204598 4944.631372 2530.678366 1382.79073 4660.178691 2412.063452 3261.99189 1917.422523 2.754164382e-33 2564.238263 4365.294831 3755.744449 
269.9567495 4.116710118e-10 3716.704724 5.996163906e-15 4850.915307 3201.325363 2499.301438 2529.814055 1.11964934e-81 4826.084397 2470.848172 4209.448043 52.12467414 1878.813649 86.90687381 4915.188891 2391.54555 2273.40883 4931.835771 5042.129623 4668.744855 553.6497083 2264.310697 4881.213419 2205.846447 4580.818453 70.12979926 3.238906115 4603.221135 88.80064158 0.3632469327 4986.304975 5452.144976 6367.913916 4674.39592 4906.192617 9094.636717 1018.286967 0.03594465559 5370.568958 76.69302967 3731.448498 2146.5513 0.0001777457095 2104.222298 2508.016644 4560.817294 2352.698498 2520.48259 9515.859724 2279.16627 2505.019903 2501.535168 3196.047404 0.1954046605 2231.974385 2279.398704 2644.527641 0.006116332963 7231.316595 1713.250122 6023.042231 2553.29562 1.395685819e-11 3867.536115 2493.947955 7055.47294 723.664826 7.182740363e-05 6160.184496 6678.466896 6322.7189 2403.723015 7397.529936 4970.731358 2471.379641 4411.057132 8694.008919 2464.586705 4858.26831 2711.853811 5930.197119 2019.235174 9805.688788 2477.601603 5291.211223 2058.907032 2137.713972 7066.054558 48.06505344 2089.245266 4604.200433 6.327229746e-39 4924.286264 191.8682141 0.1203207997 2516.461609 2185.074592 1917.212419 0.03476363971 
2525.859924 353.4919521 2.245936977 2437.563378 5.39040252e-43 2112.52321 4270.099594 1130.256976 6898.981362 1.037485299e-27 7230.856892 3718.033265 1.242708232 4955.18808 2433.99598 6946.785305 4106.000017 2355.614023 2197.037772 11776.99991 7370.722438 130.4242867 4067.943093 2510.177405 6973.572948 0.005525720238 7546.596214 8.288984613e-11 2483.534005 7368.745284 3891.595405 2468.65752 8700.698328 1324.965463 4900.07138 7143.441348 7.377670149 2522.475747 2417.330707 9709.900044 4724.975421 2493.669696 4874.102367 7061.316697 5044.564085 9775.459045 4947.778382 1777.092422 5016.471371 2263.718256 324.8841412 42.54048773 7114.387762 90.10679696 3784.790378 130.9949582 263.5594553 1851.851168 0.008290975938 55.26915422 8.390951644e-13 10.55607024 166.5749272 0.06078827091 4.449493089 4685.856543 2950.461409 46.71898155 0.01520670534 2355.684302 2.411761408 8847.975143 5585.15226 2786.110516 2021.842946 6847.200451 2730.349224 7373.217547 4969.545155 0.0007135345762 7297.148278 9404.643926 4942.048186 8392.222791 4468.843298 0.0001650077509 1.96837786e-10 6346.853652 4658.647994 0.006385736041 4995.532823 2453.671759 2158.087131 2238.327128 3981.509276 2413.677454 2.184554933e-12 0 3963.092999 0.1852016584 
2390.192946 3892.654225 599.8520211 2431.243981 14.82650156 7118.257914 1.274593063e-27 2509.939335 2485.195211 2444.46274 52.02630921 2.315740878 2481.842068 2475.910137 9628.831827 5287.684326 3453.581306 2408.174775 4998.012307 0.006678493684 4268.793414 0.2387243157 10891.29965 2477.907582 4087.870174 5419.916958 3103.871391 305.1738028 47.71537847 2384.282224 8658.055583 2514.908135 2536.012199 5211.828704 2496.134358 4877.868806 9793.162088 6945.251025 2251.548179 3.919186409e-08 179.4155661 5923.050302 4.145097338e-54 9.976873224 12026.92882 4909.141996 1970.520763 1280.528866 2477.943641 2537.960958 2506.580951 8046.175521 12370.71032 4734.495727 7232.699069 2467.062817 4937.652722 4957.973572 2565.20697 5496.804036 6507.368923 0.01818491018 2324.837857 2497.407338 2517.181492 3861.594744 4779.555815 2.54566639e-12 3549.533357 0.004806541572 0.002048436439 0.3755910812 5925.306316 6320.056205 9721.761838 4946.657315 7584.991796 7375.771022 2028.016978 0.0004918217783 8130.490113 7235.389171 4952.353163 6576.457326 2593.26346 8302.775935 105.7355758 9088.230604 4740.50923 6.003718777 2092.22661 4942.710555 2471.047968 1309.90133 1876.223488 30.21965222 3329.891634 2431.149663 5.08274109e-06 6.059265064e-136 
1.000305865e-17 2494.396215 2464.928793 2324.854438 2343.329827 2182.934316 5003.769892 17.40816712 5925.065078 4838.744571 6619.293865 4913.479438 5122.998706 2102.830119 7222.941494 6887.742467 7254.090433 4312.425263 2479.27343 6908.913758 7425.789155 6540.488953 4705.439867 7392.326866 846.0523639 2467.280688 2427.907077 4963.267686 0.06885518456 2060.917709 2530.106764 7483.236847 3.158869896e-12 2275.79855 2441.946208 1.362684935 2305.850662 2476.814587 2821.456672 0.1110534203 2496.050777 2404.097224 2994.982447 3.25076244e-31 3657.64363 854.589763 1.458806185e-158 240.4421733 749.1016877 7108.463394 1737.161512 58.04968227 0.0004592704261 2526.682009 95.69743116 3880.94433 7275.656648 2504.617329 8370.61176 7304.784982 2483.201895 1972.678446 2049.5222 4462.444105 2487.236568 10.30518174 0.0004438498084 1457.32681 2406.848063 7.10261185e-10 0.7054197005 3554.269492 7.73029988 2453.465855 225.6131215 2534.520819 1.253362503e-07 1.335725702e-15 7009.691684 4178.963265 2456.857706 3671.178354 3247.679542 7921.600542 8.468260339e-07 9190.785613 5.377672751e-44 6148.331656 7.408782589e-52 1.755769684e-09 8.236005712 2488.197506 0.0003647416661 2483.369083 2.484042417e-144 4913.088763 4625.659297 1.950652032e-72 1.051183295e-37 3.529549002e-05 
4691.048615 3.147221111e-66 2237.876565 3926.695547 0 1.234132104 4788.193805 2120.852711 2480.27019 4.341447166e-13 2268.333333 4731.752779 0.01146610432 2430.495871 1.182240258e-05 4499.807396 1.167567492e-11 2435.654473 2422.962891 2392.35902 2332.380047 2575.638557 2470.586129 0 2636.064501 2483.241633 4440.563544 2499.663456 2485.45793 305.6828856 9.374730813 7425.871736 2.470132653e-24 1608.628684 2690.735961 2496.73071 5614.843457 4753.488785 12.24851616 69.24624487 2502.921517 1277.221627 8429.94711 119.5157432 2484.899644 64.05803721 5097.231123 4227.116218 0 4948.619102 3620.108962 4593.954187 6794.752326 0.01033775033 7466.751939 2483.671888 2336.079757 3905.708232 4280.288725 2.321325172e-16 7.613689043e-07 2500.913139 4928.090614 3997.788397 1.20790007e-148 2774.479015 2515.411465 3243.069207 2286.973059 0.1484272645 0 7431.340375 3277.530226 2446.405379 5.717546649e-33 2477.636474 1709.695228 2437.030591 9.507783783e-06 2456.124553 7542.307952 1302.415779 4042.275229 4024.397856 5125.600502 2.066818991e-11 2487.914567 7493.111747 10.76382419 4.215386466e-26 2502.557943 2443.367037 9438.642416 6959.976363 3.572182865 2498.120385 0.0006627712872 2434.872672 6380.44184 635.3199653 
2039.067891 1.762098468e-27 0 1.100561537e-57 1.797329891e-21 2486.5978 2415.865253 2512.478114 2.945583337e-27 12204.86335 6550.397448 4882.588821 5.32891704e-76 4.203503058 7139.996164 1393.979866 4763.126761 2.012819591e-26 3.168600753e-26 6137.056774 4002.973883 2515.039616 1078.891669 3.970013301e-21 14.3183506 0.02341508502 2323.110519 2340.93471 2505.532489 4909.419805 7124.3657 4388.756594 2469.284784 2.032184564 5129.658116 2531.679254 14.9943526 1956.732277 4928.892358 2141.032903 0.8217357314 2423.537728 4733.998516 2486.678396 7102.238459 2253.523341 2.532922908e-42 4.245236009e-171 0 2206.193378 2522.705751 96.04882741 5010.028247 4776.156599 1345.52415 7127.889331 7148.991896 2120.924923 2468.760846 0 375.8283797 9.491601126e-06 4936.565017 1.84018666 1.839791662e-15 1561.015737 7835.670292 8104.286711 3820.83634 2593.165539 4216.788455 1.635415483e-15 6956.426285 4745.783705 0.001386672446 4814.39944 2482.89476 8097.852734 4906.585108 4297.392567 9430.692425 2500.612075 4706.187851 2058.733695 139.6127451 2517.483334 4884.526581 2504.467556 2017.720323 4760.989352 2438.876783 7322.908547 4791.820194 2491.097141 1.021379175e-27 4988.288133 1498.55428 2479.768399 3120.570934 2456.716721 
2.133263403e-99 656.5492549 3.899327605e-48 0.7404786322 2447.530389 4947.321506 1.090632628e-127 5009.458091 4.568279657e-16 2384.689684 2519.650616 0 2.62617444e-58 4576.115712 4612.273633 2409.757476 4706.22802 1.805613299e-15 2411.925225 2487.970132 2364.425129 8656.410237 0 2437.726846 2507.095488 4.721044985e-32 2503.624175 5.297665611e-102 0.7755449738 2406.733749 3469.284695 4070.858412 7379.17023 0.0770334801 2465.264595 7.437430139e-23 2493.523202 1.135198461 42.12129386 2485.486014 4511.624254 7364.278488 3654.332138 8.740592596e-10 2.454929036 4091.495814 31.89915993 2482.863127 2483.635158 2.266237341e-96 8.568061927e-33 2494.311139 15671.13264 9.287733348e-40 646.9814781 2437.766617 1974.953811 2381.967849 1.147277278e-30 2519.336441 5608.55219 0.08738246384 9.519404967e-138 1.636537138e-23 8.206635193 0 0.4905481792 7023.34395 2478.591342 2.823147127e-37 2257.74555 2508.422529 0.0005835942298 67.38253718 0 2455.046198 2446.646421 18.53860852 4720.127137 183.673169 5.837828132e-15 2623.578993 9.975794174e-13 383.2510073 8.921722788e-12 1.786791945e-18 2030.63549 2469.113552 2507.873746 2408.65079 5.647116924e-30 0 0.005936218613 1754.377945 1.531926396e-28 1940.500078 0 0.4600959501 2259.336315 1.42130505e-156 
# Errors [PSD_fluxposB/PSD_fluxposB.dat] I_err:
2999.889945 183.0994238 2904.195264 2474.906233 0.009974869602 1.465606143e-11 3069.027124 894.2443175 2456.546179 3301.755815 3524.397354 2861.551262 0 3.256360785e-13 1199.625789 4448.111753 2743.172499 2856.925114 2882.109762 3310.620315 0 3081.52213 2881.933505 0.142128254 47.24587277 2318.269199 37.41866558 31.64765111 3830.036854 2241.399842 0.007052833293 46.05017199 0.002108345856 4906.764154 1804.030262 3.361050602e-133 2192.308014 2873.333634 2900.894341 3006.975501 3726.703433 2963.323915 3381.15123 2629.33401 2812.027587 3102.105907 2.717013593e-06 3040.454669 2296.582178 3493.064413 4306.92435 1830.038168 88.96510581 2796.251617 3742.834666 1.62559632e-12 4451.400941 0.001483781322 6.665633342e-32 1219.031349 97.70271331 2878.217124 1.473963457e-14 2713.909318 2621.508959 9.235591209e-42 2.151607858e-62 1.510727074e-13 8.027225523e-68 5.196890884e-25 4346.249295 3178.40041 2723.74725 1936.036662 3062.408931 2968.973361 2452.475673 2593.361528 3029.825476 3.421653403e-19 1574.523208 3048.476397 282.9037287 593.8159525 1.124613288e-24 2508.213035 0 3318.508782 0 2760.115335 2492.992768 2450.358291 1308.596003 1.251369969e-13 2745.003675 3574.152002 1866.853062 2.081895929e-79 8.265996321 2737.030528 
2732.513985 6.778316866e-07 2878.712824 3750.020342 3045.23871 3763.893766 3040.209974 585.088113 3702.005303 2553.185303 15.65999163 3752.213057 2532.71075 8.544834758e-27 3340.823231 2.702127446 4320.103527 2892.463243 3399.016185 4746.893315 2429.132949 2786.171578 3790.851646 2.58871507e-11 3197.196275 2848.1112 2.134273605 4.253151321e-16 2929.286661 0.02960025171 3755.615811 1.107722192e-44 0.001921142854 0.04451297755 5606.467723 3615.967987 2908.060367 2575.788095 733.5605 0.9987726985 2652.753726 5161.367424 3652.553637 2619.896979 3481.894023 4.261607185e-09 2019.193922 111.4739387 4463.555753 2895.563918 2865.405012 3644.470909 0.001287810742 1250.569935 3749.494473 3056.430299 3696.522242 2.233336817e-15 4507.986032 2660.907392 4279.421943 4069.865991 2804.000619 55.10928523 2986.256869 3692.212243 2271.358554 3708.048052 4.518172921e-07 2694.367872 1998.756442 2445.819701 1947.013654 3725.937105 3085.243274 2445.234112 2748.684881 3076.159798 3775.303975 1.917042301e-79 0.9617629534 1857.744983 2716.454163 1.165643198e-18 3369.332459 4704.775555 3394.433514 4012.801213 5.576149385e-147 3071.301566 2891.590571 2446.423701 3182.338062 3038.771251 2311.569895 8.575437287e-06 76.36251397 0 2.108209066e-30 0.1005004594 
0 0 3487.187797 2296.533874 2520.093739 3711.965023 2809.773004 3027.244753 1.374053024 2885.469201 7.27424613e-92 2720.763003 1018.370261 4538.620971 2375.861881 2876.938148 11.86379009 2451.762154 3803.110442 3001.202302 4.895550128 3839.48394 5612.867034 4688.65208 3775.880943 0.0290535613 3527.848835 1.120585987e-56 2419.189551 1.84107579e-61 2567.232517 4761.062302 2503.087091 2641.226041 3727.564668 2858.101017 2628.610839 2699.102375 3435.332402 2771.993921 3596.185958 5052.281938 2632.513003 1.534656607e-14 2.507270529e-110 2501.047071 3652.915361 3678.2717 3697.764395 3682.892172 2677.094652 3367.152366 4960.9251 3741.952916 2692.611926 3227.307568 9.447186847e-06 2469.947297 3.310675032e-05 0.003637215707 75.12807735 3523.777384 2.432662036e-08 4144.537022 9.61698231e-91 3211.744282 4.059208241e-07 4052.423669 2638.321303 2132.944356 2872.120961 3538.927151 4432.819962 2642.914348 108.5784764 3628.55081 3440.197226 3040.28603 3430.947743 2756.373409 2856.125895 3703.786502 2638.784115 2675.127595 0 3307.812024 3053.916739 5.133676936e-05 2974.230884 3423.86034 3663.272224 2.978291476e-65 2430.688118 3791.206203 2266.62787 1.552281512e-29 3765.579035 2.965737073e-49 3667.869662 2595.597775 
3049.351758 0.5725084852 1035.660074 2214.617484 2850.069632 3.406474105e-08 2846.980337 3493.483537 0.0275000186 5.762924423e-13 0 4508.566582 8.604420036e-32 4521.389452 3585.369524 0.346748279 1583.157917 2672.996098 3887.223672 5681.56469 3775.677192 3774.904764 4216.953805 3663.878585 2604.693198 5599.902213 9.64077535e-10 5.246229804 3361.012248 4351.345504 2267.664668 3076.10394 2546.613385 4333.718722 4570.322429 2345.694464 4134.575808 3650.694123 3485.529155 2705.362455 2830.739483 2684.409848 4464.161283 2632.882526 1668.019345 2512.60082 3382.323969 2.288766059e-65 3502.942222 3443.731428 8.009019922e-05 2.651427831e-21 3778.4056 0.004899289272 0.008059479822 4141.069312 2727.682996 7.690281178e-06 2190.794931 3151.577504 1613.457855 1.903021446e-15 2487.046227 2.520455152e-09 2346.324302 3749.145333 2610.909495 3044.539262 4251.267003 2674.511777 2222.971224 9.474252235e-07 3735.891161 3267.454029 5027.438131 3359.401487 4493.298227 2724.325555 4338.008175 2.410749882e-63 1.286114232e-31 3196.852552 3675.290785 3760.99304 2815.003671 4043.067924 2704.032132 3640.081103 2818.152131 2845.113113 203.8934991 0 3798.15759 1.680003926e-162 3194.739509 3010.814276 0.1236198566 2146.853329 3774.719024 2914.93008 
3883.130268 1785.471248 4004.48048 2756.198401 2845.091255 2881.782944 4367.072647 2218.494008 2614.055192 48.98900522 3527.01658 2314.126677 3.295209353e-24 2625.323632 1.807155799e-13 450.9612917 3618.064918 2785.323469 3655.032182 3663.427792 0.2040842332 4365.620758 2568.314817 3650.784108 2730.65958 3402.66682 131.2947007 2154.098274 3670.283103 103.3799208 37.99372072 2653.851416 3401.547544 2676.028629 2642.133645 3825.833411 3729.267932 4495.266585 0.2225062363 2325.728892 2616.655179 2826.47083 2472.967936 3687.541121 2851.815981 2242.466997 2257.42895 2830.153025 3538.107437 1.53709848e-15 0.02275491716 1808.377616 2346.363384 2707.785657 3318.795413 55.37284019 3196.548393 4426.765888 5.146570351e-11 3283.122692 2687.263457 0 52.14806805 4858.18893 2591.747335 2675.211933 2742.70571 2215.168976 3684.149088 2180.040874 4106.265016 229.5913305 3.211642717e-13 1.656220761e-12 102.2935031 4216.586131 2446.396261 3826.673109 230.8181541 4601.43175 0.0005183195988 3765.141196 3533.370901 4193.284126 3666.554122 0.9827488485 4220.222886 2436.892824 4151.187612 2739.605124 4047.501619 4.066682844e-05 3697.416418 0 3547.735531 3232.984815 3022.107168 6.722722081e-25 4463.077626 0 
2009.022174 2400.559579 2260.037795 2739.624418 0 2507.328522 0.7253403082 4233.349752 3.126875244e-11 2741.285928 3326.686196 6.563887714e-08 3343.018317 4203.363667 2345.945989 3511.678681 2795.544906 2032.887617 3560.070532 1964.796706 3122.799557 2584.22046 3053.330816 1.850488852e-06 2610.052713 4187.569829 0.2146851753 143.4372854 3563.504376 2668.575226 3718.379124 2627.973073 3114.362383 10.64140649 53.36108849 3579.337219 4130.230557 3608.808129 25.98524545 0.02991171445 2634.845353 4180.269583 2538.654536 1478.250303 12.94160582 5.497171232e-12 2760.940884 3739.6416 112.1508148 3765.706375 2428.651916 2186.036867 3452.671009 3052.824173 4051.255155 2672.644278 2670.256411 1457.200794 3568.162051 4763.614609 2368.461044 3652.587545 2642.327458 3205.719454 3566.136966 3456.354275 3173.4368 0.853857713 4.007148662 2724.470934 0.0123513002 4.282771647e-13 115.5958062 8.361076291e-13 3028.418439 4284.660965 3018.75863 968.6740552 193.3583641 4521.061275 3677.23199 2523.820978 4483.909895 3544.50591 3594.977463 2829.925985 2863.575726 315.7174353 4426.833073 3541.489729 3734.324793 4520.345574 3381.34322 2263.588854 2.081494169e-24 2893.428232 2210.831256 0.06112447621 1.106999593e-34 3.332690427e-99 
5.72815548e-46 7.137520818e-13 2.526453574e-180 2890.055529 55.17011517 2850.827165 2671.53188 0 0.08175689885 2660.488074 3639.981173 2435.019459 0.001313962455 4380.537015 3731.715449 3716.078412 248.0417843 3683.962913 2701.334183 4605.539173 1.458112406 1.619441893e-08 1844.940703 6.195928191e-23 2661.508121 37.11846388 2842.885486 1759.444978 3704.908389 2958.278653 0.0004581302824 54.26579687 2693.886392 2968.31189 2352.931917 3633.912893 1.581308258 9.912818778 5205.947957 2.652742507e-19 75.74068661 3487.760696 2654.690191 3572.725678 2591.078082 4976.847574 3701.349962 4500.071958 3643.489494 2638.010461 5267.60493 3571.113688 2520.007007 4065.604268 2.891264423 7.97847035e-06 3655.131311 3734.168017 2259.429205 4090.661057 2502.324845 3668.4327 114.2640927 3694.757973 3090.308154 2584.415541 1883.001732 3898.678176 3670.369529 2295.201162 2.315994304e-12 2417.01515 6.47073882 2529.270425 4395.112787 2.344997782 1863.100426 1.790560073e-14 5.028309932e-19 3731.255705 2177.151075 5121.390789 2652.612948 0.1921007473 2213.488605 2724.109444 2099.691684 2834.549271 3577.15185 3596.947097 3105.929691 3133.100367 1931.322396 2493.072461 3649.402183 5.178402791e-21 2740.047478 3197.082875 999.5267816 506.5553357 
1.860708552e-31 27.64687379 3692.902451 3697.040693 2634.751556 2513.932483 3530.211674 3450.106525 28.75909987 4.762311299e-11 2837.201434 3669.377192 21.1834998 7.773659126 3783.273944 1348.645812 4260.935979 73.88462742 5.765416194e-08 2953.397844 3083.705639 3263.885237 2661.605756 2321.204291 2684.529006 2588.086298 2716.750049 4933.45586 3763.595195 1333.650079 1.527768226e-18 3653.976826 2645.55575 4224.848058 4297.210625 3612.570715 271.8433185 2717.958858 2546.305121 3338.801272 2114.003958 2811.880475 3631.925032 3902.347418 9.46368177e-16 2621.816519 5528.75343 720.2071732 2940.961937 3049.770508 2910.8647 2672.034951 0.01209758243 3644.216518 3569.545732 2122.143298 2199.029114 2403.782418 725.4868743 2703.363142 1642.505053 9.112776891e-13 0.7871095875 0.08723539051 3234.105885 3715.937034 62.36909436 3907.961318 0.5844920142 2404.783539 2306.553203 2631.224581 2610.197772 2604.54701 1957.730914 2971.662601 2735.848235 4201.341074 2639.008133 2513.313193 2988.422831 4292.088112 2.759701922e-05 3520.639522 3643.579794 2789.907662 109.0128833 2586.693693 1598.842588 4587.715269 3207.094229 1996.48803 2046.3589 2.070535762 2366.691263 2633.638458 2642.045942 3015.393213 4204.066685 2806.913159 
7.714107794e-30 2906.703671 12.69309792 2639.228939 2686.725322 2456.107451 30.29971144 4418.947412 2608.397748 2716.471472 3668.909648 8.464665343 2374.369241 211.1143641 2708.961036 3754.192336 3783.238406 2228.34086 2682.725423 3039.376738 166.1023059 4893.636731 2722.834975 2705.839136 3480.523365 3600.164814 2646.475384 3767.927995 2620.556925 7.500944599 3427.789313 2450.580751 4139.759673 1460.003117 2619.152036 4161.756012 3651.709837 3506.866022 9.58004051e-69 3515.812041 3.320031252e-10 3681.741869 3309.372129 2622.84392 3261.804555 3538.690816 2261.442314 3532.946049 0.2334140528 3389.438021 2603.66945 3902.049218 2646.793953 4.705640257e-11 2733.698783 2045.192286 2220.430325 5.107510754e-161 2538.910053 1.039059994e-14 2783.403183 3202.094699 3562.590176 4335.795773 5115.434363 4790.966793 3.953686809e-09 1189.677194 3488.516938 3395.84974 1019.965596 1.912532307e-69 2646.041883 246.3767184 90.01084627 2193.102127 3454.770016 2822.70405 4904.730231 2741.613846 3149.766328 3054.520011 4488.694728 97.51307744 6.914957212e-05 5055.247997 3691.510344 38.97653446 9.86444634e-05 1.8429627 2623.205042 2150.724463 2167.463473 2670.607613 3689.80801 2674.612476 2806.439027 2966.075849 424.1549383 1746.085132 
1.414718948 7.545225736e-44 1005.563946 4265.431099 2.210411105e-33 93.41477206 0.9000808163 1.50330265 3.973613478e-09 3466.622543 2560.146979 2533.209318 3149.026135 2580.270647 3.177815486 876.7621878 3730.463112 2954.612477 4148.165128 4468.651441 3918.349678 2565.911996 3636.628491 3741.465636 2653.095517 2918.379558 2556.664603 1661.674446 3703.572059 3552.054329 3368.30153 2668.006059 2671.881784 2679.33054 3630.500055 4431.234194 4847.376246 2328.922169 1346.378414 4404.67313 3479.904164 3604.932949 2146.526938 2641.396557 2925.990333 5573.252421 2433.356686 2007.636626 90.28835941 2347.759427 3344.345858 3793.809287 0.000883857592 3640.19193 3004.569308 4461.259779 2592.598871 6.535798121e-07 2659.341869 3309.600856 2761.232629 2120.852697 2586.6419 3360.677274 3579.360119 1.674197528e-90 2603.467655 3269.285144 4912.964153 3.088819248e-06 2689.766245 2651.304952 3689.946401 4852.482699 2635.724037 4191.243237 3105.261469 3701.794342 2692.609838 3367.094187 4420.920744 1876.415394 3227.143349 3831.069306 2578.866599 3603.845021 0.005165493232 105.322744 3386.024519 3.673023986e-34 2815.414856 2664.167422 4494.386188 2709.73716 2353.851841 2.688071724e-33 3789.328905 3094.525147 3757.950129 2.128520313e-08 
5017.48079 5114.917797 1637.415209 2956.93855 3645.051451 0.0001015575924 2908.435061 1.712325948 1.351544177e-05 3668.183638 2619.648108 2649.822913 7.562785089e-10 3671.543223 3615.295363 2786.375836 317.255214 2228.359313 3621.774778 437.2547194 4502.586934 4105.377322 3775.495613 2629.218956 1550.78886 2686.507555 1361.743484 0.09517590389 2621.594745 3436.509594 20.24251249 2768.93414 3672.259002 4.068377465e-12 5111.439941 2609.880795 12.86184094 158.3703662 5405.376694 5041.006636 2571.623642 2.539605308 917.9381856 2650.673703 2568.181104 2618.096921 2481.187998 4874.42138 71.52056131 37.1205602 2594.891131 4322.421227 3579.09662 2463.46483 6509.031258 3023.804823 3611.087816 2541.280675 3654.697339 3471.142077 4741.434829 3487.733764 2608.232491 3616.719765 3397.036326 3297.490066 2644.134046 3887.83735 2794.915988 2651.681853 2408.532881 4775.856527 2443.001339 2874.724184 1.085210852e-12 2812.455781 3302.529096 4248.76539 3730.645524 2294.342647 326.1690901 2658.726582 2786.436288 2828.511202 1.058762648e-14 2651.446388 4387.069581 3400.491567 4404.928202 8.930351819e-14 2745.173359 0.01633123646 3713.268296 4.538561909e-36 2692.779758 6.281607611e-10 0.7379610505 0.03095032816 1537.094174 0.1744513473 
2.244916906e-14 4378.502724 2310.369329 3511.383008 2805.475237 2609.662192 2234.976248 14.92468772 36.61294296 2825.875382 3757.249282 2722.307602 2797.299042 6.602486444e-19 3445.481642 1.401777848e-06 3644.120537 5.052078121e-13 3967.341504 2435.585042 4050.048014 3591.979837 2305.128048 4165.868147 2733.346697 2639.541455 2636.2554 5132.953599 0.7047786812 2604.043588 2634.072281 2854.43366 5149.083162 2403.589806 2544.746096 3387.978031 4467.129178 2712.790701 2569.481197 2763.176229 44.10567908 1.38527912e-22 2653.152435 4173.082983 1.547549274 2477.66223 2616.191684 2.382767739e-13 2768.44975 1.1498131e-27 3976.60161 2559.568714 401.3194098 6.996654961e-13 3629.155725 4570.578739 585.0318469 4454.355606 3308.462574 2.874788206e-10 1341.908926 21.21460219 3614.853181 2.716971694e-10 3689.185753 3700.334308 3493.654041 3976.397439 2943.633304 3596.424452 264.2974721 2.313694698e-31 2739.535144 4482.610346 253.0912919 4911.957848 1361.169826 2615.221331 5120.230922 3704.124835 737.5182598 1729.979327 2570.721502 2975.354608 3411.120259 3.154131797e-22 67.37297989 2895.395867 3225.674497 42.46354273 2714.143257 89.70436441 2644.722494 0.0006335903854 0.009226981807 24.5481083 3704.381797 711.4783756 3417.681045 2203.299767 
2494.095014 2896.529922 4464.888481 4251.248863 2779.535137 1543.023509 3469.888619 4153.163305 2699.37818 2998.333144 11.18393002 127.730746 3822.401423 4245.565352 3671.967514 4226.352578 2541.633402 1.552439001e-33 4437.860593 1.432675283e-09 2840.564762 3506.844409 2680.029672 2858.423662 2995.282304 4906.128749 4035.976322 3550.432901 3173.390239 140.2623361 1766.934331 3451.279392 3707.643102 2781.285077 0.001913909743 4.07568439e-10 4425.330698 4152.552871 4.551123501e-10 66.20057855 4720.686918 2538.268798 0.2579085273 40.35057249 2617.655343 2656.482892 4130.61285 1.706114551e-14 2711.50564 3439.48314 3464.703733 4924.092403 4665.897401 2502.063916 4534.628982 2577.711561 3185.989513 3544.513981 1.990078643 2600.635083 3088.898441 2613.97014 3199.427154 2907.721487 2692.793038 3725.264462 229.357188 4081.345274 4182.407031 4269.398747 4070.031497 3457.823254 3653.103706 4320.491798 3454.763493 123.0784821 2521.113814 3973.309707 2599.078866 3494.67699 3761.248814 2656.44955 596.5052502 3746.194658 1374.534026 2222.435893 161.9869685 2651.659725 4.07060435e-21 3906.1091 1.205481889e-83 3035.506605 2719.534417 332.2153997 2857.528158 3077.091745 4632.325848 4127.069754 3.671243031 2836.086566 
2727.671375 3682.74879 9.014910741 0.1387093086 4536.326866 2615.393822 2.288569326 2922.239841 3690.290168 0.0008570688896 2891.631262 2217.580891 4323.152793 2319.499815 3964.223555 3312.415619 2665.663626 1698.870719 3329.320358 3950.905212 0.1959344135 3848.099998 4678.375825 2805.512744 5752.72111 51.25640621 3702.11428 4308.826603 0.3422373081 1078.710117 2761.298094 2585.10061 4391.906421 3595.745618 1765.376622 1228.095486 4209.858087 2659.109092 4.422852254e-13 4324.596317 2654.726831 2703.358546 1154.444539 3645.989345 2596.765587 4090.24072 24.41518976 2003.415078 2575.814366 1472.68735 3300.026287 5.328937122e-22 5079.222636 3822.673712 1927.261872 2652.621763 2338.431324 4333.638184 2664.150024 3496.965176 195.680748 3724.68657 2786.944699 2116.414008 2571.888304 36.08083519 3412.267802 4737.597128 2637.95496 1520.832027 242.5804912 2.938545095e-09 3502.306587 2125.596389 2684.472711 2627.554671 1963.621914 2724.497954 4.237951918e-154 4.555931426e-30 69.4346198 3365.271166 2576.384813 4813.921683 3157.013648 7.113257008e-10 26.31926839 2672.142363 3739.914722 1394.90345 2983.004802 0.0006087878152 6.189541858e-112 2717.207083 2504.006649 60.03841093 2772.967252 3696.486459 1661.061096 2812.279161 
1.432831373e-14 3748.828792 114.9174483 3050.273722 3214.989565 3218.202274 2787.292617 4443.323959 2710.568622 3867.231112 1.615080557 1.802226199 2690.228594 3790.458635 2742.714301 2.530827437e-06 4493.376203 3210.94152 2304.563807 3564.8922 2621.428587 3874.544151 2270.228144 2719.653374 2614.56263 3641.556932 0.01583220427 3492.689909 160.3817063 3417.043327 3721.596813 218.6468811 5.536815166 4953.816059 4402.639537 3972.361055 2506.263616 3637.278718 0.01000609656 2761.464151 3723.647524 4401.260791 2525.638399 2543.691332 715.2891107 2604.661064 746.883799 3365.438371 4345.509648 3453.529932 2930.762157 2493.504225 3392.933001 4740.347581 2574.190042 33.05864981 1.166301397e-11 666.400241 1686.596264 0.2720083469 4120.464302 3547.580624 3263.273636 2.661304297e-20 2975.414373 4404.438171 2266.54245 1860.782947 2643.819671 4113.248528 2298.640262 6.862007767e-14 2860.985191 4154.476623 2517.537844 2625.525241 4631.326853 2.357206965e-16 2422.715634 1.01657168e-21 2653.97846 2712.892369 2615.80288 1898.545886 2746.262626 2690.090613 1536.496592 3696.972386 2760.170138 4503.823173 3059.656 0.4188559785 181.2455799 2710.357104 1.961662028e-18 4.948462897e-87 1.181864056e-25 1.19004225e-18 3669.849668 2679.349496 
1.116193717 2730.034113 2810.727597 4179.320319 4441.268395 4537.887167 6.576536539e-43 2.075969545e-26 2761.41311 2779.307958 4523.710492 2664.922706 8.335741126e-10 3666.320725 2.354583791 3764.204522 5.055338699e-17 3690.114914 1257.773573 1707.769388 2666.694596 3532.18433 3461.062452 3632.212784 2.131170079 3430.42971 2632.469766 3603.416902 1039.03713 5891.275405 1539.470512 3568.163921 2369.018825 3795.797737 1764.173136 2862.592814 3722.377536 2564.790569 22.59744094 2888.531031 4507.766566 4479.504718 2642.217594 4047.288863 1357.636069 67.57952185 3599.261426 2614.554456 3744.813232 1927.80142 3607.180982 80.45501667 13.09891534 1.987042307e-19 7.265632469 3364.724307 2257.808076 3150.813566 2731.127631 3410.656006 4193.650106 3681.002038 2484.804076 2544.271163 3.71720622e-21 2561.095943 2905.665114 2595.609988 3.987475773 1870.460985 2528.425349 2825.898907 1623.493326 3723.578967 2409.300685 2717.589125 3380.464422 1.63182343 146.4793076 4244.353873 4271.324023 4500.073278 4631.023815 3506.388353 3780.202374 2981.721538 2705.512778 2698.964786 2646.735404 2230.222913 3643.18207 2603.763477 3362.070841 9.193880986e-17 3367.67306 3.434809511e-05 4968.175985 2673.890836 1.403406462e-09 3942.844542 
2836.664373 3808.360711 2690.797401 3022.596313 2651.817644 8.812079068e-26 3337.235316 2.608428957e-05 2546.003717 3727.787224 5590.875283 2832.505136 2744.650996 4167.125122 3560.289952 2685.956783 4510.841377 6478.395031 4567.812372 2701.833589 2643.958732 0.0007304280801 3767.319679 4343.960861 2531.670542 31.03069884 0.7047618419 3623.726263 0.000584932486 1877.827878 2614.605052 2707.204633 4348.591945 2593.859222 2589.569085 2250.226359 3022.821261 3555.412706 2816.738211 5.363775163e-06 3682.079578 2747.077038 2120.60549 2844.074571 0.02488360064 2615.036092 3334.728244 4347.194039 3708.67497 4070.217679 3.472826303e-07 3639.262864 0.0001109141378 3432.491656 4990.835892 3864.601669 2573.157417 3417.975047 3677.86995 2760.408743 4.508157227e-10 2820.996134 0.000780531322 2229.215821 2707.990674 3749.716494 4673.161259 2389.276947 5304.91273 1.877563564e-06 1.707479132e-16 2229.076856 2.994951529e-41 4485.366218 369.2526926 2576.049732 2551.739158 3109.201038 3.684334127e-169 3617.794742 1.367136646e-10 2703.030519 2728.166345 3078.839845 4.902036093 4224.971431 3728.953923 2237.974426 3678.367716 2464.151289 2005.358936 1971.388646 1645.56547 2849.575258 1810.48007 1.287147401e-10 2661.392572 2186.337688 2784.315089 556.4652136 
1.415834361e-39 3.393584847e-06 14.34147186 2646.906846 1.46125745 4453.658401 2.400577297e-15 2670.980632 1.050549815e-24 3294.537251 3.274804163 239.2307376 3793.177357 3677.824205 7.644610437e-11 0.4488999586 4487.001689 2035.905748 0.00036073516 2432.484577 2590.646731 4353.695245 2553.640226 3374.020864 2714.950767 3768.394314 3682.320549 5.66314288 2654.934131 0.05976453587 0.01074619077 0.0001160487953 3313.586031 3433.722805 1219.789135 4207.460242 2779.584849 6.512645161e-20 74.24687804 2866.260118 3423.673026 4167.570184 146.7488007 3855.931785 3388.868709 2576.276167 3716.344213 4041.167662 24.8662261 3440.999544 5038.729229 0.4734733247 2588.198388 2480.426304 2301.903413 4368.031186 0.006357168546 4817.487421 2634.564758 3658.305154 2606.746137 3698.720741 457.0724848 3569.322907 66.54046308 3667.584256 126.2488281 2581.429538 3402.954511 2634.720355 3452.528812 4237.759678 1819.823927 2610.970242 2694.307194 2618.048263 3384.890165 3447.214177 3728.853393 14.30786843 3393.376947 3706.509227 3728.822109 3769.562827 4821.643506 2736.761205 2549.721846 2804.429044 2854.259112 3037.044813 2794.232554 134.3583273 0.02997284795 2700.862088 650.0964491 3642.768386 3571.240899 3323.034252 2.709717711e-05 3.029272163e-160 
2803.183364 2750.026076 3801.06631 0.03583105595 1.325526016e-10 4.400896732e-14 2864.187316 2748.652397 3025.692094 2742.751764 3615.023018 6.101474868e-19 2623.057219 2773.849699 2859.240007 2746.58293 17.70154541 2466.425115 0.0100552634 61.34734306 3332.70275 3417.415825 4856.632204 717.934187 649.5997973 4365.345148 0.00165975532 5.302530042e-08 0.09708140303 3970.83559 763.4518225 3662.488596 0.04146098931 2310.178074 1.664489423e-13 1.45633124e-05 2695.316429 3594.571989 271.1898748 1.022738378e-40 3614.311149 2648.415045 150.9856121 3558.188531 1.163139733e-26 3502.296236 3006.300262 4548.706167 2.997105571e-19 2565.554034 0.1220425767 5614.445432 2688.161069 1798.704685 4459.200918 4426.019939 2660.235308 4.30937816e-07 3511.264395 3.603336273 4648.059709 1.375297629e-14 1894.426182 3604.892287 4365.191305 3488.731992 0.6186438445 2937.847014 2609.470844 4448.305825 4127.754449 2740.062567 3403.243654 2975.3951 2723.433951 262.6238678 2755.739839 2571.708863 334.3276313 425.585857 3.389291326e-12 3944.360662 4477.955653 3298.52648 2354.971775 2582.941652 3091.825138 2205.798244 2856.497295 3003.249918 1.090046705e-10 2653.847412 2519.059622 2773.58628 3758.368912 2479.161987 3184.383286 3839.058208 2676.104569 2843.372121 
2671.467991 2614.006236 1.27885335e-05 0.03270652209 3.265216788e-09 2745.849067 2704.46866 2877.902653 2494.347689 3648.961766 3762.056468 2784.670396 136.9741308 2526.701373 2471.037921 2572.08247 3176.256014 4872.021045 2720.116977 3850.484795 2877.947407 3417.717714 3622.585557 2916.973096 1.697881489 3585.334267 2699.605866 3634.423754 2516.940037 2138.218632 2720.345506 2527.210366 3734.601981 3342.765657 3562.92053 3474.316215 3237.778021 2536.44817 3612.61703 3562.537689 1860.995697 212.4944952 2897.954891 3749.122655 3537.332998 3203.514355 4160.245194 4.558409648e-24 310.5726723 2627.641983 3728.868355 4093.798944 4277.890731 5298.456627 4465.960779 9.127179263e-26 167.8188572 2.083384433 217.0657511 16.41969229 3753.223362 4448.918202 3225.747228 0.3149348694 3354.40633 2034.643747 2640.215044 2564.285175 4.116961128 4909.774037 2114.744434 974.4951812 0.000312700512 2459.976932 4538.071369 0.01113607488 4431.745779 3633.033382 322.6150671 3662.316047 4369.306963 2749.191657 193.5597731 3232.960019 4236.864248 3645.69835 3378.060133 3726.533908 3303.887617 1980.013959 3078.124924 2705.883222 3339.396276 2948.878127 2660.604348 7.961397065e-68 2691.541279 2882.326652 2696.436706 2941.514552 
6.508414412e-150 3.468827443e-06 3.68530231e-24 2764.927628 2567.629538 2880.949297 2417.718484 2866.664166 2813.780499 2339.63265 3338.919819 1943.915181 1.597995879e-07 2816.385142 4402.483007 2631.768918 1.05133698 2917.558024 3377.777503 2688.980776 2800.663013 2913.529048 3236.762406 2665.68607 2626.267297 3340.879303 3.910084288 3544.773915 5.16438897 2248.857836 3668.398951 4494.455585 1935.47699 4.775571412e-14 3576.82066 3388.499114 2629.273752 10.59563067 50.6514028 7.794134034e-93 3391.814511 2325.367512 3175.239127 194.920114 7.18798395e-07 210.3460038 4328.396838 2641.396777 26.29372057 2573.032356 4754.6869 4841.503098 3779.060028 2573.885843 1967.553852 3602.998263 5080.088574 3306.888432 1999.503995 2597.732976 3672.29043 4167.200926 2442.415596 3586.097838 3437.535752 3023.861808 4481.079745 3788.894127 3658.336167 2599.324213 251.5028255 2794.802034 4462.412805 11.87350831 0.7415013612 2644.678868 2731.728057 3432.34057 1113.720219 71.07643636 194.4261267 4348.614044 5066.328601 3879.955665 4.86645276e-26 382.7418142 3691.639733 45.59971222 7.268659507e-05 4241.706061 78.66597082 0.0007652710207 1.49642899e-42 2486.040235 5.62369817e-20 3808.712227 2227.765133 1228.302841 2741.784391 4.857427075e-149 
3575.502779 2447.541857 3705.538601 2586.922104 2838.212778 2757.633384 2629.40327 2299.596084 3886.906085 3749.81541 3711.996772 8.19658264 2065.21721 2494.380612 3734.647511 2700.743088 5042.609474 3382.059243 427.4516141 14.52092784 4237.085688 0.03129986584 2793.356758 2663.579761 2029.545373 2369.867282 2604.87478 2609.162602 2588.70307 5075.682546 3625.505255 3233.410537 2776.779908 2354.897562 2435.374393 3594.196296 5364.656548 3858.95343 2533.350869 2637.047753 3311.867411 3556.351229 5546.970121 2579.899091 3485.541855 2621.574515 2399.747316 0.01394786586 0.000380936117 4368.545576 2696.328051 33.35456146 2800.872771 29.69559039 4380.359201 2546.771876 3606.623593 2593.20683 2731.019472 4215.342489 2.546301155e-12 5.500992977 2949.100192 2635.825928 4178.453766 2345.182665 5085.885627 3702.889071 2197.254837 2093.358082 2.872152914 4307.05129 3180.746394 2656.110963 2886.405672 16.07956931 44.54950849 0.0006618061007 2605.638487 3472.257168 2568.984684 3231.360344 4490.962179 3061.293025 1887.543315 7.776034467e-94 4888.18351 2734.512308 2684.852863 2.581764039e-14 3364.640312 0 2.289618684e-17 1.313964316e-148 635.209579 5.066670019e-05 284.0981153 1.188870526e-08 2.182251361e-17 3.801222078e-37 
3776.62392 3.248624088e-39 2632.687996 3998.067564 4.172102162e-12 2747.563316 0.009985484772 2609.731364 0.0005514376833 2632.792921 2751.658232 2681.146485 3444.227133 2.915334483 2807.255777 2560.600991 2618.691903 4601.733446 2437.070397 1019.348293 4.14897668 4771.590139 0.01965707639 2597.246401 2684.540582 3121.81389 3543.47371 2.633955201e-06 6.389266611 3650.627335 2917.742629 2615.884835 3699.467575 2447.659134 42.96642978 3605.410273 2658.73844 2691.622448 4443.780205 2644.083637 4270.158462 1.067450498 2580.765602 3224.599782 79.20499261 3558.017988 3474.472263 1.967184378e-17 4020.643095 4990.941756 3693.600363 50.48262674 3479.255901 2893.96358 4813.382969 3672.811822 2604.782529 3068.481408 14.49120273 138.5717569 3390.035162 2734.145452 35.82302603 2601.350981 3498.281858 2862.272218 3666.558939 151.9353985 3122.89568 1.412200442e-07 7.527145914 3887.754197 3312.963596 2222.632266 4616.231487 3677.048955 4447.398885 2628.868223 4603.411307 2614.973922 139.8999678 3400.834316 2640.930885 2127.047348 3670.05157 2787.622822 0 2617.744429 3250.678867 3576.358271 3052.466165 2778.107353 3687.185423 2814.661292 1762.276307 2607.64736 3299.196366 2829.763794 1682.147607 801.2360156 
2736.496451 3783.310381 4833.009558 2053.787003 3754.67392 2777.97068 3685.239619 2.114368636e-16 4256.836873 4395.850643 4263.019752 2664.096223 3567.232414 2566.193637 0.1242379882 2440.457997 2867.73853 3651.412367 2735.655602 4429.445625 2656.075451 0.2018010981 4022.100663 2834.088928 3471.07412 2801.615614 0.003525067324 5.348517113e-15 3110.817892 7.459454566 3741.352278 4236.375898 737.4185842 3633.042508 4579.547634 3382.964426 0.95525852 4172.427747 3697.899401 2464.473151 1.023207064e-54 21.84750716 2677.120585 0.03209235736 4247.298074 6.175168335 143.4825501 2651.805947 1941.74452 0.0001774444398 3628.820696 2.048381066e-36 3609.250588 3225.33745 695.6440144 3753.026543 659.4615749 2703.582116 2198.335147 4051.571456 2.471725085 3155.125485 184.2239824 2642.262425 2533.827275 4771.695001 3535.628979 0.02513498498 4035.660557 2457.619917 3661.467021 3627.855517 2.291011304e-09 4497.397931 2390.456053 2666.875591 3435.922658 3.167162167e-29 2687.350486 4443.058655 2599.495757 4437.750178 2628.481658 4753.397736 2.426728396e-44 3353.401802 0 1580.227056 4225.094869 2.730185405 3097.745847 1950.352116 2152.873106 8.913379887e-11 2589.760055 238.1747157 4706.6376 2082.806666 3323.702963 3756.472533 
3652.18847 54.37874142 2296.187467 4362.893173 3264.568208 2.31638889e-141 24.52301871 2693.348745 3375.752648 3658.336618 0.01791193982 4495.594257 2543.220942 3.968007846e-10 19.07638398 2140.002934 4280.82105 0.04766044359 2148.494443 3811.941475 3616.962512 3054.947354 1.318053827e-30 4789.449985 3689.65769 2734.109587 3723.923844 4600.103215 2682.806654 2694.672267 5.175000774 2716.093704 2613.581377 2511.522425 2306.24383 15.54888234 4632.495439 1543.143451 3307.997601 497.5285997 4308.937409 2026.579623 2775.983322 3600.151084 3355.282936 2.11243032 1964.546572 3964.988356 3647.191995 3635.702048 4425.141388 4997.391154 3456.854902 3730.284992 3771.921039 2672.756179 2596.975665 2133.012025 2623.466235 0.002624317874 2610.113009 2711.672495 2640.277134 0.002798459999 9.570513546e-24 2541.478769 2612.448937 2656.894178 0.6157890051 3410.59452 4450.530349 311.6165478 217.8970625 2.919946543 1705.821395 3797.564457 1257.746008 2984.7612 2869.422187 2653.764546 613.5994823 2675.189908 4176.614014 5043.578001 4041.788527 1902.489651 2802.216845 2737.49261 3925.872295 0.007345075454 3613.757106 2611.306198 1785.508274 1.043472743e-54 2559.174485 4400.908758 2.889762686e-24 8.938776047 1836.190662 2845.799653 
3761.897869 1.406839962e-62 3697.690325 0.005763619015 7.376335978e-22 2911.724193 821.1271443 3720.468878 3417.450323 3640.726204 2860.539322 4289.001213 2868.273892 2646.302212 2692.523794 4342.536686 2550.330023 3.071980683e-42 4119.655169 3584.653327 3573.827326 0.002901342465 6.186452644e-12 2476.067815 3644.161044 3971.907 4374.182239 2623.765754 2249.65209 3427.509288 4433.5643 2589.345859 3594.413527 2841.593169 2064.266949 2430.748099 3469.957935 86.12764209 1702.66072 5542.860987 2587.064228 2772.377568 3056.695532 3532.982595 3329.663902 3390.2452 2592.395474 4958.253523 4605.549352 4829.771902 3496.902583 0.2559788333 3273.51261 2524.168332 3529.618569 26.88419473 2729.180578 5.437232183e-08 2510.316561 2715.487965 3370.37997 3677.113658 4010.037125 2026.746936 9.584483867e-14 2672.549114 2628.611106 3496.618528 3726.797234 3592.89298 2471.54195 2586.162492 1.339865007 1.488334813e-08 2946.989307 2455.920305 3748.181228 0.9211118928 893.235764 2938.953231 3075.746111 4477.784135 5.665440037 2803.930485 3770.611396 3639.391486 3205.44083 2616.231642 2729.511878 2.972635042e-10 2460.898473 2250.726702 3170.060767 3707.56943 3025.95534 0.0001893426481 4500.71447 5.609590506 4.746673183e-119 1928.02966 
3058.498672 2773.911763 2903.097619 89.16325009 0.2283110678 2487.232307 2681.761481 3543.842847 3.591833874e-17 0.00119905029 3632.11285 4231.942874 200.9016576 1.449206178e-46 27.7119052 4.40540651 1365.626158 2678.083038 4479.033042 4352.09369 3256.287938 2583.584264 2683.642321 3433.060706 2595.08176 4312.034745 1.396471684e-14 3957.511819 2427.817386 4503.257494 4.70951486e-22 1536.287602 6.366390819 4512.441086 2717.265577 3300.3053 4015.45798 140.2177336 2604.93397 2950.07219 160.3192289 2922.176111 2694.907344 3385.001067 4275.681749 4333.870367 2832.637829 2400.426225 3650.522126 2506.227228 4395.692314 2611.782208 3686.361758 2452.003029 3677.837811 3642.21253 3697.35181 1438.557138 35.40713334 2279.519126 1.632050394 2582.246902 2688.686121 54.27711057 4331.0801 2658.797692 3401.600635 2193.060759 3694.256399 2532.797341 3183.819797 4245.918082 3319.742447 3608.146369 3559.503567 0.003296172372 3353.749922 3668.471437 3365.74075 2626.171846 411.8618096 2914.887577 3528.884501 3474.188177 2708.010416 1712.414516 1.250894967e-07 7.349895894e-47 255.0006003 0.1020032518 2716.624054 13.81965716 3424.579478 3292.543674 5.282540831e-10 2052.787226 2719.346656 0.000226411031 1543.350437 2651.912415 
3.596454466 3721.066303 2005.818612 478.0023457 3417.554502 3170.780811 3.845881002e-19 3626.936926 9.359878342 2289.109946 2859.259016 2649.349001 2656.230468 6.672250134e-17 2.22358518e-56 3708.66161 4522.822716 5.340280883e-09 1467.64814 6.806362338e-51 5662.499956 3549.014243 3634.875078 3582.778269 253.2631937 3431.730692 40.41814918 2663.233836 3660.612868 1319.987736 4105.725887 3807.158433 228.4914062 3694.034257 1868.710511 2662.830588 2.958846818e-06 123.2328019 0.2107320379 3672.645395 3658.044753 0.009559890314 2870.548652 2664.599586 4046.788869 3668.840431 3629.604028 4353.851404 3211.152656 1865.543231 3674.350907 2569.831224 4820.767114 27.05635961 235.6571332 2646.76383 3804.872503 5613.202161 313.4958063 2717.91657 2.117424227e-41 3713.50827 9.131646508 2630.043826 2309.307667 771.6306132 428.325079 2567.445143 4608.309766 2627.970191 218.6905655 2599.216494 86.89569142 4404.54184 3530.88111 2719.669055 100.3971252 3002.209714 3450.493347 7.431282009e-05 3314.282351 4248.769129 2.95389674e-25 192.1329518 2901.561657 4485.750771 2991.953725 4679.924545 2648.38975 2592.911494 1.581495812e-06 2949.968907 2901.92528 4451.108965 3475.007286 2760.375736 2038.018602 2630.184538 3478.535333 3344.528765 
3758.687932 3596.800857 2669.694622 295.4734992 2961.105268 0 2635.491219 12.06540337 3271.264773 2655.300764 2337.799142 61.76818348 2866.383426 0.0013679449 2573.222066 3071.026236 4639.34951 3208.386034 0.08851535833 1871.605106 3633.956399 6.616009039 3224.207988 2745.362933 2704.997663 2630.231841 3.692585999e-09 4410.520408 8.31402182e-44 2527.492273 2355.348571 2690.678292 5015.196824 0.1225869702 284.4141268 2109.712827 2676.917118 3120.920195 2673.640607 2589.377564 3622.089963 14.64522726 3635.029657 7.880013546e-09 2749.649469 3683.177365 2682.936695 0.02630958414 3723.648525 3.696925465e-06 5.99878657e-10 10.21298245 2.028604922e-18 2590.058855 3326.431725 4994.760259 3539.516439 0.0005196669926 7.971025349e-05 3287.175142 4182.582901 2564.741023 3602.466969 1930.718229 2671.701862 0.08488806264 2984.332867 359.6090912 2081.960665 3603.102354 226.5975521 292.6392235 2604.680531 2691.53357 1630.830901 2.844486964e-44 3269.674607 4606.483097 2842.987797 2656.197348 2727.459796 4525.606696 2849.468493 2047.7055 3898.499509 3409.076835 2863.147255 13.52838631 2731.976362 0.6617254339 2786.487463 2422.745555 33.83887349 2708.710034 2739.316905 3.038567862e-05 2756.757714 6.435927759e-06 10.61088214 0.007864977149 
3733.546546 3672.718948 45.32966086 2591.055227 1756.947834 3753.683466 1.187842176 0.005993792372 2980.54596 0.0003197433539 1.938590145e-06 3814.863283 3508.51052 3366.704417 3546.550192 3555.396494 1810.553465 3790.039407 4001.468892 3418.119515 4453.741514 3870.349872 2678.195938 1206.463051 11.34036062 2663.709614 30.8911779 2017.18183 2284.87033 4449.768582 2574.337448 2506.508827 205.1271254 2572.926671 95.78664382 1991.670419 17.98362895 2335.040406 2365.911916 4924.673583 7.187875653e-05 4987.140704 2806.112201 4437.567155 2163.73476 17.35177648 4348.565683 2602.404137 25.45173672 2991.336891 1.316229263e-05 2319.660704 2579.42652 5073.932864 2646.625585 2642.299695 4542.893522 3251.470048 2748.617453 4250.604254 1752.994257 2406.260139 1010.673528 5.025922136 4763.353907 4.526061666e-88 4966.182718 3799.988037 2685.967043 2612.926066 277.8739698 2864.022908 2658.507186 0.000680972218 3112.733245 235.4657496 2.449290975e-13 2668.231479 2777.276293 2525.407854 184.1797684 1.392728641e-06 2768.449302 2641.663554 4226.434994 2794.052625 4255.708109 2556.065592 3365.128542 2753.92564 112.5305903 2678.218253 3707.822456 2248.258611 2732.03219 1603.173612 5.319458145e-86 2508.567497 3.888879506e-21 1.423429785e-07 
2857.234135 0.002225460936 2.165579112e-10 3134.613541 2351.266783 2.666473885e-11 3491.469926 2654.561568 3530.315261 2546.184953 1983.826682 3467.210801 14.84355049 2643.395818 3795.253405 4321.644667 3300.641347 2666.478795 4455.493993 31.02995761 3640.97689 3661.802201 3231.382913 2443.997956 2869.111328 2617.558023 0.1555865205 332.1519886 2545.188378 2468.567095 2864.479993 3700.062163 4147.638622 4617.564787 2627.423386 2011.203406 2650.013508 2180.684643 2649.310879 1957.013719 3634.379347 4204.197286 2627.963346 4092.988917 2579.967797 242.2262943 2039.292115 2172.642448 80.20655959 2576.663226 8.844556674e-13 3326.230711 2557.909053 1.52750211e-19 2437.671737 191.473979 2909.346282 3192.908834 2961.389175 4447.95975 4096.335111 2707.516472 3563.415839 4457.696855 2681.635806 386.8647684 3694.808506 3615.589645 2664.362232 3650.356548 3680.604447 3.668705604e-25 4461.610311 2445.701252 3223.830022 4212.776749 3538.607898 2717.075462 3298.106103 3664.050767 2502.040763 2437.70305 2725.164225 3196.792557 3756.540881 4.295580793e-11 2678.840808 4403.298759 2.256573576e-11 2679.411244 3138.34408 3629.789704 2636.688463 2698.714322 2439.103146 2914.255196 545.1886507 8.443285575 4300.777059 1.381338294e-49 
6.357800059e-07 4341.252155 2582.547937 3718.827253 1.089516571e-22 59.52288919 2456.477327 1.413031799e-08 7.737092276e-10 1630.178717 4.112950927e-94 3446.548448 3.165231315 3697.919201 3135.015787 2844.56405 3844.386066 2452.339285 2746.246334 4318.471932 2451.544386 3301.437879 2767.766405 0.0121651237 3214.988877 4726.406778 2031.465599 2681.288281 2487.366989 10.26427025 4163.645276 3463.451156 3308.014774 3310.062262 0.01617090962 3232.874143 2622.14819 0.03664050147 2519.457118 2550.136836 3709.210213 2470.665415 3621.642011 2566.087504 2671.867252 2772.680768 161.9882295 2188.900053 2215.103039 3491.77992 2249.283082 3222.12599 3269.347375 4106.799014 3550.746636 4100.550655 2465.095905 27.52511816 5199.027477 3722.315844 5125.410941 2618.053261 2565.653051 4115.815781 2440.169306 617.5750472 56.10621842 3720.469297 4323.205211 2602.900684 3948.186629 2197.845033 3283.079019 3581.669181 2677.548011 3964.418015 3677.1646 1481.194031 4276.069197 2575.741885 2740.573773 3656.925579 2699.050276 3056.550646 3.449379879e-06 2667.798856 0.004890402465 2775.800165 408.585136 3117.896793 2734.226634 3346.357418 1648.949661 2105.672345 2868.76746 0.01030488728 3546.086169 1.556368538e-51 2734.922895 2654.301947 
7.787429179e-09 3336.625033 1.619997925e-06 2742.148253 11.59140066 4419.046633 0 34.67424046 4169.396488 2406.804023 2922.364465 2.767457593e-42 2606.386648 3697.400395 4382.683713 3362.648981 168.5899629 1.516870739e-05 2685.159338 3992.879774 0.0005332854984 2668.708509 4138.300215 3990.179494 4521.426549 2750.188769 2675.341064 2646.268201 2.7601915e-07 4331.810575 5157.218751 3021.146588 3435.816221 222.3817376 1.01425305 55.01510435 3527.161179 2483.030144 2591.137716 366.1151238 4386.629525 103.3418201 2758.080666 5093.198217 4156.664811 3042.575627 2252.845088 2217.344868 96.32513834 2494.550753 2.108497999e-11 4350.853528 2710.605895 138.7813406 3706.10211 5646.5625 8.089448715e-05 2059.939693 3617.037989 3588.087263 3573.496109 206.4103056 2681.335415 366.1345408 4047.17755 2441.329475 33.16947302 9.857494019e-06 2723.23086 5.375001816e-08 82.10217712 2536.970096 2.404486895e-16 5249.78851 3646.897582 727.2354371 2620.696345 4587.361122 4783.643937 3039.496594 2666.228679 2183.825725 4081.034024 8.572707374e-19 8.972828147e-25 3616.69002 332.8453976 2264.546748 2680.668743 6.24237008e-14 4068.859522 2064.893595 0 3992.654948 1.656670616e-21 2654.020767 2.244651632e-15 2639.649755 2494.528073 2177.686169 
1.577376531 4441.633344 6.337022978e-06 3773.322402 1980.730906 1139.164164 1.624759328e-55 1719.207801 3210.617492 0.0002106445461 2598.152679 3723.197254 2816.831281 4127.577613 3588.856271 112.2282877 530.0222921 3579.793464 2147.587228 3800.614349 3.140847297 2655.433287 1144.915712 2.48767606e-12 2690.429194 0.09051906751 5.650766392e-09 2.10222309e-07 5.134935772 2949.657302 5.488631263e-12 4039.796899 2490.945384 3617.059984 4300.49808 4135.188181 3266.046063 2611.095075 18.54199606 3296.605932 2.968509379e-19 3920.913556 2607.723608 4.106267791e-14 0.01022011684 3455.319319 2732.236284 4349.413651 2737.697965 2660.115799 53.86545886 305.9919605 3822.508336 2304.783335 3058.347272 2603.871692 3446.405901 1.543966532e-07 2900.410357 1981.586933 0.04903210646 3636.706128 4314.984799 166.9078554 3719.005432 4213.721237 2568.439913 0.0169104941 2589.808845 0.001046246253 2720.794982 3669.524458 4445.53859 2623.287927 3614.958803 2610.958852 3185.877144 4574.951383 3378.002457 4467.835082 3019.537027 3667.551985 2709.170288 2822.388497 0.01480897827 4298.419748 2283.211517 3669.357558 2707.767534 2810.103566 1475.812524 3597.244865 3376.176981 3494.218447 1.391269447e-41 1.929126901e-23 47.72036311 3118.544968 1706.733958 9.227883631e-07 
2486.668994 0.6456755714 0 2749.533992 2857.852974 0.000181270877 2875.000635 2.767229767e-12 59.97992842 3003.826826 0 3772.579587 3542.996026 959.4503841 1360.406153 2675.7989 1946.773956 3022.065215 501.5244529 5025.984628 2622.390191 4072.092333 0.1569131916 2475.76822 2673.47776 3763.641074 2582.917244 3682.859267 3777.347116 2375.069457 2580.501102 4880.541296 2848.68675 3514.388341 4006.949171 4404.241799 8.134218436e-10 1483.717484 4382.939003 4255.871263 2338.651912 200.4504643 0.009928355226 2296.851218 2263.593949 2977.949553 5039.013119 2567.116742 2947.773603 4116.073516 2270.51546 2589.286785 3378.187418 0.07697940462 127.2857996 2426.411688 4.52997348 3000.62402 1760.813005 183.8305547 3406.944563 3557.648154 3713.591697 4365.334289 1140.995548 3117.913553 0.01177380866 0.03094925188 3591.479826 155.3052165 4014.790926 2703.506101 2150.483325 4041.287927 2728.316127 2613.504035 0.002815524783 3473.693785 2738.346767 2634.561229 5096.270215 2909.95261 3938.943807 3589.875263 2213.438844 3354.1881 4534.077274 1.803688189e-20 3654.559146 2.592656519e-05 0.0002830050938 2719.788859 2784.489944 2467.683962 2226.646622 2689.115414 3626.096955 4.267776168e-66 3734.707712 1.674981422e-17 
6.813475558e-24 1.167525721e-06 2471.576677 3070.436207 2749.539501 2207.884354 1.482776766e-36 3.012903056e-09 2377.610645 2786.890361 3807.079761 2.748436929e-13 2107.643053 4461.758893 3003.358194 5546.725553 0.03432756695 3291.601183 2855.165055 2627.746227 2758.429875 3026.334838 5345.757608 2820.776699 1.923499596e-06 3108.16559 2235.520059 2606.130566 3472.777912 3649.642056 2546.572467 2612.306593 2662.421422 0.03582123257 5743.428156 17.43971285 3276.198029 4263.86358 400.7427955 2585.868844 2578.709084 3786.654953 2652.020138 3716.459709 2309.907614 2621.660619 2585.790495 3101.485773 4285.848223 3533.318345 1405.457806 0.1203489552 2652.390161 2640.805464 4109.904996 3755.091145 3.808674879e-12 5.00653665 2619.040601 3724.405568 3576.523502 3565.744227 2382.806736 2614.043856 2171.966985 4076.089592 2678.354251 2214.550622 0.4693278654 1778.935395 2427.90855 5233.376288 3773.989526 3898.444714 3003.992991 2618.689314 2253.858303 2625.45739 3458.985508 3793.522294 3534.669579 3520.170561 9.63852309e-18 4842.580908 3000.94685 1842.261259 6.634793077e-28 3087.250478 3921.212759 2.779747782 3266.741176 1.0031114e-10 0.0001674195493 440.4815247 1801.852988 2711.145533 0.0001206984032 2718.55177 3064.707219 3638.901699 
7.304104619e-115 4217.081054 0.005583845125 9.707162889e-10 2969.800158 3577.222935 1540.412542 2411.895214 1.04172653e-17 2679.984559 3942.488982 2721.351405 2811.092839 0 4532.767144 2346.819831 3108.018631 4167.505818 0.002942491397 3297.631947 3574.045369 0.0707961968 2352.66209 2763.434285 5348.450771 4445.567268 134.1874749 3643.234992 9.793650361e-16 4227.640419 0.001134567046 2425.156454 3648.093397 3413.024234 2796.126653 0.0001908476404 2923.60683 3.915494093e-10 3384.515227 458.0562154 4609.790869 3593.592308 49.63158805 3541.612021 0.01647261569 4261.656242 3570.047944 3653.251927 5168.98045 4196.619463 2678.640808 3824.043598 2695.782601 2024.676344 2763.062252 2628.090128 3618.959112 4087.093255 2338.867177 1738.73645 3400.653346 4495.068016 3620.580395 2272.360053 0.007293726825 1676.124523 3673.903749 70.5920295 4422.736044 9.954751683e-20 3961.822296 2023.670071 4583.626457 3846.5876 3499.397408 3689.112552 3139.377886 1615.683973 3664.246076 4388.539616 3032.802978 2685.743964 0.0001906855341 1.336608798e-06 2601.995071 2787.90343 2721.987707 2081.215095 2.462469361e-11 2630.856674 74.5227803 92.76326151 2534.253202 5.117926915e-27 3854.755296 67.55548924 3221.474538 2609.49903 3406.242034 3.586276378e-128 
0.0004110144214 1.598621362e-06 2749.939674 2779.101772 2459.465582 3551.929829 2750.570691 3037.000329 3737.865281 2666.560088 3675.593363 1951.360227 95.23980368 4322.073641 1680.007 2437.730348 2667.016112 1.528646214e-08 3229.572892 2645.626204 6985.109029 3618.5595 9.641009831e-06 2889.481314 984.7264774 3477.653749 0.1571500877 4344.469471 2682.517241 2443.695993 2404.57516 3309.213275 1.975379095e-06 2717.805779 2660.863102 4397.145296 3457.709631 2717.125272 4154.339073 5075.786402 1821.449672 3663.48536 3729.902889 4261.98625 2657.971043 2400.762458 3885.519389 2566.195297 3513.26588 1.712368893 2666.054734 3643.169441 78.26611461 2692.742544 9.582236507e-18 98.08428152 2673.033456 5394.739957 35.95793146 3.020517073e-17 4.165288847e-07 2574.963984 3612.26211 3.23529269e-12 2643.328113 3678.227807 2581.143983 1.66412987e-06 170.2821053 2.553856549e-05 4457.387224 2575.042091 1322.748367 2379.60276 2773.473723 4983.670542 4142.136079 8.077947044e-15 2615.241258 4434.885718 155.0557757 3606.358042 5613.461756 0.04367182574 5645.285093 3451.496302 6.527490091e-07 4439.071619 2694.759041 4008.944991 4545.600902 2713.84956 936.9668808 1.47436578e-05 2796.962927 1939.705207 1993.601037 5251.612162 2683.460606 2118.949663 
2672.472649 6.867912867 1.180958702e-09 884.3562532 0.128457474 4434.340063 2855.856908 2594.534514 2614.362729 13.31623966 3491.520108 0.4631544354 4496.37805 3828.141138 3510.869846 0 3799.497196 2862.975021 2696.089565 0.08739402072 29.45464191 2826.513636 3543.735918 3510.092853 7.1162698e-07 1791.238783 2977.721213 2558.653914 2649.902952 3657.853274 3134.810963 2678.841364 3014.611165 3389.94362 4313.647602 4103.587681 64.98164852 2451.548253 3618.381598 4930.346796 3969.181394 5580.153504 4989.724498 2630.423201 2629.778477 3214.94536 2152.769103 4158.223381 2436.034881 3712.030419 4904.537222 7.288712663 2438.519596 3354.700669 104.8698257 0.068938425 2615.240191 4772.089001 149.7959263 3490.398155 3486.964687 431.4654581 3189.486213 2515.237206 2528.766983 121.642542 2242.986568 2452.04487 35.36597363 4228.585578 1.930268585 2637.928232 2689.328382 2623.663437 124.0320465 22.32105089 3824.007473 2767.335302 0.3082572898 2615.621368 2142.104586 2513.237355 4950.316114 2677.448342 2.865369145e-33 4.267724166e-12 2960.523442 3882.964534 3735.781728 2713.34426 3700.778206 2527.07958 53.49184767 6.636456306e-07 3563.062766 2.05243113e-07 3603.529943 8.504703874e-05 2096.591989 2912.506719 
2785.974771 4.94369141e-17 2847.15587 4.315037643e-19 5.239393561e-08 2763.355295 31.27985349 2635.119566 2.01288035e-06 2492.956492 1.134910512e-44 3744.085922 158.8185823 5171.832208 4123.899485 3251.835018 3028.779214 56.34384287 5551.220471 3003.359253 2687.528029 3063.051109 7.196719357 20.44456804 5081.086351 3973.655591 4594.375098 1692.470033 2677.321569 3643.037089 2530.722959 3019.921196 2899.066337 4449.578629 8.739395327 3658.149465 7.035118412 2546.138596 2796.076095 2716.298913 4188.705457 0.01254443464 0.0003348985767 5501.502819 3223.831598 2645.073824 4079.629255 2487.001977 4193.534832 3.158625443e-23 0.01515173575 474.4662923 2656.788052 3321.681096 2670.069472 3120.957592 4288.881054 3619.276955 4989.332319 2685.208529 2663.103828 2669.560825 4252.366878 2597.02163 4274.383907 2616.040346 3079.460725 3727.605153 2600.424952 3277.604306 5242.212776 3123.756285 4497.514129 12.28731337 0.0002086453943 1952.945783 3169.953638 8.674450098e-10 2803.163442 4.355663202e-55 3487.709657 2000.892022 3277.039388 1.945388756e-10 3.71389042e-16 4279.836523 2680.947651 2727.43659 367.1709235 3832.214168 2.061604256e-79 2711.409209 2073.570299 0.0005591995304 39.74473719 0.0001040084965 4346.597989 242.9462666 391.7105059 1.346427943e-84 
2955.266501 2677.14634 3699.227887 2888.381463 2557.039454 1.846257323e-61 3458.398402 3249.632209 2658.960591 1.722908044 3387.983677 8.714767466e-07 2763.674507 2688.808062 3515.015432 734.3821531 3786.782565 3488.530944 3513.395294 3681.565973 3406.85689 2863.628526 3351.536889 2798.035291 2604.562091 4265.910545 2711.993418 4425.530162 2744.658817 4195.961429 3334.13297 3040.759017 3395.212143 3606.375096 2713.786274 258.7759051 4402.138038 4341.800129 4305.890324 3682.414444 3188.43762 2567.266414 4970.654726 2603.86784 4390.462543 3627.272276 2687.574408 3364.213519 0.6385633694 2823.667663 2577.309715 3636.357993 3428.622332 2966.551185 4099.590772 2538.984452 2622.0727 2672.297917 2771.524769 5341.143957 3671.118893 2642.704143 72.81865783 3501.783361 1.361267949e-15 2.751897373e-16 3174.968509 3936.02319 2373.702949 3472.398272 2569.772724 2806.908927 4237.894719 3705.555142 3727.015611 2671.746714 2640.150087 2155.477154 4177.96201 2714.378501 3.97974948e-08 2774.4186 4295.556357 2262.187753 3.09005886e-30 4998.112402 3056.080947 54.97148045 2597.520829 3244.014555 2733.147893 5542.884725 5.488449864e-06 2705.242642 7.878557751e-05 2397.835036 6.000415088e-54 1.515531031e-22 3148.243532 2206.991611 
3758.867791 5.700742395e-10 0.7791528172 525.5221576 2615.516416 3564.066804 3.368027916e-07 2659.984618 7.034895881 3714.558362 5.072836183e-42 227.1483375 3.594826668e-113 4184.659095 4403.857188 2817.896352 5.431626708e-09 4347.581692 1909.38187 3679.710622 4357.688374 2695.612065 1512.650544 3296.506011 7.187724316e-15 3693.646145 4.884316586 4619.314605 5.492371646 690.0689483 2691.5397 2609.388294 143.0372512 2.136084641e-32 447.0475616 629.7523545 4742.928616 0.0624541368 2728.24213 3601.024107 3726.781304 1609.655385 4742.211665 2351.619719 3559.984714 2.310371726 3908.639343 2435.658915 4.485267159e-20 2868.202587 2785.782108 2661.327569 2721.416101 3735.438729 2637.520118 3368.645104 3370.336422 3165.814872 2745.589042 4346.635871 0.001298643561 0.01570436556 2567.284182 4475.448652 2703.778165 3022.076269 3277.324584 3118.005695 2866.209664 3872.343463 2605.209964 2642.683692 2758.181991 4222.440579 2600.695352 4296.229361 2781.908165 2631.653653 3413.00808 4585.134005 2988.177793 4027.138869 3284.244215 2655.592679 3021.193903 4444.625382 2.117930622e-41 3666.222174 3540.306049 3.297758463 3517.349442 3757.99666 3729.380314 574.8867432 3063.060011 2598.325805 2.972920077 3738.793232 3308.953602 2499.72403 
4528.357699 315.9458728 4380.475407 0.0004412133628 0.191516973 0 4371.559902 2.257576012 4.315991168e-07 2952.172075 2659.050172 500.6632728 3636.709798 1681.767775 3658.265446 3406.734474 0 4392.080495 3268.771711 6.649209824e-07 2696.401536 3633.790092 2665.246545 3322.358002 3681.784618 5257.370302 4183.640589 2666.86073 3520.213234 4856.875494 3474.599522 2708.092067 2347.219384 2642.053526 5396.208442 4647.448575 514.1114993 3934.230969 2671.968106 4280.81944 1277.427474 2941.404696 4191.036913 0.008697668771 4649.475082 238.8211225 2990.62429 2666.489014 2766.585242 2635.544605 3613.260128 4323.899255 4381.112599 5056.968473 2367.962543 184.0215157 2691.836617 2485.396761 0.003084969779 13.55278655 1.370545562e-15 1702.899947 2670.892107 3626.07599 4090.704311 4479.005634 2678.405496 5470.093186 3651.558549 2672.319389 3309.808134 2585.244497 229.0466714 2052.479371 2119.852915 3405.123296 406.2679882 3715.280768 3654.332544 4089.093837 3811.300495 2628.319251 3249.364002 4848.466332 2351.529248 2790.31156 4136.512069 2453.452749 2753.31364 0.001355273039 3263.611749 864.3775324 3.994434554e-07 0.001139799089 2773.300156 3557.236369 0.0005760939429 3064.313393 2786.576021 7.150945133e-84 
0.5266718984 1.43065869e-07 1.510062205e-08 2678.571815 2749.494268 2559.222405 2713.266564 3516.700235 0.02656576737 4426.759208 3745.841845 2983.514081 1.268645059 2344.77476 2864.482871 3783.925712 2.927805833e-40 2437.73482 2896.169473 3761.432968 3545.062364 799.3737949 4394.816504 4932.472533 501.1221152 3500.641723 3377.666844 4997.467772 2857.616658 0.1077371112 0.6333132049 2648.773722 2431.623842 3847.736446 3071.722999 3580.945552 2298.395892 3726.202248 2529.441305 0.2680358132 3551.279858 4445.097832 3026.773615 2659.186459 3311.146251 0.007177399216 4416.314763 4392.00017 3595.780611 5069.607184 3955.160694 0.0525685365 1.610733792 0.00613260887 2958.15154 3285.322991 3150.58754 2629.585983 1806.342214 4.522837746e-17 3313.903379 1451.902143 541.8422894 3.142303085e-05 2618.11889 4441.947798 3046.393879 2964.400361 2890.125463 3536.757454 466.4575216 4710.085467 3498.965575 4.895519068e-05 6.132369803e-16 3519.476626 2668.006175 4504.088107 3451.060892 4447.553007 12.38293676 759.6870614 28.17953442 1.47727942e-06 1.812958342e-10 4993.194484 2692.637429 2884.417296 4566.320418 4.483568332e-17 4103.784467 3733.801097 3040.3126 2731.946017 3156.425811 1549.560747 1.945351857e-05 2687.770173 4452.47445 2486.047963 
3.07892883e-17 0.3174187998 2719.397829 3537.408999 1570.141579 1.791442091e-06 2801.075835 3599.991688 3636.670433 249.5389507 0.2509336124 2130.264829 3016.49372 3210.561528 2235.888936 1929.334326 3606.517175 4.100220202e-07 4369.944267 3631.111553 4342.930508 3443.784634 4553.090851 3605.498744 1.564047818e-09 1252.323934 4013.771605 2711.024185 1040.835227 2771.154052 2672.209274 2982.021566 18.83823159 3545.064421 2.869568143 4021.335519 3351.327291 2442.174358 3306.284926 2801.459946 2433.703478 3.052284886 3140.386283 2871.902743 2622.854707 2316.804013 4386.544784 431.0653649 4879.140431 3561.270648 4110.909164 1.661622281e-10 3769.447049 29.44651932 2900.154202 1236.102606 0.0004331469999 2989.064269 4198.00296 883.4970011 4428.800101 2640.571465 8.505025824e-05 1.019641727 3297.326093 4417.236605 3698.1581 4502.100403 3429.592802 2732.108678 1.513192614e-12 2421.698399 2677.354346 5034.483255 1965.613957 3739.094873 4044.197476 2979.113921 2827.263369 3778.116857 2627.885504 2938.375747 2857.32839 4271.66251 3134.765042 2613.016913 2321.563986 3410.931626 2718.290142 4.86510454e-22 3186.089921 2.758440287e-11 4.642860802e-05 3214.320427 2637.850556 4216.528626 2673.957286 2199.270863 3687.729046 0.000309845008 
2932.296461 4.361200852e-36 2242.605921 3668.033896 0 664.8328013 4404.022528 2817.345694 3681.464104 4344.235308 4735.678707 3172.969355 1539.491908 4423.933403 1098.559733 3308.362791 2627.102457 2403.839928 2.101899024e-08 4421.773827 2874.317492 4938.751133 2875.953329 2533.405364 4381.957218 4326.426854 4193.243512 3702.262314 0.1644205947 2556.19947 0.0006517483448 2841.510517 2700.197774 4498.16161 1743.224189 14.54317989 2666.724543 2693.830725 3106.261956 4931.975983 3733.275029 2560.923533 3450.757834 77.13784212 2181.90522 1.793439987e-13 4.538393791e-100 1311.63066 2084.980167 3860.851999 5.295270771e-33 3025.086556 4756.842127 0.5436131159 3629.588347 3636.177461 2606.068696 2588.782637 2945.941768 0.002769044416 4963.028236 3686.168405 90.63735147 3220.611815 161.5361719 0.005580561191 3296.86136 1476.573272 2578.463755 0.5657888289 4248.696642 2187.451613 2539.698924 1.285413435 4411.581207 0.004537457078 0.001490836953 4821.282739 648.92295 4498.105872 3567.347526 3673.480171 2746.633702 3675.782405 4679.726126 4131.536055 3.243052101e-22 2155.126564 1654.172598 3709.836796 952.7150492 3426.387652 4616.963332 4.294868699e-26 3538.315182 2.185491288e-08 2.046715336e-07 3755.469948 418.6893764 1.155406781e-34 
3063.173913 7.343114468e-05 2712.179437 2657.299713 2427.822527 2657.579698 3.055253006e-08 2307.041999 1.286653429 3681.348861 1.015219484e-44 2718.998515 2718.911588 300.4553107 4498.445041 2741.442044 2695.286053 222.6729664 1.037252878e-14 531.0050313 3090.579521 0.3379796309 0.3694446547 827.0435064 3700.156754 3832.615517 2855.936034 1246.767219 3.035524799e-06 4920.899364 2661.944612 3015.544684 4986.926133 2629.395479 4180.425768 3650.595194 2023.004288 396.3457525 2584.727064 2539.357651 2989.873546 4568.424092 1.685504017e-18 2455.125056 2380.591807 3777.120889 5135.795904 4802.26366 2694.743264 4747.728823 2587.351965 5.912063421e-08 2380.329508 3566.164726 2520.448603 3052.921092 1282.898152 4080.720129 2651.347455 3653.247888 4126.221213 5143.755687 3454.744646 3822.126245 3525.57867 9.994153623 3055.187945 3514.871837 2774.67095 4443.057174 1414.36257 5391.662094 4510.543267 2963.129589 2577.657251 4342.187386 1.175070021 3818.010355 4305.951639 0.010251169 2637.350919 3711.779229 2.449550674e-21 1253.530843 3740.836959 3558.421825 3478.000975 4470.97556 4291.239709 2781.858166 4123.533436 2865.868943 2.135946227e-08 5.56954926e-05 4588.526405 2730.116764 8.843021044e-05 5.975369493e-21 4.158876652e-32 3721.151553 
3755.96572 2666.391643 2.066736152e-90 2881.782402 0.0002387506762 5386.503716 2681.772485 3.365053741 5.980650964e-15 1.56328395e-15 2716.454485 2675.692168 2.042096852 2179.812592 1876.780998 3386.615341 3708.765927 3628.808454 2651.316134 3.281347819e-15 3235.823183 2679.867855 4309.928517 3746.944324 131.7195918 3882.225665 344.7014661 1.508924833e-08 1.621028164e-05 6114.11376 3.709557185 1.153065338e-10 8.006779572 5511.226557 5444.90011 2571.048193 1033.051193 4458.651479 3630.045227 3712.919809 0.004933824051 2546.064001 5002.115372 3770.095725 1.542396252e-05 2632.134379 4441.301485 4421.595942 2101.787882 3636.479023 1.229211067e-21 71.81922778 3356.494983 4258.126617 1927.108063 2736.171076 3769.157034 2884.335756 3255.767009 4270.635255 4.299276466e-19 4421.099259 4380.451053 3692.171849 3691.382401 3552.785119 2509.071415 3497.727907 2650.30787 3458.140674 0.2529580542 4417.011247 0.1139731148 1609.066602 2929.120253 3660.79337 3636.018169 423.9393857 2510.951561 3003.514071 2423.77987 2613.83723 2641.192963 4213.990787 2577.811828 2804.572781 2333.759093 4405.088079 4.013861139e-06 4828.579618 4139.576975 1859.882173 2707.021294 3240.693002 2538.906694 2313.12246 2718.448925 3766.647704 1961.090218 1272.362528 
2424.668286 4189.484477 2876.021354 1.315600555e-21 2.717609862e-06 2704.245554 3482.218769 5.948253569 2992.455282 2370.761213 2691.547542 2987.234722 2974.740614 2843.852883 3913.965743 3716.969218 2554.565961 265.6226652 2684.216291 4163.683004 2668.901469 2639.575226 2473.040055 3474.016662 2687.8076 2.643310336 0.005511350685 2171.220736 4405.496695 0.005730309299 2632.980592 4726.797401 1718.230125 3959.830046 2966.544891 2568.667082 4306.366359 0.05275944679 3641.590558 1779.598909 3548.403231 2663.665338 3473.873579 68.82933987 2703.10615 4.118752089e-29 3677.864896 2640.296931 967.2126199 2433.214793 2140.334226 1684.282404 3566.587646 2988.785697 1.593954533e-11 1.104739054e-20 4527.441987 1695.527489 4818.283063 4507.978916 3891.384424 3550.158583 3748.821666 2509.435807 1.575477473e-05 918.0768526 2.079087279e-21 2454.220822 2.071480168e-42 3006.087704 3546.547931 2011.127987 2629.339653 1578.803815 4996.174978 1103.333809 2800.093971 2678.16069 4504.907259 3055.496655 4.586913831e-22 6.626109936e-117 3570.642137 3302.590031 3986.95106 2436.44109 3413.736974 0 2676.924174 2.259030757e-05 3732.954623 4659.823044 2773.854112 3737.17237 3294.742456 2611.900854 1.519289894e-18 8.237778783e-05 2719.944158 2.242390669e-19 
3586.488277 2866.768355 8.548554749e-26 2950.554411 3047.593062 2746.225401 3222.9495 388.3257719 3266.451275 1610.679702 2500.949255 7.408373001 2665.053336 2656.724578 265.9232547 4535.035446 4572.746411 2781.777572 2803.354382 2650.252644 2364.22663 2677.721311 7.810115641e-06 3260.41085 2330.063656 3684.79693 323.3460076 2558.037033 3347.300173 2664.629206 3607.123579 0.0002403480296 155.1151574 2617.411069 0.001675844716 3812.484072 3075.660808 4331.528054 2600.830508 1474.719274 3431.293891 2660.576616 2619.155197 3604.153134 2500.03757 15.85252277 2389.643426 78.98404738 2.030558167e-19 102.2933572 2624.451584 5.242611897e-36 3687.930162 4404.482057 186.5060908 3665.684835 162.5669782 4.082687196e-19 3.620152408e-18 1202.212124 2535.492174 2688.782559 3224.426077 5.892230133e-10 4509.73291 3362.444293 2659.685777 3823.061591 3243.88707 3620.726561 0.6731748404 95.16155699 2248.423215 2216.009758 2727.422692 4183.482233 2721.851021 703.2657546 0.08661632852 2285.742105 2672.737051 3381.402465 2768.25166 58.02236635 2471.748758 4567.898016 2713.399955 2879.611098 3641.767209 2186.164426 3377.902294 4499.399085 1465.940942 3219.401224 2850.302417 2497.054968 986.2283939 0.04964834417 2926.745728 738.2862443 
2909.998231 6.728732588e-06 0.007055894917 2692.270367 0.0006758865255 2245.791454 2554.935543 2637.026127 182.574118 3719.619968 3448.134546 3765.557005 4370.953653 3716.004415 2.349129257 3233.46678 3608.805325 2654.104957 3456.003976 4240.815196 3547.328151 1.249987963e-22 0.0001678207471 3959.069982 0.3724308795 2809.753704 2904.939516 4575.165462 1.077355391e-15 3677.372015 8.154444755e-20 2978.171527 2029.775751 2572.531543 2429.780954 138.0659159 66.54921994 3778.783647 2585.397138 3528.359915 2836.991052 1703.99944 3657.72832 2594.609336 2523.265821 4488.533625 3239.684699 3726.983974 1423.274116 2693.667962 2173.94067 2720.261244 3711.55572 0.0003836133689 2542.31448 1694.944975 6.30787657 1716.376771 134.7884599 1375.540873 2985.700102 4371.056129 4454.47051 5703.823573 4538.581187 0.02681428946 2.571034912 2652.95993 3601.889319 0.002076802057 2868.223174 4403.193758 3085.918046 2720.120139 0.1940897192 2197.771147 3906.567868 1397.121923 2754.745303 370.2403203 2575.393795 4251.258377 2858.391976 5.386142733e-24 0.0004703377989 6188.752081 3294.169245 3475.099319 2445.821117 1.190106174e-19 537.8255701 341.5024619 2717.31625 2278.473796 4019.726524 0 2640.034534 2516.829348 2021.375179 1450.578957 
7.377596645e-08 7.032972875e-20 807.7509315 1399.776582 3675.75966 2378.09426 3577.159122 2731.950117 3597.68685 418.5937134 398.2769823 3703.911236 6.681865395e-08 3374.268931 4993.871358 3595.383396 1538.941393 0.3552814159 1484.916909 4273.533896 2908.132033 3196.603632 2734.626108 4.771314577 224.2640113 4177.187093 1.49038939e-09 1.11442998e-17 5.089313024 3.933830496e-06 4647.897963 3587.840178 677.0774503 2151.45507 333.5978036 4082.636404 4370.950672 1791.874343 2336.495619 219.2791546 3710.852917 4913.375578 3714.754975 4084.719594 2638.044855 3598.287185 3662.676966 3700.925499 3908.322219 2550.11356 3533.948355 5.594843725e-17 2698.423475 3579.429601 3797.553237 2617.069391 2337.760333 2667.539734 4411.881518 4976.681465 3378.5431 5.782569381e-07 3.222424452e-12 58.95297331 2782.941128 2710.688066 5708.465285 3584.011778 3417.566344 2593.882651 0.1294130375 448.7451792 3438.896796 2707.652708 3044.043718 3558.305993 2710.045308 3736.979408 4450.729935 3725.617464 4231.175816 3153.529935 0.0001149964224 3896.009387 2883.071277 3744.345638 2580.303883 2998.815525 2881.426339 2587.892595 3880.271863 3697.407769 1425.596413 9.054142963 2732.83605 3186.078279 2969.211035 762.9710712 2412.695624 3077.988156 
0.002749082004 2.281657595e-132 3545.334577 1363.731507 3471.432869 3749.741121 2.208855346e-11 3077.098652 2852.973446 0 2.009195156 2337.757954 2.88587246 4334.832824 1053.973764 3222.588514 0.0004392299291 2683.207768 258.7775205 2605.346902 3121.583332 946.4548917 3700.23441 2784.060515 3711.100022 2693.655739 0.08164235794 3845.34159 4472.399034 3726.165073 4182.390497 4417.983771 3482.854275 2807.375125 3553.008132 4973.317901 3504.399443 3571.424461 3644.919252 4437.90862 3311.71041 3658.279053 2416.735602 3696.496639 2665.258978 110.8726401 3322.494875 2666.843574 2642.745036 2847.578087 3095.494507 2883.493219 3018.280185 2628.592945 2653.089838 3.249689701e-08 2633.419205 3747.257767 4340.245244 686.1106966 3586.352065 1505.111629 3634.134286 3657.586376 4026.006154 5573.102637 4411.848052 4189.686533 4480.043286 1.421364703e-23 2592.148017 3259.221368 5051.04564 2637.825278 2124.556743 791.8679488 2588.46481 1.620413704e-07 3747.926935 2274.317865 2479.086045 2058.147839 337.3824815 4.291120155 2587.11552 3286.315021 3360.388825 2439.196831 2.002973626e-06 4849.985299 5495.464042 0 3433.252902 4457.995537 2611.175221 2686.102358 3313.068446 2801.655144 0.0004918135987 1.334893866e-128 
4646.004775 2733.840899 1706.703148 4096.901012 2266.08583 2859.577719 3726.729198 1625.915397 3729.049635 3703.626389 4764.838022 2857.828093 2320.754959 2840.539909 2.586989274e-104 2450.369499 2999.14884 2541.158393 2664.287244 0.0009107662845 4963.686374 2304.528337 3557.040937 2885.714573 2141.485931 4172.003423 4640.312326 2357.58252 4409.214164 3292.465003 3.084489381e-15 3651.031544 1112.98013 3445.442155 0.0004811472185 5169.265391 4171.888171 3.51464179 3587.772724 2699.168952 2709.403063 2455.045967 2592.837669 0.6574730416 2819.004029 1.991117674e-05 2805.526459 4533.7544 3096.577106 3131.837755 2671.54073 15.65242363 2627.807738 3551.854713 2647.168705 3628.086969 2326.790522 2287.404604 5059.182732 601.7081634 3572.176466 2722.432137 0.06958244918 210.0767555 2572.433285 2600.719291 2321.079064 4444.21079 4094.069429 4.479754925 9.379514553e-05 3334.176807 3244.294903 1765.992192 3573.633226 2663.741848 7.976689331 3694.676912 266.5720749 3015.297106 4966.815834 4161.175944 2667.050592 3341.676757 2460.805253 1859.540898 4773.610634 2406.187934 4209.017793 2680.59782 2776.088345 3.742653031e-06 2770.472223 3507.86484 2623.609476 7.658938442e-70 1.565363168e-16 1254.141461 1.912514694e-53 2414.622938 
2879.025395 3.732218795e-102 2511.662311 253.0089931 1.034741404e-20 3731.402804 0 2967.958907 3484.578742 2121.329131 4584.92721 5595.739139 3342.913272 133.6177757 4682.821335 248.3301053 2631.599138 2300.21684 4528.160192 0.1742167778 2609.509323 5317.288787 3493.825852 2874.052585 5149.6756 0.1191790431 3066.651612 0.01235560688 3605.801736 0.1451736181 2601.851966 4081.590299 2804.550018 4370.135166 3626.911695 2343.495061 3582.60939 3568.500843 2685.673452 0.5119964387 2516.407571 0.7280968473 3729.770308 4578.708316 4211.828987 2.191345582e-51 2635.611937 3921.388774 7.769844776e-12 3788.716325 2575.787395 3833.208862 2647.839504 0.0008193526057 4347.37615 135.3274023 3544.344364 1.989611892e-06 0.4016411877 5411.743186 4065.731323 2.863522116e-60 2575.1346 4851.044246 2627.088666 1106.929037 3608.444022 195.3924237 0.001541847837 2595.621129 3654.788423 1120.011396 3033.457359 2714.226649 627.0180417 2664.731796 4316.978603 6.2578958e-19 144.9501002 2572.347832 2708.054599 5.748419677e-22 4.904453175e-05 4.553077498e-10 4135.482252 3828.549291 3.883782344e-05 4108.024109 3579.82607 3488.486347 3975.031646 2602.657585 2786.95735 2777.089552 3343.203925 418.0788486 2762.000331 567.2666042 171.3703024 3.885566098e-38 
1978.035341 605.6512607 0.2239657065 2747.024717 4.802305974e-18 3.81603762e-10 2.841583641e-24 2490.349452 2539.339448 3702.285411 2524.598943 2496.302258 324.222307 2811.457757 3168.309336 2395.85173 2649.982232 8.789796585e-05 3619.799431 2632.343883 0.001067132882 3.887686989 0.05931104592 3662.495762 2900.940831 2576.689147 6.654757286 2202.822225 7.498427328e-05 9.538523377 2441.392561 1006.1301 4357.430131 2333.842072 2435.133937 3178.316603 2633.160883 3349.190257 3283.905553 3788.492638 2616.995907 3488.61377 3.803397056e-06 4135.1595 2255.271981 141.3173409 4089.999642 0.01473965055 3656.413884 2595.891272 2684.702531 4623.514765 1877.592985 1051.133788 2415.498232 5196.556781 217.4935253 4693.799119 4835.741073 120.1657115 3460.449629 3189.18639 3343.122946 3724.45706 2672.399089 1289.140082 2685.4904 3562.883502 2343.268977 2442.233945 0.277408189 2533.746056 3577.334516 3740.661414 2956.651603 2987.524483 4511.900197 2355.860467 12.29533986 4732.430199 3561.345078 2808.964081 4491.647253 4954.18668 2745.802751 4231.612007 1.087558457e-09 4436.27311 96.19016063 1941.27563 2799.266546 5457.027118 3409.279799 373.7096331 1078.25507 16.20086223 7.879539924e-15 2.547662551e-05 3.546305293e-38 2145.839709 
2776.210909 3948.873566 0.2950228981 0.8555845473 3684.159857 3663.80266 2861.630561 3317.58423 2652.065265 2676.930001 3822.091237 3720.772783 3652.936076 2.400861464e-19 3156.150752 19.17119005 2669.998369 0.6298058055 4202.261367 3663.808037 1101.339342 2.164292371e-05 3785.545351 2598.428332 9.635587746e-10 3020.817401 346.5793694 4820.218548 2224.02569 2.477658071e-43 4054.665102 2764.927064 3659.400609 47.92377011 5022.534144 2712.669729 1.761936125e-42 4377.86056 3660.084237 3666.679475 2603.618899 2578.306656 3049.31311 3675.823149 2928.557873 2638.221279 273.2116467 5203.625696 22.44638491 2.994340207e-14 1.751987758 3324.966063 2693.248221 1201.490828 3503.620262 2574.299317 3681.168679 2638.370695 3800.606197 2701.970827 56.5345908 61.63308805 235.6020865 4211.730583 2702.770061 206.451508 21.54047669 1.915359825 4205.962121 641.6232005 2757.022525 2731.646163 1911.249849 822.4479023 2638.106849 0.001901110552 0.0002712606663 2537.894704 5708.43452 3343.686404 2690.513534 3726.390436 3821.984306 2469.074619 3574.620366 2.382244023e-07 2650.417521 2883.419563 3798.887918 3437.402136 1606.886569 1.003183398e-34 2202.881428 2.220474444e-14 1692.903525 1.191484494e-07 1.8562564e-160 2.612180103e-07 1.330417199e-35 2869.443743 
688.891679 2400.434379 5.824815979e-07 32.69637091 2.606502657e-08 2.047081642e-85 1.940167542e-56 856.7142411 774.016997 14.75171224 1097.371823 2650.802364 424.2737874 2473.939674 281.212595 1.095762177e-18 4155.46143 0.4343065056 2619.098285 2581.735612 3658.299121 3365.945206 3490.184239 2272.010121 2584.694311 2484.739704 3381.049267 2692.821703 3436.919553 3544.656069 3663.516492 2665.476607 4367.227378 2742.788272 2693.16769 2464.506376 5085.163755 5717.063082 1.107647007e-09 2915.612842 1.386429352e-14 0.001496489221 3623.393632 3790.563826 3630.8149 3679.976205 0.004725225124 2087.026273 4073.124007 2063.984149 3865.20036 4975.13099 0.2431187802 3990.126089 210.8473741 2148.48738 3014.9988 4848.795005 174.2070228 53.78716264 2583.95015 0.2596341918 3031.076739 2787.077056 1.28391447e-10 1914.599852 1.714108076e-07 4975.481797 2096.305191 2892.127836 4015.792973 2768.454707 2521.084212 2845.067174 4766.453425 3086.082633 4141.920256 321.5148629 2965.123702 2564.064386 4402.027856 6055.174558 3684.796735 4457.087613 1.139819945e-05 4141.874303 2259.24325 1867.101366 2551.978045 2802.948974 3564.461266 4370.980992 4.498607013e-38 2127.276173 3793.948137 2885.587466 2635.920575 0.02513580149 2901.228662 2721.253301 
2993.404374 4390.800464 2445.400817 876.0463395 3115.404276 2668.819251 3010.67504 1527.591308 3419.096705 2561.226213 2641.793636 2607.574416 5175.54461 1902.322947 1925.223521 2677.401494 228.8063502 1.010343752e-19 2553.029027 2.277021513e-06 2.316236982e-07 0.03824010798 0.1445237644 12.7360286 4039.734157 3678.187851 4.885692636 781.9551504 5103.954899 3404.986577 2585.135523 2792.644261 1.5400493e-15 7.483712109e-43 2685.201771 5115.459402 2146.365031 34.69575317 0.0005199210097 2548.580627 2611.532307 4402.922053 4498.070659 2784.502017 2228.012193 4.377054372e-26 1994.10379 2637.664351 0.2515803557 2.618364487e-22 2171.947511 3695.18867 0.1518991072 2426.718427 2432.735665 2641.543734 2367.595297 1.689858388e-08 5010.218006 2.013469475e-12 4712.16605 1.611393645e-05 1817.187297 3399.719585 43.93484657 2776.13837 3872.702137 3456.303798 4486.783845 1.55336713e-05 4057.901165 3113.124716 4442.089738 4345.518973 3090.175617 3444.961858 0.09088350988 3.888153865e-42 3717.669231 1880.732041 3441.183227 1901.790163 558.7045495 433.8818348 2790.389849 2878.166835 4359.677637 2602.796357 1.871268931e-13 3106.49574 4854.957944 4510.706553 0.0008910142822 2942.749369 3078.24094 0.000278568784 2267.220019 55.81476352 3.736664665e-44 2.359959066e-07 
0.0003566819076 1.89507017e-16 1.766262499e-25 1.110056595 6.236152074e-23 3597.963948 1588.143659 3.210404124e-104 1303.274898 145.7560008 4.650494022e-10 2768.79847 2828.36849 3437.376305 3.055953412 2637.550609 4347.586372 0.8898487154 2625.259383 2817.442738 3711.685926 3239.202388 3043.59393 3.512721678e-08 2596.154509 3457.081437 3.144785645 3721.983254 49.10905889 5.528255838 3498.877983 3625.850842 0.001154034429 2533.902094 2630.923321 2471.445427 2559.2545 297.6722572 2697.338836 2612.524771 2027.655185 72.40342437 1182.290815 2554.923948 3563.042913 2463.849036 2630.806465 3751.473961 0.0002616351634 9.667471063e-13 2606.554835 2657.787996 3919.022032 3758.438549 3707.959465 138.1710611 3489.984942 3525.585006 3905.001918 3734.03773 135.4239265 553.3705478 2797.171133 2383.797003 2792.142482 195.1620546 3095.104327 5311.333729 3534.358447 4741.897552 4346.190418 2679.037355 3627.138479 2341.382286 2612.650752 195.5984467 282.9098303 2079.183772 5.54295636 281.7892712 2778.496967 2679.304853 0.3791792016 3408.233298 3316.58365 4456.453295 4482.215188 4385.055552 1.424325866e-09 3936.091264 126.5145466 2792.565344 3763.338427 2572.840811 2809.195969 0 0.3285025712 4.630283466e-05 10.35853119 2.493173706e-05 
1.445288887e-47 0.05526994107 3657.781662 3.641892309e-10 4986.897336 2.702437189e-127 4484.973123 4.159997035e-08 2857.42609 2727.412919 2.197416047 0.97018288 72.00594298 4448.962501 0.162801007 3519.05162 2729.174876 542.3474007 3526.944018 4286.324297 4.037717335e-08 1.307800629e-10 0.1092149567 4302.247843 3544.484652 3538.717698 4293.7062 3423.332569 3752.9526 4416.303858 3753.976797 3255.082894 4343.457276 3429.612392 710.4642093 3053.200334 3274.271942 0.2792287803 3654.432598 2522.094994 1417.717937 0.1136172814 3172.335539 3629.297065 2608.724981 4378.946332 3564.602925 3994.282256 3539.732576 2473.829226 133.4343297 3494.104047 5082.077812 817.9412802 2341.481158 1.34006235e-08 172.6574688 5010.35439 4363.009028 3653.878415 0.0001293068513 3820.328156 834.0645446 3627.36739 0.0009379857755 3828.520354 950.161602 2762.085695 36.78144746 644.2361726 4661.245678 3860.807993 3.372171288e-59 2379.777317 2666.04554 3562.425204 4056.310699 564.6438769 8.830758312 256.1503495 3697.29117 1472.810397 1961.558249 2532.92003 2626.075899 2639.306388 3539.866674 3926.123436 2667.207759 3.822021992e-30 1910.605938 902.3057445 3339.669151 87.5239837 4818.222348 3047.408127 3697.372826 1774.407772 1.800666369e-48 2889.206927 
2889.537816 2757.259867 4.040814534e-23 2702.093328 3614.460736 1.947195931e-110 3.167744136e-20 4188.178197 2920.195261 2680.086284 6.702126705e-20 2665.056705 3769.183809 5391.008964 3167.647033 1098.056436 2493.797755 2647.701418 3321.456239 4810.367554 32.74596531 2812.715988 759.6730947 4248.905932 2988.117168 2559.395034 2531.141304 3575.717842 2545.650853 2758.229433 3292.007438 2675.212526 1348.357307 3525.022143 1081.361721 230.8556202 2.408933433e-07 2302.661848 4057.325292 2481.603032 3474.29815 3.215655581e-08 3549.890509 0.05520736167 2682.089166 2499.232391 3173.803875 2205.342885 11.17889131 3685.212878 2837.652638 2576.393961 2595.367943 2655.564089 1439.882159 2.462227167 2521.137751 3201.79539 2627.904818 2652.167704 179.3709936 0.0003693483498 4153.314883 1230.820759 495.0099662 3654.488627 2311.962809 3196.185424 4209.269876 2562.734287 3453.747736 3603.133183 2379.938471 3731.513551 2550.10246 3652.263909 3378.916387 4457.42531 2712.996477 3060.636471 3720.652697 3324.488823 2537.598497 2657.639995 4586.251083 2909.513665 2636.952048 3643.431456 2091.548442 1.257860533e-10 3780.142615 0.0002712560219 0.7873137844 9.664714887 116.0912264 2475.350283 1756.017312 2.976371105e-06 1.550421658e-129 8.895748256e-12 
1.138417952e-19 1484.949441 2684.116027 3673.510579 2390.340643 2600.795956 3825.909372 2705.874868 3704.915084 3338.114998 2803.967539 4.115543198e-09 4307.948067 2610.696485 4336.648709 1988.259769 3428.599972 3756.567999 3713.198801 635.3593387 9.303892962e-09 294.7076318 4423.554216 3679.905874 1869.695794 2681.184173 3320.621121 2017.194695 3642.130894 3722.670419 2954.152215 1.573250156e-05 3235.881896 2705.121926 3306.453328 3760.036644 3118.372765 4847.674527 3423.998391 1925.78518 0.01551077302 3.629460647e-14 6.977900082e-05 3391.988375 1.177419184 4597.761712 22.7165788 2604.021277 2339.870576 3.647831812e-26 2193.113227 2851.445821 3485.844686 5038.160443 3731.587563 4466.007512 3583.718438 2656.681412 4824.635562 3329.739837 3593.056894 2385.14245 4268.841669 3602.312319 4.208007964 3639.143153 2803.450638 4359.913399 4801.105358 5136.242008 3801.580906 2739.96099 2604.018974 2643.994963 2455.927495 1766.528233 4300.275389 4177.476066 2431.060372 2554.836242 2084.377135 3678.610607 4503.955172 2701.913015 3448.601977 93.93588236 997.3008133 4563.596467 4.138084146e-13 3551.829142 2404.755889 145.6497797 18.7843812 2733.106474 2633.783227 2438.28883 3586.223873 3675.488969 2614.282831 5.52154722e-05 
2860.544418 4248.370905 2775.209926 2637.744084 3567.300442 1351.800377 4283.526478 3502.832948 3699.531067 3349.841146 2569.525895 2840.093699 2805.531563 2670.671608 2638.866787 3573.067802 4454.226318 2.389852016e-17 2186.450267 2554.690177 2733.555083 13.63820574 4441.432453 5075.228014 3726.418918 2641.764563 4149.497095 3619.833132 2848.053447 3503.291885 1774.572912 3489.822017 4494.318006 2679.756742 3574.673065 3393.555406 3826.431449 2630.855282 3.248411973e-06 5410.168927 2423.392581 3.404812136e-07 2279.441659 2549.088036 3322.057067 3379.78408 2640.12748 2578.879508 4357.087956 2865.364167 2.720855832e-51 2538.908781 9.63984595e-07 5580.986139 5111.286324 3717.833417 2620.364283 2659.314578 4310.221268 2790.867148 2581.089848 3257.971668 3294.662971 2499.562288 0.05212202221 2585.317382 2648.237936 2603.294158 2476.676144 3657.611545 3710.21396 1.181779089e-08 3047.470804 2567.085624 2652.159098 2621.740172 0.003330338189 3762.873623 3568.410563 3313.987186 1.435891121 286.6086914 3669.259792 3733.9144 4473.043671 1882.700388 3717.472926 2746.886904 4425.777242 4447.261334 2424.266115 2794.70197 4719.54584 4234.436354 4093.114788 5.76620693e-48 29.57781069 8.421082026e-25 4447.807491 2783.320559 
2643.010931 9.49156173e-50 2548.196753 2698.721628 8.072618972e-08 1.142708151 0 2745.634695 4846.454527 4567.315237 2368.900204 0.04560470811 2539.664131 2654.999026 3426.799997 4367.56274 2686.859123 2857.386257 2686.6087 2730.413638 0.0004157650246 2603.054659 1811.624614 3075.931415 2489.656027 4115.413428 2629.428282 2691.892924 4.716064279e-07 2124.641721 1.682801458e-40 843.7947326 3631.354263 4151.624117 4175.301368 1764.16476 4555.980094 2797.944943 2716.937105 2525.063812 2568.316311 1.226220897e-21 1.436173708 1.252812889e-07 2403.370507 1.644101155 4147.691223 2650.969646 4187.714589 2677.960112 4263.165235 2671.957845 1871.802051 2597.01385 3216.150045 1.845040244e-18 46.37998538 2600.30254 2891.730793 3612.609411 2665.631668 2424.547323 2055.452596 2649.527668 2612.446296 3147.674055 4083.751862 2780.023931 3224.250308 9.42444161e-38 1951.980559 1842.317611 2583.556193 2850.471924 93.89569537 216.3347909 4160.735634 4868.229134 4406.684864 2566.58285 2566.922778 13.58458126 3419.700985 4435.599081 4448.48155 2980.429132 6.125543701e-05 2879.941346 174.6076656 2345.252312 2524.040846 1.124983344e-25 56.95877575 1684.300479 1.97337302e-06 0.0003384183861 2136.841475 4.766512115e-05 1.0935765e-59 2.317286652e-05 
1.355282911e-10 0 3213.595694 789.6504272 6.950694137e-15 2648.610111 4.477232524e-26 2.401819087 3457.864657 657.7401705 2916.990193 4374.229986 4415.940463 2900.670365 3805.255825 4366.465242 3566.35211 3576.453445 2993.396937 3706.651059 3620.606678 380.9740628 3652.715088 3421.1224 3565.5761 3850.611951 3085.180941 9.688201557e-08 2569.391353 2741.440808 3494.374611 3766.700973 3428.977832 2702.239423 4464.521074 3059.739264 91.82600129 1783.459528 79.5613242 3.054785578e-06 3.077123597e-13 86.29845773 2825.937135 4304.411061 2709.686928 0.01095715562 2799.367775 3345.224763 3755.421703 3709.4651 4211.894974 2587.58581 2378.618855 2694.636572 868.2679159 2689.182814 4263.158899 4313.914509 3766.121679 3130.390167 2654.42906 2589.368993 3090.061121 4630.090842 2663.241678 3515.06564 1084.358013 3682.102036 3392.035096 2540.082909 4.144078414 3658.081121 3420.509147 2597.029755 1453.64505 2636.491738 4905.127763 3114.099052 131.2727346 2801.098414 2445.159749 260.2110457 398.2586931 0.006202002951 3520.340965 3738.552275 2690.917301 2818.615153 4724.731082 934.9603844 353.084736 3581.271983 3.939755488e-29 2642.005509 25.30450029 0.01753714798 6.629357597e-14 2700.250037 3216.412626 1877.2006 
1469.594953 3048.572831 65.51863914 3.920588658e-57 2695.817594 2698.378737 6.123451553 4.216862811 0.5823028467 2744.26918 3430.177289 2386.674191 2752.296751 3701.211779 2611.182956 2.939754818e-08 3417.729382 2489.977478 3918.609913 2576.480734 3582.24598 3321.239212 2437.086972 2677.718679 3711.875299 3608.796484 4.445713956 4249.496534 2824.390529 2861.832856 3114.577353 2170.094295 2652.086875 3489.648463 2682.409511 3212.764132 2680.562483 3156.431892 2553.78234 3269.351065 3700.05659 0.05736880829 0.02785739141 1.111363798e-09 2754.112131 120.8376581 5101.538862 3796.907567 2146.598629 276.1659054 2663.561781 2660.686757 2632.016446 4217.082251 2397.018947 3406.270149 2531.847658 5226.936639 1764.691673 4626.628874 2275.0413 3637.036829 2297.808875 1.320532512e-07 5061.258971 4251.420347 2671.238802 2658.23799 4166.521596 4146.523905 4760.028619 6.111881266e-19 3689.241806 0.004077335056 4262.883944 2666.525299 3513.46353 2792.343448 3780.749197 3720.297876 2783.143431 3736.177437 2622.848998 2617.771076 446.5951174 3235.136514 3648.665251 2758.980236 2653.524248 6022.802248 3900.831636 1.193875335 3725.573696 2887.099837 3365.880239 2743.18183 4134.188811 2.268375321e-05 3272.281016 69.02024702 
3698.454831 3652.669571 228.4676797 47.18836641 1.294706561e-14 461.6573463 2733.008578 3652.682447 1.17378662e-05 3192.068449 2755.690976 2934.063937 3751.999038 2466.566421 2761.040784 4095.93456 9.68997075e-09 5591.68235 2632.97864 3639.880202 3330.559606 2619.468181 3634.622549 2344.745169 4221.884476 3396.214643 2593.115441 4939.389429 3677.588288 8.070021622 3723.456954 4081.276966 3562.929136 826.7961806 3589.489612 10.33861637 3337.87319 3632.923511 3304.400792 3581.830312 18.70926296 2420.612826 3084.976107 4072.021688 4303.790492 0.3144645059 209.3299422 3587.578193 2718.961505 3658.089246 4782.989006 0.009027807161 3446.125054 4523.797797 3240.188057 3392.174634 3186.420707 2638.770567 3703.606088 3315.127661 0.00153557687 4258.259752 2795.605883 2528.754597 2626.345164 4371.926662 3629.563193 2800.51766 3309.071833 3426.950329 2660.455027 63.11924538 2412.410747 5346.999838 3288.137541 3718.409336 3634.31698 3390.166201 4850.691676 3895.143149 3686.066119 2631.98174 4264.932208 56.25757596 4533.343027 3574.066372 3651.175904 28.97111083 3737.902803 2745.416463 2604.046947 111.5396792 1.256071439e-16 2.754180549e-05 4466.064426 2484.149275 5.246953695e-113 1162.007433 1.211257216e-24 0.03688994893 
2830.574593 2712.294567 2879.192967 1.4708774e-40 3583.435917 2478.317027 2064.689601 2731.120151 3452.36289 3.376228171e-71 2.13359257e-39 3292.726486 3774.042772 2667.685333 2491.050135 4177.204753 3469.430846 3811.696333 442.4842329 3259.489156 2499.760228 2770.241056 4120.851482 1522.245293 4842.08861 4141.808471 2768.578775 0.0003963760848 5975.554965 4330.876778 4325.648172 67.45978446 4601.926986 18.03827544 2610.121321 2686.990841 0.0004219657245 2628.525576 4364.16179 7.286693784 4141.456123 0.000676904838 2587.069701 3674.985486 5532.930591 535.0654557 2605.199938 3648.790588 3.763576075 3664.659634 3185.81762 4606.236432 35.04484219 3389.701181 5315.092316 2636.392708 383.1436376 3650.105749 2268.64922 4236.718272 2997.222143 75.558362 2.222729003e-34 2931.833352 1.252093956 2418.65241 230.9846041 2735.195877 2667.337838 3135.241901 4407.808895 4484.067683 113.9842388 2647.726604 2811.689642 3574.070909 2703.189694 2714.905172 2384.966464 3777.457907 2478.417007 1.945054082e-10 3683.817706 1.589648411 4470.67533 2046.825978 3633.113489 2494.014869 4268.148977 3602.817089 2730.366931 2978.879414 2609.823441 85.9154316 2239.118643 9.228704503e-32 2.081114765 2866.65071 2686.13194 3760.606316 
0 0.007346308174 2879.752992 3551.647757 3.028651487e-44 3763.300679 3522.64407 3678.103968 0.0006028588578 1.227389654e-10 6.410929925 2786.45278 0 3140.778423 3408.802329 328.9349186 2321.985362 2563.637054 5542.179313 3785.278647 3380.326268 37.08430583 4389.707897 3613.465985 2502.482493 3333.762824 2542.143607 3534.302327 2573.792502 4241.214878 2720.721112 4232.757049 2354.925389 44.70095951 2.421998455e-08 2002.036475 4717.01359 2185.365684 4536.16929 2226.565935 5543.366989 5030.566282 3691.899353 3612.547955 4460.364882 3527.097232 2649.695363 4427.950747 2613.705149 2544.954291 346.3156742 3693.769862 1146.64014 2611.235707 1957.128913 1110.875308 4336.831357 2614.361108 2460.809268 0.02684944041 3538.138208 4246.603997 4040.87016 3375.809621 2651.801358 6.800357391e-20 26.64721124 3918.35535 3735.776321 2599.27369 2784.985689 3424.387916 2627.305423 2788.02054 3.185976533e-12 4250.88793 4962.444028 2788.280743 3.122854253 60.80705649 4388.30215 5032.152807 3144.308445 2554.769793 2749.593707 2814.102068 225.9307111 2433.652325 2653.058915 2951.639767 3744.942685 2707.788772 2781.64708 8.864020944e-06 2865.519051 2392.879642 0.0001771467563 3658.993795 3066.795289 2877.7764 
3653.664971 1508.600498 3069.063273 4350.780105 2069.476966 1.810897736e-117 1.81387485e-11 3725.698003 0.07272272434 3463.768092 0.5105427669 2272.261536 1671.382613 85.84473759 0 4187.089928 3162.895234 3733.188047 2448.196197 1.211544147e-18 4304.507339 4571.897781 4847.216598 3401.405328 3450.022755 2511.844309 0.05970109706 3662.954978 3190.762565 2601.743413 3987.760578 4908.268761 2624.496586 1813.969932 3585.907269 6098.245598 5080.826892 3264.821053 4958.485901 2.244972993e-11 4446.922752 3176.028581 1968.837499 687.6874711 3689.378669 319.0486846 1322.961925 2065.352474 2667.168095 3055.029756 6.266152163e-13 2636.004264 2356.389094 3535.189369 4448.15571 4886.202783 3416.735998 3779.405915 4812.695561 4351.758095 2613.498748 4018.104613 4270.695546 2578.967725 2470.281297 3378.625119 3569.623407 3751.447367 1.808978674e-09 4380.255488 3045.33321 3649.366529 2666.906557 4254.000304 3610.602098 3551.778585 90.99621908 2712.678761 2.339222882e-09 2603.993069 3563.956847 2516.292967 341.345852 3621.617077 0.001321770277 3335.488565 4051.556912 3859.780663 723.0543819 2717.964891 3019.067877 3788.005432 2763.528916 7.114394469e-27 1.341908839e-19 3838.755529 3773.690575 2742.495949 1.274364443e-05 2.425470417e-20 
1.317977983e-16 5.123014821e-50 3796.758715 2862.619046 2832.707955 3262.184585 2181.165376 2671.5404 14.91236703 4295.601873 2542.166303 3445.375072 2631.198894 18.92370404 2717.445271 902.8110952 5105.204249 4165.470228 1623.16855 0.869304244 4289.691803 5670.833265 4349.304523 4476.209125 2655.728534 2219.381192 2564.661672 4.94076036e-12 3983.698899 3629.45472 0.1904994932 9.639001559e-10 3505.098966 0.01774666319 2704.676386 12.18936651 2739.678196 3214.238484 165.20918 3680.434732 3985.264928 3581.389132 2689.179441 3652.012293 2631.353168 2172.823758 67.04777346 1.608534151e-26 3065.614017 3087.116548 121.3478123 2586.045335 926.6012704 2632.62131 2130.730067 146.5078037 4373.746846 3847.33682 4240.322924 2871.835636 3756.92782 4234.984183 0.008251633942 2721.698115 3572.797567 5076.716704 3735.712294 3741.145783 1970.912246 2617.708106 2707.364463 2669.593734 3629.536489 3207.456047 4407.68762 3782.368451 3590.697446 4052.064089 4890.780177 1343.450483 3537.560511 2574.801756 424.2659645 3138.486543 3326.751755 1.171813137e-05 2668.000135 5600.001096 2676.091762 3338.785645 1.708571265e-06 3257.396499 1926.932141 2592.8081 2475.121504 1707.684857 1.229693613e-06 2606.538236 2.618678128e-05 1577.950539 
3678.519831 4561.861148 2503.965689 2737.10547 3.398377879e-66 2737.180586 2498.163089 2452.753826 3719.395527 45.67348661 2919.627569 4108.093579 2207.878447 1847.371694 4421.59764 2124.034056 774.2943147 4996.173821 0.2738678994 2738.643963 2330.566394 3686.740438 3546.547249 2742.214126 4188.28185 2957.754384 2578.34889 4222.654225 4078.921747 3729.93648 4.640215607e-29 3552.493899 0.1740277839 2474.047454 4536.244588 58.10931468 2564.639 2409.704519 2773.844597 3653.214273 4199.304879 2613.359536 3514.224689 58.77874865 2667.645737 2580.738859 4282.743886 2651.910977 3015.742457 6.27851085 4.463885785e-06 2617.070537 0.001346711395 20.93120738 4683.215708 3979.412984 3096.993449 0.002347891788 3713.108589 3520.524754 2580.148805 3917.320464 2210.602135 5442.406425 4.550926851e-07 2509.565523 2606.26678 746.7166564 2604.800519 4273.113832 1212.392085 0.8822150685 56.72322634 4416.978839 2651.477977 3407.383291 2555.758456 2737.223359 0.02428249822 2136.324495 5401.457479 3693.453018 2789.147521 2744.391148 3759.90557 42.03660932 2680.725997 2767.089591 3282.911525 2.801614317e-11 2012.544532 3843.59148 61.18203422 441.9921977 1.143676125e-31 5.728432845e-27 29.90548075 3736.672407 4222.868153 3.206883148e-22 
0.005679395975 2688.906369 2747.375055 2652.908265 4391.064567 2856.331395 2436.295459 5712.165151 3602.390224 4124.915035 1976.741693 2718.335757 4956.122753 6.091645913 3875.745873 1.233981037e-12 331.0590671 3614.497395 4254.054099 84.12175782 3320.850295 3163.51361 2677.776931 3388.231108 3380.264173 2434.068236 2856.268385 4319.985068 3980.541523 3609.487361 4064.553612 0.1821237541 0.002043970417 2297.403622 3438.872493 2633.172251 2631.93274 2414.872541 185.6573104 4.290541594e-09 2688.337387 5014.503328 3144.862284 4381.940916 2570.549381 3629.924729 2736.913436 3667.779956 2535.215459 2616.424444 2590.96073 4168.178004 3015.271364 2309.301532 579.1962725 3216.269086 3526.248649 2561.874024 1.193541756 1976.389088 4188.19833 2222.226643 3677.756369 5.382284412e-09 2078.935875 4279.443643 2695.387248 2087.401543 2958.767074 4481.876568 3646.933918 2630.450591 286.8734838 4993.796839 3627.271816 3327.840552 3805.986019 4417.906528 4354.146036 17.98399577 3356.162647 1592.529211 2417.857998 5432.947687 4.442905196e-23 4400.602825 1376.110504 2097.438767 2395.77817 4465.594651 3212.537789 3829.446648 2720.572878 2.449725407e-46 2716.479454 2413.040423 2481.240655 1.70647929e-147 2052.428278 53.28027246 
3758.464844 2649.39354 1.212967518e-13 2716.994751 2902.511964 2677.109021 3728.840689 1454.077636 2900.523429 3598.264373 2620.125992 0.001726004914 3246.244661 2698.658775 3113.863112 4411.748471 3681.971564 3752.429397 4846.240698 2647.450815 2412.154794 3041.642449 637.4862676 0.1312438251 3548.351452 3690.751527 819.4318315 4337.043876 2607.231972 4378.326517 5969.034775 3595.184312 2636.11818 0.004046056639 1.593629466e-08 5009.065026 2485.889832 3506.702434 68.9257823 4518.7751 4.612782913e-26 120.6524458 913.8771404 3460.750592 2685.317956 4.831911159 456.8823036 2451.426617 3982.339091 2721.610611 3247.162167 2716.324599 3738.346298 3858.089109 4520.615152 56.82160614 4569.297724 34.59730347 4051.86885 2515.253436 5033.434815 0.0004081592123 26.6266214 2304.654094 1302.35339 3592.087272 2590.585664 7.528378053e-05 4457.52568 2735.172307 2649.594649 1.066566307e-98 5251.398541 2086.811503 2.765128804e-93 1713.311118 3791.552612 3613.116372 1.489876886e-42 2651.655015 2952.131115 2808.427466 3442.749069 3155.612674 9.220134998e-69 4391.211848 4496.807869 3814.003795 9.892000172e-15 3778.811096 91.80070651 2675.423552 2702.25784 578.7815194 1.884445593e-06 8.951660502e-157 3373.39575 2878.984151 1.845301683e-07 2692.003531 
2560.532709 2646.425946 3772.81318 3.644349677e-17 3754.23529 0.0001284688793 3.094880574 2789.950045 4564.25839 0.002253708827 5123.166422 3695.540036 4345.881144 2331.682402 3507.024496 4950.90354 3423.58643 2667.188002 2710.128772 1.247325051e-05 4006.537149 3339.593636 3749.209813 4603.087057 2560.572391 3171.673046 2697.472882 2806.122827 2171.928959 5176.51097 8.715794245 2560.876893 5052.324031 3288.865862 3243.904245 4827.152406 2487.809868 0.0001153420979 2631.626514 2418.471945 2550.235205 0.7020964564 3161.688073 239.1279994 4294.477155 3600.177266 4342.907849 10.43424583 5.524003802 2664.038649 3871.113927 3693.328023 2907.521871 3537.883134 2.09722272e-09 0.001346625404 1532.138606 4.713812745e-74 2793.172271 2203.579846 2.267949111e-36 2462.665461 4457.215333 0.01167754152 3989.67381 2474.799164 1.518693622e-06 3599.975288 4.898147927e-12 4664.494208 5102.125392 3640.891273 2792.43752 3102.870229 4438.248717 3098.305928 331.868239 3340.962433 4037.426883 5587.934222 1523.374989 2527.954219 4246.362595 0.001502379636 26.30226851 3251.256911 0.3764097122 3253.26051 3.173556888e-06 396.3038965 3025.564842 1541.483331 2.066064337e-24 1.216070903e-05 1848.525163 2704.662114 250.3464885 1.046788598e-174 3364.85798 2649.520454 
0 1976.150026 3062.642832 2712.146817 1.082696227e-24 2719.103274 2734.187304 2834.095685 31.14447658 3647.363019 4438.169064 4245.65334 3.032129689 3754.007075 2.275485723e-09 2935.798625 2866.444785 2807.487187 2087.687584 1018.241814 2.306656639 0.4318938087 4465.013935 5071.416688 4214.567006 5148.908957 2716.257314 2635.274195 2686.636474 3515.520367 584.6433794 5142.187738 4338.907557 3517.82548 2874.02976 62.27015402 4814.864514 3475.238954 2643.860046 4371.046126 0.00253686918 0.1132152383 9.360540962e-22 4088.104336 3573.761799 2567.876218 245.1685225 0.04760367399 5030.014548 2726.745451 2304.112722 2613.915993 177.2049374 9.715080586e-07 2233.490282 1.016386903e-05 4092.64505 2559.552856 2569.53703 2.441001456e-07 3500.270067 2387.013654 0.0001972853397 4292.26954 2629.619868 2666.883348 2680.67598 3340.000462 3771.89201 2977.526162 2739.907818 2578.204719 0.02613008898 1627.46912 2651.345174 2666.218338 2698.102173 509.3414753 0.005337388988 5028.287042 2632.606509 3597.371475 585.289089 3.336493215e-07 2890.727642 3706.228894 2810.675338 2716.073805 3683.766868 3680.42033 4423.973306 238.064359 25.76379719 4.450842771e-20 3771.786284 2487.552565 160.3125977 0.0066062403 4.948480382e-17 2792.496617 
0.0002984532785 0.5945040475 4483.301113 2657.797808 0 2546.827774 4.478048669e-28 3738.127886 2691.260252 2598.940522 2.802488024 4061.004294 4045.554309 2769.987004 2770.180347 2901.730987 4426.495715 4045.972844 5.832349067 2576.061417 0.4769562156 3910.920746 3513.206377 2793.845269 2452.047291 3730.650189 4515.043196 787.7335904 870.5398162 3.663271434e-10 2549.771008 5.4867583e-14 3471.399513 2520.263891 1865.359454 2613.622869 4049.89211 2662.081073 1618.300517 3765.742804 2518.805187 2417.899816 2453.573608 3277.893722 2976.567912 1856.092936 1302.930904 162.6445936 5382.853605 2723.172646 4463.073879 19.42244351 2703.412463 2609.938326 2437.542026 4551.831664 2300.594672 832.6515355 2393.271446 4325.594384 2867.710562 4129.033703 214.9762382 4357.246626 3107.792966 3055.537953 4940.830287 3747.193889 5457.983149 3382.320872 2693.428929 2521.798426 2645.632221 2789.727848 2651.191299 4204.919067 2705.302255 3635.352597 3652.943754 5.747376802e-27 4328.776557 0.0004262225856 2721.358508 46.00355553 3654.145906 1973.965901 3533.445641 3225.393206 3657.176404 2499.678939 0.0003690983277 3033.985859 3234.033286 2.243983941 4512.626162 556.5233713 2.532286314e-32 1715.145552 0.006028516793 2909.179037 
1.420492144e-14 2525.017451 2852.205567 6.513116318e-14 334.5521846 3816.208768 7.962108275e-18 3760.009445 7.282009161e-05 4124.593526 1573.365309 3707.836556 3966.06082 4393.155109 293.74199 5060.538868 2.093006503 2595.122763 2722.580142 4039.615316 303.420443 5.75498181 3661.328607 3371.485593 2647.473334 44.36305122 117.2734393 1.876003432e-12 3192.073526 0.7772180911 282.5746744 2160.747702 599.9272003 2552.235303 3681.331556 2875.234595 3946.895569 3735.632326 2541.043076 4686.60575 0.3065177678 3087.346072 0.8753029208 4385.433744 4447.521555 2631.366747 2580.763277 2434.683759 4901.74354 3507.087309 824.0733147 2330.807895 2509.561616 3217.160051 2345.291391 3107.880195 3639.111167 139.8459444 3469.769358 4447.551191 2551.152618 3646.345761 0.001591465714 2629.17709 2691.648752 5619.32382 470.8589662 17.63582017 315.5898374 453.3125212 3322.524561 4302.41652 68.13186267 2169.141318 7.361365476e-15 3420.34409 1902.555738 2728.827913 3683.421038 0.8234325485 3964.838801 3721.647892 3104.642015 4422.212504 3417.46259 3552.327503 3.387721101e-150 2808.998758 2470.512046 3773.629397 7.528984959e-33 2.718384567e-11 4442.507008 8.019446628e-06 4265.702271 5.035973411e-27 2619.950926 0.5155069442 1.53203996e-30 2653.12429 
0.9370287114 2908.498202 3732.84353 6.695314165e-20 3019.020249 2374.925777 2292.215478 3747.604326 4290.258392 8.789686751e-06 3935.353095 2.351263982e-05 3696.393133 5054.398856 2555.054752 3615.729825 3615.259364 1876.505147 5708.141716 3720.052873 3716.010873 1.147810446 4546.996997 3997.586482 2467.155656 2733.639014 2610.021697 2719.319155 4272.64845 2644.028621 0.6682882965 2273.102417 5581.565804 4234.055224 2659.142268 1079.234396 4394.149601 2610.001452 4016.536543 2954.088532 2.913833685e-22 3588.414071 4910.365956 354.3262008 4719.091459 4049.714666 2681.983032 2905.808103 3690.812042 2309.0568 1.688919779e-05 3640.795674 2650.680727 2374.567691 101.0159998 2252.516736 4620.292594 4071.358747 4454.9116 4326.330777 4269.050562 0.1071638126 4769.402724 3015.530944 2693.170135 4397.902391 2640.955186 2691.594139 2956.692313 4690.990198 3598.529388 2611.216338 3626.555682 2681.096676 3306.698941 4107.163347 2155.751759 4462.314095 7.611111584e-07 985.3804985 2704.96267 5629.165543 4611.436098 1161.605334 1873.359575 322.403275 1065.521209 745.7992759 3.763241297e-08 3359.280591 3.662067797e-44 3.772906019e-21 2578.887038 3654.160124 3757.430396 2754.682962 2020.627506 3032.22182 567.5805658 0.02552159541 
3220.171664 0 2734.047832 3547.331125 2711.60125 4418.054652 2266.613703 2338.104519 1.681859286e-15 2636.350998 3749.587504 0.1418430801 6.150605364e-06 3512.950772 229.2105814 3636.272108 1.108551804e-13 4095.619917 2156.341259 2601.780695 2646.018496 6.068257935 3719.37596 0.1523428045 2566.593792 4387.270442 3536.435197 1.979522406e-08 3579.148746 1923.656575 2664.354443 3593.463032 0.003686624541 2301.318485 2601.107037 2617.001549 4293.939065 14.11399316 2620.361124 2836.673801 4294.720113 2578.174045 0.1334068569 2591.139364 2522.75967 2587.827342 2706.894538 2364.852973 2697.376948 2640.410133 3604.160774 2601.367711 14.64999626 2404.029321 2285.642915 2.485774791 3650.535924 3242.480721 4552.650714 3594.158798 2372.06573 2685.493577 3719.602268 2628.593502 4216.445039 2642.103001 3595.157292 2403.838322 3578.908296 2331.491127 3400.504512 3638.100002 2625.694664 2230.81983 184.6222136 0.1616526453 3584.385052 2891.875939 3693.567861 3041.480451 1570.778477 4438.295168 3811.289724 2204.98441 4390.434395 3805.700213 3.348041242e-07 4063.966502 3975.914124 4.738756403e-08 188.1182383 3250.389916 2677.315916 3664.839371 2345.722687 2048.418151 2855.158577 2374.492208 2912.409821 8.753205049e-16 
4.911423661e-36 4.267974369e-05 2778.927245 3591.002109 1845.333609 4390.779334 8.727808746e-06 2322.353224 2574.953283 180.5331854 2624.023011 2877.455681 3761.633145 3174.86698 4535.000322 1344.621919 2627.238877 233.2063192 3.107953355e-08 4828.371009 4364.977339 3602.63251 3445.64099 3507.465514 2671.81635 3530.452555 2601.410722 4341.585902 4240.869314 5399.213079 4273.905772 4232.404897 2624.900977 3269.232767 3484.310268 1984.724991 2.895523144e-05 24.38626254 2272.259929 4225.469796 2761.723772 3602.47053 2511.654442 3637.405349 4029.117801 3710.082336 2595.215394 5390.328592 15.51359063 0.009275873241 5072.243109 732.1645825 3997.427372 2619.702426 0.04018666955 0.1534481882 5138.162962 5362.994075 1926.199355 2816.56606 3471.473523 4325.392834 4113.597936 435.9046796 4345.719564 23.11800526 2688.899819 3660.781805 3694.19559 7.163797092 4074.640608 2631.373436 126.7376296 5074.093824 2599.003338 0.0004173034037 35.05760928 1.91931769e-23 2273.217413 2791.42687 2747.427498 3296.63509 3660.572945 2719.175386 2674.848227 3673.961666 3823.202496 2804.437751 2063.795457 3770.710243 3423.685358 2866.189295 2714.887735 2632.747896 3668.496101 2817.233851 4464.735329 0 3700.400518 3.458132459e-64 
633.9216363 3691.550447 2615.742756 4378.445669 1.494189674e-14 1.185657727e-08 3239.615873 1.335005272 2735.38201 46.6834362 3707.099281 2893.341061 3693.402354 1264.897561 4162.914624 55.29886143 3.840029943e-20 1689.164956 3199.439601 2688.22045 3660.57632 3574.076619 993.6848804 3549.466136 3675.414958 2674.206655 12.28990031 2670.899744 2555.95297 3086.038962 2600.634628 4071.567437 2416.389437 3588.053311 2915.996484 1898.30667 2577.790025 2679.803379 715.2050252 5754.874254 2399.145635 2126.825533 3604.330554 7.92327847e-66 4391.827214 2606.266754 4126.510471 3679.364346 12.57909108 4306.023414 2408.301793 4242.139475 3704.778366 3435.642251 3502.915993 4307.819708 30.74044039 5684.787098 3960.40714 4460.777746 2574.747917 2696.170059 2617.09757 4460.485147 5095.76038 3610.103842 4838.924147 3537.214951 166.1058696 2886.429611 401.6344623 15.87640582 2201.852891 4303.480865 392.2807833 4891.86238 4406.351757 4119.723118 4273.984858 2196.589616 0.04074587311 0.1497908792 2665.374718 3427.293083 4204.886565 103.1836701 2877.743412 3700.083579 2625.938408 2429.214856 4229.551901 4183.673132 3644.526377 0.6812630216 2575.806457 4496.882192 2218.937666 2.147183643e-05 2717.514799 2.24888872e-06 
3755.254146 9.958806452e-12 4.775310717e-21 5.623229574e-47 0 0.792713991 2779.3309 3813.09597 2167.122004 4.555068182e-46 873.3198074 4245.45292 2435.955302 2724.59528 173.6898427 3584.309395 3537.240987 4232.569597 4347.823964 3687.689065 1.859937912 2061.457013 77.02226767 4269.219258 2622.804298 2523.793193 2627.531169 2168.736588 0.000551859701 3608.377296 3632.68989 0.02250755019 8.111833952e-32 2536.021392 2622.262579 3293.910537 3979.91852 4150.917717 57.99048668 4122.762042 2866.725555 2995.437441 3186.089574 2551.156373 2585.782308 4459.734476 2971.128662 3867.412388 348.3015681 2541.785819 6.603439468e-06 16.07590846 4.740457129e-15 2476.25198 3820.489511 3551.380378 268.648258 3452.182482 3603.722322 1.647680128e-22 165.156464 2760.422812 2880.731487 216.3431266 2269.40962 2596.322013 2715.83487 560.9812923 2569.503302 3647.302009 61.35083269 3578.941983 2571.882876 1835.626018 2615.683239 2616.063244 2655.159089 0.003271666997 5.58149301e-22 6.133166316 3119.134493 2699.904933 7.312834247e-41 2.728645544e-13 2463.905345 3477.11691 4177.32325 3178.332095 4075.391024 1.287258676e-06 0.0003398119645 5414.646296 2717.121946 2618.901295 3751.29048 1274.333124 3.861891645e-05 3308.056942 170.283731 2.666574937e-172 
2804.778481 1.629635774e-33 3872.489704 3977.404953 3070.764934 1.391128009e-06 2843.517721 2488.874749 3740.896847 2298.514071 3788.990702 3633.208402 2564.750515 3983.160966 4832.474036 5417.04645 3.92869965 2648.774073 3677.370411 3359.478464 3061.867733 2675.724725 192.4524245 2652.888196 3485.690525 207.1139365 1226.103986 2664.773203 4354.259294 2143.301951 2694.771063 4029.429657 4450.53828 4400.147075 2545.649936 2592.759351 3545.248186 2653.526917 4181.48367 4159.407608 3335.702322 912.8564283 4230.234253 56.12226998 2515.000163 4498.174243 3348.637352 3682.845835 2403.207809 2604.641857 2910.308423 3356.107416 3632.170879 0.003053037681 2554.019172 3640.185477 4.262785468e-10 752.9556602 3556.706754 3658.746185 4790.322683 2406.275352 2256.351224 1857.940614 2.421536047e-15 3530.727739 4466.433963 3810.625802 1416.81004 2910.780794 456.1233979 2758.855764 2810.222502 0.3419089452 2.222265646e-13 2592.965789 2665.655771 2527.873427 3888.090537 3613.328604 2799.829581 2789.31442 3573.190526 3209.107283 2500.401232 0.5586713148 2807.08881 4959.837085 4275.44008 313.6433072 1.855776899e-30 4443.979901 5.986106466 0.0003695327074 4139.611258 2.533202994e-15 3.390322355e-22 2379.060083 0 2.197275206e-05 
90.27482224 2842.527713 2694.456803 1.877273989 2415.273065 1793.708449 4408.364812 2157.682266 2612.332431 2370.403307 2879.243389 3771.551419 3643.332754 3889.072615 3027.818556 3474.318505 4411.889013 2733.120203 2.56941851e-17 4542.431087 2857.589811 2641.640912 4.934105667e-31 2685.96725 3750.969267 4368.309203 113.0578591 3638.124219 3418.020646 2525.258978 1.937867113e-20 3483.385828 8.387523358e-09 2555.784843 0.02447130806 2631.381632 3691.461305 2577.018271 2511.761085 2691.052882 2015.721632 2577.001616 2592.914796 0.6551360218 3755.891381 2247.443695 0.00901695906 2496.244944 3201.040981 1838.986063 2756.285213 4.475792209 1613.074334 1064.301493 25.5532022 2826.014852 3228.732374 4960.928285 3012.918126 2699.789871 2205.962584 3407.771709 2.537870413e-10 3546.511734 4428.541402 2640.605607 3934.213631 2303.332081 2702.366918 4265.036441 1.033388678e-05 1500.718483 3763.017137 5031.989323 2376.423031 299.8524697 2732.874894 3783.991884 3256.455015 3507.546218 4223.145637 2697.536441 3103.427838 3334.552965 2239.930198 3700.88893 2707.255392 2807.187916 2821.325286 3316.973576 2830.521908 4118.553373 4565.996489 2785.85214 2.2988228e-70 3281.850039 3569.842977 4.210769559e-44 0.2335226758 1.623100749e-14 
1.968663107e-16 1.569873661e-24 0.8953192294 6.887864105e-17 4626.496164 0.003571056886 2681.801684 3087.577205 3664.871649 409.3239916 2729.946902 2539.552173 3039.140884 33.7325054 4460.897736 3099.334003 3636.043458 2875.212423 2526.144336 3043.942915 3689.589681 3634.941718 2601.685918 2629.673074 422.1171373 2771.297431 1800.389483 2207.767096 133.8260858 3698.222689 2685.369204 2337.204405 4911.483664 2558.468167 0.03145907066 3405.940938 2670.179416 4714.280697 5794.132778 84.58283225 406.7330177 8.775662139e-14 2585.611741 1.541433737e-109 4554.139725 0.001393277517 2742.571693 4690.078187 2812.335368 2633.793324 2986.907451 3.919794154 2268.585254 4518.761968 4876.61258 5042.479299 3498.752107 2987.781359 3595.687507 3.540428377e-09 2393.168863 3855.573494 4970.589793 4043.589307 3319.564649 4952.630345 3710.094208 3613.132485 2.629001319 3481.169332 2578.928112 4384.678178 2617.384021 3601.975677 3659.237336 0.003082940283 2627.543965 2473.355721 3510.834238 4866.655351 576.9673823 3761.532713 60.19295136 2869.532261 2692.94225 3084.020701 4.388075326e-12 3749.2018 3956.819025 4170.085941 1352.025053 3649.278996 3561.403571 101.013964 4421.20036 1749.106306 0.0006032178584 0.0001380353208 2.610498456e-102 8.102436603e-05 
0.00487593587 2229.662472 2688.210833 2636.908045 0.0001303908388 2717.770674 5.549616402e-10 3675.507955 2494.223155 2831.155377 2733.562269 2104.073508 3749.142081 18.12123078 2.489877333e-05 2646.340029 2645.776404 3345.853399 662.6036964 2532.57809 3631.913015 3885.281395 3123.635689 4333.016903 969.150473 2652.814897 2710.926179 53.73219714 4482.210113 3574.742776 2727.37299 4497.146178 7.980772842e-18 3647.415126 3671.104078 3643.630257 4333.203801 2635.555971 1897.81213 0.05997723055 3634.898911 3908.541521 3658.445084 1.286435897e-41 2580.025498 2246.898386 2406.197936 2588.771013 5546.443678 3348.884232 3650.739062 3332.430404 2662.252741 3235.563387 2578.132988 1.07633392 3939.652153 2571.520971 3677.340553 2730.177663 0.002806664898 2619.576961 0.0001224328268 3723.90859 9.575219556e-08 2710.032187 4107.35204 3611.769245 3032.516777 2649.426044 1763.636277 14.02583141 4088.124737 4238.661723 3520.866521 3647.232801 3988.7376 2.347509433 4977.21825 2303.093168 95.58557018 3138.438055 1727.087943 2985.804692 1.690763756e-11 872.1718294 2129.220526 6.666581568e-34 0.2219956443 3462.567639 3253.610151 3861.197408 2643.672261 3354.66387 41.78362674 4210.268299 3642.47541 2646.265221 2732.023653 2399.475226 
3.274825319e-12 2397.35519 9.056392712e-10 1.09522016e-27 3770.772675 1416.203313 2.285325912e-18 6.295567895e-44 3683.917423 3422.29434 4415.050316 4372.037735 3655.806974 2939.773005 4135.615566 3501.686445 84.26045498 1969.164233 2493.958364 6585.804046 2608.302392 3587.504859 2731.61402 4618.574111 3723.359781 2077.965248 5127.9544 4281.337293 2692.924657 3585.128371 2646.2485 2699.451617 3573.616057 7.393870614e-15 5.470081294e-07 2612.696128 3655.801724 1874.671299 3563.285428 3574.753888 4398.004244 2596.148019 3613.76104 3361.225625 5426.988943 2480.303389 4156.241285 2624.513971 0.3602318232 2241.064927 4228.229214 2603.038906 3590.623434 2788.227808 3545.046261 0.03574386023 3706.851816 2684.453286 2462.426902 3.447332614e-06 2975.042046 5603.399486 1.984060211 4340.352087 2.68347768e-19 7.872981803e-56 2949.80071 4663.917846 2621.283386 3965.489635 220.4666769 3740.262777 2663.536734 4296.08784 2639.710418 2677.335474 97.45020531 2395.747879 2.035254331e-05 3.570243115e-07 20.09447125 2868.321759 3554.045181 2490.961424 3350.282933 2327.757883 0.0008128409732 2448.236287 5.461883273e-18 3692.335885 3603.687982 2122.307412 5.426334617e-25 3320.133047 2610.49441 0.002291422493 2435.422432 0.01601250623 2.500260835e-30 2778.217348 
2893.379496 12.65125557 2.618805768e-05 2872.978341 3.940674101e-10 2599.597849 3024.825432 3.556075722e-09 3081.318395 2334.27134 893.8021798 2564.328795 0.2482446957 3033.757706 2774.531024 2663.672043 3700.38729 2951.219384 3562.773492 4895.19534 4452.788322 4330.301314 2863.52617 2787.322935 2591.558804 3474.284673 4263.872779 4.439979876e-14 3654.685587 4419.964594 2746.426605 4158.891734 3827.203428 3764.156703 2579.956061 4136.871442 3641.73882 0.005492369179 2293.42815 2225.258453 3201.993074 3205.597274 2980.298894 1.490923952e-12 2411.433913 3832.305929 3174.077433 3615.50616 2687.484416 3809.900024 2618.095115 3181.305514 1.985241572e-56 2434.161724 2598.376531 3607.266106 6.90474712 2743.175053 4.64059519 2971.831102 1450.583732 3307.99718 3336.270141 2678.356519 5.602739738e-49 3059.374539 1843.995876 31.9643515 0.09569839699 6.684196404e-06 5307.835284 3698.878034 2616.653601 2729.08425 3685.927702 4437.746013 4422.468057 4662.744479 4378.896623 5106.629856 2686.986874 0.0001042918988 3408.388282 3722.355651 2809.814545 4033.288916 2406.602627 3939.361221 4633.603287 2643.508607 4087.57873 3509.520881 3720.302595 2770.774177 2899.61761 4185.856346 1.358127632e-22 1.866481439e-11 2653.197251 2747.296013 
8.095315877e-32 4524.295538 3755.052591 402.7949162 3239.323023 1.338358346e-10 191.0725398 2717.300262 1.992245003 1.913934704 2808.937162 1479.290916 4463.822366 4017.097267 2764.765355 2748.517739 2722.735504 0.03830706553 2705.393991 3323.814682 3688.102083 3891.654167 3.288340605e-08 2709.286415 4379.245905 2685.384215 23.73628377 2183.46841 4290.007937 14.58090099 3761.153957 4469.16808 4458.833629 2030.175477 2368.937127 4572.927483 2652.726385 2799.117151 2592.524385 2604.999792 2479.267578 2676.130613 3521.395429 36.60643978 4379.264782 3625.333013 3674.96058 389.6173171 0.0002551754671 4182.763133 3673.662455 0.005207874455 3166.553942 3552.148646 3655.667847 2.490972596e-27 3880.749425 2665.928635 767.0393146 3473.887909 3393.065094 4437.009151 3598.085167 4713.849937 4513.764254 2508.915777 3720.529777 4379.570399 142.9382569 2498.719364 4577.670514 106.0657775 4646.426484 3685.861105 4377.305288 2797.899773 4071.946638 1232.997377 2664.367005 3186.317204 3059.930472 3067.445735 3737.018003 2765.37279 3769.02258 3144.535282 282.4521771 2690.395835 4.623223241e-24 8.648310623e-14 2679.491855 5.64640754 2.268200941e-82 4117.060625 3223.249705 3557.327866 3.284865509e-19 2557.40695 2582.562461 4.873789359e-07 
219.9199726 2.195103565e-48 2912.460194 3779.073636 2731.795738 33.37312142 2699.408081 9.05174971e-06 0.0003703843188 3712.699081 5038.040774 3039.096194 5087.43557 2740.389931 3245.56045 2521.201586 2627.656049 4.053384802 3478.224851 3678.625794 4371.148269 3703.791889 36.84322325 3485.755529 3705.749518 3556.754424 3308.856415 6.560136046e-31 2719.082072 2645.995552 1833.03297 2365.616156 3933.142226 2570.613396 2447.615644 2472.955933 2277.3508 4364.974308 3734.785128 3369.699727 3006.354166 2664.819122 3603.634948 4268.607485 3064.065959 3844.819048 3.413479455e-14 3692.507059 3732.92033 2341.14021 4180.630198 2301.194111 3318.770233 149.9638353 4303.003356 3584.643501 2304.12488 2668.932571 5086.516455 2668.28065 3632.690121 2587.629829 2146.392237 3198.736928 4542.256846 2891.393477 0.08250235769 2774.242871 3933.919726 4184.376944 2248.861221 3624.469181 2617.701929 985.5851364 2531.567856 2604.628402 3215.878974 2740.778892 1.901853329 4047.095834 3747.930908 3657.020503 14.88853194 5252.581264 4145.416827 213.7093958 2673.019967 3904.605252 2685.733651 2895.775145 3610.252076 4280.696313 2.243733287e-22 650.4376824 2430.205172 2500.846705 3219.561709 18.71436394 0 2721.309292 
0.3173595609 5.42846447e-122 4599.86538 3668.418731 2581.602759 3591.799256 2638.145585 6.420765209e-28 3331.535784 2872.250578 2785.865134 3574.687337 2677.694115 4676.85088 3927.087633 2675.249009 3213.811345 31.4766799 3699.141186 2565.444652 3618.30903 2741.203529 100.781791 2481.559623 282.106445 2755.869727 4246.24236 39.51673331 1709.502541 1483.58262 5138.248662 2604.726173 2560.941596 3693.749879 2619.147397 2759.473008 3596.995018 3115.491881 2637.278389 3403.314706 2196.83532 4201.39028 2809.536314 4316.472952 2644.204042 1287.739656 3653.976623 2438.130329 2646.332581 1.891948038e-10 4266.463887 2374.32962 3.001136759e-34 3319.282717 5010.251511 2580.518127 2623.892192 2628.962666 2597.874968 0.3244561092 2669.810084 5797.063701 4115.192355 4252.689265 2906.709771 4317.89332 250.3405999 4468.07714 2603.372633 1942.026351 2626.517677 3712.229084 2580.469915 3603.343261 2701.494315 3558.238094 4.16583222e-10 3374.371343 3585.016077 3609.502142 3625.375971 3463.222087 4810.876272 4037.602355 519.2733401 0.04060294676 1196.787187 2150.703727 3673.246209 3744.590978 2654.227373 1326.986153 3495.687935 2785.210966 2827.589257 2100.431136 3.07924939e-33 2702.538455 3372.454998 2953.797176 
300.3158938 5.041919604e-10 2870.727938 6.703912654e-15 3704.161388 2733.190936 2885.480388 2757.524615 1.371284787e-81 3546.477758 2668.821052 3176.537556 58.27683191 2169.467132 96.84915893 3698.29478 2583.16443 2541.748303 3712.588386 3026.923129 3499.648637 618.9991917 2329.564371 3667.621743 2357.957836 3325.374105 51.59136612 3.497634928 3448.111667 94.63140414 0.406122417 3649.453425 3665.92525 3919.439031 3582.643678 3742.158508 4692.48355 1138.080159 0.0401827744 3648.266335 85.74541387 2816.974391 2399.909405 0.0002176931461 2238.193282 2637.620094 3334.327027 2494.182513 2632.55644 4880.728424 2373.221286 2620.697429 2617.65855 2734.949723 0.2070624435 2103.871661 2548.445221 2674.214591 0.006587411118 4262.236734 1850.521632 3705.555628 2094.877415 1.507512981e-11 2875.112849 2788.31858 4255.285609 753.8464661 7.678672055e-05 3891.149624 4090.822075 3843.341796 2549.533255 4312.523825 3604.649845 2234.989194 3374.400781 4543.292936 2684.596803 3587.636227 2194.015939 3717.342268 1924.758357 4611.513428 3034.429856 3730.66419 2301.921115 2618.154223 4070.592792 53.73836341 2220.127846 3505.528724 6.327229746e-39 3761.348586 221.5503302 0.1473622823 2905.490951 2393.629272 2189.896142 0.04014159349 
3076.507784 387.2310321 2.590578433 2717.250269 5.39040252e-43 2311.34372 3284.93839 1229.546156 4140.044686 1.196662448e-27 4337.375585 2943.140296 1.32761095 3644.365921 2981.011514 4038.171955 3134.241795 2544.353945 2456.362902 5429.318597 4431.163162 150.6009941 3077.986628 3074.308235 4213.463839 0.005525720238 4444.674638 9.267366504e-11 2682.438413 4371.341862 2977.213536 2850.560167 4506.144267 1247.504219 3561.465796 4325.565721 8.518999693 2586.440537 2610.989929 5002.809031 3476.370099 2879.441741 3668.96083 3948.646947 3733.826227 5009.58632 3224.154391 2036.917691 3772.227568 2257.50281 342.1355414 38.93582179 4236.848451 96.49823609 2858.470635 139.5188305 288.7105209 1952.01871 0.005925660216 61.79279216 9.689036381e-13 11.401859 178.8196514 0.06185290754 4.652421309 3476.234431 2604.878342 48.99927055 0.01755919084 2885.112175 2.696431227 4172.541359 3709.834008 2503.768194 2334.441956 3941.986334 2528.36292 4430.926329 3740.954656 0.0005686077429 4389.148052 4869.149257 3774.518816 4315.056815 3321.590036 0.0001807569341 2.030357767e-10 3810.773388 3301.889986 0.006385736041 3532.37993 2740.691303 2491.944009 2078.390654 3052.110833 2956.139083 2.67552245e-12 0 2983.334602 0.2268247813 
2759.957082 2748.935678 670.6549478 2806.737439 15.36582663 4282.399656 1.274593063e-27 2745.838176 2848.849743 2730.808927 63.71895538 2.58907701 3039.623344 2708.491702 4834.460114 3532.436401 2742.822149 2692.421249 3561.587734 0.006678493684 3262.073126 0.2552070284 5063.676003 2770.380139 3147.583536 3302.158503 2748.167593 265.5238197 52.00250092 2665.533608 4586.805092 2811.752774 2592.532547 3720.682021 2882.286397 3593.79126 4531.02817 4124.490028 2237.247041 4.380137124e-08 194.9500287 3756.491721 5.076686706e-54 11.15448329 5534.182771 3749.465006 2275.361386 1070.10763 2770.425213 2696.127349 2802.442698 4003.542323 5309.898265 3598.303581 4345.533545 2590.620786 3693.745163 3682.396244 2705.773004 3421.797132 4004.642892 0.01944048672 2465.862921 2613.849577 2757.434169 2857.916866 3406.586109 1.970703406e-12 2724.804739 0.004520430985 0.002290221563 0.4193712081 3708.007198 3850.704478 5010.335111 3712.308443 4212.289621 4296.06913 2483.803393 0.0004168537556 4422.837928 4349.193077 3755.628626 3997.878599 2702.284669 4343.887084 77.57132583 4576.583139 3622.654763 6.576744407 2339.180462 3748.076295 2706.897426 1512.543771 2166.476272 34.89464868 2724.184295 2807.249825 6.225061083e-06 6.059265064e-136 
1.225119478e-17 2694.244944 2845.122747 2684.510671 2704.814057 2391.284733 3776.035117 20.10121994 3767.691287 3696.575485 4047.657297 3753.500744 3737.580491 2575.430404 4345.365401 4150.672551 4360.149646 3324.79647 2715.907968 4188.506397 4496.733146 4037.778263 3405.792595 4476.592723 945.9152991 2702.770577 2707.780761 3763.123185 0.07698243664 2379.742789 2713.62215 4521.491067 3.367277951e-12 2458.143381 2990.761095 1.456767903 2824.078773 2859.939819 2635.872898 0.09696408594 2882.191176 2613.866473 2857.894934 3.981354627e-31 2892.924826 923.0624427 1.458806185e-158 247.9038562 633.5060639 3981.296756 1788.319505 62.6443385 0.0004909807325 2676.841681 104.8312835 2792.670698 4384.329909 2641.572441 4433.441838 4406.300423 2617.36937 2128.201966 2364.611294 3361.827822 2638.112766 10.862615 0.000470773814 1629.340907 2669.193026 8.698887437e-10 0.8639591604 2969.665467 7.884330506 2615.596639 239.2088471 2801.183238 1.353786231e-07 1.335725702e-15 4256.908589 3205.966527 2746.85042 2908.945609 2758.131523 4496.758755 9.424335082e-07 4765.551408 5.377672751e-44 3814.333995 9.073868479e-52 2.150369916e-09 10.08700576 2873.122986 0.0003710494834 3040.287637 2.484042417e-144 3698.612788 3280.004212 2.389051072e-72 9.088894639e-38 4.075513553e-05 
3370.62905 3.147221111e-66 2740.827846 3136.443779 0 1.425053005 3659.124676 2120.852711 2863.969324 5.317156021e-13 2619.24572 3618.942983 0.01323991683 2717.374923 1.365133462e-05 3431.42699 1.429972298e-11 2435.654473 2708.954864 2620.504472 2606.669335 2886.961355 2852.787134 0 2692.501044 2649.718125 3375.767087 2499.663456 2869.95961 374.3835464 9.570454325 4440.235031 3.025282298e-24 1762.164434 2061.830754 2735.761422 3568.288772 3603.545137 15.00130731 58.63889258 2654.749166 1398.975021 4552.498101 146.3762935 3043.368095 67.49761455 3733.938055 3156.522848 0 3725.206455 2861.731877 3522.987283 4120.829942 0.01193700587 4521.660084 2776.829587 2861.101701 3078.323316 3249.63237 2.507317753e-16 9.324826057e-07 2673.588596 3686.29139 3069.985924 1.20790007e-148 2521.813553 2643.753243 2777.644099 2451.163348 0.1713890421 0 4499.997352 2760.648664 2824.865608 7.002535936e-33 2765.550798 1974.185997 2724.683033 1.097864305e-05 2746.03072 4007.855207 1503.900202 3182.655097 2944.501442 3581.858196 2.486551672e-11 2487.914567 4537.471125 12.0343213 4.712945345e-26 2703.071519 2821.357233 4899.751416 4179.023254 4.365305609 3059.560129 0.0006627712872 2808.923325 3898.152209 666.5509101 
2039.067891 1.762098468e-27 0 1.100561537e-57 2.201270566e-21 2639.091924 2958.817911 2807.754006 2.945583337e-27 5603.94713 3871.092342 3677.152161 4.799091414e-76 4.853787244 4229.833633 1558.51687 3644.808038 2.012819591e-26 3.658784995e-26 3763.692611 3016.393086 2799.658978 1181.866475 4.523584886e-21 15.46556951 0.02703734576 2539.779272 2517.731149 3068.638066 3472.852044 4292.646995 3265.840226 2639.664325 2.346564611 3636.769834 2773.315671 12.32465655 2122.177652 3764.800116 2284.463069 0.6344340606 2642.20942 3591.999536 2780.004874 4288.77537 2519.447356 3.102184342e-42 4.245236009e-171 0 2382.961203 2638.236237 104.068978 3692.633457 3595.771781 1473.947857 4314.13373 4310.215524 2308.685529 2850.679478 0 420.1889024 1.025210095e-05 3764.187551 2.057391228 2.056949611e-15 1579.87185 4230.351954 4515.542086 2938.059399 2732.77307 3198.828733 1.828450096e-15 4226.671788 3514.624628 0.001386672446 3443.90795 2482.89476 4451.552792 3620.450663 3329.127182 4868.909551 2795.76872 3595.883013 2365.22577 148.0722654 2757.764821 3731.006471 2891.910035 2210.301052 3639.445717 2987.001832 4401.260368 3661.128478 2769.45451 1.179387083e-27 3810.112956 1675.434619 2772.465355 2463.828801 2456.716721 
2.133263403e-99 656.5492549 4.775681487e-48 0.7404786322 2826.164658 3778.678027 1.335746717e-127 3542.264871 5.168920295e-16 2920.599566 2722.064942 0 2.62617444e-58 3511.043153 3531.985142 2782.548255 3596.324016 2.211415627e-15 2411.925225 2872.860451 2643.507658 4596.889837 0 2699.17794 2894.944509 5.782075633e-32 2654.032108 5.297665611e-102 0.8955221987 2947.634816 2885.871542 3149.823484 4453.129352 0.09434635968 2601.612434 8.315299685e-23 2680.260247 1.390328493 45.43030008 2684.5246 3469.486315 4462.274397 2662.257055 8.740592596e-10 2.834707879 3198.973608 30.63062831 2775.925365 2776.788522 2.266237341e-96 1.04936899e-32 3054.873901 6031.006833 9.287733348e-40 520.4893416 2725.505934 2280.480229 2598.736015 1.147277278e-30 2909.079145 3456.453782 0.09769163899 9.519404967e-138 1.636537138e-23 10.05103436 0 0.5298525671 4254.193976 2743.13548 3.259889507e-37 2606.910278 2804.501644 0.0006524781846 75.33596599 0 2744.822276 2802.051447 21.34834049 3605.405168 212.0875017 7.149850065e-15 2850.938877 1.218924568e-12 442.5401445 8.921722788e-12 2.18836427e-18 2224.449724 2851.086747 2895.843165 2781.270363 6.519785689e-30 0 0.005936218613 2025.781157 1.531926396e-28 2240.696473 0 0.4600959501 2767.110565 1.42130505e-156 
# Events [PSD_fluxposB/PSD_fluxposB.dat] N:
3 3 2 1 4 2 2 4 3 2 2 3 0 2 3 5 2 3 3 6 0 4 3 3 3 3 6 8 4 5 1 2 4 8 8 2 5 3 3 2 7 3 6 6 3 5 3 2 3 3 6 4 5 4 4 4 5 7 2 4 3 3 3 7 6 2 2 4 1 3 7 2 4 5 2 6 4 2 3 3 5 2 1 1 1 1 0 5 0 6 1 1 2 2 4 8 1 1 3 5 
3 1 2 3 2 6 2 5 5 5 5 6 3 2 4 5 9 3 4 7 2 3 6 1 7 2 3 2 5 4 5 2 3 2 7 5 3 8 7 4 7 8 5 8 6 3 3 2 8 2 3 3 4 7 8 2 8 3 9 7 5 6 4 4 2 6 4 7 6 6 4 6 5 7 2 1 2 2 3 1 1 4 5 2 3 5 4 5 1 2 3 4 4 2 3 1 2 0 1 3 
0 0 2 4 1 8 3 2 1 2 3 3 2 5 4 3 4 2 3 4 5 4 9 7 3 4 3 1 8 2 7 7 6 5 3 3 6 5 8 3 11 7 8 4 2 3 9 5 9 7 5 10 5 6 7 6 2 10 3 4 4 5 3 7 2 6 4 7 7 9 3 5 7 6 4 8 4 2 3 5 5 5 5 4 0 6 2 2 2 4 4 1 3 4 3 1 3 1 4 3 
2 6 3 4 3 1 3 5 3 2 0 4 2 6 3 6 3 5 5 7 6 9 8 8 7 10 3 7 6 6 7 9 6 9 9 4 9 7 8 5 3 4 7 7 9 5 7 1 7 7 3 4 3 7 4 6 5 2 3 6 6 5 1 3 5 7 7 2 10 7 7 2 5 7 6 8 6 4 6 2 2 7 6 4 3 6 5 6 4 2 4 0 3 1 3 5 3 4 5 2 
4 6 4 3 3 3 5 2 9 3 2 6 1 2 3 1 5 4 4 6 4 5 7 4 4 4 5 6 10 8 7 7 5 5 8 6 7 8 4 10 7 5 5 9 3 10 5 7 12 3 3 5 7 6 7 8 11 9 5 5 5 0 6 8 8 5 6 7 10 5 9 10 3 5 2 11 5 3 3 9 3 5 5 5 8 3 5 7 7 5 5 2 3 0 4 5 2 3 6 0 
4 3 3 5 0 4 6 11 1 4 3 1 6 6 5 5 4 9 5 6 3 4 2 4 4 6 4 3 13 5 5 6 8 11 8 10 8 8 4 4 5 13 5 8 7 2 7 6 4 8 4 6 9 2 8 5 7 6 5 6 4 6 7 8 9 8 6 7 4 4 2 5 8 3 6 10 4 2 2 7 6 6 9 8 8 3 3 2 4 4 5 7 4 6 4 3 3 5 2 1 
1 5 1 6 6 3 6 0 3 6 4 2 2 6 3 6 6 4 5 12 5 5 6 4 7 8 6 8 5 6 4 5 6 8 6 11 7 8 11 7 5 6 7 5 7 9 9 5 9 7 12 5 9 8 10 1 6 6 10 6 6 11 7 5 7 8 5 8 8 5 5 9 6 6 10 6 2 1 1 6 5 6 7 4 3 4 8 6 6 3 6 4 6 4 5 1 4 5 1 6 
3 6 3 3 5 3 8 6 4 6 5 6 9 7 4 7 5 5 6 9 11 5 11 5 7 9 5 13 13 4 4 7 5 11 9 9 2 5 9 12 15 12 5 8 6 12 10 5 10 2 3 6 4 9 8 8 7 3 9 5 4 9 4 7 7 10 5 11 8 7 7 6 7 8 4 2 5 6 4 7 2 5 4 3 6 3 9 8 9 5 4 7 6 2 3 6 6 5 7 4 
1 2 8 7 7 1 3 4 6 6 5 5 6 4 6 6 3 7 5 12 9 8 10 5 9 6 6 6 7 11 9 12 6 9 8 9 12 11 3 9 6 10 6 7 5 7 7 8 4 10 10 9 7 5 4 12 6 3 11 5 4 6 9 15 10 9 6 4 4 8 5 2 7 6 3 5 5 6 12 7 8 8 8 10 6 5 7 3 5 4 7 4 5 6 9 6 3 4 6 6 
3 2 3 4 3 6 2 5 3 4 8 8 6 9 4 6 4 5 4 11 4 7 4 3 6 13 5 4 5 9 8 6 7 6 8 10 15 7 7 10 11 7 10 8 2 15 8 9 5 10 11 10 8 9 10 10 12 11 5 17 5 8 7 15 11 2 12 10 8 2 6 7 7 12 5 6 7 6 7 8 11 4 7 8 6 9 4 5 8 1 4 6 7 4 1 2 5 7 4 4 
5 9 7 3 5 2 2 7 5 8 3 7 1 8 7 6 6 9 7 5 11 4 4 8 6 5 4 5 8 6 4 4 10 5 6 9 6 6 7 11 11 6 10 8 8 8 6 8 7 4 12 9 9 8 13 8 7 10 9 3 7 9 9 6 11 12 7 10 9 6 9 5 1 10 4 5 9 7 7 4 6 7 4 6 3 7 8 3 8 5 5 5 3 1 6 4 4 3 5 3 
5 6 4 5 4 5 6 4 2 3 3 5 8 3 8 6 8 2 9 3 7 7 8 6 5 6 5 17 5 9 7 3 14 11 12 9 7 4 6 4 7 4 9 12 5 8 9 7 4 7 7 12 4 3 10 12 9 15 14 8 7 2 7 7 8 8 7 15 14 9 8 2 5 9 7 8 8 7 5 8 3 3 6 7 6 2 3 4 5 5 4 9 7 7 3 2 10 4 6 3 
8 3 6 6 4 5 3 5 6 2 3 7 4 6 6 11 7 2 6 4 3 8 7 3 10 7 6 4 5 6 9 9 6 4 7 7 9 10 6 4 8 9 9 6 10 7 5 8 5 9 8 11 11 9 7 9 3 10 7 12 12 9 7 9 6 6 7 10 8 9 11 7 9 9 7 9 5 9 6 6 6 6 5 6 9 7 7 6 2 5 1 2 4 2 2 2 7 5 4 3 
5 4 5 3 8 5 3 4 7 4 3 3 9 7 6 3 7 3 8 9 7 6 8 3 17 4 6 9 1 4 4 13 6 6 4 6 13 8 8 8 5 5 3 8 7 12 4 3 9 9 7 2 13 12 7 6 9 8 7 12 5 5 4 8 8 9 8 9 6 6 6 3 9 4 5 9 5 4 1 4 4 5 5 8 10 2 5 7 5 6 6 1 1 6 8 6 4 6 5 2 
4 5 3 2 2 4 4 5 5 4 5 4 6 6 5 3 7 10 12 7 8 6 9 5 7 4 6 8 7 9 5 8 8 13 13 11 9 8 7 5 6 11 11 5 9 12 11 9 13 13 9 11 8 11 8 7 7 8 7 11 7 8 12 4 8 8 4 11 9 10 4 4 2 9 9 6 9 3 8 2 8 6 6 3 8 5 8 6 4 6 4 2 6 4 4 2 5 2 5 5 
2 5 4 7 5 5 3 1 3 4 11 6 3 9 3 6 4 5 4 6 6 5 5 6 9 4 8 8 3 9 5 11 11 5 5 6 5 8 9 11 5 6 6 10 12 8 9 9 8 5 12 3 6 8 10 7 6 10 6 9 8 5 6 9 7 12 5 10 9 8 9 10 4 4 8 5 7 5 4 11 7 7 6 4 7 2 7 5 8 4 7 7 7 4 5 4 9 5 2 4 
3 3 6 2 6 3 9 5 5 6 10 3 4 9 7 9 12 10 9 4 5 5 8 8 7 6 4 9 4 8 6 5 10 11 8 9 6 11 3 3 11 5 6 3 9 6 10 12 7 7 6 9 5 7 7 11 9 13 9 4 9 11 5 5 6 6 11 4 9 8 4 6 1 4 9 10 11 8 1 8 3 6 5 2 5 3 6 5 6 5 7 4 5 3 6 4 5 1 4 5 
5 3 4 5 7 6 6 8 4 7 2 2 5 6 3 5 8 5 3 8 5 9 6 6 6 4 3 4 6 4 5 8 7 8 8 9 7 5 7 8 11 7 6 7 5 7 4 7 9 13 7 10 7 7 10 7 4 8 9 9 9 6 3 9 8 8 9 7 6 9 9 9 7 8 6 9 7 13 5 5 8 6 8 7 9 3 4 3 3 2 4 2 3 5 2 5 9 4 4 1 
4 4 4 5 3 3 3 3 2 5 8 3 7 3 5 5 7 5 6 7 9 7 11 7 11 6 10 1 7 6 7 14 11 4 4 4 5 10 8 6 10 6 10 13 7 10 11 10 7 8 6 9 6 9 9 10 7 7 10 9 13 11 8 8 9 9 8 5 6 10 8 12 10 8 4 8 4 9 3 5 4 7 9 10 6 9 2 2 3 9 2 7 1 4 5 6 2 5 7 5 
6 2 4 5 4 5 6 3 2 7 5 4 2 4 1 7 6 7 8 4 3 6 10 4 4 6 6 8 6 7 5 9 5 9 7 11 10 5 11 6 7 4 9 5 9 9 9 4 12 5 12 10 7 12 5 10 6 9 14 5 18 11 9 5 10 9 7 7 8 9 7 6 4 9 10 7 13 5 10 8 10 10 6 6 6 6 10 3 8 5 2 5 5 7 7 3 6 3 6 4 
1 4 3 4 6 3 8 3 4 4 11 7 3 4 5 7 5 3 7 6 4 2 7 6 6 4 6 9 3 9 9 6 8 5 9 6 7 5 10 5 12 6 10 7 1 7 7 6 5 7 8 8 8 7 9 9 8 14 8 5 7 12 5 9 10 7 12 11 9 6 8 4 7 4 8 8 5 3 5 4 9 8 5 6 3 5 4 5 4 7 3 3 4 1 4 3 4 4 4 1 
5 4 9 3 3 5 5 8 7 6 7 2 4 7 5 4 9 8 3 3 7 1 3 5 8 6 3 10 9 10 9 4 6 7 6 8 11 13 6 8 11 8 11 9 6 7 5 4 6 11 6 6 9 6 13 10 10 7 4 11 5 6 10 5 5 10 10 7 5 4 5 10 10 8 4 3 3 5 11 7 6 7 7 5 6 2 7 5 6 3 7 0 7 2 3 6 2 5 2 1 
3 2 6 6 4 3 4 5 6 8 8 7 8 7 4 4 3 7 7 7 7 10 5 11 6 4 10 1 8 8 6 10 6 8 5 8 8 6 10 6 8 3 8 8 9 11 8 7 4 6 5 8 10 3 12 6 11 10 7 8 10 5 5 8 10 9 6 11 11 4 8 11 6 5 9 8 10 11 17 7 2 8 9 6 5 4 0 4 6 4 2 4 6 3 5 6 6 4 5 3 
3 3 10 4 5 4 5 5 6 9 8 8 11 8 4 3 3 8 7 8 8 8 8 9 6 4 6 4 6 5 6 14 7 9 11 9 11 10 16 13 4 6 8 8 13 8 7 6 9 4 7 4 10 7 4 7 8 7 9 7 6 7 9 5 5 9 6 5 8 5 7 8 5 9 7 8 7 1 7 7 6 7 7 9 1 7 0 7 7 4 5 5 5 4 9 3 12 7 4 4 
4 6 5 8 2 1 3 6 4 4 2 8 11 6 4 6 4 1 7 6 9 2 2 8 10 4 5 11 6 7 5 5 8 6 12 10 15 8 5 8 10 6 4 5 6 9 6 13 6 8 9 12 6 7 4 14 6 4 9 6 7 6 6 4 5 8 7 7 3 6 10 3 3 8 10 7 4 2 3 6 5 5 8 8 6 3 4 4 8 7 6 5 5 1 5 11 2 3 4 3 
4 3 5 4 4 4 3 4 4 6 3 5 3 8 5 7 6 2 10 8 4 3 2 7 5 9 12 7 7 7 9 6 7 7 15 9 6 11 7 6 7 4 12 6 10 7 7 10 8 12 5 6 8 6 7 7 8 4 10 4 8 11 10 6 4 6 8 12 8 5 9 7 7 8 5 7 5 5 5 2 8 12 6 4 4 7 10 11 5 4 10 5 5 6 6 2 6 7 1 3 
2 5 3 2 1 3 4 7 5 4 7 4 4 4 6 3 5 5 5 6 9 7 6 9 7 7 7 5 13 7 3 3 7 9 6 7 10 7 7 11 8 7 9 10 17 6 6 7 5 11 11 13 6 10 9 10 7 7 7 7 5 8 7 8 10 7 4 5 7 9 9 9 11 11 5 3 7 8 7 8 4 9 2 6 5 3 4 1 4 4 5 3 8 3 2 2 4 3 2 6 
2 4 2 5 6 7 3 6 6 4 3 4 7 5 1 6 5 3 8 1 8 13 5 8 10 4 5 6 7 8 5 4 7 6 8 6 3 9 4 10 4 3 11 6 7 7 12 10 7 6 9 10 12 4 8 7 4 10 6 4 1 4 7 15 12 7 4 7 8 7 4 5 5 9 8 7 6 2 4 5 12 9 3 6 2 6 2 8 4 8 3 2 6 7 3 7 3 7 4 5 
5 3 4 2 2 0 7 5 5 4 4 5 3 4 6 2 7 7 5 4 7 3 7 5 3 5 7 8 1 6 7 6 7 5 10 5 4 8 7 3 8 6 9 7 10 10 5 7 7 6 4 6 7 9 10 8 9 9 4 7 7 9 6 7 7 7 12 3 9 5 7 11 11 6 10 2 7 9 3 7 4 6 2 9 7 6 3 8 4 1 4 2 3 5 5 6 5 3 3 6 
5 9 9 5 2 9 2 2 7 3 2 4 2 5 9 8 4 3 13 8 7 4 8 6 6 6 10 4 6 7 7 6 10 8 5 7 4 11 7 11 4 10 9 4 5 11 9 8 11 9 9 5 11 12 8 7 9 10 3 6 8 10 5 4 10 1 13 5 4 4 4 3 7 5 7 5 4 7 4 7 5 4 4 5 10 3 7 5 5 3 6 6 4 4 4 6 3 6 3 2 
3 7 6 6 4 7 5 6 2 6 6 5 2 5 4 4 7 10 6 5 10 8 7 9 3 7 6 7 9 6 7 6 8 13 5 8 7 8 7 7 8 10 8 10 8 8 5 10 7 5 9 10 9 3 10 4 5 11 10 6 9 6 8 9 6 10 7 11 9 9 9 2 10 3 8 5 7 4 5 6 1 5 4 7 6 5 3 10 3 8 8 7 6 6 1 5 5 4 5 3 
1 4 6 7 2 5 1 4 3 9 1 7 5 6 4 3 5 8 5 6 7 3 5 2 3 9 4 6 6 5 6 11 7 12 11 12 6 9 8 9 8 7 10 7 5 7 4 9 6 11 7 8 10 10 10 13 8 5 10 6 8 7 10 13 4 8 7 11 9 9 9 6 11 9 6 8 14 7 7 4 4 7 5 7 3 7 4 4 3 7 3 8 5 5 2 3 5 1 4 6 
5 4 5 3 3 5 0 2 3 3 2 2 8 6 7 9 8 1 4 8 4 6 8 11 8 4 6 6 6 9 7 9 7 5 5 9 5 8 7 6 10 9 5 14 9 10 7 9 4 6 4 8 4 9 9 19 4 3 8 12 6 9 6 2 9 7 4 5 5 4 6 15 2 11 9 4 6 9 6 2 6 4 4 4 4 6 6 4 5 4 5 8 0 3 2 8 2 7 5 2 
5 7 3 4 7 1 4 5 4 7 5 7 4 8 8 4 9 9 6 12 7 4 8 3 5 8 3 6 6 7 5 8 6 9 8 12 7 5 4 11 6 12 10 8 6 13 5 8 8 7 12 6 10 9 9 7 8 4 3 4 8 12 8 8 7 9 5 8 9 4 4 8 8 7 10 7 7 8 5 6 2 4 4 3 2 5 7 5 5 3 1 3 7 5 4 1 3 3 8 3 
3 3 0 3 3 4 3 2 1 3 0 6 5 3 7 6 8 2 5 10 7 9 4 6 8 6 3 7 7 5 9 13 11 6 12 9 5 9 9 6 7 8 3 12 7 12 11 10 2 9 10 13 9 13 2 9 9 8 8 8 9 7 15 5 9 7 3 7 9 5 8 6 8 6 4 7 3 3 5 3 6 7 7 4 6 5 9 3 8 3 4 5 6 5 4 6 6 1 4 3 
2 8 5 4 5 6 2 2 4 4 7 3 10 6 2 8 3 8 3 6 7 6 14 6 3 7 7 6 14 6 4 8 8 6 14 4 11 8 5 10 12 5 11 7 10 7 4 10 10 11 9 12 9 7 9 6 4 7 8 7 14 12 8 10 6 5 6 10 4 6 10 10 11 8 7 8 6 7 10 10 3 3 2 7 8 6 3 2 12 5 3 4 2 5 1 6 2 4 2 6 
1 6 3 4 3 3 4 6 1 6 7 3 3 0 6 4 2 6 4 8 4 4 7 2 10 8 4 7 4 4 6 13 8 10 9 7 10 8 10 9 9 9 7 9 6 9 9 6 12 13 6 11 6 7 3 6 10 12 13 5 8 8 8 7 4 5 8 2 8 4 5 8 8 6 5 13 2 4 7 8 2 6 4 4 7 4 5 4 1 3 3 4 8 6 9 8 5 8 5 1 
2 4 3 3 3 8 5 2 5 7 8 4 6 7 5 4 8 6 8 6 13 6 3 3 8 6 7 9 5 8 6 4 6 5 8 10 6 7 11 16 5 11 5 5 9 10 8 5 6 3 6 8 5 7 2 5 7 9 7 2 4 8 6 9 7 4 8 3 12 6 7 10 8 8 4 9 10 4 4 7 3 7 11 5 9 8 3 6 9 9 5 6 5 5 4 4 10 10 6 6 
5 6 7 7 3 8 3 5 9 4 7 4 7 11 7 0 5 3 6 4 6 7 10 5 10 5 10 10 9 8 12 7 10 9 14 10 7 8 9 6 8 11 13 9 10 9 5 6 7 10 8 7 7 9 8 9 12 10 5 14 6 7 9 9 11 8 5 6 5 7 6 8 7 11 9 6 4 4 6 4 4 10 10 4 2 2 7 5 7 5 5 7 5 3 6 2 5 2 3 11 
3 3 3 4 4 4 4 8 3 4 1 5 3 11 7 4 4 4 9 7 5 3 8 4 14 15 13 10 7 7 5 2 6 10 8 8 8 12 7 5 9 8 6 10 7 9 12 8 8 6 4 5 4 8 7 10 17 5 9 9 5 5 10 10 10 11 2 8 7 7 9 9 7 3 4 8 8 3 4 1 4 6 8 3 2 8 6 5 3 4 3 6 9 5 3 5 4 3 6 5 
3 4 5 3 7 1 4 2 6 2 5 4 4 6 5 6 4 8 3 8 7 3 10 4 6 10 5 8 5 7 6 2 15 12 5 5 7 13 9 12 12 7 11 7 10 15 9 11 6 3 10 6 5 9 16 7 6 5 6 10 7 11 9 10 6 8 7 11 7 10 4 5 11 8 7 7 4 5 6 5 7 5 4 6 2 10 2 8 7 4 5 7 5 5 3 4 1 2 7 4 
5 3 1 3 5 6 4 6 6 8 2 1 1 4 5 4 4 9 9 7 7 5 7 7 3 5 14 5 8 10 6 9 4 5 11 8 12 5 6 12 4 8 11 7 11 7 9 8 5 3 2 7 4 8 10 6 10 8 11 11 3 10 8 7 6 11 2 9 2 10 9 4 5 7 9 10 3 7 7 9 6 5 5 9 2 6 1 5 4 3 4 7 3 9 2 7 5 7 5 7 
5 1 7 5 4 0 4 7 3 2 5 4 8 2 7 6 0 11 7 3 3 8 13 5 8 10 8 12 5 8 4 6 8 5 14 14 4 7 7 11 10 15 6 6 9 3 2 8 5 9 9 11 8 10 5 3 3 3 6 8 4 9 7 11 10 10 5 9 11 5 12 9 9 3 7 8 7 7 6 14 4 6 4 11 5 3 7 5 4 4 4 9 1 3 3 3 1 4 4 1 
2 6 7 6 6 6 5 6 3 7 4 2 5 4 2 5 2 7 3 6 10 5 7 11 9 9 11 13 11 8 9 8 8 13 11 10 5 7 6 7 10 10 7 11 6 7 11 9 8 14 10 8 7 5 6 9 10 9 8 3 8 6 6 7 9 11 5 8 3 8 3 11 7 6 5 2 5 5 8 7 8 6 4 4 4 10 6 3 7 2 4 6 2 3 6 5 1 8 6 3 
3 4 5 4 2 5 4 4 5 6 5 5 2 6 5 5 8 5 8 6 9 11 8 8 5 5 10 5 4 5 8 9 5 10 4 8 7 8 11 5 9 8 12 11 9 6 11 8 10 5 13 2 11 13 11 7 9 13 14 8 6 5 8 9 9 11 7 8 10 5 6 9 4 6 5 6 7 2 5 9 7 7 7 10 4 6 3 7 5 2 10 2 5 4 6 7 5 7 13 5 
5 2 3 5 0 2 7 6 5 9 5 3 5 9 5 3 7 4 2 6 4 8 3 8 8 14 6 7 4 8 3 5 5 11 7 6 6 5 11 8 6 6 7 8 11 4 3 7 5 13 5 7 12 8 4 10 10 8 9 5 7 11 7 8 7 5 9 4 9 4 11 6 10 6 10 6 4 7 6 12 7 7 5 12 10 5 2 6 3 6 2 3 7 2 5 3 5 6 2 4 
2 4 5 7 2 5 3 3 4 8 3 5 5 5 5 4 5 4 2 5 6 3 6 3 6 8 5 3 5 12 12 7 7 10 4 5 10 7 8 5 8 12 6 8 8 5 8 14 6 11 8 11 13 8 5 2 4 9 7 9 10 10 5 8 9 4 14 9 4 12 4 7 6 2 10 9 9 8 5 7 5 7 2 7 6 6 5 9 7 4 7 2 7 2 7 5 5 2 2 3 
7 6 4 3 2 8 6 2 1 5 5 6 2 5 5 5 7 5 7 2 7 6 9 7 10 9 8 3 8 10 9 6 7 10 12 4 6 6 10 7 9 9 8 6 4 7 10 12 9 7 3 7 10 10 12 11 5 3 8 6 7 10 11 8 10 4 11 2 7 2 5 9 9 5 9 6 10 9 5 5 9 9 7 5 8 4 10 9 6 8 6 2 6 6 5 3 5 4 3 2 
5 6 2 4 3 3 7 5 8 5 6 7 5 6 5 7 9 8 6 5 5 5 9 8 6 7 5 8 12 6 8 11 10 6 8 8 8 5 11 9 5 5 4 5 5 5 7 6 8 8 9 6 9 9 3 3 12 9 11 7 11 9 9 9 2 11 5 4 1 2 9 10 9 12 7 7 4 5 8 7 2 1 6 5 9 6 2 0 7 4 6 9 4 5 7 9 3 5 6 1 
4 7 4 3 4 5 5 3 7 2 1 3 7 5 7 5 8 3 6 9 4 6 4 8 6 5 6 9 9 6 8 8 8 10 7 7 7 10 12 6 8 8 6 13 12 10 7 6 2 5 7 2 10 10 6 6 4 6 6 4 11 7 5 8 10 6 8 5 7 11 4 4 10 7 6 5 5 4 4 7 3 8 7 8 6 6 4 3 7 7 5 7 2 7 4 5 7 4 4 5 
6 2 6 4 2 4 9 6 3 7 6 4 7 3 3 6 7 7 6 5 5 3 1 8 3 3 4 7 5 11 5 7 10 8 10 3 8 8 8 9 9 5 9 12 12 8 8 7 8 5 6 6 7 10 13 11 6 8 8 6 9 13 8 11 8 10 5 9 9 9 10 10 2 5 1 7 8 7 7 4 8 4 2 4 3 9 6 8 4 4 5 6 6 9 4 0 9 4 2 1 
2 3 6 4 8 6 7 5 3 3 9 5 5 5 7 3 6 4 5 7 6 7 5 6 4 10 2 6 5 5 8 12 10 8 6 6 12 8 8 10 4 6 8 9 8 8 7 8 7 11 9 1 7 10 11 10 7 9 13 10 6 7 1 7 7 11 13 11 5 9 6 6 13 6 8 4 4 8 6 5 7 7 5 6 2 5 8 2 3 3 7 3 5 3 5 4 4 4 5 2 
4 1 4 8 2 6 2 7 3 0 11 6 5 6 3 4 6 7 6 6 10 4 9 4 7 6 2 5 6 5 11 10 11 10 7 8 8 9 11 11 11 10 9 6 7 7 4 8 10 6 11 9 5 6 7 3 6 6 11 2 7 12 5 6 8 7 10 9 9 5 10 5 9 8 5 8 9 6 6 6 11 7 3 2 9 9 8 8 5 11 6 0 2 4 12 9 5 4 3 1 
8 5 4 6 7 4 4 6 6 6 6 5 2 3 1 7 7 5 5 4 8 7 7 2 9 12 7 6 7 7 4 9 12 7 11 10 9 4 13 5 4 8 5 4 7 2 3 6 9 4 11 4 4 11 7 4 5 4 9 7 10 5 8 7 8 12 12 7 3 5 6 12 7 4 11 7 8 6 10 8 5 8 7 2 6 7 8 1 7 7 6 6 6 7 7 2 4 5 2 4 
3 1 1 3 1 6 0 8 6 6 9 10 10 2 6 4 8 9 8 4 7 9 10 3 11 8 2 8 6 5 10 8 4 6 9 6 6 6 8 6 7 6 7 14 10 6 9 12 7 3 8 14 6 11 6 7 8 7 5 10 10 3 9 7 6 6 13 5 8 8 6 6 4 5 5 5 5 5 6 8 6 3 2 7 5 5 6 6 6 9 4 9 5 4 6 4 5 3 5 6 
5 5 4 5 4 5 3 8 5 6 9 6 3 3 4 10 7 4 8 10 7 3 4 6 6 4 6 8 6 9 8 5 15 4 8 9 5 8 9 6 9 14 3 6 12 11 9 9 8 8 7 14 8 4 6 15 10 10 9 6 7 10 8 6 6 11 6 9 4 9 5 6 9 8 2 2 8 1 8 10 4 10 10 7 5 6 4 5 3 3 3 11 6 5 4 5 1 5 2 4 
4 8 3 3 6 10 3 7 6 4 11 4 8 2 5 7 7 3 8 5 5 4 5 5 3 7 5 8 8 1 9 6 11 6 9 5 3 11 5 5 5 4 5 6 7 8 6 11 9 7 4 10 5 5 12 9 12 7 4 6 11 5 5 12 6 7 13 5 9 5 10 4 6 2 6 4 5 6 9 9 6 5 9 5 6 6 6 3 4 7 5 4 3 1 3 2 1 3 4 3 
2 5 3 2 5 1 1 1 4 5 5 7 5 7 3 5 7 6 3 9 5 8 12 9 6 7 10 6 10 4 4 5 9 4 5 6 14 11 6 8 8 5 10 6 11 7 5 9 11 8 13 11 8 9 14 12 6 13 6 7 12 6 2 5 4 5 5 14 6 7 10 3 3 3 5 8 16 8 4 9 11 8 6 5 5 8 4 6 5 4 9 4 1 5 10 3 8 4 6 4 
8 7 5 6 4 4 2 4 6 7 6 8 9 6 7 7 6 1 5 3 3 2 6 7 12 8 6 6 7 12 4 4 5 6 6 17 14 7 5 12 10 9 6 3 5 4 4 8 3 7 11 17 8 6 7 7 11 3 13 8 13 6 6 9 6 4 13 7 8 4 6 5 9 11 8 6 5 2 6 5 6 9 7 5 4 6 10 4 2 6 7 8 4 4 9 2 4 3 4 4 
2 3 4 2 3 7 4 1 4 7 4 4 3 10 8 7 6 4 10 9 8 7 8 6 5 8 5 6 8 7 12 9 7 8 8 7 5 5 5 7 7 8 4 7 8 8 10 14 9 2 10 9 7 6 6 11 8 7 11 7 7 10 8 13 3 6 11 11 15 10 12 7 10 11 7 3 8 8 6 6 4 7 1 7 8 7 6 4 2 5 5 3 3 4 3 0 5 5 5 3 
1 3 3 4 5 2 8 2 3 5 5 6 3 9 3 7 5 5 7 11 4 3 4 11 5 11 9 5 5 8 6 9 7 7 8 12 8 4 8 11 6 8 13 9 9 12 8 11 10 7 3 6 10 7 7 7 8 10 7 8 8 11 8 8 6 9 10 9 9 5 7 8 1 11 7 5 8 4 2 4 5 4 7 4 4 7 8 4 6 3 4 3 6 4 8 6 4 7 3 3 
3 5 4 5 6 2 2 6 2 6 1 8 7 7 8 4 5 6 7 7 5 3 6 8 2 5 7 7 8 4 9 7 7 7 7 12 6 6 12 6 8 9 7 8 7 9 2 11 10 6 3 7 11 6 10 7 10 8 9 10 7 3 9 5 7 12 5 10 6 13 13 13 6 7 6 9 9 7 7 6 9 9 7 8 10 3 9 8 6 4 3 3 4 2 4 7 5 2 1 8 
3 3 5 5 6 11 3 5 5 6 4 2 7 8 5 4 8 5 4 10 5 5 8 6 6 7 9 1 9 9 7 7 12 6 10 9 11 10 8 8 5 4 9 4 8 13 9 4 4 4 12 3 10 14 7 10 10 7 11 9 9 5 11 11 8 7 8 7 9 8 3 5 6 7 8 5 7 5 9 6 7 3 6 4 8 4 5 6 7 3 5 5 3 4 6 3 7 6 7 2 
3 4 4 6 3 8 4 4 7 2 7 3 4 5 8 10 8 3 6 8 6 7 9 10 6 5 10 10 8 11 6 5 8 6 5 10 13 6 6 15 10 4 14 9 14 12 8 8 14 3 3 4 3 15 11 9 7 8 9 3 7 8 8 9 8 8 6 7 7 8 7 8 7 8 9 8 5 6 8 8 5 6 6 4 7 6 6 4 6 5 5 7 7 7 8 1 7 1 5 4 
5 1 4 4 4 3 0 4 7 9 5 5 7 5 8 8 4 3 7 4 5 4 8 6 7 7 9 7 7 6 4 7 6 11 12 8 6 3 10 7 8 7 6 5 9 11 9 7 11 5 7 8 13 10 6 6 7 4 3 4 7 7 10 5 13 8 7 5 10 1 7 6 7 3 7 3 4 9 4 8 8 3 6 6 8 3 4 3 6 6 5 2 5 7 2 4 7 4 2 3 
4 0 7 5 3 7 2 2 6 4 3 8 6 3 9 7 6 8 13 3 8 5 5 10 9 8 8 3 7 4 7 7 9 5 8 5 5 5 9 7 8 10 3 7 4 4 4 6 9 7 7 9 10 4 8 5 10 4 10 5 5 7 8 14 9 11 7 8 13 10 7 5 3 8 9 8 11 11 5 8 6 5 7 5 10 5 5 4 8 4 5 11 4 5 4 2 2 6 5 3 
2 2 6 4 4 5 5 3 4 4 4 3 6 4 4 3 6 5 10 8 6 7 5 7 5 9 3 8 3 3 11 9 7 7 6 11 5 7 10 4 8 5 5 2 5 9 11 8 5 8 6 7 8 6 6 10 5 10 6 9 10 10 13 9 13 9 9 5 6 9 15 4 6 2 8 7 15 5 5 10 7 6 4 3 3 7 4 3 7 11 5 5 7 3 6 5 5 8 7 7 
5 6 6 4 2 6 4 5 3 4 5 8 4 6 6 5 4 7 8 12 9 8 9 7 8 8 12 7 10 5 6 6 6 6 7 10 7 15 7 9 8 9 6 10 6 5 9 11 4 9 10 4 7 10 6 9 7 8 7 11 6 8 9 7 8 14 8 4 7 5 7 5 8 11 5 6 8 10 11 7 7 12 11 4 7 5 4 3 6 5 9 4 2 3 4 8 2 6 1 4 
3 2 3 2 7 7 7 5 4 3 2 2 5 6 7 7 7 6 7 7 8 5 6 5 9 10 3 2 11 6 7 4 10 7 9 6 5 9 13 6 10 5 10 6 12 7 10 10 8 7 8 10 4 7 10 8 5 9 9 13 2 7 5 11 3 7 7 5 7 7 10 7 9 7 4 13 5 5 2 7 7 3 9 4 7 10 4 7 8 5 4 2 10 2 5 3 1 3 5 4 
0 3 3 4 1 5 4 7 4 3 6 4 0 4 8 4 4 6 10 5 6 5 7 7 6 9 5 7 6 9 5 10 8 5 6 4 10 6 18 6 10 10 9 12 11 10 9 11 4 8 3 9 7 9 6 6 5 10 9 7 6 8 7 12 6 7 9 3 8 10 3 6 8 4 3 6 12 4 7 3 10 7 6 5 5 6 5 7 5 4 6 5 4 3 3 2 2 5 2 3 
5 4 2 6 6 1 6 4 4 6 3 6 4 4 0 5 6 6 6 4 9 9 8 7 7 6 7 5 6 4 11 9 9 4 9 9 8 6 8 8 11 6 7 9 11 11 8 3 7 9 6 4 7 11 8 11 11 17 12 10 9 9 10 10 9 5 5 8 6 12 9 11 7 10 10 4 5 5 7 10 6 6 4 9 5 8 9 3 5 4 5 4 4 1 3 6 4 5 2 4 
2 1 4 5 3 5 1 4 4 11 7 6 4 3 6 4 6 11 5 3 8 9 12 8 8 4 8 5 10 6 4 9 12 5 5 5 4 13 5 9 7 12 6 6 9 5 9 2 7 5 5 8 7 8 6 8 11 11 8 9 9 13 3 6 8 10 9 6 8 6 6 8 5 5 6 9 7 8 13 6 6 5 3 7 10 3 3 8 5 6 2 4 2 11 6 5 3 7 4 7 
3 5 1 5 2 5 1 3 6 2 7 9 4 7 8 6 3 7 4 5 6 8 7 4 8 2 9 10 6 14 1 9 6 7 9 9 9 6 4 7 4 10 9 3 5 4 9 7 9 5 3 9 4 8 11 9 6 5 6 6 11 7 5 11 8 8 11 5 9 9 5 5 5 5 7 13 8 4 4 1 10 7 7 5 6 4 6 4 6 2 6 4 7 7 3 5 5 4 6 2 
4 4 3 6 9 3 3 7 9 6 5 4 7 4 6 5 4 5 6 7 11 6 4 7 10 9 3 4 7 5 8 4 6 11 12 7 7 8 4 3 7 7 9 13 12 7 5 11 6 9 10 11 6 5 11 12 8 5 5 7 9 7 11 5 5 9 9 5 15 7 9 10 9 9 7 6 9 9 13 6 5 12 6 9 1 6 9 8 6 7 8 3 4 4 5 7 1 1 2 2 
5 4 4 5 2 2 7 3 3 13 11 4 5 6 7 9 8 5 7 6 7 8 8 2 6 6 6 6 8 7 18 6 5 4 4 18 6 10 11 6 2 4 8 9 6 4 6 12 5 5 13 11 4 9 8 4 12 4 9 7 6 10 4 10 1 8 13 4 6 4 9 2 14 5 2 5 5 6 3 6 5 3 8 5 2 7 8 5 2 3 1 5 6 5 5 1 6 3 3 7 
6 6 3 1 5 1 7 4 9 3 10 8 4 6 5 5 6 6 5 6 6 5 5 5 8 4 3 9 4 11 6 9 6 9 12 8 7 9 8 12 10 4 7 6 12 10 7 6 10 5 7 9 8 5 8 10 8 2 3 9 4 7 4 6 7 10 6 7 5 6 8 4 6 6 7 5 7 8 8 12 5 8 6 3 4 6 6 5 5 3 5 4 2 2 6 4 3 1 3 4 
0 4 2 6 2 6 4 3 2 8 9 4 2 5 3 2 3 3 5 7 5 6 8 15 8 9 5 8 7 8 6 9 11 4 9 6 9 12 5 7 6 4 5 7 12 14 13 6 9 5 9 6 8 4 10 4 15 9 10 8 9 5 4 9 8 7 6 9 8 7 3 11 6 4 5 10 3 3 4 7 6 8 4 4 3 6 4 5 6 11 5 7 1 5 5 5 7 3 4 3 
5 2 9 3 0 7 2 3 5 3 5 10 6 4 5 5 5 9 4 9 6 6 5 3 9 6 5 6 5 6 10 7 7 9 11 7 10 7 7 4 10 9 13 10 8 7 11 9 11 5 10 4 9 9 8 13 5 6 8 10 12 6 9 8 8 2 7 8 9 6 6 7 7 4 7 11 4 4 9 1 7 7 5 8 6 8 7 6 8 3 4 2 3 4 4 5 1 7 6 3 
5 5 2 5 3 4 1 5 4 3 4 6 8 6 7 8 3 10 5 11 7 4 10 9 4 10 9 8 7 5 10 6 7 9 10 3 6 5 9 10 5 7 11 9 10 8 4 4 11 5 5 10 7 10 9 11 10 10 9 13 9 10 4 8 6 14 5 3 8 9 12 7 5 4 6 10 9 9 10 3 7 7 9 8 3 5 1 3 1 3 5 2 10 2 6 3 3 2 1 3 
3 3 5 2 3 1 3 5 7 4 11 2 9 7 7 6 9 11 15 7 6 6 5 8 8 5 3 4 12 8 4 7 12 8 7 10 13 12 14 5 3 6 7 7 9 10 6 8 10 6 8 11 15 9 5 6 9 9 9 11 11 5 12 5 6 11 6 6 7 12 6 8 9 7 8 7 3 8 7 5 5 11 10 7 2 4 5 4 1 7 3 3 4 6 3 4 11 2 3 1 
9 0 4 8 4 4 5 5 3 8 3 5 2 5 3 10 5 6 8 10 8 5 4 3 7 11 3 8 6 10 5 9 6 9 8 9 15 12 8 3 9 8 6 9 6 12 5 13 5 6 12 10 6 6 6 10 10 15 6 7 4 6 6 5 5 7 5 7 8 6 9 9 6 7 3 9 8 7 6 2 3 8 3 12 7 8 6 7 7 3 2 6 5 6 9 4 3 3 4 4 
5 6 2 5 6 11 4 6 4 4 5 4 6 7 11 5 6 5 5 6 6 8 5 9 6 12 6 12 13 9 9 4 8 6 6 6 5 9 6 7 4 11 14 11 9 7 7 9 6 8 11 9 5 8 8 8 9 16 7 8 12 9 8 6 6 10 5 10 7 6 9 6 12 9 4 7 9 5 3 3 6 5 6 5 6 6 3 4 4 4 3 3 6 6 3 4 9 0 7 1 
5 6 6 7 3 4 7 3 6 5 7 3 5 5 7 2 4 3 4 3 5 9 10 9 6 7 8 7 6 8 10 14 8 9 9 9 4 5 10 9 10 6 10 2 10 3 19 10 6 10 9 8 6 3 11 10 7 12 8 8 9 6 3 12 12 10 7 6 7 15 7 3 5 6 7 5 7 6 7 4 4 3 5 3 6 4 2 3 8 4 3 5 8 7 3 7 3 4 4 3 
4 2 4 3 0 5 4 3 4 1 3 7 8 9 4 11 7 6 9 5 6 4 5 9 8 6 7 4 7 9 6 2 1 10 8 5 8 11 4 8 8 7 9 5 10 11 10 12 7 11 9 5 3 9 11 6 4 7 10 5 10 10 5 4 8 5 5 5 8 9 10 12 10 10 6 4 7 4 3 6 4 4 1 6 8 4 9 4 4 3 4 7 6 8 5 4 6 8 3 1 
4 3 6 5 2 6 6 7 6 4 5 4 5 7 9 9 5 7 5 6 5 6 7 7 8 6 5 7 9 3 6 7 4 12 6 5 8 8 9 12 6 9 15 6 4 9 5 12 9 9 10 9 8 6 4 11 8 4 11 11 8 6 7 3 6 10 8 9 4 13 8 5 9 7 4 9 5 3 8 8 8 2 9 4 5 4 5 7 5 2 2 13 5 5 11 5 2 2 0 2 
4 2 6 8 1 2 10 1 5 6 3 5 5 7 2 3 8 5 4 7 2 8 1 2 5 6 9 9 7 6 2 7 2 4 10 8 6 12 5 4 1 8 10 5 14 4 6 13 6 10 3 9 4 8 5 5 11 8 12 5 4 9 3 6 8 9 9 9 5 7 4 8 9 13 9 6 5 5 5 10 7 5 6 5 1 5 4 11 3 5 4 9 9 4 2 6 5 1 2 3 
3 2 6 4 8 3 7 6 6 7 5 6 2 6 5 6 10 2 6 8 5 6 6 7 6 4 7 6 7 8 8 6 13 7 3 14 5 13 13 7 4 3 12 3 14 11 5 12 4 9 9 9 8 6 10 11 5 9 11 4 6 7 12 15 11 10 8 8 2 6 10 6 5 6 6 6 7 6 4 9 8 6 5 3 6 2 2 4 5 7 5 5 4 6 7 6 2 4 1 2 
3 3 6 7 4 5 1 6 7 3 4 7 6 3 3 8 6 5 7 5 8 9 6 4 9 7 9 7 5 14 7 7 3 9 4 8 9 4 9 6 10 13 6 3 8 9 9 8 10 7 8 8 7 12 10 4 8 11 4 12 8 8 8 12 6 11 8 10 11 2 9 7 11 9 7 6 6 3 13 5 5 5 6 9 3 3 6 1 4 5 5 5 7 7 5 6 4 8 6 4 
3 4 5 3 4 2 3 3 9 4 6 9 6 2 8 5 1 3 8 12 9 6 4 10 5 7 6 11 6 6 8 16 7 7 7 8 11 11 13 13 13 10 11 10 14 9 14 11 9 6 7 8 8 9 10 6 7 6 6 6 5 14 12 9 5 1 8 9 8 9 9 5 7 5 4 7 3 3 5 4 6 6 9 9 11 4 5 1 4 9 4 5 2 5 7 5 3 2 3 4 
3 5 3 3 4 8 2 8 2 5 6 5 2 5 5 6 12 6 7 8 6 10 2 4 7 6 7 6 5 9 5 7 6 11 6 14 9 6 5 6 15 10 4 6 11 6 8 6 4 12 14 6 1 4 4 10 6 5 9 11 7 7 8 6 2 7 5 5 7 4 16 6 4 5 3 8 7 8 10 11 6 7 7 5 3 5 7 4 7 9 7 2 7 4 3 7 3 2 5 4 
3 7 6 5 4 2 4 5 4 7 3 5 7 7 4 4 3 6 5 8 9 9 7 5 8 9 8 11 9 5 10 7 10 6 8 8 10 5 8 7 9 7 12 9 6 6 9 6 5 13 8 10 9 9 5 4 9 7 9 12 6 13 3 10 9 8 7 16 5 9 11 5 13 8 12 3 8 8 5 5 10 5 3 6 5 7 3 6 4 5 5 5 2 6 7 7 3 3 9 5 
4 1 6 4 5 4 6 2 3 6 8 2 8 5 5 7 9 4 6 5 14 7 4 5 7 8 10 4 4 8 6 8 12 7 7 7 10 9 6 3 2 6 11 10 9 9 9 7 7 3 9 8 9 5 7 7 4 7 11 7 11 8 8 12 7 3 5 5 11 7 8 6 9 3 5 10 7 5 4 5 3 7 6 9 9 4 6 10 3 3 5 9 3 6 3 5 3 3 0 4 
1 1 7 5 2 11 7 2 5 3 4 4 6 11 8 5 7 7 7 8 9 5 4 8 6 5 9 4 7 4 7 8 8 8 8 4 12 10 9 12 9 10 3 6 8 9 10 7 7 7 10 11 3 5 12 7 8 6 8 6 6 10 11 7 3 8 9 5 11 9 8 8 3 10 6 5 5 6 10 7 9 8 6 7 4 3 8 7 6 5 6 7 7 3 4 5 4 7 4 4 
4 2 5 4 3 8 3 5 2 5 6 8 4 3 4 6 6 4 6 8 7 4 9 6 7 11 11 6 7 7 4 12 10 6 4 3 11 4 4 11 4 12 4 2 5 9 10 8 11 5 8 9 10 8 8 11 4 6 6 10 6 11 11 6 10 4 8 8 7 5 6 12 8 8 6 9 5 9 5 9 6 6 7 6 2 7 4 2 9 4 7 5 1 3 3 2 3 5 3 3 
2 5 3 4 1 5 5 5 9 3 9 6 7 11 2 3 6 6 4 9 9 3 7 2 8 1 11 4 6 9 11 3 10 7 7 7 3 11 6 12 11 3 6 7 7 5 5 3 5 6 9 6 13 5 7 7 5 9 8 4 3 6 5 7 5 9 10 10 3 2 4 8 6 6 3 8 4 4 6 4 9 10 3 8 9 5 8 8 2 1 2 4 3 10 7 2 2 0 6 2 
3 3 4 3 6 4 1 5 3 4 2 4 2 5 9 6 5 4 4 1 4 7 8 4 5 6 5 4 5 4 8 4 7 7 3 8 13 6 3 4 4 10 2 4 10 3 3 11 4 5 4 10 12 5 9 9 7 7 5 7 4 7 8 7 5 6 8 2 4 6 4 4 4 6 10 6 6 8 2 5 5 4 5 6 5 6 2 4 4 5 4 5 5 3 3 3 6 3 2 1 
2 6 3 3 3 5 4 3 6 4 5 3 7 2 4 4 4 3 5 7 5 6 8 6 4 5 4 5 4 3 6 7 5 6 2 7 2 3 9 8 3 5 3 2 6 6 1 4 9 7 9 6 7 7 5 8 8 7 6 5 9 6 3 6 8 9 8 4 4 2 2 3 3 4 8 4 6 1 5 6 4 5 5 6 3 6 1 4 2 2 2 3 6 2 1 6 2 2 2 3 
7 1 2 3 0 3 4 1 3 2 3 4 3 4 3 5 2 1 4 5 4 3 3 0 5 7 5 1 3 2 3 11 2 5 6 4 9 5 2 5 8 4 5 2 2 9 3 7 0 6 6 4 6 3 5 4 2 4 5 6 2 7 7 8 1 12 6 5 3 3 0 6 6 3 2 4 3 4 3 4 11 3 4 5 6 2 1 6 4 4 6 3 6 4 2 2 1 3 6 3 
1 1 0 1 2 7 2 4 1 8 3 6 2 3 6 4 3 1 3 6 3 4 5 3 6 3 5 6 2 2 4 8 7 3 10 5 8 5 4 7 2 5 5 4 8 4 2 1 0 6 8 5 8 6 5 7 4 5 3 0 4 6 4 4 4 7 8 7 8 5 5 4 5 8 1 7 1 11 10 4 7 4 3 3 8 5 4 3 5 3 2 4 4 4 3 3 4 4 5 1 
1 1 2 1 3 3 2 2 3 2 5 0 1 3 4 3 4 2 1 3 4 5 0 3 3 2 7 1 3 2 6 5 7 2 8 4 6 2 6 6 3 5 2 1 3 3 3 4 4 1 2 2 9 1 8 4 3 5 1 3 10 4 1 1 2 0 6 5 4 3 3 4 4 4 0 4 3 3 4 3 2 3 2 3 1 2 5 3 3 3 3 0 1 3 1 3 0 1 2 1 
