# Format: McCode with text headers
# URL: http://www.mccode.org
# Creator:  3.7.12, git
# Instrument: /opt/homebrew/Caskroom/miniconda/base/envs/mcstas/share/mcstas/resources/examples/PSI/PSI_DMC/PSI_DMC.instr
# Ncount: 1000000
# Trace: no
# Gravitation: no
# Seed: 1234
# Directory: /Users/ldq/Work/McStasBench/benchmark/refcache/T1_PSI_DMC_work/ref_20260724_153108_94648_19
# Param: lambda=2.5666
# Param: R=0.87
# Param: R_curve=0.87
# Param: filename=Na2Ca3Al2F14.laz
# Param: D_PHI=6
# Param: SHIFT=0
# Param: PACK=0.7
# Param: Dw=0.8
# Param: BARNS=1
# Param: SPLITS=58
# Date: Fri Jul 24 15:31:17 2026 (1784925077)
# type: array_2d(100, 100)
# Source: PSI_DMC (/opt/homebrew/Caskroom/miniconda/base/envs/mcstas/share/mcstas/resources/examples/PSI/PSI_DMC/PSI_DMC.instr)
# component: PSD_fluxpos
# position: 0 0 47.8657
# title: PSD monitor
# Ncount: 1000000
# filename: xdist_fluxposy.dat
# statistics: X0=-0.00715083; dX=0.572281; Y0=0.0486699; dY=3.46106;
# signal: Min=0; Max=18868.8; Mean=3581.93;
# values: 3.58193e+07 284184 78073
# xvar: X 
# yvar: Y 
# xlabel: X position [cm]
# ylabel: Y position [cm]
# zvar: I
# zlabel: Signal per bin
# xylimits: -1 1 -6 6
# variables: I I_err N
# Data [PSD_fluxpos/xdist_fluxposy.dat] I:
1962.117292 7162.745477 4954.474878 0.02241597334 1385.175599 3684.63609 2480.768819 6.747076383e-20 9289.707853 7314.314037 2431.736733 4312.848547 2035.777427 3275.303056 4136.340507 2387.54606 5918.176265 2106.457167 2509.512981 2252.779236 2318.601433 4918.666672 2433.088469 3644.073404 3486.014782 2476.542356 8143.58507 0.2396355583 6996.620434 4489.59116 4742.174944 2683.826875 2455.756711 0.7988199032 2482.399282 899.7637633 5665.378583 6.968759826e-06 7182.125622 0.009798708913 4174.113728 9959.259587 7325.457903 2489.561771 4975.068941 4409.761495 2031.272469 6359.766479 4314.231 1582.575263 11532.80609 54.09360414 7049.063492 5138.594554 4974.579663 2475.155257 2510.981899 7312.031414 2.386801502 0.1128668915 2509.366477 2479.633984 3539.077283 4900.793836 8.488337663e-24 3951.949255 5380.22128 4507.590815 6613.660432 3683.485685 1441.134212 3143.255519 4142.616726 4195.840296 3997.521033 4368.756768 2001.252149 6672.344031 2890.814119 2208.791694 5.242453152e-17 2.115679933e-32 7400.695309 9794.367263 5002.745898 2444.622267 10622.09844 1.359156721 4901.522047 5023.343279 7274.650803 4891.394634 5634.183321 2764.651142 6182.277162 3196.309292 7422.704344 2584.055699 4910.597304 283.920309 
1663.790965 9878.497074 4918.932469 6993.882062 4722.356904 2507.640228 9554.472861 0.0264406203 2466.702258 3087.517413 4430.984753 4977.499631 1868.915166 4449.703684 7548.668137 1811.392773 681.8032706 5.756426324e-23 1.610685256e-17 98.10276134 4902.378596 7430.411528 7430.556141 6125.371189 5304.291119 3078.138049 7467.56707 5004.617763 12813.35454 4846.593027 4944.882009 4651.488366 4855.60153 2416.9094 4962.687133 2446.754615 0.1920387289 2434.557239 4464.271105 2470.062635 4715.783291 9437.309575 7044.987232 1.129079e-19 3104.111019 2429.619656 1.681065271e-12 4280.33742 4906.868217 51.30606392 18.92589935 2482.546211 4904.125565 6913.611668 3232.730756 1761.581459 2174.807834 7198.287732 1785.89633 3013.85194 2501.386894 5947.006382 4206.698786 3.676948345e-26 3404.735854 6.188833184e-14 4913.339384 3.076398496e-112 4584.106495 6093.562292 7378.140884 2108.612255 5.556232391 1871.480514 15.66734299 3218.171091 2096.519394 4679.808553 7473.287704 0.03669058687 11247.51458 11774.57461 1866.940205 2264.415329 5006.557303 2004.161086 9.189849451e-33 2469.31558 2507.723879 2239.990088 2412.860487 3508.131169 2446.853139 9.206753584e-06 5.722986706e-05 215.0625627 5.437633906e-08 2572.908449 2.389871748e-34 901.1503291 
0.9037936949 6945.435154 4213.918115 4262.224728 14180.15027 6464.833726 2509.984022 2410.902134 2474.925284 4975.378691 7373.531175 1943.616852 4025.424131 2145.523326 2368.192723 4116.30097 1189.006311 7145.306589 6576.320378 4976.572373 0.9991464452 4915.708869 0.0009308045474 7367.03532 5500.113441 0.6687942774 7444.019265 2387.694234 4769.380254 97.06288912 1997.834292 7347.201626 7530.877439 2408.61738 4813.194542 11250.80186 2.353618873e-29 4863.819047 2589.446115 9535.589562 2490.568854 57.07755631 9.288715059e-08 5195.225734 4621.743852 9780.550729 10602.05719 1349.105785 2469.420236 2185.097391 2417.813612 3234.203444 4963.766819 361.4303141 2714.934531 2488.652959 3391.942298 717.2322475 2493.892566 1.511382187e-09 2548.49244 8560.40761 4971.522753 6988.627004 2451.414699 1942.800381 4483.271039 15.92591687 6210.949693 2561.755203 2394.259705 4063.097142 2906.222584 5223.163908 11557.09894 2517.083668 5890.070742 2511.674613 2496.770288 1570.412093 6410.951417 7282.14508 1989.489021 1918.551179 8128.084716 1.002418302e-06 3.48769082e-06 9.912286363e-17 5976.665625 4692.144859 4902.162243 2419.366086 2695.514558 6676.717895 2450.238064 5121.880678 2496.749542 1304.144921 2401.177289 647.682537 
2508.725646 2526.171194 2438.557167 4826.055138 2499.476785 7.62866875e-49 2382.310812 2133.659222 5847.775783 2341.277003 7083.600766 2502.514599 8764.628894 4432.021499 7415.288502 4251.837372 7056.800608 0.3658580082 3095.314307 31.15329108 801.3462416 2469.93922 5271.713157 2508.532339 4498.390463 1.639311402e-27 7860.5277 6900.900204 12369.1524 2768.85546 2442.183683 2471.089527 4355.184981 4818.215714 2441.139349 4903.802627 4919.823794 0.2821011096 7301.499351 21.58575928 2.532703276 9769.462478 3651.993415 4879.08664 2603.512268 2502.834702 6659.978355 6.677416147 4907.736876 9493.939684 4793.600236 7773.342148 0.05899959913 6097.642284 2077.525742 0.07945348028 2460.402438 4945.023552 7114.34393 2455.382356 1.106401243e-11 2156.549932 6591.4888 2460.717797 2258.476696 9504.20213 3437.794158 2542.531718 6806.645744 4815.024686 6820.811692 2409.230235 4772.896736 9360.390572 0.06549358118 0.0001042174062 22.78674965 8331.004212 7448.239723 2264.131809 2758.885447 4949.192903 4768.438685 5.479080317e-08 2489.807371 3765.975358 175.1525994 4965.786528 5390.083523 3965.047186 2505.934885 2434.191216 648.4485587 0.007165463949 4568.249272 4776.911596 2864.242205 5574.33611 2474.40912 409.9480037 
6646.924947 4850.383179 4536.354113 6341.869594 4591.441248 6191.016656 4678.593096 4934.204795 2256.111382 2433.925882 7390.951312 4848.642019 12.37601379 2417.648895 11830.18379 8.109590917e-17 0.001098455479 7.430072562e-15 2214.471848 5022.299716 0.008921795944 2532.045042 799.3040626 5913.658685 4399.572969 1989.559116 1289.216919 14553.05625 2133.618063 5177.958643 1054.727788 2449.53556 3.715811027e-55 7372.712663 4128.050789 4975.197569 2516.999875 2493.673982 2149.029723 5111.178407 7844.828216 54.37604132 4584.040083 5086.318617 48.44959906 2447.356875 2441.102205 1650.195573 3229.904881 0.003204746133 4760.976591 1.536544183e-22 2329.662897 11455.31411 2503.595131 2314.578593 2502.892341 6383.37652 4.407843454 2305.420048 4846.47081 3512.853084 0.2091289646 4560.711088 9823.839297 2454.795428 11625.25267 2.6633171e-29 5.823272591e-09 6.712614045e-24 94.1603356 2487.217802 4090.59128 4975.240626 7061.436473 9011.070474 2517.467816 7123.50103 5750.921154 2.164945521e-32 32.17478636 2463.022898 4081.751946 5571.790524 5889.651222 0.0001307019668 4610.983279 4.5395139e-31 3979.036307 5069.719087 4376.798925 2433.951718 4102.370205 2603.013395 1253.226192 2884.444653 2836.268031 5.039378137e-20 4633.919066 6536.055314 
1.565649836e-25 5056.053156 2486.859375 0.1437654194 14.30353079 2960.804435 2031.153412 2202.471783 4278.118683 1529.847787 2492.804596 4926.721107 2552.077021 2492.988072 977.4183404 3712.753259 2382.739969 101.2112366 0.1087535603 4725.994868 6828.325939 1.11446338e-11 2371.833952 9916.820516 0.01810847216 2493.940347 9865.553698 2457.842624 2.353003073e-06 2380.476965 0.007052833301 7127.472515 2461.951006 2065.892793 4910.716716 1.763874423 2139.569627 6338.935721 12199.86915 2195.077092 4895.56255 2462.729931 2414.201765 4363.609271 1906.021107 2.774137091e-09 2479.912111 3.734603125 7585.768542 449.1275002 3516.382538 2526.737908 6620.797225 2046.918611 6415.456084 2469.757991 6768.747646 6846.148932 2469.414727 32.31444479 2346.240696 4559.864919 9.517436858e-19 6897.542019 4798.15131 2195.377804 4749.756354 3.801084132e-06 2434.03936 38.09364654 13.57436106 7273.927829 4288.706488 1979.702798 2469.831317 4737.748751 1.620787949 4369.698811 3307.787749 7477.468247 4337.178147 7282.728429 7165.342236 2782.723253 4916.366074 5052.598444 4913.782322 5401.528056 1.636610071e-17 3207.728362 9339.446149 2950.951557 2.062467598 745.5830526 2604.979297 413.6045477 1644.401539 6786.490779 2348.65621 488.9168749 
5036.874674 2355.007613 3094.002536 9749.749159 822.3353563 1980.815578 4345.849168 2447.374982 6.483450277e-05 2.075570804e-13 2500.972243 4397.213911 7248.221775 7796.710917 4013.459469 4793.848524 2428.982619 1.839266843e-154 5102.061679 5.81600208e-05 293.7212538 4325.985254 4693.115109 7072.243103 5073.883656 1907.979372 6351.867631 2444.178964 4531.686774 4746.194148 8905.443195 2467.007794 4838.988054 92.08486589 2.240029568e-32 3598.375992 28.77330483 4481.852054 5018.384649 2460.708574 2457.545596 2294.281983 2476.488461 4522.160721 4.798882909e-15 2487.768816 4458.647213 2604.922808 633.8871466 13885.56581 2417.697854 1277.432671 4719.096986 2409.934248 2392.872477 2517.093904 2164.949651 1342.311782 2154.621563 2082.71035 2482.98721 2306.231829 4505.327477 2467.947404 1.44557796e-13 2103.592289 2517.89559 7419.712067 0.05401518679 3.123959374 2473.249954 3.919565676e-08 1909.630448 2475.14554 2431.817338 2469.839707 30.34021923 11.52842485 217.5072707 7060.44679 1979.015698 1969.782807 8738.595729 2512.711743 2394.026888 11.89723335 4527.369518 322.3336648 5103.561401 8081.424903 4742.63712 0.778054307 5.500353665e-36 2436.521336 2791.325591 5420.268767 4.663024149e-31 5361.65045 7292.726166 2463.900904 
2358.479861 2089.88408 0.0001235555634 4954.616953 2924.150163 2.721770332e-33 2802.842191 7.494947597 1531.66323 2468.882164 4996.810122 2438.051281 7329.53439 0.03337118355 1.095045213e-07 4686.124447 2436.769162 2142.465015 2640.810863 2389.798917 0.002283165438 4251.265397 4996.37937 1951.100962 1.501753097 0.05122656791 1225.96856 0.0005986506895 2482.557257 4491.419319 2479.591209 4.469572501 5053.245456 4961.599779 6988.487336 5000.0608 0.3980611777 2594.837666 4422.328498 2512.936983 4937.401197 1964.979757 4967.430621 2847.122829 875.2897438 5.080322539e-10 2479.001337 2439.163947 2308.8518 4234.769497 10.18856937 5049.250017 4819.114893 1484.053301 16.82096271 9063.597129 9605.356663 2495.452128 0.07256576211 5092.971284 2338.632683 4.884874344e-13 4127.275744 2577.936649 4961.133308 1990.096002 3499.805205 7295.504854 1.63205729e-29 1.872029693e-108 2517.694883 9173.674659 8535.906041 124.9776669 2991.413448 5128.943541 4720.980971 4554.692864 4827.19791 9537.772574 0.01002678752 2414.304886 8.816847975e-21 4708.194928 9655.172571 4579.665178 2507.319208 4678.446741 9048.210992 2515.11162 4694.27334 2382.264445 37.55939578 2481.550852 7110.355763 4529.027643 4687.685357 8.019772928e-06 332.2849196 2970.414658 
2244.269576 1.021020051e-25 7263.987986 2069.185933 1754.901895 7118.910946 6555.586486 2446.266168 4866.075916 2149.604769 4639.004671 2491.668891 2.431913336e-21 10179.39567 0.1812706214 2471.17746 2261.528031 2314.127921 2635.097416 4853.057618 2512.51849 2509.424472 6285.37755 1.396642439 4669.367855 1.218847607e-32 2217.285618 4591.872308 9858.036575 2376.35342 2468.792697 4684.060424 7477.27291 15.89805748 4907.243064 2470.297577 0.0004070359264 4837.791325 2.064460634 2419.621955 2305.428139 2455.121302 6868.854009 4901.025976 6894.49093 2.548456374e-24 10249.41121 4962.362323 661.8942141 721.7281939 4181.692798 12.12496554 4.670685381e-18 4682.637127 360.4203445 2087.271693 3115.137818 3734.988557 7092.183229 1751.563726 5134.644403 5528.203822 5057.317504 2649.190333 3617.481898 2470.944736 2580.326502 6113.486352 4954.505259 1.757975294e-13 0.3881144624 1850.534164 7322.875129 2473.081946 83.95285087 7918.308664 8.201481502e-11 3132.004325 10050.87216 7688.566181 4999.035634 5820.532319 44.75769066 3567.927898 818.994696 7763.028424 3274.96242 3579.358009 4409.762372 2492.664254 4957.012093 3674.361868 2479.240711 3.85491077e-07 5256.984652 259.4294769 85.03399906 3208.866359 4837.002566 374.1488742 
9297.103177 6.430329029e-34 2511.093539 4669.537862 2515.715258 3424.587689 2151.699023 4573.241805 2156.402602 11238.53506 2502.187591 4221.595032 2354.524347 9548.769232 4771.538097 2480.639783 4953.87351 7384.920596 4892.001361 4974.591507 2404.950781 4932.186666 2464.773754 4101.584728 2471.663229 10.49861877 3695.431242 2.437728085e-20 8462.372446 4947.262415 7407.950463 2.083092628e-29 23.24191045 4455.402243 7456.99944 4547.915651 2470.758609 9695.558282 4970.603341 0.7309170036 5695.792135 4951.426529 4675.802683 5.415653781e-28 14589.34798 2491.95243 0.06975195721 2481.030823 0.0001599903997 4776.276122 0.004370274171 2514.447953 9412.615943 2559.412573 2496.495848 4822.501 4197.783332 2438.912113 1.501617228e-09 5134.225848 2575.58941 1964.319025 4490.195816 7707.468355 4890.648131 6618.784243 4841.870641 1.438243773e-33 2678.682985 37.37351299 6425.861704 4966.076593 3507.814355 4450.955258 7947.257089 9027.587637 6008.897069 5535.21081 2481.886894 180.4430071 4918.107289 4752.182753 2472.498654 4333.410546 2426.352353 4969.86189 6124.816869 7386.770177 7636.898085 791.107732 8973.019172 5196.023357 3.690847047e-05 6846.925858 5303.875884 345.9693223 3210.035315 2580.485659 2356.782235 4225.733239 
4877.759726 2361.086008 2799.168677 2358.284349 558.4413723 2148.039254 7343.618851 4898.09854 4675.0628 1163.939069 9897.532987 4703.101652 4422.132226 6791.677498 4957.919231 0.9474192857 1.904710055 4929.737155 5906.341791 5084.390725 1.474360088 5805.734868 3924.776931 35.00038607 3.538623326e-10 3740.412659 2670.337513 4896.628954 2467.779417 2701.96317 2293.534121 2496.903594 647.4893874 8975.146502 20.51982308 7432.670681 5605.323742 2316.431686 10071.39522 2477.739732 2.480612031e-09 347.5466575 2716.428812 7395.89676 2508.998493 8205.951887 6355.634275 3816.776354 2436.93298 1910.993062 9116.579729 9457.51067 2505.85921 2358.833007 2530.935529 6597.391609 4640.512845 2066.721694 1893.933309 597.8560068 7332.590511 2455.398463 2432.043708 9076.055667 3911.27868 6.175294231e-42 856.5195872 6125.014806 2427.80715 7185.561752 0.02358619784 2.866804845e-12 2757.204101 1.314832454e-10 7391.343439 2609.912969 3971.11065 2533.375944 4869.017089 1754.350926 9756.120069 2494.759667 2508.601232 1526.670275 5073.634134 2950.612788 5156.964216 7457.031269 3627.610627 5349.281439 6942.866312 1697.952698 6966.47656 2479.646694 2256.106656 5596.104736 269.5504485 1800.733409 5633.152127 2476.914714 
1720.811984 5665.221921 4819.108028 0.006029684094 4503.452899 9617.962835 5032.29303 4882.733033 7031.514275 25.59603747 9231.406268 4869.428099 2386.752607 4864.691693 1.542927777e-08 9509.869919 4.283509446e-09 390.990167 2540.745822 2478.281178 1.257440782e-13 72.71373668 3.43267351 2068.620558 3121.305611 2481.570324 16735.20153 5156.360103 3235.276773 5312.814685 4706.015018 3059.272183 5122.690287 2482.799749 1924.91251 5309.595793 2594.184021 4.776752586e-19 7044.985097 4054.059508 2292.461748 3982.885996 4972.242322 9321.269387 0.1833634769 7589.726438 2278.750985 1.525000129e-25 7465.95145 5527.159385 2409.578729 1576.456899 6059.486732 1305.720477 6460.71232 2493.967845 8871.392043 2467.873969 2445.205481 9736.107579 2422.304422 2064.368969 2493.504906 4503.25546 4948.774359 2154.661122 4977.700986 6410.534222 4812.975309 4473.896985 7804.250874 1915.271139 2613.377679 4590.827476 181.3541957 2459.786691 220.429478 2918.322542 3119.345236 5115.458228 2487.884044 3228.425578 2431.674406 2947.19811 71.38642155 404.191606 2415.807282 2284.526217 2420.469203 262.7202964 1925.543529 2425.791145 2454.617402 2174.490498 2480.950134 6896.395044 614.5838678 4945.578737 2513.673336 38.86411389 
2646.85747 6612.387942 7586.963011 9829.317696 2524.461544 3624.324167 3875.873977 4757.347353 2485.770401 23.77919681 7432.663649 7.252401029e-15 2407.410787 7.822282292e-35 3256.526562 1.864764231e-07 5247.415203 5058.258861 6304.615487 1514.349634 2.906270912 3311.39995 4921.409552 5117.549017 0.9931364507 7177.242835 7406.555481 0.2992944896 2475.950322 2.658656908e-64 4.725374088e-05 2491.055081 6142.314714 2481.596866 3522.975355 4707.520407 4948.654636 5621.649709 2723.529518 343.9637841 0.05160781962 8755.528993 3533.205096 1.190547354e-11 2429.724977 4716.936637 7115.635248 2418.472105 0.09975729726 1995.385561 4908.341474 4688.541386 107.7015237 4430.889365 7.782090508e-31 4952.134674 4976.198638 2441.171823 2072.802248 19.1685899 37.89837669 6165.572394 41.25601967 3608.488423 4915.559027 5066.093861 2867.086652 4433.339996 2053.341628 5624.377873 2492.890405 2613.823151 131.0150974 4017.525852 2478.157979 3288.276374 4526.634688 12026.81219 4.615844028e-12 4219.528345 2.296692507 2619.223608 1584.713091 0.5305095897 879.2033837 6813.632714 5.200252313e-18 289.2490159 3.033813768 4573.50981 4808.743637 6169.758083 7622.085294 2703.305421 7736.573561 2423.846724 4883.908258 0.2189993787 2751.01796 2289.940132 
55.47454384 4959.403503 2382.28475 4314.683998 1021.322777 55.16773996 4901.149089 1.347421267e-05 2158.649601 4639.463544 10164.857 2375.787504 3.949932209e-05 2507.4749 981.7647596 724.5595991 2387.211653 2373.159692 2517.960566 4686.390251 2481.323652 4884.373728 2301.721055 5562.700679 4920.963941 2377.324162 3013.655265 11998.61398 9084.270871 2434.081617 4434.619595 3237.897969 1.365494355e-11 9893.798571 7372.108561 62.13502891 2406.560916 4604.58394 4852.012933 4.48814812e-12 0.0001141433151 2505.685947 2511.169151 135.4902251 7141.816128 1914.412116 2219.074761 2505.14778 1.30258226e-05 2420.133996 4776.337646 1.726327599e-32 0.5500655619 6905.812292 7222.934352 4556.92794 6946.604862 271.512107 4154.918512 6008.399864 8.43574397e-09 4951.972748 3765.116869 4569.012037 4958.396418 2032.082128 7426.77902 9461.132774 6.338684923e-15 7076.102839 230.4905098 1244.567548 30.28223726 32.67102771 8.057339573e-05 494.470879 1079.045143 6852.986274 4972.454161 39.43276872 84.22031634 2264.098855 2361.800287 2365.374818 3864.448357 2499.562513 4867.341249 2504.946386 2.483355098e-42 0.04280080646 2766.446786 3507.008637 4954.215186 4046.939343 2426.236952 2775.953899 5436.460316 4875.634661 6132.972328 4871.66494 
9518.144285 7299.735246 7448.00645 2460.807397 2351.761822 4240.305619 4887.966379 2506.19061 2468.646483 2348.022348 4504.839882 4.795284985e-08 4475.198294 9737.993659 6386.495006 0.007901915528 7257.688133 2457.977513 4885.082803 2290.357121 7218.685463 122.3759778 2240.389926 6.148294848e-11 2429.699882 6939.699887 2.287494282e-17 4827.069842 7421.956969 2365.124433 2.039133924 5738.892259 397.6326893 6204.459023 1983.118542 4855.052408 69.68608165 7106.34728 11649.55154 7.160862575e-06 2398.335259 2433.862824 2510.801981 4849.011618 2353.546619 5806.057972 2109.261457 4969.440725 2410.527266 4736.837429 4486.112904 7447.462458 4896.158251 2277.325913 2516.214104 4422.540357 4986.206678 7685.203838 5742.459973 4311.421746 7361.632899 1748.95616 6886.182627 9528.549086 88.55504486 2295.948075 2537.963901 2417.075859 2413.176766 113.4654852 2.139200674 0.04386693721 2490.381183 4916.814896 3194.546387 0.01490920298 60.29473336 2287.199245 4898.817285 11.86903357 2578.610924 8766.47372 233.9424517 9621.385146 2498.652151 2428.399459 4887.466316 231.8740481 5.206981595e-05 5732.467554 5721.510961 2430.310923 17.950616 1.244893194e-12 938.7885786 2515.644957 2478.480767 16.71403198 4935.243566 441.4563632 
125.2435579 2461.850731 2348.951496 0.18318893 2371.533711 6492.05395 2509.684352 4449.581228 1.118527654 2452.202969 51.72264726 1.32188766 3900.942866 7726.573464 4909.735285 146.4343226 1601.829273 2952.627167 78.57823922 4584.912382 1515.863527 2790.361108 2456.566402 530.2606129 6632.293327 6901.496299 4746.283923 75.58573417 8.322065728e-11 0.0005707969906 2119.719947 6784.928443 6675.675049 2467.136657 2186.633615 4896.827228 7132.078783 2553.15418 1.212003348e-73 16108.53708 4578.97433 2408.75137 6066.962083 7335.360147 2248.669441 2435.770128 7289.919853 2458.482394 4395.109305 62.73495388 4207.913734 9606.759687 6880.901559 4734.997844 2416.19287 9813.215208 2668.004468 4416.383238 0.2745319075 3577.118963 2353.415092 0.0003020543292 2483.714799 320.3979666 6882.240776 7425.008747 4855.524188 19.80945037 4630.479426 2311.61613 4660.768525 8.952057614e-07 2403.950527 5.712603274e-35 74.31944272 6292.926501 2414.858632 1904.60169 2806.103738 191.5110666 3399.146405 7285.345287 2989.671353 2669.630532 2569.288869 2599.773944 2196.392755 3403.167562 4458.510571 3055.086173 6876.956473 5339.39311 2463.279617 2503.761867 1625.062704 2492.55409 7182.134203 4756.537685 7340.590872 4.018372583 
7441.456132 1785.409481 4387.598083 2473.257337 2537.776673 2453.021476 2493.525801 484.4631417 12602.53469 1.263938609 6392.07405 18868.7587 3460.022861 4846.394356 3.545811782e-31 14405.34573 4932.625481 7265.80356 5453.424053 2881.756913 5098.915091 1.058102628e-20 208.8753871 3028.700069 2495.052268 6.369121088 2810.114028 4596.420118 2169.31435 2437.911207 3661.921854 4732.700517 6067.916588 2515.729433 2502.186529 4887.00841 183.5978536 4911.329203 0.004301697998 999.7782976 4820.25152 4965.171006 7024.277779 3.405705798 2.25523036e-05 7173.785365 2477.033426 7352.555103 1837.658763 4081.33938 2484.410792 4769.112327 2932.025729 2500.306196 4632.665088 66.367036 4163.990635 4878.051057 7121.902054 4771.611049 3708.154439 248.5290594 2431.40022 1903.013684 7.482588962e-14 4864.624412 7386.674724 902.207241 2.688075096e-10 2.843309151e-111 4521.318905 4672.025202 2207.753894 12146.82447 7391.404459 1996.702663 8544.183393 210.5181322 3951.90543 8064.876072 3615.220676 3978.209232 4306.578826 2313.513641 2427.538344 1958.563515 5056.00124 3.221082172e-12 413.5317989 4704.582187 4909.280116 6688.319346 179.2015384 2491.123661 2352.19797 7469.381451 1.142589254e-05 2566.114929 5028.723641 8799.882068 
0.2636428852 2192.806764 2569.947057 0.1685761058 7532.97847 4803.884629 2518.539172 7.762130002e-13 7273.190893 2473.964565 1692.627776 2640.220856 5000.680699 2431.774826 4590.333274 8612.159677 7304.570009 4421.553907 559.2895874 2393.148361 6514.829463 785.760786 1818.412844 4095.731783 7161.868239 2367.123308 4530.329838 2064.145045 1620.351934 2532.133563 28.99849936 2964.955008 31.27533596 4790.28131 3.50355171e-26 384.0427746 2475.431068 2507.62257 2.114209988e-06 0.0293611481 2464.639115 2394.215071 4257.740107 2431.438173 4411.339391 4809.261118 7373.104709 10177.3844 4635.379236 5915.780423 1.321860594e-68 2041.330793 2420.799407 3260.522829 2109.562 7059.840318 245.9289971 0.01247535137 4794.98433 4.934098509e-10 4398.013078 138.0372772 2497.831688 7250.887313 4252.997397 9646.052618 2438.313295 2469.57442 4925.569681 54.40928076 4592.753334 6623.861206 2428.439961 72.44710747 4835.011956 1933.922298 50.01587896 2441.445097 13491.41586 2.42370414e-05 2854.456274 2674.381304 4972.178074 2499.567785 2134.152966 6234.619234 2637.719831 4.994133657 2676.019366 2440.82115 2519.059622 1.033484627e-14 12756.76469 7621.911624 5347.151644 6781.443127 3589.520067 6482.254963 4276.615933 6896.236401 
7106.998153 4951.552811 3417.39247 4265.137657 2489.574408 4482.559563 10121.10501 1056.274632 3322.795557 2490.388321 2356.121938 1.211876052e-11 4864.634429 2709.715298 9561.484613 0.5825451212 2338.12577 10945.79052 1907.566014 1917.130888 2420.335098 2473.775776 4848.523927 3798.920191 9560.537335 3573.51614 7691.756989 2515.286788 33.73406999 13.6921626 3571.355127 2381.561871 4681.633626 1.01178294e-80 2606.948017 4.984744951e-12 22.64616298 8803.511005 0.03580553545 7350.753594 2.131423472e-26 0.008275232708 2027.473685 11390.40636 2516.012561 4316.053826 834.657584 2518.064016 2.25952882e-10 0.290727967 4991.466037 2511.371402 2539.802772 8572.791942 2192.577474 1.742450301e-14 5662.75196 1.120264307e-11 2531.694907 2440.96404 4821.667395 6398.434243 2016.574432 2542.459301 9094.68388 11941.96692 5404.826072 0.0001709123394 4963.431986 4942.071928 7878.232662 4653.524315 2291.421289 7.500807844e-08 2043.07045 6.921098748e-13 3946.422 4995.985636 1763.487532 6.491479617e-11 0.3476031002 2473.800071 7636.843584 33.56443781 4878.484133 4271.996334 9745.904427 177.0655357 211.9700255 11631.62661 243.7592591 6.25426472e-39 6.932768119e-06 5072.71842 5.495284534e-18 4670.11591 3217.559346 3070.464902 7612.931888 7113.569255 
2783.038793 4645.891028 4.096834168e-15 3174.504784 2537.659059 95.93551005 4365.180644 0.5865337789 2504.642394 2381.283167 9606.053665 4779.281183 4216.428009 0.0003302032202 2189.212576 3371.033188 4.982472458e-09 2505.731178 2437.652146 1.05683515e-13 2463.161341 4964.967486 2401.822337 7018.791692 2592.477085 7389.323398 7363.250992 0.009707740993 3055.166932 3506.270554 3355.517467 3432.402534 1725.706486 1379.198506 2477.958962 4935.503919 2430.643712 7406.175231 0.05135090325 4451.834719 1153.392689 4.352275399e-17 4649.473461 1749.091945 6.797644377 0.2602312398 2368.809098 4294.918811 6722.852156 2.535454764e-09 4892.401329 4875.19276 1.010455724e-08 4932.184837 5915.589467 4470.170475 1027.596717 2149.493692 17001.05937 5071.695148 4665.77674 5074.677672 1.717866591e-08 4713.297025 4447.599302 8043.299424 2994.406856 1854.580738 574.8378048 1976.75448 2483.699087 2493.715143 6698.592718 7095.58225 4869.83833 1897.298283 7578.235251 4889.41849 219.0610805 2456.445761 3858.18289 9257.406258 1.952599706e-16 32.44338857 0.0003451926034 4248.435281 2458.714772 2.563395246 7413.700896 8.164017445e-06 2604.864559 2501.265827 2751.628376 2828.268392 5298.782612 7865.707569 2628.46621 77.58856425 465.4378583 349.3938756 
2480.107108 5708.322236 1.138358162e-11 4895.361432 4872.442502 2457.230786 8.341947951e-09 3240.006259 4.19752717e-70 6637.250415 2524.532874 2330.647414 4997.6878 8631.078749 2765.907013 5.43323221 4154.677546 2524.630893 3.087890548e-10 2428.186022 6132.152919 2498.605586 4718.106364 2486.400992 1771.622657 4599.638948 2524.571292 6438.896753 2544.858074 14878.21504 2355.533529 0.1111218348 10080.01112 6968.865649 4777.997914 2216.169199 88.97407535 12143.92813 2246.98044 4945.048169 4422.50279 2454.897723 1047.790646 2066.287633 2.25530398e-07 1.096606576e-05 4621.991706 7244.016781 0.002782111574 2204.607058 9.329673764 7304.214699 2475.75176 9148.255847 4731.480431 2442.860166 1217.252593 2425.347462 6421.09253 4372.601354 5157.416173 4909.66925 20.16270442 306.0256508 9505.230565 2063.433906 4986.842508 2533.976534 2484.070309 27.49349506 8130.395166 2470.108476 2416.920601 2487.279079 2028.610141 9680.557805 2200.075419 9614.013041 8317.573522 7212.345017 5951.929002 8.586848077e-06 1850.752837 1.239633743 4937.411239 1.102024414e-26 0.006881791643 788.4941493 4996.044851 2742.214267 4798.395397 12801.7483 5466.414207 4933.707958 6580.443126 8523.03106 318.0894404 2496.168102 5221.739152 4991.630397 
7142.835937 2483.496687 4568.437528 2891.662921 0.09121169626 8161.51237 2503.851445 1.306279648e-14 8.260159002e-12 4945.62315 6015.819345 3805.383539 0.9324718788 2521.534282 2418.073576 2377.975265 46.26919415 7952.636253 4895.525121 2232.533775 19.49695001 6735.669798 4755.312038 0.001202220892 0.00551938288 0.03372734233 2412.71241 6.418919164 2503.163787 2116.225668 2479.563652 4942.820972 1876.248148 2478.829905 2511.762581 5225.569624 2447.786113 6907.386384 2017.570953 7286.586773 6445.617861 3346.58475 4965.257758 9157.819923 4884.003117 2485.379943 6493.304479 1895.234609 9535.275313 2422.380165 2476.44685 8893.038553 11699.38445 5026.238428 2450.144722 6608.847342 2481.140225 46.04427946 7055.207723 13.81073554 2.381531106e-12 2500.152785 5444.106948 4718.413316 6.869092305e-23 1.008414612 1636.98305 7296.308078 0.3323496434 0.8273890864 1155.719223 2431.191217 16123.54184 168.4552043 6878.564171 5932.919629 1.986834103e-23 5163.133872 873.2828589 1204.470433 1630.597736 2448.631695 5435.230787 6810.110131 2994.484972 2700.213772 4772.709354 3239.163134 4629.345162 1.263120491e-07 4187.515309 4913.277098 2455.56067 4220.297305 3108.299114 11483.30622 0.2064850499 306.3763094 4661.460421 414.6151265 
4633.097769 95.69121737 2.708688567 2443.851294 2504.127909 7458.207248 6739.733459 4884.629003 4450.91299 4977.54775 5.297257934 4711.740125 4961.800441 1701.42408 2522.588745 1782.263189 9.028504757e-12 31.80160677 2181.878394 4898.345085 2485.440024 2484.274602 11579.07265 4952.308291 2009.250336 4528.11811 1755.777815 592.4732222 2486.248813 5992.300891 2928.05258 8932.772366 2487.74039 8434.019688 2448.337032 4064.720302 275.6574508 1.134598276e-26 2432.705749 2501.993469 9966.729724 0.002408757743 5769.505884 3.620476864 6574.408559 4914.642109 2296.605627 7731.19335 2.56597281e-22 5764.911653 4.778750913e-12 299.3678129 2476.397956 12133.99076 0.05619789425 3986.113639 2512.300769 4724.02389 2093.081649 7.745039015e-07 24.99804585 1455.197302 2437.920932 3935.015343 2.407079439 9032.215147 2316.547197 4314.336354 956.0347224 7964.7494 1563.86585 7200.91397 2.071867765 0.2546118837 2629.290149 2406.421789 2573.215522 2959.398199 165.1669383 9172.255419 1.100309307e-26 4040.283313 3.354144016e-104 9061.521968 6699.616428 2483.843136 4330.413955 4842.97636 4866.381835 311.0761698 279.7412016 1.292520522e-06 1724.131222 2426.422809 281.2047889 5.237051561e-27 2652.548223 4837.953949 1285.654337 4828.64483 
9248.362246 0.000264415062 4991.674274 2493.556404 7162.617888 0.1900571007 4385.809586 2512.457037 4664.537516 18154.25559 1913.544608 7086.624635 0.02238702035 2399.786754 6851.094597 0.2057839795 2256.011024 2482.890714 4832.640272 2623.971735 7432.62784 4818.984948 3179.976841 4965.715362 14.12684042 1098.099745 7253.187958 2505.859209 4777.451103 1832.993076 2166.290518 1963.193547 3010.750708 7333.456071 7307.976925 2189.176385 4102.76074 5627.47309 8286.872275 4205.362005 2494.609876 9490.483902 4941.663198 7233.037391 7852.476133 2500.907274 3663.359884 4666.444635 4187.527644 4883.305361 3740.122635 4976.792849 7318.860162 4622.848049 4506.567894 0.001066637177 6408.89928 7717.611052 290.9607592 2505.267549 7450.559813 2343.436402 4906.120844 2507.839028 4852.356366 46.98217798 4271.723692 4865.637245 224.6603314 6.923534062e-158 2419.58383 4913.837971 2037.504833 2444.545167 4450.257892 2493.003051 2476.350489 8.215081833e-15 9814.050702 2269.812126 2771.53339 6.749143548e-178 6788.736126 2687.325447 0.09655996561 2499.693492 2482.679029 2639.591165 264.497465 5.300665117e-128 291.2658011 1379.612643 2229.878937 3936.974151 0.02460459959 4908.646672 285.7803639 4905.834821 2.166673725e-09 356.2350708 
2.320031794e-20 6710.29528 2103.260672 5136.942058 7.932280176e-13 4972.542751 0.9030941467 2654.834796 5371.221473 3779.832908 16093.25515 4503.078548 1735.035897 1651.978817 2328.034548 4201.368608 7380.191328 9762.066354 19.88825336 2365.051107 2245.12286 769.1008794 5191.789084 7320.05605 4805.779193 2517.884976 2513.923288 2487.864115 2.990770767e-07 2403.531402 5007.3643 2155.501153 9.188426967 3531.619455 4324.39441 8424.638269 9443.793705 9014.580069 2491.701203 4214.048735 2255.796078 2454.622872 2858.359064 2437.732769 10006.50573 2688.1281 2829.211553 2403.310921 7.38361289e-36 2764.374069 82.46094032 2475.105969 4921.123942 2435.536373 4977.186606 9872.760528 1.253328967 7.677728634 10.63885682 9356.215445 2174.154282 2445.622979 0.001732346525 2231.328397 101.659969 2456.520523 5095.395163 8.154119377e-08 35.84686427 4367.704169 2376.768626 7082.95998 2485.299985 1767.992669 6306.58273 2485.483981 3778.557672 3.438070821e-07 7673.426568 8090.192528 4891.457243 7243.394877 4448.380289 4964.787222 8988.136305 2681.259552 5983.342359 97.08468765 2488.050292 4904.254029 4596.427086 4906.660186 9764.433737 2438.752141 98.13996896 6154.212201 84.51431627 2612.697054 7347.176126 3792.131753 
4052.572877 2501.945378 7219.586377 4655.086457 14379.748 8.38362435e-11 4949.486858 2360.159969 2891.08021 6136.186213 4351.804192 4995.719493 5001.331124 6057.449008 442.3842132 1.137460092e-28 6015.521117 4476.657747 4753.941373 34.93044498 5284.943666 7323.85338 4387.116623 4217.842119 36.50591756 9721.081746 1.538655522e-24 2437.128044 4751.019812 2408.135809 0.3940292929 2482.879127 5.983654096e-32 4750.392615 7328.776509 5072.763928 410.6381996 2694.916535 4854.355202 0.01818631153 4765.133897 36.89655346 2493.894741 2450.527732 7096.847136 2199.473901 2502.066976 4357.838047 7692.738946 3139.21893 2242.67039 4920.306435 2412.578135 1492.679607 4693.19761 2488.8386 4688.156123 5009.786906 2442.175811 2398.568669 2372.749261 2456.581268 2370.522869 2489.033344 2456.991917 1694.477186 3913.739593 2468.52276 1.573606796e-27 762.1488954 2452.118081 42.83345546 2478.278318 3307.201631 4919.708557 2712.757638 5.868262246e-36 1204.527413 88.66603089 7022.585484 38.15331092 5958.897641 8360.765652 2368.792046 2452.171313 9549.73729 5079.487167 4888.155121 4677.87946 2506.378941 1535.583649 2434.845829 4721.625776 2558.963296 1113.355203 5646.297193 5274.170576 1301.819204 3401.968533 5353.189323 
2470.242305 7318.97539 6904.855132 6716.509871 0.1204538193 2.608993142 0.05726685262 7296.092576 2295.029863 4783.751098 3.055092923e-07 3927.573095 4.497056416e-21 0.7013083462 0.006283981506 2375.269543 2543.959802 2427.809282 2455.773906 4998.279754 2481.311866 2435.453812 1408.829516 6951.363269 1.881705333e-08 3105.099225 2408.08662 2520.852285 2436.692655 2565.35 7016.430195 2390.618114 4884.782793 1755.252706 2493.626404 2516.41097 9635.79692 1.069855649e-26 159.5069099 7345.953465 4926.194156 7.678169075e-06 7069.626625 4844.492293 2417.3071 4416.944839 6.570336485 4419.881646 5233.164592 1642.400799 5329.496334 2581.396391 337.2431449 2506.263412 2521.748136 5045.184968 4948.654108 2330.555919 2380.231869 6888.251603 2510.630367 2587.040723 4903.944769 6810.013605 2404.33227 4556.367322 2718.394856 2434.109673 2632.950162 2164.899018 1.636815548e-05 4213.463924 5.563470601 0.03927218384 2404.035856 163.4121831 7844.889821 2443.39099 2.867030506e-14 2499.440936 6945.484244 2141.193558 6592.558648 8311.66993 2139.838074 11652.74793 3886.876735 1984.193817 2424.75449 1.600767947e-05 2372.080714 14.96417403 2455.194776 2529.722369 2884.205357 6482.299323 2176.023535 64.74434531 4951.153539 2210.948513 
4850.118574 0.345599956 2.067009487e-09 4717.641522 5049.345957 4970.114658 9019.774254 1428.737198 9184.885438 54.51752018 1763.773676 2980.323481 4717.033958 6778.618685 3.591328032 4170.996645 4.645635892e-08 2008.837535 2271.430465 4796.813727 1318.252819 2.730612379e-18 2493.881497 16796.1176 2425.445884 4900.225963 4712.448844 2017.795019 4915.273708 3525.791991 2412.507907 18.86501735 4912.691361 2254.770541 7223.521658 2511.901171 2467.924178 1.476805148e-20 4190.10658 5023.053474 6653.921266 2388.802826 2588.108122 2365.761072 2156.380288 213.73414 228.3731404 4603.975674 2520.430451 14522.19376 1276.414024 8.337111358 2.288375382 2455.960389 6775.828577 6637.889556 2169.099105 4237.348785 2399.611901 1752.958136 1024.180223 5480.868858 0.003030528534 3.147852778e-05 2396.129285 2.175820591e-05 3.507651625e-12 0.7480328437 9265.529168 11817.00825 7544.428644 6355.064706 0.0001109281308 1996.231372 2.841505838 4663.25187 0.0001590883121 5027.113906 0.0001541721926 2421.440918 39.24018037 4897.375489 4922.028785 8607.266621 6709.991835 5040.964298 2522.615211 6387.397456 7.006003214e-06 2452.151585 9237.193682 2492.310167 4851.883241 4664.607308 2693.608488 7315.976758 2570.243898 2508.412486 2484.029944 2430.118194 
2272.227025 223.2382938 3849.068655 2378.965201 9.076211138e-10 1958.132356 0.08681187027 7200.942976 2497.339876 4695.177443 2507.482423 2500.728355 195.3857239 14847.67226 2318.580041 2396.902415 1982.756345 246.0280982 1740.007312 4444.362991 9159.584406 473.8056555 5456.040253 2055.969199 3.074623153e-10 2650.642901 1882.896646 2316.149358 4939.265988 1827.124924 5184.666923 7525.107634 11.78566799 4683.288492 2401.064934 0.5295965719 2346.095565 4615.253409 2448.313393 2528.260378 4815.893418 3959.978857 4964.854821 2430.242258 4516.190765 6248.808122 7234.05996 1600.896637 0.07940551166 11.77721785 16660.59298 2515.142103 7395.558677 2964.456348 13094.87577 3982.004147 6863.790316 18.57152525 5.422607756e-39 3.021490459e-11 2751.615566 4947.086791 2563.923938 7778.938015 7485.200295 7073.667055 2621.52332 2352.235174 4033.091895 0.0003622451586 2380.372637 2419.943994 1127.115498 3659.931874 6973.357715 18.3006209 7.322916609e-05 4816.035763 6112.474091 2474.185927 2019.936527 2169.621153 1.586238296 151.3862238 2509.318995 4951.623633 1.325870367e-52 2485.193046 1921.256509 2.752952123 7391.100482 5467.398621 4117.472713 3801.831738 7458.427749 2428.75614 2436.407016 4880.810361 9350.160247 2374.085809 
0.003044865085 4635.828014 2316.002154 4322.341946 4260.427116 2398.655439 3034.089737 5042.707494 7528.687194 0.1446156355 0.001386573927 2451.227943 5321.161583 2507.86259 4737.42788 5154.094852 5101.101395 5.918104725e-05 3008.618193 5863.217883 2321.488631 2636.264197 7.254879437e-15 2507.089858 1.490767402e-07 2017.612843 3569.575587 4822.120632 2337.893223 7207.846599 6687.262805 4477.979283 1493.72875 2592.366421 4219.281801 3104.906394 0.0002504781906 2393.701578 2483.259878 6591.691308 7506.731092 2285.631909 0.003051956074 4719.101877 4670.312521 2512.725801 58.12255315 2443.288732 2418.299097 8496.353496 2423.039802 4468.014308 4400.234691 2400.870873 4000.654265 3497.025156 1.223740632e-16 5015.570593 3282.955679 13.99726197 2504.02007 4384.926208 55.8124303 2442.145719 4968.477413 313.0332807 9851.093116 2.029586805e-23 7339.986923 7400.077157 6045.817304 2463.893441 2481.847837 37.95458409 8.794999274e-06 4940.504638 2625.525487 4467.372624 4716.413549 2762.30628 2430.788881 9920.020527 4.991584688e-12 4284.423572 9073.642555 12309.25718 7994.98075 1850.964678 1649.689762 1799.003331 3612.684117 4928.392842 0.1605042537 301.0566307 9686.002009 3999.384136 1.744265772 4574.488606 4.030966631e-34 4996.995895 
21.01537312 4468.687189 4791.532374 4366.65517 2251.543126 7167.095196 4623.240894 2350.56386 179.6919052 4519.95148 2699.997866 4929.752426 146.1690606 101.2321981 161.0891913 2500.910631 4863.377333 4837.839687 6166.659429 4692.025245 9492.273941 8.426209324e-11 2462.311841 0.0367428126 6434.282301 13.15078718 4922.424629 4986.920134 6045.174268 0.00206552933 2288.728126 3333.654095 2281.975533 0.1242613937 0.6731826405 2508.056856 2342.597711 2454.510956 2506.571504 2103.456978 2186.617382 137.8234586 1053.369383 12409.78311 7222.906421 1812.998327 2407.838841 6675.410669 10169.16849 232.2694228 4831.40488 2267.849778 5.970033022e-08 1702.704866 5.765672147e-10 1173.357736 9048.583298 6965.243297 1.308813836e-14 2753.251168 4638.359286 16.61440285 5.905692962e-23 4506.988576 2522.702132 141.8888295 35.03892127 7.237075632 7423.658224 4631.070256 2350.167538 4653.520174 7145.634856 2.658866774e-06 6839.432585 7390.744189 2732.392357 6672.499284 4289.66562 5024.249226 4351.200086 2491.525546 4796.001545 2702.618983 2109.403588 2469.711714 4875.190494 16.58785766 2.588249163e-19 9837.985218 7091.053586 0.01208703337 1475.812538 4453.161898 0.003143744482 2.426728396e-44 3.991683595e-05 0.001150672023 3.935764533e-09 51.34441523 
7380.13207 2618.426259 2355.293986 1.765523995e-14 1950.076918 2475.683766 2480.144483 10893.66924 2471.871965 2443.30176 4682.312392 0.0006395603363 2652.022522 9472.288796 3259.445271 439.348895 9.013469773 0.0001019994623 2502.944043 9306.874545 4832.393363 2.594330146e-06 2160.128317 7289.510577 2399.050915 3468.213306 97.79376093 3.257333039e-11 2467.212661 4386.568093 10598.71936 4478.651044 0.4833559366 1684.092288 8899.326435 2439.76267 4932.217473 88.16019158 2500.074809 2585.796239 1.662074704e-09 4856.433718 40.31572 0.002072876639 2603.331794 4957.016316 2459.031484 2943.798048 5324.43867 4750.809725 9.175111311e-11 4816.872162 9169.786152 4747.530251 24.19994372 2590.030149 2500.379007 4671.271355 2504.567902 7516.757656 2213.312888 2353.255894 4769.60363 2523.131808 3.823223674e-20 6767.07382 4459.474909 322.8862132 2473.366338 4927.618553 3598.627141 2459.757657 2753.915943 2140.937213 2430.891781 7516.920207 4443.863522 6739.405359 2514.094045 2448.486767 2749.271537 1144.577332 3.892468486e-07 0.02215922043 2763.625167 163.0093262 1439.810092 255.3121844 4984.700453 888.5202298 4913.159329 929.0813947 3.946777663e-11 3869.445707 2484.578746 4893.393454 68.78188465 5361.772888 4636.158975 3516.246703 
4528.180781 1292.046569 2256.230499 3941.296159 1026.415396 4114.239769 1.485494221e-05 2483.391665 2040.165785 1.247748928e-10 2383.244107 2275.193315 4233.230115 7580.140719 2400.069241 2463.569444 8284.778833 1557.549672 6099.549287 7198.237817 2487.586147 3906.569111 2179.437644 4774.067449 0.00565276318 0.04142994371 4674.959859 7.566883916e-42 4193.150708 2462.324314 2513.119586 2342.328134 5.771048808e-10 1364.405723 0.0006935242938 0.002668628569 4922.416232 2500.303018 2502.568298 8119.719333 4011.458132 1.453695402e-09 1969.181326 3.072374476e-25 6690.54995 1137.959316 11.90890578 2124.806239 4937.561467 9221.683935 4388.836529 2458.900652 70.11940493 5467.193982 9.211322208 1858.936746 11351.08118 4778.989236 3712.142932 4931.809335 3.094379449 2141.068375 11.14937576 7151.668092 4998.279116 5198.797684 0.01640672463 8192.012009 2458.40485 6211.414926 4.757148053e-20 2503.020271 4675.506354 935.3703117 4.122240243 2493.36239 2576.033345 3082.848584 6783.600698 3523.357132 5181.127365 3524.191186 6905.857438 2455.167503 7266.727141 2710.113785 1.212776428e-06 6953.923259 214.9498586 4878.018504 2770.120221 3002.277942 0.1387328948 2360.675729 7166.846442 92.69327238 2349.574411 2483.590049 2501.623999 2093.60614 
2370.179032 2118.239651 4932.705276 3803.819233 4917.480935 61.3113011 1489.761351 2469.233693 11954.84648 7533.382023 5561.332334 2060.952257 0.4920648969 4712.312664 11416.28713 3953.357415 2474.110702 1320.272865 2303.788366 0.02883056138 10.49943182 5958.782844 3463.210148 5949.002916 2162.826529 2503.976514 7330.858502 6608.320352 3693.583126 7133.027336 2221.835589 8705.451069 0.1716146221 6794.059651 4723.023921 5212.682827 4387.277167 2630.336291 3365.592558 2330.82772 4523.849202 8.404050259e-11 6532.14861 2547.394455 2372.195603 4531.368602 7307.60652 4800.21453 2495.524065 4633.233405 4992.49597 49.76622353 2488.8429 4585.010907 1790.324385 2202.172448 5.089729855e-47 81.9590367 5.139849623 1869.081686 4837.991763 3817.197378 4878.290204 4752.699605 4666.544989 5004.289708 5.370947369e-10 4810.947835 2118.093963 4525.026175 5189.902481 4876.897301 4978.040128 0.0002066141169 2656.432701 5427.44403 2.039546212 34.46048953 8.165038535e-12 3.725547603e-07 7384.948127 4596.214435 3747.252872 2462.01682 4683.40132 4903.253422 77.87855846 3.750168651e-08 1.005056123e-20 4677.102588 824.6206477 2413.6634 2631.443295 4370.429048 5476.453049 7.281820907e-09 6440.535861 9418.717206 1.59295315e-30 28.7359264 
4824.933507 4998.711413 2474.049228 0.2031276044 9.36843567e-19 4434.880903 2602.700656 7403.415645 3.42742153e-29 737.8086608 214.2907433 7501.820436 736.4971545 2552.720385 2370.094422 3.007226856 2320.25385 2494.612099 2481.903305 1956.351089 6781.344577 49.05654693 4535.240893 4910.119802 6409.629187 4956.920073 3458.971787 2810.784853 1.214595193e-11 2795.612602 1993.189517 6952.680398 2283.937256 7367.049322 5.543904564e-47 0.01122879245 11182.65368 4911.069204 7422.509913 1.35656838e-06 2314.263167 60.70020165 2494.086456 4.321126583 5075.969466 2430.996362 4284.887481 2449.89088 6359.740503 2495.521252 2.729781007e-07 7444.402086 4702.3637 2050.958263 2486.851218 5580.399453 4364.133831 5004.660878 8923.472924 3511.924111 4465.510209 2478.019028 2059.38328 7075.9016 4592.849175 1385.98085 2623.092039 5765.406426 3620.274067 5088.61932 7412.313276 2453.354542 582.2602903 2662.456204 314.3610687 4925.618333 4738.18983 4851.226103 266.2915926 4522.675475 7464.758294 4332.560525 2367.909843 7474.796843 1815.233495 3635.749107 4926.645669 7394.177022 3775.101252 1595.14905 4717.860373 2733.540433 2495.792109 7910.064154 2642.289586 7120.674664 1596.503038 7587.910051 6.115685165e-14 12.00524324 
2357.033515 2472.070175 9654.83043 2434.48845 4583.58196 4144.636932 33.27261899 4930.640795 1.272578114e-128 5012.120856 4284.506034 2493.065312 0.4443950499 8046.790911 7861.924269 4939.893996 4.245146771 6823.449435 4406.358731 2315.379013 4123.714569 2320.54102 2448.911974 4597.358181 2450.237277 4.05697769e-09 10790.69577 12340.60888 19.39848463 4706.945197 1743.927914 4856.591213 2461.793093 43.91086175 2848.444656 2168.243034 2246.234918 7214.426759 7247.939109 10450.72941 162.169455 2.767818209e-05 4.684019238 3835.665697 7473.168115 1689.381548 3530.519994 4411.450225 935.9939839 4884.927637 631.9924902 1731.488331 4924.057465 3.387622413e-08 4969.143366 53.42438728 1.868198591e-14 4606.766337 9635.024345 2363.778363 4948.593841 358.4875681 5165.204212 4928.628905 7106.071267 0.04397513264 3843.388724 4790.345317 63.12910235 2379.975881 8947.995835 169.3619673 1647.809542 5326.703147 7236.753328 5353.425196 1854.746531 1407.229165 4.6154195 4503.79557 3760.948051 2494.510978 2494.402298 4385.457709 4883.053101 5293.21595 2288.362469 5602.545715 4907.891128 115.7165042 4958.9199 10173.0778 4935.819209 124.2243104 2447.051971 355.6102075 3982.885214 2856.674779 6849.075686 420.287692 
0.001734405664 1132.914211 7.423481162e-06 3793.923538 11768.4746 4850.320346 1569.414916 0.3412042368 4875.679906 4218.850214 201.6405403 3238.554751 4736.763063 7177.766589 4889.945714 1845.356176 1.085833751e-06 4088.178551 4991.641287 4971.995159 0.01921479526 2.95647559e-08 5.777503756e-08 2458.340512 2053.765903 2589.067844 11207.86336 7153.846865 0.4142579212 1844.7413 2282.92255 7295.624334 8830.92899 2296.008857 7.022569819e-41 2.741261289e-05 1.965755339e-06 4679.267268 4925.301066 1909.407676 2779.013329 4807.805619 6798.018258 2383.592788 2472.697346 2428.929109 2468.571163 188.042681 5176.75255 4708.659069 5258.527796 0.0307071101 2350.546786 93.42681605 2.64401558e-14 4881.629186 3768.596701 8491.819689 2433.620516 93.01902258 2676.543217 2499.364132 7343.272365 2469.468868 2324.763784 4633.282199 2440.280244 5.616578229e-10 6409.642017 2.446825273e-05 6236.681416 4891.676271 2362.82312 8817.586185 0.0004374402406 5078.938792 3480.515666 2464.455597 2071.54302 4604.678684 6478.831061 73.41207088 2067.939004 6.194511403e-05 4976.133277 2520.729481 7928.714922 2574.190797 6055.373481 3963.571636 8889.709185 2469.806763 5.724130681e-05 1598.884886 7259.925326 2.308271008e-07 530.9691989 1153.048733 2275.193028 5820.581759 
1.128161942e-23 2491.144068 2504.640745 3787.138626 4874.246417 1850.214652 7339.330445 2285.943598 5825.313795 2479.748457 4728.289002 2455.697534 3499.657839 2478.66307 2353.387698 3214.468206 6639.042613 2497.60956 4776.650831 2986.49711 7159.310314 6021.118193 1636.92035 18.81094096 91.77475942 0.002724052371 0.0004253975877 6012.041313 6869.338399 884.1402877 4259.974978 0.2415302732 0.0008533955079 617.9797591 4394.026612 1785.121111 7192.015225 2204.420293 4839.38727 7473.741785 4519.514328 2494.577443 1186.076412 4741.756993 4030.827415 12741.79451 4413.65866 2769.390834 2480.150947 7390.049377 2432.072529 4232.949523 0.4251821057 2345.64275 9358.955419 4329.402691 7646.148263 36.19083673 2078.354023 4649.800312 3107.437122 4822.860654 2478.361598 10.25343153 2240.915168 2505.098994 2503.652442 7.833295261e-05 2032.22865 9618.696878 0.01683967833 8537.500851 779.0773098 2061.142354 5.926597663e-05 2433.944019 4783.203343 1585.280751 8.96541796 3808.880992 6871.541168 2505.870385 4844.491409 8251.108553 49.43617438 2495.455805 2.713892313 2378.018167 2477.743167 7028.190764 12517.05187 4194.002545 2445.801986 1381.839012 12748.55501 511.3566964 2536.335703 4847.177398 7210.73656 403.4225075 
4611.619636 4565.448716 2.341200841e-19 2492.803683 5030.943722 4426.369565 173.2260308 56.8604293 2381.125507 2404.321801 0.7291918605 2072.585723 4297.264506 2911.828318 2427.008795 17.2365841 8794.781715 5822.192889 120.160417 5191.092092 7159.452355 4997.193584 2935.401414 4833.406251 4996.565622 2481.007489 2464.285938 2.857710302e-07 9423.860079 4491.122978 2504.405802 7467.440103 0.001626762443 2438.824708 2483.314963 27.19183998 4948.577128 4983.944882 3.877865354e-11 8929.665653 2481.633144 2486.651888 6936.595542 5269.437944 2066.477823 9346.541062 2495.438984 2319.414606 10.27914076 6012.127259 12075.86619 2561.245684 617.9008882 0.01481344139 2495.812178 5115.205384 8694.067394 1909.823036 2456.899287 2497.142103 2495.728678 1.540456595e-08 79.97024398 4091.305453 3484.281376 4945.432039 5065.204693 1.259758157e-08 6.818584022 7169.580554 6530.997135 2543.56597 7319.314655 2414.374091 6022.567501 2544.567421 2433.525935 7348.771656 2.927977581e-07 2157.079861 4866.810531 10103.8558 6759.983107 5864.445724 5.375497138 3855.587292 266.402428 2482.785381 5247.179176 1876.36019 5.238878839e-05 0.06526269478 5078.291617 1705.55449 4985.204879 2348.33422 7759.495284 5141.289079 5279.166976 4815.508276 
2503.508499 4736.794832 3574.250092 2489.277815 2463.593241 3356.224492 2590.401911 3195.560022 6726.90576 0.08973363143 4593.500474 8318.810094 12063.79667 3131.088063 12170.1709 8.983974026e-08 165.3008732 144.2542839 9470.041007 2494.170754 1995.352534 8638.72589 15.09269571 6897.599969 2493.635048 0.008100745506 8459.263694 4962.36726 5134.735406 11591.82276 11.37254185 8583.738461 762.5593565 2768.827877 9588.495974 2505.124303 539.106036 4624.003244 12045.48009 7947.042494 2487.231434 8864.249774 4990.486136 3.02237658 7478.659346 0.3175943854 6629.026908 4395.156478 2632.492801 3196.886799 635.6769615 169.045984 2535.040537 8987.037214 4652.247929 2271.529757 9498.553772 2469.387408 6541.859078 4029.870247 4875.273236 7816.077224 1704.805848 2469.744716 1039.445293 9080.755611 7274.624914 11800.3903 5828.983147 2443.744353 7437.506303 0.001577730763 19.77946291 8656.822567 5068.538788 6711.468281 2489.241691 3763.209765 2455.901958 1429.396888 7274.126316 2530.277915 7425.876399 2215.250035 6.37282799 9388.295042 4896.020212 2200.169828 11563.05303 4437.18346 2502.819287 2.700834515e-19 4920.083247 7591.6359 6996.589854 4701.099245 2486.727351 3568.247272 4.001120031e-35 10017.81253 
1.370707056 0.3538520314 4.443355498 4871.161777 4976.955476 5253.783028 2371.926904 0.2916238341 7288.431557 734.3370652 9.245199148e-48 4181.356479 7284.143164 5032.657899 2436.29985 4113.829743 2805.206501 2889.085859 9481.22022 5000.874593 2304.614593 328.9799199 1679.664104 2.111795595 7048.336754 7348.648756 6983.790803 3396.338957 2419.153434 2480.364073 4553.237984 2499.539499 62.11107836 6372.832189 5035.047145 3842.327547 4815.167161 1317.944809 5705.96699 5025.842709 1.86462876e-34 6.252180835e-30 4.721580898 7280.573816 1.727676279 6902.153505 137.6338841 14735.39417 7442.069471 4544.844533 12083.56072 6948.543101 3413.089724 4234.396014 7310.768748 0.3085628984 2340.652324 4704.411413 0.1443735938 2470.16355 2434.108559 2493.531397 3496.298287 3.59992596e-07 6098.954098 7578.267323 3.49862058e-09 6217.362454 1837.166164 9485.909884 11036.51476 2568.331764 7155.686573 5762.91858 2447.225744 1939.633342 2419.291605 2270.489661 5103.794221 6238.914762 2386.154147 5005.120856 1949.328093 213.8727178 4989.448105 4031.69086 4971.486124 1806.731267 6.470748078e-21 8.535250198e-10 209.7804302 3578.461729 2464.831415 6155.256791 466.0903494 644.0776776 0.01219249442 4985.388783 4080.350836 12363.12381 
3.162512495 7058.440084 2329.577382 3916.864942 3372.954224 2494.132841 5783.057073 0.0003582673356 56.43911194 2335.152229 2927.238798 4916.293571 13922.18694 2260.955249 2258.212624 6798.614919 4841.127486 2203.045569 9700.694787 3847.117686 4979.287628 7131.307282 2480.878543 6449.573283 2418.360787 8.609049234e-05 8439.736674 4316.73515 0.002620661683 3084.729824 25.74188485 4053.7431 657.4171687 7274.130479 4322.344634 4948.654801 7544.086549 3664.305375 4927.779485 68.09423888 5737.200064 4241.630334 4527.600335 2529.180166 2224.808612 14690.36719 0.0001860783413 9631.764043 2501.886902 2527.604914 0.0008636108672 3761.371464 2815.036031 2716.475924 5944.859314 4860.317809 2200.185682 4451.773444 19.15010408 2433.615889 4885.775749 4241.904573 2.161154864 2443.573378 91.15261002 4753.86169 2799.602721 1.665388449e-07 0.001306876765 7351.864921 3402.656869 0.1324858768 4618.817502 1498.762045 2424.521387 4941.062639 4265.531281 13.74334282 166.131571 4244.389093 4949.027805 2443.038105 2437.831007 2703.415115 10068.33451 4500.476704 2.410316061e-17 2977.374047 3316.073074 7472.672463 4345.353968 2466.944081 2.261553578e-29 0.0005726131045 4752.212739 1726.626411 3442.32545 3.000606731e-92 4876.302803 1672.075931 
5848.899515 32.41125861 0.1573050134 2623.818635 2389.13333 9.557530278e-11 6760.677938 7569.619957 7277.419639 4846.339466 2244.739296 2012.996276 5657.592633 6746.984931 4753.72836 3615.980097 2326.364308 4436.977732 7448.276088 2317.477867 0.01469753045 2315.334317 1447.928874 1.627675224 4876.79478 4744.351141 7147.416823 4738.108319 5022.319993 4501.677032 6.99777285 2050.29181 4651.652324 9923.329652 2452.706783 7344.749497 6630.838003 11107.66353 7544.496151 2395.768542 4951.617532 4069.346642 2014.441972 8.319793784e-06 2497.932754 2317.340576 2481.624756 406.3296989 4.237986797e-13 4868.331799 2433.990333 0.03340570208 9124.571225 6714.196628 3430.857084 1905.971398 2958.796042 7141.728984 2362.153819 11933.12586 2385.48763 11433.33425 6847.686599 2.049694748e-09 4184.564419 1555.930894 4639.675604 4911.254227 2501.471883 7938.277912 14349.01975 4276.093353 12.31015173 2470.471802 3045.823287 4938.331668 23.6988974 6.669944485e-08 3301.035856 5505.07821 4976.291845 16594.63308 2059.358636 8799.791914 4907.640761 2524.710133 4991.533613 4220.251517 2500.978244 1.315745559e-18 7.483699414 2437.171269 5427.065302 6167.139549 702.5085513 651.6840108 5002.63823 7228.705586 2438.190312 4650.954302 
474.6791223 6276.936919 1.658240171e-14 2530.061211 7338.354379 9055.896534 2420.434183 3195.774516 4.858805527 0.0008726174015 0.2861580063 6.074126916 2437.303204 2681.662388 11792.60603 7270.749056 4889.309193 2463.451965 3483.251222 6943.172407 4.344511046e-24 2530.848684 0.004520862843 4.581622808e-21 2.150860172e-07 2369.562768 2502.526921 4439.058027 546.3048855 3211.288386 4754.370089 2571.993588 4588.467393 2444.817119 2506.943869 3925.63038 2499.3973 2342.980252 8802.782102 0.009687918321 3078.617956 0.002527780149 3911.040784 4458.88437 2508.228312 2201.359248 2406.974686 2511.245393 2436.678998 2424.69804 2372.277106 3727.954765 10038.14323 2578.001991 10221.24149 2691.092246 2414.901955 1.128653043 1957.851673 5065.766728 6632.463425 3670.950017 1.379561147e-05 4638.916374 3918.709806 2899.738701 757.4283667 2871.527455 2345.76586 7363.311729 2632.077289 9411.86399 6445.509276 15282.12348 1.117054711e-18 2436.828593 1.005157804e-05 2446.265351 2356.29479 2467.329695 6802.247734 3698.168288 2495.745402 4428.29273 51.82761117 2441.086333 2329.96878 7354.891805 0.7095624558 2.744536586e-43 1172.57075 759.0875227 7346.948805 142.4176625 36.00391679 9613.579902 278.106159 6743.212182 4605.189373 5.722954989e-35 
5351.485798 9206.925426 7555.721123 6879.282323 0.186981888 0.006091543502 4797.450535 2457.960073 2136.733043 5028.723901 4311.830246 2503.636077 4779.956905 4505.421003 2488.963113 2494.49768 2709.469377 112.1990927 6402.862587 0.03941421742 8940.42226 6929.179105 4864.768719 6104.389908 2537.851774 0.4040820719 6539.734437 2510.414177 10897.79074 7752.129024 7.506363129e-07 7015.934136 2471.142303 2471.171172 5151.181286 5.617199495 1936.410124 2393.85284 4650.323678 7709.137272 4781.293299 2158.168967 1955.018504 2477.561748 2495.634655 1145.759482 6061.925209 2844.170435 2991.923689 2240.25365 0.0678775421 2021.084058 9808.886972 6046.603107 5075.157182 3588.620039 4522.148664 2331.200791 7268.48488 4156.853716 9240.592238 3009.896398 2464.689825 2670.528361 4737.676872 4878.001482 8336.185924 1715.50251 2492.922674 4721.208681 0.002601188734 3142.384209 2010.53343 3280.708034 2481.745702 2443.882173 3885.350819 2515.900305 1860.978017 2.698776044 2493.612617 2743.725345 4573.450454 1.2023338e-10 7327.951834 1862.278307 2494.375458 6903.373059 1162.50443 5939.981883 7247.062639 2459.169151 2686.176814 0.0005532618832 4395.105212 283.1007363 385.8306592 7212.928935 306.45553 2435.210215 
4710.247483 2481.569779 2506.005306 7662.035967 2369.379542 6515.661568 1.562377572e-15 11583.62986 2785.436038 4946.415864 4956.445922 1174.772335 7.794917457e-07 4856.924059 11942.10578 607.4381169 9.858066677e-11 3851.004723 2410.341316 1015.374268 1780.862057 5854.759595 2494.669578 1.045142645 2304.806248 1366.607859 152.6672609 4781.736424 2340.13043 4834.096884 4821.30041 4938.101024 4977.957776 175.1457283 6833.421802 6993.007843 7.40613166e-46 4373.602562 11766.46218 5028.603408 1.22476386e-21 43.27069544 4588.89755 1209.129633 5980.248405 1438.294164 2613.095814 2758.766845 9902.295905 7.537874628 3286.445997 5314.067618 4924.161824 2738.633476 2454.966426 3834.701689 4752.051908 2965.66516 2516.362071 7423.831006 2443.368924 4706.197506 4494.278493 1492.845071 2479.799107 7337.64105 5123.124822 4722.35103 126.8058967 4974.327616 6947.544871 2445.337857 0.0001589054286 4622.925464 7364.610215 5023.874333 2511.751488 8.075574645e-05 0.0006793186871 2056.263946 7197.777343 0.03928974242 6460.238201 5407.869805 9154.983154 5652.564943 2764.49852 8937.280076 2.292736541 2.185199249e-20 1.290932367e-41 2478.516603 4930.905499 4912.299302 2827.804634 2481.592996 7747.592938 2858.713264 4840.824553 4981.384901 
2487.728956 14203.72699 3660.087229 2787.407922 6059.684278 82.65856589 2335.879646 6440.367281 6869.990671 4874.368278 2571.971501 1.564014914e-06 1.087194927e-14 2164.655519 1.297054961e-11 2491.389422 7059.926979 5210.251569 4641.14615 2454.261438 4.027961004e-67 2504.192704 7090.24475 1.734353029 3513.989335 2543.524484 0.006654402098 4920.498368 4952.855054 7331.595671 7443.177738 5289.403484 3006.992675 4.263245375e-11 3.5910795e-06 7214.38634 1.692836906e-21 3.643537244 2531.062036 3959.42037 502.2142814 9431.887895 5772.305973 2548.775845 3712.195306 4304.598806 7350.770245 3307.059049 1.708439249e-05 2164.813182 2505.90787 4890.240965 4395.909965 1111.980965 6395.142557 4921.847569 4230.865395 3695.997594 4666.031458 4939.764034 15.16880782 7248.22646 6937.747925 4929.257653 6.126014899 4552.818876 2903.79728 0.0001990592066 1104.692169 8136.886206 7326.114023 2304.310018 5126.526383 4578.745497 703.3335766 6353.531599 2584.034701 3032.394921 1843.245633 9215.619209 4983.384092 2309.043076 4934.871351 6787.661414 7451.118945 10290.47786 5084.894533 8059.284214 2515.841509 5071.759627 6441.613974 4177.235103 2480.189824 4340.082912 4527.447118 1985.84788 2777.45365 2500.390051 8355.728203 1.432358856 
2232.677673 2705.294536 3374.520121 4939.985357 4574.359814 2877.005163 2799.639062 7101.923555 2477.652164 4802.879484 2929.254306 2457.517763 8104.515045 8123.545098 1820.382813 0.8410702771 6622.957566 2485.680377 11945.18868 7723.2363 9731.265489 0.04745354882 0.6285911338 2272.535226 2095.66961 4812.855675 7068.411529 1.673745554 36.05286236 1.772538872 3801.344902 4652.861169 15162.35966 7179.098051 5226.977738 5762.158995 4859.099628 2120.727402 2469.44775 4778.049125 10631.26118 1.104238669e-08 120.1683351 5.380477604e-13 2519.163761 3.013765756 2539.545123 3607.517728 638.4739124 4695.865769 515.5560521 4838.185026 4876.152861 4601.660166 2499.624419 2412.814059 6182.492751 2955.449845 4052.661816 3128.77721 0.6461917154 2301.170003 2631.555298 1.806909496e-40 3747.562063 9129.700316 7016.652741 2508.51517 3734.142764 7248.194545 243.7021099 5.660369782e-08 4888.009392 8.055651589e-24 2432.371379 0.0001110561177 2.007754945e-05 1.141156371e-22 3357.057778 4865.468393 2481.141967 5112.371479 2499.043336 12264.1745 8825.366005 1203.138506 2530.983391 3599.186973 6042.830812 5248.135309 3547.728616 1642.134609 2303.444736 3468.389802 0.001236214903 4654.053713 4810.131454 7524.985512 6495.265181 3728.780078 
7072.049321 4018.766983 1.037779576e-26 3.683750677e-06 9593.624436 8146.234666 10727.78301 7091.394573 3420.081994 1.191601476 7912.864689 2467.756491 3185.196468 6550.577515 16.55850812 2428.346614 3317.873093 4076.736214 9739.602845 1.290860401e-07 2.483833125e-08 1355.547494 2460.448304 4479.926001 5154.747257 0.0002394347411 5953.616585 0.003305231948 7862.798989 3635.120343 2.180929355e-07 14808.71435 4175.008301 2459.370482 4963.475107 2470.506369 2530.471261 2666.468702 2526.161644 2656.792261 1106.972801 9489.07546 4358.20436 2517.971275 12896.3823 4.820084305e-29 8.270776843e-45 2481.377371 6931.621856 4787.170302 4845.401222 6732.48334 3459.810527 0.5079062097 1591.574944 2193.884412 7372.596078 3058.656391 5286.112793 3.006691797e-18 2494.642414 2522.251394 6174.855094 4318.160828 4965.65846 2002.792408 6681.741619 2.375089509e-09 2302.366334 10439.87367 7264.422965 3.503832939 1.721967247e-10 12502.90657 0.02588945999 0.0002782659167 8174.723966 5092.195818 0.07622968194 3200.482079 5231.419239 4854.719605 6948.153764 2456.831546 341.8584443 5070.234445 4891.055646 2918.332202 252.6751643 7322.1511 4157.751186 5085.73403 1.705193247e-18 2440.661463 349.7810497 5375.95353 1995.2595 1.489949489e-05 2465.536935 2433.460648 
1971.330767 2517.873834 2014.80111 5267.596196 2.679841951e-05 2306.196213 5465.841973 2493.971061 9936.670059 4787.629948 4692.005069 2411.637703 135.2624689 4237.423297 2485.215642 1735.610248 7200.451162 6647.98551 3600.775301 3888.932246 4656.040579 2502.007882 3792.462325 12323.97331 3487.540585 1.025923767 6.763309346e-05 6900.621681 4549.98437 4945.478598 9.586892221e-13 2914.499113 4581.098441 179.5874364 4949.247393 6078.737446 2505.195332 0.5029185199 1227.319011 3538.522842 4555.792328 5338.411275 8742.014347 8892.204389 5116.750278 2.694182714e-43 5911.927157 6899.072491 4770.225434 897.9036037 10108.89439 1.205238361e-05 2.289046403e-23 2484.618932 4801.658585 4795.513838 1.182588087e-13 7242.908462 2483.900733 2421.507669 9673.494333 9635.691611 2372.731967 4722.667191 1.255664568 150.7644531 8758.659814 2433.656014 2507.725451 5574.468688 1.906102506 2171.103172 0.5910197195 2493.811457 4849.235626 7033.516517 2231.344138 2440.014976 7976.615665 3708.237391 4950.223959 4806.352186 2550.033698 2914.759285 3652.782847 176.312741 5228.373883 3722.691213 2386.910419 2441.306021 2794.515835 67.69292085 2427.267451 4751.736425 2478.985481 8319.149079 4207.323417 7392.555601 6740.232095 357.9551463 
7751.826533 4896.973881 3660.027506 2307.273586 109.098457 7914.258674 4624.676739 0.02346840624 1812.003024 856.6360414 4805.219508 2481.206059 4700.597426 7145.280844 56.03147881 0.0004384423677 2664.259947 5136.652304 2655.224948 8196.944027 2482.302584 2404.639331 1366.194001 7238.233545 0.0143710972 4387.074285 877.5398006 0.1219986901 2389.967094 1.616842452e-11 3854.19572 4346.422138 4.124215703 2876.604956 3313.361429 5.488679626e-12 638.6311775 2423.706761 3777.936647 1986.415692 1.751012191e-05 0.01811195658 6582.970773 7060.552831 3.547977813 4596.53831 0.003195635871 2161.317896 5868.852264 2499.494675 3382.910679 7195.706483 0.3666465871 4669.889681 1976.470878 2753.235709 1831.087251 4531.383811 4349.737476 7335.855016 3973.232871 1087.2364 1850.693428 2432.416169 4330.053501 67.18073604 4832.280189 152.2937261 9874.774825 692.5984503 144.0612399 6654.456586 2252.225191 7.635079926e-06 4594.343196 210.0957046 7284.812676 1.59597415 2713.75547 3779.813189 4035.75304 72.09549024 6818.086396 2377.924735 1144.869381 3511.897198 4026.98783 2716.200377 3488.559973 0.9798579484 0.5647254027 5294.127481 1679.658407 4546.634878 9655.926684 2.704185337e-07 1.892161987e-12 7229.044974 7608.00217 1.445659168e-40 
7480.42378 4661.437037 3137.050617 459.3751284 1.868001942e-08 6449.347719 3161.077555 4597.618984 2409.090045 2440.258647 6139.728688 98.41838027 2.948536976e-109 2491.325846 3347.997158 3.014757853e-11 1.455859299e-06 1923.162577 6731.697067 2483.139432 6216.185834 485.788809 6911.059075 4521.300042 2541.269618 2322.171799 4966.797176 1403.759529 4126.817058 722.4945261 2483.697258 3573.731702 4141.851884 8111.011348 2469.010141 3891.262909 6860.457389 2392.446209 125.5897248 3820.562832 2486.17608 126.5871937 3371.428293 7603.576188 166.3770584 5008.941806 235.8270749 2472.176655 6603.739819 2327.714079 6771.783411 4514.004775 6445.308755 170.3512398 2497.296039 2809.92357 0.167550136 4630.606561 7449.037143 7046.31072 1508.818449 2.588500708e-06 4811.736191 10000.93645 4331.971517 1.316457313 2549.193769 4541.430792 8587.777635 0.002292677785 4880.793682 2446.109819 7164.239315 2497.829777 2502.416407 2129.115258 0.0005950027127 2414.229747 2587.282197 2445.816314 7.520028772e-05 1874.774694 202.4510549 2629.773488 2966.24678 1142.858652 5172.685242 4856.93231 4456.852762 1983.95491 57.53388257 7446.06593 4817.599201 5010.280446 4328.094358 4163.195254 537.4261813 368.7388571 3471.591582 4278.673647 
2096.237213 2900.829963 6914.561081 6259.956329 4987.678502 5769.979977 6551.676641 4690.402379 2501.613814 1.248750644e-05 4973.711892 6995.604687 2423.607435 2488.100875 518.1080954 1.671767277e-13 12521.50996 2471.411387 2075.253008 0.4098383128 5603.448614 4945.939651 0.09736822649 7034.899111 2466.796056 2.681126728e-71 5566.930852 4560.543486 4286.466569 9576.929017 2518.34567 2962.337034 3234.819869 7550.180102 10693.23277 3509.454172 9667.760571 2094.097055 4526.379321 31.90343779 7256.967238 6002.920774 2467.394934 4787.305545 2038.944908 3378.022244 0.3758117861 3854.726829 2170.481708 9516.867415 5374.564997 0.05686129273 2431.294216 7.680092767e-17 2522.115579 4556.954238 0.4740166256 2438.562682 6776.635247 4798.016818 2653.053138 4907.064471 15.07570907 7068.973818 4972.178647 2724.075271 8357.95039 3317.309067 4673.588689 2455.72915 2419.381929 2701.551227 2217.169653 7277.41453 5007.728301 2493.694681 2530.499428 7603.54835 4919.757753 1816.67245 9778.168367 2818.396156 8319.630199 2037.16822 2495.388409 4349.806323 5051.623272 2.00004975e-21 1343.618719 5404.793426 4596.751533 4844.495633 4626.934782 18.15653198 7188.77938 2989.989429 3305.712154 2483.395361 6.486484366 4764.175679 
5.158585519e-08 3083.142217 4018.41666 4211.902551 0.1150680238 562.4786549 2301.76081 2668.370835 5569.776264 2478.944067 2695.756292 1006.800078 3.684644806 4238.397449 2426.823785 676.5015079 2488.007442 1.408367567e-07 4866.453776 4878.063397 6714.961066 6544.579506 7118.555067 2460.542494 4148.330209 2565.043669 4800.530607 243.5566039 4972.337982 4959.192432 4821.674657 4430.433445 5232.072639 2165.022936 2.081810382e-10 4859.181263 2445.091877 5014.596852 2401.903889 2481.412585 2507.204018 6149.000794 7.821652464e-14 4596.070951 579.3377394 4404.916401 4934.323501 7537.172559 4792.1256 346.6480287 10762.28073 6611.991302 2183.006106 3218.604525 7408.966345 4989.732065 3296.847655 6919.050037 1.495604929 1234.726808 5150.005015 8.902429486e-10 9379.673826 4656.778574 4731.864482 2081.251522 2075.724985 1047.247547 2491.205548 4397.713109 2703.610159 5021.912226 2077.317084 1985.65981 10134.00514 4745.612423 2689.715337 2670.523374 3277.704927 2456.054167 2477.738612 2414.089346 6999.451956 1245.89127 2.632623111e-59 7052.243494 0.03991229103 7121.240292 5007.860827 6717.77186 677.3083986 1405.490629 885.8164266 3911.365372 2921.829081 2796.820965 2320.869587 2233.44665 2567.870839 4361.267806 
9304.710911 209.1648678 5078.013156 2508.001929 9830.210373 0.6498588603 3726.953958 19.82863085 2467.954295 806.8199799 1395.735037 4115.319429 3.306638405 1.895941324e-06 2450.490028 3805.941232 4097.507565 4902.926584 2301.768198 2372.045755 7.195072943e-69 4915.530092 2454.781542 5001.317287 2422.433026 6173.454291 4243.978866 4467.494536 7467.346392 2440.972902 7361.527316 6702.348928 2.983468029e-29 3288.713901 5726.100744 2410.174629 2760.275952 4906.980888 2456.140031 2437.178945 3432.775367 5540.481979 12142.40323 6001.799468 5656.764255 2908.678446 2579.752108 2408.597903 1.843028032e-23 5102.826322 2095.686225 2740.94789 1035.972749 7722.072548 7181.444107 4.960174263e-14 188.5622356 4049.726855 7340.081415 9169.011583 4802.412898 2169.562723 4998.787787 4827.171367 23.64290416 2791.831388 48.82189558 2470.237968 4444.678835 7358.645716 2348.3483 9.201327505e-13 6960.163154 2139.345505 5602.348657 0.0004817785519 13765.93039 1.389373798e-05 14166.30937 9324.439681 6903.012101 0.01332803429 10160.7902 5130.69774 2573.972982 4591.255242 2481.574855 4806.749036 1941.928577 7240.518448 4094.133385 3492.638141 10033.47729 7144.670374 753.6097208 3188.373681 5.062756294e-18 2563.553845 2055.107173 4158.884245 
4942.658134 2434.679973 7562.549471 2704.739793 278.7147261 0.01858622051 5005.490077 7020.16497 848.2778995 3127.563192 4.736929588e-11 363.24158 4975.03708 4144.398337 1285.961454 3080.762878 4894.403413 2324.765271 6370.1381 4749.827533 1497.76752 2.319379806e-08 4850.91924 9.42416818 2.565125212e-19 0.04231994776 4832.626237 5060.216316 2438.307345 2406.313978 3278.841315 2654.607075 5067.189941 12.65399649 1292.91271 2502.382942 2110.205741 5202.664641 4270.752312 7122.958891 2532.59473 497.9948562 2350.384383 4270.608348 5.095882298e-09 2465.744148 2499.656959 2612.343479 5164.149009 2488.132105 2473.312347 7.851739953 5319.31521 2415.243803 2422.105555 1.884455285e-08 5218.462714 7111.079184 3141.250895 4929.373687 4836.5048 347.7607121 1692.485026 308.5768288 2512.748781 7292.125469 6831.765228 6405.227567 48.10412138 0.8872577728 2343.450914 3607.154671 6842.136907 3212.265916 2468.283855 4503.230481 2457.881693 4982.348985 3166.570802 2248.285096 2115.601179 4839.163004 2404.991537 2408.574432 6438.513981 7187.935375 6858.689691 12169.7879 315.8729405 4737.381133 5796.196851 365.5157688 3044.75342 6392.878093 6863.425346 8634.950227 2549.030661 3270.326526 5522.216145 5.015338442e-06 
2995.856983 2533.893315 7525.102363 3507.285745 2556.922631 1527.720029 3673.760006 4140.637626 0.1409898484 2028.728365 5103.102521 2568.36665 2449.382779 4652.446716 4635.180217 35.23346571 7371.018218 0 3951.28848 136.3422667 4686.434008 2469.410681 6977.039934 0.08831946863 2479.669902 2453.338742 4974.577814 2866.735174 0.0002953508054 6799.984161 342.017313 3703.204641 1025.28667 0.001759706215 7367.420312 7268.505352 114.7111662 7355.026648 2.786095108e-05 7313.58713 2502.217168 6387.500338 2499.21462 4888.635648 2490.856107 3098.646915 4619.77133 2446.064541 2482.192769 999.7855515 2509.189809 7170.574486 3333.538222 2275.746715 4848.099019 4.078849655e-29 2671.615858 4921.588049 6900.4986 3076.811171 8210.116442 2418.06632 5145.753712 5077.138509 3673.126954 2505.824055 0.0001798149811 588.1065727 4668.330721 4.741276258e-05 3089.053037 2266.576005 1.491736985 4906.292139 7323.244352 7422.824602 2609.035176 2505.288647 1.125064664e-10 2417.893726 27.4665638 4586.43385 178.3680634 4712.95571 1919.29781 4201.71498 5221.179556 2489.99201 4991.78816 6976.766629 7063.101262 303.1574334 1221.715298 1588.820252 4346.571844 1743.145278 7658.953518 4101.965652 2353.216243 1.656005374e-06 
4881.758383 2490.913129 3315.8972 2804.075145 4629.000153 0.1614637273 4826.021816 65.33060689 4424.117723 2378.832154 3.051235644e-29 4225.511142 2493.563288 4673.045373 4875.932686 9756.321457 0.9997998647 4784.8357 2233.863084 2321.097063 5293.999222 4987.224337 3188.194544 4052.711192 4366.757173 1.717034349 2497.637122 2470.802608 4902.791081 2481.820964 987.3367998 4977.299256 5247.651869 4.29884928 4989.765146 8230.318751 4925.705911 2079.152336 25.79267548 5259.84509 6485.118016 1918.126742 1.345777589e-06 2431.591049 3131.018773 4745.064004 5.176818456 0.9990863879 13.28065353 2603.169133 3.110495375e-08 2484.99761 4490.106494 4051.737304 9002.575189 6557.288506 2483.5241 2413.782808 9379.577496 4759.902507 2.28468746e-27 2489.603394 812.4748281 4753.172009 344.2471729 274.8988606 3941.222809 4860.815975 463.0394401 1806.570374 2606.485362 9728.155794 4836.497443 5.643424204e-07 4745.280876 6.750670683e-06 3976.616833 6.744311659e-44 0.004598148985 5269.088253 2494.634002 4618.125355 2444.166718 6161.634444 2.676739432e-06 4.555617959e-05 5064.446445 1108.488623 5548.282539 11803.15429 2571.666996 4683.879948 1.769290426e-35 100.7703977 4211.357183 8.903487929e-05 4794.602926 5162.106248 1110.728204 5334.614861 
7270.481827 20.82424137 870.331423 0.6147115392 280.807733 1.888347354e-06 7196.70375 0.7477450368 1723.757993 22.48305778 2468.619912 2227.908085 0.09703051392 7115.224869 0.01035958438 9152.98725 6.450541689e-12 2026.234822 2288.610631 2147.085805 4920.43908 2255.705826 4923.751665 1.2070168 4144.646899 5365.921851 225.0037207 8926.310566 2305.536124 2480.900145 357.9103208 0.02314181014 4610.696352 4799.068579 1992.173263 0.8412579289 4227.126486 4901.598344 4631.27053 408.1278583 3445.337341 2514.172928 6769.730979 1331.57124 2508.375544 142.7249292 2418.681631 2495.791432 2582.162785 5050.872776 11933.19803 2459.80182 788.054683 9700.564199 3713.228617 5349.930122 4933.497674 78.78062427 393.8495678 6442.413697 27.38116128 2134.909653 5012.623526 3315.492643 6040.373853 4835.585392 5013.638585 7272.563595 2537.565385 27.08929427 9872.126288 2229.764182 6851.471409 2510.326597 2521.062443 2.709901944e-14 2.927251639e-07 8.893051707e-05 1919.385559 4816.060594 4061.694891 5552.910346 6492.026338 0.004102508203 4937.975936 5130.906188 7438.628559 7163.598485 145.8039084 1909.114683 7788.88201 159.4993522 2496.299536 22.67638166 10059.98926 2777.323472 309.9649439 2869.93896 6571.124473 2.310848805e-08 
4262.054148 2915.055943 2355.387565 4820.64344 9311.15466 2357.796144 542.7262513 1853.510855 4958.325102 6748.726951 4592.538936 4951.227209 2452.079464 4936.297515 0.04323082877 2197.01956 2499.670993 4299.213927 9554.784128 0.9091855854 2456.485682 0.289061706 4250.951978 4729.958052 4684.443904 2019.292437 14.14567254 3711.048396 4680.906112 0.0002285855606 2296.862765 4622.061253 0.0009105460436 6695.875002 2500.02576 4654.986133 5143.439201 1815.844496 5567.302814 2133.314848 4750.955632 2048.65792 4.660770992e-08 2302.998969 2482.818355 368.5943645 7194.565361 428.5950447 2071.084888 4751.157293 4404.516282 4881.214165 77.0181612 3104.573421 9036.630783 4194.658946 758.8504668 5897.516419 4939.54695 2474.86402 169.3933144 5853.10796 4737.610564 2407.408358 2443.916277 4.670110743e-44 5058.533843 7156.814798 2507.514597 4918.480532 2524.011872 4381.143295 2375.878198 2901.312566 4883.293986 602.8435054 7601.441535 12482.88497 4781.872627 206.9594652 542.574658 14.65238599 6446.754418 2885.624103 2496.868905 2710.082659 2148.530808 3994.666905 5291.78803 2505.638518 6786.474469 0.0008238813922 1.174571934 2483.014733 4896.445623 4699.931961 8129.875052 171.1123689 13924.38689 3449.34065 
2502.849393 622.4866995 2.417609764e-19 4971.133715 0.09715342671 4667.272599 4820.362439 0.6466315971 0.19228414 3.725961684e-19 9.215970226e-09 9723.962517 4782.711493 7295.720098 7.874420544e-09 7302.189873 7169.66523 4725.429146 0.03182659288 9234.666357 4792.751144 2467.052437 2090.142428 392.6105714 2481.987031 6855.300796 2296.650286 3768.438301 22.11229274 0.01095618554 4003.414107 6983.404482 4959.595957 5650.184776 5373.606375 10989.06766 3913.454465 4868.148585 2520.867691 2446.958045 5410.828812 2588.031445 4859.172754 2512.933602 7304.777994 0.000868407583 4828.057836 193.1813483 3545.024012 3616.7246 0.001068230215 7410.322082 4941.329657 70.39312054 7415.371221 1259.929622 4988.750985 1803.08606 5854.597626 6186.228559 0.6578342852 9198.066833 9787.527148 80.08575389 4542.920755 2443.911784 3469.514485 9484.268612 8119.652844 2505.874382 2483.310181 4746.747286 953.4352407 2433.459467 4023.605068 4350.862333 0.03722034821 2556.742299 4183.120527 2487.469076 2213.042064 7014.383736 2009.846745 2563.916899 5015.295545 711.8246087 9693.767811 4437.415162 2849.755203 4175.079449 1917.703687 4946.471748 2450.245942 179.8581135 9299.412786 3130.623871 1.385332822e-06 418.0629865 5059.987415 5127.825257 
10234.29886 2.672996524e-11 4596.982511 16.31943024 4634.931411 1676.82649 4912.014251 11206.82351 4794.813822 1626.706963 5555.788183 3234.107331 1761.208821 7962.00118 4809.871264 2514.706643 8080.946524 7188.381426 9900.288299 3193.581864 1447.929833 2473.82542 4526.486225 53.82855314 3.257566783e-21 4502.671288 4953.041599 2.328170981e-05 2062.247978 1619.002807 1823.272315 2492.631884 1.421224957e-07 9568.676278 7806.319826 6562.683019 2502.293995 0.01069164628 1822.140945 3.554174688e-11 1.129881833e-17 0.02318819358 2431.867055 7446.223768 4925.986274 2298.677119 2.250504253 1682.388524 7792.735427 8.148681599 2672.73764 0.0004655787022 2649.547039 6965.512071 88.43632968 7762.38763 4903.390014 4937.085268 6153.593321 5688.829894 3874.302062 4594.915025 3274.800874 9129.521252 2439.150048 2448.055541 6236.622302 2494.000326 5403.86936 4985.419406 9357.281188 2496.191264 4408.441971 5044.309607 2473.236995 1960.156335 4774.807234 4529.221452 2069.408779 5172.374885 2540.860309 4587.754638 0.00588659105 322.3207913 4945.642628 2042.689783 4935.556745 506.6100183 5025.015704 9.598034005e-25 25.38805798 3347.160095 1.901013638e-35 1765.690346 4616.414516 4745.53428 5233.270876 2189.589824 0.05194642711 2392.518514 
3058.832066 8.832750169 3735.692566 2465.440706 4988.260531 0.2769262668 4.921511209e-07 4165.635799 3715.165763 2504.118586 6812.583578 9.43126375e-25 6536.448356 9890.797791 10.22063658 4381.387909 2151.190671 2462.246182 724.2175827 688.614643 2048.306713 3535.670155 9918.045032 1634.733358 2536.405454 2491.630239 2493.979265 2298.857946 2310.265654 0.004122766172 2504.457259 0.03867636243 11.91346387 3.089538208 2347.2207 9866.9627 2490.51098 2525.850526 2423.632011 5013.304316 0.034531657 4301.616727 2577.75125 3520.839373 4774.997033 2421.258568 0.7685964567 7.581516877 4359.25145 6227.172762 2474.854347 2504.621179 3593.463678 4731.579703 2.805086827e-37 520.9359666 7342.680712 4865.495411 6813.366431 2494.674599 4314.501783 4799.277166 2568.154657 4288.900051 7869.715595 2534.478224 4.711518049e-27 2.858740325e-06 4830.982609 4.208359819e-20 7056.382156 4898.433415 5925.662037 2420.770835 2524.890355 2661.244619 2652.155874 3342.146043 62.187769 11914.81651 2383.861902 2378.339041 4273.4521 2486.959339 6033.360591 1050.564096 11420.19532 2428.420308 5261.740554 187.3514256 2581.969441 6828.738347 2446.049574 5898.528903 4849.078041 2434.784766 2970.661814 3.285202984e-07 205.9145398 0.2919449633 
4713.276863 7297.111737 4886.271542 1.88559505e-05 12140.71341 2476.662087 3.41291606e-23 2331.000119 4891.417636 2720.07345 7283.323427 4536.507388 9780.174907 4945.820391 4535.822538 3.154338334e-09 2522.466026 4842.791139 4937.689038 2474.57768 2065.748584 4975.229895 6978.228954 2443.646889 6477.073775 3842.059991 79.69264384 16.6029734 7237.483158 4938.761062 1.479450416e-11 4778.696269 1908.579598 3989.888877 6199.33456 6190.287284 5944.890585 2463.041454 4909.992161 1.592540323e-14 2465.694294 3.889413515 4.579900132e-08 2026.632949 1263.476366 4861.166931 2908.784707 0.01007672593 2465.041308 4727.242524 5017.479931 4728.437147 247.2011936 4799.970937 2479.75513 7489.145934 0.0004227430474 2461.8964 4626.367863 2395.609704 4676.409013 2507.851718 9594.257913 4135.780603 2.3773989 1997.808873 6648.919042 1.152862544e-21 5035.941119 5137.748225 5349.154496 2461.478822 739.7613093 1.171498187e-29 2517.270323 8696.184917 7434.671189 4762.839805 2.537711178e-15 2548.300758 4909.87908 7228.946154 3319.793576 4334.507937 4721.712878 2517.4637 2493.735352 10634.30879 4864.12001 156.4045499 0.6213603567 4784.477225 5.922436435e-09 5324.55646 2333.6008 1.172555616e-06 4988.880208 402.4465115 2458.499139 2515.682116 
316.4479267 10358.45513 4921.596478 6222.642844 6006.556237 10783.66441 2477.304135 11653.90154 0.8989943183 9488.112622 2499.155515 2344.831823 7021.673082 7155.98213 2437.346868 3246.622133 1.036417408e-06 6402.891897 2202.907593 1049.558153 4692.284039 0.09737726318 453.1121293 6835.491335 1.961077073 2425.095345 2464.039747 8467.416258 45.3882948 5309.277437 2380.214715 2467.132056 1.058419966e-07 1263.684436 5637.652749 9842.623835 4592.663574 5.27059656e-09 4967.878075 7033.286381 2253.265168 2267.924424 2209.696676 6752.565738 2.063024654e-49 2205.747349 2530.623724 10638.28455 2472.946071 2476.167919 5216.869306 8985.449047 7251.097896 2697.832776 5117.305507 4983.415478 2443.29539 2.911245965e-09 5000.232109 3594.141034 0.0003385213327 4603.169403 1816.15653 2529.130124 2913.781573 5.114897734e-08 6769.444362 3.30203394e-21 2108.495784 6896.188122 4206.516681 4918.709719 1492.89233 108.1349636 2479.289644 2213.438977 10620.71254 2698.105223 2237.83053 4.015963002e-21 7.189736079 2631.664547 1310.238761 4995.735737 4318.986587 2409.41486 7357.70815 2711.5925 4976.224476 6981.709258 4299.656072 2428.050763 4988.672937 4.120142335e-06 1518.6767 2401.268156 5186.929756 2190.757614 2206.933306 371.7354801 
2520.04501 2469.14033 2476.013516 1919.111306 2619.449646 4761.263013 1999.762672 2397.745147 5684.499703 6.099155647e-07 9637.019339 4958.601488 2128.847649 2097.672419 8439.537661 7986.211553 6866.911619 0.05801095154 2183.268025 8529.774562 1.915937855e-14 4628.648259 2253.61265 11903.2342 2510.245483 0.01833993116 7032.778019 2107.211979 1411.566846 4205.53628 2408.585531 2578.30152 2645.659281 12.2089598 7019.016431 6.423930522e-10 12244.7116 2400.614797 4.559996762e-18 3672.41095 2468.299887 6120.343527 10946.00101 8902.60662 4166.103789 1348.055875 8573.462091 10.01376597 2599.074753 8785.666197 4772.744413 0.0003727119485 5710.418029 2504.847736 2092.066139 5003.110893 82.27516357 4684.411005 4961.050354 5954.412639 8835.619796 2133.282452 2107.104921 0.003290918325 2563.736451 4850.59637 0.0005292323145 4086.43044 3.032494784e-05 2221.694341 2482.448027 2414.388481 82.00614249 6478.023454 2481.26155 5656.193299 2497.130413 4726.290818 5000.275501 2395.458033 5.836664953e-07 171.7492627 2378.455851 344.5233526 2349.124141 4994.006839 2443.221716 5885.487004 5464.894419 4799.922436 9451.100692 4003.52592 111.0829175 4946.033852 1889.053019 332.5384182 964.6205153 2776.089138 2507.429315 2163.126539 
2213.153299 1.770068697 1274.420402 3.738354699e-05 4.892032941 0.1852554114 2613.22813 4960.592218 10748.27593 2214.579244 2329.118851 2328.883011 11869.93539 7432.145571 1.552897921 4127.022767 4995.633891 0.3998568787 2161.999689 2469.804228 2162.666711 4600.230694 2485.627528 2396.611419 9.69476373e-16 7141.040056 4900.335419 5546.486417 2239.880044 6.068230076e-08 9145.080572 2518.602696 4871.756143 3458.954176 7005.180783 4598.894282 4837.208341 4088.637173 2487.670128 6160.6539 2684.704665 3386.491521 4224.153927 1748.365788 2567.007762 2474.669224 2377.392074 2615.848047 1948.078454 459.6708486 2447.352309 2042.425213 3760.781198 2494.638377 5369.921185 4827.572267 9896.39135 2466.696658 4607.280313 1247.511361 7339.122617 690.1105357 5053.811093 4764.527089 20.06861167 89.05840003 6485.668465 11964.75903 9961.793803 2190.082638 4351.155306 12316.05612 4861.7915 2262.442211 2440.878335 7104.880988 2368.637576 2517.563455 7317.500102 95.61234882 5149.589381 7024.312078 3360.075322 4742.630823 2.315248081e-09 0.005061851973 4984.476649 1851.596788 2753.29593 4966.38621 2.724515616e-10 5607.338539 476.2000733 3455.823172 4.136895076e-18 5931.139316 1485.198911 7405.337581 4739.487472 675.1325229 
3245.379262 8.092218571e-18 7364.093865 9131.86408 0.576473064 2445.347931 2504.616713 2458.808973 2516.006059 2492.281804 5610.639276 4469.349038 5.269531984 442.7225523 5016.899582 2543.866568 7371.692712 7473.951856 7087.402576 2139.306911 2612.711281 632.9872505 5908.230709 7094.516453 6754.809533 2148.69071 2483.429312 939.1544952 2277.742882 4469.883971 7225.253046 2469.578385 4867.629053 6.898783578 7164.852436 4.164546337e-08 2520.304376 1912.612401 5.709534665e-05 0.0004487294643 6567.154552 0.002042230715 9578.475116 2464.854589 2517.314779 3.15063691e-10 10042.03974 7049.895502 4762.849871 4903.816018 2797.108006 2437.150215 4945.07516 1899.424124 3444.093424 2437.990941 9558.032933 2431.913128 3786.157378 9029.847711 4949.269237 1.424215526e-09 0.02267793992 4459.316907 1978.226148 1706.907741 4046.612002 1.38546438e-163 7369.307039 107.186485 2466.328164 83.80597451 4.211539711e-06 4984.170304 4471.36002 7371.898489 2605.438329 4666.219272 5.303812253e-05 1506.356769 2331.460465 2186.423507 4992.205677 2301.376396 6981.943937 6409.534535 6568.518328 6.286572236e-08 0.0290876653 4261.078585 0.0003507364808 2623.95141 2161.811392 7011.345892 7346.876219 2794.468733 6486.107743 2604.760376 320.2153587 4889.97682 
7004.219955 4237.4447 0.1683832203 3811.892148 7366.708552 8757.661991 2369.950412 1.69018814e-22 4649.152542 0.323135791 11276.36519 2.967040688 2386.955397 3572.754378 6460.221667 5857.487522 10147.43507 24.64598721 4095.51748 7991.653374 3.1743627e-05 2473.202387 787.1449154 11716.30615 4903.229884 6612.431322 5311.803235 4744.366739 2467.429461 6322.117365 0.0305335136 2300.796248 2.563007458 2317.678996 2006.839118 6015.473783 2467.724756 8035.897815 304.4905702 2627.839596 13355.22048 83.82528712 4238.783917 4584.548453 4422.590732 2480.508877 2163.125475 1926.019168 4612.452986 4464.93353 6956.322074 8.114419332e-32 9684.400876 2455.154387 16325.78459 2456.495111 3.499944945e-31 7.295669093e-31 10964.7747 2217.306124 3025.270507 7036.238658 1.313397895e-08 4261.333065 6330.201454 7284.888158 6624.439167 9713.896642 6.098418462 6816.009077 2495.607579 4880.204025 9670.313907 6903.974919 1842.815104 2223.196262 7635.609355 1417.114024 5779.259276 51.78098618 2297.429662 4295.717219 8818.172129 6800.503713 7515.434115 2129.645995 5247.561736 6026.030498 2641.655247 445.8425962 4754.287827 2390.410393 2497.11959 7048.654611 2670.299829 5146.519242 2452.158099 4711.714417 7823.528016 436.9940089 
2071.378917 2492.118007 3.321690486e-06 2093.556306 5292.069233 2472.489885 6517.364134 1.452714235e-07 1.105966691e-14 4191.247602 6710.157862 4468.406976 4121.302206 4934.581237 7185.884299 2573.898858 7432.586846 4201.931441 2320.897963 2027.635701 7246.553728 2232.333822 93.9484328 9053.205127 6887.127139 1966.473422 160.2529192 2453.69751 105.504783 5103.939723 2447.418289 4712.960935 7474.540107 7.467365096 2336.242216 1189.574252 4278.663262 2467.0919 8.217572574 2509.654573 5017.900943 2785.743226 2496.275806 4927.553864 0.0002165332584 2152.241538 2700.280945 7295.429877 7687.344434 9157.460761 7099.018244 5864.771226 2412.374741 2420.249968 4351.055975 5790.888406 3536.391186 4225.273028 4219.695858 3893.778508 52.66465473 27.24911835 2439.265638 4908.273679 7102.34403 2519.712374 4957.09466 17117.92222 2788.883859 4983.351185 2624.905922 4908.311582 119.843608 0.05020454234 2441.348395 4.070621309 470.8445936 1771.740616 2428.494464 2444.11165 153.0284783 4310.253107 4699.77304 1664.979939 7429.446752 4556.086547 2484.015379 3927.761672 4969.920032 2.544969867e-86 4944.117857 4403.334447 4798.495691 4139.601471 12560.52898 2706.246271 764.036841 5001.626481 4601.643396 551.9143134 
6642.481402 2789.779449 2495.078811 4947.067099 5011.848198 4157.380898 4813.147725 6505.828832 4045.214708 2499.425733 2.709386493e-17 105.000028 20.04083525 4858.379781 5350.240041 5790.092768 4030.556033 2148.027264 2417.009923 6995.030008 4946.99935 3857.546997 1.217676966e-07 4964.619277 7527.593936 2471.100852 2461.427559 2522.435481 6997.818374 4647.747396 8893.486872 5862.250572 889.5469932 4134.099935 2193.31016 2474.117107 136.0196492 4026.373118 0.002692371419 7480.581256 2506.373102 5.321739347e-11 2059.786718 7228.37631 2455.908406 12407.77701 2482.064921 7082.613164 7280.405193 7395.154682 2651.834417 18613.50355 78.2561941 2205.555082 1783.201133 2538.473601 9380.719792 4862.539429 5.282984254e-15 0.226722241 2400.419951 1.109736242e-178 7.83353342e-07 2353.795359 3716.963812 4999.68159 3903.5199 4956.694147 9349.736139 221.0986207 177.8986262 150.9191855 7508.490225 2435.511948 6720.950059 6422.854227 4908.152971 2457.351524 2499.822426 4911.061674 2593.43013 2433.330536 4349.782621 7662.903798 2595.429413 2495.449649 4422.126729 3137.310314 2481.612293 2540.865931 7344.192842 1.131285574e-37 2443.511703 7117.405293 2238.421363 2313.569267 1910.444003 7439.456501 9.586985104 2455.484184 
4964.332079 9.662253619e-14 4530.421877 7493.020994 2391.44684 2481.736659 4723.949425 4093.501773 6895.637017 6291.648674 1259.658868 4925.780434 2415.537782 2406.945617 4515.966338 10021.6852 12080.1662 4980.920447 2502.189275 4551.287838 4404.166697 1790.67586 1.062783246e-26 4077.312614 9102.66974 9760.477181 4949.240413 2451.521076 4639.952084 3607.39256 4709.354809 7294.027827 2512.308653 4790.767788 2480.872662 3874.862267 7076.149377 4909.68263 23.62316246 6610.455833 6462.267184 39.95021854 3716.406228 3414.226053 2560.761559 5.12224143e-57 1.885537223e-22 10564.06613 5034.273326 1765.855833 2.619740029e-42 2482.268298 6396.837494 2241.098101 2731.243831 2458.873176 2.009920803e-33 2556.037985 1278.656739 7734.211563 1645.571238 4233.119663 4633.065897 7070.393753 3690.487536 1132.528686 7522.33008 2449.206325 2893.273316 178.5189744 97.39163855 4813.28513 6845.999086 9314.793158 2503.227395 1632.31333 2708.162537 4692.269151 4608.359694 4941.812943 4931.223893 2485.311051 1502.887771 4.896087356 5141.578676 1.639057542e-32 2499.594384 271.1494683 344.6551384 2499.311378 1376.140907 2432.194567 8688.081925 2257.493893 2445.992775 3468.248914 2471.834682 5430.414595 528.3528242 3098.956303 
4942.28525 2493.281516 7.769461392e-24 9531.1968 2498.603466 4985.066136 294.268291 4716.050579 3032.511199 5727.637676 4885.30033 0.06270084247 0.441578746 2379.720339 7478.064229 118.5556856 6528.679241 4902.532998 4992.398053 2336.581338 8830.855312 1495.094696 7486.701195 6594.783692 92.03856995 4263.027326 4010.989697 2492.082758 2475.899748 9146.767756 4914.966241 7980.7661 2285.173428 9289.23886 4274.447829 4958.847384 2317.860986 6283.707901 2518.254854 6715.403235 36.33507729 3500.909584 3875.625138 2085.594429 6721.949392 7462.690721 2484.032118 4410.877426 4754.003257 4988.073261 3227.357576 13.66907437 3794.292052 4125.046834 2398.569007 3077.994315 2502.441495 3.267884422e-05 4994.89634 6133.842662 0.005452548126 8779.346141 7400.342488 3.654865718e-07 1629.193006 21.95386755 4949.322593 1.252655113e-05 6922.517101 2651.385416 4468.603623 4920.031183 7860.81401 4215.892591 2448.85209 91.80070684 5879.735319 1.025578152e-16 6272.430663 2460.867359 5006.217824 3984.510839 2329.914824 7168.881413 1897.233825 7243.137714 3294.99219 4019.726186 2438.262429 6987.857116 75.94217123 4878.450527 6.291915073e-07 2509.541189 0.00200149713 8829.219421 370.0488262 5191.321379 4549.896028 4673.980116 
32.41654032 2513.222925 2558.166532 4809.554961 11373.34644 2358.084225 2759.504386 6846.865531 1.128373659 2512.038373 4890.91862 0.5967839265 3103.931804 1915.993574 4620.501611 7813.599273 4635.373925 9636.395799 4795.777168 4795.848545 9489.419068 9046.895769 4391.318486 2441.530548 2420.851093 5706.927497 5561.543063 1697.337153 4860.761751 8.103120463 8222.719098 146.5202334 2414.911031 0.0002080828149 0.06711090134 4802.712823 4497.404389 8960.248768 4038.809922 4483.641949 58.27007795 4866.19727 2418.693335 2186.731996 1813.505748 2035.407791 2486.678218 2252.140775 8671.929622 9135.770236 1901.149792 4704.580858 4876.653401 4410.431626 2022.444027 7092.379754 20.13739154 4686.922852 9174.479674 2.528893742e-07 6461.786329 2716.233059 250.3917938 3474.312685 80.7568236 85.78050343 6320.842513 9.980137346e-06 3596.390673 4612.878852 6642.12898 508.6922465 6065.755522 4311.802225 5305.05681 3266.763032 7.313023366e-10 3181.470696 4975.929442 2501.453083 4962.986335 2.93411045e-05 4890.971536 2475.490295 5102.488623 1910.819955 3207.348742 6592.750401 2481.710155 6922.956541 3949.834845 6542.672364 1451.194495 2500.744629 5.578217782e-16 2480.036608 161.8362823 341.7044327 2357.576885 4.944828863e-07 
1.979122762e-06 2609.139242 2471.377851 6507.59084 3162.114681 2508.877809 6313.773004 2182.232063 2764.767393 296.3991199 9856.124432 4400.793256 2346.641201 7240.436792 746.4537893 4457.394918 2888.966344 4696.251351 2385.69563 5519.200228 4746.202208 6227.641378 6400.938813 2495.897877 15.81550653 6249.614303 4760.512087 70.72179137 4315.656629 6882.178412 227.4076468 0.007817628686 2414.996342 2473.600981 6194.542562 2246.471335 4596.847365 4910.060979 2166.711177 9598.559532 3642.370006 2425.332034 5055.767082 7381.926107 2416.99486 0.5687567071 3363.800817 2425.719219 13314.21474 6264.855666 1709.009899 6253.602361 2258.715359 3060.533383 2.478261487 5.669497832 2650.529469 291.2805136 1198.691266 3933.081505 4840.944803 1632.668295 2482.31252 6793.337562 17128.27119 4119.698243 4867.905998 3237.47677 2253.742124 2584.031477 2572.482028 9687.628888 4298.774425 6799.517054 5017.657478 7012.524481 9164.050174 166.807512 3225.454199 2043.489342 3239.218316 9928.422582 9760.594342 7445.192562 83.1160306 2520.881408 1835.357333 0.01014340455 6328.481405 5029.712714 4395.983603 7352.778184 4950.555049 4884.217552 3.961444191e-14 1742.117779 2565.835328 1769.969787 21.62555269 8.690934889e-06 
2114.921972 1805.178444 148.8491634 5207.733146 2101.219919 1927.808581 4288.73354 131.8024313 9472.934598 8812.267953 1.574803995e-09 6773.465912 5013.529059 2463.291531 3.702769251e-07 7349.088216 4866.334771 3655.744648 2.219786257e-35 6205.29937 2206.610957 11581.58187 9300.161991 2459.265395 2498.278114 5557.435226 2500.633146 3072.939321 2505.729895 2251.151283 4695.815533 7551.811138 4601.580212 2147.318197 3364.891844 58.15517191 88.41459067 4493.355194 6773.742522 4859.59856 4810.222724 2802.453409 2643.374098 2501.331129 4469.426379 0.1603287271 2486.063081 3873.008742 3.279395708e-06 2959.324403 2143.155741 2469.346547 4017.840978 2457.575096 5045.485756 3.646641947e-09 2044.660806 1.333610264e-45 2434.650259 2659.883232 2504.718891 6967.109282 4687.119843 0.04615979625 4895.590009 2431.273943 4728.144558 4814.531217 1890.891951 5747.254248 1940.138979 7161.064702 8020.190039 6337.096002 2581.064784 4843.223589 2639.046856 2330.472144 5.359772123 2338.278266 2494.74179 0.08676265526 2465.305116 4856.449531 2133.866287 2015.879201 2828.485241 31.94876593 4641.233781 4760.157745 2202.964939 2479.424825 1780.387822 336.8480366 2516.884721 4.63309659e-24 7.97283294e-06 500.0640066 3.28607771e-07 2528.014293 
7182.086469 8837.313695 4898.521875 1.549544605e-11 2517.74229 3869.848295 5.096542418e-65 3772.163607 12521.86894 2449.02134 4610.315468 5317.161999 8454.648874 2287.12088 2054.130863 4389.852521 2502.813568 2481.307166 4814.562884 7365.157837 26.60013139 4968.762968 4923.295235 5165.025621 6217.308133 4944.456306 9174.286403 6550.748718 2404.47926 2622.583837 2401.586923 4246.706445 2244.780434 4585.715667 4907.154399 2516.853316 4931.343148 6403.950244 7301.863539 4727.247907 12983.85548 2465.909621 2497.274802 2180.975605 9425.358051 2918.867036 2485.334222 14049.43859 2301.486772 112.5560245 4821.580032 4902.988872 2186.35132 2452.719007 3878.567708 7009.173359 2377.585379 6484.8943 2565.471637 7168.894304 4099.178625 70.23510112 2431.280592 7908.42331 2.814087495e-05 6104.417976 4882.077953 2303.874521 7541.057597 4161.985254 11402.58204 10906.05844 6609.944526 308.2579011 2420.685843 3759.249636 2424.531844 3.857971886e-38 8.787200733e-10 1734.031721 6709.437907 1813.476815 0.1134937683 4388.974625 4342.921219 4188.168645 296.3709523 2654.913609 2868.994181 1248.440573 5225.259093 5070.924007 1870.6512 7433.290722 312.7073546 283.8643312 4837.444 1305.502828 402.4612844 2788.44061 
2481.621076 2348.842132 4971.061785 4993.744905 4251.237241 2029.381741 5015.597948 7167.213913 0.6996686567 2378.648651 22.81997474 7425.978667 7473.704368 2669.31044 4753.269202 7109.988749 2438.840097 6953.977536 8603.88599 2648.437951 4014.830358 5.817079975 6745.098562 2432.294898 13558.78279 4779.317346 2313.544808 4944.722178 4818.71107 3889.195297 2282.229841 2434.658426 4937.283374 2237.234517 2474.255106 9708.582396 2.765146979e-57 1713.70705 8.693259086e-09 7406.109842 2663.015095 1991.661073 4445.115997 2345.017927 0.3474101337 2603.396983 2568.133678 4404.300246 4788.566779 7466.383698 2477.711837 2116.094319 4.716828616e-25 5033.872095 0.000135054029 7060.302774 2856.252867 5312.729634 7914.863973 2492.701901 4993.493765 7267.399074 4877.622761 4771.316036 24.81617772 1636.625913 2086.82014 1.43382805 2507.50094 1472.968311 19.38022926 2192.161543 1084.802483 9058.668063 4798.178898 7331.892501 7165.094696 1.345101093e-06 3471.282991 2319.062738 6966.262846 2.427559015e-146 4314.085945 2443.679286 2443.711147 189.0738039 2434.939252 2.002857843e-09 5092.926921 4763.993315 2360.25751 5112.418569 4861.507246 84.41631149 4658.419786 2110.43807 2826.144283 5222.181062 4988.435674 7274.444911 
1737.835619 2678.402242 1047.937339 0.7236455575 4984.29558 4979.185886 2129.26497 8182.87217 0.5664779734 2493.088188 4324.193114 6581.186045 9430.811372 0.006623601561 8943.872497 5315.398283 0.06650100547 4464.060576 2131.740416 2494.420047 1844.644128 4963.909055 2493.539734 600.0207089 1.148553018 2501.108236 1925.070919 1.997689996e-40 6757.189113 2293.821172 2137.855983 2333.92241 3887.764891 9503.023241 0.0007987139404 4597.433537 434.5539708 2488.13443 4981.367531 2222.958793 5234.839113 2495.772228 2.135740854e-56 0.6251623153 2488.594793 0.9842948259 1.709098127e-05 7091.038654 1.982479237e-09 2179.035372 2088.002661 2495.847976 2482.051307 2479.141312 12041.91483 5069.095021 14.2070006 2479.291087 2276.922861 2191.945048 4773.304521 2220.082741 2432.013043 4565.025612 36.22810174 2520.661175 11336.53891 4914.815038 11491.74007 7096.295704 5920.142456 9619.007213 2692.671044 2469.238513 3901.306812 2474.762416 5.605645624e-06 2697.245613 4167.557805 7209.203294 1581.191854 1.539558879e-129 9727.389423 2503.189938 3288.461081 0.001148722352 92.33873431 0.09424166888 8694.720449 3708.120161 4969.04893 1849.603591 4968.687587 4619.186862 3.977290635e-14 1059.581261 2495.984534 7387.414464 1959.982184 2476.605303 
2558.519993 0.09501793253 4987.017674 0.0006844051173 1815.149765 2391.932942 216.1997055 591.437598 5018.018519 582.4851742 8695.917805 5835.329105 3924.682579 7449.251995 2382.587295 7298.820709 2427.593031 5011.804858 6367.790825 18.59277862 0.005926541357 150.1283076 2513.307529 4968.531865 2328.403009 7364.326748 10066.60957 2411.546601 4892.897925 4529.992221 2490.030618 5125.506371 1955.125001 4369.141613 221.3895198 8270.188427 329.8371578 3203.29143 6951.468888 5127.329788 2391.236632 2306.90893 2504.387854 231.2942196 58.97798244 2255.978911 2492.667088 1785.945707 7335.962305 6984.94571 1.295036742e-08 2635.44019 4599.080345 2433.771454 2505.789356 8972.179679 58.49619895 4868.27601 7122.21945 6859.062279 8.666363873 107.9706543 1865.002486 5679.662129 6118.838235 170.9729206 4836.641365 2432.804029 4281.582639 2455.404792 5.059547979e-94 2422.960443 2217.185463 3.791224383e-10 2482.910552 4835.81789 2667.945142 1577.793476 2258.048006 128.8042291 2494.996277 0.4209096574 0.2015616372 2497.950165 229.87731 2631.929035 4972.819647 333.6961609 2493.63502 2087.818695 1.153814711e-18 2270.814422 1.990640206e-07 2433.501656 5083.688756 4953.815535 4709.524845 23.5254642 7732.531227 172.5582943 
6982.00313 0.8122583877 5368.47457 2225.77746 4620.399235 4944.027001 114.3689506 2492.573927 70.31138907 6999.43723 2385.724231 4902.660653 2378.474425 1560.290872 2310.247285 4833.125491 6435.715208 530.9361298 4916.950557 0.1083696814 2.042081605e-39 10750.85621 2485.301187 9309.744758 4900.799253 6888.558603 7058.606172 4852.413992 4073.505694 4393.904761 1929.583909 5099.219563 1307.173191 6665.504798 2494.696486 0.9708760265 2119.670964 13557.41857 1408.431407 4968.261711 2443.342625 332.4350464 6900.695666 7704.879399 1604.134419 1949.243784 2115.416508 6659.5237 2621.002774 325.8547067 6507.958318 7218.164487 4976.966748 4954.725575 1784.274845 7221.95581 2072.06084 7259.369001 9.998834826e-10 4942.968019 2497.161507 7342.428401 1.07114391 6856.815287 2386.491013 5978.228147 11895.70969 4548.982117 3891.358765 0.0003477604777 1001.157095 2426.767237 8665.691739 9966.560739 2448.279833 9312.332602 4940.573176 7476.827114 4525.032757 1964.698547 0.1850881805 5627.289449 9816.065674 7558.69592 9109.556529 4078.326938 2324.619255 2492.121467 3803.878696 4955.0904 2445.850684 319.9538138 2512.446874 2493.770137 5462.97393 5524.475556 2208.760326 4925.248831 2148.989356 4983.770205 
2410.212198 1005.024354 2373.654536 6599.172142 7411.086352 257.8273346 3.262524709e-17 1191.362459 10970.86587 5046.317314 4364.38569 7204.539293 4834.11666 7327.991659 6894.217675 3662.066828 0.03005923793 1.748872062 1681.070222 4990.191798 11901.65563 7407.926465 4797.698066 3158.25201 109.4607958 2506.190257 137.0148709 6093.439095 1.051099689 5.637700306 7295.995318 9808.723481 1678.151121 9758.526015 4952.881869 4077.557772 4714.439679 4476.937743 116.4347046 7380.158547 2739.886909 2608.02787 3598.160542 1802.186094 9013.323078 2544.477723 2349.180824 4539.74611 4396.422904 8906.169401 6836.747248 2410.459494 2372.40985 3857.316877 2470.070237 5769.739996 3137.063428 11994.65324 10471.43674 7264.346703 8583.594805 436.1665364 8919.723073 5422.069869 3878.936589 401.0843237 11944.35424 2473.56584 4274.160725 8519.010206 495.6058587 6465.77833 4685.63255 5121.319876 2861.930195 0.0005644854645 3.147603737e-13 1822.843945 0.0002329127107 273.4335458 2501.886104 4419.779859 7335.919726 2227.760261 187.7079083 6732.339474 2493.978647 4775.850913 5274.641055 5005.953908 326.0685445 15011.37927 2268.944059 16333.50814 0.009174237862 4151.405099 2.974900615e-05 2641.219934 8155.078637 2760.60282 
4270.922265 2454.263984 5066.032909 4791.435828 4570.979505 2447.85337 6658.203251 0.0003550369072 7081.174947 9270.86326 4849.54521 3771.127543 4809.410166 4.936069352 3748.689793 2489.578363 2194.755919 8.490025227e-63 0.5870149612 14.90849505 4922.482682 1365.629848 21.94854756 5109.848963 5388.6061 7174.030172 2326.166523 2376.004032 2148.646433 4194.886894 4756.865641 4658.351859 5.350285718e-06 6841.205021 5102.684509 4937.978036 7144.648004 0.0001419551564 2299.525674 1.723795805e-10 10063.97193 2443.996316 4685.639179 4704.223154 4040.075806 4811.450008 3157.645694 4285.278437 2110.244609 2281.53475 2159.188229 4619.270683 11316.33649 2462.700783 0.003644312405 2461.885587 9.406194502e-24 2479.45967 9847.623361 7799.937623 2468.672339 2487.864253 7540.756574 2052.249214 2456.134999 3257.532997 4887.630201 2526.719126 2564.302503 7752.010333 3.896557423e-10 2268.238315 0 280.7065013 5370.496173 2676.620344 4901.674927 0.09023802195 4875.37116 2491.923844 12536.59596 2471.727676 0.025913877 7529.998767 1870.94974 3027.088373 2250.17064 4907.925678 4167.264006 6431.712285 7087.867535 2485.331216 5140.256146 640.6929197 3307.412349 4324.023311 3.68756229 4920.733021 4932.76413 2434.035511 
3861.829029 2519.91831 14186.33241 11722.88062 5.424448931e-13 2239.849914 2650.367588 3420.467226 3258.33505 8239.192281 2422.044478 10951.24697 4956.079516 4208.924902 1935.185049 2515.809502 1944.675576 4260.996775 7097.68668 2500.773114 2435.67035 2144.277149 8399.574527 0.000120327826 4664.972936 1.379358756e-09 0.05361091214 79.12706417 2079.246601 2088.515989 364.1576341 8309.958914 5564.925199 2352.516239 6938.566734 2980.60576 17.06283331 2521.437783 4912.388298 2928.013162 7271.610208 2.008526328e-41 2494.860738 1.647106751e-09 2532.801158 4548.034729 2646.210771 2521.869232 2326.400685 8420.828168 4949.587014 5450.738837 8.97551335 2655.367652 9.233907836 2449.960012 4962.096031 3717.737302 5.283775222e-07 104.2535078 3201.102363 3091.996596 4896.265254 4882.825018 2.93469171e-20 2152.133489 0.3910226652 2433.426703 7429.503378 7016.858348 4509.642917 7170.163789 5546.698197 4845.046524 7494.501085 4911.982884 2085.242787 0.008658030296 1976.839609 3244.731511 4359.015099 182.602767 5785.478918 7047.461345 4313.377636 55.12504694 4828.481124 8049.325185 3.632451327 2687.208935 2589.407081 4850.338778 9380.076615 2589.188936 2482.797502 7390.527548 4101.715632 2489.243094 4915.354019 7296.48738 
6478.423612 0.1915926142 9723.419753 4887.70514 4904.617101 2149.605783 1.007158421e-36 7004.714019 2383.979626 7.773538374e-07 1195.173513 2494.136616 2815.840937 4810.747523 2485.533352 4983.462371 7460.353686 7340.436801 5093.476546 2483.544426 6909.807034 4117.966676 2315.788343 1969.336695 2582.753963 1321.361699 4778.244609 14.57974323 4472.167611 9754.069591 2538.476827 4747.985697 4388.878433 2298.50537 2129.067872 2482.374688 7035.372374 4932.734385 7349.075195 2481.058909 0.009976250433 2005.996339 2.600599072e-12 190.5736413 15.75599679 1.39025092e-14 2508.148755 2516.35288 1802.216925 55.7184649 2558.670736 2504.539905 883.6670476 7473.933707 2868.901207 7519.244319 7507.289633 775.6705456 5071.723171 2322.87178 4386.381651 4986.434239 4764.442678 7.252993527e-08 4881.797778 1.097970884e-08 2885.895826 3299.378734 2446.228895 0.04654387415 80.45531899 9189.89708 2392.352492 2.320715303e-07 2492.925621 0.9713785388 1.336479819 4559.532421 5083.521318 9565.413044 8249.110022 159.8875327 5124.232937 4894.048587 2258.799804 8.987945059e-05 290.1162102 30.55245735 9290.203957 2758.556435 5008.43329 2361.581432 4775.914957 1896.693678 6005.017677 0.7515044486 47.12022037 4327.56244 53.3678662 1.529874604e-13 
4311.215205 11415.65326 43.49524783 2188.568474 1.826780618e-11 28.67103661 4786.228215 0.4575020499 2526.021267 266.1368563 2.497611823e-05 6963.69107 2231.117718 2493.973937 2271.224722 7444.754531 6.12890002e-08 2474.26233 2410.388086 9273.737147 4464.252245 4255.747755 2206.011047 6009.690059 4580.905545 4293.721941 4447.97764 8597.107428 80.9068551 2530.318167 2281.345143 2491.112736 914.0721182 3216.461594 4716.122436 2141.363216 2939.809908 2283.228395 2498.811841 872.7898611 4442.548055 2466.005877 2392.042885 4449.258904 2130.16364 4166.280159 10375.20662 2354.076634 2094.700273 4952.019573 2707.536438 11147.78171 7211.107468 4292.950475 2375.364462 6806.607575 4.383430263 4700.019278 1.166457629e-06 161.8687277 2403.784783 2488.997663 4.787578594e-07 2124.008526 5015.282889 2421.652243 6071.437128 0.02706834102 4148.643659 2382.979207 1.615906061 4654.653565 4907.926191 2514.296013 4866.949463 4677.700543 4904.632931 8492.974016 9430.81308 4408.576024 2078.365487 5928.528158 0.3232833926 1.50789045e-62 12225.80852 6.538443199e-06 7305.918297 7285.65311 2.042538699e-16 2308.026636 2684.578945 2979.71548 12210.77628 8880.472239 1.154982302 2625.257657 8967.636185 2482.799254 2292.987387 7387.523814 
95.37396964 4447.57139 2683.009777 0.1265836448 2296.670938 3.728842744 2466.552482 4937.508162 7466.613032 1.793148389e-23 4958.007272 2502.799748 5026.328312 2513.797976 4357.06324 3582.943448 1867.950522 1891.275475 2517.124128 4878.202149 5216.837682 1938.332847 6463.963428 2410.054971 386.754859 7346.502415 9771.63748 6909.673917 4979.00083 2293.206058 7378.994691 4153.349968 4954.068221 2523.805359 3302.046191 1442.589332 6794.52133 4942.639638 2495.863428 2144.305203 2272.914528 1667.928953 2389.63084 1473.215064 259.9598628 2500.586218 17.82776241 2410.116373 2366.983716 4642.295699 7285.987543 7401.930027 7619.493927 5215.10386 2655.560262 4564.026864 7363.276575 28.31053532 2483.026023 7561.043983 2440.441888 2480.309221 1.397706977e-84 2673.761659 2466.258262 3.791431271e-11 3824.740948 2870.288612 11101.98185 0.0002433320924 101.8378332 2151.413911 2.123757013e-05 6193.843145 2919.422839 6235.473112 2619.136323 1958.49251 0.0005644308443 2475.98308 3063.155496 45.95498141 2621.595227 3.267867794e-06 5035.959752 4969.690908 7324.332497 9.747525127e-17 255.6977147 3701.570712 1.611364265e-28 1.015662295e-20 131.0955258 6405.413217 2462.268781 4997.24808 2141.576135 4854.488711 2397.116657 2494.987705 
6743.578505 4204.856719 0.3108072685 2372.708122 2.678640594e-41 4740.88687 3075.015291 1609.338129 404.8301119 2609.838997 718.2437941 5.439345449 1141.657095 6228.116616 2364.078731 2030.171941 2471.762809 2375.357652 4909.655866 9887.070053 9637.62704 6768.644749 2467.081128 4949.0097 2488.798786 2494.111901 6003.356002 4584.311087 2525.482926 2180.533542 4910.033081 5625.150045 3095.591703 2466.830146 4920.711738 1.326987362e-06 4935.390708 4518.468124 2324.298161 2393.622696 5581.177851 8294.412951 2427.45088 6163.479154 14045.10305 4618.610025 9432.470502 7277.773163 1879.121671 2491.96844 3511.216034 7684.635297 4929.287337 4451.758953 2429.893485 2495.764561 2126.81589 16.5905294 0.0001347122864 5.580922387e-05 4868.673142 512.1035135 2642.094295 8.794389421e-36 4271.589625 4926.157018 10687.30133 4692.798228 2491.806513 3348.787499 7099.884239 59.47167899 2511.018412 4933.87439 7.868084917e-25 1246.369915 2063.562923 2453.053325 5034.087222 6703.768677 2550.23917 4566.035268 2492.908734 1462.791662 948.0977478 4365.659614 4784.706213 2388.751296 4448.279036 5033.291877 2220.287859 2628.624119 4923.270951 7161.624425 2363.750548 2524.064472 7491.741777 4919.404127 4518.535244 2508.195166 
2502.445191 45.81486646 0.04598954048 30.76132117 4773.503716 153.1457474 7323.424018 2456.215551 4885.731553 2406.311896 4802.306177 6282.317201 2440.077744 2412.397227 2466.528484 6882.961708 34.15791292 149.4262842 2759.636817 2470.789704 2481.496791 6758.522557 4021.992456 2388.930148 2289.867857 4857.585838 0.001093816617 2523.175512 6608.943862 4953.078933 9638.217603 1962.943943 7499.105224 11829.42918 1503.047851 2.545561504e-17 0.2140017902 4.184157151 4904.723978 2429.892057 2452.512117 2445.88422 3123.587197 2015.721633 2404.026899 4911.668737 7423.761422 2506.970589 2410.906004 3837.808002 2082.933809 99.54642851 3100.006829 7.967315967e-09 1942.258089 4490.064964 42.68829205 0.001904408449 7600.609886 4505.755081 5002.418916 6147.175104 11180.6618 4119.144266 6740.128558 9289.071973 1934.31096 2324.058622 9446.645013 1369.723014 2517.664853 13093.96443 2421.44158 4513.612697 3274.933141 2488.909185 4918.970526 1.065873799e-18 2446.877019 2692.998701 2229.326922 7271.260031 4671.758674 4882.157722 5575.135956 6861.331436 4788.953921 117.0650425 10394.43259 2263.030348 2044.802242 4322.867085 7.872981803e-56 522.1401233 5018.072719 6122.995658 2439.293394 4977.464507 1620.145903 4132.50426 
379.9291138 8546.296261 4819.967826 2017.260262 2347.059974 809.9101499 7333.029257 5108.566438 2358.897053 3534.90285 11084.91562 1.925053553e-15 0.6487240758 4981.612364 2481.411652 2493.747285 2432.538202 7295.910346 2502.660259 1.237263424e-23 2601.958858 5.519368588 2365.600797 4909.138556 7418.683184 9436.653619 2313.545107 4478.507274 1.267192188 7679.69475 2483.6004 3152.765089 16163.37658 2468.148644 133.274921 2536.027496 90.35721548 0.001972886491 0.7708505729 2642.521392 3604.801069 0.3632570771 2483.540443 3.220715041 2438.872226 4991.921567 17.38668455 11635.31821 2507.479683 6742.509261 5979.126804 2508.496168 7106.751741 4726.491497 9227.312162 2445.261366 4769.648751 2613.772412 2792.157151 2493.902424 7386.097089 4982.086319 4474.243729 2447.07928 0.001708647898 6008.289583 1981.965659 3050.036026 5681.512703 4872.613347 4704.419932 4986.283608 4498.863691 1970.099156 4075.091777 9842.901851 4361.077053 7032.467727 399.3616322 7.909718297e-07 4514.790144 9186.569453 2482.071146 29.10671543 3723.754094 6655.342005 4893.336084 1128.441476 2295.199203 4306.573203 2295.459506 2422.234715 5224.088727 2435.620539 0.0001344076502 4894.848797 4426.115629 2363.017705 2234.820091 2482.316773 
7170.641098 4971.752418 7257.139346 5272.450496 2508.565633 2464.716033 2442.157096 2576.155291 5134.406647 9250.703903 5217.021419 13974.28682 3382.663643 2398.371943 4059.260962 4950.284998 2449.658264 1879.415931 6.717265748e-59 2427.415503 0.0009929915442 4874.996932 6458.743924 2431.888147 0.01564318615 3747.949133 8.309869748 3696.789224 6.307487062e-26 532.6226608 1.521870348e-09 4558.672893 4375.791602 549.4229319 9287.688605 3723.89074 7384.076579 4726.331636 0.3255918727 11630.80848 2469.390967 4966.593593 2414.752514 2482.937034 0.7168768145 6932.175321 4911.494717 46.57388601 1.283812812e-19 6888.13935 6980.256843 1399.35151 4908.485455 2745.094865 2.100751726e-08 5801.674136 2214.4291 2435.949814 82.39037263 4977.345941 5892.38841 5648.187249 6.875442891e-14 6900.005228 4930.898332 5957.652616 9976.142774 5458.345744 2430.055185 0.1474675699 106.8836513 5683.579603 4691.266708 2109.853746 69.84774496 7406.527331 0.001544550329 7154.489902 2529.475621 4913.155722 4650.771159 2159.686044 9131.391782 2541.376771 8064.279994 11555.64114 9733.084796 2596.249827 4332.096394 2432.223183 7153.786152 4984.318445 1170.013744 2089.202553 4147.384929 4853.658744 6284.765451 2847.476555 149.8539546 2436.833016 
5.21805259e-26 3650.936004 0.0349792941 2450.633984 4213.547813 3027.897454 7471.342715 2148.733606 5046.269442 1222.553402 4636.219555 2840.417016 4572.43246 2357.749287 1782.291561 4315.078415 2388.627396 4619.198839 69.75710666 7279.807812 7465.610914 6488.118903 0.8626022148 7013.869715 6643.112353 0.02760355532 84.26045498 8231.955412 4530.683693 4616.834155 12280.17652 3562.031258 4996.273876 4312.155922 4949.846763 5018.859942 6338.672654 1765.443918 2930.566464 5082.33897 4778.694923 4094.088322 4963.949361 5013.088485 4893.831256 2556.958353 4823.393988 9287.206596 16214.22159 4631.532031 4509.049616 2499.432429 1448.560433 2091.396802 7433.245638 1.27257441 4754.522929 1390.405191 211.5097557 34.17715156 4860.467735 3.50219922e-05 9342.541709 4803.033037 7077.252315 0.0008478849321 11313.22794 9777.991139 11773.28401 3112.855636 4228.274068 2445.909653 2568.323861 2106.216002 3672.906269 3785.908402 3600.495934 1.218801155e-24 1376.123859 4854.113401 2445.201341 1890.486624 8.194237392e-09 9754.226904 9850.442931 4294.598438 4619.732018 7.547412539e-31 4336.732787 7311.275025 4846.415375 2765.607615 7.308065468e-10 4813.661207 2306.258084 4962.105939 4774.348321 2442.44716 1994.257793 5664.732053 
10.53306185 5030.527962 5904.638961 2487.346539 2432.61094 5903.542223 2192.038926 4859.185548 2493.776914 4501.492323 2461.88745 4955.000055 9415.142508 7385.998706 2388.786107 1718.093896 655.2800225 4932.836287 7529.331053 4778.305398 9543.330598 3.546252105e-11 3795.726128 7407.044175 1326.772075 7479.186436 4556.255623 1572.765015 6906.666005 11427.97102 2296.479923 2235.425544 0.3768873614 2096.894961 6952.683838 4661.356653 2.226030187e-10 6570.462239 7597.035997 5937.242038 7739.254041 6058.016116 694.8668459 5255.033621 22.35453968 3882.730355 3391.593473 3171.685447 9255.265959 17.69849049 5.211302964e-72 4580.61535 36.79378145 4157.35415 7365.978981 2276.755953 7388.707293 459.3103284 8.897582403e-39 2420.142638 8441.977903 7345.230554 7523.349138 6082.927299 0.7054340172 2545.649983 2501.352616 217.9004162 2433.946974 7.404777655 5050.929323 7388.236096 11823.03526 7186.35389 6341.633108 2.038365419e-13 4411.669424 2529.366652 3771.314571 1.003565933e-11 2216.433657 180.0122615 2.754309696e-13 4953.773898 187.6827432 2261.46627 2715.554188 6152.288299 0.0001395973209 2.515013867e-11 1641.748589 4756.952523 3.325020155e-23 2446.984245 4112.586671 2547.211848 2528.485369 3312.449363 2494.198333 1079.626648 
3.283392665e-11 4613.227384 5031.551726 7328.941417 9.002419731e-06 7367.949639 2535.62574 4437.978703 4952.346333 7.050665485e-13 170.9004751 4560.421674 3.14853153 231.7277322 4856.851349 4588.045373 2060.841369 2479.354975 9453.667879 2505.523945 4939.949395 2329.062364 4272.802687 7109.468062 7204.128977 7562.023317 8.423605523e-15 2494.96625 3942.436049 305.6828856 2880.539019 2515.363237 4950.385295 2410.389453 6024.077045 4255.465734 5237.622422 9631.376254 2249.433162 1903.756048 2276.077408 4918.76226 6991.14521 968.4198994 4969.811986 6980.996309 7388.557674 1697.015351 0.001603230534 2457.777203 2428.251448 2170.490235 9359.720701 4818.829844 5219.527178 5778.057442 2433.698907 5753.553238 4633.030887 8316.711881 8.830509542e-06 3950.151564 298.525031 2475.107442 3718.48514 2161.829419 6121.250992 3.584648664e-08 2428.458913 8.706848401 2430.360889 6011.898607 4884.720824 3145.337275 2438.018893 8294.96216 6.592860497e-11 11620.36551 43.41037397 3.145077046e-07 5.837828132e-15 4094.776656 4590.112274 66.66130894 4990.989335 2452.398971 2295.97951 2466.624228 163.9512883 2442.038603 1356.13313 7478.276332 2634.396075 2.289995099e-05 12399.54766 7182.577765 5205.098867 2487.866083 1409.493344 2307.184523 
4670.83073 2469.924791 1.476122351e-138 2181.72177 0.4057615905 2373.250189 4876.824072 10086.15059 5322.560774 7331.016155 2447.893912 159.0661529 2477.081459 4431.183814 2451.476451 6785.845412 6395.539887 3.326870805e-15 4922.539679 4938.503433 2269.126467 4893.258721 193.3632715 4628.133914 6883.538874 2441.948825 4967.891878 2491.725606 18.96956251 1609.394997 4719.364716 11.46410044 4987.913544 212.6778245 2069.379274 6192.722446 8.994179178e-05 3538.221452 4992.08526 6388.471471 11.10439524 2425.557863 2925.175052 4964.094272 4744.604386 4906.719591 4551.533607 8.353760158 3866.005062 4327.805322 0.001620459866 3702.862474 2566.472442 2444.286242 2459.800876 4988.392642 2443.959286 6883.637232 6.156406021e-11 2475.510622 6671.028494 2489.310391 7194.14877 5174.858089 2577.518013 9872.249023 24.74226688 4650.413095 5018.902449 2499.672059 2432.7977 3965.646503 4893.966042 2498.516753 7411.592505 2484.209145 7.187486668 2466.897404 3979.54135 4923.348196 4419.065855 2.646132084 4921.552595 9867.063592 5968.32912 6962.7788 5944.347497 8463.294538 451.8973718 4634.414829 2309.585041 6.881971234e-07 3804.309268 587.9450872 4975.942675 139.604023 5443.116338 4499.071872 1.756706863 4327.530471 
5373.555012 0.006125854441 104.3344382 4491.956439 4011.973335 4132.262237 5220.970616 4934.905527 706.304355 2487.350806 4545.750515 1994.592021 2482.08802 4960.232289 33.58448816 6264.665043 65.12599738 1.527453601e-46 2351.094351 4999.786083 5.199465456 3570.962449 2068.769124 5242.677424 7353.409673 2303.91654 4072.560453 2621.179465 2297.364723 3.392666117e-07 4456.369595 1.355827386e-12 2.603076496e-25 4900.021425 3097.209425 411.4665401 2423.75138 2439.463651 2263.619357 4129.518693 4655.001869 2218.295603 2265.039767 2504.828118 3.027717408e-22 2484.899644 4934.590753 2346.873311 2882.409484 2187.755931 4571.486669 2325.270991 8127.436373 6818.446039 1838.157249 2457.899538 11.93868178 5051.926972 9.288423028 1.267166791e-42 0.001747533665 1.386201633e-20 2540.412763 2169.358718 6331.140225 3492.261102 2325.563696 0.115661995 3169.02005 7482.723757 2047.127272 1713.74067 93.0608998 2303.757152 2059.001439 0.0001323154387 6956.950019 4933.331572 0.01818491019 2514.891257 2065.115051 4897.365876 2486.853434 7168.495084 2568.655148 3600.546161 0.08446727883 2744.901368 8449.907699 5325.06498 2.953898617e-38 2.478430339e-06 1901.571736 25.91237839 1514.178316 2469.677137 4970.413458 358.9241665 4253.238018 5.903883706e-32 
4910.251247 4716.629323 1982.552348 2473.521512 2251.903422 2493.729483 10.28392908 4944.072996 2405.46181 4864.810881 5.037329028e-06 7.892884118e-07 7295.345749 2396.480336 4859.521707 2443.519607 1.113879682 3396.937011 1.119650286e-05 2618.101631 0.03033063904 2475.548514 6810.387609 2370.147974 2919.683486 1753.328807 4861.737216 6604.572422 2418.265278 9273.046138 1208.879213 6961.569958 4925.897351 2048.428119 4821.232954 1.702274465e-18 4904.645634 4971.059591 1.164096618e-15 2469.825636 1415.509641 7406.412031 11.28470129 1090.507797 2414.745447 2422.620481 3782.600107 4192.920281 8.751408729 1650.680409 1018.678953 2253.466041 2442.906239 13322.00152 2483.697783 4248.059506 207.2625752 2131.554971 2406.375714 2501.919868 3685.595852 2481.958489 7316.477858 4471.336927 3623.966287 4288.060538 8072.639026 2436.619428 1499.807714 101.9547354 4704.371773 406.1991432 1301.233239 6727.895011 888.0972234 1809.005359 2193.978848 8.248422997 2438.311113 5066.548087 6852.989129 6553.745825 2482.929523 2488.591972 7489.773445 4859.115769 0.006293794173 7.073976132 6868.714464 3225.076594 0.005772983883 3648.601129 8.634212483e-08 6.2190317 9260.542968 4487.36816 6432.151443 361.8436763 2227.177392 4909.436975 
3713.396686 2129.505705 1.964940478e-07 4336.038562 2.310447514e-30 4883.827116 8460.392761 2424.371007 2640.711669 2486.105236 5229.869029 2493.398788 2303.384848 7518.069986 2468.021593 7038.024593 5902.807481 1.25954998e-17 2530.621392 4948.340802 2530.190928 1396.544632 4479.433939 4891.231002 7164.744653 3878.838793 9765.663831 5124.497782 2473.051548 2452.991707 2446.82247 5017.280614 3716.817388 38.8105304 1939.592599 7772.730183 11045.05195 12454.0897 2318.678973 2456.493962 4490.660054 51.26808654 2728.468022 2274.457484 2435.169844 87.40106279 4938.678525 5374.224668 2477.493963 1695.72147 3509.683814 19.18930259 1083.954115 3835.365409 4.990847666e-06 4654.893008 13310.34544 7021.787756 3317.117009 1620.804451 10.24752544 0.02164655512 4949.335208 1793.461726 2414.087652 9713.678389 9511.753247 2437.030591 197.4136752 4738.031016 6695.989143 8146.202197 4.268045028e-53 4790.671949 4918.404137 2017.719605 1.97559479e-32 9770.333149 4389.411568 4809.195979 9375.23321 9347.451067 2385.466312 4916.286613 2464.797803 5.033138073 7225.518005 2654.512042 7420.116114 3.300792738 4939.891564 7493.578049 2.626182224e-24 4.812396782e-07 4967.044536 922.3629691 3400.367424 9256.132691 12245.58808 2158.086851 
92.28678776 6732.890905 7123.588966 6759.99996 9557.75032 2495.993581 7346.956007 2455.08174 4378.033078 2426.473784 0.01800283125 4506.262028 11602.17898 2538.209745 2182.567403 4160.545216 2428.18483 4032.593522 1066.490448 1711.128675 4949.848551 7510.87928 16.16667717 1.689776443e-16 2352.723403 2.445813414e-64 6787.778498 4494.025934 0.003756997834 0.0008249896732 2527.288665 5266.331643 26.56924148 1.360351784 2614.595533 2493.28383 4933.504717 2508.598754 7731.696744 5006.06217 8.621591589e-13 4810.374359 4314.184959 9230.35756 4958.230593 3492.269144 2.191295644e-08 2496.519049 2386.79417 2501.270961 559.1620527 2025.07474 8136.64788 2482.863617 2499.825174 7870.313678 2480.748945 5847.27322 6409.015362 3.802421379 5158.126947 2168.685553 0.0006128887785 344.3071732 2521.098427 7.333019589e-07 2492.044177 4484.168867 7074.036848 732.4579711 2508.423214 1834.629678 1374.462268 7832.83181 2373.623948 3856.797419 0.0005961927169 1.803212603e-11 6731.246037 4506.884749 1873.238374 8.591785638 2519.047985 8606.462474 9242.679194 2456.004594 2433.390909 6635.459606 2508.646148 2508.118544 4873.392107 4869.620895 2246.639574 2361.634051 2519.132948 3188.699 2524.469239 7872.407513 2830.926574 2334.89747 
6013.036765 6911.517123 1930.065469 11678.45963 3207.009454 4174.915741 2111.977105 1.740019736e-34 8260.031424 2334.814841 7662.673335 2433.326934 2436.196149 7393.54416 0.03871366846 4761.717553 3.584971744e-53 7369.86464 6136.588108 0.000538979616 4599.227897 2507.796375 561.0380116 1.306878184e-05 3607.433942 2184.475878 4214.366362 0.006869026604 6917.081112 6687.443733 2468.038012 8194.422438 2991.232408 177.3816728 2654.005562 4943.003059 0.003994947198 2179.438207 492.9761854 2816.56337 0 2034.302196 6823.619008 0.3943747228 4915.092529 2480.068896 4800.502462 2242.128233 57.99881868 6267.635997 2418.139023 2457.190632 1855.412135 5401.689603 2496.516096 2186.014305 227.0359382 3685.87087 11647.49258 4903.984611 2500.948066 12819.01365 7498.041851 2169.165704 2463.269934 8257.066331 7189.028326 0.008899009116 5210.829987 5042.845449 7.357321382e-43 2473.834394 29.33580837 0.2100301646 4833.269171 2475.907142 3874.850537 4936.813886 1016.631748 2542.21284 4801.137466 2593.922457 8137.248157 6229.223485 4915.724556 6513.783667 2418.54518 5001.889018 2535.644692 21.20094873 2028.62947 4927.515927 4920.614432 5459.214905 4.213295287e-86 4552.985737 5380.600848 5.296040946 3666.073135 1006.964611 
# Errors [PSD_fluxpos/xdist_fluxposy.dat] I_err:
2094.270965 4283.91556 3728.615401 0.02588373649 1548.673401 2832.675878 2864.545091 7.112042972e-20 4802.132672 4406.171786 2561.174988 3241.393564 2230.082438 2640.422858 3159.001953 2669.357645 3825.088299 2261.026422 2702.135388 2435.222327 2443.325781 3644.252424 2665.314877 2951.171552 2817.550817 2620.636317 4482.557803 0.2679206991 4257.084212 3381.522218 3479.635191 2724.165966 2690.115057 0.8628241095 2575.4111 961.8879232 3766.451998 7.527120904e-06 4329.478156 0.01058381527 3021.491118 5148.370478 4435.849087 2599.018068 3673.329763 3187.789957 2114.345981 3855.971135 3252.008535 1733.62434 5303.159017 60.478488 4248.483349 3622.491867 3772.224296 2767.307705 2642.683631 4372.979757 2.756040979 0.1219101762 2624.851148 2678.247605 2698.476397 3665.073798 9.167749447e-24 2944.204896 3316.252481 3390.01589 4049.016507 2936.499277 1378.00984 2575.438457 3011.900642 2985.687364 3027.871492 3093.822363 2122.648448 4060.774786 2735.907343 2469.485086 6.052790812e-17 2.377946157e-32 4447.379305 4955.672845 3741.921788 2592.865398 4845.229996 1.022604557 3716.963216 3794.10025 4406.45578 3609.559314 3665.022758 2593.491033 3779.898847 2716.799725 4337.336555 2236.010046 3644.617041 302.1838133 
1733.657244 5101.392598 3679.657093 4236.386302 3446.643333 2746.722356 4928.883853 0.02826621207 2564.684197 2636.470129 3294.544583 3703.665802 2089.510353 3368.579011 4472.245161 1899.804767 711.1449571 6.581849989e-23 1.800800861e-17 87.51314049 3340.522495 4377.011845 4424.837899 3890.211058 2928.861425 2427.465486 4521.925285 3723.555505 5412.456146 3648.417748 3648.654015 3448.57359 3708.588799 2610.544687 3072.008862 2735.554811 0.2074234695 2629.619134 3006.960295 2563.305137 3511.507591 4865.517996 4195.359662 1.236844068e-19 2677.759551 2540.395486 1.815757867e-12 3135.963489 3651.68912 62.83683866 14.10906697 2681.428193 3575.410084 3987.644208 2761.939477 1929.714017 2327.667293 4363.680755 1873.417704 2538.524935 2643.679717 3742.67451 2893.095137 4.027895103e-26 2562.944146 6.674806121e-14 3606.003782 3.767803281e-112 3438.130092 3851.260479 4045.402563 2116.582413 5.82736275 2050.104187 16.92266456 2760.197525 2120.03191 3437.964968 4515.646918 0.04088427553 4971.696203 5424.10172 1980.095224 2401.746825 3680.148679 2101.98188 1.061152411e-32 2602.887165 2643.355296 2413.189339 2579.215369 2747.153367 2824.90234 7.31270803e-06 6.094236069e-05 229.9115504 5.812952837e-08 2544.219785 2.389871748e-34 913.6332366 
0.7683011324 4162.904099 3210.260902 3233.721895 5926.639744 3893.745765 2683.28098 2528.079053 2843.530913 3684.097025 4430.96846 2129.125586 2775.776392 2349.336458 2092.82067 2961.01934 1240.856747 4338.297724 4029.222124 3646.224048 0.908872727 3657.920232 0.0009925358418 4439.952948 3373.917975 0.7223803821 4496.731646 2485.03955 3552.046367 102.0683839 2133.854051 4253.496257 4310.451724 2601.59746 3600.338856 5136.064546 2.71772498e-29 3661.529091 2643.004852 4942.142787 2577.840637 42.32130839 1.110918254e-07 3405.593501 3396.561621 5057.513113 4970.102395 1414.954084 2851.440876 2147.489143 2548.598625 2844.970376 3736.588214 383.1542561 2670.716053 2639.615075 2630.111232 774.6993395 2693.711842 1.655636234e-09 2545.991678 4533.60466 3638.615117 4191.066955 2600.093655 2076.853745 3226.782805 17.18817835 3862.218637 2335.162891 2676.863728 3066.021002 2038.909001 3657.791374 5319.75431 2639.939503 3620.952977 2751.401685 2573.951018 1614.889181 3873.485292 4208.114022 2126.853226 2115.873628 4450.175535 1.120737238e-06 4.027238468e-06 8.516960839e-17 3718.119549 2953.344415 3621.545446 2613.214043 2597.336797 4079.293567 2645.908642 3688.803578 2597.84358 1062.470781 2566.966497 459.3708733 
2627.038023 2645.207665 2586.283783 3551.380062 2696.174136 8.808827903e-49 2663.50446 2107.749023 3709.181103 2445.384075 4252.965343 2647.102107 4650.336091 3391.826251 4441.166778 3204.571268 4221.216908 0.3560765838 2528.81131 32.83844765 838.9043225 2760.406199 3486.721093 2708.540884 3433.145599 1.892913758e-27 4181.943958 4175.950645 5676.646221 2429.848401 2675.26689 2615.580797 3266.77639 3586.625622 2582.4509 3719.059439 3730.641104 0.3053483218 4354.80496 13.71731723 2.707573678 5027.518866 2843.949557 3577.721142 1903.465061 2879.870869 4011.812783 7.082469268 3721.523087 4894.617774 3568.569044 4043.214483 0.06219103022 3827.415017 2192.773524 0.0886808552 2676.132042 3639.096361 4158.315022 2638.699121 1.236988761e-11 2490.169368 4051.086387 2634.7136 1987.726602 4915.568195 2647.784952 2632.769093 4096.682628 3541.273724 3809.994054 2107.391173 3479.27194 4811.358829 0.06879936299 0.0001105380861 22.15147698 4522.375179 4478.555208 2215.161438 2652.341982 3512.194169 3522.493531 6.710475518e-08 2593.115504 2901.777445 175.1322386 3597.962605 3376.025126 3109.335091 1885.225108 2981.263207 680.098579 0.007499455223 3382.712217 3528.540132 2648.871347 3687.032414 2672.667315 438.0580811 
4013.882725 3629.5041 3392.222399 3850.691105 3442.732661 3757.393385 3472.090452 3714.335464 2392.616818 2581.567347 4441.502429 3591.53253 10.83886121 2648.399762 5453.634779 8.759359317e-17 0.0008652180002 7.914952063e-15 1866.096602 3779.409247 0.009462993617 2622.599309 800.7619194 3390.653212 3316.39808 2085.212026 954.5670597 6070.122705 2249.030912 3363.726419 1109.656386 2828.48003 4.290648993e-55 4372.758157 3011.464953 3659.101443 2791.81435 2604.338312 2354.144112 3354.077831 4040.633574 56.78833548 3437.016155 3657.692381 40.72525643 2604.540432 2674.093486 1764.133233 2726.81441 0.002780159531 3602.69239 1.250611255e-22 2552.01784 5304.059788 3066.265296 1676.379231 2658.438069 3967.714006 4.598289535 2337.744717 3625.232986 2683.954173 0.2414813281 3426.29738 5033.670351 2624.286699 5044.431478 3.261882603e-29 6.022666476e-09 7.176086263e-24 100.661114 2780.79404 3125.977187 3721.651763 4176.97022 4571.663905 2608.930129 4310.282676 3805.58808 2.371578995e-32 35.24571255 2592.821133 2742.240149 3453.398424 3765.798982 0.0001461292413 3122.39185 5.241776988e-31 2935.149446 3659.486908 3379.148122 2602.003835 3000.537308 2641.374383 1339.755154 2727.963398 2588.556948 5.345067681e-20 3407.018831 3965.782435 
1.750449732e-25 3692.899174 2621.379949 0.1501563123 15.66873293 2442.320723 2193.896429 2462.438312 3189.359393 1710.421824 2786.92476 3621.277275 2625.105968 2665.116353 737.8511744 2783.98476 2488.688695 94.33601577 0.1149892919 3521.922401 4088.057646 1.246005257e-11 2535.563151 4352.946951 0.01902196106 2627.876984 5106.095676 2747.951593 2.495736343e-06 2520.101557 0.007725991777 4328.172004 2689.319825 2263.072168 3653.996775 1.93222762 2307.66124 3811.766033 5593.252738 2328.230846 3643.007707 2697.772522 2560.647659 3001.211339 2072.146473 3.397610175e-09 2630.167902 3.961144401 4427.211649 479.6450001 2763.003864 2610.080423 4050.368969 2242.286994 3946.892643 2700.725385 4073.851478 4131.622458 2639.585295 24.94362023 2508.235273 3378.43095 1.017456798e-18 4190.451267 3589.222348 2346.957594 3499.949155 3.582232976e-06 2628.638656 41.72949901 14.86996662 3940.741667 3136.426726 2067.63262 2595.777648 3510.660708 1.812096016 3286.583127 2728.89696 4444.950134 3194.639387 4388.432766 4186.010234 2269.741422 3641.589866 3731.382699 3696.518783 3704.095449 1.88979453e-17 2730.880986 4806.407159 2252.580992 1.53750522 781.9740674 2660.817479 434.3141534 1363.23889 4147.191974 2127.281757 427.2188996 
3659.881925 2497.799801 2502.995464 4603.487324 860.8582855 2287.248815 3251.583925 2736.248413 7.486443526e-05 2.320558705e-13 2796.171972 3192.855908 4356.283558 4246.921633 2921.920786 3552.104623 2513.447295 2.24265182e-154 3581.398402 6.099874412e-05 328.390345 3267.598395 3290.408667 3902.742963 3222.123139 2039.700089 3936.482482 2612.937221 2899.270335 3493.795354 4630.666691 2576.705555 3521.498259 96.57942094 2.586563124e-32 2792.748145 30.32203347 3387.7371 3311.128193 2580.812895 2809.932492 2477.445225 2626.712677 3357.593874 5.3653142e-15 2589.351801 3296.246207 2744.498395 677.524129 5692.22101 2634.313368 1379.659826 3474.458958 2540.218579 2522.309058 2568.408858 2309.960363 1434.991653 2408.940135 2184.364963 2547.201976 2490.825251 3406.247979 2638.34675 1.616205293e-13 2191.709655 2726.542861 4437.240888 0.05767659591 3.276436231 2765.177511 4.233614799e-08 1857.202863 2673.462739 2478.543159 2851.92524 32.18066214 12.88917081 230.7012991 4246.914848 2285.170492 1529.523407 4531.872028 3077.43082 2585.844527 12.54078508 3301.330483 257.7998103 3355.429524 4514.729783 3532.840088 0.7880568843 5.93729861e-36 2555.445101 2736.765742 3651.566603 5.357936375e-31 3737.131087 4408.590244 2511.887978 
2583.58253 2289.298074 9.859319883e-05 3706.18234 2610.366802 3.333474255e-33 2677.768286 7.611302366 1624.574104 2760.294174 3631.470849 2586.265889 4367.875359 0.03517631606 1.199561929e-07 3471.256981 2669.325904 2395.348707 2604.484239 2494.897245 0.002384688525 3239.559285 3667.280254 2137.299222 1.592849696 0.04795551596 1283.784651 0.0006399844526 2633.101905 3332.554264 2650.794504 4.896168642 3688.765885 3711.328888 4210.481487 3717.20357 0.4255377502 2524.319485 3264.029222 2715.090115 3616.243686 2152.527476 3733.122121 2576.929454 935.7240958 5.388478736e-10 2771.607753 2571.096593 2529.220426 3178.710499 10.89203881 3695.00356 3422.679148 1116.274236 17.2724176 4692.762517 4908.829655 2630.437506 0.07723779495 3690.132285 2561.843748 5.461455547e-13 3097.246169 2783.552559 3789.16011 2127.502047 2606.186551 4397.722991 1.787829185e-29 2.292758765e-108 2606.055847 4774.71214 4548.142956 136.906047 2614.230964 3783.56233 3499.631616 3381.457534 3635.136906 4910.033277 0.01071908674 2506.452015 9.425606944e-21 3474.485066 4991.493964 3339.449155 2609.700544 3503.34318 4699.435336 2592.418826 3564.910138 2571.676349 41.14425098 2591.8953 3851.14409 3391.029558 3461.287575 8.506200747e-06 355.2275211 2589.579927 
2509.169665 1.250489071e-25 4332.573139 2181.113484 1861.296339 4187.469054 3880.717064 2578.590952 3540.599015 2279.887062 3517.701243 2785.770509 2.579433615e-21 4184.217557 0.1685704029 2667.960003 2417.610805 2499.543833 2629.670811 3680.818336 2752.326106 2682.687604 3757.004565 1.499702113 3549.32064 1.407403988e-32 2301.1875 3350.790084 5100.376912 1744.776035 2704.345804 3529.455038 4506.12583 16.6761457 3651.848117 2620.133495 0.0004263699078 3600.019506 2.173078515 2566.396284 2577.300428 2534.734252 4142.48857 3502.254443 4177.529146 2.791694086e-24 4977.371023 3790.125943 614.3453076 536.9877975 3158.719703 12.85711752 5.221985007e-18 3505.801464 402.9621954 2231.377436 2680.220248 2882.516193 4250.843039 1869.861697 3630.957487 3341.314768 3631.366069 2543.126538 2766.081172 2641.550962 2636.79634 3790.162942 3657.662507 1.864614377e-13 0.4091085647 1994.209301 4412.700478 2643.621625 89.63690481 4318.786761 9.019391329e-11 2681.927042 4670.088298 4081.161861 3790.225603 3627.304148 47.47269098 2840.63873 884.6153764 4249.704292 2414.033282 2716.714849 3283.875918 2729.933915 3695.55851 2913.040787 2771.875381 4.042774426e-07 3645.432491 271.9789946 104.1449542 2692.853881 3600.651346 399.9819697 
4814.931056 7.875512499e-34 2750.76515 3160.458334 2626.524108 2849.482096 2272.316084 3331.82747 2261.654129 5184.969825 2797.530773 3175.215546 2460.801324 4935.638388 3522.31474 2651.850616 3705.568493 4398.808864 3710.809068 3799.427794 2570.999331 3767.036758 2620.423846 3182.179588 2642.319136 10.47338173 2819.147153 2.814829584e-20 4368.607607 3680.926154 4463.904132 2.551256899e-29 25.46023727 3333.679352 4474.271006 3372.061186 2536.120134 5003.017998 3632.406005 0.8951868516 3460.25069 3683.985354 3502.773005 5.932551479e-28 6080.496005 2664.008973 0.07579483444 2773.876787 0.0001752607018 3514.167089 0.0041106092 2608.941918 4879.027235 2736.571824 2631.537248 3547.344986 3003.974134 2570.839097 1.121814435e-09 3705.173987 2671.240577 2192.729653 2769.837765 4083.225793 3635.988682 3943.179038 3626.798972 1.660740859e-33 2546.696632 40.94063224 3850.357179 3693.682073 2651.990815 3271.868074 4131.884798 4687.932178 3619.844916 3499.91995 2718.630644 190.1998634 3756.311085 3521.028374 2639.303632 3313.801157 2593.879773 3697.613932 3836.112678 4427.91215 4376.634411 866.3998266 4623.58161 3641.93889 3.914733425e-05 4118.959621 3546.273289 369.8527514 2671.423225 2522.474015 2545.615758 3010.383882 
3698.806403 2639.774407 2553.53421 2723.112207 495.5804343 2296.350555 4391.531528 3684.324576 3438.441149 1220.618433 5117.82717 3483.549294 3284.083519 4079.881186 3672.474594 0.9183419233 2.086505325 3648.610693 3755.788192 3639.955996 1.702444388 3625.650489 3013.048873 36.55620924 3.956301151e-10 2948.305117 2609.173407 3577.342883 2583.395731 2627.500644 2432.660232 2648.36619 692.1925027 4561.399422 22.4645177 4355.59567 3485.613835 2589.849358 4966.349638 2648.78119 2.864364048e-09 373.3884162 2216.433605 4007.61876 2572.679132 4456.385494 3913.813882 2917.305655 2538.961681 2093.388015 4759.463853 4904.857031 2893.516979 2547.807269 1898.211916 3970.02737 3555.100287 2310.665099 1979.778528 634.1220549 4433.327144 2652.133458 2599.964087 4658.59297 2972.768305 5.554011006e-42 938.2701977 3711.373458 2622.319162 4355.878943 0.02480463042 3.310301098e-12 2643.125855 1.518237742e-10 4442.045628 2657.476808 3023.239686 2692.333402 3642.264807 1875.480029 4799.640555 2732.872291 2705.720714 1660.608196 3594.783416 2685.260051 3722.283349 4305.170693 2876.005667 3645.463359 4013.280536 1815.187787 4235.170143 3036.934571 2411.639905 3718.839566 285.9013469 1925.064926 3588.80454 2674.590836 
1857.045616 3623.142075 3655.511265 0.006512780406 3411.009157 4955.442022 3609.965177 3653.2187 4232.834701 27.36330848 4803.946933 3582.759862 2531.53343 3619.906432 1.781619534e-08 4612.103536 4.626719e-09 343.8215908 2672.955975 2621.332076 9.739399646e-14 76.26281041 2.543295844 2180.500782 2398.603772 2718.404427 6430.995073 3614.054332 2691.225052 3246.562905 3343.296627 2645.496989 3608.666132 2654.17017 2029.035229 3452.051416 2571.168874 5.232670164e-19 4196.257702 3021.552813 2450.744695 3012.662221 3664.867883 4836.020188 0.2050065995 4185.496578 2404.586626 1.760242402e-25 4381.863017 3616.236844 2551.978561 1762.529872 3872.385329 1395.794339 3866.40466 2732.004887 4621.61137 2577.610293 2614.034614 5014.144739 2565.971295 2189.593941 2693.293121 3388.258814 3665.741713 2214.180568 3723.394369 3902.080378 3652.660335 3362.770325 4444.572611 2015.210289 2647.17429 3472.028786 209.4097874 2594.347851 233.390007 2483.471037 2475.715173 3685.211993 2539.619749 2528.558486 2718.694636 2625.7791 73.59346223 432.0990024 2562.345925 2467.570339 2485.502783 246.6227784 2152.823112 2544.190797 2651.289816 1643.399756 2615.145763 4173.901474 687.0842974 3588.39619 2607.627401 40.30777751 
2725.954393 3875.585291 4292.083579 5063.398561 2524.573753 2858.651289 2870.987623 3496.677443 2723.025043 25.67809634 4411.733965 8.374329577e-15 2573.630387 7.822282292e-35 2691.835949 2.084869791e-07 3620.546273 3569.136054 3781.17162 1599.26188 2.034273145 2641.537201 3592.516715 3651.197476 0.9919737206 4247.304539 4430.787922 0.3278606866 2596.798605 3.252678299e-64 4.98097571e-05 2728.81412 3732.805921 2680.380747 2697.918054 3461.254448 3725.5631 3625.460573 2428.144568 360.7522602 0.03391169762 4516.581738 2762.38325 1.285938116e-11 2548.314987 3481.918987 4292.123339 2575.370133 0.109278644 2133.156534 3610.197739 3141.696243 120.4139641 3290.229799 8.985984099e-31 3630.475212 3745.953674 2609.722452 2238.518377 20.70444345 39.58356153 3817.128547 47.63834813 2453.332954 3657.363013 3612.966122 2601.7375 3313.158882 2249.323056 3491.031656 2586.818519 2692.80447 140.0610068 3144.967512 2510.543331 2803.206514 2805.111502 5537.727103 4.93454483e-12 3165.379222 2.515900586 2717.603257 1649.42168 0.5730158481 932.536012 4145.083145 5.696590991e-18 242.7803263 3.243276386 3189.954211 3552.112158 3674.77794 4410.852562 2638.028407 4342.131158 2531.624584 3671.769752 0.195548036 2530.681302 2448.048975 
62.02242553 3686.618126 2609.662192 3219.009659 929.5978775 63.702219 3667.703424 1.506462774e-05 2249.503495 3489.856385 4743.69212 2566.143795 4.414827691e-05 2679.266681 1075.46941 774.5858887 2577.441727 2599.577833 2631.555814 3520.25763 2650.933288 3624.232406 1639.753904 3636.240681 3550.521162 2505.909363 2639.38592 5516.061229 4730.438505 2810.635354 3289.921991 2705.113272 1.467639362e-11 5115.891635 4421.380527 65.49439543 2572.721837 3446.909076 3568.532382 4.566299301e-12 0.0001232888387 2641.22248 2750.847979 156.0865861 4225.605214 1989.636077 2270.742745 2800.840365 1.37304226e-05 2794.530028 3624.205472 2.114310873e-32 0.6149919942 4127.737099 4332.075273 3333.936798 4155.917891 275.7138258 3078.296087 3654.816645 6.255053078e-09 3620.981087 2916.530667 3402.54491 3708.998476 2226.034436 4463.216037 4845.427227 6.776339218e-15 4163.272617 173.1722055 1311.881076 33.17252887 35.28874313 8.613472509e-05 518.6045483 1206.409146 4131.452211 3743.779703 42.54937034 74.17804067 1670.503536 2466.818787 2528.691348 2956.665643 2794.593801 3691.971927 2677.900328 3.04147642e-42 0.03783658341 2633.486651 2762.227563 3729.121395 3012.459647 2657.809417 2623.130418 3277.478189 3574.477056 3825.75444 3722.266171 
4939.49679 4412.87347 4476.020883 2609.915706 2715.198266 3216.364274 3467.317073 2801.967277 2704.26673 2625.168791 3390.312084 5.008511819e-08 3347.898869 5025.065549 3873.232035 0.008447064784 4332.401443 2625.975028 3619.553615 2508.941657 4375.554657 133.1811961 2361.578327 6.856389956e-11 2546.738948 4065.244886 2.455587064e-17 3574.817339 4472.640038 2590.864007 2.202516369 3690.3313 444.5656766 3738.546531 2172.397519 3596.16346 73.44491491 4258.703915 5384.988906 7.717719692e-06 2769.359015 2628.872309 2659.783272 3607.325346 2578.181147 3611.543489 2212.21166 3680.777883 2540.91884 3544.639866 3380.633202 4219.36582 3685.965731 2411.464612 2652.322549 3283.689433 3706.504991 4148.177225 3546.676201 3268.813579 4372.490297 1888.903111 4111.075978 4898.151113 102.254558 2515.085104 2572.420906 2469.633196 2599.287913 122.5567302 1.648255318 0.04487078461 2641.433963 3658.447678 2771.681801 0.01610377975 73.84566546 2410.919319 3628.485829 13.26885442 2545.286412 4646.67896 251.954428 4853.049129 2583.067365 2715.033132 3734.494448 244.1945253 5.703962552e-05 3188.671088 3575.559278 2549.204559 19.38887786 1.320396043e-12 1003.605783 2717.207088 2771.025735 18.30930468 3619.960899 471.9366069 
114.4959866 2659.084271 2348.951496 0.1958372037 2515.391353 3953.545616 2710.76892 3216.545618 1.168185998 2831.560089 54.09174269 1.427801858 3107.093027 4460.754305 3635.05696 158.1671457 1651.281866 2575.140174 69.45654586 3462.839921 1583.150841 2627.9431 2624.890646 572.7469225 3970.409061 4112.66159 3336.371391 80.85920799 9.116366249e-11 0.0006101622681 2369.918948 4062.703244 3924.776213 2601.795933 2310.656106 3613.705889 4312.21027 2719.649912 1.399500918e-73 6250.669844 3408.510883 2573.06374 3487.478902 4432.671029 2387.624671 2668.251675 4360.521999 2699.857239 3273.219529 70.13980657 3144.441678 4969.938126 4143.044607 3488.154329 2602.788307 4920.305556 2696.329808 3396.71299 0.2875532635 2917.269953 2493.988079 0.0002248208666 2720.773244 392.4057664 4146.757057 4440.001277 3612.650782 20.77632622 3122.401241 2431.942579 3437.487404 9.129623591e-07 2441.398936 6.257828525e-35 59.87640495 3829.387209 2788.258426 2086.386618 2621.298111 172.1459517 2784.18291 4319.010068 2680.313002 2686.85944 2613.750212 2156.336376 2315.201247 2577.556491 3134.125316 2644.357794 4141.280697 3453.957074 2637.974517 2614.531593 949.0437104 2579.838947 4307.460819 3637.233536 4445.063621 4.391304196 
4506.053824 1881.814704 3280.029665 2637.462908 2623.437014 2572.750629 2693.315691 523.2799999 5563.724404 0.9442767038 3846.268219 6854.878521 2777.458547 3625.966941 3.96433809e-31 6013.267354 3670.015194 4379.618539 3582.69287 2656.180465 3653.058071 1.099666108e-20 137.5959458 2612.154102 2789.55324 5.361270676 2261.347222 3496.628315 2256.315867 2511.232902 2909.640021 3067.128966 3706.368075 2675.157265 2674.945272 3617.647906 143.2863968 3646.323943 0.004511610214 1060.425021 3586.546887 3569.567609 4200.771915 3.678582695 2.521424195e-05 4289.848205 2627.290692 4452.489863 1937.938819 2993.214381 2683.470356 3570.184444 2450.012765 2672.939756 3456.916931 70.39067701 3119.166117 3672.074557 4232.73488 3399.542477 2988.721492 171.3709915 2599.275536 1883.901839 8.082112712e-14 3690.679591 4407.90329 964.5000943 2.944638733e-10 3.4823283e-111 3215.401559 3569.682049 2549.29461 5561.230013 4424.636391 2132.458985 4456.51343 223.2881982 2923.797795 4051.599595 2819.386534 2742.083013 3202.183318 2453.402845 2509.28781 1993.880293 3659.455991 3.479166388e-12 321.4874512 3298.168935 3622.47669 4037.133086 196.3054498 2650.724379 2396.562312 4300.230721 1.234137347e-05 2677.700484 3625.47586 4404.336325 
0.1999938047 2399.997417 2615.675987 0.1802154375 4453.118257 3670.299505 2641.133111 8.502987176e-13 4371.074395 2643.424269 1892.415351 2382.786996 3720.629151 2579.286654 3371.822247 4432.505238 4360.941004 3367.202557 481.4467727 2536.492011 3923.797066 962.3564928 1907.166638 3089.626505 4296.368076 2472.314546 3214.787327 2261.157606 1614.024281 2872.500652 30.54847213 2305.019069 23.85740581 3566.41868 3.916089035e-26 283.4340446 2625.591142 2803.607265 2.315821421e-06 0.03138838762 2563.461017 2460.519394 3101.014635 2530.913102 3255.791167 3527.373387 4464.953539 5013.219007 3391.789106 3830.678249 1.477885073e-68 2165.158242 2567.430243 2750.990052 2358.55196 4280.219501 269.3964448 0.01333671063 3567.582981 5.274773181e-10 3352.443408 154.3303676 2734.970817 4335.798793 3212.380745 4955.301049 2633.677877 3024.598606 3707.854365 62.82642579 3490.610179 3974.460069 2596.111455 76.36433641 3617.377695 1934.184311 54.01524584 2674.463304 5676.246552 2.709783607e-05 2716.91461 2690.723616 3646.693202 2671.57115 2308.377019 3932.496477 2675.806908 5.583611173 2854.368639 2559.946746 2720.895369 1.11629098e-14 5363.952688 4468.003107 3728.734823 4091.700068 2918.808063 3766.079917 3202.784732 4010.356129 
4294.284576 3704.046615 2832.372188 3184.772837 2639.940908 3071.82517 4802.550689 1120.347882 2735.886995 2689.855722 2580.224466 1.327489787e-11 3638.963929 2610.942424 4944.670319 0.5981224857 2456.246093 5168.889404 2089.633872 2070.738029 2588.680344 2623.835439 3115.733299 2862.633544 4924.293239 2889.633759 4239.940574 2667.064572 32.6288362 14.35967701 2632.198378 2523.146723 3427.110861 1.168306305e-80 2581.160211 5.225311557e-12 20.58905623 4523.527963 0.03344525224 4337.299706 2.33485743e-26 0.008719598306 2014.399858 5026.468221 2656.58077 3205.71184 866.3742291 2653.494233 2.526230019e-10 0.3357037328 3748.510688 2633.212363 2619.531974 4618.249119 2377.543133 2.007093662e-14 3663.377483 1.227188063e-11 2403.777865 2550.498543 3588.526001 3884.676378 2254.598751 2645.820492 4618.619563 5494.475942 3747.871563 0.0001846037523 3764.206947 3581.779127 4127.622943 3442.085987 2394.491103 8.215193139e-08 2153.490729 7.991781583e-13 2906.12401 3737.087638 1870.460989 7.110482335e-11 0.3692942152 2644.603516 4488.901585 36.25373636 3599.743919 3194.297321 4821.194555 189.2910154 221.395471 5186.608326 249.2888772 6.893647431e-39 7.259187756e-06 3664.039916 6.73032155e-18 3443.370346 2448.506353 2634.41655 4141.444722 4317.973328 
2693.815555 3433.526405 4.578546277e-15 2525.993546 2620.704074 100.6173916 3256.939019 0.454553971 2406.308184 2607.888225 4924.358633 3542.435427 3223.747744 0.0003566602413 2286.489941 2763.690993 5.326221084e-09 2706.473195 2725.377952 1.220328116e-13 2562.307355 3647.183963 2567.637151 4220.089343 2631.073982 4429.401366 4146.2232 0.01021585613 2669.530101 2776.768634 2618.796568 2834.818996 1790.750986 1489.387497 2574.519377 3742.614484 2529.294994 4475.017489 0.05741205519 3259.836496 1200.489172 4.767678825e-17 3446.541824 1681.021672 7.849240701 0.290947371 2497.934586 3202.98614 3741.659563 2.927690981e-09 3598.818568 3597.35522 1.049170931e-08 3646.185809 3498.903995 3314.617585 1119.919168 2279.707464 6232.966296 3700.628286 3476.168999 3692.380321 1.855507503e-08 3553.292262 3097.440401 4244.690937 2606.559477 2002.851739 620.8957928 2165.42603 2776.859997 2644.984318 4035.815483 4286.59622 3548.37828 2028.297181 4237.202386 3621.818668 165.0636772 2690.901509 2886.596173 4800.679406 2.13896581e-16 35.04286479 0.0003668975857 3139.774131 2655.71547 2.687599391 4455.859178 8.94180537e-06 2535.995513 2623.349732 2668.799887 2887.782232 3616.870052 4039.945399 2638.744071 81.03766644 490.1238347 403.4452963 
2630.550831 3715.947447 1.272723074e-11 3712.091637 3625.556099 2577.16539 9.010333598e-09 2630.185007 5.140899874e-70 4033.477265 2659.249432 2471.517969 3687.427534 4342.815621 2571.102322 6.654323285 3105.884186 2915.192651 3.301030885e-10 2570.962329 3876.181439 2583.60034 3553.609261 2620.89677 1893.94233 3479.226843 2677.253097 3927.695533 2529.778728 6186.018571 2630.955078 0.1242379882 4950.064274 4230.087628 3516.083018 2367.976811 81.88831701 5576.883544 2383.282656 3642.838342 3294.8902 2504.340373 1147.797144 2231.844007 2.521506504e-07 1.133701357e-05 3385.029436 4295.915638 0.002208721167 2464.825623 9.972954416 4413.350738 2858.75189 4733.007533 3455.846016 2611.527367 1276.659876 2572.048815 3890.631789 3003.299367 3565.607828 3610.738004 21.55345382 215.4283138 4881.962813 1944.136619 3679.615488 2621.088986 2618.440008 29.39099614 4245.078272 2482.262349 2533.316352 2592.981602 2168.675463 4999.698343 2376.318856 4952.755919 4386.652136 4347.158715 3820.78588 9.600388006e-06 1845.735567 1.000165761 3662.893579 1.138577768e-26 0.007288774948 851.4503757 3607.295508 2734.866966 3554.263453 5540.555092 3647.60634 3615.603532 4002.041592 4421.691567 348.4495237 2647.586088 3651.365811 3757.583153 
4328.572276 2720.534314 3429.354796 2569.956284 0.09851989202 4350.12789 2704.46866 1.508361813e-14 8.810156439e-12 3778.047669 3664.257188 3007.791294 0.9145650492 2720.810623 2422.026221 2467.741489 50.68536269 4090.414064 3627.358956 2496.047318 21.05911291 4083.680056 3464.541229 0.001298546977 0.004383095929 0.03209227023 2533.329523 6.862109827 2614.462908 2227.789081 2611.551353 3748.188852 2097.709201 2612.654923 2660.585205 3640.476149 2616.788958 4095.500029 2116.046268 4412.353602 3932.713061 2449.337607 3714.080082 4680.364458 3633.845024 2636.143516 3967.43784 1961.727315 4890.025057 2692.448614 2564.572937 4596.239439 5085.287552 3740.302558 2683.907847 4035.563757 2575.296396 35.82962682 4268.718136 14.59300441 2.916768008e-12 2609.353353 3599.909227 3302.392415 7.931744582e-23 1.104662861 1690.648682 4423.552549 0.3552967138 0.8611727335 1212.636245 2625.986591 6215.612776 180.0861884 4076.635609 3790.208728 2.146026105e-23 3603.342631 908.9340605 1300.755916 1687.146864 2593.948621 3699.05762 4088.911637 2709.476047 2548.28172 3525.133938 2383.77839 3126.938414 1.331435213e-07 3235.173765 3698.897963 2446.041951 3287.981324 2636.338894 5269.892563 0.2261928683 330.9242363 3512.508808 442.4596202 
3419.518045 97.98676206 2.967219659 2612.586927 2677.025339 4482.325123 4077.9212 3582.406491 3350.130096 3670.730535 5.268212736 3465.433354 3735.276684 1964.635301 2763.357517 2057.980264 9.890231432e-12 34.34966121 2104.123718 3602.896566 2684.582052 2655.801262 5330.141375 3704.639398 2170.138434 3391.304443 1862.283599 684.1291486 2393.760021 3467.143699 2561.225916 4644.245935 2725.183058 4401.525122 2596.853577 3199.761885 292.3484319 1.202848549e-26 2580.274097 2674.743527 4725.632053 0.0025390536 3451.612087 3.870452572 3967.235444 3699.647787 2515.766915 4491.396193 2.962930185e-22 3510.710211 5.062483934e-12 334.6339624 2626.615166 5582.644447 0.06007574682 3068.906703 2713.594973 3033.954396 2186.208318 8.181427511e-07 25.14849692 1555.671353 2569.794299 2909.155818 2.635059965 4679.106681 2403.987868 3200.254901 1047.283566 4435.365107 1671.842917 4282.930215 2.237872957 0.2846232592 2646.68198 2536.321363 2589.856097 2692.14991 184.6622508 4793.849267 1.347598181e-26 2669.347219 3.873031902e-104 4717.589248 4006.317341 2654.812795 3199.509564 3563.42031 3039.057001 251.558353 306.4411328 1.282462544e-06 1793.551975 2971.748891 300.6205588 5.736106676e-27 2678.563953 3670.267913 1417.033482 3005.663094 
4832.873133 0.0002787179478 3785.17081 2644.815963 4296.265029 0.2015859971 3219.383722 2681.04986 3327.943069 6560.93372 2343.488213 4242.839448 0.02418074565 2628.834677 4137.512879 0.2376188719 2436.692768 2319.841843 3546.902005 2751.264955 4478.763713 3655.334661 2862.676569 3738.281401 14.62650229 1202.692939 4252.330231 2745.03123 3599.564229 1944.173078 2421.986428 2150.570781 2689.401132 4357.726873 4343.191075 2527.84315 3101.076854 3447.941707 4327.42919 3187.788252 2732.703837 4904.228283 3521.084636 4379.869595 4464.589105 2592.37229 2886.825825 3464.711232 3118.933748 3652.783674 3030.984857 3722.716082 4431.835294 3467.51795 3359.154925 0.0009754457638 3774.39929 4195.904476 307.8581103 2505.267549 4477.411733 2487.538847 3608.87319 2695.553306 3629.642521 50.22606059 3164.080517 3600.582143 238.288261 6.923534062e-158 2648.923952 3647.175176 2128.104392 2677.724109 2909.129087 2603.856765 2616.07885 8.695799335e-15 5075.045928 2451.677289 2632.997859 6.749143548e-178 4065.95765 2632.549466 0.1001519712 2738.277025 2681.599837 2644.367413 243.88528 6.491962417e-128 308.9340313 1182.041942 2349.760719 2991.09067 0.02630329728 3635.752543 308.6028074 3619.856758 2.340273955e-09 380.8313096 
2.320031794e-20 4104.603627 1993.217606 3638.080158 8.68937757e-13 3668.427264 0.5971946617 2617.897099 3797.715523 2842.673902 6244.053642 3353.161325 2003.446885 1768.577918 2514.564708 2976.890205 4305.858007 5055.420586 20.85134526 2551.761901 2509.033161 815.6463193 3690.12569 4377.920056 3557.921942 2654.346862 2713.009832 2687.199179 2.629213432e-07 2458.20692 3661.06246 1555.398936 10.06541744 2777.999831 3269.88614 4473.284536 4781.087264 4575.976791 2600.623944 3217.986883 2365.872815 2744.351801 2700.59869 2557.897446 4732.240184 2642.874239 2663.708536 2585.121455 8.52586178e-36 2575.073663 88.15445212 2625.246322 3660.837904 2603.697903 3746.478755 4712.496821 1.372953093 8.292894738 11.49127873 4834.342978 2510.49712 2312.991122 0.002000341465 2385.062243 107.2618535 2603.868914 3676.070428 6.971041657e-08 37.52430508 3115.807102 2519.448213 4290.338542 2869.777231 1976.675896 3775.098454 2636.18653 2809.52856 4.210759605e-07 3876.470313 4275.043008 3709.938093 4342.990862 3426.845752 3737.691266 4496.19894 2680.915696 3791.506368 102.1118654 2619.532414 3562.028512 3258.889775 3582.130135 5039.195157 2607.13554 96.77806121 3880.126748 89.08590569 2652.463144 4195.030127 2863.75245 
3069.565908 2653.713752 4360.32585 3537.72183 5845.52798 8.886324562e-11 3640.422153 2522.733327 2762.336735 3870.644714 3211.599351 3736.893407 3761.267363 3778.176685 372.4074237 1.151473732e-28 3697.543186 3112.26649 3489.02607 22.06651238 3727.596883 4415.787621 3362.315388 2941.622892 40.81485662 5010.000156 1.661916874e-24 2669.74001 3521.466991 2567.015159 0.3667878205 2601.738799 7.328449667e-32 3630.229606 4344.382786 3655.5907 317.8714702 2666.25907 3595.544719 0.01380161009 3530.325625 40.41814925 2731.762199 2582.884134 4187.350865 2403.095264 2740.877046 3250.947129 4459.278847 2667.873997 2378.553003 3680.647725 2578.57259 1595.741622 3411.640606 2660.68038 3444.203339 3638.558701 2610.795761 2657.091397 2516.680547 2746.541353 2245.109883 2660.888571 2747.000473 1811.471765 2894.729053 2666.309319 1.723688532e-27 823.2148941 2562.826018 41.40030239 2628.611106 2691.723932 3596.316484 2679.786364 7.187124089e-36 1277.594243 94.35370096 4250.814961 34.23228505 3643.307075 4378.071402 2648.390019 2584.81552 4846.1196 3668.235553 3657.625932 3459.597093 2802.216845 1682.147607 2629.934076 3513.024419 2531.55081 728.1732134 3724.700136 3572.108967 1146.105468 2679.53691 3636.554874 
3025.416595 4398.960804 4038.263982 3755.019201 0.1346714607 2.818033885 0.05720488787 3853.808789 2453.407188 3544.155241 3.266031714e-07 2960.131794 4.926278483e-21 0.7574995902 0.006535392691 2480.875516 2649.611365 2653.69273 2037.021682 3660.779033 2680.123132 2667.898161 1543.034909 4052.843501 1.971767378e-08 2796.787354 2552.550356 2673.767617 2584.502799 2660.430526 3874.25689 2577.927356 3731.005937 1824.214708 2642.152204 2595.684637 4988.741181 1.235362892e-26 169.1826264 4399.863186 3708.438111 8.293370181e-06 4221.852362 3605.491892 2548.065397 3194.073264 6.968894225 3260.983912 3129.797035 1731.242451 3537.558827 2629.053645 259.4023842 2679.308288 2624.105048 3829.943909 3636.503427 2491.469077 2398.672129 4059.494412 2633.171343 2624.442957 3596.829528 4082.689934 2521.684958 3391.175654 2594.843385 2721.417347 2702.448611 2338.358195 1.385565189e-05 3205.809607 6.009235057 0.0411889277 2583.309388 174.6070144 4006.985348 2637.509139 3.205437553e-14 2621.435769 4182.641177 2257.01618 4026.735509 4448.921813 2032.717022 5374.248742 3033.362189 2104.555355 2567.916757 1.729026874e-05 2562.140004 15.87190218 2588.002448 2706.408465 2652.399802 3994.989561 2432.868167 60.38803508 3760.033349 2388.097335 
3431.530542 0.2926088498 2.310986862e-09 3529.995155 3694.39236 3768.777546 4597.708702 1527.21648 4750.290884 37.32388997 1855.357164 2698.407229 3502.843386 4081.5195 3.879076201 3157.282666 4.258910572e-08 2066.657609 2488.227407 3631.968828 1398.218261 3.05291745e-18 2645.160774 6468.358471 2656.942846 3664.04443 3521.842014 2119.050206 3657.585576 2874.91664 2503.577772 19.78005399 3725.759462 2181.834242 4382.644912 2647.776319 2665.662178 1.617758985e-20 3134.443559 3598.711645 4000.706524 1963.021655 2098.955637 2493.716297 2410.906439 238.962033 255.3289331 3396.139881 2910.342399 6048.260945 1364.543989 9.321173866 2.471727911 2835.898784 4097.183211 4040.29796 2300.411589 3161.735918 2558.290659 1660.800983 1094.894656 3634.831448 0.003244428557 3.448299948e-05 2624.82798 2.295580122e-05 3.729112904e-12 0.8194289245 4772.541004 5339.053606 4411.212333 3846.003851 0.0001198160753 2093.261839 3.28108832 3510.392938 0.0001725834047 3662.689339 0.0001688471848 2588.629198 43.52642212 3687.611292 3600.39433 4577.403505 4069.316434 3541.126224 2569.401944 3872.646476 7.567348282e-06 3003.260078 4806.907423 2692.002641 3593.766008 3394.830123 2689.481585 4349.136074 2601.350881 2610.838477 2631.26141 1861.553839 
2409.503352 176.0033848 3023.646313 2562.467156 9.803408662e-10 2040.656357 0.09376753678 3921.926967 2723.874296 3493.337754 2708.390563 2707.282181 204.5428894 6180.638762 2431.747263 2935.593939 2103.020874 255.9046876 1906.081784 3375.250099 4754.956793 506.5169239 3310.167348 2252.201415 3.368080659e-10 2640.407881 1997.06494 2476.067815 3745.459876 1905.591017 3553.474293 4138.164942 12.59940906 3549.438687 2630.234849 0.5582271397 2501.834005 3462.021013 2617.357112 2637.595435 3562.292809 3006.042739 3737.424042 2561.700267 3446.280771 3808.736823 4265.153412 1702.500592 0.08370075854 8.763109051 6408.715299 2667.538555 4478.635348 2590.231517 5571.333839 2949.320434 4173.126112 20.34408661 6.641311039e-39 3.309876961e-11 2662.757836 3700.363989 2683.468533 4392.797479 4353.700133 4276.714909 2709.570765 2456.829427 3049.658408 0.0004049765189 2915.349061 2650.915608 1301.480871 2730.532046 4215.488818 19.27760031 7.432798876e-05 3652.705471 3785.275729 2645.015986 2139.836597 2376.700851 1.682439286 122.5724019 2673.655832 3667.900979 1.482368135e-52 2621.884258 1799.595887 2.943029614 4465.972915 3393.094181 3067.412135 2888.949102 4434.406081 2660.569049 2604.628659 3650.923655 4637.410825 2502.506171 
0.003255097697 3053.168016 2537.053246 3214.410165 3166.734957 2544.142073 2690.709163 3603.88615 4384.523518 0.1518308259 0.001518915635 2560.224087 3618.92491 2803.875345 3528.934656 3663.400201 3671.609776 6.482958911e-05 2721.526514 3610.772286 2419.714537 2128.282326 7.755792353e-15 2789.522511 1.666728625e-07 1914.381265 2712.963147 3553.821403 2414.978121 4344.153634 4022.092936 3214.793873 1670.039513 2636.614276 3191.386121 2799.616701 0.0002640271955 2397.762914 2604.464856 4010.406076 4438.193326 2468.759892 0.003412190623 3530.522795 3459.965904 2619.048817 63.66904788 2575.452459 2609.287471 4447.4897 2590.332777 3423.685698 3245.950575 2630.02136 2986.299095 2817.315063 1.321790953e-16 3738.989047 2685.39611 14.75413107 2619.928198 3227.170748 68.35598777 2819.946977 3740.205243 231.8245324 5080.225283 2.192204279e-23 4423.105039 4017.1302 3760.338066 2576.381238 2616.097321 38.72801505 9.402249715e-06 3746.705205 2600.604059 3364.37112 3577.04876 2649.051113 2598.622516 5134.322084 5.336228492e-12 2730.821851 4571.233689 5655.828317 4149.450153 1963.244511 1844.409225 2011.34687 2828.203581 3710.14146 0.1737953963 317.3415523 4983.955587 3092.161344 1.910747419 3345.329895 4.374104107e-34 3761.843308 
22.69919731 3288.108659 3538.977806 3208.524936 2431.944517 4296.279917 3484.117374 2492.929125 196.8426198 3394.242295 2663.43886 3674.694459 163.4219778 80.14417624 173.0663477 2636.191246 3577.256757 3585.347665 3714.677443 3490.559362 4877.987567 9.101345125e-11 2570.460303 0.03357557433 3873.360674 13.15078718 3595.335812 3679.672999 3738.827145 0.002133953625 2446.743866 2645.907937 2383.406955 0.1388656006 0.5133589297 2643.721652 2469.314802 2658.016131 2745.811509 2428.862905 2327.948691 141.6701521 1034.939744 5375.308592 4346.905707 1870.867856 2637.655297 4088.650933 4826.448128 250.8795624 3513.095307 2424.410992 5.395927413e-08 2006.374962 6.11541881e-10 1254.372183 4688.247465 3844.692811 1.352598951e-14 2718.905146 3341.517901 17.42451188 6.602765459e-23 3208.606214 2634.877989 149.5639533 37.84120155 7.927819148 4459.748103 3386.31661 2512.43478 3417.457413 4152.354606 2.802341463e-06 4127.665066 4421.04416 2674.80285 4016.534364 2940.345491 3644.368059 3247.288461 2642.661914 3555.097073 2678.2069 2212.361138 2579.529747 3564.876707 17.91693404 2.893750535e-19 5091.951957 4265.775239 0.01305548818 1616.671619 3134.538268 0.003630083446 2.658347767e-44 3.559206086e-05 0.001328681604 3.946570158e-09 43.22992676 
4348.884209 2567.902848 2884.63423 2.038651508e-14 2106.323808 2767.898595 2716.859787 5152.842303 2605.490732 2676.502977 3455.88133 0.0007004614917 2596.136101 4908.184714 2736.916099 466.4263873 9.873761432 0.000117778834 2629.070196 4797.809336 3524.047318 2.497272908e-06 2309.274307 4383.980827 2628.02856 2585.992444 102.8647544 3.454923421e-11 2589.946877 3212.227734 4964.543014 3365.470531 0.4907869278 2046.564532 4600.764398 2672.626098 3415.110398 101.7970127 2612.823886 2656.414659 1.919198555e-09 3709.176958 43.54595451 0.002270722588 2583.495848 3688.133958 2656.057569 2547.695725 3638.127117 2780.689063 1.005083087e-10 3541.724137 4735.383514 3601.396177 27.94368804 2732.274239 2700.708404 3427.386727 2626.812958 4476.867379 2345.50622 2515.736371 3590.876997 2524.516529 4.414678434e-20 4095.523836 3284.994415 247.8282392 2623.380188 3584.881727 2820.847764 2594.679603 2661.600746 2118.055657 2549.503815 4416.602424 3337.159126 4087.39172 2650.087533 2737.491427 2601.528331 1031.547455 4.767280815e-07 0.02378131484 2608.028341 161.8993668 1555.172643 275.7680299 3692.091384 931.8878705 3753.359465 691.4941795 4.2192828e-11 2941.253713 2680.833987 3640.840158 72.13904894 3391.65057 3515.809284 2795.779399 
3478.931332 1332.828633 2437.007469 2989.530962 756.6689902 3222.563955 1.66083303e-05 2776.516289 2203.630905 1.308650116e-10 2664.546295 2531.884194 3207.962752 4288.391249 2629.144126 2582.845158 4360.963231 1682.345924 3693.220246 4360.20045 2675.769383 2942.796128 2323.932056 3595.949091 0.00594709785 0.04632008522 3482.353428 8.737059343e-42 3139.26227 2576.955449 2901.900539 2487.079752 6.169504479e-10 1455.080473 0.0007414086563 0.002798878354 3705.553034 2738.941066 2522.851148 4229.062157 3029.054867 1.606986345e-09 1591.765866 3.547672462e-25 4012.178665 1116.623014 12.47903007 2295.053045 3643.32329 4441.614144 3248.001514 2655.830279 69.80869686 3601.698046 9.211322208 1770.52253 5265.918866 3544.652626 2728.009272 3712.557355 3.277893318 2232.4381 11.82497016 4182.186911 3738.863358 3282.794089 0.01740195936 4195.500678 2624.109689 3802.360568 5.493081418e-20 2638.415028 3312.435545 986.1265243 4.452528352 2519.686622 2644.84419 2738.046247 4122.962764 2650.153903 3236.235106 2804.852393 3673.273729 2834.983238 4346.337284 2453.499457 1.400393594e-06 3725.081039 227.9887313 3629.378142 2677.030593 2651.838792 0.146236948 2585.990642 4240.291768 107.0329715 1838.934427 2654.995272 2605.849644 2293.430619 
2498.083673 2196.712008 3654.051929 2978.408678 3701.80623 62.02582675 1548.471094 2473.894547 5494.991395 4324.342605 3468.043829 2304.146339 0.5260395018 3510.230219 5176.487126 2675.114348 2621.937783 1426.057681 2575.713696 0.03057749914 11.50155129 3823.573894 2577.790531 3652.548239 2369.257734 2639.422997 4239.20577 3993.737931 2739.810626 4263.173917 2383.145114 4579.41335 0.1592708187 4155.022303 3481.841372 3555.371244 3255.540693 2666.818139 2622.442863 2491.759644 3375.688628 9.395917241e-11 4040.551361 2464.085017 2086.370964 3364.793258 4377.513201 3610.863105 2789.574058 3465.730198 3758.215474 53.14591642 2639.625533 3429.137913 1913.937274 2354.221374 5.089729855e-47 75.49012151 5.451633437 2089.696851 3695.080492 2408.057037 3645.596697 3520.982162 3475.223793 3654.290212 5.735817395e-10 3481.596395 1942.861094 3220.13974 3602.286252 3629.178674 3747.524579 0.0002231687527 2656.841353 3420.390071 2.202961691 42.20530782 9.128790602e-12 3.907387291e-07 3969.767633 3251.757936 2803.11178 2563.913504 3409.36801 3606.35509 85.31168642 4.008507952e-08 1.123620298e-20 3502.115236 890.6840091 2644.035781 2399.265772 3384.734571 3626.95672 7.976835089e-09 3852.743754 4878.017939 1.780975764e-30 30.47905213 
3581.514278 3705.072202 2856.785975 0.2194028887 1.026260709e-18 3313.220864 2604.400201 4461.23671 4.197716941e-29 773.5900391 238.7191943 4485.916808 823.4288514 2646.636836 2902.760988 3.362181837 2506.160593 2629.521665 2680.76196 2048.685635 4103.218973 51.70817312 3414.024954 3653.525863 3950.025962 3345.517037 2817.879049 2864.145345 1.402493723e-11 2679.645105 2114.07938 4177.787046 2053.555739 4461.534039 6.198273733e-47 0.01018630753 5199.766883 3648.227112 4494.655706 1.483854201e-06 2450.477841 44.80877632 2693.872331 4.49756993 3357.754783 2549.648622 3201.850723 2527.968547 3854.828953 2695.125936 3.051987948e-07 4376.253887 3523.545437 2175.192693 2590.720317 3643.090731 3241.446624 3822.40645 4617.990454 2827.758647 3108.286766 2597.245437 2255.922624 4247.208931 3465.926246 1600.392834 2622.933472 3446.562468 2716.136926 3593.506022 4405.652445 2687.515249 628.9129934 2675.266252 327.1973741 3584.271752 3418.05054 3589.882322 182.5895158 3371.916764 4520.150401 3240.812559 2511.547533 4516.361519 1917.224902 2722.538564 3708.932225 4455.723998 2917.685873 1584.117973 3530.762901 2612.466758 2695.763582 4210.339386 2597.698829 4312.965362 1705.006392 4484.217747 6.532662728e-14 12.83414487 
2582.000844 2854.500762 4964.580798 2602.566016 3443.06661 3119.62404 35.56986438 3612.416648 1.272578114e-128 3713.112367 3206.71971 2644.295082 0.4750759685 4296.004849 4346.742818 3718.832129 4.431995834 4057.673076 3394.921071 2588.005657 3064.484548 2594.443733 2570.443374 3461.061712 2619.412623 4.444196392e-09 5191.659119 5665.317262 21.24997523 3461.257184 1747.346403 3703.561954 2840.022587 46.27978155 2167.778797 2341.969259 2324.390426 4370.28382 4357.435088 4906.703995 181.3109627 3.031984364e-05 4.967931398 2999.748762 4490.886786 1806.001179 2432.707562 3096.60023 975.1891852 3704.323231 670.3292524 1869.19764 3647.265966 3.710954424e-08 3588.533133 57.11307056 2.157209918e-14 3304.749599 4987.045616 2526.975981 3632.254536 439.0558105 3282.572365 3646.200785 4289.219129 0.04916569229 2679.868813 3548.935758 68.18722381 2659.854132 4648.640791 167.5413497 1599.087839 3766.91226 4269.45036 3689.087592 2073.669611 1504.391257 4.985222833 3287.323343 2766.604441 2694.379803 2666.607794 3274.97234 3579.080972 3705.138758 2506.775489 3748.098092 3636.558069 124.9881095 3232.34969 4849.859139 3160.521208 129.3542071 2735.887276 382.617337 2669.408709 2693.300347 4131.829123 453.9526772 
0.001939114045 1114.861251 7.981232143e-06 2891.271967 5401.488255 3594.801111 1695.161749 0.3596051173 3699.807132 2747.290014 246.8958081 2800.542246 3621.7527 4287.982679 3638.237005 1426.698722 1.189471279e-06 3134.951424 3757.62963 3742.814674 0.01593051057 3.160605348e-08 6.057005478e-08 2692.976804 2178.347695 2659.141135 5203.621739 4307.963207 0.4783438447 2062.483474 2421.400368 4195.32671 4671.484964 2558.713561 8.60085637e-41 2.947920087e-05 2.075165345e-06 3467.404303 3596.930058 1993.44996 2630.102102 3596.127474 4107.272159 2574.574464 2670.818388 2576.268365 2704.18089 152.3898078 3660.078685 3572.369817 3472.6764 0.03316746969 2477.693863 91.76946133 2.217635384e-14 3675.106526 2971.903208 4457.841403 2551.135695 93.61181745 2645.385502 2610.500695 3990.35362 2667.331233 2523.811931 3489.086838 2548.789468 5.161893684e-10 3991.154353 2.642873355e-05 3780.518768 3682.321999 2506.144611 4628.567555 0.0005051124739 3634.881565 2771.043624 2584.735469 2214.572641 3534.218203 3783.384969 80.41889442 2165.696344 4.814132214e-05 3659.767481 2673.637342 4182.452407 2489.03631 3755.044275 3066.142981 4667.760382 2590.348046 7.010599695e-05 1726.991181 4008.920091 2.493217639e-07 404.7250453 910.5641038 2430.625845 3582.389792 
1.381710553e-23 2687.15478 2800.273483 2908.247858 3597.809561 1962.585815 4362.82535 2555.762639 3604.246467 2650.962609 3610.942886 2739.307465 2762.660531 2677.262106 1727.101516 2702.155636 3998.951299 2666.682038 3547.724147 2642.415812 4339.802771 3764.820726 1793.010905 21.03127136 100.5178488 0.002857010229 0.000451199693 3742.261843 4117.506006 931.9656926 3155.315229 0.2533056456 0.0006411638749 634.886575 3334.64914 1928.151172 4315.622365 2356.495554 3602.400755 4515.937616 3380.695576 2694.451593 1369.563071 3570.386308 2972.632097 5506.154575 3279.946342 2732.479268 2805.806872 4440.934569 2570.739009 3134.734397 0.4384165386 2472.524556 4878.486275 3131.815476 4081.24281 39.08941934 2399.876509 3435.857794 2647.908752 3554.056888 2770.892503 10.64048865 2395.639081 2718.075886 2639.081299 8.580945028e-05 2272.100703 4954.949178 0.01844694337 4590.946245 832.8686774 2172.634747 5.116856737e-05 2601.995059 3543.097648 1694.736409 9.552621802 2965.086687 4130.137496 2657.876913 3600.841703 4332.965203 54.15461376 2646.830583 3.323825692 2436.815641 2629.203235 4248.263633 5277.32606 3029.154813 2679.241838 1449.284982 5557.640669 546.6633017 2775.159433 3580.280645 4258.151406 465.8321866 
3507.811703 3240.02921 2.341200841e-19 2644.017583 3716.269856 3311.038196 182.5962691 47.36575597 2662.179248 2570.285581 0.7987896613 2215.687337 3224.049772 2610.207302 2581.866221 17.92632958 4578.628816 3671.649002 127.4048815 3620.339416 4306.454795 3701.335664 2772.155767 3615.518418 3686.897061 2773.850699 2755.155437 3.195017248e-07 4865.394659 2943.914456 2626.642964 4521.893983 0.001878423469 2541.725693 2716.967434 29.78716827 3681.959489 3642.626877 4.113097325e-11 4613.304516 2718.492905 2685.881815 4148.784249 3522.749989 2232.051155 4841.824143 2695.382164 2460.110695 10.90267503 3566.77717 5551.616943 2583.602412 651.3240065 0.01599355268 2647.208573 3357.652518 4523.986436 2060.749589 2579.747816 2632.21701 2790.309489 1.722282831e-08 85.42820237 3034.823472 2694.818559 3679.561656 3678.426131 1.379995919e-08 7.469384222 4311.280953 3966.249506 2524.051797 4435.541179 2699.352296 3681.812374 2597.952147 2565.161516 4390.03153 2.567211319e-07 2490.781277 3077.555326 5018.636061 4093.524078 3553.665358 5.666271504 2950.646032 307.6150271 2427.581977 3618.55693 2055.449604 5.556670129e-05 0.06922154106 3691.14233 1906.867889 3752.763095 2510.474879 4146.411497 3600.435251 3602.92461 3566.776359 
2740.88048 3525.078711 2708.327961 2640.277656 2475.689224 2596.786077 2382.567808 2643.875453 4078.708503 0.09517688892 3402.057409 4518.788822 5545.018527 2786.463107 5589.510089 9.84145046e-08 176.7140667 151.2063008 4904.869052 2623.949084 2064.243716 4502.822026 15.03493518 4142.147324 2644.899379 0.008607539147 4485.771997 3790.499845 3768.226523 5305.21294 13.1318802 4502.725908 579.0205128 1586.321415 4950.952614 2800.814117 420.1727147 3510.914374 5533.653456 4509.820078 2672.93403 4429.344953 3713.02557 3.264539818 4457.378359 0.3329471114 4019.185964 3388.653085 2631.880283 2686.500952 710.7084489 182.5904301 2703.286693 4662.174424 3501.691819 2409.321142 4792.253878 2705.078373 3968.568343 3103.845652 3320.336608 4153.470642 1275.554189 2640.262218 1017.288422 4645.423077 4363.038836 5217.031025 3793.562567 2513.501442 4401.391318 0.001704143995 20.74487571 4497.834047 3695.537212 4063.478647 2427.81956 2908.613576 2575.755799 1340.856253 4406.310165 2625.056212 4439.733176 2261.178285 6.759404831 4835.518545 3590.269193 2295.023889 5322.693471 3143.138007 2565.547506 2.917234694e-19 3618.566975 4424.098285 4157.467988 3504.764939 2582.783077 2611.164548 4.473388173e-35 5076.528294 
1.501532902 0.2672968924 4.796449372 3694.902842 3698.692596 3635.595005 2535.382178 0.2946370911 4388.87083 774.0705084 1.132301024e-47 2957.752211 4411.235779 3764.048539 2584.079744 3182.912735 2510.298769 2512.255872 4907.497522 3740.745405 2417.100176 351.6892216 1743.75447 2.191486085 4189.815861 4416.719586 4178.815619 2541.082458 2565.201521 2678.170799 3483.839228 2597.494951 65.83880516 3911.052989 3626.033312 2740.726273 3626.009814 1389.235716 3502.885548 3597.96639 2.042594709e-34 6.753119965e-30 5.088641963 4307.341482 1.892574539 4186.636429 114.0392365 6147.836655 4460.776198 3381.712249 5553.431925 4180.048056 2600.303964 3168.605157 4382.769211 0.2285318021 2466.835251 3521.105749 0.1514195911 2668.06549 2565.775706 2665.350449 2636.687391 3.781813086e-07 3754.125256 4447.172797 3.640281315e-09 3902.002842 1936.509555 4856.585225 5174.298652 2634.474922 4209.055908 3595.925292 2643.305908 2034.304611 2613.133594 2427.255547 3702.523249 3802.598691 2577.340972 3602.54569 1899.236078 234.2854604 3695.627416 3105.184782 3742.49793 2019.273003 7.234516274e-21 9.855657999e-10 221.1141034 2744.982279 2595.59662 3633.239129 538.1947774 705.5517447 0.01267928528 3478.355149 3079.48749 5387.403007 
3.510545776 4279.499724 2470.889946 2954.36059 2812.927826 2628.852641 3735.692332 0.0004136893525 59.49204762 2496.382739 2631.241555 3677.20706 5855.59013 2305.771487 2380.286868 3963.558471 3585.723448 2336.334899 5010.212619 2981.369483 3533.860622 4287.104862 2717.531272 3938.460981 2612.10501 9.430740928e-05 4267.559853 3234.075015 0.002779499204 2693.139675 24.06560083 2674.526026 720.1644248 4384.8446 3264.163555 3639.09919 4454.440217 2913.021266 3737.852317 70.46867063 3567.231803 3163.122694 3346.502121 2640.860462 2200.648821 5984.735649 0.0002009687855 4987.867859 2702.286659 2650.974398 0.000923238279 2971.442802 2329.326164 2041.35294 3718.385662 3713.167658 2277.160446 3272.923719 20.68447648 2532.98332 3628.747953 3185.235969 2.367426538 2543.351809 101.9117162 3509.519323 2465.011463 1.823562964e-07 0.001411146752 4451.842099 2856.757231 0.1481233793 3386.013906 1596.486288 2554.592522 3747.280126 3186.92583 14.69225148 185.7400559 3180.108088 3652.668195 2676.214158 2584.858444 2570.180299 4876.718995 2799.325505 2.603382326e-17 2670.905519 2452.396692 4502.851785 3081.298097 2758.127331 2.397684458e-29 0.0004684807726 3579.248613 1777.6412 2684.472042 3.464802198e-92 3670.770392 1772.861122 
3655.105758 34.56424607 0.1535877989 2557.847497 2671.132266 1.170553619e-10 4119.798616 4012.821053 4334.895761 3590.079122 2352.682227 2099.568952 3682.819543 3975.548224 3609.66953 2958.398023 2429.182817 3276.65669 4435.05509 2503.162188 0.0164323386 2391.266995 1526.250614 1.783028873 3698.439104 3057.931728 4293.970514 3490.844555 3834.675732 3369.22986 7.405560469 2292.295931 3482.490689 4947.870307 2550.470021 4392.458443 4028.445065 5149.207009 4331.944813 2561.184303 3781.870923 3140.713019 2123.403916 9.112194432e-06 2633.052315 2675.83441 2718.483716 422.9213594 3.782733341e-13 3607.563614 2616.340289 0.03659411315 4715.597617 4042.803584 2723.764912 2130.940805 2693.64972 4293.71599 2383.822767 5411.622945 2513.458588 5041.866591 4133.810025 2.245328099e-09 3175.662146 1663.36009 3425.36574 3697.21315 2636.567733 4444.255163 5799.655198 3167.255335 13.76316804 2668.414526 2330.770688 3768.227363 25.59773482 7.701788488e-08 2526.730893 3609.366213 3659.963892 6393.370397 2211.426541 4539.131298 3672.131588 2561.689486 3592.695703 3101.090698 2623.04788 1.44132486e-18 8.000411198 2632.445833 3701.506981 3843.89169 564.2735816 497.5864052 3643.129196 4359.037812 2606.195919 3554.119416 
515.9760635 3604.345896 1.853968872e-14 2577.350545 4423.566278 4712.099657 2614.247666 2756.345736 5.095952501 0.0009559044697 0.3134703901 6.653872612 2605.555638 2716.101495 5375.179397 4386.061791 3618.83388 2697.413203 2801.128583 4187.699798 4.644477616e-24 2559.697788 0.004795089719 5.122405064e-21 2.274145104e-07 2595.706336 2693.465246 3325.725247 610.4474408 2841.18792 3583.629041 2644.519718 3433.271641 2678.162971 2680.032651 2815.959468 2794.411133 2566.606271 4286.364456 0.0072971878 2745.764311 0.002681115727 3031.87854 2982.117197 2543.076604 2352.222003 2552.82334 2750.931498 2565.179659 2799.800132 2561.858308 2790.799639 4739.060061 2119.687576 4944.65999 2353.832489 2545.530159 1.170402901 2144.718973 3619.592948 4008.324339 2790.402877 1.592979999e-05 3440.032528 2846.332588 2628.507778 782.6817643 2243.726397 2503.730708 3937.146837 2645.600181 4858.163968 3936.600435 6171.311494 1.248341161e-18 2630.421341 1.074368092e-05 2565.664279 2581.191618 2587.75718 4143.494859 2875.846381 2617.315233 3339.990815 55.40604686 2673.952722 2471.305087 4444.056848 0.7933147546 3.169117873e-43 1266.521153 572.3902061 4385.071526 151.0567313 37.95146058 4927.940898 293.1496312 3978.160939 3502.96968 5.722954989e-35 
3765.986986 4786.993525 4136.876105 4162.75309 0.1983242082 0.006672936547 3611.402891 2627.669847 2252.314316 3602.04374 3184.740647 2704.236037 3576.114459 3412.231217 2782.745357 2609.664806 2331.299448 117.1784866 4000.32511 0.03814570165 4565.660022 4217.639977 3639.70998 3692.743537 2661.890052 0.4517774906 3934.683314 2616.977742 5114.987965 4371.052427 7.810923809e-07 4263.138321 2620.957889 2641.793105 3355.417939 6.280219957 2085.315041 2477.873098 3462.127801 4283.566773 3627.706163 2269.130177 2089.357601 2646.294294 2646.862237 1255.116398 3758.466162 2743.359147 2449.092343 2331.726738 0.07088456442 2333.74685 4691.281785 3752.850345 3576.92757 2822.512454 2922.53477 2606.359456 4391.764965 3022.760344 4742.087842 2621.422068 2755.584916 2602.253252 3349.506628 3672.959317 4428.113456 1119.126842 2692.053125 3006.931447 0.002908217365 2728.267728 2202.428977 2653.891057 2632.283912 2639.624723 3039.967177 2689.610561 1800.429926 2.830500183 2595.4343 2644.750913 3457.840955 1.275267574e-10 4416.04921 1990.859252 2666.599531 4136.277481 1273.457532 3762.497993 4367.851343 2401.034267 2604.091772 0.0006060680272 3244.083343 296.9170759 412.4702288 4328.260163 324.2431312 2667.63913 
3550.353596 2602.692087 2745.03685 4320.978146 2559.222405 3992.694708 1.746748741e-15 5293.577682 2394.734264 3372.476159 3702.16199 1268.899147 9.000545358e-07 3685.340231 5482.200325 662.0384121 1.102165361e-10 2943.896145 2603.466177 1096.729558 1888.829374 3776.012614 2732.763136 1.128883079 2489.475276 1440.531152 167.2386051 3559.399727 2563.484448 3011.375314 3555.468605 3657.593196 3315.845958 187.5484689 4113.401271 4192.961997 7.40613166e-46 3264.712128 5427.148519 3513.165552 1.069133289e-21 46.25831519 3398.870274 1291.247727 3512.76305 1660.79115 2595.449931 2544.15786 4862.381544 8.088433074 2634.304817 3641.35474 3683.423318 2433.369085 2603.884342 3022.119017 3515.249057 2240.94722 2690.104181 4461.861168 2552.01556 3466.584201 2974.633426 1573.596815 2716.479828 4443.547263 3480.948393 3515.5995 134.4979628 3720.957127 4223.845986 2823.632939 0.0001644568221 3462.572971 4404.242902 3462.869434 2698.840031 8.842883017e-05 0.0007262222239 2197.748809 4209.936133 0.04271812294 3883.575736 3536.214183 4790.24254 3601.49198 2745.03709 4609.445069 2.40464237 2.443126019e-20 1.394366322e-41 2861.944456 3712.056645 3698.046579 2492.508984 2615.828697 4391.479816 2684.870093 3696.866799 3726.160944 
2620.106682 5948.167057 2735.772265 2656.616777 3782.265751 84.98137392 2423.80492 3916.52431 4163.250627 3568.365135 2514.715419 1.658445839e-06 1.144676218e-14 1614.56957 1.450151531e-11 2630.098727 4171.847973 3712.975712 3461.933861 2623.715839 4.027961004e-67 2743.205665 4292.172459 1.939065635 2639.009895 2678.13537 0.007113855076 3704.089637 3782.876815 4430.441973 4484.996785 3472.493852 2692.624993 4.604831301e-11 4.014948938e-06 4277.628746 1.807902979e-21 3.895102269 2784.575322 3106.011227 528.0947051 4893.060111 3703.335122 2015.502235 2887.146888 3259.920764 4450.00872 2594.139407 1.871501429e-05 2371.434026 2734.732925 3681.649806 3216.900811 1179.433875 3903.908841 3631.909985 2839.418905 2861.529319 3461.877014 3659.084398 16.38418503 4335.452733 4138.371521 3686.396147 5.204086942 3394.833154 2601.4864 0.0002080166949 1164.240661 4525.308595 4391.808499 2660.788017 3678.177695 3418.861862 770.4633307 3840.155126 2661.505338 2027.386097 1517.878652 4788.092739 3707.768455 2419.137768 3639.71314 4119.749343 4489.850289 5086.176753 3321.200128 4515.61229 2668.335809 3266.635149 3938.699965 2960.199789 2716.911827 2955.73418 3191.846205 2175.387359 2599.225567 2671.346033 4467.8979 1.502270642 
2445.77585 2626.42495 2807.498229 3773.362058 3393.112574 2410.086928 2634.447671 4252.643279 2587.823286 3592.772214 2731.079995 2606.591212 4022.701778 4281.501165 1965.382448 0.8498305647 3490.975663 2684.838923 5465.116776 4377.754716 5037.490373 0.05072996884 0.678956024 2190.819621 2081.828569 3601.890019 4259.971178 1.863708871 36.65499708 1.868420026 2699.366656 3491.975367 6087.177295 3970.330847 3723.565977 3514.172999 3658.20796 2249.360794 2619.244864 3516.093665 5027.629697 1.180480792e-08 128.4653538 5.894017905e-13 3085.332897 3.247012847 2604.394828 2808.264301 737.245607 3318.001003 551.1526031 3432.46631 3670.64831 3469.326635 2886.317607 2559.175774 3816.73079 2764.268163 3043.677659 2694.103351 0.722464301 2420.582885 2616.072518 1.979370181e-40 2881.606519 4566.335209 3737.327987 2679.090682 2794.106973 3925.208806 259.990092 6.536032034e-08 3492.460032 9.006492277e-24 2664.529345 0.0001241642889 2.168623197e-05 1.232589756e-22 2820.456007 3620.072725 2864.975966 3553.727583 2794.015339 5426.802516 4609.046432 1261.861753 2422.514969 2784.797877 3770.236955 3229.934567 2780.021268 1621.659643 2427.85225 2763.031642 0.001285569888 3490.551264 3328.540079 4351.748798 3819.049548 2783.491072 
4272.291817 3081.413448 1.160272839e-26 3.907173543e-06 4964.891722 4355.237325 4952.718859 3921.672299 2795.121326 1.181257295 4421.477442 2588.19805 2549.986024 3947.518029 17.8852329 2974.105061 2696.067547 3055.40041 5041.826135 1.35386581e-07 2.219450445e-08 1449.141227 2657.587888 3276.42624 3631.10118 0.0002622876074 3599.822861 0.003466556255 4135.196628 2747.396616 2.331439565e-07 6132.183889 3164.07901 2693.819295 3692.944214 2641.082401 2607.981706 2604.670933 2652.4392 1916.624566 830.6440363 4907.839394 3256.923551 2670.711845 5316.046005 5.903373533e-29 8.270776843e-45 2865.247786 4116.577012 3565.923868 3647.485547 4004.931274 2607.563081 0.546597797 1546.567655 2403.279962 4430.414436 2229.73743 3681.7367 3.682430358e-18 2666.884874 2707.656967 3765.046041 3219.158848 3738.047395 2239.189941 4065.967379 2.178226431e-09 2396.377291 4941.691883 4343.989993 3.784407693 1.826422075e-10 5382.375472 0.02794803853 0.0003048250307 4473.635111 3633.091361 0.06531842183 2703.552936 3712.538056 3571.386347 4174.48785 2589.727786 365.4620495 3189.650762 3736.642764 2791.616309 267.3698973 4358.734285 3063.098822 3371.701201 2.088426683e-18 2728.477413 391.0671022 3372.577408 2076.73192 1.364161576e-05 2592.712898 2809.91832 
2414.377247 2670.266114 2090.56678 3596.275529 2.322016766e-05 2465.345489 3691.126258 2666.167212 4799.473754 3659.282766 3482.900487 2555.498537 141.2770412 3191.81738 2778.555557 1874.673328 4350.68338 3968.881515 2791.461415 2763.57802 3504.209722 2797.329852 2844.952849 5662.811257 2752.515749 1.087385519 7.561609725e-05 4119.04823 3237.044557 3723.220488 1.050191425e-12 2530.82823 3404.390516 190.4812411 3640.098896 3658.860837 2699.548771 0.5799176995 1184.478304 2826.555739 3368.400193 3614.932269 4605.78948 4286.33647 3494.823113 3.299686462e-43 3334.341202 4108.856234 3449.806848 931.0737162 5125.910048 1.11704894e-05 2.427865085e-23 2584.480676 3542.858128 3444.916316 1.365535101e-13 4315.93975 2634.574578 2568.396692 4822.092479 4444.847642 2599.197643 3588.080359 1.26306409 162.8441847 4533.597266 2601.687281 2803.722226 3549.58592 1.801420509 2115.049506 0.6474248476 2645.081485 3705.424671 4154.412274 2493.779243 2572.001616 4291.806733 2759.526367 3498.375385 3598.708107 2644.495864 2601.547287 2847.768163 187.0056222 3368.670643 2937.305039 2502.337683 2674.31675 2598.598131 71.79918142 2545.739471 3316.434449 2717.925499 4490.970462 3184.970757 4421.235789 4075.924763 373.871952 
4261.917067 3645.442709 2820.472029 2447.080831 114.9998711 4154.797144 3449.841087 0.02570835097 1826.284808 937.6666478 3643.881815 2615.42083 3464.075502 4326.940904 60.52091419 0.0004621588348 2583.149818 3488.107287 2993.30292 4378.915083 2632.877803 2688.468503 1440.094923 4337.91264 0.01606737513 3334.65096 804.6267279 0.1215453589 2617.37883 1.771162166e-11 2955.463496 3249.355917 4.447756979 2328.993062 2602.604836 5.866722607e-12 712.8004658 2591.051516 2933.369529 1572.635659 1.957691144e-05 0.01899597868 4017.424567 4214.719308 3.226047458 3444.405144 0.003500643704 2228.224633 3766.864783 2672.072204 2787.422303 4180.902242 0.4016411866 3449.045494 2165.112523 2582.514016 1930.134389 3234.440773 3232.949006 4408.830622 3066.916146 1191.007793 2136.996697 2579.966951 3250.864829 71.25593102 3018.962405 162.8087932 5100.646608 726.4011387 154.0027057 4048.80367 2388.845558 7.669145866e-06 3418.87216 222.8401458 4412.294962 1.706168134 2593.083862 3028.771704 3095.57644 72.81737321 4025.430741 2568.452268 1321.98129 2793.289477 2814.747069 2640.59243 2732.009171 1.058367526 0.5989719971 3405.636434 1795.630367 3384.359165 4845.798087 2.868221681e-07 2.115500667e-12 4275.192622 4361.098284 1.478046743e-40 
4227.244141 3305.758272 2789.447352 481.7961724 1.98131526e-08 3900.171546 2519.302327 3218.685691 2575.425589 2587.241312 3788.970288 106.3040004 3.127395735e-109 2642.4501 2541.625862 3.481142516e-11 1.16963596e-06 2150.161128 3823.229892 2604.338605 3842.810099 362.9262281 4163.772722 3456.4031 2677.871607 2447.784001 3714.809362 1464.567141 3071.944112 772.3790036 2716.827168 2799.187777 3214.312961 4291.2977 2666.835747 2979.368579 3969.236421 2930.136224 125.5897248 2892.656302 2723.469442 135.3274023 2817.888513 4422.123086 179.7077623 3770.625309 180.5385126 2531.012673 3989.969513 2460.010478 4053.443821 3468.821499 4013.465341 179.4381448 2735.650746 2651.262106 0.1872776148 3406.331892 4363.093655 4201.283466 1590.273831 2.835560455e-06 3541.942479 5080.927802 3252.834438 1.406705052 2609.556038 3391.744902 4588.475033 0.002431752013 3675.333413 2641.823126 4219.559676 2792.658407 2889.541572 2299.707315 0.0005120430442 2644.656183 2540.759389 2158.51654 8.237778783e-05 2053.712762 213.4021494 2623.190961 2743.799119 1221.677685 3674.564278 3584.405912 3317.129539 2290.83993 61.50630763 4487.223875 3462.075367 3711.036235 3244.096096 3196.989985 588.7208331 388.6848833 2831.912801 3273.438302 
2203.06195 2549.392045 4095.245066 3911.340831 3782.094435 3780.13403 3950.617549 3021.698037 2632.512758 1.348804853e-05 3771.62374 3888.876948 2515.096298 2598.562251 534.5321645 2.047488399e-13 5650.586278 2852.877721 2201.133281 0.4349244841 3714.591712 3150.862726 0.066721802 4221.404101 2757.205598 3.283696209e-71 3547.932765 3343.227248 3202.575453 4914.145692 2707.442394 2691.918263 2784.768284 4386.519028 5000.314284 2862.699881 4976.293779 2221.125342 3423.864609 29.09143324 4362.680344 3740.461506 2758.6314 3561.910396 1773.832563 2773.659972 0.4116808454 2881.173562 2302.143501 4484.577627 3665.778603 0.06228842535 2718.26957 8.586604746e-17 2652.63573 3376.747669 0.4950941851 2557.584747 4111.22115 3554.944396 2622.297229 3621.225724 15.81153324 4227.763414 3797.308343 2191.87764 4416.190198 2717.43211 3135.438962 2588.46355 2598.064221 2650.644571 2370.254039 4270.986509 3663.823096 2628.537555 2815.346384 4064.737046 3680.27605 1725.014038 5050.144024 2600.010866 4479.377918 2231.354696 2789.929056 2946.430781 3607.661842 2.309458524e-21 1502.211395 3656.767843 3462.111843 3624.510379 3442.633399 18.7308866 4292.305906 2673.71943 2671.287492 2720.396918 7.105587597 3516.450509 
6.317951158e-08 2733.130677 2998.914064 3197.532924 0.121292347 596.5976784 2441.386016 2553.25171 3667.061525 2677.564615 2331.077296 1059.957714 3.383875575 3100.583878 2360.148443 730.7051424 2575.924227 1.626242788e-07 3606.359628 3629.638497 4044.304929 3948.950441 4051.770362 2579.282347 3086.990294 2534.333671 3575.189602 263.0711952 3683.070118 3689.30002 3438.742609 3324.598015 3665.62381 2338.49027 2.248612211e-10 3585.374669 2613.910009 3802.504185 2547.35063 2652.31337 2708.089085 3800.986664 8.296093133e-14 3488.390139 607.6142088 3353.644594 3553.318077 4342.391306 3451.25534 263.6627901 4919.187095 4042.992341 2259.623562 2504.739744 4412.739016 3659.512091 2796.443419 4126.426227 1.131568773 1309.625548 3552.264784 9.615722848e-10 4602.594651 3410.190545 3410.146985 2173.796317 2242.039231 1110.773726 2642.322505 3172.348042 2635.97176 3635.445091 2160.339551 1943.028018 4741.688835 2930.267428 2398.744511 2591.620886 2673.816198 2559.224894 2714.226659 2606.788548 4215.150378 1278.308403 3.224291654e-59 4223.112948 0.04310875787 4285.504415 3690.366929 4093.697443 504.2509391 1490.747925 990.3728727 3017.422512 2696.818617 2612.067747 2594.811082 2354.259472 2649.0172 3314.720287 
4731.722079 175.3736128 3381.183728 2659.79029 5062.513894 0.6097952173 2897.125692 19.09464497 2569.307886 657.9154543 1480.399441 3011.452002 3.534945147 2.010949448e-06 2646.735908 2974.743356 2901.798255 3587.043308 2441.393852 2598.445935 8.812128686e-69 3641.628661 2834.537568 3765.158602 2708.362459 3811.796689 3240.093828 3376.05927 4413.54139 2609.509793 4366.371491 4056.808154 3.335618608e-29 2622.592728 3680.063174 2601.545744 2460.433858 3554.603068 2746.048036 2585.018638 2462.456572 3436.039323 5575.120073 3378.007627 3424.5843 2673.817831 1957.45009 2692.892075 2.018936054e-23 3613.895214 2343.048429 2623.435267 1092.011097 4258.163817 4352.490327 6.07494799e-14 213.0016026 3056.544742 4371.876497 4757.135689 3537.413626 1692.506261 3675.977306 3688.868927 22.44579994 2666.887413 36.26206315 2548.066172 3355.785961 4434.617925 2583.394272 7.456182505e-13 4207.018344 2310.757247 3788.12183 0.0005563099533 5763.261436 1.55336713e-05 5867.702885 4849.885079 4161.954375 0.01457551748 4704.6003 3679.924947 2620.96653 3435.326618 2652.913796 3237.672083 2097.522593 4123.854012 3086.55196 2749.650799 5010.791758 4273.276946 870.1935503 2637.234744 5.660333614e-18 2428.749313 2158.701528 3133.008015 
3775.188141 2480.298679 4160.939586 2706.889458 235.866415 0.01971366384 3724.228188 4207.528646 899.7345664 2023.159511 4.992614809e-11 405.2481149 3721.335184 3130.801473 1355.284522 2486.884933 3602.623235 2847.244343 3838.784863 3518.636269 1289.693872 2.678189111e-08 3629.039149 10.07485957 2.807426443e-19 0.04455011667 3665.918781 3506.431902 2633.672933 2536.462721 2630.347427 2639.741243 3520.832662 13.52769127 1445.520354 2637.739714 2359.281742 3377.561389 3206.037817 4264.50847 2774.317942 372.538293 2574.715163 3161.424501 6.241155709e-09 2620.398521 2552.228132 2243.675612 3678.266354 2725.608267 2696.850992 8.393607422 3486.058833 2608.761401 2616.172971 1.528427285e-08 3602.527463 4156.660743 2747.063783 3625.490032 3557.510174 375.6245 1755.47598 303.2144596 2129.850524 4335.55638 4144.264875 3851.905998 42.08710302 0.8298697465 2470.214096 2743.089957 4073.155 2631.91102 2666.050688 3234.756326 2654.81546 3726.896813 2647.088027 2403.517848 1734.802955 3561.62448 2511.931736 2499.495053 3789.378523 4308.961155 4107.208852 5499.357972 346.0211176 3567.176891 3558.319147 408.659053 2662.28954 3955.506323 4109.006393 4253.504851 2534.56435 2538.63194 3495.239939 5.607318843e-06 
2598.733859 2708.793661 4444.339739 2526.538003 2641.241175 1764.05914 2650.196557 3126.538986 0.1522863964 2151.670249 3579.892919 2641.4499 2738.493198 3456.260447 3461.627689 38.59580224 4454.66826 0 3091.930169 144.6128112 3487.674307 3024.398004 4064.719826 0.07799439799 2650.87863 2649.908706 3435.683497 2812.042762 0.0003157401639 4122.636222 382.3869806 2535.210588 1096.04687 0.001865925478 4396.271901 4381.002578 99.10372661 4362.127659 3.051847283e-05 4263.426185 2741.041571 3831.278067 2594.593753 3637.908254 2690.432091 2508.866461 3422.421873 2642.051665 2775.163616 1079.891819 2640.397078 3905.606136 2739.949626 2410.408785 3606.690545 4.709849892e-29 2610.211657 3732.008181 4187.456388 2741.867989 4221.288325 2792.142482 3655.07353 3476.311069 2726.540343 2616.975511 0.0001907225887 623.7812184 3477.179929 5.300908006e-05 2639.402586 2448.181828 1.59392643 3670.087894 4401.439501 4146.848159 2474.647751 2800.997859 1.257860533e-10 2365.376495 28.80715856 3395.834999 205.9616988 3064.747346 2035.722285 3109.151374 3702.672497 2640.923317 3669.167741 4175.519069 4203.353641 324.0889286 1365.919228 1674.763595 3283.738226 1243.545168 4192.962437 3117.910916 2478.971587 1.851390293e-06 
3729.255017 2782.894839 2656.529584 2746.843933 3445.162587 0.1712581447 3281.434178 66.70244274 3265.158314 2605.880063 3.411385157e-29 3237.821305 2676.382573 3365.931802 3671.130647 5032.252882 1.068830585 3542.810184 2735.785163 2446.65113 3290.074811 3630.456052 2492.31877 3016.617048 3245.37234 1.83558693 2732.991036 2706.628647 3545.713307 2653.165323 976.5594171 3561.861109 3295.890047 4.553252222 3732.586152 4055.261911 3707.950498 2203.38306 27.85893099 3538.117534 3950.63436 2050.294086 1.45865839e-06 2663.674537 2643.175556 3491.436973 5.484805195 1.094444303 13.34110123 2668.188736 3.407376896e-08 2604.435774 3254.646356 3113.894887 4660.441562 3964.281162 2634.171201 2544.059284 4854.955221 3562.285517 2.63812984e-27 2673.567857 609.7844977 3392.842974 377.1037982 218.2044134 2758.434607 3587.558259 483.6289053 1496.339714 2672.174772 4613.368039 3617.764339 4.875815087e-07 3571.707344 7.795003072e-06 2991.14203 7.787660304e-44 0.004915628033 3592.44723 2521.116788 3454.439679 2639.990678 3789.03115 2.992685664e-06 5.260374509e-05 3766.933937 838.71024 3526.29688 5312.374042 2507.921165 3485.669371 1.978126832e-35 107.7280865 3154.861642 9.518228965e-05 3611.469575 3645.659251 1216.741769 3614.929266 
4339.531594 22.26204967 923.1187759 0.4804769941 313.9251872 2.180475706e-06 4337.738965 0.5619483812 1926.930177 24.02524259 2569.837628 2440.551029 0.09388148629 4277.279355 0.01086262267 4626.111634 6.463532648e-12 2188.583746 2507.047333 2277.111323 3660.959742 2405.81173 3688.063664 1.276333109 3098.677592 3643.899925 234.4767607 4514.93322 2305.536124 2679.664827 400.1559035 0.0174973303 3442.189469 3591.366467 2295.474993 0.8306511814 3155.357179 3647.599915 3454.200808 440.8217986 2645.7292 2619.50402 4092.199626 1423.509534 2681.566252 151.382648 2792.852981 2667.341268 2615.058967 3442.89411 5479.054842 2742.911027 712.3841681 4972.965617 2931.515205 3645.582166 3619.485223 65.87468539 368.0362935 3987.50167 29.99455936 2305.965974 3724.202968 2645.889587 3636.919994 3556.570167 3608.672349 4308.759457 2679.66217 28.55461717 4965.540144 2366.658571 4082.687142 2707.87653 2480.025699 2.927028636e-14 2.914571789e-07 9.432494413e-05 2035.815817 3526.672034 3011.761589 3727.9857 3968.718373 0.003515703355 3574.394366 3657.696653 4315.216634 4330.620831 155.8568278 1420.278522 4444.976446 151.0167132 2696.284652 22.37606449 4979.663936 2665.951069 334.7762328 2636.134733 3967.412039 2.583607507e-08 
3259.307795 2675.710141 2544.109342 3559.263258 4799.359103 2500.393801 580.198765 1935.753079 3759.879332 4105.767199 3381.560401 3322.041421 2477.085849 3642.271869 0.04470469241 2267.439761 2738.252358 3217.815657 4610.240204 0.9959626888 2556.777723 0.3231807543 3153.564341 3522.23168 3505.00115 2158.714411 15.49580788 2754.638029 3454.248584 0.0002349553978 2452.307233 3489.107575 0.001018021425 4066.02505 2722.549536 3485.375644 3593.896157 2030.174648 3519.951678 2280.166643 3052.920265 2244.192103 4.660770992e-08 2427.517506 2775.875309 398.1274165 4302.29558 423.4106318 2209.757313 3556.910263 3206.001341 3728.703473 82.33587753 2521.663164 4673.235172 3094.184165 791.1435005 3581.03927 3746.406698 2766.981822 189.387483 3500.420643 3522.825108 2553.44216 2677.176147 5.219772458e-44 3634.455794 4265.535165 3071.065642 3679.379119 2789.778997 3337.597089 2656.312579 2610.154491 3633.309227 608.3421046 4454.478757 5254.239608 3541.886557 192.1189358 564.6833912 16.05087125 3925.612186 2235.697562 2735.182845 2565.568015 2257.407637 3030.034335 3694.439816 2544.460384 4128.484587 0.0008738581789 1.231881818 2708.712434 3739.881323 3458.219852 4269.724135 179.4641665 5713.210926 2890.054879 
2890.041541 645.7284574 2.558759804e-19 3718.849244 0.1011204925 3520.194782 3630.731165 0.6815867495 0.1861932929 4.302364393e-19 1.064168578e-08 4890.925732 3532.10797 4406.513845 6.991364292e-09 4362.185664 4328.413869 3500.397089 0.03402405889 4786.608712 3215.79242 2576.735027 2257.565598 424.0627134 2647.8737 4122.349596 2651.530866 2639.76509 23.44621626 0.01161755782 2698.417228 4202.947158 3694.532024 3642.150249 3663.060288 5186.02355 2951.62711 3592.753888 2669.848166 2570.745354 3710.886444 2596.446443 3586.427235 2652.525159 4385.431435 0.0009210841168 3611.451285 156.0621899 2873.449276 2792.249038 0.001141986135 4431.529777 3636.008991 76.03326019 4014.35458 1236.782093 3731.695264 1842.516594 3560.14251 3727.992229 0.7206052383 4804.18187 5043.694913 86.50249971 3352.569446 2592.159406 2933.691548 4906.838795 4201.589135 2657.876335 2654.769585 3519.555088 995.8303921 2628.435717 3080.500681 3337.499878 0.04134997919 2577.708924 3102.420526 2621.944289 2347.285572 4219.990083 2118.564488 2720.655302 3565.153579 708.5936619 4972.701163 3343.120923 2630.639762 3101.046088 2021.437176 3700.419932 2515.260967 190.7683328 4816.214632 2229.183356 1.480983082e-06 436.533681 3550.950659 3664.285468 
4910.535114 3.273738784e-11 3497.920038 17.2697688 3502.652952 1767.525145 3569.700753 5263.853916 3554.15732 1676.605368 3609.413693 2638.297302 1856.477103 4363.996307 3579.046621 2650.076683 4471.667237 4350.102379 4771.172865 2734.528222 1091.157086 2708.699935 3432.238032 58.96622559 3.75339735e-21 3339.197026 3668.937317 2.488919471e-05 2283.249683 1748.718055 1948.794923 2730.541421 1.641089223e-07 4950.018706 4488.988366 3996.476587 2687.603428 0.006517535146 1968.131067 3.334686569e-11 1.207894488e-17 0.01977103291 2579.507402 4424.383016 3665.705004 2518.07462 2.405890246 1784.442501 4266.279726 8.546607205 2550.475716 0.0004862805578 2650.82751 3959.79388 78.37893499 4335.111129 3668.056946 3500.097075 3755.636026 3794.904042 2978.664482 3447.244655 2782.00778 4745.955792 2790.082466 2430.847283 3658.893483 2645.286782 3400.72608 3780.419226 4793.910008 2734.440526 3320.388716 3677.585042 2593.952844 2146.424721 3438.557576 3190.209523 2230.547435 3531.330194 2534.90072 3147.240528 0.00644843741 341.8728257 3679.758599 1909.031156 3672.426646 406.4043746 3453.660506 9.166269937e-25 27.42223677 2536.563502 2.3282558e-35 1861.201045 3411.964277 3624.465791 3557.163606 2340.769983 0.05690445487 2557.709877 
2687.680899 10.81786547 2780.739411 2598.802689 3202.24283 0.2919058893 4.868251216e-07 3237.659625 2939.168731 2739.513183 4123.867082 1.155089191e-24 3965.943259 4790.459686 11.80177456 3255.032382 2405.104286 2632.25189 782.2443938 658.0130785 2172.542134 2620.035216 4714.538693 1707.471694 2631.806191 2785.727295 2628.884971 2438.307064 2435.233672 0.004372810442 2626.695912 0.04736867653 13.75648314 3.384419538 2450.210532 4717.011915 2725.231409 2593.693359 2709.685859 3484.757784 0.03332243535 3122.483346 2356.952969 2830.67857 3624.803516 2707.049375 0.8418816472 7.891092951 3125.903318 3828.002314 2673.147628 2615.991503 2782.5771 3543.76452 3.435515705e-37 540.6196309 4433.152918 3603.789269 4134.835965 2789.109047 3192.967037 3571.869849 2421.544639 3233.756173 4439.583806 2612.148115 5.440392427e-27 3.195823908e-06 3056.281685 4.498925865e-20 4227.450258 3628.45199 3792.357569 2587.912844 2727.193281 2550.558861 2588.962966 2752.081328 64.72683883 5500.83092 2481.201894 2542.551368 3109.424648 2658.671366 3706.367332 1107.38374 5283.135843 2622.506744 3731.517987 216.3347908 2077.208767 4103.192312 2594.427268 3760.808731 3348.603951 2498.102766 2655.553773 3.445549948e-07 163.8327476 0.3153283361 
3300.713094 4375.12775 3655.955746 2.108159354e-05 5550.006782 2586.778434 3.68514151e-23 2456.912514 3496.837001 2671.188446 4413.770431 3375.233951 5056.585787 3649.36139 3408.893725 3.372129469e-09 2650.951362 3452.104817 3714.281854 2710.754226 2165.074255 3658.255089 4217.906045 2724.873773 3967.295784 2971.81181 58.76074028 17.33573894 4366.708963 3772.439933 1.65407585e-11 3515.017796 2133.85269 3009.615352 3764.406276 3777.360965 3639.925308 2844.075293 3515.957655 1.720137397e-14 2635.938076 4.083200022 5.609209198e-08 2328.76388 1299.0931 3686.306062 2647.019481 0.008433623622 2700.317459 3503.848035 3226.674434 3503.323727 143.6260546 3555.285918 2772.450519 4512.814156 0.0004630915675 2582.986377 3417.705934 2561.014499 3520.558867 2563.894243 4968.432878 3136.695871 2.474996736 2086.458092 4033.747119 1.02651679e-21 3746.860334 3321.761223 3381.46624 2658.700997 672.1114196 1.077920321e-29 2571.453954 4541.037034 4200.778774 3250.942659 2.642858094e-15 2398.301836 3110.981942 4362.655081 2803.950878 3255.750942 3515.058108 2691.396959 2693.245913 4992.390999 3638.426166 114.2638114 0.6590233594 3559.771426 6.621485231e-09 3690.29943 2556.177077 1.253514612e-06 3711.442183 422.0894602 2838.830279 3081.06877 
338.2870143 4953.973478 3705.523475 3708.722279 3482.731649 5002.610399 2598.218496 5364.350031 0.9428731136 4898.629743 2650.754718 2532.707838 3937.900438 4312.158851 2623.820502 2669.604308 1.11945874e-06 3897.636489 1643.433026 1105.576303 3451.266272 0.1066714473 484.3972415 4114.413995 2.192550822 2592.535975 2683.186723 4462.921067 36.73189823 3703.012254 2480.057941 2694.919843 1.143224225e-07 1322.841076 3493.326754 5094.420773 3388.781402 5.586622294e-09 3739.737226 3887.833014 2369.347058 2484.386732 2420.60143 4095.421032 2.382175679e-49 2420.89372 2654.140553 4802.23995 2708.976693 3032.673899 3784.748734 4668.637817 3962.429181 2700.226793 3652.881253 3631.988895 2575.458959 3.144403738e-09 3764.095883 2809.991804 0.0003708315402 3424.18162 1961.673256 2700.604139 2277.002291 5.468055683e-08 3897.651244 3.463202413e-21 2309.741395 4140.354698 3190.13395 3584.440195 1635.381109 120.8985409 2715.924872 2390.787343 5068.262856 2604.400263 2584.02389 4.637234641e-21 5.454008363 2572.886888 1148.431133 3760.654955 3340.355802 2521.263765 4385.108077 2704.611158 3800.673731 4088.504132 3257.900015 2527.184647 3649.797383 4.240487838e-06 1654.220239 2567.063572 3606.571905 2309.261287 2339.321385 419.9422351 
2675.620053 2704.807373 2768.092653 2051.168718 2579.118225 3517.313954 2137.836221 2518.132879 3661.570172 6.681286915e-07 4967.067908 3760.504395 2299.418264 2173.605451 4297.628236 4405.197225 4123.425067 0.06201580048 2440.967858 4454.580557 1.915937855e-14 3435.1107 2372.937986 5363.175519 2898.548776 0.01980938962 4262.495943 2274.45994 1524.666451 3241.05099 2601.569713 2684.130568 2645.09972 12.9495574 4250.095046 4.490880674e-10 5521.029482 2498.638693 4.925357995e-18 2800.502469 2563.815288 3541.04507 5048.276736 4575.614164 3118.956073 1004.788858 4564.043067 10.70515232 2538.919694 4559.586221 3104.566425 0.0004025749153 3729.713987 2656.21539 2194.177472 3821.575498 87.26564446 3471.150272 3789.123721 3682.759927 4604.218184 2286.005164 2355.81492 0.003490545996 2671.886583 3594.334955 0.0005578596209 3040.396844 3.18542434e-05 2330.132683 2681.350322 2512.975205 91.6856546 3918.449374 2512.707253 3609.234042 2630.733575 3396.234699 3764.081496 2624.092801 5.630769316e-07 181.0396188 2659.194476 363.1594696 2217.362669 3786.893532 2676.415281 3586.876402 3689.239707 3642.910113 4878.207503 3041.506594 119.9832289 3699.701149 2069.353898 339.1138747 717.2013346 2619.08652 2606.930248 2362.515793 
1765.07452 1.911892707 1396.057604 4.037774151e-05 4.892032941 0.1842408822 1892.954452 3598.722732 5170.563781 2305.007154 2550.422435 2515.481152 5445.00031 4426.645017 1.636898133 2799.415284 3659.510131 0.4274631728 2417.189134 2590.352527 2335.90471 3468.591591 2620.080405 2767.368496 1.03572212e-15 4287.275182 3666.479752 3731.013346 2338.427661 6.643064297e-08 4725.395886 2720.401832 3719.220887 2685.25667 4195.63242 3474.899343 3517.798121 3064.008209 2686.990841 3733.019783 2626.420251 2778.14071 2896.235666 1915.201491 2595.306599 2595.032743 2458.982896 2285.858226 2082.583468 491.4088052 2616.329669 2181.069769 2778.611705 2732.681994 3387.123945 3592.225997 5096.093966 2702.130804 3421.217242 1394.760103 4444.247234 741.5884169 3677.521273 3518.597707 21.45424831 94.46069787 3926.483414 5498.570359 5156.471802 2296.874248 3244.753878 5653.982295 3636.640021 2478.381268 2673.848249 4240.801448 2594.712241 2757.852588 4431.416277 81.86059863 3693.547258 4197.148146 2731.406942 3546.064464 2.466088627e-09 0.005411347379 3691.931372 1819.818469 2678.090861 3678.517209 2.397764947e-10 3613.818406 505.086446 2866.945103 4.776874971e-18 3780.913574 1660.465558 4119.074539 3545.605009 500.4476719 
2690.124951 8.985765895e-18 4415.112868 4722.244953 0.6162756281 2733.982101 2656.323432 2747.794149 2667.078942 2691.969052 3644.444036 3321.500625 6.084731418 427.1599647 3721.299721 2630.242953 4231.71027 4433.465512 4217.864016 2391.817838 2473.41496 707.693839 3799.532084 4254.06208 4084.951137 2353.766614 2634.07384 996.1237682 2546.59396 3350.75003 4383.567279 2562.802599 3692.002144 7.54802994 4242.810551 5.100506768e-08 2636.954069 1748.449653 6.16699968e-05 0.0004730023868 4024.80873 0.002205861285 4958.348597 2608.533059 2629.249536 3.637848238e-10 5123.916029 4280.995914 3485.02825 3586.776106 2676.856084 2632.381177 3626.737231 1932.246893 2805.184197 2569.868094 4923.23969 2563.46149 2895.440667 4671.533722 3665.944442 1.644542435e-09 0.01793598411 3337.717513 2136.728452 1781.487779 3156.911102 1.38546438e-163 4339.624353 114.583854 2615.936054 91.80484539 4.351222042e-06 3766.645033 3164.969244 4442.548844 2549.815045 3456.997918 4.83049045e-05 1684.158067 2518.059126 2353.002898 3649.019303 2231.494821 4211.966993 3903.789207 3995.480888 6.622892556e-08 0.02346128657 3139.002382 0.0003921353066 2331.144767 2292.947243 3905.283775 4440.793365 2627.475942 3933.305202 2379.628053 345.8721179 3563.061413 
3946.97851 3236.411643 0.1775732383 2989.681793 4037.042828 4572.426018 2596.150597 1.889687788e-22 3485.764894 0.2391560111 5205.243554 3.204770224 2551.756524 2549.687232 3987.060424 3803.573002 4878.75863 26.3476686 3128.644609 4389.950201 3.549045391e-05 2708.583615 862.2740524 5375.736656 3579.376919 3927.485156 3470.97797 3563.959341 2665.118702 3830.298125 0.03262331765 2427.45305 2.688104898 2436.162047 2019.776754 3780.15495 2665.447376 4298.000804 333.5527075 2649.599888 5579.256398 88.35961094 2964.276772 3367.504742 3166.642337 2574.134294 2150.212678 1947.78153 3374.356593 2994.672759 4176.23819 6.635019711e-32 5013.125056 2579.501024 6313.229181 2456.495111 3.913057339e-31 7.992005068e-31 5199.11108 2386.188338 2601.349276 4227.554924 1.608577151e-08 2818.842609 3932.656914 4378.827952 4070.005619 4895.274712 6.395925818 4120.190337 2667.916723 3515.769885 5009.250145 4152.312241 1970.0521 2358.055643 4046.987228 1310.289785 3750.42148 55.356201 2568.604449 3190.569644 4626.330897 4106.512884 4434.021709 2085.424198 3240.343666 3675.602014 2564.511723 469.9512756 3296.059563 2581.938318 2613.537289 4234.860754 2549.064016 3501.861601 2561.139978 3547.577562 4122.482975 442.582005 
2269.081915 2729.905878 3.636326833e-06 2206.684087 3396.426259 2670.592075 3974.320547 1.62418389e-07 1.236508351e-14 3182.966617 4075.587127 3348.479426 3102.396728 3619.081163 4312.23197 2587.178944 4337.510749 3128.773759 2594.842807 2266.965631 4346.226151 2734.0394 104.137185 4650.970395 4107.625639 2154.163703 156.8314496 2540.404829 129.2164419 3289.851611 2681.010799 3527.263974 4422.711108 9.145586376 2474.412399 1143.286258 3170.546945 2634.889479 8.716051938 2897.899487 3497.328289 2656.064041 2618.109789 3737.282009 0.0002371835626 2257.277355 2637.867951 4377.567089 4386.572704 4716.353436 4259.923899 3651.518473 2578.937077 2538.379431 3139.823694 3643.862696 2924.854512 3192.57969 3176.585043 2902.805969 56.88432855 29.13052615 2628.921464 3633.619026 4288.143564 2672.558195 3552.879985 6593.841058 2567.001808 3531.181379 2602.907677 3599.91546 131.272345 0.05323931988 2549.905234 4.314751735 499.4060568 1792.826687 2547.026306 2993.413209 163.5935836 3224.557407 3515.497616 1798.383876 4489.272041 3344.916395 2634.68075 2875.547955 3548.612465 2.938678076e-86 3776.539992 3316.253905 3465.653341 3133.853521 5570.296351 2540.9115 442.3873763 3740.019985 3442.241175 438.4836701 
4027.490146 2726.112984 2603.239552 3553.158395 3655.164665 3088.670789 3582.31152 3913.317282 2960.466105 2794.424371 3.318307212e-17 111.3693475 21.11399205 3585.047842 3286.947711 3671.176302 3119.977038 1686.894458 2610.669096 4209.523913 3724.499369 2869.683047 1.361404235e-07 3714.098823 4402.391783 2762.265762 2608.121418 2763.189625 4210.957395 3442.368647 4613.90735 3604.684335 961.7339349 3030.386196 2532.614629 2702.587674 144.2706245 2941.800778 0.002056582473 4529.750186 2658.383609 5.64455697e-11 2184.601101 4361.105288 2690.2536 5684.945358 2680.936525 4255.461969 4398.840086 4441.368676 2587.666129 6700.309354 81.45162924 2382.271764 1817.177152 2633.846582 4825.260666 3637.287349 6.470307871e-15 0.2375216264 2592.749857 1.109736242e-178 8.461183136e-07 2387.570283 2801.411218 3677.08679 2895.915286 3646.088458 4817.194789 234.510501 133.6016334 160.065078 4511.911578 2663.420125 3952.826745 3883.231594 3721.803078 2648.299895 2886.546302 3724.155013 2728.163915 2579.768662 3268.698801 4141.740531 2605.207816 2789.99751 3359.833794 2481.754688 2718.470064 2636.89374 4420.543473 1.04443154e-37 2591.735543 4277.664516 1683.927883 2534.364283 2003.690574 4467.742382 10.7185752 2745.314776 
3791.572558 1.043630683e-13 3390.323251 4509.928645 2619.698758 2678.12631 3533.575157 3133.33365 4136.625207 3852.941781 1379.441401 3569.869687 2502.203138 2537.098519 3320.656521 4876.115725 5535.263929 3675.234187 2598.944747 3324.317483 3250.965084 2002.036475 1.164220715e-26 3125.176878 4719.694599 5057.397503 3678.202701 2584.111059 3456.703818 2867.539957 3603.496885 4407.451073 2672.726547 3586.146705 2631.305742 2767.98787 4216.882793 3571.643824 18.36776242 4023.844276 3967.091944 42.70451005 2909.201701 2651.060942 2541.962347 6.273438922e-57 1.80449116e-22 4901.937407 3612.351903 1887.709429 2.928958394e-42 2583.622821 3956.984359 2410.005846 2613.269642 2693.558939 2.320856634e-33 2680.336334 1356.220277 4530.801467 1777.420082 3165.012003 3418.902153 4218.838169 2927.140482 1132.528686 4532.854138 2682.971086 2573.160522 158.2820558 76.9198829 3552.008009 4078.445483 4841.50066 2638.633348 1634.972633 2398.80021 3586.007462 3529.936776 3774.637608 3688.655329 2653.165522 1606.654609 5.135050061 3627.251634 1.878536995e-32 2610.741187 289.8709745 279.0892256 2671.876237 1385.520541 2627.070386 4584.226428 2606.729413 2563.174675 2725.169463 2669.820775 3637.798582 578.7815203 2689.885661 
3646.87638 2717.119198 8.971401253e-24 4889.296844 2793.389171 3752.642877 322.2863669 3527.81349 2706.251744 3783.306507 3731.715443 0.06576119827 0.4769595584 2485.090592 4482.291494 110.4826221 3883.512552 3647.601933 3697.813883 2439.803544 4633.705957 1670.292562 4352.303733 3959.436949 97.01717121 3172.027368 3070.558911 2691.757026 2611.285332 4744.881993 3700.2228 4177.210586 2503.282068 4810.87516 3180.153704 3634.432387 2477.896425 3767.958848 2787.170811 3963.744596 27.57511007 2947.47441 3008.099231 1963.429176 4062.467232 4442.817654 2655.542035 3136.850501 3254.76236 3752.092176 2297.757933 14.22722368 2725.851417 3195.267889 2528.313722 2748.606962 2637.804941 3.653605856e-05 3759.534174 3679.799296 0.005779846413 4637.39622 4459.556218 4.476278043e-07 1717.273179 23.28483847 3702.160328 1.338863483e-05 4189.777117 2482.006275 3327.842006 3680.789182 4057.32403 3092.90185 2645.062567 98.13908331 3565.625963 1.184235493e-16 3760.225841 2695.745127 3744.964061 2958.13802 2604.923964 4284.212049 1538.97013 4200.856582 2453.455097 3055.110199 2670.982591 4174.23676 82.02691996 3649.423502 6.632260699e-07 2661.770116 0.002192530254 4626.169827 395.5988352 3644.648063 3402.837927 3446.208015 
35.00679774 2686.612669 2465.357325 3562.31896 5245.630389 2428.011629 2340.597959 4175.898545 1.200846148 2900.507464 3573.982993 0.6446003134 2394.447494 2098.865801 3458.250016 4419.557616 3526.458541 4975.373235 3554.463905 3552.84929 4808.726891 4668.623724 3271.154605 2442.643413 2795.358061 3439.457237 3379.500165 1808.858354 3616.859436 6.080490922 4337.411741 156.6367181 2532.780056 0.0002279433031 0.07503226872 3545.711534 3401.914169 4648.861557 3112.333851 3290.906981 62.74701554 3600.364395 2612.487248 2227.309734 1929.015753 2175.931486 2685.919456 2517.969934 4325.910304 4758.470501 1993.942537 2965.823049 3600.144133 3297.440788 2215.47643 4253.271126 21.52770202 3514.11923 4727.728392 2.240930823e-07 3899.180892 2544.440212 270.3265413 2745.880807 77.56001083 90.41120278 3880.934682 1.222312203e-05 2792.435146 3356.728216 3820.296499 549.4504236 3824.86469 3179.792038 3455.183579 2502.710921 7.669152e-10 2647.04648 3671.576693 2636.700144 3624.027093 3.21415696e-05 3610.057904 2517.990369 3323.398887 2136.361633 2704.531695 3996.437782 2774.636282 4045.808442 2940.34343 3962.850785 1515.719966 2622.803093 6.110613967e-16 2772.236755 167.5110017 382.0371698 2485.104237 5.70979655e-07 
1.866887005e-06 2611.927897 2611.668876 3985.288447 2741.53378 2644.524042 3785.974083 2332.833222 2622.731213 295.3538973 5068.408927 3252.474278 2417.078105 4344.029471 797.9871739 3367.108876 2290.23051 3515.794048 2306.489006 3722.463396 3133.532089 3820.976886 3923.769243 2671.775077 12.14032669 3860.154596 3609.240186 86.61615127 3215.841742 4083.191346 239.6923015 0.008740374582 2414.996342 2574.605529 3448.197073 2594.00166 3396.235681 3532.97995 2422.456739 4954.293498 2651.045113 2572.453086 3600.600659 4405.36527 2604.348777 0.6143274563 2500.136596 2657.242269 5589.923282 3800.204002 1749.614478 3851.987626 2404.961064 2269.388256 2.714799439 5.878670983 2636.12283 313.4443009 1340.177577 3029.856966 3672.803975 1745.395824 2608.376663 4119.316398 6599.169576 3136.918392 3581.323267 2671.463171 2390.454509 2622.603326 2623.983559 5009.36135 3240.936929 4130.980615 3750.731316 4238.906114 4767.286147 182.7284741 2380.100019 2143.229565 2732.360212 5105.634657 5048.268181 4413.42161 87.17282832 2630.804493 1763.292577 0.01111154296 3895.142876 3709.44796 3065.47057 4451.792713 3161.25075 3603.972974 4.339544687e-14 1836.353378 2718.916532 1701.286588 23.68960606 9.2909968e-06 
2316.780943 1793.606057 151.335906 3647.829572 2132.589401 2155.073861 2975.700951 127.6619885 4737.937241 4568.290893 1.760499257e-09 4085.706776 3718.731478 2836.293941 4.139821875e-07 4205.977055 3590.679506 2793.306876 2.563188386e-35 3856.164859 2358.966339 5341.050259 4816.126201 2528.728705 2736.726522 3686.632643 2795.792823 2609.097814 2790.308765 2431.521125 3516.849149 4395.028032 3287.578008 2263.465781 2678.086648 71.22524854 92.84908499 3325.569648 4106.256681 3685.169824 3621.054167 2388.76966 2606.060659 2732.596576 3331.306355 0.161822391 2607.366079 2971.427124 3.58993827e-06 2531.490358 2264.038642 2602.919807 3048.48998 2692.138634 3632.356804 3.723245641e-09 2286.000272 1.53992049e-45 2582.335732 2270.779556 2616.09353 4151.471647 3117.039587 0.04985292614 3612.756969 2562.369894 3518.9664 3461.552817 1966.31938 3537.642625 2045.08605 3929.774957 4179.447285 3925.41577 2697.878531 3562.185153 2715.959406 2470.833898 5.720895508 2499.72451 2538.066189 0.09366697385 2598.658803 3589.579036 2211.025672 2155.065514 2627.193634 33.50814707 3502.599563 3495.825736 2321.995664 2589.674769 1856.4804 261.857822 2644.177667 5.002906755e-24 7.97283294e-06 391.9682241 3.463830044e-07 2573.550723 
4342.810122 4500.299973 3614.168694 1.656532863e-11 2670.10111 2985.045429 5.88497948e-65 2889.296812 5481.425288 2618.113939 3482.587914 3335.715831 4398.545076 2557.078874 2250.123389 3342.900937 2730.824024 2774.185748 3626.797812 4405.048902 28.4367366 3740.418426 3393.30265 3689.960236 3750.127438 3624.90855 4740.107238 3950.631055 2688.276212 2679.076731 2630.806663 3250.792019 2423.187315 3443.458445 3670.625962 2652.996335 3587.060092 3861.595633 4422.359887 3589.458711 5452.391397 2483.423307 2735.627483 2285.456194 4881.519423 2698.992444 2651.065773 5867.827608 2460.392852 112.7853404 3608.458584 3523.355031 2249.689938 2541.274301 2965.535209 4249.396505 2658.221108 3739.692903 2571.495412 4259.268347 3150.013969 78.52116958 2598.959548 4053.812646 3.249428346e-05 3875.44414 3675.681224 2462.944134 4374.332231 2969.40595 5260.49797 5059.695068 3992.180288 228.4084858 2567.525061 2833.976472 2655.941564 4.12434543e-38 1.076207903e-09 1720.984526 4019.537793 1911.572406 0.1309989525 3244.328729 3216.713305 3129.731754 331.3526667 2567.49627 2700.200208 1333.918156 3318.797559 3618.285192 1330.095374 4491.701945 327.918331 297.7194223 3570.036584 1430.106593 339.6598735 2727.393439 
3039.008131 2491.323299 3542.676817 3671.322076 3180.651514 2268.916173 3731.724667 4335.8615 0.5532266634 2569.167273 24.05436544 4451.224459 4515.737363 2681.703714 3520.390794 4308.651669 2671.019152 4213.759855 4554.875454 2705.387449 3045.105715 6.218720042 4046.633821 2664.445564 5691.152893 3479.602478 2426.465946 3749.738616 3630.33733 2997.42571 2375.420131 2629.731658 3631.746071 2450.767344 2766.301305 5027.227788 2.765146979e-57 1915.982728 8.999261788e-09 4375.543344 2620.61941 2108.420168 3254.493975 2333.167357 0.3643667379 2608.418281 2675.886047 3397.786491 3583.565678 4511.41031 2676.045219 2285.643096 5.042501895e-25 3578.838426 0.0001479442763 4223.767455 2567.562142 3486.566282 4402.115683 2664.810266 3735.282025 4359.335706 3614.069548 3520.924621 27.18476065 1792.83386 2253.967574 1.177689924 2643.138058 1613.555936 20.24198924 2310.662442 1212.846047 4676.200482 3639.10777 4402.016187 4197.579319 1.437973555e-06 2810.362881 2452.542534 4182.100465 2.973140453e-146 3277.963428 2676.868723 2612.437091 204.2230494 2553.785832 2.312695025e-09 3563.96022 3516.036864 2488.118192 3721.355149 3659.665604 91.18003758 3469.529647 2250.953501 2616.558625 3587.252221 3730.857066 4404.943614 
1892.500339 2580.646586 1210.053809 0.7675420214 3657.856208 3671.635827 2200.242322 4261.327562 0.6541124209 2787.357331 3265.546172 4029.019421 4879.085102 0.005606346764 4623.694387 3591.019683 0.0505606623 3430.388671 2261.052156 2645.718779 1917.886979 3791.312307 2620.282882 670.8420552 1.284121312 2796.324018 2041.846052 2.2245423e-40 4098.56971 2395.818077 2112.827561 2609.404581 2845.43728 4867.896833 0.000922275417 3465.536103 460.9140893 2650.828183 3804.682674 2330.812539 3638.334826 2606.200779 2.466141114e-56 0.6630847687 2538.409687 1.024078709 2.093209166e-05 4229.383541 2.289166562e-09 2436.235609 2120.972595 2695.823926 2677.164026 2613.244396 5520.780835 3703.537619 15.56298941 2715.380603 2388.055767 2321.609159 3604.836787 1699.997317 2599.931305 3363.385598 28.50565539 2693.969487 5233.152018 3621.215847 5254.540572 4279.538029 3704.440193 4981.577187 2569.46413 2760.692584 2865.453165 2624.881927 6.267302317e-06 2781.713642 2924.131446 4367.578654 1654.404618 1.539558879e-129 5018.054116 2624.43427 2750.030513 0.0009424817293 103.2377491 0.1052213259 4571.388647 2946.899832 3757.198279 1939.880137 3680.223159 3408.415568 4.592579637e-14 802.7895179 2647.204288 4436.885824 2095.30909 2712.969185 
2606.133244 0.0989519447 3710.400137 0.0007651881832 1840.016792 2583.582861 228.4763068 606.9462444 3724.45559 610.9156046 4446.590995 3744.520595 2897.706323 4362.72933 2663.344245 4389.353239 2576.537387 3748.962047 3960.85803 16.37763285 0.006626074673 164.4573212 2640.724115 3696.991175 2514.96269 4427.25328 4705.997306 2539.592709 3640.445182 3351.92975 2689.53557 3781.146688 1995.509523 3204.570093 236.6753395 4518.119375 368.6123475 2697.47663 4159.208173 3424.820796 2582.681159 2409.32838 2743.341783 249.8263104 62.53501588 2411.74187 2730.579985 1996.748003 4407.285108 4187.400786 1.278289668e-08 2648.718982 3526.56154 2721.039206 2694.09515 4642.621647 61.65994379 3588.232242 4279.456138 4133.096876 9.493525952 118.2759258 2043.007683 3770.820513 3796.512978 126.5017271 3667.597711 2665.00329 3245.965041 2689.760246 5.059547979e-94 2529.917411 2018.832245 4.643282619e-10 2633.524333 3616.913639 2717.525095 1688.178694 2170.040062 137.3057558 2467.825603 0.461083428 0.2177114509 2736.367306 248.2958731 2210.86152 3653.006045 251.0105493 2637.155513 1993.014039 1.263940689e-18 2538.847705 2.111392783e-07 2809.965672 3631.828527 3192.399262 3476.425522 25.41040549 4376.532404 186.3746029 
4118.079349 0.566273873 3583.656134 2438.217046 3481.838083 3767.177758 123.5325854 2691.848937 75.94498011 4183.499224 2612.48423 3667.266112 2569.046001 1744.448342 2469.758231 3566.800187 3897.063568 561.5330134 3701.527842 0.08318741916 2.152409452e-39 4970.731392 2656.898727 4774.578194 3605.069903 3976.878129 4208.190211 3679.563216 2996.840109 3187.754731 2033.960029 3642.860689 1397.225814 4071.322911 2646.022612 0.9808659666 2223.123492 5708.513986 1724.969142 3680.320347 2567.959169 250.6893762 4139.598248 4363.410235 1714.891828 1395.887285 2166.46391 4076.152483 2621.960852 364.2588953 3972.23727 4295.347845 3683.117858 3518.353652 1761.198456 4319.527422 2150.546025 4322.566656 1.095317472e-09 3647.322056 2791.91144 4447.114322 1.197575298 4123.122842 2489.419183 3726.333371 5150.07348 3365.549222 2949.265376 0.0004259178615 1059.496964 2658.387117 4364.943486 5158.350965 2733.273042 4641.881562 3659.49084 4474.306417 3409.388456 2152.20908 0.199918084 3622.617788 4978.015807 4372.644525 4775.028718 3061.921007 2510.875769 2691.07555 2566.411463 3705.786642 2641.820667 285.6373936 2604.03961 2788.119773 3626.087865 3531.103819 2342.744107 3648.260848 2402.643142 3409.861047 
2641.755472 1048.841076 2537.423146 4007.461216 4311.545822 265.9256187 3.487785622e-17 1375.666872 5081.735628 3591.910893 3285.872314 4305.151673 3668.466493 4428.398314 4181.698713 2812.430689 0.03360724968 1.76179986 1797.139661 3731.681671 5372.35383 4393.591629 3592.176931 2759.257356 119.9082941 2658.215388 147.9915874 3673.585977 1.159759195 6.484784937 4411.496811 5043.592291 1779.938634 5046.450738 3654.559103 2795.290831 3477.89912 3407.530365 129.0140461 4424.200145 2603.602233 2710.798322 2920.023403 1899.667667 4700.202999 2655.346242 2537.403177 3396.4203 3312.452938 4626.850953 4024.442127 2576.889591 2460.685701 3026.728594 2648.698027 3634.288108 2712.380296 5518.293497 4621.564817 4358.090755 4483.010107 470.864647 4618.438618 3796.230568 2964.492492 439.3658598 5455.406563 2709.655616 3096.491673 4429.388767 356.1175847 3898.735026 3473.617146 3050.160973 2580.922926 0.0005874896472 3.448027137e-13 1908.702056 0.000240136136 282.746683 2603.529966 3164.791931 4251.692625 2381.575896 196.550615 4097.366125 2613.14888 3543.4591 3492.231602 3715.735856 241.6203637 5890.222698 2485.503685 6309.938514 0.0105934974 3149.907347 3.117824706e-05 2345.340421 3948.961041 2615.251186 
3260.562838 2566.116471 3636.913216 3607.880991 3491.637476 2482.123654 4052.22682 0.000376573507 4159.993705 4748.829915 3629.630114 2936.055829 3623.664957 5.699681939 2919.859385 2726.180149 2534.285841 1.039811486e-62 0.603828653 15.34691491 3760.031605 1321.619601 22.92125239 3708.444175 3514.876043 4222.396821 2486.762668 1854.212483 2353.724239 3158.943142 3463.763355 3493.694553 5.86093592e-06 4089.131864 3673.205508 3581.169594 4262.897044 0.0001493799536 2435.644243 1.341547786e-10 5136.971955 2575.324255 3488.759729 3504.419991 2835.330737 3095.875067 2338.656838 3244.184664 2359.256372 2281.9326 2284.875816 3487.221538 5209.551638 2612.088636 0.003903770619 2560.091986 9.954479086e-24 2650.653883 5088.888622 4452.991517 2589.583125 2622.431513 4437.741157 1656.052235 2625.718592 2863.457659 3706.28811 2607.385612 2641.963301 4469.948444 4.165595104e-10 2424.664029 0 307.4985656 3334.17682 2680.605806 3647.069456 0.09885080029 3627.464388 2691.585379 5249.014965 2707.642008 0.02635987272 4457.564589 1700.51655 2687.176418 2390.107802 3471.412425 3111.838248 3868.602554 4285.615428 2165.031068 3540.594675 739.8084593 2626.38326 3206.50056 3.942169909 3644.726522 3651.738949 2617.437042 
3065.379706 2642.91262 5930.646687 5395.824202 5.859074492e-13 2448.571289 2653.102904 2679.970306 2488.626936 4168.060957 2495.031864 5117.402745 3670.343327 3115.173498 2090.238751 2651.14008 2007.797369 3167.051149 4209.331097 2602.887181 2583.418532 2214.572607 4440.677745 0.0001299689065 3138.246507 1.3102517e-09 0.05872781181 84.58267514 2277.700465 2335.031861 388.9770794 4425.397742 3526.119674 2881.232198 4112.573188 2685.157824 17.98576639 2590.293922 3674.574638 2656.79369 4370.387008 2.008526328e-41 2535.832893 1.804315045e-09 2601.026312 3387.872521 2620.211467 2641.865123 2439.949623 4430.61791 3550.81757 3630.089754 10.3640301 2598.492294 9.684560215 2569.53741 3672.165648 2889.550256 5.907440287e-07 95.81566996 2386.261732 2589.756239 3601.0721 3652.927403 3.214793698e-20 1626.792564 0.3872739521 2665.685395 4431.851404 4121.219227 3383.690223 4323.022703 3589.606778 3607.747903 4395.727452 3375.226775 2197.828626 0.008693935881 2053.951149 2606.205296 3264.228366 193.6794823 3776.40138 4226.759305 3278.14992 52.88197251 3652.825073 4222.479052 4.061204046 2622.801925 2738.649424 3581.459342 4735.515439 2046.423576 2654.222175 4251.128527 3098.732486 2726.829188 3700.381514 4166.234834 
3911.232527 0.20482112 4948.336549 3595.566244 3719.201531 2265.388821 1.233511855e-36 4180.181744 2480.128755 8.976108946e-07 1290.934938 2645.430548 2582.751211 3580.797321 2606.516877 3707.844478 4495.454941 4382.290581 3553.683746 2604.687562 4170.085027 3149.15467 2295.942592 2155.981365 2651.697359 1447.479204 3541.493658 15.46415296 3315.955373 5048.614096 2581.167856 3482.661098 3294.859259 2654.085388 2458.435819 2604.620615 4163.455511 3690.654602 4272.492991 2773.908151 0.01114861259 2144.089591 3.002913149e-12 202.1338711 14.63972829 1.605323485e-14 2591.686983 2668.995278 1897.347958 57.84909813 2632.314746 2891.993577 937.2704376 4309.355639 2660.476765 4501.805538 4394.400863 740.3714311 3781.981559 2363.007191 3289.217715 3650.223926 3497.266001 7.645326466e-08 3617.172001 1.22756872e-08 2601.882873 2444.971897 2574.714919 0.04975747929 86.00998849 4782.476806 2554.240062 2.480561572e-07 2878.582556 1.048838911 1.464040217 3313.458442 3609.48681 4927.347009 4329.073304 168.5362516 3636.682069 3599.449464 2209.480714 0.0001100793962 310.1472735 22.95899225 4834.742577 2541.203375 3588.130041 2545.648983 3515.256145 1860.339342 3722.179274 0.7442704234 34.41543305 3255.119056 55.72035734 1.635504746e-13 
2908.917214 5268.599929 26.82629385 2137.167868 2.109361856e-11 21.64358747 3602.980655 0.501027366 2589.044664 325.9497499 2.619517379e-05 4188.052274 2221.421311 2788.347628 2386.525654 4413.122375 6.852318536e-08 2645.093231 2575.882672 4798.046912 3308.107375 3264.24711 2416.564025 3801.016323 3159.225102 3331.722467 3229.860433 4195.063074 85.80979383 2009.769002 2418.219464 2728.877277 1021.962394 2793.215745 3508.941327 2256.535 2721.532204 2437.481867 2549.606012 911.5992789 3293.193602 2238.494252 2520.964257 3313.397737 2333.477353 3141.237542 5114.49406 2468.976403 2565.473416 3667.896511 2630.095278 5184.482908 4336.407428 3195.999502 2655.738204 4132.153222 4.354348994 3541.36683 1.259918237e-06 144.9595146 2549.598781 2726.560332 5.171175907e-07 2294.191416 3830.48807 2568.549988 3727.686835 0.02865512262 3032.808716 2499.289676 1.806637899 3397.169571 3635.578023 2636.272247 3622.384554 3443.871217 3708.509564 4387.438316 4899.389174 3274.692897 2276.377443 3694.477721 0.3491835419 1.846781095e-62 5612.091153 8.007924774e-06 4318.789958 4350.926629 2.23748904e-16 2396.675568 2602.42804 2428.524412 5314.52558 4629.153302 1.20367807 2705.710049 4670.53294 3040.795653 2369.951534 4464.302758 
103.0154403 3291.082179 2460.938573 0.1367259631 2480.688136 3.930510798 2562.624424 3744.092127 4499.226532 2.004798621e-23 3249.742748 2675.605476 3678.10016 2665.402913 3277.565763 2848.410445 1968.589661 2042.645355 2610.839446 3601.03541 3447.821916 2123.337248 3735.183514 2517.302721 291.5765651 4440.084706 5053.920785 4161.825573 3735.696104 2308.315973 4404.111743 3089.675745 3604.307352 2670.347539 2612.108741 1530.097032 4049.149219 3679.63722 2695.840601 2286.402461 2256.14518 1783.090979 2671.6885 1701.122228 269.0585207 2585.312626 14.55688543 2575.584637 2510.565355 3557.030462 4287.398784 4380.982369 4404.160164 3764.710789 2560.821009 3377.786932 4114.891425 26.74450023 2642.7495 4297.021166 2572.398136 2651.561131 1.613932999e-84 2530.164003 2615.780754 4.238949027e-11 3058.786989 2559.003279 5159.879003 0.0002809756936 94.04737845 2356.753059 2.270391744e-05 3705.553343 2695.06546 3784.071747 2682.131103 2023.544293 0.0006096549906 2646.894214 2654.490971 53.0642244 2526.314781 3.529700635e-06 3676.591 3682.612451 4324.954324 1.08980644e-16 267.0675528 2707.911958 1.860520423e-28 1.172785799e-20 104.057028 3914.487951 2524.518185 3621.301995 2313.126114 3551.532715 2561.701744 2789.481056 
4075.133037 3180.313533 0.3131542919 2446.694799 2.678640594e-41 3546.345154 2556.021824 1432.324337 443.0447258 2605.508502 786.7966556 4.597529191 1187.034144 3742.047863 2553.495851 2184.689031 2642.425592 2742.82676 3672.864599 5099.440517 4973.236037 4113.550047 2664.706439 3641.199967 2873.817298 2645.405158 3783.351321 3419.833966 2746.115255 2169.944499 3564.444127 3681.583199 2627.219461 2592.478866 3600.855703 1.418586626e-06 3656.500553 3352.57868 2236.392233 2676.04814 3644.975234 4375.316316 2595.054144 3783.302602 5816.137183 3528.139005 4453.303231 4362.874495 1904.617844 2613.598165 2778.713715 4214.586583 3625.3206 3262.142922 2661.814948 2647.158068 2297.223716 17.69767049 0.0001137028581 6.239660917e-05 3622.435667 560.9812923 1983.585586 9.401597754e-36 3263.983005 3708.281582 4907.751591 3496.937805 2642.959924 2481.317927 4288.104854 61.63833846 2633.562303 3671.209727 8.411336586e-25 1307.203726 2307.132705 2596.361137 3639.348135 4003.80157 2445.036158 3394.572693 2730.844695 1537.249918 1013.559126 3347.091827 3629.513021 2616.745938 3318.170952 3666.296201 2432.203489 2461.959125 3594.384504 4285.314838 2557.085766 2611.903674 4514.544947 3316.596709 3135.787663 2710.978365 
2588.077195 49.4857116 0.04916448416 33.22602434 3572.025535 158.3895493 4427.019843 2645.906594 3635.285623 2552.279189 3505.55647 3778.489006 2932.461433 2498.310167 2701.946579 4113.264814 32.33487964 130.5261642 2386.576434 3026.024063 2652.831657 4031.772129 3041.333502 2505.482352 2391.688974 3630.236902 0.001222924156 2692.986645 3996.192215 3614.288618 4979.255563 2069.124253 4531.097718 5443.734821 1623.477225 2.846024282e-17 0.2311483519 4.298180267 3649.742663 2561.331123 2615.057202 2594.014341 2614.21837 2208.112415 2570.01246 3575.276363 4454.372027 2637.260693 2783.874461 2983.93008 1499.17186 89.23654081 2436.611147 9.199864037e-09 2097.221703 3285.366271 46.10862527 0.002019899645 3977.856024 3364.931846 3689.113076 3581.472262 5177.010389 3067.530251 4048.585833 4804.299244 2117.739542 2510.270216 4881.092416 1436.577545 2608.97627 5381.034232 2652.537844 3397.818264 2529.444723 2639.409554 3660.111321 1.191683135e-18 2825.410211 2592.694931 2228.745486 4403.208191 3389.80515 3676.246949 3668.304098 4112.256117 3550.562802 123.3966252 5096.931581 2418.900076 2180.286134 3192.497473 8.802261248e-56 490.992617 3406.728921 3674.294278 2634.426296 3672.706822 1041.624016 3181.183535 
276.7436143 4524.307551 3434.574802 2125.674664 1888.827504 745.8111252 4416.355807 3105.634195 2584.042154 2618.724916 5010.443912 2.222860373e-15 0.7007020583 3315.936024 2865.28737 2664.80248 2627.439152 4372.349238 2611.536147 1.515332033e-23 2575.506384 6.046165358 2617.87426 3530.906578 4458.22633 4799.682762 2453.72608 3335.922257 1.335737849 4288.704789 2682.594945 2680.259961 6281.748462 2638.561888 149.0058916 2606.973749 66.86175742 0.002109094784 0.8174452964 2657.955576 2490.869243 0.406121661 2617.88145 2.489012349 2671.650666 3785.313487 19.43890428 5319.296085 2895.38814 4104.300558 3694.279275 2628.609639 4315.119978 3538.260648 4773.098292 2640.518369 3522.946315 2510.313942 2625.745504 2731.933228 4427.665188 3690.400936 3311.705051 2550.980866 0.001577511442 3845.388901 2062.847262 2650.359018 3768.250417 3668.722048 3134.931346 3808.370315 3356.818385 2158.135432 3135.371183 5055.694639 3211.951811 4203.210348 346.4576304 8.543274661e-07 3413.449324 4780.300813 2592.437748 30.87233379 2933.730283 4036.595779 3630.046664 1206.354681 2137.688094 2724.843738 2431.874778 2601.492721 3707.284509 2601.353848 0.0001451768548 3661.757873 3385.497909 2090.832484 2160.413753 2649.279963 
4320.859608 3680.343113 4365.561397 3659.96765 2639.030454 2755.636293 2637.831147 2601.910038 3674.461119 4780.480059 3560.886979 5679.791011 2787.849515 2515.433715 2873.29022 3780.853152 2597.435777 1980.435641 7.084902768e-59 2533.721908 0.001087767736 3643.666376 3921.245018 2579.405178 0.01648936603 2800.218971 8.609301964 2924.956615 7.051984919e-26 558.445914 1.701502774e-09 3376.531126 3311.336254 579.1426211 4740.151971 2882.637504 4407.000987 3539.821193 0.3759611107 5333.988096 2569.999038 3738.836785 2699.775386 2654.309471 0.5932156501 4151.571343 3751.270342 39.56645448 1.332987745e-19 4132.426174 4179.407033 1478.602073 3547.608786 2216.817871 2.301210223e-08 3743.85893 2109.179615 2559.650348 76.25697646 3389.520975 3683.586071 3735.965798 7.423758016e-14 4186.935114 3580.902023 3773.901054 4521.813989 3660.26662 2597.838259 0.161542629 119.499354 3734.755346 3510.508878 2436.241929 66.72461007 4486.204238 0.001683310838 4307.25242 2633.016529 3725.643654 3447.397281 2364.739677 4739.090345 2601.559938 4186.458408 5110.751032 5038.887047 2678.256987 3191.732947 2627.101295 4295.72557 3676.120621 1209.651405 2256.596669 3215.360217 3558.555806 3822.540243 2616.134477 160.4647581 2584.651725 
5.297613202e-26 2895.083293 0.03710113978 2676.757826 3121.063992 2601.275546 4461.252472 2149.159378 3647.392864 1306.933349 3453.487252 2135.069009 3373.890924 2352.834208 1890.37787 3296.721411 2494.839949 3513.001032 73.98856149 4278.425081 4454.935651 3941.477819 0.9047048353 4252.455694 4058.070028 0.0298152474 90.07821537 4428.361622 3349.334141 3456.49672 5642.93138 2794.838919 3655.349623 3157.711895 3626.172747 3375.773838 3880.30232 1973.826306 2382.840145 3542.576542 3571.609761 3063.281459 3428.668399 3649.982778 3660.6506 2677.271482 3581.100333 4809.850332 6268.036355 3468.578793 3376.205513 2549.478171 1564.62383 2275.015844 4479.238187 1.321031699 3583.837675 1554.520261 231.6973286 36.91554282 3545.905899 3.779770735e-05 4818.896068 3643.361614 4290.70313 0.0008896560614 5257.259461 5045.256933 5445.167577 2565.969687 3124.733696 2565.033639 2674.99977 2274.973294 2843.571055 2840.173793 2935.625584 1.316455708e-24 1589.01096 3561.098719 2577.468525 1944.816176 8.69130124e-09 5016.267643 5098.70089 3225.21986 3394.860975 7.265314199e-31 3350.412743 4383.95253 3675.016126 2680.916926 7.810729496e-10 3551.85221 2121.420955 3644.04206 3554.826941 2590.606423 2071.727986 3515.269292 
10.21979456 3786.838563 3613.738646 2780.612324 2600.570484 3320.955713 2310.245906 3713.141821 2693.586923 3413.450218 2570.804209 3730.108752 4846.575324 4463.563223 2504.919641 1882.05038 693.6461909 3654.085149 4437.021221 3559.250847 4901.496131 3.699563954e-11 2978.449484 4439.984174 1530.039762 4462.01201 3373.348253 1722.877753 4153.856648 5178.776399 2407.487065 2190.054224 0.2961715068 2260.771087 4206.730888 3422.65735 2.488777409e-10 3910.067159 4390.108064 3770.674931 4315.832748 3846.293817 802.363121 3517.965592 24.48817129 2981.695328 2686.491847 2696.261855 4776.53493 14.45847402 6.017494338e-72 3364.285531 40.17711844 3177.566887 4403.929131 2459.140729 4474.378778 477.3508518 9.745226818e-39 2651.113513 4026.243477 4403.136058 4402.631178 3799.24458 0.7886821346 2690.629391 2472.382067 164.7731552 2581.590616 7.916040289 3701.217296 4429.270912 5352.880977 4344.307481 3849.779288 2.353701647e-13 3128.560974 2739.692758 2886.36296 1.229112229e-11 2324.61523 189.7495817 3.180402889e-13 3756.701861 200.6412921 2342.279371 2640.35389 3823.49896 0.0001461358138 2.755059577e-11 1537.308607 3582.619385 3.839402562e-23 2566.204537 2918.761971 2673.230438 2769.816946 2447.456563 2788.598429 1136.262194 
3.596776455e-11 3384.161295 3737.641265 4416.297894 1.006501124e-05 4417.318107 2547.596118 3410.290315 3684.42674 8.141407231e-13 191.0725399 3472.637936 3.520165265 267.5761372 3657.382439 3421.190315 2185.852361 2650.541959 4854.355643 2131.75446 3659.001005 2468.076019 3160.803962 4310.931308 4312.504103 4073.652338 8.071999912e-15 2646.311332 3080.975792 334.8588237 2542.150321 2754.923104 3640.963364 2481.212214 3707.979295 3114.882444 3708.860556 4990.51034 2385.840715 1902.177008 2429.239591 3729.889393 4239.172643 700.642545 3681.183913 4189.508784 4464.582781 1799.480231 0.001756251056 2654.702791 2574.961527 2265.065901 4865.842334 3555.645792 2963.782245 3544.367229 2809.986911 3543.537569 3526.152969 4438.09948 9.224906309e-06 3147.435273 316.3576652 2767.254129 2805.908036 2292.964256 3818.737989 4.13884803e-08 2715.099605 9.537874517 2651.232883 3653.339896 3702.881234 2393.285465 2569.802023 4555.496242 5.172359255e-11 5335.90423 43.53729128 3.362228789e-07 6.240900786e-15 2991.86425 3467.665167 60.03691088 3614.625447 2544.972858 2651.168776 2757.769725 128.0838259 2578.452531 1181.28651 4072.917503 2382.89271 2.413866781e-05 5697.493452 4285.818975 3613.215747 2638.780467 1201.318693 2527.394015 
3094.950709 2602.688376 1.807873278e-138 1845.181415 0.3132488409 2482.871828 3597.917377 5133.554884 3690.600943 4406.260192 2596.383348 171.8110818 2492.770339 3350.913519 2685.434943 4110.841087 3910.843943 3.644404372e-15 3632.512117 3690.830118 2450.055697 3641.11486 211.7926056 3396.384842 4131.909992 2675.017926 3739.620469 2784.909161 19.90251133 1737.494112 3500.68354 12.81725394 3617.988296 225.4892144 2266.891417 3771.645039 9.373894357e-05 2862.183074 3734.048533 3802.533029 11.77798624 2481.490067 2390.819146 3689.090267 3626.804319 3598.872083 3373.284014 9.023074943 3010.40635 2901.285557 0.001811729208 2830.568549 2633.374414 2639.915694 2568.605192 3574.694617 2612.596941 4131.914145 6.581474876e-11 2623.86825 4024.924924 2726.902908 3830.695813 3633.563967 2608.00363 4678.494272 26.07342888 3512.928963 3681.550837 2608.062711 2580.363473 3079.172213 3684.049493 3060.04558 4401.786617 2577.201897 7.68319814 2577.430331 3097.519227 3470.32993 3315.022075 2.806645728 3631.806571 5066.101943 3620.879897 4184.529502 3737.427346 4336.493276 336.6977625 3434.950754 2412.11775 7.538719626e-07 2937.978251 616.6420087 3742.314011 145.8116318 3348.702562 3432.176854 1.964046642 3243.283533 
3197.486716 0.006208234016 109.4268372 3162.828848 3023.332865 3076.401158 3445.444086 3655.203528 545.8067493 2659.089862 3382.429919 2102.47446 2632.640172 3611.627865 35.90268244 3867.573464 71.34195569 1.763751495e-46 2556.252636 3653.554582 5.554439565 2856.206088 2166.567562 3645.529714 4397.804674 2575.215196 2503.911383 2458.632357 2436.574893 3.664152421e-07 3305.635028 1.565574612e-12 2.910327998e-25 3665.285577 2311.790098 460.033577 2617.898706 2571.420469 2444.004332 3075.889363 3469.690506 2333.432646 2321.960931 2635.716569 3.316698244e-22 2722.071176 3669.806855 2554.720561 2644.065937 2396.566548 3427.072587 2485.346593 4486.482857 3901.643572 2055.122232 2545.364867 12.83760493 3663.686618 10.17495763 1.463198176e-42 0.001498857927 1.549820541e-20 2670.089784 2300.95239 3842.90628 2660.870296 2277.606588 0.1335549679 2676.047961 4382.432003 2211.150171 1876.749163 99.48628662 2415.582917 2142.97161 0.0001403417159 4198.669554 3713.682045 0.01964194792 2597.163626 2230.577905 3627.429327 2780.386664 4291.397439 2626.432513 2904.616872 0.0912350886 2701.124318 4492.61172 3683.264301 3.302559053e-38 2.628772349e-06 2032.865694 27.70149772 1571.616889 2637.21215 3676.188328 378.3392912 3218.081831 6.600698133e-32 
3673.422531 3451.408196 2163.76167 2639.520204 2432.333692 2644.655737 11.26547988 3586.774549 2535.573381 3619.535913 5.816606541e-06 8.371298113e-07 4362.771805 2500.962222 3599.869589 2540.556977 1.203127565 2711.252252 1.286930236e-05 2715.362026 0.03161305798 2711.827527 4095.693844 2595.863109 2310.070653 1874.387337 3637.051152 4059.357844 2649.076885 4801.711461 1276.94371 4198.936505 3635.164004 2208.522165 3631.143857 1.965589608e-18 3607.231543 3768.834277 1.234710916e-15 2589.69322 1400.688634 4463.334777 8.441368113 1145.348112 2561.223084 2553.656506 2831.704894 2874.14777 9.480347459 1650.680409 1067.629736 2434.021514 2611.576621 5674.351389 2655.184617 3209.709733 221.347149 2221.885645 2572.523847 2702.382318 2897.886403 2717.854373 4385.560053 3349.657518 2814.168011 3230.719027 4154.299416 2669.18285 1445.542465 106.1789759 3472.285598 444.183662 1345.108866 4084.315344 872.4004095 1819.104546 2134.901939 8.909315103 2586.208209 3622.551785 4131.573958 3946.493639 2654.325374 2726.075795 4410.409608 3322.931621 0.006675571819 7.640767503 4016.974001 2765.11816 0.006111951502 2879.953696 9.458305886e-08 6.812607881 4803.052932 3442.079934 3737.065754 396.3798875 2130.109812 3672.494865 
2757.000601 2258.539764 2.268911532e-07 3272.145096 2.583158849e-30 3653.167615 4400.941417 2655.765376 2669.773524 2685.257772 3537.021685 2665.555136 2432.591938 4527.139771 2590.457871 4232.115617 3776.538491 1.206512431e-17 2572.304688 3639.331808 2616.030619 1453.956084 3288.320995 3659.910635 4346.052052 2938.616651 4995.773313 3635.18877 2709.064984 3004.289012 2642.814872 3547.75859 2710.298092 41.49019353 2094.807521 4310.893129 5151.804931 5519.167318 2592.353127 2690.63967 3272.856897 54.80788992 2624.920982 2437.917514 2722.054992 81.53841043 3717.753617 3703.145745 2769.922458 1798.584225 2878.960898 14.73580813 1158.686257 2890.297707 5.466915768e-06 3542.469327 5584.231044 4184.82342 2780.884784 1812.114465 10.58140913 0.02281154012 3095.724699 1843.671234 2531.91649 5027.417758 4841.831875 2814.040536 201.9562499 3544.467008 4002.423677 4228.148885 4.268045028e-53 3238.816169 3629.169484 2329.861914 1.498332014e-32 5048.681678 2994.009223 3578.023339 4826.648523 4843.495134 2529.108414 3755.130737 2846.10335 5.338449093 4379.467116 2583.622901 4325.413756 3.690398471 3695.558466 4490.346347 2.030075796e-24 5.556877155e-07 3739.123684 954.9096904 2510.264563 4344.802747 5627.141446 2274.82328 
96.79111158 4055.071969 4248.652101 4086.43757 4886.669631 2695.981188 4236.042292 1818.60591 3282.16993 2569.883823 0.01972111354 3375.369824 5345.597478 2650.272639 2440.184539 3134.453038 2659.943202 3043.041204 996.4056119 1807.555247 3580.554094 4513.652966 16.845681 2.031478712e-16 2515.167112 2.734502527e-64 3925.65126 3425.514449 0.003940372525 0.001010401871 2650.64244 3307.449912 28.39057221 1.47015883 2793.403634 2693.054332 3654.351512 2748.031166 4188.583296 3724.476133 1.055925008e-12 3512.076723 3308.083122 4771.853918 3627.758682 2848.34111 2.449337687e-08 2645.56636 2531.577514 2603.364056 586.4541084 2187.318203 4297.272634 2866.963318 2607.745417 4409.124001 2631.231602 3712.929418 3929.411321 3.971140062 3589.486836 2318.365104 0.0005161793986 219.8387887 2818.67373 6.281615109e-07 2664.107286 3398.664127 4189.687491 818.9128969 2681.616464 2093.47508 1448.806792 4086.146426 2477.231237 2834.382969 0.000606041066 1.900752977e-11 3824.736991 3410.583251 1961.759499 7.449756638 2670.168475 4512.220891 4786.890317 2652.788155 2532.752753 4069.026178 2608.211922 2654.276472 3574.800448 3642.541605 2401.75872 2466.646318 2693.017455 2526.742164 2802.198585 4373.148112 2199.823319 2496.11039 
3693.199688 4189.635988 2046.160703 5382.103534 2481.730491 3164.995793 2586.633128 1.854492646e-34 4435.965856 2492.442212 4230.377491 2809.76392 2603.812157 4414.690965 0.04177314421 3611.603855 4.1395688e-53 4454.245708 3732.595601 0.0005821645217 3372.751626 2615.522859 595.0706738 1.396153969e-05 2844.448125 2392.97343 3154.710134 0.00728563989 4133.354381 4056.168037 2665.785732 4295.61495 2377.072923 158.0801906 2636.925333 3661.344694 0.004376245393 2247.789493 527.0137102 2346.175472 0 2133.512559 4133.837937 0.4153138626 3727.83598 2863.736889 3368.296225 2588.986678 64.84465059 3786.575341 2585.097503 2590.105509 1960.213555 3725.317546 2668.887955 2186.014305 234.2108662 2918.531623 5133.935985 3638.508366 2636.193447 5499.387229 3911.097377 2150.021968 2613.036932 4224.580818 4287.977085 0.009949394582 3724.725846 3652.363946 8.920214188e-43 2765.830935 21.90220171 0.2572333669 3691.473808 2557.987976 2863.707228 3572.695584 1132.382853 2609.410414 3532.956459 2588.950009 4431.585316 3783.283874 3627.191524 3899.34388 2565.25436 3792.938337 2595.429027 16.55572484 2191.170261 3686.108752 3606.144467 3585.935086 5.160211794e-86 3399.92091 3740.737933 5.20294156 2835.589077 1076.490292 
# Events [PSD_fluxpos/xdist_fluxposy.dat] N:
7 11 6 3 4 12 3 9 7 8 8 7 5 9 6 4 7 6 5 5 9 9 5 5 9 8 8 4 5 7 12 5 5 6 11 7 8 6 7 6 11 9 5 11 8 10 8 14 7 5 14 4 5 11 5 4 8 11 3 6 10 6 6 7 6 10 8 7 6 7 7 12 5 10 12 8 8 7 5 4 3 3 4 8 7 8 10 7 5 4 5 10 12 8 5 6 14 8 7 6 
10 10 7 8 10 5 11 7 12 10 10 8 4 6 8 10 11 3 4 14 10 11 13 4 12 7 5 8 17 6 10 9 4 6 12 4 6 6 7 13 8 12 14 5 13 8 6 9 8 2 10 6 14 8 7 5 6 6 9 5 8 12 10 5 8 6 8 2 7 7 11 7 10 5 6 6 11 7 7 4 16 12 8 8 8 10 3 9 9 5 7 5 3 8 7 7 7 12 1 14 
5 11 6 7 13 11 7 10 3 9 4 5 10 5 8 7 11 5 8 12 7 8 7 8 11 6 7 12 8 9 7 12 8 6 7 6 3 6 6 7 11 9 2 9 12 9 9 10 3 8 9 4 6 8 6 8 9 6 6 5 10 10 12 10 8 7 12 6 7 12 4 11 9 9 13 10 10 5 12 8 9 16 7 4 13 4 3 6 5 10 9 6 10 7 6 9 11 6 7 10 
7 7 8 11 6 3 4 8 9 11 10 8 9 4 10 8 12 6 12 9 10 4 9 6 5 3 9 8 12 12 5 8 7 8 7 5 5 5 12 6 7 13 9 12 12 3 13 8 5 6 8 9 9 12 8 4 5 10 10 6 4 3 7 6 5 10 11 7 8 11 9 8 9 14 8 8 10 11 6 11 6 11 6 2 11 11 8 5 8 5 8 2 10 10 10 10 8 8 6 7 
5 7 8 9 7 9 9 6 8 8 9 9 13 5 12 6 10 7 7 6 8 10 8 9 6 10 11 14 9 8 9 3 3 14 10 11 4 11 5 10 13 10 7 6 10 7 5 7 9 6 5 7 5 8 2 12 7 4 11 9 7 12 3 7 5 7 12 2 4 7 7 4 6 7 14 15 9 7 6 5 5 9 5 7 8 4 11 3 12 8 4 7 11 9 7 4 12 8 11 11 
4 11 9 11 5 6 6 4 11 4 4 11 7 7 6 7 11 6 8 8 11 4 7 11 9 9 7 4 8 7 5 5 5 5 8 5 6 11 14 8 8 5 8 9 5 2 8 8 10 7 10 9 8 5 8 4 8 9 7 10 7 9 7 7 7 7 10 8 6 5 5 9 11 11 8 9 4 8 9 9 11 8 11 5 9 7 5 6 3 4 15 10 9 10 7 9 9 6 6 8 
9 8 7 13 8 3 8 4 3 4 4 9 9 11 10 9 12 2 13 10 4 7 11 7 9 7 8 7 7 10 8 11 12 10 3 11 9 6 12 10 3 6 8 9 4 12 8 5 7 14 5 6 11 9 9 9 7 7 4 10 10 6 6 7 4 9 5 11 7 10 4 6 11 6 13 3 8 4 8 10 3 8 13 2 6 9 6 9 12 7 8 6 6 10 5 4 3 7 7 9 
5 5 10 7 11 2 8 8 8 4 12 6 9 9 5 9 5 4 10 11 11 5 11 5 8 9 9 7 8 9 7 5 6 7 9 8 7 11 10 5 8 5 6 9 7 8 4 9 5 9 7 8 16 6 12 10 11 9 7 11 5 4 9 4 3 7 8 8 5 2 14 10 14 5 9 5 9 9 6 10 7 12 7 10 6 12 12 7 10 11 5 6 5 11 11 7 10 8 7 13 
4 2 11 9 8 16 8 9 12 8 5 4 8 17 7 6 7 6 10 5 5 7 10 5 5 3 10 14 7 11 5 6 7 8 8 8 7 8 9 8 4 11 9 8 7 5 13 4 5 8 8 6 4 7 4 7 9 8 10 7 12 11 9 9 10 7 9 7 8 8 9 5 8 7 7 9 4 11 12 8 5 5 8 7 6 7 10 7 9 5 7 7 4 10 11 8 2 8 8 7 
7 2 5 6 11 5 7 10 10 9 4 7 8 12 10 7 7 13 5 3 7 4 7 4 7 6 9 3 11 8 8 2 5 7 8 9 6 8 13 2 11 8 7 5 9 7 3 4 5 11 7 13 9 5 9 11 9 9 9 9 6 4 6 12 8 15 6 3 10 5 9 8 13 11 10 10 11 7 5 9 3 9 7 5 7 8 10 10 9 5 13 9 8 6 16 7 8 10 6 12 
5 4 8 3 10 7 11 6 11 10 9 9 9 11 9 8 5 9 14 11 3 11 8 11 4 7 11 13 10 8 8 8 7 10 5 11 10 4 12 7 3 4 10 14 12 8 7 10 11 5 9 8 3 6 6 10 4 4 9 8 7 6 7 10 10 4 5 9 6 6 8 3 9 3 9 7 10 7 7 7 16 5 6 5 8 8 8 11 7 9 14 7 7 2 7 8 8 7 10 6 
5 8 5 6 6 13 11 7 7 7 8 11 8 8 3 8 6 11 7 7 8 10 9 9 7 5 12 8 11 7 9 10 12 7 9 15 9 5 14 9 7 11 10 8 4 9 8 3 12 10 8 4 7 7 9 5 9 11 7 11 8 8 6 7 9 12 7 11 5 6 7 9 6 6 3 6 8 5 11 10 12 9 4 10 12 7 8 6 6 6 4 10 6 6 9 7 4 7 9 10 
5 7 11 12 6 11 9 11 5 6 11 3 7 1 6 4 14 11 10 5 6 9 11 11 10 10 10 5 10 2 9 5 14 6 7 8 6 12 11 10 10 11 8 6 10 9 8 7 5 7 11 8 4 9 3 9 6 7 6 6 11 14 3 11 8 9 9 8 5 12 13 6 7 4 12 6 15 12 7 6 5 4 12 6 8 7 5 5 7 14 9 8 12 8 15 11 6 9 7 7 
4 8 5 10 9 3 7 4 11 6 7 6 4 7 5 7 6 5 6 6 7 7 8 7 14 9 6 10 9 3 10 8 6 8 7 9 7 7 11 9 6 9 5 3 11 12 8 4 9 3 5 2 4 10 10 8 12 5 10 11 9 9 8 8 7 5 9 12 7 13 9 9 5 6 7 10 4 9 6 6 7 10 11 7 11 4 5 7 2 5 7 7 6 10 5 9 9 12 7 3 
9 7 9 8 3 6 13 4 5 4 7 11 8 11 6 7 12 7 9 5 5 5 9 4 10 8 6 9 8 5 6 11 4 10 5 9 9 11 12 5 3 6 8 8 5 7 10 9 9 7 7 10 6 7 9 10 6 7 11 6 11 6 11 12 3 5 9 6 6 6 7 12 8 8 6 6 2 9 9 4 10 8 6 17 8 4 3 9 5 11 11 9 6 8 7 6 4 5 9 7 
8 6 1 7 8 5 6 9 11 3 10 6 4 9 9 6 7 5 10 6 11 8 7 6 11 13 13 5 5 7 4 10 13 6 7 10 7 5 3 12 8 7 12 7 7 5 10 4 9 4 9 9 9 10 6 10 6 3 10 5 8 8 5 2 9 11 8 10 10 9 9 7 8 5 11 10 3 5 12 9 8 8 8 7 12 8 9 6 12 10 9 8 6 9 16 9 10 4 5 5 
5 9 9 7 9 10 6 6 11 9 9 14 13 7 4 9 8 8 12 8 12 9 5 15 4 8 8 5 11 9 7 7 13 6 7 9 10 8 10 8 8 6 11 6 4 11 8 5 8 12 6 7 4 7 8 8 9 6 13 10 5 6 7 10 6 5 12 7 5 2 8 4 3 8 10 7 11 8 14 13 7 10 10 7 14 10 8 6 5 12 10 11 5 7 7 8 6 6 9 12 
5 5 9 7 6 4 10 5 9 7 4 12 8 8 11 12 12 5 11 8 9 2 10 7 10 11 10 5 5 3 9 12 7 8 4 10 8 4 5 7 9 10 11 10 8 12 6 12 13 8 4 8 8 8 4 7 5 7 8 7 5 4 5 11 7 14 6 2 6 3 5 13 7 9 7 7 6 5 12 4 6 7 12 6 5 4 5 4 3 10 6 6 12 7 6 8 6 10 9 10 
8 7 7 10 8 14 15 8 11 6 5 5 7 12 9 5 9 12 5 6 6 8 6 10 12 6 10 8 9 10 10 8 13 3 11 10 7 13 8 7 5 9 4 14 6 9 6 9 4 3 6 10 8 7 5 3 10 5 3 10 8 7 4 8 10 10 7 6 5 11 12 9 9 5 9 3 6 7 8 5 6 7 6 6 10 11 10 7 11 12 8 4 9 11 2 10 14 9 13 6 
7 10 4 11 9 10 10 10 8 5 16 9 6 6 11 10 7 6 4 3 12 10 7 7 5 10 8 9 11 5 8 8 10 6 12 5 9 7 4 6 12 5 9 9 3 4 8 7 11 3 11 10 9 9 12 10 5 8 16 8 8 7 6 6 7 12 10 6 6 5 4 8 11 8 8 7 11 9 6 5 10 8 5 6 5 5 6 9 8 5 8 10 6 3 12 8 8 11 4 3 
8 11 4 5 8 10 6 7 2 6 9 8 10 9 10 2 10 3 7 6 8 14 6 9 7 6 8 8 10 12 3 4 16 8 11 6 6 11 8 9 9 11 5 6 4 9 13 12 11 4 7 7 3 11 7 7 10 8 9 8 10 11 7 9 13 10 10 10 9 7 13 7 10 9 7 10 6 12 9 8 8 4 12 9 8 6 8 6 8 5 9 16 7 12 8 14 5 8 10 6 
6 5 7 12 6 13 6 3 7 3 5 5 9 6 12 13 5 13 9 4 6 6 9 6 6 6 8 7 11 9 9 5 4 9 8 4 7 8 10 6 6 10 7 11 8 8 6 13 11 4 12 11 8 7 5 8 9 5 7 6 2 7 10 7 3 5 15 6 7 12 9 6 9 7 10 8 6 13 12 6 14 8 10 11 7 10 10 11 9 9 5 6 10 3 12 16 5 6 6 7 
10 4 5 7 7 9 11 12 7 10 7 11 6 3 5 3 5 6 8 11 6 7 9 7 6 7 8 3 11 15 6 8 5 10 8 3 8 6 8 7 16 9 10 7 9 6 5 7 3 5 4 4 8 9 7 7 6 3 6 7 8 7 9 6 5 11 13 11 5 10 7 14 6 4 8 9 10 8 4 6 2 10 3 8 11 7 10 11 9 16 5 9 12 2 7 5 7 5 4 4 
7 9 5 8 10 8 9 7 10 16 2 11 6 5 8 3 6 8 12 4 8 5 4 6 8 5 8 5 6 8 4 5 7 14 7 3 10 11 9 6 5 12 8 6 9 7 8 9 8 7 4 7 6 7 9 9 10 14 8 1 9 4 11 6 7 7 9 8 8 1 5 7 11 5 12 11 8 7 9 6 8 1 12 10 11 5 6 6 8 2 8 11 9 9 7 9 6 10 6 7 
1 6 15 7 5 10 13 9 4 8 14 9 3 6 6 4 13 8 10 6 4 8 8 11 9 8 6 6 10 14 10 12 5 9 7 11 15 10 10 6 10 4 7 8 14 7 7 6 3 14 7 8 8 7 6 12 5 6 6 10 3 13 3 7 8 8 12 6 6 13 8 7 3 4 12 8 6 2 10 8 5 8 3 6 11 6 8 9 7 8 12 8 10 7 6 6 9 8 13 9 
6 8 8 5 11 6 11 7 5 8 12 7 6 14 5 7 9 13 12 11 7 8 5 9 4 7 6 5 9 6 8 10 2 4 12 7 9 7 9 7 9 5 5 9 10 5 5 7 9 12 8 7 7 7 7 7 10 10 7 4 8 4 8 7 4 7 15 6 5 6 10 7 8 12 6 5 2 8 7 7 6 7 11 4 9 9 7 7 10 4 5 6 8 6 6 9 14 7 10 5 
2 9 9 8 4 6 10 10 7 9 7 7 5 6 9 11 8 5 7 12 6 5 5 15 10 5 8 8 8 7 9 6 4 12 8 11 7 3 8 10 6 6 13 8 9 13 8 9 11 9 9 9 6 7 4 4 9 7 6 10 10 8 12 13 10 8 8 4 6 6 8 6 6 10 6 7 10 6 4 10 10 9 9 12 9 11 7 8 8 6 6 8 9 6 6 9 4 6 4 6 
2 5 4 7 8 5 8 7 14 8 9 6 8 4 6 6 7 8 5 5 8 4 8 11 5 5 7 8 7 5 13 10 5 7 6 9 6 5 7 9 9 14 11 9 4 4 4 11 3 14 7 4 6 3 9 7 8 10 6 9 7 10 6 5 5 7 6 5 15 14 13 4 6 10 3 6 4 10 5 7 4 6 13 11 7 11 12 9 6 2 7 6 9 7 4 14 10 12 6 5 
8 6 6 6 6 9 6 11 5 8 6 5 8 13 10 2 8 8 5 5 9 7 8 5 5 8 8 7 5 10 7 10 7 5 5 9 7 7 7 7 7 12 6 9 5 8 13 7 9 8 15 8 6 10 13 9 8 5 2 5 7 7 8 10 11 7 6 11 7 4 2 5 3 9 8 9 8 5 10 7 8 5 8 6 7 9 4 8 7 7 7 9 10 7 14 5 7 7 9 9 
7 14 5 9 10 8 9 7 9 9 5 11 8 4 8 10 7 5 7 11 11 7 7 4 4 8 11 10 11 8 10 13 4 8 8 3 9 4 10 10 8 6 4 7 8 9 5 9 6 12 7 4 4 5 8 8 6 7 9 9 7 15 2 3 6 8 11 6 8 9 11 10 9 10 7 5 9 7 5 8 7 8 7 10 12 10 18 8 4 4 7 6 5 9 13 3 5 10 5 6 
6 12 10 11 6 10 6 8 5 7 6 7 4 11 6 9 11 9 12 8 5 6 11 13 12 1 10 10 9 13 7 7 11 4 7 9 9 5 5 3 6 6 9 11 8 10 5 7 10 6 11 7 7 2 8 7 8 13 5 6 10 10 4 7 6 9 6 5 9 15 7 9 8 7 10 10 7 10 8 13 9 8 9 6 10 11 13 6 4 8 10 6 5 9 3 5 4 3 8 9 
7 11 2 3 6 4 5 14 9 5 10 5 9 8 7 7 5 3 9 13 15 5 7 9 5 7 9 8 9 10 9 5 9 2 11 5 10 3 9 8 3 4 6 5 7 8 6 13 10 7 5 10 11 5 3 5 6 11 10 13 4 7 6 12 3 7 12 6 8 14 11 8 9 11 10 8 7 7 9 4 8 7 2 6 12 8 6 6 9 10 4 10 7 7 6 8 10 10 5 3 
4 12 6 13 9 4 4 4 6 10 4 4 8 10 5 10 9 6 8 6 6 10 5 6 9 4 8 3 9 10 3 7 7 7 7 10 6 5 11 13 9 4 5 3 10 7 10 6 10 15 10 6 3 10 1 7 12 9 13 6 8 9 8 17 7 9 8 11 7 11 3 9 10 7 6 7 8 7 8 8 12 11 12 3 11 5 3 11 8 8 6 8 9 5 8 3 11 7 9 5 
9 11 9 6 6 6 6 10 8 10 6 4 7 8 14 10 8 6 4 8 5 9 8 8 5 9 8 9 9 12 6 9 9 6 9 7 9 5 8 7 8 4 7 6 6 8 10 6 4 7 6 7 8 7 7 7 1 6 8 4 4 11 7 9 3 12 7 10 7 9 12 8 6 6 7 6 6 2 4 10 11 14 7 10 15 11 5 7 4 7 6 5 9 3 9 5 15 10 4 8 
8 8 3 6 5 9 9 8 2 10 4 11 4 8 2 4 6 9 6 10 7 9 7 8 10 5 9 3 3 7 8 8 8 6 4 8 12 8 6 5 8 10 6 12 8 10 9 6 6 6 4 10 7 8 10 13 11 4 11 9 13 4 5 11 6 3 6 11 7 10 10 5 6 7 12 14 10 7 9 9 6 7 8 7 8 7 6 8 9 9 7 8 6 10 8 7 7 11 7 7 
5 3 13 7 7 8 7 9 1 7 7 8 7 10 11 6 8 10 4 4 10 4 7 6 7 5 9 8 5 11 9 4 3 9 11 6 10 6 9 9 4 5 8 6 9 7 12 7 7 5 8 6 9 5 6 7 3 8 8 7 11 2 10 9 8 4 10 9 6 4 10 8 11 6 9 5 4 7 6 9 11 6 7 8 11 10 5 7 9 6 7 10 10 10 4 6 13 6 9 6 
4 6 5 9 14 9 6 9 4 10 2 5 3 11 8 8 5 6 6 6 9 7 7 5 8 7 10 4 3 4 8 9 7 4 2 6 8 9 11 11 9 7 8 6 6 8 5 8 11 5 9 6 9 6 7 6 7 7 9 10 10 11 12 6 5 6 11 5 6 6 9 6 8 14 3 12 12 10 7 3 7 5 7 7 11 8 10 8 8 7 8 10 2 6 9 6 7 10 7 7 
2 6 4 11 10 7 8 4 11 7 4 4 8 6 13 6 9 7 7 11 6 6 5 4 5 10 8 9 11 9 9 10 9 8 6 6 10 7 8 7 8 6 3 6 12 11 10 5 3 9 8 11 11 9 8 11 14 6 3 8 9 9 4 13 7 5 9 5 4 12 5 10 7 9 6 7 9 7 7 7 8 8 8 8 5 8 2 12 6 8 12 10 5 10 12 7 5 9 13 3 
5 12 1 8 7 7 9 10 4 7 5 7 9 11 7 12 8 12 8 7 9 9 4 7 10 4 4 4 10 11 10 6 3 9 5 5 8 10 8 11 5 6 11 15 6 9 6 8 8 8 9 6 9 6 8 15 7 6 8 9 4 4 7 10 11 8 7 5 5 9 10 13 6 4 7 11 9 9 7 3 6 9 10 7 9 8 3 7 8 5 8 8 7 4 6 7 10 8 11 9 
5 8 10 8 7 8 10 9 7 8 10 13 9 3 8 5 7 2 8 9 14 12 11 10 8 7 13 4 5 14 3 7 6 12 11 4 12 5 8 8 6 10 8 6 12 7 7 4 9 9 4 6 6 9 6 8 12 5 8 7 13 7 7 7 8 10 10 15 7 6 9 6 10 8 10 8 11 11 10 8 6 8 11 9 8 11 12 10 9 16 9 6 11 8 12 8 10 12 4 8 
5 7 6 5 8 9 7 9 7 8 2 10 6 7 8 4 13 6 10 7 10 7 7 13 14 9 11 7 8 6 4 10 8 8 9 11 6 9 10 13 5 6 6 11 5 5 7 14 10 8 11 9 9 9 10 9 9 7 10 6 9 7 7 9 12 12 9 8 9 14 12 9 7 9 6 10 6 7 8 9 6 7 8 5 9 5 6 4 4 3 9 10 7 12 3 5 12 8 9 10 
4 6 8 9 6 9 10 3 9 7 14 7 9 12 9 8 9 8 10 9 8 9 5 7 6 5 8 7 8 8 8 8 5 8 7 11 11 7 5 10 8 7 10 9 10 15 6 8 6 10 7 7 9 9 7 4 14 13 6 12 7 9 5 12 4 10 4 5 6 5 6 4 13 6 9 5 10 7 4 10 8 5 8 10 11 12 6 9 10 8 9 4 8 10 6 10 9 3 6 8 
12 7 8 7 4 2 8 6 13 9 10 10 12 12 5 5 11 11 13 6 4 15 9 5 5 11 10 11 4 8 8 4 7 10 9 11 8 11 10 7 4 6 9 5 9 3 5 12 3 9 6 5 10 8 6 4 6 9 9 16 8 16 8 5 6 7 10 6 9 12 17 9 4 6 10 4 6 3 5 10 11 16 6 17 7 9 6 16 10 5 7 6 11 9 8 5 11 8 7 4 
5 9 4 5 8 8 6 8 10 5 5 5 7 5 6 8 9 5 11 9 7 7 8 4 6 5 6 7 4 4 6 8 7 5 7 17 4 5 11 6 6 8 7 10 9 7 8 5 9 3 6 8 14 8 8 7 9 8 5 8 8 8 3 9 9 9 7 10 7 12 7 12 10 11 4 6 7 10 5 10 7 9 10 7 7 5 8 7 4 3 6 8 10 8 9 5 9 6 5 1 
5 7 13 7 8 5 6 7 9 13 10 6 7 5 4 10 5 11 5 7 12 6 7 12 7 4 9 7 11 13 12 5 8 7 5 4 6 14 8 11 5 9 7 7 8 5 10 6 4 12 11 3 13 6 10 11 10 4 7 12 12 8 4 11 10 6 9 8 6 8 4 6 5 14 8 6 5 7 8 10 12 8 6 8 8 7 7 12 5 8 8 11 5 5 8 10 7 10 6 5 
6 10 5 11 6 9 4 13 13 9 7 6 3 5 7 5 4 10 6 6 8 9 5 6 6 9 5 8 5 9 8 9 8 6 9 11 1 10 10 9 7 7 9 7 10 3 11 8 12 6 10 11 7 15 8 6 9 6 7 9 11 11 5 9 5 6 9 8 8 7 7 3 6 7 11 9 6 5 7 7 9 5 14 12 6 6 5 14 10 4 6 3 6 6 9 9 11 7 4 7 
9 14 8 7 10 13 13 9 7 9 7 8 5 8 4 8 7 7 8 7 1 5 7 4 8 6 7 6 4 7 8 10 9 6 4 11 6 7 4 4 8 8 9 7 8 7 6 13 5 5 5 6 13 8 10 10 9 11 6 9 6 11 10 7 7 8 8 6 9 8 10 3 7 7 5 11 7 8 7 6 8 5 10 6 8 10 8 7 8 9 8 11 5 10 15 5 10 7 16 10 
5 8 8 4 9 9 9 11 11 7 4 8 13 12 6 9 9 6 18 8 8 7 6 7 7 7 8 4 7 9 11 6 13 14 6 8 6 8 8 9 9 7 7 5 2 6 10 6 3 9 7 8 6 6 3 8 8 4 9 12 4 9 9 5 11 16 10 7 10 10 7 3 9 4 5 4 6 6 6 8 3 13 4 10 10 10 9 10 9 8 11 4 9 3 8 7 9 8 13 12 
5 7 4 8 9 13 10 11 7 10 7 10 7 8 6 2 6 12 8 10 11 7 6 13 12 5 8 10 14 13 7 10 8 5 8 7 8 9 8 8 10 10 9 8 17 2 1 3 12 8 6 10 12 6 7 5 9 7 6 2 7 6 11 6 6 4 10 3 12 13 11 6 8 14 6 5 10 11 9 7 8 11 11 9 7 11 4 4 8 13 12 10 2 4 4 13 12 5 7 3 
2 8 13 5 6 7 11 7 8 4 9 8 11 9 4 6 7 13 7 9 6 4 8 9 7 7 4 11 6 6 5 14 9 8 11 12 6 3 7 10 10 7 5 10 9 2 10 14 6 12 13 9 8 12 10 14 3 10 8 8 13 10 5 5 8 6 11 7 4 5 6 11 5 8 4 11 4 9 9 8 15 7 8 10 10 8 10 8 10 5 12 8 10 7 4 7 7 11 9 11 
8 8 4 8 9 13 8 5 9 5 5 9 10 7 6 9 9 10 2 13 8 4 9 9 4 6 5 4 5 5 9 8 6 8 9 7 4 7 7 11 4 10 7 13 6 7 5 12 9 7 7 10 5 9 5 9 9 10 7 9 7 5 3 8 9 8 9 7 10 10 7 7 8 16 8 8 6 7 7 5 7 9 11 6 3 11 12 6 6 6 8 6 7 9 9 8 4 10 9 4 
10 6 5 10 8 9 15 12 7 8 8 6 8 8 6 3 2 4 8 10 11 11 9 4 6 9 7 6 12 7 5 4 5 15 6 5 14 2 1 11 5 7 6 8 6 6 4 12 8 8 14 4 7 9 5 6 4 9 14 14 9 5 11 15 8 7 10 5 8 8 6 6 12 4 3 6 8 5 8 6 5 5 9 6 4 7 10 10 9 3 7 8 14 9 9 5 5 9 6 4 
9 8 10 8 5 7 8 7 8 6 5 8 13 11 13 2 11 3 8 5 5 13 12 10 4 2 10 11 7 5 6 8 6 6 7 7 10 8 6 8 9 13 4 8 8 7 5 6 8 12 12 5 4 4 6 9 11 10 10 8 9 10 10 13 4 10 6 9 11 9 6 8 7 11 13 9 3 12 7 7 10 12 14 5 4 8 8 3 4 15 6 7 8 9 8 8 8 5 5 10 
2 7 10 5 9 8 8 7 9 6 7 9 11 15 10 6 13 3 9 8 11 11 10 9 9 12 8 6 9 8 12 8 10 6 6 10 7 5 8 7 6 11 8 5 10 5 9 9 15 6 12 8 14 9 13 12 5 14 6 8 12 6 9 10 10 11 6 8 8 11 9 9 12 13 11 8 9 8 4 10 5 6 9 9 2 11 6 9 10 8 8 8 4 7 6 8 4 9 9 6 
9 8 11 8 12 5 10 6 11 11 8 13 7 8 6 8 8 13 8 5 2 9 3 6 4 9 5 6 8 7 14 9 4 5 9 6 9 7 4 8 7 9 8 10 9 7 7 4 5 9 4 9 9 9 5 2 3 12 13 9 9 13 11 3 10 9 9 10 6 8 3 5 8 6 6 3 10 4 15 8 10 5 12 10 10 7 7 9 6 9 9 12 17 11 3 11 4 12 9 9 
4 10 8 6 8 8 8 10 8 9 9 4 7 9 9 9 10 2 9 9 6 3 7 7 5 6 5 15 6 9 8 8 10 7 4 9 4 14 9 9 5 7 5 12 2 7 11 11 10 5 5 7 9 6 6 5 14 11 7 11 11 6 4 13 4 9 5 9 7 12 9 8 11 4 6 11 6 7 10 7 6 11 11 13 12 10 12 12 5 6 10 4 9 7 11 10 9 8 12 4 
7 7 9 9 8 3 6 9 6 8 8 9 4 9 8 5 7 0 5 8 8 2 3 9 7 6 16 3 7 7 4 12 7 8 12 8 6 11 5 9 5 11 12 8 6 6 9 6 4 6 7 15 6 8 8 3 7 5 6 6 9 3 10 14 9 9 8 8 8 4 9 6 7 7 9 14 8 4 4 10 10 10 3 10 8 13 10 8 11 11 14 7 4 9 5 9 9 5 8 4 
4 4 10 4 8 8 6 5 10 5 4 5 6 8 6 11 7 9 2 9 7 9 12 8 10 7 5 5 13 7 14 7 9 8 7 13 6 8 6 8 9 7 5 5 12 11 8 5 8 7 5 10 13 7 10 9 8 9 9 7 3 6 9 16 5 8 10 9 11 6 6 12 7 6 6 3 8 3 7 12 9 7 6 6 4 3 5 6 11 13 10 8 4 7 8 7 6 10 5 9 
12 7 8 6 4 3 8 8 4 7 10 5 6 9 10 12 10 6 5 8 8 7 6 8 11 12 10 12 1 6 4 6 8 7 3 12 10 8 8 6 12 10 8 7 7 8 3 7 10 10 12 4 3 14 8 11 9 7 4 7 5 6 8 8 11 10 12 17 7 9 16 7 10 6 8 6 10 8 8 12 9 8 9 6 10 12 10 7 7 8 10 10 6 9 11 7 6 7 13 4 
4 6 6 10 9 8 7 7 5 8 11 8 8 10 8 9 5 10 14 5 12 4 11 8 7 7 5 11 10 10 7 6 4 9 5 7 12 4 10 7 13 5 1 9 4 6 11 8 7 7 10 3 7 4 11 9 11 6 5 4 4 7 8 8 5 4 10 9 2 7 4 4 4 9 8 13 8 15 9 9 6 5 10 11 5 11 5 11 8 16 5 8 10 5 4 11 12 10 13 5 
3 11 8 7 12 6 6 9 12 3 3 11 10 7 5 10 8 9 7 7 9 11 6 5 7 10 3 10 8 8 14 10 7 7 8 13 7 10 8 7 7 7 10 7 9 8 7 9 5 5 7 11 9 6 4 13 7 9 10 11 5 7 10 6 11 8 4 11 12 8 7 9 11 6 5 5 4 15 10 9 8 9 9 6 12 9 15 7 11 12 9 7 13 8 7 2 7 11 8 5 
7 2 5 8 6 9 10 8 9 9 8 5 9 7 8 9 8 7 8 6 9 5 5 5 3 10 9 7 4 6 7 5 3 8 9 10 5 8 6 8 7 8 6 7 8 5 7 8 7 9 12 11 5 12 7 8 7 10 8 8 9 7 5 7 3 10 12 8 7 5 11 5 6 6 10 5 11 10 6 7 7 7 5 8 8 10 8 11 6 5 6 16 2 9 9 3 9 7 5 7 
4 2 9 9 7 9 5 4 7 5 8 2 10 7 3 8 4 7 6 7 8 13 10 10 8 4 9 8 9 8 10 2 3 5 10 8 4 11 4 6 9 11 8 6 5 4 5 12 16 6 6 11 13 7 2 12 7 9 9 4 11 8 12 8 10 6 3 4 9 7 9 9 7 7 6 11 7 11 12 9 12 7 8 7 11 9 14 6 5 3 6 10 8 10 11 11 9 10 8 6 
9 10 7 4 17 11 5 9 11 4 5 8 9 10 7 7 7 12 5 5 10 7 8 4 7 8 8 11 8 4 4 10 4 6 7 8 12 3 9 6 7 8 2 3 9 5 10 8 5 9 10 9 8 9 4 8 5 5 7 7 6 8 8 5 8 9 7 6 8 7 7 6 6 10 10 12 9 8 8 9 10 7 6 7 8 6 6 11 7 6 8 8 4 11 5 7 8 10 3 2 
7 13 6 10 12 9 10 10 10 10 8 6 11 8 5 11 6 12 10 9 11 5 7 9 4 7 4 11 11 11 8 5 6 10 10 7 11 5 6 8 5 5 5 8 3 4 10 13 5 2 5 13 14 6 10 10 9 6 6 12 5 9 6 5 11 7 7 10 5 11 5 7 5 4 5 6 12 7 3 3 7 12 9 6 4 7 6 4 3 13 7 12 13 11 5 7 8 9 8 3 
5 5 4 7 9 10 7 9 12 5 12 5 6 6 9 9 11 7 4 8 1 7 9 12 3 6 7 5 6 4 6 6 9 8 7 7 16 12 6 12 10 3 10 10 9 9 8 7 12 10 9 6 10 8 10 3 8 9 4 7 9 6 4 8 8 9 9 8 6 10 6 12 4 11 13 8 9 11 6 5 4 9 4 9 11 5 5 11 11 5 14 11 6 7 5 11 12 7 7 5 
8 6 5 6 1 10 7 8 10 12 5 6 14 13 9 8 8 7 4 10 6 6 9 3 4 10 7 7 11 5 11 6 3 5 11 6 9 7 6 10 9 7 10 5 8 7 9 11 7 7 7 7 9 5 9 8 12 5 9 4 5 6 10 10 7 8 8 12 7 10 9 8 7 5 5 12 5 5 6 6 8 10 10 7 7 7 9 12 6 9 5 8 8 6 3 4 4 13 7 12 
6 4 10 10 7 4 8 4 6 6 8 7 3 7 7 8 11 10 14 4 7 4 10 10 9 5 8 8 4 8 6 13 5 5 10 2 8 7 6 9 7 6 7 8 11 3 13 6 10 9 7 6 12 6 7 9 9 9 12 13 9 3 9 7 6 11 5 1 15 7 8 5 7 5 15 8 10 9 4 4 6 6 9 8 8 8 11 7 4 13 4 8 8 9 7 11 11 10 6 8 
16 5 8 6 12 10 5 4 7 8 14 6 7 7 8 8 9 7 7 13 4 5 5 10 14 11 11 6 6 12 7 8 10 8 11 8 6 19 5 7 16 9 5 8 2 8 9 7 11 8 11 5 8 9 18 1 4 5 10 5 8 10 2 13 8 9 7 12 10 10 7 19 8 9 7 8 4 5 10 7 4 10 8 9 11 8 8 12 7 9 11 6 7 9 10 9 11 6 9 8 
5 5 5 9 11 6 9 4 4 5 5 7 9 12 10 10 16 7 4 4 10 2 3 11 9 5 4 11 2 6 5 7 15 2 8 12 10 7 8 3 8 9 10 5 5 10 6 9 10 12 9 5 7 10 7 15 4 8 6 9 6 7 6 9 8 8 7 12 11 10 8 12 5 8 11 8 8 9 10 2 7 10 7 6 7 13 8 11 9 3 4 6 11 8 15 6 10 6 7 3 
9 5 11 9 6 7 8 11 6 4 2 8 9 10 10 10 5 9 6 9 6 8 4 7 12 4 8 5 6 9 9 5 4 10 3 5 8 8 3 6 8 8 8 8 5 14 6 10 7 8 11 18 12 6 10 9 14 7 2 9 6 1 6 8 6 11 9 11 11 8 9 8 9 5 10 8 5 6 3 5 3 8 7 10 10 4 6 11 5 6 8 5 8 9 9 5 10 9 4 4 
4 6 8 8 5 6 7 6 9 8 5 8 9 9 5 14 14 10 11 15 10 4 5 4 9 7 8 9 7 6 4 7 7 7 8 5 13 13 5 9 6 7 8 8 11 2 4 16 8 6 4 12 7 6 10 5 3 6 8 7 6 10 11 13 5 1 8 5 10 8 5 10 11 10 9 11 8 4 4 4 7 7 7 10 11 3 11 7 9 7 6 6 8 3 10 6 6 10 5 7 
10 5 3 8 4 6 5 7 6 8 4 10 6 11 10 9 14 8 9 5 7 4 10 10 9 8 7 6 7 7 6 9 5 7 11 11 7 10 4 10 5 3 7 9 10 13 7 8 10 6 8 12 8 5 9 7 9 4 6 13 8 8 8 2 9 8 7 7 7 9 8 7 13 10 6 7 8 3 15 5 7 2 4 8 8 12 8 7 5 8 6 7 9 8 5 7 7 8 7 10 
6 7 13 8 7 16 9 5 7 3 12 6 9 5 7 15 5 9 9 9 12 12 9 8 3 8 11 7 8 10 6 7 10 5 4 10 6 9 4 12 6 9 6 12 7 7 6 4 11 12 10 12 10 8 5 10 7 7 12 7 11 9 6 9 3 8 10 2 12 9 8 6 9 11 13 5 8 14 10 9 11 5 10 12 8 4 9 12 4 15 11 8 11 10 5 4 13 4 9 3 
4 7 8 9 8 9 14 7 7 11 13 12 10 10 7 6 7 7 9 8 13 9 10 6 6 6 5 2 9 8 9 4 1 12 10 3 10 6 4 11 8 8 12 12 6 6 11 5 15 10 13 8 7 9 5 13 8 6 4 6 5 7 8 6 14 7 11 13 8 9 11 8 8 9 7 7 11 5 10 10 8 13 9 14 10 10 6 5 7 7 7 6 11 10 5 9 6 7 5 7 
5 10 6 9 15 4 9 9 17 14 4 8 7 3 4 14 10 8 3 8 7 9 10 16 5 5 4 10 4 6 7 7 10 9 9 2 7 9 8 5 6 6 9 5 8 8 10 7 5 12 6 9 10 5 11 9 4 3 8 5 11 15 8 6 10 9 8 13 11 12 9 10 10 9 5 11 5 8 6 7 10 6 9 7 9 7 7 10 6 12 9 11 11 7 8 6 1 8 9 9 
5 13 10 7 8 9 3 8 11 7 6 6 7 4 5 5 5 4 6 11 7 6 13 5 13 12 8 8 4 6 5 6 6 7 7 9 14 10 6 5 12 5 5 10 10 4 7 14 7 6 7 14 10 10 11 6 4 13 8 9 6 4 7 12 3 8 6 7 11 9 12 13 9 9 8 8 5 7 2 4 12 9 3 11 12 9 4 8 7 7 9 11 11 7 10 10 10 5 9 5 
2 8 9 10 8 4 8 7 6 6 9 10 7 7 9 5 5 8 12 5 10 7 5 5 14 12 10 5 6 7 12 6 11 5 4 8 1 4 9 9 9 5 12 14 10 10 5 4 7 7 6 6 7 11 5 12 12 10 9 7 7 10 8 10 5 5 6 10 9 5 11 9 4 12 5 9 10 7 8 8 10 2 6 5 7 6 10 3 9 10 4 8 6 6 8 5 13 13 7 5 
5 9 3 8 9 10 10 8 3 4 6 7 9 8 10 8 5 4 8 8 12 4 9 4 4 4 8 4 9 11 10 4 4 12 3 6 8 6 4 10 11 11 3 8 10 12 2 11 3 4 11 6 5 9 14 6 5 5 10 7 5 10 7 11 11 6 10 10 10 8 12 8 9 4 10 8 4 4 13 6 4 1 11 10 9 4 4 4 11 6 5 10 9 10 3 7 8 7 7 5 
8 11 8 4 12 6 8 10 6 10 10 10 10 7 4 9 6 7 5 7 4 5 7 8 6 8 17 9 8 10 6 5 7 5 7 10 4 11 11 5 6 9 5 6 8 7 5 4 9 8 11 7 4 4 6 11 9 10 9 6 5 5 5 8 10 7 5 5 7 5 1 11 6 2 8 7 5 6 7 7 6 5 6 5 6 7 11 8 8 6 5 4 8 3 11 7 10 6 12 6 
8 8 9 5 6 4 6 6 6 13 5 7 6 4 7 10 6 7 6 8 5 13 7 15 11 13 13 5 11 8 9 4 7 8 8 9 10 13 2 9 8 8 12 10 7 9 10 8 9 4 5 13 7 10 9 11 11 10 5 10 4 5 4 11 8 9 14 10 7 2 8 5 10 8 4 10 9 10 6 5 6 9 9 15 10 8 6 6 8 7 6 7 10 4 12 13 8 9 4 8 
4 11 7 8 10 9 7 3 13 8 6 12 5 7 6 9 4 11 7 7 9 9 7 6 5 8 6 10 4 3 6 8 8 9 10 11 10 5 3 10 10 5 5 9 12 7 6 7 6 7 12 7 8 6 6 9 6 11 10 8 7 5 7 4 6 5 9 5 9 11 6 6 9 13 8 12 5 8 8 6 12 8 11 7 8 8 10 8 8 7 10 20 5 13 3 7 8 11 12 11 
6 10 9 6 4 7 5 8 9 10 7 5 6 3 9 5 3 2 7 7 4 5 11 8 7 11 7 5 5 8 12 7 5 14 10 10 12 9 8 8 9 9 8 8 11 6 10 7 4 6 8 6 11 8 6 10 8 7 9 7 9 9 10 4 7 4 5 10 7 7 7 7 0 5 11 6 8 5 8 6 14 5 15 9 11 8 6 2 8 9 8 8 8 3 9 12 7 9 9 6 
5 10 16 9 6 5 9 11 4 11 7 12 9 10 6 9 5 8 12 12 8 15 11 6 9 6 5 7 5 4 7 9 13 2 14 9 9 12 7 7 9 1 10 5 11 8 8 9 10 9 8 14 3 6 10 10 7 9 4 4 10 9 11 7 5 10 8 5 10 8 7 8 10 8 11 12 9 8 6 7 6 8 5 10 6 6 5 10 4 10 5 8 11 10 7 6 7 5 6 7 
5 7 13 11 5 9 2 10 12 3 6 8 11 8 10 8 8 12 12 10 9 5 5 5 9 5 9 8 8 7 9 12 8 3 3 9 11 7 10 4 4 7 3 8 7 3 11 8 9 11 8 3 8 16 8 8 10 8 5 7 7 10 12 9 9 4 12 9 9 7 7 7 7 7 3 6 5 11 10 12 10 9 13 11 10 2 7 8 11 15 18 6 11 12 13 6 10 8 11 7 
8 12 9 8 3 9 6 5 10 2 10 11 7 4 9 16 4 7 7 13 9 4 5 7 7 3 9 14 8 6 8 5 4 6 8 9 6 7 11 11 9 10 9 6 5 6 11 10 2 9 8 9 9 9 4 6 10 5 6 7 8 5 6 6 3 8 9 8 10 10 4 7 9 5 8 11 5 10 9 8 5 12 6 2 12 2 15 12 5 11 8 11 10 8 5 6 9 2 9 7 
6 8 11 6 6 9 9 5 8 4 9 7 8 8 8 9 8 6 10 10 8 5 13 10 11 7 9 10 6 10 12 9 16 6 10 8 13 6 6 7 9 7 4 3 14 11 5 7 8 3 15 12 11 6 10 10 13 6 7 10 9 7 3 10 8 4 4 9 17 3 9 5 7 13 7 5 5 11 6 7 10 3 9 6 9 7 11 4 11 8 3 3 4 14 13 13 6 13 7 4 
9 8 3 11 1 7 9 9 5 10 5 9 8 14 6 6 7 3 7 11 8 6 6 9 3 8 10 8 5 10 16 9 8 9 13 7 9 9 11 4 3 5 7 7 8 4 9 10 12 10 8 13 11 13 5 8 6 7 7 4 8 5 10 7 4 6 13 8 8 10 8 12 10 8 7 10 4 4 8 10 7 8 5 8 7 5 5 5 8 10 5 8 14 11 5 10 8 8 14 5 
9 6 7 6 7 13 7 6 8 8 14 17 2 9 5 13 9 8 7 2 7 11 5 10 11 7 4 6 7 12 11 9 7 12 6 4 6 5 8 9 6 8 7 5 7 10 9 7 3 8 10 8 11 3 6 15 6 8 16 8 9 14 13 8 10 12 5 6 10 10 11 9 5 7 7 8 8 4 3 12 6 6 11 6 5 12 9 9 13 7 5 13 4 10 11 9 6 10 10 6 
6 11 10 6 10 13 8 7 5 10 12 3 6 10 3 7 6 10 11 2 10 5 4 15 4 12 8 9 9 7 6 9 11 7 4 10 10 7 8 7 7 4 9 7 5 5 4 16 3 7 9 9 6 7 11 6 10 12 8 5 10 9 11 10 10 6 10 7 5 6 11 4 8 5 6 14 13 12 9 6 5 7 11 8 3 8 8 7 11 7 8 6 8 7 6 7 5 12 9 7 
8 9 8 4 8 4 6 9 10 13 7 15 7 10 12 4 8 9 6 11 5 7 9 8 9 11 5 7 4 9 4 9 6 9 9 11 12 7 3 8 12 6 4 7 8 13 4 7 7 10 11 8 11 9 5 10 9 9 8 11 5 8 6 8 10 9 11 6 7 5 4 8 7 3 12 6 5 9 7 5 8 5 7 10 10 15 7 6 13 6 10 10 14 6 5 12 13 7 6 8 
7 8 8 5 9 10 10 12 5 7 8 11 10 7 8 3 11 5 8 11 12 6 10 5 8 6 7 10 10 7 9 9 13 11 12 8 10 4 7 9 6 9 13 14 7 7 8 9 13 7 8 12 6 5 8 11 6 4 5 6 10 6 12 5 5 8 10 11 8 6 10 9 5 6 6 11 5 6 3 12 9 10 8 13 7 9 7 7 4 10 5 7 6 10 8 10 8 8 9 8 
5 6 8 4 7 12 9 4 6 5 11 6 13 7 10 5 8 9 8 8 11 11 5 10 3 12 10 5 10 9 10 8 8 6 7 12 4 15 10 10 9 5 3 11 5 7 11 7 10 15 3 8 5 6 10 6 5 7 5 5 18 10 12 8 4 7 11 8 8 7 6 10 13 7 10 3 9 5 13 2 10 9 3 5 7 8 9 10 10 5 10 6 3 10 11 5 5 14 4 8 
5 13 5 8 4 10 5 4 8 3 4 5 4 3 6 8 8 7 10 6 9 8 8 7 11 12 9 8 5 5 7 5 11 7 10 9 9 8 8 8 7 5 7 10 7 11 7 8 5 6 8 11 8 10 14 15 3 9 5 12 8 3 8 4 6 8 13 3 4 5 5 11 5 8 9 8 7 14 10 7 7 8 6 5 11 13 3 4 9 7 5 13 6 9 10 13 13 8 10 5 
6 9 2 8 4 9 10 11 8 9 8 6 9 6 5 7 13 5 10 7 6 8 5 10 11 5 6 4 8 6 7 4 11 8 5 9 8 7 7 15 8 11 6 8 4 12 10 6 8 12 4 11 8 6 11 13 7 11 7 8 9 5 9 7 7 11 5 5 10 7 8 6 6 2 8 9 7 9 5 15 8 8 9 14 12 11 8 9 8 8 11 5 8 10 6 11 10 5 4 6 
13 7 10 10 9 8 10 9 6 7 8 9 8 13 7 11 5 3 5 8 7 8 9 14 11 4 6 8 8 6 11 3 4 7 10 4 6 9 5 11 8 9 6 9 5 5 8 4 11 5 7 7 9 13 4 12 5 10 5 3 4 4 6 8 19 12 7 3 8 14 6 5 7 4 12 8 9 6 6 12 6 9 4 11 9 6 6 6 10 7 4 8 7 7 10 6 6 9 6 4 
7 13 5 7 6 8 5 8 9 8 3 8 11 10 9 6 6 11 3 6 11 5 10 5 7 7 7 7 5 10 8 8 10 6 6 3 11 5 8 10 9 8 7 9 8 9 12 10 5 1 10 6 7 12 7 6 7 9 7 6 7 5 10 8 9 8 15 5 10 11 10 5 12 8 12 9 10 6 8 8 11 9 7 5 9 5 8 6 13 7 8 9 5 5 9 3 10 5 4 7 
10 8 3 6 4 7 10 5 6 6 13 7 8 8 8 9 11 6 13 11 11 11 12 7 6 8 12 12 5 2 6 2 9 7 6 10 10 14 4 5 13 7 8 5 4 9 6 9 4 8 6 6 6 10 5 5 10 13 6 4 8 9 7 7 10 8 13 3 10 7 8 8 1 6 10 3 5 10 11 8 5 11 8 4 3 8 5 8 15 4 7 8 7 3 6 13 11 10 10 9 
10 9 12 7 15 6 10 9 8 8 5 7 9 7 4 9 5 6 11 8 12 9 10 2 7 4 10 5 10 2 10 8 7 5 4 6 9 5 8 8 2 14 5 11 13 7 4 8 8 12 10 6 11 3 9 9 8 11 9 11 13 7 11 11 4 5 7 6 10 4 7 3 9 9 9 10 12 9 9 6 10 8 8 8 9 6 12 6 7 8 12 7 7 11 7 10 4 11 11 7 
13 5 8 8 12 8 2 5 14 7 12 3 7 10 6 5 3 7 10 6 12 9 8 7 9 5 6 8 12 9 6 10 8 11 8 9 5 7 7 9 0 10 8 9 5 3 7 3 4 10 7 9 5 8 7 1 9 4 14 8 9 12 10 11 7 9 12 4 8 10 2 4 12 2 4 8 12 8 4 9 11 10 10 14 10 11 8 5 12 9 6 7 9 4 2 8 6 7 13 7 
