# Format: McCode with text headers
# URL: http://www.mccode.org
# Creator:  3.7.12, git
# Instrument: /opt/homebrew/Caskroom/miniconda/base/envs/mcstas/share/mcstas/resources/examples/TUDelft/SESANS_Delft/SESANS_Delft.instr
# Ncount: 1000000
# Trace: no
# Gravitation: no
# Seed: 1234
# Directory: /Users/ldq/Work/McStasBench/benchmark/refcache/T1_SESANS_Delft_work/ref_20260724_153324_94648_23
# Param: L0=2.165
# Param: DL=0.02
# Param: By=0.00468
# Date: Fri Jul 24 15:33:33 2026 (1784925213)
# type: array_2d(101, 101)
# Source: SESANS_Delft (/opt/homebrew/Caskroom/miniconda/base/envs/mcstas/share/mcstas/resources/examples/TUDelft/SESANS_Delft/SESANS_Delft.instr)
# component: det
# position: 0 0 4.5
# title: PSD monitor
# Ncount: 1000000
# filename: det.dat
# statistics: X0=-0.00073691; dX=0.316924; Y0=-0.00148507; dY=0.316788;
# signal: Min=3.22794e-12; Max=5.05095e-11; Mean=2.2033e-11;
# values: 2.24759e-07 6.92689e-10 286401
# xvar: X 
# yvar: Y 
# xlabel: X position [cm]
# ylabel: Y position [cm]
# zvar: I
# zlabel: Signal per bin
# xylimits: -0.55 0.55 -0.55 0.55
# variables: I I_err N
# Data [det/det.dat] I:
1.419012711e-11 1.334731364e-11 2.409440698e-11 2.192029082e-11 3.518452944e-11 1.0851597e-11 2.301624397e-11 2.94999621e-11 1.514950027e-11 2.099784791e-11 9.171012136e-12 1.08357802e-11 3.197029803e-11 1.620773237e-11 2.066292248e-11 4.296218358e-11 1.836142912e-11 1.400072809e-11 1.239985149e-11 2.549176092e-11 2.808739986e-11 1.876907019e-11 2.87643376e-11 3.292043639e-11 2.525990124e-11 2.168933977e-11 2.193736134e-11 1.29670751e-11 2.252482046e-11 2.665185787e-11 2.254875538e-11 1.310123055e-11 2.713936836e-11 4.424133925e-12 1.107560759e-11 2.113155109e-11 1.28477657e-11 9.022466984e-12 4.279721339e-11 2.057157016e-11 2.179283249e-11 1.607272497e-11 2.236547654e-11 2.115376227e-11 1.948531145e-11 3.132717797e-11 1.79644913e-11 1.78510968e-11 1.07083536e-11 1.63182785e-11 1.830031451e-11 1.202139418e-11 1.817659796e-11 2.173956683e-11 2.276500397e-11 2.33369184e-11 1.208527457e-11 2.223254929e-11 2.323091221e-11 6.222602465e-12 2.034491312e-11 2.762297273e-11 2.163255387e-11 2.12471575e-11 2.197974092e-11 1.757476928e-11 2.646363517e-11 1.774457608e-11 1.342271116e-11 1.798596974e-11 2.244721108e-11 1.568892519e-11 2.771987187e-11 1.708294481e-11 3.887820606e-11 1.928350621e-11 1.863562693e-11 1.954026684e-11 2.292197503e-11 2.196818647e-11 1.902169665e-11 2.135879732e-11 2.863996743e-11 2.023430785e-11 1.983382473e-11 1.713573124e-11 1.183720311e-11 2.604985454e-11 2.740720903e-11 2.573753465e-11 2.534855596e-11 3.866700424e-11 9.083213851e-12 1.832550569e-11 1.904533134e-11 3.059629555e-11 3.134258826e-11 1.831322693e-11 2.901326152e-11 1.490840611e-11 2.323750802e-11 
1.719326104e-11 1.594233923e-11 1.526472226e-11 2.288007783e-11 8.539669689e-12 3.333377462e-11 1.962736153e-11 2.544885804e-11 2.445879523e-11 1.634303143e-11 2.261606959e-11 1.632896105e-11 1.99270066e-11 1.239319456e-11 2.0232874e-11 1.187072056e-11 1.194915455e-11 1.38109158e-11 1.329855143e-11 2.795111669e-11 2.167080289e-11 1.47282789e-11 3.803821301e-11 2.136019086e-11 2.427788189e-11 2.119221509e-11 1.198111345e-11 2.993925269e-11 2.317631547e-11 3.036172865e-11 1.20735874e-11 2.137192367e-11 1.403244986e-11 2.855193893e-11 2.800745419e-11 1.793712981e-11 1.516671028e-11 1.648082359e-11 2.177728456e-11 1.755849522e-11 3.072594864e-11 1.768034767e-11 1.529081912e-11 2.333188139e-11 2.153497313e-11 2.085251519e-11 2.299923339e-11 2.198505664e-11 1.935515482e-11 1.257914405e-11 2.165593007e-11 2.250861867e-11 3.236863409e-11 1.463433519e-11 1.861763699e-11 2.412289792e-11 1.773940965e-11 3.02454907e-11 2.663000045e-11 1.630384145e-11 2.197820603e-11 2.090875173e-11 1.862325074e-11 3.379417017e-11 1.507548177e-11 1.697465189e-11 1.768016897e-11 1.740896318e-11 9.365691207e-12 1.829382568e-11 2.802854634e-11 3.736520507e-11 1.321353441e-11 2.069745318e-11 1.180375447e-11 2.871318843e-11 1.540170022e-11 2.871518555e-11 2.53052308e-11 1.715192192e-11 2.983928771e-11 1.612551783e-11 2.943955766e-11 2.949977078e-11 2.05810041e-11 2.402311505e-11 2.091221497e-11 2.502100737e-11 3.460926084e-11 1.620631602e-11 1.759961364e-11 2.781251705e-11 2.913295175e-11 3.252271523e-11 1.928229619e-11 2.288378168e-11 2.420645595e-11 2.216695582e-11 2.335787803e-11 1.997367148e-11 1.360009227e-11 
1.564220238e-11 1.654633021e-11 2.632563634e-11 1.731521852e-11 1.344246767e-11 1.630800099e-11 2.907599309e-11 2.928795993e-11 2.427938693e-11 2.680886102e-11 1.99057986e-11 1.157517687e-11 1.79203384e-11 1.162455457e-11 2.123970262e-11 1.55370773e-11 1.64004951e-11 2.61776764e-11 2.710357135e-11 2.311303316e-11 2.020921016e-11 1.947069985e-11 2.203248354e-11 2.589925891e-11 1.189871025e-11 1.627461265e-11 2.749185476e-11 1.589954403e-11 2.523281724e-11 1.900371181e-11 2.268757681e-11 1.843416238e-11 3.992041955e-11 1.957760535e-11 3.227729379e-11 3.435523346e-11 3.13110038e-11 2.327110769e-11 1.819438515e-11 2.094964711e-11 2.133002905e-11 8.429494879e-12 2.262398707e-11 2.161566426e-11 2.801542012e-11 2.90843041e-11 2.68490606e-11 2.448976107e-11 2.317200179e-11 1.8416138e-11 1.634196132e-11 2.194103142e-11 2.184476859e-11 1.472981913e-11 3.804701873e-11 1.446779997e-11 2.229978266e-11 2.071336102e-11 2.629357636e-11 2.087087208e-11 1.917535504e-11 1.775856413e-11 1.821582618e-11 2.873672216e-11 2.830304996e-11 1.684765036e-11 2.545037251e-11 2.002360303e-11 3.152323344e-11 2.163651668e-11 1.358233016e-11 2.662529144e-11 3.010875487e-11 1.121312144e-11 2.350938327e-11 1.878716291e-11 3.167544642e-11 1.99744557e-11 1.631053899e-11 2.984232356e-11 3.507893604e-11 1.460092922e-11 2.264540341e-11 3.112049785e-11 2.929784436e-11 1.603968565e-11 2.503985925e-11 1.584542107e-11 1.232546228e-11 2.628420198e-11 9.448373672e-12 2.416027855e-11 1.97958374e-11 8.812966927e-12 1.757088643e-11 2.172709295e-11 2.483162605e-11 2.295809123e-11 2.487779955e-11 2.364401118e-11 2.386250394e-11 
3.198117529e-11 2.088514378e-11 2.618389606e-11 2.567285141e-11 1.703702165e-11 2.178210359e-11 2.21304403e-11 3.170775491e-11 2.787702029e-11 2.466749008e-11 2.345569346e-11 1.911005522e-11 3.111724508e-11 1.240227915e-11 1.402954112e-11 1.523362872e-11 2.943786217e-11 1.772734276e-11 2.635181229e-11 1.320882274e-11 1.122598839e-11 1.841893379e-11 2.265213618e-11 2.487567614e-11 2.787679464e-11 2.211508822e-11 2.085356717e-11 1.160546819e-11 3.008989091e-11 3.73147456e-11 2.222939176e-11 2.088692686e-11 1.623962904e-11 2.075149856e-11 2.225301133e-11 2.666876993e-11 2.640600118e-11 3.808482938e-11 3.325132555e-11 1.078029765e-11 2.738480792e-11 1.827350713e-11 1.975683277e-11 2.183396798e-11 4.813539768e-11 2.153836016e-11 1.892643544e-11 2.153319566e-11 2.756576943e-11 1.176699319e-11 3.121949696e-11 1.945461199e-11 1.827015222e-11 2.129744457e-11 2.50446475e-11 2.01463157e-11 1.306668553e-11 2.842516191e-11 2.50580392e-11 2.02420651e-11 1.637573487e-11 3.701701281e-11 2.038064466e-11 1.544815785e-11 1.673289975e-11 3.489688879e-11 1.947520047e-11 1.768702344e-11 2.502624922e-11 2.740128042e-11 9.497907482e-12 2.959990031e-11 1.825554202e-11 3.009846074e-11 1.932106133e-11 1.586848418e-11 2.106330064e-11 1.501559453e-11 1.28698089e-11 2.31953997e-11 2.02728537e-11 2.802087152e-11 1.724834785e-11 2.37038924e-11 2.363961202e-11 3.126453285e-11 2.320357801e-11 1.405440584e-11 1.283894068e-11 1.798793716e-11 2.534793911e-11 1.917309435e-11 1.993100363e-11 1.881900934e-11 1.247818358e-11 1.369975996e-11 1.784304151e-11 1.345271556e-11 2.317592224e-11 1.956118984e-11 2.239670521e-11 
2.610670038e-11 3.647567755e-11 2.830287237e-11 2.310259471e-11 1.685931517e-11 1.996958487e-11 1.94378118e-11 2.591900515e-11 1.422028438e-11 1.605281436e-11 2.514949162e-11 2.217173836e-11 1.474892547e-11 2.127756709e-11 2.105653789e-11 1.869430052e-11 2.005479472e-11 2.725013408e-11 2.683924365e-11 2.074009353e-11 2.67766738e-11 2.346182998e-11 2.504919047e-11 2.055074235e-11 2.963543131e-11 2.482802497e-11 2.650141686e-11 1.45053563e-11 2.026027732e-11 2.780787741e-11 1.232906304e-11 1.760597164e-11 1.704569356e-11 3.242158536e-11 1.907455613e-11 1.53190957e-11 1.522789925e-11 1.545263889e-11 9.449498671e-12 4.944701816e-11 2.408567159e-11 1.67545896e-11 2.346828052e-11 1.76749002e-11 2.388377489e-11 2.882395005e-11 2.4746572e-11 1.591734714e-11 1.956553221e-11 1.673223658e-11 2.926218234e-11 3.141695485e-11 1.919242329e-11 2.948083714e-11 2.960796569e-11 3.117458139e-11 2.311790225e-11 2.899094507e-11 1.075214707e-11 1.740049545e-11 1.749404826e-11 1.053312652e-11 3.474973831e-11 3.296575507e-11 1.301124717e-11 1.1178717e-11 1.94047566e-11 2.445450521e-11 3.059048693e-11 3.530415929e-11 6.396552138e-12 1.915129277e-11 1.475706308e-11 2.230828364e-11 3.120603062e-11 1.815074925e-11 1.542965036e-11 1.943822496e-11 1.431170577e-11 2.149440402e-11 1.929652274e-11 2.035715822e-11 2.058724637e-11 2.99711441e-11 3.522034017e-11 2.63762075e-11 2.229073757e-11 2.282043358e-11 2.548831986e-11 2.142569066e-11 2.072183854e-11 2.131135963e-11 2.391983154e-11 1.832499122e-11 1.828856849e-11 2.394517568e-11 3.34684519e-11 1.214074801e-11 1.045303353e-11 1.498605098e-11 2.021618465e-11 
1.654270831e-11 2.094460031e-11 1.534227675e-11 1.717720523e-11 2.798685155e-11 2.782499018e-11 1.451883342e-11 2.703627972e-11 2.55025556e-11 3.613055748e-11 2.552059474e-11 2.492931777e-11 2.569154266e-11 2.716229383e-11 3.068922892e-11 1.853706383e-11 2.092323622e-11 2.17970666e-11 1.696246434e-11 1.441774328e-11 2.284153207e-11 1.819701112e-11 2.235774884e-11 1.873804351e-11 1.746801169e-11 1.619829746e-11 2.571922323e-11 3.436825484e-11 1.433590972e-11 1.414096673e-11 1.785453381e-11 1.396765618e-11 2.998837324e-11 1.513147247e-11 2.921570167e-11 2.312293209e-11 1.955268398e-11 2.785838103e-11 1.178493028e-11 1.953472933e-11 2.3610785e-11 1.909985491e-11 3.395409134e-11 1.237919082e-11 2.120087495e-11 9.07719305e-12 2.631151288e-11 2.484626123e-11 1.493216267e-11 3.171358836e-11 1.760733745e-11 1.850360834e-11 1.763720166e-11 2.715151464e-11 1.6822075e-11 3.262306531e-11 2.019873451e-11 1.651876722e-11 1.243209386e-11 2.423507889e-11 2.523471235e-11 2.248239143e-11 3.259082618e-11 1.925830141e-11 9.053063551e-12 1.80902828e-11 2.623561437e-11 3.55356226e-11 2.209542125e-11 2.059272439e-11 2.016204521e-11 1.411316207e-11 2.136583787e-11 3.119056393e-11 1.423524689e-11 8.542766293e-12 2.608541098e-11 1.532913714e-11 2.16290205e-11 2.712464137e-11 7.906915495e-12 1.565041199e-11 2.698531808e-11 2.748395809e-11 2.17357307e-11 2.716116456e-11 2.941073941e-11 2.065518486e-11 1.864636457e-11 3.41168815e-11 2.052012871e-11 2.291843366e-11 2.277959299e-11 2.613892888e-11 1.795549544e-11 2.634322119e-11 3.16967842e-11 2.396192856e-11 2.103748274e-11 2.388380304e-11 1.787749551e-11 
3.109339439e-11 2.681284187e-11 2.711443737e-11 2.446008283e-11 2.072504541e-11 2.233728728e-11 1.407490443e-11 1.834091133e-11 2.299667301e-11 2.475615949e-11 1.678954563e-11 2.158619835e-11 1.858848968e-11 2.636251909e-11 2.995191915e-11 3.559589806e-11 1.908233635e-11 2.459812532e-11 2.316412061e-11 1.632238209e-11 3.220820253e-11 2.61589184e-11 1.81738925e-11 3.881094064e-11 1.544701739e-11 2.533241053e-11 2.70921284e-11 2.783944155e-11 3.461933459e-11 2.364435726e-11 2.035235887e-11 2.464874662e-11 1.780446263e-11 2.290922729e-11 4.290525452e-11 3.820454906e-11 2.319792216e-11 1.928972282e-11 3.632170798e-11 3.0919128e-11 1.565658137e-11 1.317178815e-11 1.535546146e-11 1.518670097e-11 1.890171571e-11 2.210949846e-11 7.024821959e-12 2.089240288e-11 2.100343241e-11 1.468405168e-11 2.527912153e-11 2.866524883e-11 2.81935602e-11 2.862250092e-11 3.511634212e-11 3.306224634e-11 3.123098481e-11 2.31084135e-11 2.9565029e-11 3.216994412e-11 2.054376409e-11 1.441787134e-11 2.948429347e-11 2.337888022e-11 2.532900939e-11 2.694815946e-11 1.489009731e-11 1.331492385e-11 3.571019967e-11 3.234302313e-11 3.26427522e-11 2.275479952e-11 1.601359711e-11 2.361599949e-11 2.453698675e-11 1.975041387e-11 2.592292321e-11 6.963796673e-12 2.218523921e-11 1.326911659e-11 2.450736174e-11 3.490601561e-11 1.643611428e-11 3.406083726e-11 2.533497139e-11 3.469762863e-11 2.551842329e-11 2.012032316e-11 2.023305003e-11 3.969949251e-11 1.872369261e-11 2.439304358e-11 1.791041904e-11 1.447511156e-11 2.864953349e-11 2.888412273e-11 9.460798778e-12 3.561064524e-11 2.622889045e-11 3.461127414e-11 2.169986224e-11 
1.513029052e-11 1.862292441e-11 2.289868414e-11 2.58619556e-11 2.156733862e-11 1.720045496e-11 1.760898859e-11 2.922254121e-11 2.104064812e-11 1.512424236e-11 2.600500828e-11 2.241332637e-11 2.801686632e-11 1.141354825e-11 5.860396216e-12 2.263971546e-11 2.801128664e-11 1.510499989e-11 1.545547742e-11 2.163674467e-11 2.160736066e-11 2.56512732e-11 2.186900583e-11 2.243530741e-11 3.741179015e-11 2.482823754e-11 1.254386089e-11 2.444542623e-11 2.225384992e-11 3.026248796e-11 3.027756828e-11 1.802785097e-11 2.916382286e-11 1.488094372e-11 2.122738036e-11 2.274646156e-11 1.263751642e-11 5.050950524e-11 2.953178377e-11 2.947183744e-11 2.200818787e-11 3.059455704e-11 1.628716929e-11 2.211709492e-11 1.384261589e-11 1.988746247e-11 3.554953131e-11 1.706507365e-11 2.020033192e-11 3.431691651e-11 1.683766881e-11 1.655346172e-11 2.369789713e-11 2.95663801e-11 2.734324684e-11 1.528829683e-11 3.068068217e-11 1.354109043e-11 2.073078403e-11 2.027145251e-11 2.583999769e-11 1.380217197e-11 3.379847206e-11 2.234013976e-11 3.120079192e-11 1.551257385e-11 2.625223156e-11 1.877686724e-11 2.453828424e-11 3.325658189e-11 3.068733115e-11 2.768347287e-11 1.277598394e-11 2.056904651e-11 2.467610689e-11 2.833010457e-11 1.780061484e-11 2.225270726e-11 1.894598333e-11 2.251140136e-11 1.956258111e-11 2.892158969e-11 1.527202708e-11 1.121503233e-11 3.060692085e-11 2.109819848e-11 2.703687304e-11 1.527496456e-11 8.837701489e-12 2.849119256e-11 2.96422436e-11 2.94347744e-11 1.258062448e-11 1.09104883e-11 1.839657772e-11 3.344580877e-11 1.158655368e-11 2.085872873e-11 1.254016524e-11 2.633550983e-11 1.954339944e-11 
1.02447359e-11 2.127545158e-11 1.378829248e-11 2.542493501e-11 1.891017577e-11 1.858735825e-11 1.642728301e-11 2.898755585e-11 3.21556008e-11 2.235348172e-11 1.949717187e-11 2.823690463e-11 2.520341458e-11 1.292085509e-11 2.56509564e-11 2.74913328e-11 3.295102691e-11 1.426958072e-11 1.448664562e-11 1.737910959e-11 1.852898888e-11 2.179448006e-11 1.162060464e-11 1.203614374e-11 2.705913428e-11 3.212091563e-11 2.35446664e-11 2.451830325e-11 3.171295697e-11 3.099074072e-11 2.654506548e-11 2.107901491e-11 3.199133724e-11 1.744121297e-11 1.758706408e-11 1.509628396e-11 2.275625944e-11 1.947367352e-11 2.663406201e-11 2.103440918e-11 2.264445115e-11 1.428951349e-11 4.638334194e-11 2.409310796e-11 2.359903811e-11 2.643571942e-11 2.452923596e-11 2.075167829e-11 2.09800785e-11 2.507863676e-11 4.80787484e-11 2.000821179e-11 1.732032464e-11 2.587613243e-11 1.755846143e-11 2.395860831e-11 2.199745805e-11 2.497399474e-11 1.403420785e-11 1.982894816e-11 2.771177843e-11 1.5578732e-11 3.267485304e-11 3.313211817e-11 2.461255648e-11 1.359730964e-11 6.190510371e-12 2.228764214e-11 2.104709662e-11 1.329491831e-11 2.073238359e-11 3.307107039e-11 1.490741256e-11 2.443093436e-11 2.692111237e-11 2.265034817e-11 2.225495291e-11 8.455891539e-12 2.444486996e-11 1.909175633e-11 1.53869836e-11 3.019556688e-11 3.383790528e-11 4.87496241e-11 1.596156169e-11 2.504478073e-11 1.266100536e-11 2.595885412e-11 2.768482317e-11 2.64037403e-11 1.979619178e-11 1.793233182e-11 2.505112952e-11 3.365691997e-11 2.423646662e-11 1.622412365e-11 1.315734649e-11 1.915332304e-11 1.776113921e-11 1.728288311e-11 3.446180307e-11 
2.496562135e-11 8.913986274e-12 3.231516232e-11 2.164278588e-11 2.282231754e-11 2.330249966e-11 2.088646384e-11 1.581249166e-11 1.68222217e-11 2.270986378e-11 2.688839431e-11 2.22185011e-11 3.232124096e-11 1.965230414e-11 2.510882444e-11 2.74645642e-11 3.114565008e-11 2.58760547e-11 2.955792771e-11 3.25825302e-11 2.076319809e-11 2.274372045e-11 1.685606535e-11 1.79980019e-11 1.75302934e-11 2.012989052e-11 2.923861672e-11 2.068900528e-11 1.069926852e-11 1.24801697e-11 1.881091379e-11 1.612077101e-11 1.747115865e-11 2.238179157e-11 2.316206313e-11 3.649736037e-11 3.251436721e-11 2.784536427e-11 1.274738529e-11 3.403761705e-11 4.196723877e-11 3.027515187e-11 2.570267243e-11 2.881486057e-11 2.188888628e-11 1.518555176e-11 2.986425339e-11 2.013309241e-11 2.292189994e-11 2.409575983e-11 2.23041854e-11 2.230870982e-11 2.628332135e-11 2.513257841e-11 2.387146714e-11 2.65553613e-11 2.549015666e-11 2.218179954e-11 1.75863579e-11 2.983837076e-11 2.465336893e-11 2.639124682e-11 1.681731126e-11 2.988119782e-11 4.614317404e-12 1.224758785e-11 2.332451508e-11 3.41917945e-11 2.275678778e-11 1.738520784e-11 2.381858044e-11 1.406588837e-11 1.712842069e-11 2.951762497e-11 1.270170742e-11 1.473584621e-11 2.288233447e-11 2.90029647e-11 1.310003635e-11 1.396627886e-11 2.496320716e-11 1.078729372e-11 2.063226303e-11 1.597544281e-11 1.060734088e-11 2.357913981e-11 1.449873124e-11 1.400872988e-11 1.714519812e-11 1.907283707e-11 2.367374717e-11 1.987216204e-11 1.348957058e-11 1.255983684e-11 2.973962953e-11 3.488991489e-11 1.820016057e-11 3.604985477e-11 5.948746323e-12 1.257068493e-11 2.718844855e-11 
1.231689932e-11 2.717373084e-11 1.832851685e-11 1.938853301e-11 1.649285376e-11 2.90953426e-11 2.97556764e-11 2.238910706e-11 3.89294706e-11 1.679943754e-11 1.931262918e-11 1.970662493e-11 2.647375174e-11 2.110350366e-11 3.061299944e-11 1.178958997e-11 3.320982949e-11 2.977115986e-11 2.421682902e-11 2.376157504e-11 2.495807053e-11 3.030299242e-11 3.578477984e-11 3.617642861e-11 3.493720253e-11 2.151110884e-11 1.046331613e-11 2.188516718e-11 1.524530253e-11 1.955655885e-11 3.067796057e-11 1.588352919e-11 1.954152569e-11 2.116961824e-11 4.068809144e-11 2.636392714e-11 2.707546335e-11 9.477950249e-12 2.745871122e-11 2.040089883e-11 1.619850827e-11 1.822979624e-11 3.083380471e-11 1.161147649e-11 2.2178517e-11 1.594176577e-11 1.294813262e-11 1.246817335e-11 2.962421793e-11 3.297437833e-11 3.012699847e-11 2.890471202e-11 2.245464987e-11 3.458589576e-11 2.202092366e-11 3.041720007e-11 1.98034644e-11 1.959456431e-11 1.409632717e-11 2.226718998e-11 1.703825954e-11 2.609246337e-11 1.274353128e-11 2.422436172e-11 1.627514533e-11 2.029824869e-11 1.760502099e-11 2.632908701e-11 2.295643571e-11 2.712739622e-11 3.160217165e-11 2.109086765e-11 2.262151498e-11 1.097308724e-11 1.485263063e-11 2.051854508e-11 1.879771942e-11 2.082335017e-11 1.312334996e-11 1.992565138e-11 1.850573947e-11 2.846102089e-11 1.969706335e-11 1.609552717e-11 1.101045642e-11 2.440896684e-11 1.682245423e-11 2.300703047e-11 2.046988813e-11 2.328561771e-11 2.571436118e-11 1.611466182e-11 1.429754334e-11 3.079420007e-11 1.131305101e-11 1.985145843e-11 3.529868413e-11 2.490665345e-11 2.911336239e-11 1.78930921e-11 1.38547843e-11 
1.84433812e-11 1.765539264e-11 1.283206366e-11 2.868212398e-11 2.200829017e-11 3.190419992e-11 3.026744708e-11 2.197667809e-11 2.439915864e-11 3.252892331e-11 1.66214966e-11 2.044917492e-11 2.056757117e-11 3.301390867e-11 1.825288342e-11 2.521903363e-11 2.126101329e-11 2.533584574e-11 2.150938019e-11 2.094274714e-11 1.291044643e-11 1.848139681e-11 2.156645935e-11 1.631915686e-11 2.468930788e-11 2.474413579e-11 2.433952116e-11 1.849357477e-11 2.688883992e-11 2.928252263e-11 2.655979533e-11 2.183233463e-11 3.101960477e-11 2.446107218e-11 1.215436453e-11 4.276398359e-11 3.228692658e-11 2.872813754e-11 2.725456453e-11 2.587005071e-11 1.776256941e-11 1.888913023e-11 2.189849565e-11 1.773935022e-11 1.7182994e-11 3.608215332e-11 1.638662211e-11 2.130368602e-11 1.892000079e-11 3.476652199e-11 2.02728011e-11 1.9149954e-11 1.500562687e-11 1.723984379e-11 1.645590047e-11 2.870721706e-11 3.568347953e-11 1.9109162e-11 3.216788423e-11 1.431865214e-11 2.244043864e-11 1.92705691e-11 2.074161768e-11 2.465187334e-11 3.017695592e-11 2.898389988e-11 2.424546759e-11 1.381556243e-11 1.355454024e-11 1.191686526e-11 1.740713774e-11 1.740411109e-11 1.982380611e-11 2.52142432e-11 1.655947365e-11 1.721664152e-11 3.107194401e-11 1.947161881e-11 1.067579861e-11 1.989398405e-11 2.142579152e-11 3.100305678e-11 2.66102334e-11 3.067810719e-11 2.698176861e-11 1.892265815e-11 3.004686049e-11 1.309525308e-11 1.622823626e-11 1.431310147e-11 2.648672087e-11 2.052035864e-11 1.276840938e-11 1.62453464e-11 1.21087179e-11 1.621249362e-11 2.49683354e-11 1.676757594e-11 2.462441995e-11 1.102969687e-11 2.065768342e-11 
1.236649178e-11 1.147000792e-11 2.333812385e-11 2.208517574e-11 2.788114146e-11 2.229195688e-11 2.533430278e-11 2.175181593e-11 1.044135843e-11 2.694439954e-11 2.312740891e-11 2.242760513e-11 1.835667441e-11 2.258223911e-11 2.851829423e-11 1.725505398e-11 3.772512271e-11 1.895766044e-11 1.745060958e-11 3.446236259e-11 1.895520304e-11 1.607379528e-11 1.955547803e-11 1.280637622e-11 2.280766848e-11 2.284147516e-11 1.718244189e-11 2.451599412e-11 9.947636084e-12 2.54300947e-11 2.984186791e-11 1.489003295e-11 1.417662724e-11 1.815682359e-11 1.400793305e-11 3.555033661e-11 1.725410834e-11 2.792696282e-11 1.602014461e-11 3.698005191e-11 3.367843291e-11 2.518983404e-11 1.554459406e-11 1.626073317e-11 3.263446933e-11 2.832372868e-11 2.720045505e-11 2.245533915e-11 1.772016565e-11 1.886755939e-11 2.227456739e-11 2.370285425e-11 1.53464624e-11 2.209630408e-11 2.38543157e-11 2.20013658e-11 2.411640659e-11 2.268480615e-11 3.752102932e-11 3.113155543e-11 3.012704289e-11 2.364456515e-11 1.287051725e-11 1.461049454e-11 1.442056786e-11 2.598402968e-11 2.747908987e-11 1.304963181e-11 2.145272906e-11 2.859066704e-11 1.989155427e-11 1.17991962e-11 2.894024896e-11 1.872651995e-11 2.932689692e-11 1.260537079e-11 2.454492676e-11 2.08487225e-11 1.78962854e-11 2.442499455e-11 2.169499557e-11 1.78003642e-11 1.813689205e-11 2.507352396e-11 1.751611758e-11 2.447106526e-11 1.80618624e-11 2.811597237e-11 2.289753831e-11 1.952858868e-11 1.026018703e-11 1.408817873e-11 1.457247599e-11 1.480102588e-11 2.791948112e-11 6.433671357e-12 2.709551355e-11 1.946895564e-11 9.554831942e-12 1.983447803e-11 3.027723103e-11 
2.553369231e-11 2.775954047e-11 1.909144907e-11 2.040346341e-11 2.001857195e-11 1.816375405e-11 2.55022103e-11 3.533055379e-11 1.02794182e-11 1.036016108e-11 2.166857712e-11 3.516774381e-11 1.076453147e-11 2.823904812e-11 1.355253104e-11 2.114579995e-11 1.551963889e-11 2.467598995e-11 2.280219847e-11 1.292091226e-11 1.873765097e-11 2.030138111e-11 1.740041516e-11 2.266085864e-11 1.849528879e-11 2.905469333e-11 3.066691992e-11 1.772643027e-11 1.900627142e-11 1.87158879e-11 2.635342575e-11 1.915345243e-11 2.214947237e-11 2.28020784e-11 1.81707723e-11 1.831896655e-11 3.259876777e-11 1.999211993e-11 2.172016517e-11 2.05878697e-11 3.21219392e-11 3.054539445e-11 2.162718279e-11 3.224120481e-11 2.592665929e-11 1.086702729e-11 2.232925817e-11 2.610152818e-11 3.713169815e-11 4.052280192e-11 3.275981097e-11 2.786654406e-11 2.316755709e-11 2.839258496e-11 4.133965323e-11 2.419166417e-11 1.80447471e-11 2.632130276e-11 2.948353392e-11 1.839901183e-11 1.434983991e-11 3.173064735e-11 1.878157542e-11 3.056024468e-11 2.094477677e-11 2.22033906e-11 2.89866032e-11 2.923522279e-11 3.246533845e-11 3.106905338e-11 1.89286848e-11 3.324409101e-11 1.976692775e-11 2.317778486e-11 1.214837949e-11 3.139392277e-11 1.824659811e-11 1.381963293e-11 2.447822261e-11 4.053645981e-11 1.369041565e-11 2.105470536e-11 1.12608791e-11 1.181848346e-11 1.30854271e-11 1.698449446e-11 3.4084582e-11 1.754442408e-11 1.451718302e-11 1.480626199e-11 3.022574109e-11 2.400387785e-11 2.25540232e-11 3.182918908e-11 2.186759964e-11 8.663704513e-12 2.038397536e-11 2.655124228e-11 2.74405399e-11 2.661382389e-11 2.981456614e-11 
3.349568187e-11 1.9678245e-11 2.934811368e-11 1.850990144e-11 2.690454438e-11 2.360613957e-11 2.779229542e-11 2.841427775e-11 1.375854967e-11 2.171239044e-11 1.299516996e-11 2.110569478e-11 1.670286197e-11 2.484832744e-11 3.39282604e-11 1.725233537e-11 2.263409017e-11 1.225449936e-11 1.535666534e-11 7.83937596e-12 2.366923263e-11 2.234571425e-11 1.916929955e-11 2.312747056e-11 2.245550828e-11 2.612154531e-11 2.019935362e-11 3.030281109e-11 3.137688334e-11 2.483973855e-11 1.973253797e-11 1.56785768e-11 3.29940598e-11 2.507922738e-11 2.782336797e-11 2.416933177e-11 2.304247157e-11 3.07160924e-11 2.03360651e-11 1.588039282e-11 1.472217474e-11 1.819022468e-11 8.603670033e-12 2.042522834e-11 1.991070152e-11 3.596062351e-11 4.316522904e-11 2.948638318e-11 2.13829958e-11 1.949526285e-11 2.539849251e-11 2.459116043e-11 2.094062988e-11 1.982553424e-11 2.798146316e-11 1.587219855e-11 2.06393847e-11 8.877724092e-12 1.690265048e-11 2.403344093e-11 1.318524858e-11 2.596131791e-11 2.356243083e-11 2.760591648e-11 2.550594487e-11 2.094383615e-11 3.063605784e-11 3.205801913e-11 2.113781792e-11 8.505405853e-12 1.846790923e-11 2.543632406e-11 1.227057543e-11 2.49031118e-11 1.689104124e-11 1.026010859e-11 1.317541151e-11 2.205753951e-11 2.784321651e-11 3.15382493e-11 1.314746827e-11 2.009134337e-11 3.141225266e-11 2.524359733e-11 1.980318912e-11 1.46752966e-11 2.933889218e-11 1.893875756e-11 2.151185109e-11 2.480380313e-11 2.653498715e-11 3.215074545e-11 2.164683016e-11 2.475572013e-11 2.608509372e-11 2.767585282e-11 1.352004579e-11 2.682694081e-11 1.986989333e-11 1.022274837e-11 2.565803224e-11 
1.5686476e-11 2.834707271e-11 1.341056553e-11 2.409696323e-11 2.452490474e-11 1.289293029e-11 2.809225071e-11 1.837740187e-11 2.000188847e-11 2.50535999e-11 1.165140402e-11 2.773432123e-11 2.427050136e-11 2.766407017e-11 1.811451749e-11 2.702953082e-11 3.466303901e-11 2.706998736e-11 2.121763177e-11 2.686395983e-11 2.854252359e-11 1.681038781e-11 1.677374556e-11 3.19499436e-11 1.450023186e-11 2.05490235e-11 1.762740248e-11 3.06818887e-11 2.337596633e-11 1.616634005e-11 3.161807507e-11 1.23024207e-11 2.644857892e-11 1.793414442e-11 2.337582282e-11 1.183592862e-11 2.602679541e-11 1.858944824e-11 2.925786695e-11 3.642243522e-11 1.756386065e-11 1.730696957e-11 2.513564857e-11 1.91755401e-11 1.591557242e-11 3.530305528e-11 2.120950996e-11 1.293830533e-11 2.667859725e-11 7.75969492e-12 2.402030196e-11 2.103044664e-11 1.728968683e-11 1.227636532e-11 2.12635277e-11 3.014939009e-11 2.67120201e-11 1.679152646e-11 2.950580999e-11 2.026394319e-11 2.67743456e-11 2.898496724e-11 2.539355797e-11 1.933817867e-11 2.020318338e-11 1.9663518e-11 2.89906917e-11 2.186126196e-11 1.936953558e-11 1.293550894e-11 2.23460647e-11 3.126992692e-11 2.491252536e-11 3.892253851e-11 2.509137157e-11 1.377552529e-11 1.490716324e-11 2.408837281e-11 3.145115468e-11 2.468372685e-11 1.050574298e-11 2.560167718e-11 2.856992524e-11 2.179127009e-11 2.7388608e-11 2.57089587e-11 2.694283304e-11 2.451686672e-11 2.121002063e-11 1.410846759e-11 3.138057172e-11 2.334948251e-11 2.058600355e-11 1.672533482e-11 1.053019257e-11 2.061807167e-11 2.485003824e-11 1.753607738e-11 2.850396605e-11 1.547763598e-11 2.152761373e-11 
2.416087294e-11 3.815710661e-11 1.705716407e-11 2.916660807e-11 2.806978231e-11 1.195011296e-11 2.953009278e-11 1.674176166e-11 1.899916195e-11 1.390831294e-11 1.387501879e-11 2.820109525e-11 1.87637429e-11 1.691945809e-11 1.415234835e-11 1.86779272e-11 1.600137414e-11 1.791491653e-11 1.349574758e-11 2.63399965e-11 2.179751004e-11 1.829011879e-11 1.643789251e-11 3.305447179e-11 2.299842628e-11 1.201301687e-11 2.564050076e-11 2.161220943e-11 4.804384866e-11 1.944476571e-11 1.964980486e-11 2.377242135e-11 1.886302055e-11 2.505085075e-11 1.447480934e-11 2.347197535e-11 1.304487521e-11 2.276772875e-11 1.673661298e-11 2.395551082e-11 1.460772781e-11 2.80619009e-11 1.946185161e-11 1.820829909e-11 1.796838377e-11 2.208337429e-11 1.900876725e-11 2.878038353e-11 1.537362278e-11 3.033871554e-11 2.811891491e-11 2.839214472e-11 1.29633765e-11 2.084820694e-11 1.241314777e-11 4.176857308e-11 2.124615134e-11 2.122931402e-11 3.78682997e-11 2.322889583e-11 2.421414376e-11 1.590081858e-11 2.76332445e-11 1.462825745e-11 3.200867799e-11 1.617349463e-11 7.904830137e-12 1.794692979e-11 2.255455865e-11 2.114443229e-11 2.847583006e-11 3.546870807e-11 2.986757361e-11 1.306037895e-11 1.321637001e-11 3.232185591e-11 1.87358295e-11 1.957942043e-11 1.514097304e-11 1.475730082e-11 1.967377534e-11 2.094066081e-11 2.593399301e-11 2.916781489e-11 1.522229411e-11 2.482596996e-11 3.034473102e-11 3.623249416e-11 2.760576509e-11 1.796186575e-11 3.447294766e-11 2.455051581e-11 1.726142531e-11 1.867474803e-11 1.259120514e-11 1.692075963e-11 2.1161671e-11 2.387796502e-11 2.241935383e-11 2.25172052e-11 1.597117226e-11 
2.219898261e-11 1.468765095e-11 3.515728808e-11 2.671442867e-11 1.669372569e-11 3.324305115e-11 2.205556475e-11 1.212992004e-11 3.611201717e-11 2.766022345e-11 2.273839094e-11 1.488273679e-11 2.272463221e-11 1.05916482e-11 2.89713885e-11 3.303496358e-11 1.368250583e-11 1.752473333e-11 2.267451162e-11 2.145435816e-11 1.111168471e-11 2.461848038e-11 1.654673705e-11 2.059388306e-11 8.145927639e-12 3.027172803e-11 1.622617872e-11 1.561735754e-11 2.151351174e-11 2.549822046e-11 2.893877235e-11 1.721467038e-11 3.672601206e-11 1.246664721e-11 1.548991147e-11 1.871661387e-11 2.154339539e-11 2.566583291e-11 3.858637451e-11 2.134886942e-11 1.405872239e-11 2.15294894e-11 1.349044804e-11 2.772065237e-11 1.26532996e-11 2.281745039e-11 2.692889001e-11 1.712543528e-11 2.061523598e-11 1.642064441e-11 1.417439532e-11 2.897961108e-11 1.033944603e-11 3.724724964e-11 1.696479754e-11 1.640060885e-11 2.012372935e-11 1.036186674e-11 1.856870786e-11 3.008715448e-11 1.625248172e-11 4.333581583e-11 2.392426362e-11 3.196794602e-11 1.520789723e-11 2.82156517e-11 1.739075538e-11 1.883652164e-11 3.174075274e-11 3.482565972e-11 6.204469889e-12 2.742165712e-11 3.67997953e-11 1.486433279e-11 2.069734388e-11 2.269638298e-11 3.183464537e-11 1.710513396e-11 2.856825947e-11 1.422179933e-11 3.048955633e-11 3.024186783e-11 1.706760578e-11 2.171144936e-11 3.884897936e-11 1.50798444e-11 3.170904993e-11 2.802459886e-11 1.425534445e-11 2.72042947e-11 2.862063421e-11 3.345907097e-11 3.067057734e-11 3.06752074e-11 2.696132667e-11 2.272735837e-11 1.846002769e-11 2.024601102e-11 1.715771237e-11 1.367511584e-11 1.924865193e-11 
2.446975424e-11 1.052885942e-11 2.073990586e-11 1.863067601e-11 3.810801206e-11 2.556199298e-11 3.911382773e-11 1.170049971e-11 2.338767805e-11 2.516305767e-11 2.757344008e-11 3.28442603e-11 1.802120178e-11 2.096317122e-11 3.147130624e-11 3.21804216e-11 2.176056906e-11 1.271952774e-11 1.02969273e-11 1.509236128e-11 2.048271405e-11 3.091790068e-11 1.901401672e-11 1.486245104e-11 2.024220293e-11 2.036484657e-11 2.0476679e-11 1.490589731e-11 3.013397338e-11 2.43024091e-11 1.916198125e-11 2.4960729e-11 3.302730505e-11 1.654468191e-11 1.311743215e-11 8.360571029e-12 1.9579348e-11 2.415559434e-11 3.125986818e-11 2.772746368e-11 3.816356389e-11 2.044732141e-11 2.191080244e-11 1.992383555e-11 1.219493298e-11 2.231995858e-11 1.970617074e-11 2.132941422e-11 4.000793156e-11 2.261423033e-11 1.74012186e-11 1.482173883e-11 2.402921324e-11 1.602783813e-11 2.736143622e-11 3.56368104e-11 1.746434882e-11 1.978254628e-11 1.838527793e-11 1.456018723e-11 2.945105764e-11 1.554228762e-11 1.955620303e-11 1.83522844e-11 2.054089288e-11 1.861593709e-11 2.250724242e-11 3.279923174e-11 2.237100514e-11 1.734730308e-11 1.437749054e-11 2.392139595e-11 3.448207884e-11 2.045505366e-11 1.445780656e-11 1.511125698e-11 1.82482766e-11 2.833410437e-11 2.879982115e-11 3.135674046e-11 2.461912926e-11 1.855477137e-11 2.226277717e-11 1.989972548e-11 2.509342878e-11 1.63929377e-11 2.00999999e-11 1.673077824e-11 1.579373331e-11 1.361923589e-11 1.880291501e-11 2.22550758e-11 1.69352883e-11 2.08236474e-11 2.874647435e-11 2.543747694e-11 1.783767086e-11 1.737494378e-11 2.023005382e-11 1.252945281e-11 2.131156116e-11 
2.631650821e-11 2.555938704e-11 2.105643443e-11 3.233714751e-11 3.13631653e-11 2.293912836e-11 4.120619114e-11 2.045393669e-11 2.876873175e-11 1.4111056e-11 1.597094059e-11 2.72283867e-11 1.480211197e-11 2.401277232e-11 2.134238342e-11 1.62947297e-11 1.690004137e-11 3.141373475e-11 2.111623045e-11 1.407240556e-11 2.096932441e-11 2.765127436e-11 2.5002163e-11 2.17435885e-11 2.643313382e-11 2.617323716e-11 2.129999626e-11 1.509812796e-11 2.733942417e-11 1.422528658e-11 3.978959357e-11 1.669264679e-11 1.247727808e-11 1.937970514e-11 1.408650776e-11 2.243100143e-11 2.211120583e-11 2.492765503e-11 2.541320453e-11 1.966949074e-11 2.601099243e-11 1.134043116e-11 1.99832624e-11 2.81531584e-11 2.531454105e-11 3.16142288e-11 1.222781251e-11 1.612320309e-11 1.873743989e-11 2.159433915e-11 2.84500368e-11 2.050756936e-11 1.430837556e-11 2.11900463e-11 1.414747625e-11 1.505354914e-11 2.800840829e-11 2.407924006e-11 3.87990296e-11 1.920040473e-11 2.09674234e-11 1.194009816e-11 2.334778826e-11 2.650130092e-11 1.885260593e-11 1.719734355e-11 1.606651099e-11 2.588952092e-11 2.272804951e-11 2.857161002e-11 3.732062058e-11 1.278277393e-11 8.621242295e-12 2.020207928e-11 3.009389616e-11 1.153954952e-11 2.322763442e-11 4.255432076e-11 1.424675084e-11 1.191212917e-11 3.00562241e-11 2.651274392e-11 1.753921677e-11 1.162487716e-11 2.362000823e-11 1.548937332e-11 1.86240735e-11 1.530332999e-11 1.42602043e-11 1.874576288e-11 2.610485247e-11 3.17811989e-11 3.135442066e-11 1.623030209e-11 2.321798941e-11 3.152302324e-11 2.181016954e-11 1.719572282e-11 1.103534179e-11 1.848452823e-11 2.263064259e-11 
1.342836702e-11 3.421205687e-11 2.941367056e-11 2.538160268e-11 2.594836413e-11 2.258236118e-11 2.288313149e-11 2.618943874e-11 1.564990824e-11 2.844439581e-11 3.547508008e-11 2.089551735e-11 3.41610368e-11 3.850995895e-11 2.617833088e-11 3.390764164e-11 2.761128694e-11 2.677084386e-11 2.618407276e-11 1.483851648e-11 1.746423606e-11 1.736403849e-11 2.111365636e-11 2.404090986e-11 1.876922384e-11 2.814697056e-11 1.332799155e-11 2.06599149e-11 9.313427884e-12 2.455124963e-11 1.755206361e-11 2.154582641e-11 1.332125392e-11 1.686122965e-11 2.267125407e-11 2.25269043e-11 2.209047168e-11 2.07721705e-11 1.790241691e-11 3.07068541e-11 2.812195269e-11 3.091711536e-11 1.459186128e-11 1.874797593e-11 1.952208973e-11 1.976292987e-11 1.459176856e-11 2.316958379e-11 2.960086239e-11 2.327661827e-11 3.00799098e-11 1.562917105e-11 1.958332456e-11 2.474879465e-11 2.333947055e-11 2.707730167e-11 1.845291338e-11 2.434083188e-11 2.094317973e-11 2.199765997e-11 3.46731365e-11 1.760324673e-11 1.999498194e-11 2.356449038e-11 3.486158719e-11 1.970712691e-11 2.836736324e-11 1.176146653e-11 2.113697529e-11 7.943015662e-12 2.737520533e-11 3.284254306e-11 5.498768256e-12 1.881517759e-11 1.957367128e-11 2.302941239e-11 1.517625569e-11 2.798808276e-11 7.596414588e-12 1.302918667e-11 2.736500446e-11 1.957462861e-11 2.69872761e-11 2.406454287e-11 1.305830213e-11 3.350696454e-11 2.023439877e-11 2.207795881e-11 2.689819065e-11 2.552409669e-11 2.275337968e-11 2.149874754e-11 1.462722716e-11 2.864428789e-11 9.796832713e-12 1.845297657e-11 2.556695846e-11 2.53771834e-11 2.23143813e-11 1.668556257e-11 2.217973348e-11 
2.457796407e-11 2.65093058e-11 1.973755967e-11 2.602986165e-11 1.926468921e-11 1.21531871e-11 1.095012729e-11 2.504010349e-11 2.311923415e-11 3.536358654e-11 2.276672794e-11 2.99121994e-11 1.957209077e-11 2.836417637e-11 1.746109855e-11 1.973345206e-11 7.891462782e-12 2.559033377e-11 2.988661695e-11 1.918325513e-11 1.283190524e-11 3.010527013e-11 2.677311196e-11 1.543732843e-11 3.041053069e-11 2.799543604e-11 2.58894093e-11 1.585823053e-11 2.345872704e-11 2.621052553e-11 2.352738195e-11 2.440553676e-11 2.20106485e-11 2.133783023e-11 2.084481601e-11 1.860183307e-11 1.84944096e-11 2.203668182e-11 2.019205905e-11 2.42398867e-11 2.582873586e-11 3.635392492e-11 2.913462495e-11 1.400901264e-11 1.469263293e-11 2.395534155e-11 1.313064371e-11 1.621342445e-11 1.887537204e-11 3.176398203e-11 3.673727326e-11 3.679199394e-11 3.721633361e-11 2.293855043e-11 2.133980059e-11 2.432129476e-11 1.987074227e-11 2.227398979e-11 1.593657646e-11 1.937509166e-11 8.722745147e-12 3.423532896e-11 1.488575238e-11 2.188978571e-11 2.106498528e-11 1.260166134e-11 1.38647144e-11 2.410473172e-11 3.276861944e-11 1.395342743e-11 1.519189834e-11 1.274596856e-11 2.676988816e-11 1.29864291e-11 2.355699612e-11 3.24398456e-11 1.546495885e-11 1.338005423e-11 2.1592223e-11 2.362064311e-11 2.822332181e-11 3.934852573e-11 1.946094724e-11 1.510609081e-11 1.727766709e-11 3.011413785e-11 1.04154161e-11 3.187886826e-11 3.13314078e-11 1.043817225e-11 2.760823609e-11 1.930323359e-11 1.779824807e-11 1.941839006e-11 1.422375686e-11 2.145849693e-11 2.252537479e-11 3.252735008e-11 2.136531386e-11 1.818159406e-11 2.467148969e-11 
1.630418897e-11 2.295365739e-11 1.510802038e-11 2.253523668e-11 2.425097078e-11 2.076836677e-11 2.696979495e-11 1.701689341e-11 1.518839472e-11 1.644948181e-11 1.959091157e-11 1.427642102e-11 1.886047889e-11 2.57003518e-11 2.371567999e-11 9.754609869e-12 1.507911075e-11 3.278651965e-11 3.030499977e-11 1.249414595e-11 1.538486094e-11 2.041650277e-11 3.114298109e-11 1.340634529e-11 2.724294804e-11 1.556765623e-11 3.142559898e-11 2.250814799e-11 3.640011458e-11 3.02755751e-11 2.345718297e-11 2.736334216e-11 9.600993534e-12 2.480240863e-11 2.718234883e-11 2.208808099e-11 1.744044031e-11 2.212795803e-11 1.501814826e-11 1.598088976e-11 2.948652252e-11 1.60354076e-11 3.574977826e-11 1.836816402e-11 1.692638487e-11 1.567446366e-11 2.931626257e-11 7.036594466e-12 1.734869028e-11 1.812355775e-11 3.081446179e-11 1.477575149e-11 2.321949733e-11 3.249091755e-11 1.575297986e-11 2.119762038e-11 2.061983049e-11 3.523533102e-11 1.85886307e-11 3.371919428e-11 3.313619739e-11 3.084510236e-11 3.788539123e-11 2.818065743e-11 1.264563317e-11 2.650669369e-11 1.9979061e-11 1.832349311e-11 1.599316183e-11 1.485286912e-11 2.66892572e-11 2.561643638e-11 2.275978979e-11 2.338625739e-11 3.260403304e-11 2.62870667e-11 1.806428353e-11 2.499629227e-11 2.421761696e-11 1.694808728e-11 2.618986092e-11 1.718552876e-11 2.28721116e-11 2.771770174e-11 1.426350511e-11 2.02891619e-11 2.33944837e-11 1.847689124e-11 3.754774092e-11 2.500458016e-11 3.353718423e-11 2.477315363e-11 2.092196242e-11 3.095304569e-11 1.559400105e-11 6.220432386e-12 2.139588737e-11 1.85374963e-11 2.307632339e-11 1.312932001e-11 1.960932106e-11 
2.968671503e-11 6.027682605e-12 2.32596972e-11 1.346907059e-11 2.498115319e-11 3.380190599e-11 2.91497062e-11 2.188587002e-11 1.894541506e-11 2.18573094e-11 2.216514352e-11 1.522535399e-11 2.681760366e-11 1.644876054e-11 2.668811801e-11 1.082602406e-11 2.208715493e-11 2.483430343e-11 3.801796166e-11 3.232736103e-11 2.871398862e-11 2.087586584e-11 1.312278328e-11 2.311849045e-11 2.648159283e-11 2.080370216e-11 1.665406945e-11 2.179811733e-11 2.291935981e-11 1.417734391e-11 3.760391333e-11 2.291163594e-11 1.86338333e-11 2.593192041e-11 2.570998797e-11 1.092964438e-11 3.076609878e-11 1.788799617e-11 2.823851e-11 2.353518141e-11 3.322254245e-11 1.356005213e-11 2.832078866e-11 1.439558045e-11 1.456298338e-11 1.546070133e-11 2.193439271e-11 2.105066571e-11 8.062704319e-12 2.323707673e-11 2.201326514e-11 1.276864633e-11 1.693434816e-11 2.047252774e-11 3.093139213e-11 3.006825794e-11 3.734247757e-11 2.658026211e-11 2.631087549e-11 2.960025311e-11 1.830322084e-11 1.148104588e-11 1.094952327e-11 2.004166797e-11 1.668353546e-11 1.630581179e-11 1.671868212e-11 2.429124024e-11 2.236441238e-11 1.761508269e-11 2.048470767e-11 2.523413593e-11 1.511043867e-11 1.810580054e-11 2.491167209e-11 1.802821839e-11 1.857902543e-11 3.029695736e-11 3.369281654e-11 2.847014293e-11 2.756562922e-11 1.837374673e-11 3.425016503e-11 2.56459502e-11 1.728959812e-11 1.717317482e-11 2.117729059e-11 2.324282438e-11 3.972458526e-11 2.217694708e-11 2.138626584e-11 3.10585562e-11 1.206433689e-11 2.608354347e-11 2.595287718e-11 1.776084657e-11 2.114571745e-11 2.96221379e-11 2.813094646e-11 1.709004897e-11 2.425134912e-11 
1.759652903e-11 1.82554156e-11 2.097142155e-11 1.9848359e-11 3.415291014e-11 2.505720301e-11 1.191982966e-11 2.420481812e-11 2.186958462e-11 1.307666822e-11 2.914386555e-11 3.172630485e-11 1.926607449e-11 2.978798439e-11 2.462213761e-11 1.076244499e-11 1.516953861e-11 2.893000342e-11 2.117996335e-11 2.181226452e-11 1.848096344e-11 8.665356205e-12 1.810922907e-11 1.697926656e-11 1.023893653e-11 2.34128236e-11 2.152585678e-11 3.123558653e-11 1.370718195e-11 3.44494646e-11 2.285564486e-11 1.298051033e-11 3.078344063e-11 2.372485335e-11 2.159363517e-11 2.116859372e-11 1.553590746e-11 2.806924301e-11 2.890815416e-11 1.962491653e-11 2.242555909e-11 2.868374302e-11 1.298047255e-11 3.01096401e-11 1.448796431e-11 2.37704594e-11 1.577258231e-11 1.76685692e-11 2.545674451e-11 3.614308465e-11 2.868771835e-11 2.035762192e-11 1.863956754e-11 2.759530791e-11 2.660494813e-11 1.518882408e-11 1.468942755e-11 2.116383797e-11 1.374847923e-11 2.847937323e-11 2.013298576e-11 2.474981485e-11 2.043663403e-11 2.554194121e-11 2.453910018e-11 2.135109443e-11 2.168147421e-11 2.112501903e-11 2.818490917e-11 2.249844346e-11 1.979184204e-11 1.159471498e-11 2.545095274e-11 3.757094572e-11 2.513760621e-11 2.068432065e-11 2.838519527e-11 2.245961119e-11 2.311192794e-11 1.530262101e-11 2.415794356e-11 1.588373099e-11 2.126557119e-11 1.894308468e-11 2.935291954e-11 2.699006757e-11 2.737405911e-11 3.026356398e-11 6.855947425e-12 1.794232938e-11 1.37349579e-11 5.058429584e-12 3.181635477e-11 1.699929669e-11 2.43841208e-11 2.550493602e-11 2.380921178e-11 2.636968588e-11 2.977628678e-11 1.950526688e-11 2.550454619e-11 
3.155754043e-11 1.472304229e-11 1.834929963e-11 2.171296133e-11 2.175896149e-11 2.269990344e-11 3.22655479e-11 2.22987418e-11 2.792601294e-11 1.962230417e-11 2.192466824e-11 2.422532788e-11 1.572329466e-11 8.831791679e-12 2.266086253e-11 2.867536636e-11 1.689065996e-11 2.103507299e-11 2.037831484e-11 2.534342749e-11 2.352956948e-11 2.020469106e-11 2.493004469e-11 1.710793363e-11 1.870631376e-11 1.450914913e-11 2.709700059e-11 2.071618782e-11 1.702418459e-11 1.845893315e-11 1.807827215e-11 2.60949798e-11 1.766000947e-11 1.69814653e-11 2.298458294e-11 1.840147418e-11 1.934230535e-11 1.876370074e-11 1.826242047e-11 2.221461422e-11 1.828652388e-11 2.504235248e-11 1.429317685e-11 1.938953202e-11 3.105474072e-11 1.301765942e-11 2.584844253e-11 1.255091204e-11 2.362225576e-11 2.708482632e-11 2.053326802e-11 3.129975765e-11 1.054548569e-11 3.65482608e-11 1.281851635e-11 1.563721845e-11 2.63908597e-11 2.539359865e-11 2.447717439e-11 1.650574952e-11 2.344206578e-11 1.844299865e-11 2.50032945e-11 2.038575946e-11 1.001800832e-11 2.582469663e-11 3.433044208e-11 2.08845471e-11 1.883266747e-11 2.854007491e-11 2.229921848e-11 1.852186967e-11 1.418721725e-11 2.418343367e-11 2.727712346e-11 9.402553619e-12 1.362785089e-11 1.618111058e-11 2.150597462e-11 2.119351563e-11 1.271678311e-11 1.144462181e-11 2.668813448e-11 1.328409513e-11 9.176646183e-12 2.210937784e-11 2.389216058e-11 2.293372851e-11 1.32611919e-11 1.138017514e-11 2.693084151e-11 1.630219279e-11 3.706039148e-11 2.142905978e-11 2.444616945e-11 2.618049144e-11 2.10665077e-11 1.762830682e-11 3.118100831e-11 2.358210217e-11 8.374953879e-12 
2.214652512e-11 2.502665842e-11 1.897137203e-11 7.641750456e-12 3.028181916e-11 2.614809094e-11 2.934137843e-11 2.937516319e-11 4.351972868e-11 8.520713446e-12 2.196739707e-11 2.632403777e-11 1.399761629e-11 1.962291999e-11 1.802562564e-11 2.735157391e-11 2.863487758e-11 2.719403524e-11 2.15421391e-11 3.347572034e-11 2.284174938e-11 2.176106142e-11 2.867708979e-11 2.533829743e-11 2.595290094e-11 1.47844484e-11 1.651625146e-11 2.511166975e-11 1.575627424e-11 2.43549231e-11 1.588616963e-11 2.102933514e-11 2.237305724e-11 2.925207435e-11 2.834481724e-11 2.07967915e-11 2.286857707e-11 2.100284829e-11 1.60047754e-11 1.728317433e-11 1.620571618e-11 2.330529336e-11 1.481295424e-11 2.187978681e-11 2.788828751e-11 1.690129515e-11 3.393573901e-11 2.889485925e-11 2.339929306e-11 1.889437621e-11 1.935357043e-11 1.283083373e-11 1.656422734e-11 2.867042308e-11 1.838749249e-11 2.762407535e-11 1.37584245e-11 2.404143939e-11 2.037584984e-11 2.939277522e-11 1.122370973e-11 2.141458179e-11 2.478678536e-11 2.017469428e-11 2.919252983e-11 2.866847758e-11 2.596933807e-11 1.631205896e-11 2.728516846e-11 2.333294689e-11 2.749210532e-11 1.028968644e-11 2.867323444e-11 3.112701104e-11 1.66543681e-11 1.508673317e-11 4.02712614e-11 2.985589769e-11 3.672308822e-11 2.080921465e-11 2.208205595e-11 1.286081749e-11 1.739122803e-11 1.513173267e-11 2.454878324e-11 2.124807526e-11 1.409926029e-11 3.954860726e-11 3.003700278e-11 1.100139528e-11 1.929595393e-11 1.185563863e-11 1.427087591e-11 1.615726626e-11 3.396056278e-11 1.402285929e-11 1.89902807e-11 1.195267534e-11 3.445344752e-11 1.228424676e-11 1.388219772e-11 
1.907006279e-11 2.013873546e-11 2.828637401e-11 1.611353377e-11 2.457924443e-11 1.061364928e-11 1.526849998e-11 2.033731723e-11 1.737359879e-11 1.106883285e-11 2.186901051e-11 1.39694462e-11 1.408132258e-11 1.435576469e-11 1.59282758e-11 2.124089509e-11 3.372649202e-11 2.96353869e-11 1.832725505e-11 1.980566275e-11 1.278036656e-11 2.790868551e-11 2.259739467e-11 1.950708668e-11 2.678271458e-11 2.460966453e-11 1.318920566e-11 2.190823197e-11 2.285812416e-11 3.128705692e-11 1.216700134e-11 1.512062233e-11 4.268168419e-11 2.402991126e-11 3.389236391e-11 2.237072385e-11 2.299845592e-11 2.176953409e-11 2.152874856e-11 1.939664511e-11 1.490774849e-11 1.947319695e-11 1.927581867e-11 2.981467568e-11 1.618559215e-11 1.574784602e-11 1.772270753e-11 1.430366553e-11 2.191842832e-11 2.232120165e-11 2.420389258e-11 2.300354398e-11 2.589362168e-11 1.90234418e-11 3.139686494e-11 2.674514157e-11 2.694290137e-11 7.487923694e-12 2.226605787e-11 2.766517983e-11 2.126518052e-11 2.037403593e-11 2.236151014e-11 2.755777429e-11 2.761151522e-11 2.420726811e-11 2.135925475e-11 3.151494409e-11 2.947124633e-11 2.141096745e-11 2.913918164e-11 3.422506891e-11 1.069744396e-11 2.033145763e-11 1.93397147e-11 2.504205054e-11 1.71068214e-11 2.736367691e-11 2.269645566e-11 4.01642658e-11 1.515270881e-11 2.797056253e-11 3.33282094e-11 2.155092959e-11 2.45356593e-11 2.508038432e-11 1.337665806e-11 2.691828198e-11 3.280949335e-11 2.540044226e-11 1.964761888e-11 2.31467371e-11 1.32057195e-11 1.533631786e-11 2.258304907e-11 1.258155258e-11 1.173693756e-11 1.493046377e-11 2.84932083e-11 2.841803637e-11 2.205039929e-11 
1.357691337e-11 1.469963733e-11 2.115069223e-11 2.616077493e-11 2.963833021e-11 1.715220281e-11 2.290068147e-11 2.457487855e-11 2.145875396e-11 1.966695974e-11 2.290322453e-11 1.907572304e-11 3.821398884e-11 1.432670892e-11 2.01941417e-11 1.987002925e-11 1.970031454e-11 2.458727732e-11 2.535478853e-11 3.171266976e-11 2.484932123e-11 2.881218437e-11 2.186807705e-11 2.001667291e-11 2.234983136e-11 1.483205985e-11 2.946652681e-11 1.88704927e-11 2.289932826e-11 1.133330739e-11 2.675458138e-11 2.546100489e-11 1.592733206e-11 2.231619366e-11 3.352492387e-11 1.115970917e-11 1.89509552e-11 2.184937385e-11 2.223525119e-11 2.251534891e-11 1.667515975e-11 2.844733848e-11 1.749917447e-11 1.379945321e-11 2.096362426e-11 1.412668895e-11 3.098563188e-11 5.172765198e-12 2.772110939e-11 1.310972985e-11 9.419719939e-12 3.185741387e-11 1.948575353e-11 2.485399679e-11 2.41212626e-11 1.850200513e-11 2.003528941e-11 3.106094642e-11 2.411879458e-11 1.343331404e-11 1.336157409e-11 2.083847331e-11 2.039079897e-11 1.72203847e-11 2.10602886e-11 2.292004057e-11 2.809770499e-11 2.651380238e-11 1.588608151e-11 1.083675153e-11 1.512653974e-11 1.561779818e-11 2.680976638e-11 2.307289443e-11 1.74476231e-11 1.814829754e-11 1.775458388e-11 2.454861534e-11 1.89635599e-11 8.48005015e-12 2.197800076e-11 2.088429852e-11 2.351752467e-11 3.421643216e-11 3.254496627e-11 2.855083135e-11 1.871052072e-11 1.782523126e-11 3.454713614e-11 2.342879484e-11 1.883037897e-11 1.946310906e-11 2.59052706e-11 2.381844143e-11 1.706963364e-11 1.138402059e-11 3.31863708e-11 2.400373245e-11 8.087404611e-12 2.439160862e-11 2.55616294e-11 
1.882404125e-11 4.250411503e-11 1.79081199e-11 3.007277721e-11 1.982921525e-11 2.003800093e-11 2.901817435e-11 1.158849853e-11 2.511350709e-11 1.949333317e-11 1.408693264e-11 2.328085037e-11 4.014018574e-11 3.311002357e-11 3.641258343e-11 1.843380365e-11 1.592680964e-11 1.730003267e-11 2.090037127e-11 1.796063368e-11 1.140477702e-11 3.010176302e-11 3.063220587e-11 2.509238583e-11 1.32402303e-11 1.971115322e-11 1.918006375e-11 3.270126372e-11 2.327699197e-11 3.401199652e-11 2.473898563e-11 1.830624563e-11 2.073808116e-11 2.341118032e-11 1.565084659e-11 3.632924526e-11 2.229437566e-11 1.592330045e-11 1.978343195e-11 1.246221763e-11 2.696769747e-11 2.204023854e-11 1.403677132e-11 1.543078744e-11 1.764449385e-11 2.947474714e-11 2.128136638e-11 2.578349323e-11 2.223999166e-11 2.363661984e-11 2.16302452e-11 2.275379703e-11 1.766420653e-11 1.233961519e-11 1.024958835e-11 2.058995067e-11 8.289037908e-12 2.933577263e-11 2.168103891e-11 4.159456449e-11 1.661589303e-11 2.052108056e-11 2.453546528e-11 2.911112183e-11 1.776747958e-11 1.93697538e-11 3.28680149e-11 8.428755276e-12 1.685192516e-11 2.049422108e-11 1.102173501e-11 2.267687864e-11 2.201858204e-11 3.629284441e-11 1.762529264e-11 3.478805868e-11 2.048027075e-11 3.084936908e-11 1.75377421e-11 1.484514858e-11 1.881564433e-11 3.217504445e-11 3.537521358e-11 3.734315688e-11 2.355497071e-11 1.822531524e-11 2.002032591e-11 1.351058548e-11 2.15424433e-11 3.921609651e-11 1.823684827e-11 2.650798634e-11 1.816712965e-11 2.044559888e-11 2.294961942e-11 1.694451364e-11 2.030102452e-11 2.888194032e-11 2.12083491e-11 1.597708416e-11 3.112590167e-11 
2.226928262e-11 1.913897634e-11 3.268938079e-11 3.151834279e-11 3.135865076e-11 3.419898237e-11 1.764564163e-11 2.175140421e-11 2.697420008e-11 3.319219819e-11 2.013907423e-11 2.897289343e-11 2.531888328e-11 2.956874254e-11 2.127505944e-11 2.141366433e-11 1.409361373e-11 2.556437768e-11 3.617488109e-11 2.103202635e-11 4.118668329e-11 2.055157019e-11 2.284889301e-11 1.879391953e-11 2.878864267e-11 1.799307501e-11 3.498964616e-11 1.867447395e-11 2.603235513e-11 1.912964015e-11 3.346074568e-11 1.227344476e-11 1.483541908e-11 1.894281336e-11 2.327736618e-11 1.965402791e-11 1.8314857e-11 2.915895864e-11 2.452449274e-11 1.550267959e-11 1.89275957e-11 2.24109068e-11 2.405509836e-11 2.168010115e-11 2.209172004e-11 1.269023227e-11 2.748062723e-11 1.818502354e-11 2.45847512e-11 1.260782729e-11 8.79935219e-12 1.566363922e-11 2.092973843e-11 1.036750766e-11 3.360747428e-11 2.123645451e-11 1.2777748e-11 1.742501345e-11 1.181998487e-11 1.822495084e-11 2.067612432e-11 3.18003403e-11 2.353383656e-11 2.124113647e-11 1.864484224e-11 1.820394559e-11 3.617952204e-11 1.919841811e-11 2.407490556e-11 1.060445396e-11 2.511476715e-11 2.134231206e-11 2.166166205e-11 2.906980254e-11 2.189848653e-11 3.746563991e-11 3.920788205e-11 1.765655901e-11 2.49200284e-11 9.11294206e-12 1.107494332e-11 2.343191014e-11 1.873248797e-11 2.252861828e-11 3.379861757e-11 2.176161999e-11 2.21927474e-11 1.196032178e-11 1.437287815e-11 2.48622059e-11 2.012790995e-11 8.658486247e-12 1.596590618e-11 2.147043344e-11 2.24778449e-11 2.073009996e-11 1.663794031e-11 2.781251814e-11 1.444220405e-11 1.74719969e-11 1.975821821e-11 
2.068238285e-11 2.109211725e-11 2.455618968e-11 1.372580519e-11 1.40253006e-11 1.852435815e-11 2.148038753e-11 3.184517467e-11 1.558026821e-11 2.046917294e-11 2.969643528e-11 2.357581856e-11 1.677418821e-11 1.778497683e-11 2.547718963e-11 2.073866604e-11 1.765032731e-11 1.339374906e-11 3.513876761e-11 1.98429319e-11 2.281086453e-11 1.837890697e-11 2.002596478e-11 2.175452761e-11 3.045697775e-11 2.591687486e-11 2.113955853e-11 2.034383692e-11 1.45419308e-11 1.493688629e-11 1.845769725e-11 1.709838583e-11 1.437550269e-11 1.871265745e-11 1.67244655e-11 2.513848948e-11 2.143479425e-11 1.839309287e-11 1.613070301e-11 2.336609943e-11 2.332452529e-11 1.898420642e-11 2.786920462e-11 2.733711689e-11 2.221456492e-11 2.646571401e-11 1.439392058e-11 2.029967046e-11 3.294332193e-11 2.90792884e-11 2.112601233e-11 1.707402726e-11 2.053512357e-11 2.28744615e-11 2.81896575e-11 2.705866303e-11 3.006480995e-11 3.036380915e-11 7.212080888e-12 9.699979823e-12 2.653029962e-11 1.150810195e-11 4.606998258e-11 5.938425104e-12 2.276642626e-11 3.211986244e-11 1.350916148e-11 1.930656027e-11 1.959003757e-11 2.881377756e-11 1.433706072e-11 1.261316226e-11 2.086957581e-11 2.906279919e-11 2.109056947e-11 1.489857139e-11 3.276994889e-11 3.543406302e-11 2.841604637e-11 1.861129125e-11 2.910567623e-11 2.199894868e-11 1.24234901e-11 1.64349582e-11 2.597621328e-11 1.629073609e-11 1.578011762e-11 2.781412963e-11 2.068480918e-11 3.24154877e-11 1.157554673e-11 2.773297875e-11 1.22067256e-11 2.295641452e-11 3.066969703e-11 1.302498505e-11 2.367337464e-11 1.595937563e-11 2.951392171e-11 2.368783941e-11 1.670046763e-11 
1.999769721e-11 2.441866651e-11 1.232762951e-11 1.624748852e-11 2.128842268e-11 3.220278202e-11 1.169284313e-11 2.080613892e-11 1.869865576e-11 2.637096389e-11 2.266999012e-11 2.625605151e-11 1.878693897e-11 2.252488587e-11 2.067642201e-11 2.899178863e-11 1.793178533e-11 2.8725466e-11 2.483646192e-11 2.41623425e-11 2.366108504e-11 1.576725874e-11 3.480453574e-11 2.688727607e-11 2.968762867e-11 1.370727439e-11 2.10073046e-11 2.412888553e-11 2.698370467e-11 2.001730613e-11 2.740351009e-11 3.112630001e-11 1.408175399e-11 1.193912895e-11 3.156032803e-11 2.116210196e-11 2.372623208e-11 1.037119124e-11 2.929992636e-11 2.106634852e-11 2.408606041e-11 2.174763341e-11 1.426960412e-11 1.461453871e-11 1.483109149e-11 1.759927761e-11 2.617861899e-11 2.8280628e-11 2.694726942e-11 2.702814884e-11 1.919098201e-11 3.10045256e-11 2.37662425e-11 2.388160477e-11 2.511390586e-11 1.293293484e-11 1.196371568e-11 1.239871662e-11 2.603475082e-11 1.004192139e-11 2.659445215e-11 1.49594436e-11 3.142453571e-11 1.359154874e-11 1.653526329e-11 2.821818941e-11 1.94770365e-11 2.542798534e-11 2.760116959e-11 3.350003142e-11 1.522379597e-11 2.61653203e-11 1.795825958e-11 1.610448363e-11 2.124746971e-11 2.150968154e-11 2.222017459e-11 2.549887129e-11 3.78933709e-11 1.264760999e-11 1.597276623e-11 1.927057586e-11 1.904479009e-11 1.254610231e-11 4.838422524e-11 1.906175055e-11 3.036304794e-11 1.664335665e-11 1.817738105e-11 1.489970436e-11 2.614038939e-11 2.377632785e-11 2.333338226e-11 1.573647846e-11 1.714995737e-11 1.555826398e-11 2.221650849e-11 3.219704229e-11 2.749975014e-11 1.826624211e-11 2.132630571e-11 
1.715649385e-11 1.109936626e-11 2.428252304e-11 2.024912816e-11 2.254337402e-11 1.266167599e-11 2.452858527e-11 3.184314745e-11 2.547336496e-11 2.826701231e-11 1.278914004e-11 1.86476987e-11 2.142811443e-11 2.644485765e-11 2.223049401e-11 1.228605973e-11 2.125107261e-11 1.339781864e-11 1.802973843e-11 2.661331722e-11 1.966810662e-11 2.284517185e-11 1.492686207e-11 2.149822626e-11 1.535812394e-11 1.806117085e-11 3.017942702e-11 2.029829498e-11 1.88614187e-11 3.453765972e-11 1.563509062e-11 1.484747441e-11 2.521162479e-11 1.151516017e-11 2.320801428e-11 1.509517886e-11 1.751867135e-11 2.434069399e-11 2.049943584e-11 2.498045687e-11 1.600543561e-11 1.42054911e-11 1.427952775e-11 1.417979844e-11 1.939692089e-11 4.220015274e-11 1.714096776e-11 3.092860081e-11 3.648759699e-11 2.351369049e-11 2.220121467e-11 2.759976016e-11 3.955844239e-11 2.713466295e-11 2.396227747e-11 2.316680571e-11 3.335071783e-11 2.033355767e-11 1.732293826e-11 2.493786867e-11 2.319285874e-11 2.845613073e-11 1.695912896e-11 1.463291788e-11 1.921010983e-11 1.90267162e-11 1.985952765e-11 1.814764956e-11 2.704938052e-11 1.487202162e-11 1.865893565e-11 1.578820372e-11 2.219576073e-11 1.60930751e-11 3.482864459e-11 1.934041025e-11 3.08838486e-11 2.851834324e-11 2.929997235e-11 2.39273062e-11 1.857439575e-11 1.850114658e-11 1.664378501e-11 3.956462793e-11 1.669811616e-11 3.439938415e-11 1.553584131e-11 2.028416037e-11 2.153569428e-11 1.623887724e-11 3.551560917e-11 2.027596404e-11 8.629228e-12 3.828611973e-11 1.943357746e-11 1.8425023e-11 1.342555796e-11 1.571968751e-11 8.087147317e-12 2.134248831e-11 2.111574796e-11 
2.746522182e-11 2.46015791e-11 1.475018368e-11 1.262850439e-11 2.32889876e-11 1.322619706e-11 9.649061524e-12 1.671373075e-11 1.772078711e-11 3.575869849e-11 1.294271858e-11 1.632503476e-11 1.989582507e-11 2.458272914e-11 1.349979548e-11 1.265471366e-11 2.256055824e-11 1.912511066e-11 2.937841038e-11 2.388660002e-11 3.683977789e-11 2.279616064e-11 1.508200344e-11 1.474797357e-11 1.242323974e-11 2.811993798e-11 1.863888407e-11 2.537813066e-11 2.128221426e-11 1.819241512e-11 2.190519706e-11 2.594637345e-11 1.437318977e-11 2.234923705e-11 2.144048568e-11 2.58688856e-11 2.135971687e-11 2.160361702e-11 1.818253553e-11 2.86136725e-11 2.108722433e-11 1.618129224e-11 3.525658968e-11 2.438734893e-11 2.112292418e-11 1.542954537e-11 2.024000086e-11 2.28409975e-11 2.38077406e-11 2.366567764e-11 2.114099597e-11 2.168467691e-11 2.732796131e-11 3.392700604e-11 2.102783685e-11 2.190104171e-11 2.053434436e-11 1.8931127e-11 1.243903533e-11 2.249459478e-11 2.526161362e-11 1.868901115e-11 1.473698997e-11 2.829694737e-11 2.366957586e-11 1.484280704e-11 1.693583651e-11 1.893395289e-11 3.171199775e-11 1.799164258e-11 2.329990111e-11 2.628385805e-11 2.853233968e-11 2.361208235e-11 1.486296653e-11 1.06114092e-11 1.491447277e-11 2.793823433e-11 3.020610327e-11 2.682631944e-11 2.307349542e-11 1.41719857e-11 2.339439894e-11 2.517907839e-11 3.343446931e-11 1.244022527e-11 2.952655394e-11 3.191921411e-11 1.266159013e-11 3.240950664e-11 1.55215388e-11 2.463974154e-11 2.017086103e-11 1.253344777e-11 1.475399089e-11 1.650954124e-11 2.009410709e-11 1.564451849e-11 1.83589093e-11 1.648682578e-11 2.431390609e-11 
1.438564528e-11 3.168033957e-11 2.046399386e-11 2.276205928e-11 2.952204761e-11 2.173251171e-11 4.203091429e-11 1.859252813e-11 2.770337977e-11 2.452031798e-11 1.752537538e-11 1.111068898e-11 2.521470416e-11 1.983016222e-11 1.759159602e-11 1.936848363e-11 2.511115649e-11 1.890943197e-11 1.78269834e-11 1.972721304e-11 2.665177354e-11 3.18351626e-11 1.919676396e-11 3.548498505e-11 1.811272815e-11 2.005520587e-11 1.965033378e-11 3.30009951e-11 2.181971381e-11 2.256588681e-11 3.685600753e-11 2.363862591e-11 1.948268092e-11 1.603111931e-11 3.000994669e-11 3.891805429e-11 1.872269208e-11 2.617125564e-11 1.702500615e-11 2.672628669e-11 2.232352434e-11 1.483798671e-11 2.802946124e-11 1.207598452e-11 1.992794557e-11 1.326651961e-11 2.346927823e-11 1.785216251e-11 2.684102046e-11 2.328308952e-11 2.946254726e-11 2.546209355e-11 2.151272522e-11 4.060964848e-11 1.983668526e-11 2.814579713e-11 2.370764653e-11 1.942608033e-11 2.583017971e-11 1.953715615e-11 7.107290712e-12 2.102124925e-11 2.274520763e-11 3.369938936e-11 1.86744111e-11 2.643747367e-11 2.617893566e-11 2.610414626e-11 1.932102756e-11 1.97670436e-11 1.070326593e-11 2.836375474e-11 2.366451776e-11 2.042378644e-11 3.413043301e-11 1.67333311e-11 1.854865201e-11 2.69361766e-11 1.722021887e-11 3.239615326e-11 2.074158532e-11 3.602982613e-11 1.712369771e-11 1.795804419e-11 1.421303574e-11 7.567017015e-12 3.346078281e-11 1.968542845e-11 1.598045873e-11 1.750167025e-11 2.883859822e-11 2.980622317e-11 3.196792077e-11 2.348664776e-11 2.309256138e-11 1.574726806e-11 1.17162529e-11 2.859711119e-11 2.731956915e-11 2.278226842e-11 1.948960568e-11 
2.972061836e-11 1.937795349e-11 3.505146002e-11 1.300421724e-11 2.120524404e-11 1.520024423e-11 2.299320664e-11 3.115523824e-11 2.583699188e-11 2.523556341e-11 1.880751313e-11 1.995462765e-11 3.105414553e-11 1.705381967e-11 1.804143291e-11 4.69615209e-12 2.064767821e-11 2.250742053e-11 1.523453973e-11 9.572395819e-12 1.898594653e-11 1.330425455e-11 2.135830328e-11 2.057487888e-11 4.687759382e-11 1.949496228e-11 1.066975245e-11 3.312533778e-11 3.111243472e-11 2.373900441e-11 2.58812933e-11 1.56786568e-11 1.535566534e-11 2.260314029e-11 1.427167018e-11 2.376926438e-11 2.389967626e-11 2.41171466e-11 2.072866422e-11 1.727766685e-11 2.100206873e-11 1.400596918e-11 2.218119262e-11 3.265752565e-11 2.889781894e-11 3.322310591e-11 2.899783984e-11 2.415899292e-11 2.376930718e-11 2.102463637e-11 2.052996908e-11 1.100054069e-11 2.155239973e-11 2.363746962e-11 2.62321753e-11 2.597344281e-11 1.869593099e-11 2.973116415e-11 1.258204843e-11 3.025542151e-11 2.693982013e-11 1.750796287e-11 2.021959741e-11 1.335965634e-11 1.416371436e-11 2.288101695e-11 1.715745537e-11 1.542748731e-11 2.708403316e-11 3.027093973e-11 1.532236019e-11 1.492544252e-11 2.308599271e-11 1.610657026e-11 2.25527167e-11 1.922806824e-11 1.884751448e-11 2.187718297e-11 2.154330462e-11 2.529084947e-11 2.004492358e-11 1.742064748e-11 1.634972521e-11 1.42692935e-11 1.53321514e-11 2.165511371e-11 1.994841476e-11 1.671900848e-11 9.467889252e-12 1.31386228e-11 1.870593822e-11 2.271599069e-11 2.642881242e-11 2.942894505e-11 2.058658789e-11 2.205451962e-11 6.898149989e-12 1.945563499e-11 1.65666368e-11 2.258614314e-11 2.247659717e-11 
1.979150044e-11 1.411796879e-11 2.49898346e-11 1.576578218e-11 2.708121953e-11 7.630229082e-12 3.143588496e-11 7.667154221e-12 1.769084969e-11 2.800441743e-11 2.118757158e-11 1.788897921e-11 1.546309242e-11 7.794442817e-12 2.999581586e-11 1.372850623e-11 2.218401425e-11 3.540700653e-11 2.322011112e-11 1.31629458e-11 1.730960187e-11 2.575285374e-11 2.977993465e-11 2.501275857e-11 2.364387588e-11 3.094968305e-11 1.002757831e-11 2.703281657e-11 3.112396245e-11 2.552740149e-11 1.217153521e-11 2.514095898e-11 2.534954678e-11 2.44366796e-11 2.268616599e-11 1.961361282e-11 1.049732094e-11 1.850649548e-11 2.511902068e-11 3.7449057e-11 2.284704432e-11 2.990503736e-11 3.685954128e-11 3.265903302e-11 2.655092037e-11 2.103615733e-11 2.53196844e-11 2.232237225e-11 6.002661472e-12 1.241147058e-11 2.051649647e-11 2.405880995e-11 3.314416742e-11 1.711716224e-11 3.366791862e-11 2.092426195e-11 1.790810865e-11 1.489671223e-11 1.906440507e-11 2.321165914e-11 1.480977219e-11 1.841666716e-11 3.553926294e-11 1.277742553e-11 3.083085954e-11 1.250696963e-11 1.56992057e-11 2.309677166e-11 2.261254117e-11 1.625214529e-11 2.580736958e-11 2.397710219e-11 2.218013743e-11 1.681504555e-11 9.392959599e-12 4.298016186e-11 3.898669317e-11 2.905731944e-11 1.902605311e-11 1.817964573e-11 1.870936324e-11 3.796245802e-11 2.017353611e-11 2.714427214e-11 3.161611599e-11 3.314240563e-11 2.290081491e-11 2.625137738e-11 1.456515078e-11 1.780129467e-11 3.132146156e-11 2.372848127e-11 3.419082378e-11 1.994564641e-11 2.304830881e-11 3.855119245e-11 2.035214069e-11 2.279065317e-11 3.188557212e-11 2.245011176e-11 2.030557263e-11 
9.827055684e-12 2.934868002e-11 2.133402963e-11 2.507295037e-11 1.835765154e-11 1.208705279e-11 4.308517204e-11 1.45039352e-11 9.915218238e-12 9.865443884e-12 1.585081842e-11 1.609376897e-11 2.436419408e-11 3.112795189e-11 2.172111911e-11 2.982512763e-11 3.037354754e-11 1.161958811e-11 2.167740732e-11 1.706357016e-11 1.641442556e-11 1.331921848e-11 2.050732444e-11 1.043888936e-11 1.633703657e-11 2.309253303e-11 2.34695082e-11 2.414318608e-11 2.92205106e-11 1.954861543e-11 2.501578387e-11 2.114561067e-11 2.937241023e-11 3.007436624e-11 3.440878477e-11 1.4952823e-11 1.883273646e-11 2.713654336e-11 3.006854978e-11 2.978892314e-11 2.220041444e-11 1.562674532e-11 1.564878951e-11 1.535936931e-11 2.32713713e-11 3.563168504e-11 1.819459733e-11 1.248329533e-11 1.45976349e-11 2.036203078e-11 1.901546049e-11 1.724073181e-11 2.820881774e-11 1.586715237e-11 2.738721401e-11 2.254398229e-11 1.0509623e-11 2.539483878e-11 2.134866926e-11 2.637472603e-11 2.776651101e-11 2.04548134e-11 2.56314393e-11 2.68763626e-11 2.97290865e-11 2.746246439e-11 2.835083976e-11 1.99662755e-11 1.203805313e-11 2.675706427e-11 1.821782949e-11 2.154547516e-11 1.85361254e-11 1.420244626e-11 2.341457966e-11 1.720793075e-11 1.435598339e-11 1.635985775e-11 3.339915743e-11 9.412762294e-12 2.723120583e-11 2.556683878e-11 3.261977375e-11 2.561297115e-11 1.604561612e-11 1.989029307e-11 2.966198783e-11 2.044172018e-11 1.64862108e-11 1.628858306e-11 1.715155213e-11 2.502489099e-11 2.842994793e-11 2.748584122e-11 1.952716259e-11 2.661257902e-11 1.585819335e-11 2.38591957e-11 2.011146946e-11 1.880441654e-11 1.961990561e-11 
2.38622622e-11 1.944690093e-11 1.719286543e-11 2.894468364e-11 3.88838344e-11 1.130531111e-11 2.519447124e-11 2.145712936e-11 3.478288069e-11 2.183998017e-11 2.188086724e-11 3.034612121e-11 1.877323771e-11 2.033005036e-11 2.527902458e-11 2.239744571e-11 3.027087204e-11 1.633716072e-11 1.855846097e-11 2.295500651e-11 3.336049305e-11 3.259351281e-11 4.291412073e-11 1.939228232e-11 3.386360279e-11 1.19055325e-11 1.837047227e-11 2.53422555e-11 2.494193805e-11 1.633689082e-11 1.87024147e-11 1.80383052e-11 2.763907184e-11 1.794901338e-11 2.648620045e-11 1.794294288e-11 3.022866913e-11 1.520254257e-11 2.54758655e-11 1.609226994e-11 3.431080221e-11 2.32518398e-11 2.869772597e-11 1.715874778e-11 1.748605012e-11 1.727980064e-11 3.205736658e-11 2.119636311e-11 2.797768369e-11 2.051312262e-11 1.793160434e-11 2.42002511e-11 1.287076743e-11 2.102034118e-11 8.362900837e-12 2.568354855e-11 1.251425542e-11 2.380933995e-11 3.08788962e-11 2.583145458e-11 3.404631351e-11 2.646562965e-11 2.276058364e-11 3.021377606e-11 2.004564071e-11 2.739604582e-11 2.040607527e-11 1.446723902e-11 1.866616478e-11 1.560518582e-11 3.895742493e-11 1.387460824e-11 3.025733684e-11 2.750924242e-11 3.325922144e-11 1.944325387e-11 3.034130355e-11 2.20511623e-11 1.135261972e-11 3.057429866e-11 2.071715971e-11 3.01171659e-11 3.576955868e-11 2.626318378e-11 2.253920034e-11 2.634581598e-11 2.540886365e-11 2.606498455e-11 1.925640516e-11 1.334764311e-11 2.309346572e-11 2.724942369e-11 2.242945682e-11 2.163265325e-11 2.507654477e-11 3.000567804e-11 2.775064941e-11 2.954466277e-11 2.12758559e-11 2.728780073e-11 1.401227766e-11 
2.688282819e-11 1.15385929e-11 2.33665637e-11 2.422558773e-11 2.379487444e-11 2.15233585e-11 1.075892521e-11 2.516957861e-11 2.632402967e-11 2.570456605e-11 1.709445679e-11 2.495547442e-11 2.726750564e-11 2.991268942e-11 1.348140155e-11 3.023792995e-11 2.18845129e-11 2.341505426e-11 2.156485269e-11 2.357346483e-11 1.611797607e-11 2.622415531e-11 2.03964503e-11 1.515317373e-11 2.111682833e-11 1.683526468e-11 2.409477125e-11 2.120058056e-11 2.007628499e-11 1.733448048e-11 1.614284835e-11 2.030176307e-11 1.770433331e-11 2.546685863e-11 1.372054236e-11 3.162115795e-11 1.244188012e-11 2.391382656e-11 2.913283584e-11 2.677087912e-11 1.866143384e-11 1.604594659e-11 1.940589694e-11 3.076090004e-11 1.808691803e-11 2.567263785e-11 1.85505185e-11 2.236140594e-11 1.34773579e-11 2.066114018e-11 1.186271036e-11 3.566969395e-11 2.235746871e-11 1.20472179e-11 2.300450277e-11 2.702017796e-11 2.134311568e-11 1.295644524e-11 2.781219276e-11 2.610364448e-11 1.251511784e-11 2.123715651e-11 2.210366332e-11 2.688611833e-11 3.296662442e-11 1.613193227e-11 3.07453621e-11 2.519595825e-11 1.69436337e-11 1.021540712e-11 2.084180714e-11 3.088724582e-11 3.402968809e-11 3.13561431e-11 2.25569781e-11 2.906061333e-11 1.404923217e-11 1.842142904e-11 9.584683053e-12 2.850923354e-11 1.737678657e-11 1.76520408e-11 1.097601182e-11 2.106875068e-11 2.555391796e-11 2.662500987e-11 2.149446311e-11 2.803815492e-11 2.282925193e-11 1.423058514e-11 2.111505243e-11 1.444421394e-11 1.281464689e-11 3.276719254e-11 2.380710288e-11 2.819336574e-11 2.158952123e-11 2.915648942e-11 3.14723002e-11 1.537976873e-11 2.931461628e-11 
2.501671403e-11 1.879367665e-11 2.369388358e-11 2.218605925e-11 1.763123738e-11 2.534295939e-11 3.1982152e-11 2.575189796e-11 2.326464995e-11 1.538301221e-11 2.387887954e-11 1.047355798e-11 3.251445689e-11 3.034571948e-11 2.240710399e-11 1.795358454e-11 2.324668233e-11 1.952712413e-11 2.562807807e-11 1.218935693e-11 1.973839967e-11 2.997257836e-11 2.143660491e-11 8.810194057e-12 2.742765884e-11 1.038830227e-11 2.57486335e-11 2.18067277e-11 2.744327808e-11 2.43288261e-11 2.657713019e-11 2.225045941e-11 1.690296015e-11 1.220097216e-11 2.003726902e-11 1.284144479e-11 2.07561986e-11 1.754663708e-11 3.611235322e-11 1.997549401e-11 2.573595402e-11 2.748969258e-11 1.646352016e-11 1.664198694e-11 3.181374045e-11 2.535614964e-11 1.873501662e-11 3.499965167e-11 3.116626605e-11 3.037380893e-11 1.807386281e-11 2.400015369e-11 2.992888358e-11 2.313613534e-11 1.983493322e-11 2.018959274e-11 1.668923423e-11 2.357535146e-11 3.357750389e-11 2.226022133e-11 1.531034363e-11 2.140416358e-11 1.932030979e-11 2.275645077e-11 2.696046021e-11 1.247559435e-11 1.430749033e-11 3.254697878e-11 2.390155394e-11 1.729428015e-11 2.034089415e-11 2.036602088e-11 2.387128911e-11 1.729292728e-11 2.900195536e-11 1.387612321e-11 2.130261088e-11 1.650285571e-11 2.535398094e-11 2.454005185e-11 1.864921841e-11 7.401690067e-12 2.956680572e-11 2.393677645e-11 1.421302816e-11 2.090729013e-11 3.463087123e-11 1.94206827e-11 1.458079177e-11 2.642988746e-11 2.562002372e-11 4.260445883e-11 3.340275073e-11 1.646519024e-11 2.406258554e-11 2.459754058e-11 2.413974061e-11 1.826552105e-11 2.982709375e-11 2.900614895e-11 3.577435182e-11 
2.780230016e-11 1.025051071e-11 1.849112599e-11 3.195141205e-11 3.641543779e-11 3.973808847e-11 1.702942109e-11 1.27465046e-11 2.159767042e-11 2.799223457e-11 1.400981099e-11 2.14716547e-11 2.870301609e-11 1.852090004e-11 1.925372273e-11 2.705524106e-11 1.930216756e-11 1.10591007e-11 2.148865346e-11 1.366553291e-11 3.977488697e-11 1.081109522e-11 1.713031599e-11 2.051915e-11 2.31981781e-11 1.772882107e-11 1.827539322e-11 2.607166024e-11 2.324736271e-11 2.071315737e-11 2.39582359e-11 2.578783587e-11 2.724499698e-11 2.735321045e-11 1.920097707e-11 1.590443727e-11 2.31262144e-11 3.434275937e-11 1.473846659e-11 3.657327741e-11 1.752707564e-11 1.643472983e-11 2.172659818e-11 2.580637294e-11 2.279474398e-11 1.379986235e-11 1.541318129e-11 1.801965005e-11 1.955008504e-11 2.414701889e-11 3.808689814e-11 2.029405024e-11 1.314341951e-11 2.514530075e-11 2.262433048e-11 1.31638801e-11 1.110680494e-11 2.116458713e-11 2.974697644e-11 2.726742703e-11 2.421863076e-11 2.193063588e-11 1.926309522e-11 2.71628962e-11 3.098946665e-11 2.679760149e-11 1.808073075e-11 2.200473391e-11 1.310001133e-11 3.774738408e-11 3.03209326e-11 1.740522283e-11 1.536264451e-11 1.73746209e-11 1.119590771e-11 2.277017461e-11 1.805671849e-11 1.35663087e-11 1.835174171e-11 3.06607912e-11 2.358256253e-11 1.408969998e-11 1.821973365e-11 2.927624156e-11 2.730899789e-11 4.709896501e-11 1.199200084e-11 3.390206466e-12 1.900474149e-11 1.836517867e-11 2.468584945e-11 3.395247822e-11 1.158729456e-11 2.157627875e-11 1.881864944e-11 2.670910093e-11 2.509646118e-11 2.639591257e-11 3.794700453e-11 2.089841317e-11 1.525111904e-11 
3.173070135e-11 2.271990533e-11 2.968879531e-11 3.160906373e-11 1.332697468e-11 3.031597031e-11 1.440339519e-11 1.442591023e-11 2.75873024e-11 2.88484019e-11 2.722402141e-11 1.929310574e-11 1.703471971e-11 2.871638088e-11 2.941136415e-11 3.168658701e-11 3.21718706e-11 2.068904913e-11 1.947054888e-11 2.809013262e-11 1.674932541e-11 2.20822697e-11 3.151984682e-11 2.885638868e-11 2.551496947e-11 2.54044245e-11 1.641321174e-11 3.643437475e-11 2.442159238e-11 1.411301384e-11 2.029656095e-11 2.710176352e-11 1.339634764e-11 3.424495916e-11 3.203307591e-11 1.888471664e-11 3.290260485e-11 2.19418562e-11 1.451668425e-11 1.613856146e-11 2.485345092e-11 1.214380221e-11 3.24799343e-11 2.117713227e-11 1.675562773e-11 2.504986708e-11 1.344378096e-11 2.328140789e-11 1.859526547e-11 2.766080135e-11 3.314754526e-11 2.490578067e-11 2.442984248e-11 2.819486455e-11 2.792007901e-11 1.551606885e-11 1.428229705e-11 1.883710008e-11 2.690310251e-11 3.343960767e-11 2.98259406e-11 3.253202428e-11 2.337428934e-11 2.518882095e-11 2.887883778e-11 2.927104985e-11 3.722762355e-11 2.363155071e-11 2.524780757e-11 2.001319407e-11 1.838001951e-11 1.439280992e-11 2.60178006e-11 2.620089565e-11 2.138639198e-11 2.054428194e-11 1.676656616e-11 1.702494381e-11 1.93819311e-11 1.652858383e-11 2.025592495e-11 2.219091703e-11 6.915753631e-12 2.13667216e-11 1.281169054e-11 2.540080932e-11 2.814105625e-11 2.191863108e-11 2.381183884e-11 1.314305764e-11 2.135752815e-11 2.640454375e-11 2.37648048e-11 1.909985989e-11 1.513131833e-11 2.287644737e-11 1.732808714e-11 2.718901958e-11 1.224518573e-11 1.491286095e-11 1.687952041e-11 
7.385756658e-12 2.557025899e-11 2.587508513e-11 2.391811132e-11 2.158157581e-11 2.042907354e-11 2.462686557e-11 2.221543668e-11 1.793844133e-11 1.492809245e-11 1.997202242e-11 1.89226191e-11 1.936271757e-11 1.759140499e-11 1.348295766e-11 2.720817414e-11 1.655388705e-11 3.216869462e-11 2.054434556e-11 1.654060662e-11 3.575842669e-11 1.894286252e-11 1.557407395e-11 1.640222237e-11 2.833588173e-11 2.39155822e-11 2.050558948e-11 6.283387217e-12 3.364291921e-11 1.975316128e-11 3.278886314e-11 2.025762614e-11 1.815879188e-11 2.071822679e-11 1.559317507e-11 2.999640614e-11 1.387974314e-11 1.502217627e-11 1.957169655e-11 1.31044209e-11 3.161960006e-11 2.305820636e-11 1.594116519e-11 1.67344569e-11 1.998015575e-11 1.863370949e-11 3.045803341e-11 2.466620708e-11 2.120371105e-11 1.626067507e-11 3.092910998e-11 1.551747249e-11 2.657008313e-11 2.965996589e-11 2.035725753e-11 2.663932978e-11 1.660631619e-11 2.245716588e-11 1.454336961e-11 1.585579729e-11 1.949673656e-11 1.752585656e-11 1.724744101e-11 1.175800669e-11 1.780439051e-11 2.049091437e-11 2.49192746e-11 2.241829043e-11 3.561566376e-11 1.161429587e-11 2.536035935e-11 2.476037692e-11 2.187075317e-11 2.275250027e-11 1.910191289e-11 3.104804882e-11 1.913885049e-11 1.882870803e-11 1.835097988e-11 8.713398949e-12 1.266887794e-11 2.675859994e-11 2.908432066e-11 1.954447185e-11 2.98318424e-11 2.480102479e-11 3.153081784e-11 1.465112173e-11 9.060708231e-12 2.006807751e-11 3.718851671e-11 2.34113364e-11 2.423601712e-11 1.895576904e-11 1.493309612e-11 2.716024788e-11 2.023156225e-11 1.467515902e-11 1.82533949e-11 3.569839411e-11 1.70854245e-11 
1.251975186e-11 9.99585793e-12 2.772090091e-11 1.996884407e-11 1.833878685e-11 2.015807529e-11 2.421783759e-11 1.237209406e-11 1.872989876e-11 1.945214107e-11 2.34658692e-11 3.385885424e-11 1.636255869e-11 1.943129234e-11 2.274697116e-11 2.34581312e-11 1.569800157e-11 2.05282359e-11 1.928315721e-11 1.732323268e-11 3.164491257e-11 3.373375802e-11 3.189025117e-11 1.891827187e-11 2.172573226e-11 2.878942753e-11 1.158259858e-11 3.473593779e-11 1.354511751e-11 2.066854425e-11 3.356416521e-11 3.167914121e-11 1.816585931e-11 1.99956432e-11 1.887585902e-11 1.780369341e-11 2.714323615e-11 1.593279705e-11 3.000762319e-11 1.793004495e-11 1.969677432e-11 2.32607868e-11 1.576339868e-11 1.446857234e-11 1.227317773e-11 2.686681109e-11 1.119827058e-11 2.070842751e-11 3.829803989e-11 2.729058489e-11 1.979084544e-11 8.233462673e-12 2.453714568e-11 2.60509841e-11 2.049003677e-11 1.451760514e-11 3.133814971e-11 2.461643399e-11 2.620470069e-11 1.375806145e-11 2.105356883e-11 2.213610682e-11 3.383347246e-11 1.637700255e-11 1.704596439e-11 1.428808383e-11 2.323505747e-11 3.685761413e-11 2.920365521e-11 3.224169227e-11 1.687475157e-11 9.906264218e-12 1.460637886e-11 1.663795497e-11 2.495415534e-11 2.338061541e-11 2.52612861e-11 2.210578479e-11 2.786053375e-11 2.105114875e-11 2.983237341e-11 2.349136416e-11 2.396596113e-11 1.902026651e-11 3.141176228e-11 3.326839254e-11 1.411207118e-11 1.571451494e-11 1.725562923e-11 1.622497837e-11 2.52110372e-11 1.653754333e-11 1.6909003e-11 3.334274061e-11 1.816998992e-11 1.774971556e-11 2.045541798e-11 1.654314792e-11 2.434088148e-11 1.431029151e-11 2.182547769e-11 
2.312205714e-11 2.424470721e-11 1.887383792e-11 1.82293707e-11 2.240439537e-11 1.917170182e-11 2.10381045e-11 2.733900704e-11 2.285960748e-11 2.814517402e-11 2.203372354e-11 2.004785789e-11 1.958342967e-11 2.944624561e-11 2.678425467e-11 1.971494751e-11 1.755038225e-11 3.882499431e-11 1.653190492e-11 1.327144679e-11 1.543142373e-11 2.403199111e-11 2.515017203e-11 2.708104501e-11 1.262705885e-11 1.842155262e-11 2.184217249e-11 2.613889382e-11 2.113602645e-11 2.684225503e-11 3.687756733e-11 1.688626312e-11 2.605563667e-11 3.155171382e-11 2.720187735e-11 3.032812481e-11 2.764219034e-11 1.610957685e-11 3.900294423e-11 2.319490326e-11 2.92664987e-11 2.310576521e-11 1.526262939e-11 1.869665642e-11 1.679811095e-11 1.92889128e-11 1.545384534e-11 1.663848034e-11 3.127941956e-11 2.84546776e-11 1.873496653e-11 1.402739824e-11 2.259807405e-11 2.524973107e-11 1.359246938e-11 2.177370016e-11 2.954584562e-11 2.150224241e-11 2.357498842e-11 1.976599555e-11 2.92817413e-11 3.744008808e-11 1.933426741e-11 2.623515964e-11 3.170633392e-11 1.702937568e-11 3.418661441e-11 7.218409619e-12 2.218383077e-11 1.343813962e-11 2.23703163e-11 3.443765558e-11 2.230504387e-11 2.336562065e-11 1.971085783e-11 3.153748524e-11 1.778437113e-11 2.980819828e-11 3.18290788e-11 2.610131189e-11 3.258333313e-11 2.792051334e-11 2.908179304e-11 1.760519811e-11 1.97727531e-11 2.110588441e-11 1.713148737e-11 1.672624659e-11 9.039523782e-12 2.411879178e-11 2.703033129e-11 1.482396624e-11 2.423622826e-11 1.165892165e-11 1.349142132e-11 2.196039468e-11 2.663735216e-11 1.61751139e-11 3.447008894e-11 1.836847773e-11 3.797889445e-11 
2.638192818e-11 1.289079252e-11 2.221296808e-11 3.160578832e-11 2.40458606e-11 1.753930102e-11 1.741068988e-11 3.035304462e-11 1.89551972e-11 1.924088056e-11 1.710022771e-11 2.521806183e-11 3.278651082e-11 1.638880272e-11 2.632728968e-11 1.954476371e-11 2.782982266e-11 2.115127441e-11 1.939437877e-11 2.127778714e-11 1.429620879e-11 1.388566526e-11 1.690832835e-11 1.375554306e-11 2.853846845e-11 2.093738089e-11 2.478084298e-11 1.861833527e-11 3.016895881e-11 2.748734264e-11 1.264047607e-11 2.582132813e-11 2.696196706e-11 2.724630068e-11 1.615007673e-11 2.728168983e-11 1.178878572e-11 2.426393684e-11 1.894261062e-11 2.286091312e-11 3.295593429e-11 3.12415087e-11 2.841050722e-11 3.348023084e-11 1.941638086e-11 2.313694515e-11 2.925319452e-11 7.482139516e-12 3.201471042e-11 1.772437648e-11 2.537015515e-11 3.280342665e-11 2.437356492e-11 9.314531233e-12 2.352805008e-11 2.728678845e-11 2.450770584e-11 1.810284682e-11 2.75553291e-11 2.051054744e-11 1.927190051e-11 1.80571702e-11 1.226742051e-11 1.591047676e-11 2.173987473e-11 1.812006093e-11 1.728881603e-11 1.277167956e-11 1.548186576e-11 1.629978735e-11 1.668395549e-11 3.213638832e-11 2.538270459e-11 1.949589989e-11 2.579749047e-11 2.456293119e-11 2.050248966e-11 1.554678931e-11 2.542179554e-11 1.740163643e-11 2.089234724e-11 3.007474996e-11 1.99310346e-11 2.390131259e-11 2.841978665e-11 1.535771466e-11 2.045875699e-11 2.261360839e-11 2.179303994e-11 2.076012533e-11 2.465235348e-11 3.205275442e-11 3.572173431e-11 2.184763525e-11 2.379359303e-11 1.71032025e-11 3.407553453e-11 1.199752606e-11 2.532484956e-11 1.174092595e-11 2.033306397e-11 
1.456791504e-11 2.349800469e-11 1.775863696e-11 2.463964934e-11 2.840320359e-11 2.163095287e-11 2.262242837e-11 1.973963887e-11 3.355632932e-11 1.60083253e-11 1.658293709e-11 1.619324076e-11 1.839844078e-11 1.861015252e-11 3.327974838e-11 2.889749486e-11 1.86387806e-11 2.136783526e-11 2.670818648e-11 2.728073857e-11 2.983575775e-11 1.140147689e-11 1.90027079e-11 2.330369839e-11 2.236605162e-11 1.921902671e-11 2.938115988e-11 1.23980919e-11 3.774646774e-11 2.753934281e-11 3.816848012e-11 2.370213582e-11 9.637297837e-12 1.245635357e-11 2.014150131e-11 2.695877449e-11 2.367531697e-11 2.115238536e-11 3.228455976e-11 1.942211943e-11 1.806025584e-11 9.500438303e-12 2.384988358e-11 2.592770231e-11 2.771853662e-11 2.378206536e-11 2.86800292e-11 6.907583367e-12 1.93406292e-11 2.534615222e-11 3.096675705e-11 1.694323426e-11 3.00866192e-11 2.282665987e-11 1.788804205e-11 1.26616182e-11 1.353273808e-11 1.927932617e-11 3.349632532e-11 1.320493461e-11 2.627317989e-11 1.95796499e-11 2.25373333e-11 1.818772553e-11 8.626990033e-12 9.352023956e-12 1.743034172e-11 2.677619761e-11 2.722813286e-11 1.922080797e-11 3.676753918e-11 3.196446016e-11 2.231112728e-11 1.439300861e-11 3.09451619e-11 1.659032174e-11 2.472343358e-11 2.646856735e-11 2.594661868e-11 2.047869542e-11 2.3883833e-11 1.662236242e-11 2.757489177e-11 1.408501472e-11 2.466677908e-11 1.876144301e-11 2.293677045e-11 1.922998668e-11 1.755708156e-11 3.119303231e-11 1.931703318e-11 1.280602339e-11 3.757723084e-11 2.048521517e-11 1.713614441e-11 3.180196631e-11 1.695365917e-11 1.835895892e-11 1.409230276e-11 2.194364217e-11 1.40895191e-11 
2.153211454e-11 1.827631041e-11 2.49135461e-11 1.748926734e-11 2.35537148e-11 1.431457593e-11 1.307478205e-11 2.591023659e-11 2.223140728e-11 1.739380906e-11 2.623208111e-11 2.813614937e-11 9.165406652e-12 2.250404637e-11 2.636677162e-11 2.417075464e-11 2.116070823e-11 1.504525554e-11 2.27635448e-11 1.75529456e-11 3.236633236e-11 3.006792414e-11 2.123344554e-11 1.599077314e-11 1.768145269e-11 9.023981209e-12 1.401807523e-11 2.11193808e-11 2.239178443e-11 2.102786841e-11 2.267934675e-11 2.543967672e-11 3.696162524e-11 1.720616791e-11 3.289081417e-11 1.788147453e-11 2.699678358e-11 2.904590119e-11 2.136564076e-11 1.502194356e-11 2.196106206e-11 2.747184477e-11 1.917652352e-11 1.202031952e-11 2.700470319e-11 2.083816392e-11 2.968946986e-11 3.185472303e-11 2.532814749e-11 2.48902426e-11 1.827144261e-11 2.362963674e-11 2.580555791e-11 3.357347478e-11 2.349851844e-11 2.315062276e-11 2.286329026e-11 3.065864606e-11 6.839511825e-12 7.67060618e-12 2.035412355e-11 2.563435464e-11 1.685845654e-11 1.978531216e-11 1.335654446e-11 1.633916607e-11 2.388407617e-11 1.679921988e-11 1.704599401e-11 2.660196742e-11 1.878402962e-11 2.242902767e-11 2.170067244e-11 2.144297842e-11 2.161889256e-11 1.895385345e-11 1.454834412e-11 2.086061633e-11 3.653040479e-11 1.617474247e-11 3.057787111e-11 7.207172959e-12 1.705278939e-11 3.083208399e-11 1.246677732e-11 2.395810546e-11 1.691134951e-11 1.29775908e-11 1.787555446e-11 1.826761448e-11 1.39541169e-11 2.073692012e-11 1.64640393e-11 1.490620296e-11 4.026777304e-11 1.507475378e-11 2.128367251e-11 2.263682147e-11 2.431391481e-11 2.210649161e-11 2.478738584e-11 
1.550338376e-11 1.805863203e-11 1.578109559e-11 3.873325107e-11 1.888136892e-11 2.051164124e-11 2.368314415e-11 1.356255973e-11 2.65683039e-11 2.739348353e-11 2.194888927e-11 1.63457361e-11 1.970604186e-11 3.73911121e-11 2.688801698e-11 2.135866229e-11 1.841999237e-11 3.555208439e-11 2.292197688e-11 2.176645003e-11 1.647227023e-11 3.836488092e-11 2.561534463e-11 2.256388695e-11 1.849936806e-11 7.766559268e-12 2.804192847e-11 2.403493786e-11 3.064426266e-11 2.614683295e-11 2.049039759e-11 3.079224674e-11 2.16547107e-11 2.634103658e-11 2.617748395e-11 1.697141265e-11 2.223309116e-11 1.85169208e-11 2.745720398e-11 1.683378861e-11 2.74925819e-11 2.816285802e-11 2.01525277e-11 1.51343121e-11 2.034426309e-11 9.564729458e-12 2.486057752e-11 2.125337241e-11 1.94139305e-11 2.040373975e-11 2.017731961e-11 3.357895805e-11 3.06492742e-11 2.413755655e-11 2.703906912e-11 2.641938394e-11 1.854688645e-11 1.461606963e-11 1.852227829e-11 1.219162724e-11 1.449636089e-11 1.921841899e-11 1.992201016e-11 2.661587197e-11 1.227654775e-11 3.09247426e-11 1.476166797e-11 3.282912345e-11 3.18501249e-11 3.377879121e-11 2.415482795e-11 1.897261247e-11 2.231355483e-11 2.403971671e-11 1.804060877e-11 2.389489778e-11 1.120264545e-11 2.045319467e-11 2.364979315e-11 3.127570381e-11 1.980592668e-11 2.69610206e-11 2.258699504e-11 3.253717142e-11 2.741372419e-11 3.624169973e-11 3.028501167e-11 1.774606179e-11 2.168312e-11 1.472258229e-11 2.723931557e-11 3.227830432e-11 2.003099749e-11 2.564052179e-11 2.456716939e-11 2.552360737e-11 1.087607508e-11 1.684980415e-11 2.000611373e-11 8.000441161e-12 2.765326555e-11 
1.370107825e-11 3.07932025e-11 1.772724201e-11 2.337659104e-11 3.530093122e-11 2.389252659e-11 3.666837315e-11 2.447158005e-11 1.901602215e-11 2.335946836e-11 2.046469503e-11 2.337294693e-11 1.373775585e-11 3.1026004e-11 1.994379317e-11 2.101569861e-11 2.752665855e-11 2.494052762e-11 1.420445735e-11 2.678879458e-11 2.028340133e-11 1.543193823e-11 2.470742409e-11 2.020290076e-11 2.399740245e-11 3.844817461e-11 1.720955029e-11 3.512634592e-11 3.425549758e-11 1.820569566e-11 1.958592234e-11 1.921134085e-11 1.931009628e-11 1.382538937e-11 2.519991359e-11 1.280773545e-11 1.859537581e-11 1.389620652e-11 1.415858569e-11 2.331668923e-11 2.976190542e-11 1.647697876e-11 1.682637675e-11 7.636939122e-12 3.770890634e-11 2.121582574e-11 2.222059117e-11 3.037934546e-11 2.74004397e-11 1.957487634e-11 1.923893566e-11 1.148301342e-11 1.497008685e-11 3.903880678e-11 3.497073197e-11 1.189057046e-11 3.134848429e-11 1.858489343e-11 1.588459124e-11 4.002820958e-11 2.476407113e-11 2.132908864e-11 1.319150493e-11 2.827357088e-11 1.622770048e-11 3.299928091e-11 2.360304259e-11 2.134658333e-11 1.882999019e-11 2.427045197e-11 1.683099674e-11 1.642824729e-11 2.05989897e-11 2.619678189e-11 1.35453967e-11 2.372683917e-11 3.690141635e-11 4.231588555e-11 2.611913404e-11 2.104411325e-11 1.66191126e-11 5.628676094e-12 2.238393712e-11 2.129984545e-11 9.742478232e-12 3.699156976e-11 1.46909505e-11 1.548513835e-11 3.319225891e-11 2.101815364e-11 2.32107441e-11 2.189768178e-11 3.505387509e-11 1.985856656e-11 3.487982355e-11 1.392172794e-11 2.647606755e-11 1.630046645e-11 3.259929154e-11 1.653509537e-11 2.286904906e-11 
2.12027644e-11 3.589567784e-11 1.508428769e-11 2.21557344e-11 1.987342985e-11 1.369483808e-11 2.019632562e-11 2.230614462e-11 1.73562344e-11 1.059801638e-11 2.328640303e-11 1.007140914e-11 3.39167947e-11 2.863840421e-11 1.146501488e-11 3.299100439e-11 3.06924533e-11 3.781019816e-11 1.993274372e-11 2.840340985e-11 2.184235704e-11 2.149652443e-11 9.337079862e-12 2.341937301e-11 1.892517311e-11 2.813773241e-11 2.06504165e-11 1.385438025e-11 2.042045978e-11 2.212035747e-11 2.208359719e-11 2.210691004e-11 1.906219426e-11 1.727654555e-11 1.689920089e-11 2.729033581e-11 2.545319307e-11 2.039377848e-11 2.687756145e-11 1.523390246e-11 3.343459689e-11 2.224213568e-11 2.214627326e-11 1.530013891e-11 1.540132957e-11 2.785254331e-11 2.110020769e-11 2.512662278e-11 1.012510491e-11 1.567265269e-11 1.730684525e-11 1.868469103e-11 1.5796416e-11 1.80030373e-11 3.044035306e-11 1.485891593e-11 1.927453626e-11 1.576179443e-11 8.318924087e-12 2.063555168e-11 1.627486773e-11 2.805377523e-11 3.609980695e-11 1.949849682e-11 1.779669904e-11 3.180436272e-11 2.237156175e-11 2.576887409e-11 3.213383279e-11 9.882205447e-12 2.066610737e-11 1.894007367e-11 2.893735424e-11 1.823984914e-11 1.675045115e-11 1.66901778e-11 1.662591874e-11 1.161098135e-11 2.794673796e-11 1.332858237e-11 2.264497505e-11 2.845547312e-11 1.977248304e-11 2.274737239e-11 1.281203861e-11 2.628342996e-11 2.465309475e-11 3.372561707e-11 2.430618259e-11 1.900563125e-11 1.968593555e-11 1.502409413e-11 9.98863912e-12 1.512905423e-11 1.754101949e-11 2.618991334e-11 3.46837249e-11 2.330578683e-11 1.067468936e-11 1.624325118e-11 1.894862143e-11 
1.78166209e-11 2.232910172e-11 1.650057984e-11 2.156622909e-11 1.017387175e-11 1.832817618e-11 2.229486775e-11 3.181736582e-11 2.408222098e-11 2.09134249e-11 6.879006711e-12 2.767114038e-11 2.543585436e-11 3.363757192e-11 2.447300706e-11 1.864726538e-11 1.694463251e-11 3.788884004e-11 1.111122162e-11 2.032578854e-11 2.199132854e-11 1.917179599e-11 2.721302449e-11 2.274316703e-11 2.494666666e-11 3.141672434e-11 3.443385535e-11 2.025870787e-11 1.965041263e-11 2.716506506e-11 1.085964032e-11 1.873524607e-11 2.358962216e-11 1.87992991e-11 4.127905817e-11 3.805150621e-11 2.239501344e-11 1.356040392e-11 2.121995645e-11 1.938537086e-11 2.35559928e-11 8.52014754e-12 1.031036197e-11 1.787661166e-11 1.6403361e-11 1.899075723e-11 3.717020948e-11 2.446111432e-11 1.371916108e-11 1.183501727e-11 1.540241529e-11 2.963838839e-11 1.350799409e-11 2.887119282e-11 3.357590461e-11 1.712810201e-11 2.011460037e-11 2.015025277e-11 2.663071763e-11 1.893567743e-11 2.246913137e-11 2.81889741e-11 1.402320851e-11 3.269907669e-11 1.554299419e-11 3.244847494e-11 3.931658893e-11 2.072453223e-11 2.549299865e-11 1.349548446e-11 3.095588027e-11 2.688270277e-11 2.373534225e-11 3.032554692e-11 2.49752716e-11 2.610668092e-11 1.62897119e-11 2.686548007e-11 1.705709898e-11 2.7543038e-11 2.282408867e-11 1.667242735e-11 2.086400224e-11 1.471774435e-11 1.381447695e-11 3.613161974e-11 1.025060556e-11 2.521648299e-11 2.383010748e-11 2.089819215e-11 1.040432928e-11 1.793056455e-11 2.461068074e-11 1.005274348e-11 2.082831497e-11 2.562760966e-11 2.472563309e-11 3.113132656e-11 2.469697898e-11 1.515224482e-11 7.350166862e-12 
3.224902677e-11 1.386143544e-11 1.985165735e-11 3.404077488e-11 2.392129168e-11 1.831732518e-11 1.877250043e-11 2.367871221e-11 1.677683334e-11 2.312104469e-11 2.965670778e-11 1.44465873e-11 2.132079536e-11 2.488428344e-11 2.806155257e-11 2.394811013e-11 1.635229557e-11 2.621661968e-11 3.132527451e-11 3.737117075e-11 9.498924498e-12 1.538031527e-11 2.217643839e-11 2.472423719e-11 2.527897299e-11 2.19054241e-11 2.766649574e-11 2.64684183e-11 1.389984588e-11 2.689574756e-11 1.88365311e-11 2.725893287e-11 1.408972375e-11 2.661334013e-11 3.182027438e-11 3.749783331e-11 1.595855728e-11 1.978779576e-11 3.461916025e-11 2.011947202e-11 1.985649578e-11 3.074628704e-11 1.439963592e-11 2.529996395e-11 4.025399286e-11 1.620060273e-11 1.804730522e-11 1.528783868e-11 1.616901826e-11 2.069522853e-11 1.738640204e-11 1.929721933e-11 2.432898166e-11 2.015727547e-11 2.662148155e-11 2.8543489e-11 2.245138228e-11 2.519226462e-11 2.308606927e-11 2.505522356e-11 1.25913592e-11 3.243078973e-11 1.772755005e-11 2.116276697e-11 3.202895743e-11 2.13117075e-11 1.917502826e-11 1.543285766e-11 2.312914377e-11 1.112755776e-11 1.095571849e-11 1.331681793e-11 3.125265937e-11 1.315159687e-11 2.002941386e-11 1.715879568e-11 2.264080557e-11 1.052029971e-11 1.816973736e-11 2.014890977e-11 1.86199607e-11 2.485130021e-11 2.730872913e-11 2.889097503e-11 2.688789726e-11 1.432938498e-11 1.385924147e-11 3.094603118e-11 2.437224828e-11 2.835987949e-11 2.451258693e-11 2.455434809e-11 2.352865962e-11 1.650742649e-11 2.579461691e-11 1.979676838e-11 2.603679231e-11 1.595546401e-11 1.357448492e-11 2.494174272e-11 1.353521545e-11 
2.908579563e-11 6.678198676e-12 2.935709554e-11 2.610033691e-11 2.195622659e-11 1.850875161e-11 1.69879322e-11 4.327932981e-11 1.982056873e-11 2.753504589e-11 1.268897265e-11 2.960648786e-11 3.402421914e-11 2.563375672e-11 1.689613001e-11 2.536715362e-11 1.423859661e-11 2.659285483e-11 9.599999706e-12 1.344235574e-11 3.153836754e-11 2.209002096e-11 2.917493771e-11 1.747231095e-11 2.954274689e-11 1.383345647e-11 2.393283247e-11 1.498383978e-11 3.358003383e-11 2.550696469e-11 1.757194286e-11 2.152210584e-11 3.142910136e-11 1.960584699e-11 3.330010417e-11 2.752216114e-11 3.233168265e-11 1.340419727e-11 1.941734189e-11 1.12833531e-11 3.216632003e-11 2.696593307e-11 1.615401121e-11 1.270889608e-11 3.028670739e-11 1.760110565e-11 2.152832895e-11 3.384162028e-11 1.821300095e-11 2.421293618e-11 2.062348507e-11 1.709602393e-11 4.639168455e-11 1.460790569e-11 2.173238619e-11 3.264400151e-11 8.001992912e-12 2.797362021e-11 3.096330962e-11 2.717547593e-11 1.563396615e-11 1.656256675e-11 2.094850392e-11 3.135323672e-11 7.654148938e-12 2.684871308e-11 3.197715397e-11 2.088439969e-11 1.83112543e-11 2.269165365e-11 2.164204718e-11 1.963500632e-11 2.213159268e-11 1.282307715e-11 1.31365951e-11 3.177023502e-11 1.988647939e-11 1.644747688e-11 2.375801714e-11 1.767587259e-11 1.193112609e-11 2.420288876e-11 2.282304605e-11 1.732618087e-11 2.224937387e-11 2.683555033e-11 2.65133077e-11 2.152986466e-11 1.555441773e-11 3.23507965e-11 1.92557135e-11 2.361718616e-11 2.527005583e-11 1.350110927e-11 2.492464292e-11 2.788335803e-11 2.117232307e-11 1.148490668e-11 1.087549897e-11 2.25687975e-11 1.247081208e-11 
2.492647547e-11 2.803155197e-11 3.90573842e-11 1.837102551e-11 2.61111666e-11 2.299337861e-11 2.499867645e-11 2.155693848e-11 2.128720156e-11 2.706961245e-11 2.478083875e-11 2.76350138e-11 1.762111927e-11 2.686005415e-11 1.834136355e-11 2.385572689e-11 2.53350796e-11 1.70071754e-11 3.114428516e-11 1.625850502e-11 1.558058922e-11 2.970591737e-11 3.7137669e-11 3.160556131e-11 2.061746751e-11 2.144173269e-11 1.842068512e-11 2.305473863e-11 2.479830478e-11 3.369908762e-11 2.149423885e-11 2.365800444e-11 1.407316097e-11 1.81263109e-11 1.916345487e-11 2.620877147e-11 1.675463531e-11 2.755934669e-11 1.452784213e-11 2.349583209e-11 2.578731235e-11 1.534886781e-11 2.56419234e-11 2.285082472e-11 1.766615501e-11 1.830790124e-11 1.076102415e-11 2.692099808e-11 2.200062353e-11 2.161901107e-11 1.828788249e-11 3.193779158e-11 1.934380321e-11 3.4069797e-11 2.04406997e-11 1.561171957e-11 1.419328337e-11 1.337315673e-11 1.103228948e-11 2.740345997e-11 2.068033797e-11 2.147849322e-11 3.651186629e-11 1.781271351e-11 2.179058133e-11 4.992190852e-12 1.391502045e-11 1.579942542e-11 1.753202537e-11 1.931019623e-11 1.23228995e-11 2.175330237e-11 2.614203263e-11 1.739688461e-11 1.317601451e-11 2.269194426e-11 1.600869193e-11 1.51373713e-11 2.921609604e-11 1.984670953e-11 1.94650754e-11 2.904681691e-11 1.46490423e-11 2.208526358e-11 2.138595029e-11 2.855835923e-11 1.659490725e-11 2.568737333e-11 1.053769508e-11 3.628384527e-11 3.206416155e-11 2.147930375e-11 1.539962549e-11 1.402092211e-11 2.03331373e-11 2.670858374e-11 1.530082082e-11 2.184282822e-11 3.558298511e-11 1.975103157e-11 2.06543884e-11 
2.516928201e-11 2.380945546e-11 2.250138816e-11 2.762355134e-11 2.226297773e-11 2.41247137e-11 2.515482937e-11 2.402742747e-11 3.324918923e-11 2.058507146e-11 8.682659164e-12 2.994668695e-11 2.680757122e-11 2.054546326e-11 3.640875628e-11 1.591824551e-11 2.219296192e-11 2.056331031e-11 4.285492116e-11 2.12370744e-11 2.96442133e-11 2.620464602e-11 1.784917049e-11 3.688226927e-11 2.894929064e-11 1.400067785e-11 2.178601269e-11 1.023721482e-11 2.377741894e-11 3.061609794e-11 1.100925439e-11 2.544120111e-11 3.001136347e-11 1.527596764e-11 2.427388074e-11 1.70325457e-11 1.915302178e-11 1.148812121e-11 2.645787341e-11 2.070859499e-11 2.219381812e-11 2.757666418e-11 2.10328716e-11 1.882131811e-11 2.606471715e-11 2.090296442e-11 1.940871924e-11 1.70715214e-11 1.429867643e-11 2.13569924e-11 1.844761032e-11 2.148472688e-11 2.463054242e-11 2.341821779e-11 2.49010401e-11 1.707461227e-11 3.222127749e-11 1.702757822e-11 1.150913685e-11 2.175471266e-11 2.311738471e-11 1.658801461e-11 2.623950994e-11 2.742917657e-11 2.271300356e-11 1.453074786e-11 2.688849083e-11 2.019159717e-11 2.261123741e-11 1.862836448e-11 2.053425897e-11 3.083717345e-11 2.120778172e-11 2.971945298e-11 2.171420528e-11 2.471157991e-11 2.976061045e-11 1.56378806e-11 2.339502871e-11 3.829671201e-11 2.598730583e-11 2.307051465e-11 2.573285313e-11 2.446593376e-11 1.94357446e-11 2.534002004e-11 2.727605803e-11 1.950454707e-11 2.498835146e-11 3.029851332e-11 2.123798296e-11 1.989811527e-11 2.67568135e-11 1.854167004e-11 1.727104758e-11 1.807316823e-11 1.495676386e-11 1.356498082e-11 1.45895811e-11 2.051303521e-11 2.06423073e-11 
2.104112639e-11 2.137530545e-11 1.582993674e-11 2.383853068e-11 2.570730328e-11 7.970393862e-12 2.5859097e-11 2.24060344e-11 1.881234124e-11 2.386649267e-11 2.206413069e-11 1.73466801e-11 2.743027314e-11 2.083388449e-11 2.679964454e-11 2.552550643e-11 1.670131718e-11 2.079627262e-11 2.42300783e-11 1.428519576e-11 2.383472999e-11 1.954703883e-11 2.994254692e-11 2.296716381e-11 1.858191598e-11 2.486153275e-11 2.415558682e-11 2.566410239e-11 1.194321478e-11 2.534497864e-11 2.61160418e-11 2.711388776e-11 1.248629973e-11 1.52276393e-11 1.955201464e-11 1.61823818e-11 2.429886318e-11 1.998673647e-11 1.52218093e-11 2.781990491e-11 1.70196404e-11 2.602021514e-11 2.986400458e-11 2.906550869e-11 2.882603264e-11 1.891380299e-11 2.223427039e-11 1.538851847e-11 2.117456298e-11 2.638949596e-11 2.205325515e-11 2.553110053e-11 1.617109469e-11 3.264956136e-11 2.196531658e-11 2.81041374e-11 1.391176585e-11 1.617076243e-11 1.315964911e-11 1.686909979e-11 2.164060219e-11 2.4536027e-11 2.799661866e-11 2.163651525e-11 3.627114991e-11 2.035636293e-11 1.831952488e-11 1.354653029e-11 1.73946274e-11 2.973465326e-11 2.533925364e-11 1.602061798e-11 1.319589855e-11 3.11654635e-11 2.758335424e-11 4.642070794e-12 3.01092425e-11 2.547979206e-11 1.617251684e-11 3.571857851e-11 2.445183237e-11 1.017500457e-11 1.569140765e-11 1.945831744e-11 2.827795764e-11 2.348370515e-11 3.227956218e-11 4.139769974e-11 1.469670055e-11 1.774436499e-11 2.426452828e-11 3.076808386e-11 1.878045885e-11 3.777804159e-11 2.164454511e-11 1.961767006e-11 2.200589052e-11 2.576796928e-11 1.445656197e-11 2.103343735e-11 1.176096367e-11 
2.344522873e-11 2.616028767e-11 1.668863476e-11 2.406871202e-11 1.787008305e-11 2.16446252e-11 1.650644061e-11 2.661235024e-11 2.361513128e-11 2.11384495e-11 1.474448492e-11 2.327752279e-11 1.789418313e-11 1.524183892e-11 2.787191307e-11 1.793277851e-11 1.825591698e-11 2.240450136e-11 2.776303511e-11 2.822941847e-11 2.476462223e-11 3.515280041e-11 1.708672278e-11 2.157694373e-11 2.729049141e-11 2.281723877e-11 1.608685978e-11 2.153149927e-11 2.255192844e-11 2.014659155e-11 1.942001766e-11 1.847974332e-11 2.009274571e-11 1.297643676e-11 1.522036078e-11 1.677468037e-11 2.34129582e-11 1.786606822e-11 1.957423148e-11 1.792218401e-11 2.008352191e-11 3.572749046e-11 2.415403333e-11 2.392767544e-11 2.942033992e-11 2.173923429e-11 2.614499813e-11 2.592604614e-11 1.804900813e-11 1.611929209e-11 3.560584718e-11 1.736849102e-11 1.539946425e-11 1.658248979e-11 1.598472373e-11 2.958590025e-11 9.898641986e-12 1.730373148e-11 2.495190927e-11 3.899449786e-11 1.682924173e-11 2.109739965e-11 3.432900544e-11 2.443923115e-11 1.249949561e-11 1.027116955e-11 2.490381222e-11 2.632977619e-11 2.788836452e-11 1.504060802e-11 1.918508117e-11 2.622441727e-11 2.961241733e-11 2.750461289e-11 2.677926074e-11 1.529223886e-11 3.261295521e-11 2.360535465e-11 2.834832749e-11 2.957329121e-11 2.253560255e-11 2.338884271e-11 1.39219345e-11 2.603106943e-11 2.829584466e-11 2.349719125e-11 2.176365573e-11 2.551324906e-11 3.468506103e-11 2.515565906e-11 2.629943473e-11 1.97111419e-11 2.559728823e-11 3.350083951e-11 3.500209639e-11 1.244413712e-11 1.612527747e-11 2.121915654e-11 2.841080292e-11 2.695118009e-11 1.8215539e-11 
3.2537297e-11 1.800909492e-11 2.221748819e-11 1.861618832e-11 1.787049793e-11 2.122610731e-11 2.341984422e-11 2.841008116e-11 2.54944984e-11 1.698082625e-11 1.644736343e-11 1.26440433e-11 2.605606668e-11 2.174641678e-11 2.098475174e-11 1.833043332e-11 2.95711473e-11 2.406616524e-11 2.236402138e-11 1.629040382e-11 1.945944867e-11 2.960951423e-11 2.009222615e-11 1.313665691e-11 1.668745432e-11 1.63699202e-11 2.261175917e-11 1.798360873e-11 3.697270605e-11 1.720068853e-11 2.369035297e-11 2.003369606e-11 1.593506784e-11 1.347025646e-11 2.342718741e-11 1.686935622e-11 1.754569914e-11 2.853967858e-11 1.372293614e-11 2.386069721e-11 2.792220546e-11 2.15401144e-11 1.015135106e-11 3.159127315e-11 2.203357084e-11 2.906806615e-11 2.829075067e-11 2.716307845e-11 1.396055864e-11 2.437119579e-11 4.688605965e-12 1.776818806e-11 2.248530793e-11 2.240179331e-11 3.274986077e-11 3.126551971e-11 2.385579899e-11 3.030009005e-11 1.288276941e-11 2.325527386e-11 1.764963297e-11 6.438425991e-12 1.912709626e-11 2.984821194e-11 1.31199835e-11 3.749277454e-11 3.500091663e-11 1.570511362e-11 2.360506407e-11 1.425646505e-11 2.700955932e-11 2.864759013e-11 2.317207789e-11 2.01144187e-11 2.494510547e-11 1.995752905e-11 2.415811625e-11 1.288468993e-11 1.565447369e-11 2.328097325e-11 3.33123348e-11 1.985627316e-11 2.291786765e-11 1.65938392e-11 1.944455998e-11 2.114627611e-11 1.781097461e-11 2.665282279e-11 1.485546348e-11 1.68325272e-11 2.627106547e-11 2.340065017e-11 1.348704657e-11 2.255151435e-11 2.116465113e-11 4.049153626e-11 3.245423339e-11 1.922552888e-11 2.622097088e-11 2.05161771e-11 3.48322844e-11 
2.868647578e-11 1.640719576e-11 2.547269634e-11 1.231135624e-11 1.076207099e-11 3.587552283e-11 2.472676252e-11 2.663907044e-11 3.13899188e-11 1.796243486e-11 3.125420621e-11 2.949961352e-11 3.433843861e-11 2.812607681e-11 1.385092321e-11 2.774985543e-11 1.216437786e-11 1.855442611e-11 1.64292815e-11 1.554180945e-11 2.579164638e-11 1.277877897e-11 1.942361615e-11 2.250863829e-11 3.605520742e-11 1.187338369e-11 2.644383991e-11 2.649506651e-11 7.960491076e-12 2.651268954e-11 2.477575543e-11 2.594554964e-11 1.760691754e-11 3.251963774e-11 1.752627478e-11 2.00930942e-11 1.526661902e-11 2.283069962e-11 1.817983975e-11 1.565403295e-11 2.853749137e-11 2.114728777e-11 1.80063292e-11 4.031034507e-11 1.884656935e-11 9.64554807e-12 2.214355333e-11 1.078987577e-11 1.52913257e-11 1.875839851e-11 2.360967582e-11 2.306918782e-11 2.300076569e-11 3.554561002e-11 3.281950862e-11 2.373250134e-11 1.740457589e-11 2.60933432e-11 2.346662708e-11 2.187365968e-11 9.636515859e-12 1.26675388e-11 2.52965146e-11 1.626727715e-11 2.811814585e-11 3.394979044e-11 3.310296669e-11 3.043238233e-11 1.584319521e-11 1.934542426e-11 2.458781711e-11 2.624088709e-11 1.906288361e-11 1.907108604e-11 2.197773375e-11 1.02747322e-11 1.828139785e-11 1.580825624e-11 2.21149702e-11 1.800875616e-11 2.199604944e-11 2.544166818e-11 3.103041744e-11 2.948018679e-11 1.239489481e-11 1.967581405e-11 3.391871919e-11 3.89769533e-11 3.022213495e-11 2.531525706e-11 2.287454071e-11 2.497646233e-11 2.064530621e-11 1.193270449e-11 1.897850231e-11 1.695457959e-11 2.453801876e-11 1.710926982e-11 2.267063381e-11 3.096991336e-11 7.315914216e-12 
1.674146592e-11 1.874370493e-11 2.348895058e-11 2.08016591e-11 3.075446979e-11 3.24687263e-11 2.656008781e-11 3.536744643e-11 1.662816992e-11 1.185975112e-11 2.330357828e-11 2.595645713e-11 1.749357247e-11 2.256209744e-11 1.94052174e-11 2.027582582e-11 2.692171458e-11 3.171872675e-11 2.414607328e-11 1.124924284e-11 2.23059451e-11 3.035262308e-11 1.486754326e-11 2.247611265e-11 2.225641936e-11 1.874944696e-11 2.246313767e-11 3.031390805e-11 1.787279253e-11 2.269181427e-11 1.955603378e-11 2.661912723e-11 2.07692187e-11 2.052982391e-11 1.288706212e-11 1.091293646e-11 2.19262152e-11 1.44839885e-11 2.522083423e-11 3.2947098e-11 1.17363991e-11 2.157738865e-11 1.737889708e-11 2.817159796e-11 2.237689596e-11 8.703301671e-12 1.402790638e-11 3.46287362e-11 2.566483143e-11 2.087167551e-11 2.301864158e-11 1.492414966e-11 1.826131291e-11 2.652147841e-11 1.825064631e-11 1.683528045e-11 2.060594731e-11 9.706870901e-12 1.71426562e-11 1.76735451e-11 2.238377308e-11 1.659563414e-11 2.022634374e-11 3.074593974e-11 2.869057999e-11 2.248776213e-11 2.682087514e-11 1.972405651e-11 3.598374569e-11 1.939104694e-11 2.304530943e-11 1.98049178e-11 2.115996014e-11 3.952188186e-11 2.557306111e-11 2.496954185e-11 1.507318264e-11 2.142116381e-11 2.543487597e-11 2.419682481e-11 2.782366399e-11 2.439931398e-11 2.216111867e-11 2.057740898e-11 2.188350292e-11 3.166442604e-11 6.148371242e-12 2.064519158e-11 3.290106215e-11 1.804266388e-11 2.802293164e-11 2.588995928e-11 1.501022877e-11 1.877651264e-11 1.230143245e-11 3.36338486e-11 1.953015814e-11 2.637684841e-11 1.978387745e-11 2.464475721e-11 9.864173089e-12 
1.731608394e-11 2.060054437e-11 2.688388039e-11 2.088346709e-11 2.245652584e-11 2.184609017e-11 8.696871936e-12 1.896934802e-11 1.445545523e-11 2.001539447e-11 2.305919185e-11 1.891233569e-11 2.709172043e-11 2.101021835e-11 3.187654164e-11 1.881440443e-11 2.610386025e-11 1.121720187e-11 1.197297412e-11 2.553730721e-11 1.925475556e-11 1.766787341e-11 1.984575134e-11 2.681279232e-11 3.549433514e-11 2.669227895e-11 2.01314117e-11 2.095542271e-11 2.273615247e-11 1.734985325e-11 1.973275092e-11 2.489249451e-11 1.948770141e-11 1.885808529e-11 2.195832517e-11 1.781096414e-11 2.067231105e-11 1.77969203e-11 2.420292283e-11 1.84832988e-11 3.960655945e-11 1.298991716e-11 1.976668933e-11 2.47865684e-11 2.307989776e-11 1.947684982e-11 1.852417411e-11 2.768924716e-11 2.356591216e-11 2.087359449e-11 2.077001903e-11 1.974074237e-11 3.189856143e-11 1.638565642e-11 2.075390098e-11 2.055303131e-11 2.685823182e-11 3.261820185e-11 1.738999895e-11 1.723688338e-11 2.151565599e-11 2.176776753e-11 2.299619549e-11 1.35979012e-11 2.446327768e-11 2.768119958e-11 2.804720803e-11 2.007837187e-11 2.509796165e-11 1.773971486e-11 1.451096301e-11 1.804722575e-11 2.656949805e-11 2.948142576e-11 1.958709201e-11 1.532732482e-11 1.667393944e-11 1.890749251e-11 2.193590118e-11 2.934522033e-11 1.186842589e-11 1.487526695e-11 1.95464307e-11 3.290257875e-11 1.202610655e-11 1.057262663e-11 3.093464784e-11 2.53028429e-11 3.227935258e-12 2.064359124e-11 1.779000283e-11 1.543343612e-11 2.13737344e-11 1.542011796e-11 2.680763132e-11 1.634817832e-11 1.330482372e-11 1.416672769e-11 1.737644922e-11 1.214916414e-11 1.894625327e-11 
2.392281432e-11 1.12721273e-11 2.681045229e-11 1.982787433e-11 1.89651216e-11 1.746123907e-11 2.2225855e-11 3.010168616e-11 2.529691588e-11 8.754341931e-12 2.135255998e-11 1.783214158e-11 2.333915974e-11 2.824364151e-11 1.157987407e-11 4.424655345e-11 1.61351239e-11 3.069779831e-11 1.705513296e-11 1.952920549e-11 1.124959105e-11 2.801741882e-11 1.582203619e-11 4.113093015e-11 2.921505461e-11 1.440407412e-11 3.569071209e-11 1.696609847e-11 2.431301261e-11 2.179884849e-11 2.930047995e-11 2.134884687e-11 3.293669821e-11 2.832013637e-11 2.081293965e-11 1.16878355e-11 1.833591581e-11 1.854682086e-11 2.299765073e-11 2.527055583e-11 1.389424818e-11 2.197667852e-11 3.100743065e-11 3.127355525e-11 1.766740973e-11 1.827296562e-11 1.83680917e-11 2.091409005e-11 1.944139215e-11 2.112243512e-11 2.527735568e-11 1.999551113e-11 1.75881522e-11 1.379503196e-11 1.652848672e-11 1.396212621e-11 1.026363786e-11 1.715153812e-11 2.788749844e-11 1.497773336e-11 2.333097972e-11 1.530199944e-11 2.472000134e-11 2.190777586e-11 1.651112266e-11 1.933338902e-11 2.828987785e-11 2.296293985e-11 2.331285647e-11 3.512383461e-11 2.631645472e-11 2.591537973e-11 2.425413958e-11 8.980629392e-12 1.566075528e-11 2.709459989e-11 3.34440733e-11 1.461070094e-11 3.578585268e-11 2.694296607e-11 1.080043197e-11 2.597356184e-11 2.315813902e-11 1.317886479e-11 1.817398761e-11 2.524535825e-11 1.230745432e-11 1.792913491e-11 3.005829328e-11 2.368443651e-11 3.043732058e-11 3.741826918e-11 2.664977176e-11 2.965220358e-11 1.966979447e-11 1.87663657e-11 1.127945817e-11 3.345962572e-11 1.363192342e-11 2.529714163e-11 2.491371515e-11 
2.114941305e-11 1.744883913e-11 1.674975638e-11 2.296519084e-11 1.949454672e-11 1.639614584e-11 1.535328579e-11 1.326150127e-11 1.999783005e-11 3.256719352e-11 3.545378151e-11 2.731585384e-11 9.873043994e-12 2.446874115e-11 1.682386384e-11 2.02543617e-11 2.686181123e-11 2.20452432e-11 3.306042411e-11 3.925110819e-11 3.368058022e-11 2.301311879e-11 3.016872787e-11 1.008626005e-11 2.104208714e-11 2.28791223e-11 1.288372707e-11 3.180132921e-11 1.612795018e-11 1.925183276e-11 3.058532656e-11 1.907519098e-11 1.666407504e-11 1.350560109e-11 2.616602167e-11 1.891108514e-11 3.228007913e-11 2.075732673e-11 1.610482631e-11 2.591879314e-11 2.025525427e-11 1.468828444e-11 1.076415105e-11 1.254355482e-11 2.16749319e-11 1.528382584e-11 2.757849591e-11 3.094687327e-11 2.870237761e-11 1.758606514e-11 2.273292599e-11 2.820116468e-11 2.581188907e-11 2.086399515e-11 1.812076862e-11 2.902298295e-11 3.032386911e-11 1.904801124e-11 1.6401324e-11 3.266358905e-11 1.698941951e-11 2.567283969e-11 1.23655132e-11 2.16273243e-11 1.589882208e-11 2.095202177e-11 2.084360842e-11 2.577598842e-11 1.40715029e-11 2.207773184e-11 1.700457696e-11 1.61812859e-11 2.540610153e-11 2.578020422e-11 2.237349168e-11 2.748736447e-11 1.493779648e-11 3.213211587e-11 2.42630602e-11 2.14787309e-11 1.679062928e-11 2.1022543e-11 2.69775918e-11 9.07816665e-12 1.536528564e-11 2.187358091e-11 2.65605558e-11 3.208522366e-11 2.082360582e-11 1.138009919e-11 2.061867484e-11 1.519146557e-11 2.617844098e-11 2.457431654e-11 2.149838175e-11 1.784249075e-11 1.811047517e-11 2.752748131e-11 1.755827718e-11 2.561307399e-11 2.158980926e-11 
2.360368614e-11 2.38509894e-11 3.624457734e-11 2.396887625e-11 2.66789778e-11 1.300790745e-11 3.076778621e-11 2.302285962e-11 3.030463798e-11 1.846279806e-11 2.803880878e-11 3.446721456e-11 1.242526049e-11 2.315142707e-11 2.439758635e-11 3.16033266e-11 1.359638977e-11 3.996442718e-11 2.347020597e-11 2.271076753e-11 1.901498811e-11 2.521152411e-11 1.665332611e-11 3.390655768e-11 2.573910165e-11 1.953123585e-11 2.083657153e-11 2.509557858e-11 2.395641567e-11 3.459606576e-11 1.729801997e-11 3.781622186e-11 2.90947181e-11 3.084026022e-11 2.609226005e-11 3.277661801e-11 1.660352819e-11 2.195161629e-11 2.915173125e-11 3.211827685e-11 2.91422667e-11 1.239790251e-11 2.836708779e-11 1.196961358e-11 2.515729736e-11 2.085939338e-11 3.087810187e-11 1.607576732e-11 3.005700114e-11 2.163734631e-11 1.874247866e-11 1.755213515e-11 7.153806805e-12 2.439294296e-11 3.034179688e-11 2.550187636e-11 2.356866089e-11 1.372176136e-11 5.851210575e-12 2.665909686e-11 1.743563966e-11 2.108311564e-11 2.281366484e-11 2.700148473e-11 1.93190579e-11 1.309887146e-11 3.202698221e-11 1.52854614e-11 1.709074204e-11 2.891243433e-11 9.922281404e-12 1.622190033e-11 3.202112069e-11 1.109758494e-11 2.524534103e-11 2.518922164e-11 3.140346811e-11 3.087887043e-11 1.424806781e-11 2.523906718e-11 2.334721402e-11 2.501595569e-11 1.604919905e-11 2.275193938e-11 2.235807535e-11 2.164743425e-11 2.797438116e-11 7.067726126e-12 2.476163439e-11 2.129176048e-11 2.240044599e-11 1.171769206e-11 1.72521257e-11 2.289596735e-11 1.793076855e-11 6.098206132e-12 2.536194931e-11 1.359002242e-11 1.054039014e-11 2.789499546e-11 2.79964336e-11 
2.384377485e-11 3.043314426e-11 3.013437783e-11 2.239663856e-11 3.20254992e-11 1.423895263e-11 1.780951692e-11 1.916882296e-11 1.916251445e-11 3.631388468e-11 1.356815216e-11 1.304669214e-11 2.520536612e-11 2.006002404e-11 2.988287349e-11 2.183434462e-11 1.935558653e-11 1.450807112e-11 3.95638715e-11 2.311315827e-11 2.142411207e-11 2.666647565e-11 1.955801109e-11 2.690399023e-11 2.005016986e-11 3.723771868e-11 3.074947791e-11 1.202444425e-11 2.246489946e-11 2.385736064e-11 1.383894657e-11 1.726606794e-11 1.616832958e-11 2.258346537e-11 1.577086228e-11 1.265714366e-11 1.197506658e-11 2.451463938e-11 1.915825911e-11 1.946113426e-11 2.541792369e-11 2.810473316e-11 2.41823948e-11 2.315138326e-11 2.606133271e-11 2.045580036e-11 2.56356585e-11 1.95236037e-11 2.81110107e-11 1.459307191e-11 2.474232661e-11 2.204749514e-11 2.961976687e-11 2.54604385e-11 2.268245165e-11 1.6197872e-11 2.995513482e-11 3.450847105e-11 2.083319893e-11 1.921012847e-11 1.774002234e-11 2.326160481e-11 3.567138392e-11 1.590363229e-11 1.016850507e-11 1.481282412e-11 3.249927074e-11 1.692333547e-11 1.989468545e-11 8.62277169e-12 2.297667776e-11 1.844982714e-11 3.814461824e-11 1.398789379e-11 1.641048385e-11 2.353618627e-11 1.842369078e-11 1.996313563e-11 3.442527952e-11 1.607099665e-11 1.770152329e-11 1.402759393e-11 1.597419639e-11 1.868700409e-11 3.068245265e-11 2.166579813e-11 1.174490468e-11 2.001030912e-11 3.596028008e-11 2.548297004e-11 1.30301231e-11 3.535824084e-11 2.52220128e-11 1.82562072e-11 1.354661614e-11 2.503991474e-11 2.12565502e-11 2.687428126e-11 8.960356559e-12 1.589250887e-11 2.32507018e-11 
2.890842087e-11 1.57406907e-11 1.644073374e-11 2.104857739e-11 3.485613822e-11 2.25179071e-11 1.73775167e-11 1.177138303e-11 3.203623031e-11 2.27218951e-11 3.355014551e-11 1.755896329e-11 1.526946527e-11 2.556025861e-11 2.704016509e-11 2.421643572e-11 1.959226225e-11 1.914187084e-11 2.684635662e-11 3.056302267e-11 2.393663961e-11 2.214136305e-11 2.404880525e-11 1.858596995e-11 1.150889971e-11 1.99232982e-11 1.587145967e-11 2.487996369e-11 2.077359646e-11 2.591985935e-11 1.806062989e-11 1.299950029e-11 3.745951182e-11 3.00157121e-11 1.732884691e-11 2.572575995e-11 2.389353283e-11 2.815584844e-11 2.093089799e-11 1.636960384e-11 2.240291553e-11 2.793921187e-11 1.722077164e-11 1.261012646e-11 2.423647131e-11 3.337709285e-11 1.883079948e-11 1.618448385e-11 1.926655554e-11 2.4949962e-11 1.501300473e-11 2.003299966e-11 1.623349086e-11 2.226658121e-11 1.241283518e-11 2.652986423e-11 2.854002234e-11 1.543613079e-11 1.920067197e-11 2.983285318e-11 1.564682289e-11 2.250879975e-11 3.712842676e-11 3.002674256e-11 1.741276477e-11 1.776401519e-11 2.19842719e-11 2.054151777e-11 1.994787469e-11 2.008456717e-11 3.907849441e-11 2.939021329e-11 3.017614119e-11 2.016061797e-11 2.51763972e-11 2.175705387e-11 1.628193989e-11 1.275384428e-11 2.769825006e-11 2.395817432e-11 1.766133401e-11 3.110044237e-11 3.194027802e-11 1.317223902e-11 4.207262131e-11 2.015397768e-11 2.797168161e-11 2.772778855e-11 2.269090629e-11 1.431196381e-11 1.697379967e-11 2.279999942e-11 3.242358297e-11 2.092539557e-11 1.404758827e-11 1.40972656e-11 2.303086574e-11 2.027826182e-11 1.354202588e-11 1.774905802e-11 2.318716752e-11 
1.377588854e-11 3.344403333e-11 1.344948688e-11 1.824879278e-11 1.892549522e-11 1.352388571e-11 2.636628325e-11 1.954631299e-11 2.459126664e-11 2.284352922e-11 1.988924319e-11 2.623643287e-11 2.643010873e-11 1.900666151e-11 3.09377627e-11 1.502899947e-11 3.559540362e-11 1.726115987e-11 1.133294765e-11 2.8119714e-11 2.786349087e-11 2.254320152e-11 2.674520744e-11 1.558647474e-11 3.473151025e-11 2.532175712e-11 2.162391769e-11 2.738113392e-11 1.50252983e-11 2.299245685e-11 2.919132002e-11 1.312294108e-11 2.773072599e-11 3.862928219e-11 2.124954102e-11 2.011782238e-11 2.003704304e-11 2.206080298e-11 2.715662142e-11 2.532026641e-11 2.634287363e-11 1.585759062e-11 1.728052028e-11 2.406275766e-11 2.285062858e-11 2.353880867e-11 2.412860601e-11 1.253904469e-11 1.794499671e-11 1.470194931e-11 2.042965626e-11 2.239109398e-11 1.770353486e-11 1.995597505e-11 2.301410147e-11 3.076065545e-11 2.606412725e-11 3.242939497e-11 1.175762875e-11 2.484385432e-11 2.217168206e-11 1.285458051e-11 2.384597083e-11 2.058128966e-11 2.46646501e-11 2.257350992e-11 2.178295502e-11 2.892454414e-11 2.643374982e-11 3.191566355e-11 2.164212127e-11 2.302615965e-11 2.274522977e-11 2.541957616e-11 1.419030651e-11 8.31881473e-12 2.807599226e-11 1.783218689e-11 1.6443402e-11 1.640247282e-11 1.715182087e-11 1.943764058e-11 1.668718211e-11 3.767450011e-11 3.357026976e-11 2.191296192e-11 2.950699714e-11 1.662536326e-11 2.184826054e-11 1.149082794e-11 1.680137463e-11 2.280191655e-11 2.082683969e-11 2.323791032e-11 2.329950316e-11 2.5599361e-11 2.031278428e-11 2.22160476e-11 2.098924549e-11 1.114181015e-11 3.430164862e-11 
1.522246302e-11 3.309340404e-11 1.417277317e-11 3.795374628e-11 2.994171137e-11 2.154037705e-11 2.400593184e-11 2.223724538e-11 1.515729439e-11 1.786316456e-11 2.413617212e-11 3.601671531e-11 2.108101249e-11 1.731637827e-11 2.338408988e-11 1.731160347e-11 1.697453779e-11 3.017399578e-11 1.620772139e-11 2.627684862e-11 2.162237121e-11 2.489251275e-11 2.476164331e-11 1.701389895e-11 2.757075082e-11 3.450299564e-11 2.115652984e-11 2.146779608e-11 2.211576795e-11 2.334988276e-11 1.347659713e-11 2.50261587e-11 1.675845985e-11 2.394935976e-11 1.781562878e-11 2.00657138e-11 1.337627395e-11 1.536384869e-11 2.798251731e-11 1.316304418e-11 1.641826162e-11 2.851800447e-11 1.937069659e-11 1.501036414e-11 1.709558746e-11 3.482179337e-11 1.770986717e-11 1.854152353e-11 2.294974955e-11 2.311977849e-11 3.600200662e-11 2.813913382e-11 2.088012316e-11 3.120377058e-11 1.343354227e-11 2.274444306e-11 3.109189948e-11 1.529159733e-11 1.982708646e-11 1.574033811e-11 2.805180863e-11 2.455423844e-11 2.74042875e-11 1.976921093e-11 2.536349789e-11 2.883321622e-11 3.477602934e-11 1.722975251e-11 3.455079302e-11 2.807158138e-11 1.736660308e-11 2.01263495e-11 2.149712216e-11 2.355674609e-11 1.613351962e-11 2.66940481e-11 2.970246145e-11 2.123531523e-11 1.449796673e-11 2.487529423e-11 2.663482332e-11 2.397617573e-11 2.23267119e-11 2.528604921e-11 2.069905145e-11 1.343217345e-11 2.06333787e-11 2.523349677e-11 1.316692157e-11 2.131998781e-11 2.826968814e-11 2.439755664e-11 3.140951865e-11 2.444210941e-11 3.040493439e-11 1.697263587e-11 2.65080876e-11 1.490597344e-11 1.952648554e-11 2.832337004e-11 1.555089634e-11 
3.099034491e-11 1.47581445e-11 2.378835852e-11 1.370524683e-11 1.889942543e-11 1.470220418e-11 2.830758495e-11 1.650910282e-11 1.982821446e-11 2.56989722e-11 1.093296511e-11 2.464347514e-11 1.612247473e-11 2.166038146e-11 2.008488713e-11 1.743409186e-11 2.993829074e-11 1.181540185e-11 3.331108519e-11 2.427905185e-11 9.767880359e-12 3.261094693e-11 2.743914931e-11 3.113444074e-11 3.433372222e-11 1.074314167e-11 2.902636806e-11 2.198391917e-11 1.614467257e-11 1.892419496e-11 1.44075185e-11 1.693126696e-11 3.312502573e-11 2.258654769e-11 3.560269225e-11 2.003091782e-11 1.871814541e-11 2.784730339e-11 1.97395721e-11 8.543862126e-12 3.266249732e-11 2.488531971e-11 1.534856554e-11 2.511118729e-11 2.943471233e-11 2.893888697e-11 2.666883429e-11 1.219996622e-11 2.347651928e-11 1.15877294e-11 2.807117785e-11 1.782615689e-11 1.86218206e-11 2.04150984e-11 3.276103498e-11 1.536242461e-11 2.406005561e-11 2.480894385e-11 2.551230377e-11 2.524136177e-11 2.026137426e-11 2.103978783e-11 1.692415019e-11 1.46934373e-11 1.83396435e-11 1.305618219e-11 3.565165436e-11 1.555941182e-11 1.793883744e-11 2.948936974e-11 1.736096504e-11 2.869654548e-11 2.617920749e-11 2.553881939e-11 1.25233198e-11 3.651897195e-11 2.591628366e-11 1.525844439e-11 1.996925829e-11 1.8950644e-11 1.877965063e-11 2.149298684e-11 2.29458051e-11 2.330167596e-11 1.842944749e-11 2.703071623e-11 1.763142719e-11 2.434821174e-11 2.719786785e-11 3.378154917e-11 1.729498803e-11 1.73718694e-11 1.325464276e-11 2.717671804e-11 2.969787861e-11 2.935796792e-11 1.982112256e-11 2.212900074e-11 2.594879234e-11 1.454314287e-11 1.669829991e-11 
1.156454707e-11 2.791759597e-11 1.780984659e-11 1.458738149e-11 2.338694169e-11 2.749471213e-11 1.570124332e-11 2.085934119e-11 3.191319695e-11 8.442063063e-12 2.684083694e-11 1.750839023e-11 1.372208927e-11 1.839157815e-11 2.02662069e-11 2.658668186e-11 1.255525532e-11 3.913183076e-11 1.660990152e-11 2.161471163e-11 2.669219102e-11 2.874102152e-11 2.596780372e-11 2.378438612e-11 1.448675142e-11 2.47558082e-11 1.998888607e-11 1.486585421e-11 1.832564108e-11 1.06673536e-11 2.644822822e-11 1.203376818e-11 2.197315151e-11 2.172885432e-11 3.019578117e-11 1.861975116e-11 1.65319642e-11 1.533927444e-11 3.037471703e-11 2.888055661e-11 3.027358098e-11 2.490960737e-11 2.189424796e-11 1.994184779e-11 2.258067759e-11 2.846887969e-11 1.868412006e-11 2.970430533e-11 2.584925765e-11 3.599376883e-11 9.165627652e-12 2.292348489e-11 2.29691697e-11 2.924627415e-11 1.995443041e-11 2.485164347e-11 1.469144124e-11 3.574797799e-11 2.317275451e-11 1.925688106e-11 1.601766137e-11 1.8401288e-11 2.299229485e-11 2.114508231e-11 2.990353644e-11 2.816434999e-11 1.597166935e-11 2.060531287e-11 2.196740678e-11 4.277494835e-11 1.523885946e-11 1.593972025e-11 1.650811525e-11 1.661828703e-11 2.034809284e-11 1.650070072e-11 1.28756035e-11 2.047559797e-11 2.205735109e-11 2.12472662e-11 3.718470282e-11 2.053645694e-11 2.762577049e-11 2.151058145e-11 2.375711434e-11 4.471006786e-11 2.191315625e-11 2.667717101e-11 2.140017363e-11 3.598718156e-11 2.805991159e-11 3.012094571e-11 2.460124907e-11 1.903555375e-11 1.252826126e-11 2.257525779e-11 1.103263249e-11 2.34420692e-11 3.22803825e-11 3.526873491e-11 1.400225293e-11 
1.050588678e-11 1.463783554e-11 2.527542503e-11 2.303442235e-11 3.430900112e-11 1.756155465e-11 1.281207135e-11 1.433193908e-11 2.081573934e-11 2.263934048e-11 1.415305197e-11 2.749892262e-11 3.127485123e-11 2.167229488e-11 2.001075078e-11 1.692808418e-11 2.023642582e-11 2.051976794e-11 1.037328523e-11 1.660178054e-11 1.536067013e-11 1.360526654e-11 8.153000811e-12 1.409994602e-11 3.20791338e-11 1.233938968e-11 2.876363631e-11 1.843099434e-11 2.442359071e-11 2.304416107e-11 1.150504646e-11 1.702669298e-11 8.789342279e-12 2.590545097e-11 2.319913175e-11 1.650924052e-11 1.014096788e-11 8.628252011e-12 2.189370591e-11 2.097077348e-11 2.264231118e-11 2.272647031e-11 1.477945324e-11 1.987982884e-11 6.116527375e-12 2.018715335e-11 2.113123588e-11 1.704781305e-11 1.902238543e-11 1.838892765e-11 2.351744275e-11 1.47539512e-11 2.080323431e-11 2.806452084e-11 2.078993496e-11 1.913008981e-11 9.920068806e-12 2.433326663e-11 1.949988203e-11 2.092106951e-11 2.820050541e-11 2.781483858e-11 2.707121874e-11 2.257506422e-11 1.053498581e-11 1.949796955e-11 2.009649218e-11 3.092047938e-11 1.692025551e-11 2.907607057e-11 3.458675278e-11 1.063543145e-11 2.2452286e-11 1.180068397e-11 1.436269639e-11 1.686484086e-11 1.895503758e-11 1.829792877e-11 2.23294923e-11 3.428203136e-11 2.31636926e-11 1.473776386e-11 1.871411529e-11 1.883911649e-11 1.309103426e-11 2.856685385e-11 2.300994995e-11 1.790751717e-11 3.480597441e-11 3.937642323e-11 1.315304305e-11 2.069743041e-11 2.474736718e-11 2.289616306e-11 4.834058605e-11 2.020414481e-11 3.116462692e-11 2.765154202e-11 3.242093023e-11 2.671273759e-11 1.679781929e-11 
2.085110986e-11 1.717578028e-11 1.568929864e-11 2.071919224e-11 1.833231114e-11 2.520054385e-11 2.616920183e-11 8.975926588e-12 2.121117391e-11 3.62375522e-12 1.83054555e-11 2.910336384e-11 2.042427099e-11 3.230726111e-11 1.661460759e-11 1.893803959e-11 1.601523523e-11 1.705751411e-11 1.728902862e-11 2.864137407e-11 2.31259593e-11 1.319252678e-11 2.128397462e-11 2.144543426e-11 2.31145309e-11 3.075450305e-11 2.904340367e-11 1.295320444e-11 3.10589738e-11 1.7787476e-11 3.213601835e-11 2.508905025e-11 1.97929021e-11 1.717883471e-11 3.411349328e-11 1.823840258e-11 2.634889446e-11 3.681918043e-11 2.741586181e-11 1.690171041e-11 4.101264894e-11 1.850922995e-11 1.756389836e-11 1.847125687e-11 2.522269424e-11 2.355197784e-11 1.894483566e-11 3.138232318e-11 3.204471709e-11 4.218599946e-11 1.478653138e-11 2.554330699e-11 2.333281838e-11 3.403724244e-11 1.604846042e-11 2.456059251e-11 1.571229704e-11 2.784582014e-11 1.898543561e-11 1.8803818e-11 1.542806973e-11 2.317261621e-11 1.098110155e-11 1.435518288e-11 2.175384453e-11 3.000440028e-11 1.728335163e-11 2.822191654e-11 1.230413295e-11 1.982999085e-11 2.321108755e-11 1.930259132e-11 1.965029589e-11 1.776933267e-11 2.850988305e-11 2.204680428e-11 1.789415189e-11 1.847762656e-11 2.110402222e-11 2.219953701e-11 1.88052616e-11 1.780485522e-11 1.305014658e-11 2.54195663e-11 2.787457112e-11 1.367365382e-11 2.334826827e-11 2.887348224e-11 2.35264994e-11 2.012663969e-11 2.274281166e-11 1.457818625e-11 2.254446288e-11 2.24184532e-11 3.053118003e-11 1.500586691e-11 1.478633275e-11 1.537098108e-11 9.690254594e-12 1.75132655e-11 1.274936161e-11 
1.852577209e-11 2.71434619e-11 2.234139894e-11 2.035727209e-11 1.58403383e-11 1.974369866e-11 1.973325863e-11 1.67320333e-11 2.991325211e-11 2.688068676e-11 2.21418294e-11 1.593313142e-11 2.550478579e-11 2.239197203e-11 2.1923194e-11 1.423145773e-11 2.018886414e-11 1.077090609e-11 2.096977223e-11 2.054182089e-11 2.556255767e-11 2.202218892e-11 2.670895054e-11 2.392460161e-11 2.297495193e-11 3.933753057e-11 2.272577371e-11 2.90517995e-11 1.382106306e-11 2.615579905e-11 2.515416792e-11 2.740553735e-11 1.578216412e-11 2.979478196e-11 1.742904439e-11 1.876510488e-11 1.918292503e-11 2.665889586e-11 2.40666804e-11 1.645053717e-11 2.052569602e-11 2.394436735e-11 2.783580326e-11 1.587626356e-11 2.780519471e-11 1.729421258e-11 1.29051756e-11 1.447231596e-11 2.734053101e-11 3.541504496e-11 1.145489541e-11 3.284791783e-11 2.226159683e-11 2.157095699e-11 2.310508278e-11 1.733668278e-11 1.448987829e-11 3.957486554e-11 2.15113544e-11 1.539027166e-11 2.455798731e-11 1.016832608e-11 1.784359385e-11 2.663798686e-11 1.652268683e-11 3.067070429e-11 2.818025399e-11 2.387896994e-11 1.692336191e-11 2.48763292e-11 1.708731797e-11 1.312379418e-11 3.77996869e-11 2.773323834e-11 2.065851424e-11 1.845175599e-11 2.061885742e-11 1.698100334e-11 2.712283512e-11 1.951825261e-11 1.932081986e-11 1.416984237e-11 1.138079083e-11 2.453797309e-11 2.224764608e-11 2.304925979e-11 3.041933198e-11 3.703519068e-11 1.689272673e-11 2.412066318e-11 1.282431403e-11 1.34495391e-11 4.042500385e-11 2.597958594e-11 2.565676463e-11 1.127615799e-11 2.181236302e-11 1.083176125e-11 2.754459171e-11 3.048423358e-11 2.501154014e-11 
1.280047302e-11 2.708402546e-11 1.320107342e-11 1.366997983e-11 2.034725507e-11 3.149884629e-11 1.968426274e-11 1.391666881e-11 1.72430544e-11 3.201924333e-11 2.712680241e-11 2.653409656e-11 1.099870238e-11 2.273563565e-11 2.688459343e-11 3.608086171e-11 2.986197297e-11 2.776738583e-11 2.116174395e-11 3.23118625e-11 1.810242569e-11 2.108226909e-11 1.85113504e-11 1.546886557e-11 1.364029684e-11 2.46574431e-11 1.678338863e-11 2.132704109e-11 1.55107981e-11 1.697787959e-11 1.925562966e-11 1.604632093e-11 1.726326675e-11 2.271240346e-11 2.269591363e-11 2.338156143e-11 1.855487921e-11 1.323930712e-11 2.51887623e-11 1.974761213e-11 2.586868534e-11 3.047850225e-11 1.684247008e-11 1.87997095e-11 2.593970184e-11 3.061101309e-11 3.235689793e-11 2.735620016e-11 2.533730051e-11 2.252167863e-11 1.867112562e-11 1.995505343e-11 2.312388572e-11 1.941139872e-11 1.384536397e-11 1.936521071e-11 1.843253044e-11 3.252593818e-11 1.986476022e-11 1.422993573e-11 2.417089798e-11 2.918283813e-11 2.180130073e-11 2.685992115e-11 1.866167166e-11 1.800518693e-11 2.542815522e-11 1.019540376e-11 1.675485864e-11 1.530427655e-11 2.152328283e-11 2.87603466e-11 1.655286534e-11 3.48977362e-11 1.097057188e-11 2.174574954e-11 1.738273335e-11 2.125623513e-11 1.887436131e-11 1.317639533e-11 2.980769876e-11 3.660144989e-11 1.965637898e-11 1.355123262e-11 1.885555034e-11 3.114578604e-11 3.329667371e-11 1.963742048e-11 1.904282252e-11 2.04399309e-11 1.195477748e-11 1.987584129e-11 1.675179425e-11 2.442874363e-11 2.170542075e-11 4.552189232e-11 3.384833418e-11 2.507390779e-11 2.066352641e-11 2.757930255e-11 2.769854259e-11 
2.006507975e-11 2.26879291e-11 1.644013263e-11 2.515197897e-11 1.633786949e-11 2.489917688e-11 2.716895395e-11 3.513407788e-11 2.677952922e-11 2.940209792e-11 1.893218929e-11 2.477994791e-11 2.860333887e-11 1.983691305e-11 2.08160383e-11 2.274862714e-11 2.652876889e-11 2.488479725e-11 2.184395859e-11 1.240997502e-11 3.061630349e-11 1.62951671e-11 2.566640965e-11 2.728735287e-11 1.533717157e-11 2.719869981e-11 2.141808493e-11 1.90240402e-11 2.614231528e-11 3.326005812e-11 1.842494938e-11 1.651459334e-11 1.110408837e-11 3.306014913e-11 2.448076228e-11 2.062885446e-11 2.570510631e-11 9.892229317e-12 1.712248061e-11 2.059384279e-11 1.628336055e-11 3.590939534e-11 3.060310144e-11 2.459704054e-11 2.120945669e-11 2.377724602e-11 2.697476012e-11 2.285372748e-11 1.873138793e-11 1.963602819e-11 2.624769711e-11 1.84733905e-11 2.98935474e-11 1.003538836e-11 2.343930819e-11 1.552016167e-11 2.730976871e-11 1.84563741e-11 1.073990549e-11 2.069917764e-11 2.506094304e-11 1.919331557e-11 2.713606837e-11 2.256894996e-11 2.678266434e-11 2.496672343e-11 2.479621747e-11 2.778265738e-11 1.755088065e-11 2.931912837e-11 3.012496464e-11 2.589267102e-11 1.705119613e-11 1.491381369e-11 2.379986233e-11 2.45293823e-11 2.003195025e-11 2.255751722e-11 3.536188237e-11 2.461624946e-11 1.071009685e-11 2.477598967e-11 3.984294999e-11 1.769922742e-11 1.821467386e-11 1.524726044e-11 3.518466587e-11 2.077268578e-11 1.87490697e-11 1.413829733e-11 3.063481914e-11 2.935179818e-11 1.706048583e-11 1.753273305e-11 2.679673894e-11 1.764376888e-11 2.587533679e-11 2.495076005e-11 2.757233676e-11 1.790276825e-11 1.860466311e-11 
2.989418834e-11 2.63176103e-11 2.318754651e-11 2.453626672e-11 1.585360477e-11 2.448613901e-11 1.139302318e-11 2.499021717e-11 1.641099883e-11 1.928276727e-11 1.565802384e-11 1.631671067e-11 1.084274374e-11 2.750444663e-11 2.106852933e-11 1.545904773e-11 1.922862573e-11 1.996025701e-11 7.553815143e-12 2.151970243e-11 2.105006395e-11 2.23789465e-11 2.110576822e-11 2.802355949e-11 1.496096111e-11 1.457751801e-11 9.726572844e-12 2.378880833e-11 1.786099248e-11 1.866083575e-11 2.808937185e-11 2.885872956e-11 2.271336148e-11 1.836123667e-11 2.080216412e-11 1.802048214e-11 2.160294916e-11 2.243001039e-11 2.566804818e-11 1.027685829e-11 1.955877184e-11 1.874612787e-11 1.166091618e-11 2.234188186e-11 1.134044017e-11 1.504454964e-11 2.082109374e-11 2.854996502e-11 1.755595769e-11 1.666575582e-11 1.198760294e-11 2.758421716e-11 2.281492648e-11 1.627698365e-11 2.817838065e-11 1.962547887e-11 2.324973232e-11 9.437281221e-12 2.780384861e-11 2.403809753e-11 1.627333365e-11 2.51261735e-11 2.056752486e-11 3.12739942e-11 2.112906923e-11 3.994347358e-11 2.860256978e-11 3.493671427e-11 2.289034506e-11 2.785984664e-11 2.264219781e-11 1.45175264e-11 1.10511488e-11 3.047430336e-11 3.793778537e-11 2.613220692e-11 1.432635143e-11 2.759641038e-11 1.716170194e-11 3.236922823e-11 3.731826401e-11 2.064872115e-11 1.656151842e-11 3.267735953e-11 1.688898147e-11 1.920543446e-11 2.718201848e-11 2.523063398e-11 2.058079085e-11 1.011423062e-11 2.483509096e-11 2.117854469e-11 2.724501148e-11 2.024792052e-11 1.350600766e-11 2.479643386e-11 1.617186526e-11 1.761883321e-11 1.044307161e-11 2.203372526e-11 2.547964664e-11 
1.76455855e-11 3.241369401e-11 2.027980393e-11 2.001574771e-11 3.030542166e-11 1.800727736e-11 2.133933854e-11 2.375892039e-11 1.972261348e-11 2.630727108e-11 2.314192724e-11 1.875622595e-11 1.672647137e-11 2.78841989e-11 2.264758392e-11 2.86922283e-11 1.053571192e-11 2.279459824e-11 9.489401701e-12 3.580130942e-11 2.092941524e-11 2.503656633e-11 1.917070592e-11 1.530201948e-11 2.126654612e-11 1.57175264e-11 2.664176263e-11 2.077864967e-11 2.18423183e-11 1.924450941e-11 2.195129361e-11 2.9266673e-11 2.118103816e-11 1.658766211e-11 2.35873832e-11 1.760222385e-11 1.68861848e-11 2.041913053e-11 3.817908316e-11 1.928999227e-11 2.530082695e-11 2.341368926e-11 3.286241793e-11 2.362897183e-11 2.186044536e-11 1.607745527e-11 1.714229806e-11 1.927679064e-11 2.319137781e-11 2.665090631e-11 2.411877497e-11 1.892124071e-11 2.310710621e-11 1.188974636e-11 2.060905075e-11 1.815385615e-11 1.656310414e-11 1.893547349e-11 2.446855691e-11 1.888254385e-11 1.896121423e-11 2.951657753e-11 2.928832682e-11 2.207180276e-11 1.914263792e-11 3.297196008e-11 1.132762566e-11 2.496189563e-11 3.104399626e-11 2.060917462e-11 2.437405057e-11 1.855532056e-11 1.899835518e-11 2.545990383e-11 3.001512296e-11 2.114292112e-11 1.431446974e-11 1.989902964e-11 3.201811825e-11 2.294953367e-11 2.299212364e-11 1.945362984e-11 2.1602717e-11 2.477089167e-11 3.442296415e-11 2.225164625e-11 2.166492325e-11 2.176744549e-11 1.6065965e-11 2.411255296e-11 1.029922687e-11 2.346129514e-11 1.666466306e-11 1.837209123e-11 2.32494602e-11 2.008761505e-11 1.510325642e-11 2.007859629e-11 2.190681934e-11 2.315435529e-11 3.057021683e-11 
2.425055933e-11 1.821421213e-11 2.506604925e-11 4.08288428e-11 1.58689038e-11 1.660375453e-11 2.188043813e-11 1.184191382e-11 1.98651281e-11 2.79717133e-11 2.373796728e-11 1.601796796e-11 2.578258791e-11 2.323569857e-11 3.197428989e-11 3.758890238e-11 2.788717242e-11 1.013128809e-11 2.577521788e-11 2.3838753e-11 2.569900242e-11 3.28073938e-11 1.471920728e-11 3.235322537e-11 2.914549597e-11 2.768148825e-11 3.04922883e-11 2.191606971e-11 2.562038021e-11 1.526631786e-11 2.65172358e-11 1.048417607e-11 2.098323332e-11 2.561822693e-11 2.81117089e-11 1.511169046e-11 9.039008028e-12 2.744741178e-11 1.617623614e-11 2.286007243e-11 1.476175617e-11 2.885510591e-11 1.533327496e-11 2.074160869e-11 2.422164878e-11 1.634242829e-11 1.772404133e-11 3.227583972e-11 2.175587049e-11 2.759912131e-11 1.472392009e-11 1.875032933e-11 2.706212401e-11 3.395009589e-11 2.478622312e-11 1.355071841e-11 2.523660852e-11 2.203060014e-11 2.566397435e-11 1.82420048e-11 2.808585066e-11 4.265948658e-11 1.178260805e-11 2.31356888e-11 2.660211412e-11 2.282441766e-11 9.313365037e-12 3.608853646e-11 1.975504248e-11 3.156920568e-11 1.892169098e-11 1.571084098e-11 1.267133185e-11 2.834421137e-11 2.004248337e-11 2.390375898e-11 3.760102812e-11 1.180720334e-11 1.554086335e-11 1.696565935e-11 3.423230207e-11 1.624951263e-11 3.33230919e-11 1.754458972e-11 2.415985587e-11 1.890922911e-11 2.759393291e-11 1.766547067e-11 2.483976037e-11 2.419974024e-11 6.97052042e-12 2.470051735e-11 1.299853732e-11 2.025385763e-11 2.754248521e-11 3.506694722e-11 2.308746562e-11 1.881375264e-11 1.44111417e-11 1.691302211e-11 1.547008301e-11 
1.657299809e-11 2.871872137e-11 1.935979354e-11 1.826253005e-11 3.309003168e-11 3.251810091e-11 1.610987861e-11 2.315871875e-11 2.999890024e-11 1.70010334e-11 2.659343566e-11 2.423658088e-11 2.262665765e-11 1.916912966e-11 2.258854834e-11 2.192431318e-11 2.727995776e-11 1.561856779e-11 2.087237424e-11 1.894342567e-11 1.407927248e-11 2.356796327e-11 2.649577381e-11 2.774381903e-11 2.350413203e-11 9.774130727e-12 2.447074688e-11 1.692539886e-11 2.311772843e-11 2.039447264e-11 2.063042481e-11 3.353312276e-11 1.107607301e-11 2.239972121e-11 2.430318369e-11 2.639026526e-11 3.533261403e-11 2.005859426e-11 3.117265007e-11 2.875774301e-11 1.032111074e-11 2.15701819e-11 3.156371331e-11 2.537198743e-11 2.078369478e-11 1.449886524e-11 1.851948733e-11 1.458485099e-11 2.467732748e-11 1.779975204e-11 2.310581047e-11 1.29152972e-11 1.379189993e-11 2.538471633e-11 2.672896589e-11 2.656771632e-11 1.219333992e-11 2.507769168e-11 2.112864614e-11 2.436306836e-11 1.930272758e-11 2.907463538e-11 1.878610389e-11 1.508597083e-11 3.105882174e-11 2.118827078e-11 2.482250983e-11 2.656075375e-11 1.286726077e-11 2.726210895e-11 2.203565087e-11 2.008230087e-11 2.106988883e-11 2.300537477e-11 2.524789788e-11 1.894464955e-11 2.30381472e-11 1.81406342e-11 3.04981273e-11 1.934179026e-11 2.429222458e-11 2.063200314e-11 2.654855271e-11 1.672052979e-11 1.867118958e-11 2.941504444e-11 1.08390912e-11 2.104914973e-11 9.357351085e-12 2.276700364e-11 1.76598337e-11 2.434097415e-11 1.817270791e-11 1.554628816e-11 3.443580625e-11 2.28644361e-11 1.849012629e-11 1.746554775e-11 1.655006097e-11 1.696590046e-11 1.469992388e-11 
1.964134325e-11 1.938089013e-11 1.323358246e-11 2.638861187e-11 2.563707887e-11 2.935689999e-11 2.221046227e-11 1.723101986e-11 1.807752264e-11 1.865663483e-11 2.233450294e-11 2.250006378e-11 2.608405029e-11 2.293360813e-11 3.894075597e-11 2.261097409e-11 1.902130023e-11 1.554303005e-11 1.629436061e-11 1.152946984e-11 3.647518097e-11 2.21254527e-11 2.027789975e-11 1.493003522e-11 1.446977704e-11 2.793937116e-11 2.045347178e-11 2.273854013e-11 2.113624039e-11 1.550043328e-11 2.037600002e-11 1.858422653e-11 2.627561885e-11 1.912722394e-11 3.289649348e-11 1.104011091e-11 1.654470355e-11 1.989459045e-11 2.899985456e-11 1.891330877e-11 6.249748266e-12 2.713833848e-11 2.291416424e-11 1.129815082e-11 2.956495799e-11 2.697435874e-11 2.946631808e-11 1.80149577e-11 1.575108061e-11 1.831108045e-11 1.252911875e-11 2.85096152e-11 1.487551998e-11 1.354594541e-11 2.823516494e-11 1.746325986e-11 3.546427047e-11 2.00040799e-11 2.036891706e-11 2.311176661e-11 2.096345788e-11 2.543033982e-11 1.831195775e-11 1.812643455e-11 3.387631492e-11 3.449354579e-11 1.889223245e-11 2.609739293e-11 2.179977965e-11 2.091899672e-11 2.993084688e-11 1.986909466e-11 1.225783627e-11 2.023878082e-11 3.357584601e-11 3.140262186e-11 1.473518092e-11 2.350486072e-11 2.111260025e-11 2.722929921e-11 9.272214311e-12 3.773721959e-11 2.336263114e-11 1.762019605e-11 2.371258868e-11 2.247367176e-11 2.982342441e-11 2.508505114e-11 3.169383673e-11 2.260189356e-11 3.298586026e-11 2.196027415e-11 1.916285106e-11 3.252979068e-11 3.944230119e-11 2.499393333e-11 1.99233186e-11 2.448682491e-11 1.711243236e-11 1.70240737e-11 2.344738831e-11 
1.162781462e-11 4.138207679e-11 1.234913843e-11 2.123922207e-11 2.575917053e-11 2.361409712e-11 1.602550472e-11 2.753900051e-11 1.724786308e-11 3.131716808e-11 1.315034689e-11 2.366229584e-11 3.314511176e-11 2.129816365e-11 1.510339799e-11 2.01026237e-11 2.139080436e-11 1.688513131e-11 2.988548645e-11 2.519898849e-11 2.132397107e-11 1.848469171e-11 1.847547494e-11 3.586478525e-11 1.208333503e-11 2.218793095e-11 2.564369164e-11 1.835835099e-11 1.147391985e-11 2.397602442e-11 1.990555926e-11 1.425178578e-11 3.289960014e-11 1.68397839e-11 2.400435056e-11 5.272606941e-12 1.331617335e-11 1.79514777e-11 1.972236589e-11 2.973313912e-11 2.999202828e-11 1.213924396e-11 1.169181793e-11 1.551374521e-11 2.07845851e-11 2.670240064e-11 3.001857493e-11 2.117624167e-11 1.839262847e-11 2.72335638e-11 3.02221212e-11 2.069720559e-11 2.516589675e-11 1.424587097e-11 2.763414471e-11 1.75309012e-11 1.513735642e-11 1.539630541e-11 1.6884936e-11 2.534904973e-11 1.834677544e-11 1.218988415e-11 1.741197797e-11 1.835002196e-11 1.897015835e-11 1.43141826e-11 2.572993378e-11 2.912902668e-11 2.758780948e-11 1.769490111e-11 2.4658977e-11 1.99962999e-11 2.1665667e-11 2.248051067e-11 3.702142369e-11 2.247241822e-11 2.7151206e-11 2.118117235e-11 2.418439221e-11 2.440720044e-11 2.334788436e-11 1.547003861e-11 1.383843101e-11 1.957647564e-11 2.955555752e-11 2.259123733e-11 1.846675891e-11 2.61728951e-11 2.496230694e-11 2.040591242e-11 1.64212496e-11 2.790042229e-11 2.671835485e-11 1.687444663e-11 1.351603666e-11 2.537037174e-11 3.249990767e-11 2.765018755e-11 2.804113357e-11 2.962861699e-11 1.753703713e-11 
1.002153614e-11 2.347899094e-11 1.549743022e-11 1.417140142e-11 2.534815516e-11 2.169368868e-11 1.960954237e-11 1.284719936e-11 1.511900824e-11 1.727904704e-11 3.69316593e-11 2.231578838e-11 1.446358779e-11 2.693459648e-11 1.738763343e-11 2.533317454e-11 3.662967059e-11 1.853285857e-11 8.666762855e-12 1.541483844e-11 2.279130827e-11 1.504178373e-11 1.720023842e-11 1.772067144e-11 1.765255804e-11 1.888835488e-11 5.869736789e-12 1.197018378e-11 1.779643388e-11 2.777972729e-11 1.843901872e-11 1.845439941e-11 1.690304645e-11 2.492965661e-11 1.496097095e-11 1.300223528e-11 9.41609029e-12 3.844716649e-11 2.676344153e-11 2.120892028e-11 2.841857458e-11 2.451553173e-11 1.033306949e-11 1.915160471e-11 1.891378461e-11 1.890078965e-11 2.938868565e-11 1.871641949e-11 1.924148343e-11 3.005283552e-11 2.887528791e-11 2.626739345e-11 2.130751156e-11 2.677025077e-11 5.377793122e-12 1.997562757e-11 2.354971961e-11 1.635302076e-11 1.335829232e-11 1.599404782e-11 1.433140626e-11 2.747708506e-11 2.928179556e-11 1.925400401e-11 2.005164844e-11 1.2845839e-11 2.45345726e-11 2.708706468e-11 2.454971066e-11 3.014319868e-11 1.654212861e-11 1.193424416e-11 1.951176035e-11 9.104956494e-12 1.642336869e-11 3.075561261e-11 2.429879707e-11 1.440168386e-11 3.480676324e-11 1.086649936e-11 2.21253742e-11 2.8573576e-11 3.217372e-11 1.459280341e-11 2.226568273e-11 3.5296175e-11 2.777126122e-11 1.98720949e-11 2.699492573e-11 3.192417987e-11 1.20393153e-11 1.95730993e-11 1.545700203e-11 2.336137522e-11 1.800991372e-11 2.280779086e-11 2.300835179e-11 3.464728643e-11 2.328419268e-11 2.037151082e-11 1.231626338e-11 
3.245458081e-11 1.788817079e-11 2.36562516e-11 2.168609696e-11 2.809938261e-11 1.668728522e-11 2.504685449e-11 2.935343211e-11 2.251765355e-11 2.107200659e-11 1.700632105e-11 2.280510453e-11 2.535071577e-11 2.577457236e-11 2.851680302e-11 1.924174339e-11 3.310023644e-11 1.11562223e-11 2.019575481e-11 1.718307653e-11 1.852306227e-11 2.004701692e-11 2.82763613e-11 1.556459483e-11 3.044394365e-11 3.331313582e-11 1.832802192e-11 1.310898017e-11 2.143663003e-11 1.513403229e-11 3.004124888e-11 2.832846328e-11 4.009537958e-11 1.665691078e-11 2.049407655e-11 2.843993402e-11 3.197378553e-11 1.002485807e-11 2.347243433e-11 3.091015131e-11 2.671476276e-11 3.421784456e-11 2.43487011e-11 2.350172037e-11 2.303321652e-11 1.552672195e-11 2.7125291e-11 2.178707063e-11 1.463913952e-11 1.44386674e-11 3.555240078e-11 1.669882873e-11 1.829508615e-11 1.638633353e-11 2.602868099e-11 3.286946857e-11 1.083546721e-11 1.786958289e-11 2.544120696e-11 1.288648174e-11 2.860371598e-11 2.524242606e-11 1.673319487e-11 2.815607386e-11 2.820752436e-11 2.114819873e-11 3.104578037e-11 9.796581273e-12 2.943859595e-11 2.106395548e-11 1.963913572e-11 2.674438165e-11 2.845681561e-11 5.20465452e-12 3.066100162e-11 3.082358226e-11 1.201381971e-11 2.547065737e-11 1.721607631e-11 1.824627145e-11 1.615925125e-11 1.798672348e-11 2.590521992e-11 3.173900761e-11 2.177134404e-11 1.711004596e-11 2.054818001e-11 1.871728663e-11 2.275514514e-11 2.219462904e-11 1.857924727e-11 9.992577269e-12 1.810201482e-11 2.104095114e-11 2.259020101e-11 1.777515471e-11 8.227607768e-12 9.298566476e-12 2.554108425e-11 2.161384716e-11 2.057278397e-11 
1.186812737e-11 2.240034965e-11 2.715256185e-11 1.86769848e-11 3.006837275e-11 2.226752104e-11 2.679874722e-11 2.002341455e-11 3.840001255e-11 3.353263622e-11 1.912428422e-11 2.558071663e-11 2.454945306e-11 2.390395265e-11 3.4369771e-11 2.359367071e-11 3.449871708e-11 1.489583829e-11 1.892705404e-11 1.873259587e-11 2.100256504e-11 9.922561057e-12 2.839995214e-11 1.820553123e-11 2.427028177e-11 1.967532618e-11 2.565500169e-11 1.60593806e-11 1.6394715e-11 2.14791934e-11 2.193919794e-11 2.847621347e-11 2.506970808e-11 2.797808501e-11 1.757206781e-11 3.48312225e-11 3.068750114e-11 2.187370457e-11 3.213709558e-11 2.437672762e-11 2.078406603e-11 2.112073954e-11 2.706627818e-11 2.323705443e-11 2.729533572e-11 1.827168934e-11 2.654656494e-11 1.057388613e-11 1.313774482e-11 1.312473503e-11 1.926655587e-11 1.647488915e-11 2.451380147e-11 8.667476417e-12 1.560060474e-11 2.21336769e-11 2.763206273e-11 2.757222599e-11 2.931301691e-11 2.040649928e-11 3.354668186e-11 1.87915371e-11 1.804037339e-11 3.008292567e-11 2.498556489e-11 2.687236684e-11 1.460762406e-11 2.411793512e-11 2.952527532e-11 3.339488149e-11 3.218065964e-11 2.983784084e-11 1.299205811e-11 1.593889081e-11 2.490362376e-11 2.520152687e-11 2.12286612e-11 2.224320157e-11 1.977201028e-11 9.996595778e-12 1.710357402e-11 1.869711094e-11 1.721800649e-11 1.888999837e-11 2.823495724e-11 1.731954328e-11 2.956105691e-11 1.969747032e-11 2.52915226e-11 1.587812212e-11 1.760027368e-11 2.4124011e-11 2.823986599e-11 1.560266015e-11 1.418767342e-11 2.193277677e-11 1.603197324e-11 2.795239529e-11 1.093806388e-11 3.344676243e-11 1.411831238e-11 
2.045534606e-11 2.376527861e-11 4.085607944e-11 1.898518473e-11 1.835409892e-11 1.349129218e-11 1.587200336e-11 3.008107094e-11 1.929305089e-11 2.799383963e-11 1.810020125e-11 1.909039013e-11 1.920854509e-11 1.590782002e-11 2.815535963e-11 1.533903714e-11 2.796721859e-11 2.661061188e-11 1.327705681e-11 3.372556938e-11 2.495358367e-11 1.263545564e-11 8.467546953e-12 3.594408368e-11 2.97487305e-11 1.775426039e-11 2.630204457e-11 2.652948804e-11 2.666223918e-11 1.80502758e-11 2.108463942e-11 1.786962993e-11 1.318569795e-11 1.438850243e-11 1.109450685e-11 8.015756463e-12 2.394212135e-11 1.128182194e-11 2.420199706e-11 2.298294016e-11 2.441805486e-11 2.521440101e-11 2.776354964e-11 3.611413208e-11 3.039054665e-11 4.298439575e-11 2.135451806e-11 1.886541099e-11 1.927966036e-11 1.468576887e-11 3.230072178e-11 2.354032928e-11 2.394835323e-11 3.939120317e-11 2.429758251e-11 1.827205605e-11 1.377305165e-11 2.601654296e-11 1.861731682e-11 2.607873377e-11 1.18733247e-11 1.864957268e-11 1.702100696e-11 3.170284949e-11 1.737296886e-11 1.903365715e-11 2.829560905e-11 3.255909544e-11 1.613122712e-11 2.849251463e-11 2.714869773e-11 2.286412672e-11 2.470937367e-11 2.431805046e-11 1.49918433e-11 2.262339646e-11 3.378310077e-11 2.549598274e-11 2.848258279e-11 2.3371125e-11 2.540974606e-11 1.577984605e-11 1.698248563e-11 2.316634864e-11 3.007293032e-11 2.489783611e-11 1.878566725e-11 2.541423178e-11 1.371345709e-11 2.587126767e-11 1.982248272e-11 2.057005618e-11 2.716602985e-11 3.189125973e-11 3.98163987e-11 2.695919463e-11 2.11167651e-11 1.749383363e-11 2.352894268e-11 1.85516795e-11 2.384227649e-11 
2.91327849e-11 1.269068246e-11 2.077207081e-11 2.257944209e-11 2.129605116e-11 2.478475322e-11 1.176711704e-11 3.104749705e-11 1.863048492e-11 9.852992044e-12 1.611686662e-11 2.039099424e-11 1.806533118e-11 1.836650659e-11 1.233333723e-11 1.476553138e-11 1.10977348e-11 2.14573726e-11 1.911434893e-11 2.395432411e-11 1.504380971e-11 2.441360623e-11 2.073013886e-11 2.43636132e-11 2.57994855e-11 9.280442918e-12 3.397429721e-11 2.32216348e-11 1.950236788e-11 3.508977473e-11 1.796560377e-11 9.382713995e-12 2.055931232e-11 5.186482271e-12 3.183769873e-11 2.391498961e-11 1.558786623e-11 1.946032054e-11 3.220216783e-11 2.286705751e-11 3.110480181e-11 1.381632657e-11 1.848317807e-11 2.949882548e-11 1.585797727e-11 3.474371275e-11 2.463680132e-11 2.720954156e-11 1.828985745e-11 1.740229673e-11 4.106268417e-11 1.477928341e-11 1.003707999e-11 1.897396762e-11 2.318402802e-11 3.082040983e-11 2.973799398e-11 2.053205573e-11 2.341731873e-11 1.846758265e-11 3.423101128e-11 2.809177502e-11 1.537458013e-11 1.541130998e-11 2.307964478e-11 1.762204518e-11 9.434371146e-12 2.108814478e-11 2.505718931e-11 1.61319146e-11 2.574793009e-11 1.634061645e-11 2.598215028e-11 2.603659829e-11 1.949290228e-11 2.595971967e-11 1.524626835e-11 2.892096912e-11 2.40591168e-11 3.056300143e-11 1.542770481e-11 2.33586674e-11 1.636440044e-11 1.346541638e-11 1.706082081e-11 1.899433804e-11 2.78339513e-11 2.306450266e-11 2.023130045e-11 1.372638178e-11 2.882085681e-11 1.695889281e-11 2.949539961e-11 1.411148537e-11 2.250795214e-11 2.333945946e-11 2.692345193e-11 2.884209907e-11 2.089463835e-11 2.715032615e-11 2.659372696e-11 
2.432700148e-11 2.075147619e-11 3.095605239e-11 1.894640465e-11 2.339552884e-11 7.643832549e-12 2.234902638e-11 2.260797795e-11 1.4688435e-11 2.742895963e-11 3.000193546e-11 2.307232405e-11 3.570589912e-11 2.163253143e-11 1.879990064e-11 2.089218337e-11 1.79294316e-11 2.288254686e-11 1.780764834e-11 2.073768366e-11 3.021082575e-11 2.889331657e-11 1.808114252e-11 2.179956021e-11 2.07533335e-11 2.020813571e-11 2.245452599e-11 1.45040787e-11 1.316682175e-11 2.088174513e-11 1.549780878e-11 1.368738309e-11 3.061241862e-11 3.714438017e-11 2.400338811e-11 2.165017503e-11 2.027075442e-11 1.78928304e-11 2.169319741e-11 2.072907838e-11 2.556836791e-11 3.542572586e-11 3.986638774e-11 3.165657944e-11 3.418823026e-11 1.88823734e-11 2.715124609e-11 1.853239021e-11 2.030922136e-11 1.799650335e-11 3.07703361e-11 2.712559235e-11 1.990871663e-11 2.462828311e-11 2.91315944e-11 1.91389636e-11 2.678470691e-11 2.186242811e-11 1.610023109e-11 3.188305015e-11 2.276762264e-11 8.170938509e-12 2.537463979e-11 1.630037614e-11 3.508832608e-11 3.007444742e-11 3.167264637e-11 2.598802987e-11 3.406676061e-11 2.154837807e-11 1.447489231e-11 2.80645694e-11 2.871432289e-11 2.179009718e-11 2.033112896e-11 3.28081518e-11 9.643629707e-12 3.166139268e-11 1.824261775e-11 1.190325014e-11 2.181868891e-11 3.462048703e-11 3.613363619e-11 2.057038275e-11 2.73755481e-11 1.845706447e-11 3.834685784e-11 9.151474237e-12 2.549642232e-11 3.383845657e-11 2.949387984e-11 1.34098029e-11 4.129940805e-11 2.707014066e-11 1.785607949e-11 2.801421724e-11 2.977034467e-11 3.69444371e-11 2.354634132e-11 3.235783152e-11 3.733447613e-11 
3.153045068e-11 3.308578319e-11 1.668955911e-11 2.510829664e-11 2.197199605e-11 1.061689926e-11 2.265673358e-11 2.841602799e-11 1.875397377e-11 1.768657453e-11 2.164658342e-11 2.34698793e-11 1.107664752e-11 3.644517853e-11 2.051602685e-11 2.753106713e-11 2.700270484e-11 2.842655892e-11 2.886872134e-11 2.188085444e-11 3.038199955e-11 2.033644853e-11 2.3216197e-11 2.93844783e-11 1.263982138e-11 2.56272303e-11 1.258223286e-11 2.32801595e-11 2.040480682e-11 1.881118246e-11 2.112559628e-11 3.760557292e-11 2.764887443e-11 4.004409782e-11 2.546114945e-11 2.222115998e-11 1.962266203e-11 2.500040892e-11 1.935420596e-11 3.023415378e-11 2.020711881e-11 2.670074319e-11 1.851270861e-11 1.293476275e-11 2.915873213e-11 1.832904122e-11 2.148185234e-11 2.946471785e-11 1.591226383e-11 2.869287499e-11 2.305648215e-11 1.731271698e-11 2.202933506e-11 1.51840804e-11 2.247794183e-11 2.457952194e-11 2.269263258e-11 2.165576334e-11 2.12390894e-11 2.680396754e-11 2.918741029e-11 2.819083046e-11 3.1498223e-11 1.938760034e-11 2.860652964e-11 1.236270571e-11 2.296664107e-11 3.888671057e-11 2.273293221e-11 2.314455496e-11 3.135761467e-11 3.162859796e-11 2.320792745e-11 1.68517698e-11 2.28153698e-11 2.314408078e-11 2.620786483e-11 1.474039311e-11 2.512638716e-11 9.021009249e-12 1.196227507e-11 2.193345811e-11 1.30714319e-11 1.316953465e-11 1.549932377e-11 1.394445845e-11 2.755752679e-11 2.15911549e-11 1.877697402e-11 2.275160761e-11 1.50055705e-11 1.3375326e-11 1.83996471e-11 2.062436105e-11 1.836150275e-11 2.014813625e-11 2.439305294e-11 2.297224446e-11 1.866523984e-11 2.413408714e-11 2.658738948e-11 
1.7264359e-11 2.107619258e-11 1.662818854e-11 2.226650366e-11 1.532510608e-11 1.829575066e-11 2.188819184e-11 2.025287479e-11 1.563504612e-11 2.183281729e-11 2.177333594e-11 8.611738499e-12 2.742654079e-11 1.947146467e-11 2.314608414e-11 2.280589298e-11 3.982971957e-11 1.864540977e-11 3.026056245e-11 2.090708079e-11 1.073103782e-11 9.192647175e-12 2.677300386e-11 2.656979191e-11 1.801291895e-11 3.145275371e-11 2.125939127e-11 2.83132248e-11 2.666166776e-11 1.508267985e-11 2.155129694e-11 2.585336447e-11 2.463023998e-11 2.625771708e-11 1.853661901e-11 1.909883864e-11 2.922380493e-11 1.624114814e-11 2.212064544e-11 1.577188508e-11 2.123244867e-11 1.785863492e-11 2.984936682e-11 1.92762929e-11 1.666445498e-11 1.578799385e-11 1.88094145e-11 2.114181943e-11 2.564281634e-11 2.071561451e-11 1.303442592e-11 2.500509695e-11 1.796014451e-11 2.97530252e-11 2.121316315e-11 1.577214426e-11 2.055148609e-11 1.178197434e-11 2.080606228e-11 1.966767449e-11 2.05098022e-11 3.273504018e-11 1.439288572e-11 1.972162492e-11 2.328442094e-11 1.602606668e-11 3.431172554e-11 1.949951612e-11 2.809337682e-11 1.188769204e-11 2.907976282e-11 1.964142286e-11 2.132162154e-11 2.867246864e-11 2.60167319e-11 1.902788454e-11 2.585167718e-11 2.810941996e-11 1.649670843e-11 2.391224615e-11 3.475710879e-11 1.994180508e-11 1.891822768e-11 2.131361368e-11 2.116791249e-11 2.559177521e-11 2.469794851e-11 1.34384251e-11 2.956452092e-11 2.183504611e-11 1.337206263e-11 2.80350114e-11 2.639608008e-11 3.473463425e-11 2.164476318e-11 2.728135826e-11 1.198109239e-11 2.043591029e-11 2.108689646e-11 1.603692245e-11 3.249017207e-11 
1.998025214e-11 2.493247009e-11 2.680419146e-11 1.905388059e-11 2.201265144e-11 1.609926922e-11 2.099830781e-11 2.153762548e-11 1.66560087e-11 2.377031961e-11 2.883034147e-11 2.221457905e-11 1.9667012e-11 1.795473812e-11 3.781221531e-11 2.801035744e-11 1.012260735e-11 1.456055111e-11 2.231209378e-11 1.599473606e-11 3.097212554e-11 2.684807767e-11 1.814582563e-11 1.32736745e-11 2.970748167e-11 1.697918635e-11 2.84821182e-11 1.397220805e-11 8.048105954e-12 2.695995461e-11 2.928953499e-11 2.046383644e-11 1.564644324e-11 3.279408304e-11 1.390284912e-11 1.926966665e-11 1.910565791e-11 2.246686835e-11 1.190260782e-11 2.470194309e-11 2.710307603e-11 2.187857315e-11 1.662989308e-11 2.39623705e-11 1.427099171e-11 1.89986918e-11 3.204611244e-11 3.016869534e-11 3.080010373e-11 1.737117887e-11 2.160294188e-11 1.948064909e-11 2.317788563e-11 2.148833116e-11 2.827338981e-11 2.085818675e-11 1.883002488e-11 3.382457993e-11 2.322315626e-11 2.35662563e-11 3.404313701e-11 2.257549429e-11 2.164725265e-11 3.050462513e-11 2.083831611e-11 1.733094274e-11 6.860557671e-12 2.923602681e-11 3.786648523e-11 2.477578667e-11 2.702258481e-11 1.45921069e-11 1.996187204e-11 1.56380423e-11 3.620698619e-11 2.081426865e-11 2.012567694e-11 2.407752138e-11 1.333619348e-11 2.689406542e-11 2.947165433e-11 2.13562644e-11 2.31617633e-11 1.319152828e-11 1.217822505e-11 1.750252632e-11 1.967908587e-11 1.79318873e-11 1.290686674e-11 2.005264548e-11 1.393363469e-11 1.699949112e-11 3.187815928e-11 2.196702492e-11 2.012866771e-11 4.259875351e-11 3.307659532e-11 2.090821939e-11 1.529552863e-11 3.339840773e-11 1.62229636e-11 
2.45722876e-11 1.853014659e-11 2.20456009e-11 1.797111518e-11 1.445009488e-11 2.486627879e-11 3.504310477e-11 2.982971783e-11 1.349655504e-11 2.401957459e-11 1.293164996e-11 2.671323976e-11 1.781840819e-11 1.110644074e-11 1.329328919e-11 1.931073236e-11 2.112388708e-11 2.758949362e-11 1.84701081e-11 2.562032637e-11 2.306118616e-11 1.226474244e-11 9.933029062e-12 2.555765464e-11 1.288939341e-11 1.476854657e-11 1.627815411e-11 1.996480064e-11 2.016964664e-11 2.806664133e-11 2.651356469e-11 1.327475555e-11 1.585063804e-11 1.93031474e-11 2.777362568e-11 2.100049857e-11 3.033276733e-11 2.672584704e-11 1.778897036e-11 2.465429283e-11 1.892931168e-11 1.584057605e-11 1.743135094e-11 1.798420372e-11 3.142328168e-11 1.089329393e-11 2.17433568e-11 2.794359475e-11 2.686737164e-11 2.096662918e-11 1.308536686e-11 1.986705712e-11 1.481295114e-11 1.699284883e-11 3.237729025e-11 1.698024033e-11 2.806465451e-11 2.139605327e-11 1.595414806e-11 3.301087352e-11 2.469018639e-11 2.844515662e-11 1.656855674e-11 1.834394056e-11 2.226813116e-11 2.091954589e-11 9.45902806e-12 1.404934785e-11 2.108477989e-11 2.553374573e-11 3.048403896e-11 1.93955305e-11 1.564539467e-11 3.681984366e-11 2.146763737e-11 2.156228534e-11 3.224269918e-11 2.00663579e-11 2.686411283e-11 3.479395287e-11 2.194276207e-11 1.634766063e-11 9.402289184e-12 1.930113514e-11 2.578156842e-11 2.23613041e-11 2.260132484e-11 1.539469959e-11 2.970554925e-11 1.982213387e-11 1.855175353e-11 1.429708102e-11 2.611230639e-11 3.393164553e-11 2.11368979e-11 1.457411809e-11 2.424286226e-11 1.899711857e-11 2.526529436e-11 1.600841036e-11 2.467344203e-11 
1.784827972e-11 1.813823386e-11 1.139640585e-11 2.040135493e-11 1.382966352e-11 2.116363393e-11 3.383349718e-11 3.224820323e-11 1.616055206e-11 2.332424749e-11 2.464834407e-11 1.99085123e-11 1.857521076e-11 3.779051431e-11 1.295605327e-11 2.458898682e-11 1.932028802e-11 3.588651385e-11 2.086638042e-11 1.575401554e-11 1.513858674e-11 3.462950887e-11 2.596539581e-11 1.565332852e-11 2.401919124e-11 3.55229583e-11 3.164015065e-11 1.656333505e-11 1.573327099e-11 1.463211316e-11 2.039225219e-11 2.343146023e-11 2.396647935e-11 2.368891868e-11 1.771503351e-11 2.054437327e-11 3.155598922e-11 2.568232443e-11 1.847829911e-11 1.661018176e-11 1.134267137e-11 3.405628314e-11 1.443278896e-11 3.166068451e-11 2.318899974e-11 2.295225179e-11 1.995179961e-11 1.911248951e-11 1.495088246e-11 3.47627804e-11 1.257794219e-11 2.704043563e-11 2.344826254e-11 2.647582262e-11 2.059353812e-11 2.57758425e-11 2.246489176e-11 3.250948421e-11 2.667082029e-11 1.891669441e-11 2.495301933e-11 1.067612488e-11 1.019565785e-11 1.885082292e-11 3.553984039e-11 2.940837562e-11 1.89766126e-11 2.320601193e-11 2.736943943e-11 2.641284001e-11 2.969375355e-11 1.309436667e-11 1.321774194e-11 1.893839648e-11 1.880752388e-11 1.727752754e-11 1.702531967e-11 1.78288542e-11 3.120366187e-11 1.512764369e-11 2.325792357e-11 2.095230554e-11 2.347331612e-11 2.739702223e-11 1.926725164e-11 2.782136475e-11 1.986282964e-11 1.662584967e-11 2.204575474e-11 2.899134648e-11 2.909412007e-11 3.638697531e-11 1.04033988e-11 2.718540889e-11 2.42426074e-11 2.431037711e-11 1.135355549e-11 2.030316564e-11 3.296272829e-11 1.957028667e-11 2.205087694e-11 
1.694306785e-11 3.190829887e-11 2.109588842e-11 1.007918704e-11 2.118166012e-11 2.333372535e-11 2.458000535e-11 1.890218892e-11 1.307571912e-11 1.084012631e-11 2.450652407e-11 3.22863629e-11 2.569463983e-11 1.639732096e-11 1.293656888e-11 3.319728268e-11 1.235735608e-11 1.600022206e-11 2.026484743e-11 3.100520991e-11 3.085290141e-11 1.375464552e-11 2.674944905e-11 2.268845094e-11 2.211510315e-11 4.310967461e-11 1.949236828e-11 1.589321963e-11 2.393663002e-11 1.090077596e-11 1.789325871e-11 2.28487846e-11 2.311631288e-11 1.700500571e-11 2.840587136e-11 2.585173083e-11 3.169355825e-11 1.124419184e-11 8.718751844e-12 1.69525213e-11 3.508661452e-11 3.154987166e-11 1.322656226e-11 2.565299783e-11 2.331734089e-11 2.257426847e-11 1.857705945e-11 1.723522033e-11 2.474275215e-11 2.032907977e-11 2.153674194e-11 2.822619906e-11 1.841539167e-11 2.047848237e-11 9.277227343e-12 1.245162231e-11 3.194239788e-11 1.963724026e-11 2.611022575e-11 1.398638192e-11 2.542101431e-11 2.620829602e-11 2.108191488e-11 1.303695347e-11 1.161699504e-11 3.046123967e-11 2.93715865e-11 1.690557853e-11 2.808543655e-11 1.495724012e-11 1.883572412e-11 2.151853354e-11 2.105866504e-11 1.158166896e-11 1.35039783e-11 2.18405368e-11 1.892309974e-11 1.842947739e-11 1.878337562e-11 2.910114369e-11 6.085588538e-12 1.781029732e-11 2.223439584e-11 1.783779809e-11 2.823234415e-11 1.293377695e-11 2.515363528e-11 2.310002239e-11 2.544869513e-11 1.537955083e-11 2.18678439e-11 3.26357923e-11 3.119521088e-11 2.699770111e-11 1.538334832e-11 2.157966025e-11 2.306308327e-11 2.121587776e-11 1.860814078e-11 1.974588871e-11 2.796659972e-11 
9.925706536e-12 2.259986167e-11 3.716303744e-11 2.301215796e-11 1.630379504e-11 2.960857376e-11 2.660832367e-11 2.796396035e-11 2.262626427e-11 1.313468856e-11 2.098535817e-11 1.887730181e-11 3.03563749e-11 2.136836774e-11 2.639063173e-11 1.859097471e-11 9.66393592e-12 2.173734604e-11 1.706070156e-11 2.126589604e-11 9.737511699e-12 2.096598123e-11 2.136259291e-11 2.280468403e-11 2.205168855e-11 2.797330944e-11 1.577067221e-11 1.091945519e-11 2.255175863e-11 2.718777969e-11 1.758999159e-11 1.945176882e-11 2.386501387e-11 2.020044499e-11 1.97354462e-11 1.11356556e-11 1.91191692e-11 3.598303979e-11 2.961571888e-11 1.535276236e-11 2.158915995e-11 2.110744016e-11 3.458208762e-11 2.447079297e-11 1.785854918e-11 2.357791102e-11 1.46202797e-11 1.466641345e-11 3.006684879e-11 2.256675693e-11 3.264996927e-11 1.622472358e-11 2.093906069e-11 2.363334819e-11 2.219627532e-11 2.369339292e-11 2.324783313e-11 1.637883068e-11 1.974707759e-11 2.044136092e-11 1.130721136e-11 2.707663542e-11 2.049383366e-11 1.167711221e-11 1.883019972e-11 1.485298913e-11 3.350129146e-11 1.940627469e-11 3.525991298e-11 2.521070455e-11 2.809956831e-11 3.330840555e-11 2.132401358e-11 1.212621449e-11 2.92551886e-11 1.152594924e-11 2.729959144e-11 2.152236286e-11 3.838935517e-11 2.050281868e-11 8.361559716e-12 2.660809157e-11 2.081322806e-11 1.969090897e-11 1.160143609e-11 2.8664667e-11 1.859459211e-11 1.740698616e-11 2.296357654e-11 2.261596305e-11 1.799837365e-11 1.770055633e-11 7.851713371e-12 1.040762798e-11 1.827576165e-11 1.459012385e-11 2.466746385e-11 1.613408338e-11 1.809080956e-11 1.88981285e-11 2.211640637e-11 
1.628222937e-11 1.029777555e-11 1.952136798e-11 1.324609825e-11 2.24765625e-11 2.201471316e-11 2.078854457e-11 2.8552718e-11 1.961264294e-11 2.868852093e-11 2.503466982e-11 1.678054263e-11 3.305045175e-11 2.018780155e-11 1.794249543e-11 2.429580379e-11 2.08277667e-11 2.220266011e-11 2.105186753e-11 1.697849127e-11 2.494686225e-11 3.07377397e-11 2.89950131e-11 2.857247551e-11 1.612631776e-11 2.197249353e-11 1.425140491e-11 2.36394563e-11 1.220372205e-11 2.0201185e-11 2.625579453e-11 2.121622355e-11 2.010099783e-11 2.0812946e-11 2.047828184e-11 2.184759605e-11 2.074237775e-11 1.986738679e-11 2.367018454e-11 2.138700838e-11 2.54828176e-11 1.126718944e-11 2.334597477e-11 2.474253317e-11 1.22238565e-11 2.085150268e-11 2.244304549e-11 2.467900776e-11 3.049367436e-11 1.00450203e-11 1.782352987e-11 1.89958825e-11 3.163398752e-11 2.122772516e-11 1.483492571e-11 2.059890236e-11 2.270167945e-11 2.193537223e-11 2.046199437e-11 2.858893067e-11 1.870481021e-11 2.928107761e-11 1.390535653e-11 2.030534523e-11 2.941856176e-11 2.825011888e-11 3.078862654e-11 1.341595431e-11 1.292503122e-11 2.369898089e-11 1.423120768e-11 1.969285197e-11 2.307865797e-11 1.015221832e-11 2.085907044e-11 2.833492158e-11 1.129354562e-11 1.46432344e-11 1.998792867e-11 2.610008309e-11 2.506296586e-11 1.97351765e-11 2.551960292e-11 2.415139343e-11 2.333944458e-11 2.004308317e-11 5.432785932e-12 2.367023704e-11 2.456537247e-11 1.895377021e-11 1.813895166e-11 2.257851131e-11 1.853882501e-11 2.663523276e-11 2.45282328e-11 2.806544943e-11 2.46338634e-11 3.256099456e-11 1.755629533e-11 2.458433249e-11 1.321577681e-11 
1.883633138e-11 1.76879204e-11 2.151940512e-11 1.558753651e-11 1.666269017e-11 2.947591423e-11 2.524125728e-11 2.753050431e-11 1.423865457e-11 2.030137448e-11 1.391117135e-11 1.318476712e-11 2.558058306e-11 1.273160922e-11 2.156331348e-11 1.990474688e-11 2.294889872e-11 1.39154266e-11 1.822210318e-11 1.895027332e-11 1.263770638e-11 2.500747582e-11 1.773986363e-11 2.505244672e-11 2.624148523e-11 9.765322052e-12 2.06805551e-11 2.725026647e-11 2.181449271e-11 1.322805367e-11 1.719953748e-11 2.198162577e-11 1.558747827e-11 3.069418621e-11 1.339753306e-11 1.696472034e-11 2.866208293e-11 2.244887288e-11 9.175417584e-12 1.808450874e-11 2.160996856e-11 2.179398451e-11 1.915213142e-11 1.744015818e-11 2.62592724e-11 3.770652054e-11 1.49261756e-11 2.205857594e-11 2.119203258e-11 3.004210636e-11 1.69405649e-11 2.038710149e-11 1.524804191e-11 2.794251435e-11 1.213696495e-11 1.870967621e-11 2.301247728e-11 9.506746579e-12 2.848560342e-11 1.210604914e-11 1.123356969e-11 1.960828952e-11 1.712298709e-11 1.9568845e-11 2.159487628e-11 1.398237154e-11 1.43404327e-11 2.670556656e-11 1.795034922e-11 2.231317957e-11 3.273254129e-11 2.070908604e-11 2.145523119e-11 2.475828301e-11 1.15422928e-11 1.33905515e-11 2.121930447e-11 2.445447543e-11 1.865335743e-11 2.379341776e-11 1.722441547e-11 1.356040798e-11 1.143485597e-11 3.14975439e-11 2.211498053e-11 1.928807683e-11 2.332867247e-11 2.225875597e-11 1.500093045e-11 2.235440029e-11 3.010697278e-11 3.020756001e-11 1.979349423e-11 3.484735282e-11 2.26230787e-11 3.010731966e-11 1.136331365e-11 2.23169606e-11 1.458135874e-11 1.719934466e-11 6.810938451e-12 
1.795344073e-11 3.126680704e-11 1.994821244e-11 2.915374455e-11 2.281429433e-11 1.733188778e-11 2.347683354e-11 1.941212694e-11 1.744258836e-11 3.197471314e-11 2.372701012e-11 2.244905293e-11 2.331786146e-11 2.93941428e-11 1.27115049e-11 1.590114135e-11 2.302606986e-11 2.963006856e-11 3.399578263e-11 2.308452993e-11 2.121981804e-11 3.107464069e-11 2.848180388e-11 3.03195443e-11 9.883840409e-12 3.028520775e-11 2.042899959e-11 1.482841524e-11 2.231755099e-11 1.936453623e-11 8.652081841e-12 2.252383139e-11 1.818426564e-11 8.231017176e-12 9.374552654e-12 3.17229937e-11 2.867474376e-11 1.198769939e-11 2.296326745e-11 1.897030368e-11 6.304538933e-12 1.911607382e-11 1.670895092e-11 1.869743465e-11 1.548570972e-11 1.832710486e-11 2.669385597e-11 1.267717279e-11 2.278723843e-11 3.857163527e-11 9.136252444e-12 1.489743257e-11 1.493162586e-11 2.791390119e-11 2.72762709e-11 1.729063136e-11 1.476275007e-11 1.177197723e-11 2.351553553e-11 3.14947617e-11 2.847169189e-11 3.015541919e-11 2.46917161e-11 1.406802718e-11 2.036808123e-11 1.803028299e-11 1.943602011e-11 2.878981539e-11 4.587156797e-11 2.007744247e-11 1.954439283e-11 1.414020067e-11 2.72057612e-11 2.000788199e-11 2.354576293e-11 2.774674319e-11 1.696717572e-11 2.432375376e-11 1.358192829e-11 1.46167714e-11 3.570348307e-11 2.048609333e-11 2.525090011e-11 1.739268964e-11 3.149406376e-11 1.958968306e-11 1.707581802e-11 1.327966815e-11 1.372057717e-11 1.466183641e-11 1.953812382e-11 2.438935639e-11 2.084582572e-11 1.383105067e-11 2.645212025e-11 2.00459479e-11 1.774129993e-11 1.482862323e-11 3.197492476e-11 1.661813296e-11 2.092205217e-11 
1.228592332e-11 2.326512953e-11 2.043275082e-11 2.116060567e-11 2.951961299e-11 2.367375429e-11 2.265489922e-11 3.492871846e-11 1.410050736e-11 2.943993151e-11 1.48553723e-11 3.100972643e-11 1.369489399e-11 2.297789013e-11 2.219635187e-11 1.368270391e-11 2.270950936e-11 2.721440882e-11 1.680313307e-11 1.60495252e-11 1.367965943e-11 2.310866986e-11 1.729877107e-11 1.826181913e-11 2.85549395e-11 1.559531506e-11 2.31161904e-11 9.955931983e-12 2.064992647e-11 1.59023933e-11 3.075761632e-11 2.25872642e-11 2.086280096e-11 1.5723277e-11 1.559206013e-11 2.4665061e-11 2.052616859e-11 2.794265498e-11 3.141425208e-11 2.656137784e-11 2.202559848e-11 9.127498838e-12 1.87134967e-11 1.743640751e-11 9.060210438e-12 1.173145041e-11 1.770830493e-11 1.80754912e-11 2.026178231e-11 2.533400502e-11 2.366684787e-11 2.086967202e-11 2.41349747e-11 2.517670308e-11 1.798956673e-11 3.487508027e-11 1.348082777e-11 2.210124705e-11 1.531248494e-11 2.364550199e-11 2.075123345e-11 1.436926936e-11 9.379219942e-12 2.1385676e-11 2.500897897e-11 2.327544224e-11 3.275804191e-11 2.219620114e-11 2.634960392e-11 2.495091772e-11 2.026655592e-11 2.076290147e-11 2.422759941e-11 2.560419853e-11 1.881761527e-11 1.736898893e-11 1.983711804e-11 1.741921891e-11 1.628795417e-11 1.675929952e-11 2.282497271e-11 2.723794929e-11 1.032724691e-11 1.919878761e-11 2.139523418e-11 1.624711878e-11 3.238859689e-11 2.170812866e-11 2.217113591e-11 1.590841827e-11 1.451125706e-11 1.198371337e-11 1.439102487e-11 2.334220179e-11 1.672900774e-11 3.791034838e-11 2.195082363e-11 3.21360475e-11 2.567146619e-11 2.986126051e-11 1.468685716e-11 
# Errors [det/det.dat] I_err:
5.086348056e-12 4.840532315e-12 7.479910337e-12 6.524878026e-12 9.21627158e-12 4.27915212e-12 7.071628934e-12 8.317429908e-12 5.636378035e-12 7.03386338e-12 4.128720512e-12 4.2450651e-12 8.521258115e-12 5.716769515e-12 6.410456044e-12 1.010790217e-11 5.867396597e-12 5.724120663e-12 5.050509495e-12 7.480890151e-12 8.346809956e-12 6.346338146e-12 8.375037757e-12 8.726972827e-12 7.594577519e-12 6.919786486e-12 6.926520828e-12 5.032857336e-12 7.017729332e-12 7.916936567e-12 7.100074363e-12 4.995084022e-12 7.953457041e-12 1.616968705e-12 4.929662701e-12 6.887794187e-12 4.445017951e-12 3.506884109e-12 1.033669744e-11 6.489872237e-12 7.001259973e-12 5.713596181e-12 6.998086084e-12 6.920522429e-12 6.500855206e-12 8.802636821e-12 6.032936221e-12 5.886491453e-12 4.242296328e-12 5.721274385e-12 6.319127147e-12 4.334740448e-12 6.326919801e-12 6.756854903e-12 7.428584576e-12 6.83868522e-12 4.986876098e-12 6.42444085e-12 6.537302928e-12 3.049101093e-12 6.401408914e-12 7.91144274e-12 6.804942184e-12 6.414719719e-12 6.534309125e-12 5.85438186e-12 7.632491176e-12 6.25858573e-12 5.626349324e-12 6.35821519e-12 7.392353044e-12 5.180026986e-12 8.018562905e-12 5.77756446e-12 9.674253779e-12 6.426292832e-12 5.355070919e-12 6.386713666e-12 7.131370753e-12 6.137298849e-12 6.389702333e-12 7.34839638e-12 8.3479422e-12 6.397243383e-12 6.44822351e-12 6.420009276e-12 4.33626787e-12 7.926759308e-12 7.976147336e-12 7.518299661e-12 7.168893748e-12 9.354877337e-12 4.080177823e-12 6.369315912e-12 5.88595928e-12 8.443581677e-12 8.797508407e-12 5.890950197e-12 8.715510706e-12 5.67183215e-12 6.946779773e-12 
6.282961536e-12 5.690981917e-12 5.179593809e-12 7.061492863e-12 4.132868255e-12 8.52727353e-12 6.494564651e-12 7.477611882e-12 7.040655651e-12 5.189703102e-12 7.386397601e-12 5.791082521e-12 6.836450696e-12 4.92661892e-12 6.572208348e-12 4.98176997e-12 4.32637864e-12 5.119088175e-12 4.995668121e-12 7.944778966e-12 6.913708056e-12 5.351038971e-12 9.607729423e-12 6.527934323e-12 7.492089312e-12 6.887931107e-12 5.014237145e-12 8.403127044e-12 7.130839764e-12 8.03148746e-12 3.847529171e-12 6.508148897e-12 5.096132828e-12 8.03170188e-12 7.979999208e-12 6.354768992e-12 4.724560147e-12 5.737661875e-12 7.322872812e-12 5.812248723e-12 8.461450068e-12 5.494650866e-12 5.694467345e-12 7.38809168e-12 6.922799334e-12 6.927722277e-12 7.390742928e-12 7.328287209e-12 6.175822599e-12 5.593432491e-12 6.487006387e-12 7.389890366e-12 8.472958217e-12 5.156272784e-12 6.354609386e-12 7.175579193e-12 5.765332605e-12 8.222442821e-12 7.520928139e-12 5.244618074e-12 6.949121054e-12 6.811659378e-12 6.387482539e-12 9.198093356e-12 6.259701697e-12 5.819718337e-12 6.332643652e-12 6.323088808e-12 4.233420003e-12 6.303690141e-12 7.978639131e-12 9.314359335e-12 4.498534228e-12 6.966362374e-12 4.290789671e-12 8.3286893e-12 5.772354597e-12 7.853032277e-12 7.103777089e-12 5.848409426e-12 7.907545577e-12 5.261000697e-12 8.034816437e-12 8.380655252e-12 6.873810092e-12 7.410148401e-12 6.91488885e-12 7.464974113e-12 9.202718962e-12 5.220112318e-12 6.302977178e-12 7.67546849e-12 8.380869551e-12 8.824632146e-12 6.425479582e-12 6.963461206e-12 7.467247362e-12 6.963032385e-12 7.104107149e-12 6.461024671e-12 5.054814136e-12 
5.633451278e-12 5.721371369e-12 7.393539243e-12 5.437931303e-12 5.038444099e-12 5.782815922e-12 8.396336057e-12 8.346076429e-12 7.611453813e-12 7.528616338e-12 6.865739106e-12 4.308884955e-12 6.291571623e-12 4.249943243e-12 6.956981063e-12 4.633372018e-12 5.788973157e-12 7.135854487e-12 7.825707311e-12 6.963963717e-12 6.865402488e-12 6.143713407e-12 7.409118937e-12 7.926582412e-12 5.033659497e-12 5.686058372e-12 7.870675877e-12 5.7211843e-12 7.478192683e-12 6.792432459e-12 7.006154271e-12 5.88666775e-12 9.604143692e-12 6.053109441e-12 8.609873691e-12 9.181913138e-12 8.833400688e-12 6.896919035e-12 6.402716871e-12 6.502824726e-12 7.013688097e-12 4.118357068e-12 6.991503422e-12 6.560856938e-12 8.054075129e-12 8.390607876e-12 8.262773897e-12 7.269651215e-12 6.867338717e-12 6.357057677e-12 5.671630585e-12 6.957493253e-12 6.957579441e-12 5.606103637e-12 9.546377984e-12 5.121176497e-12 7.369014135e-12 6.883540664e-12 7.902360568e-12 6.943774794e-12 6.311921013e-12 6.328799668e-12 5.926922146e-12 8.052145856e-12 8.387983695e-12 6.293515396e-12 7.529444353e-12 6.573705036e-12 8.460540771e-12 6.926061831e-12 5.651658657e-12 7.541040134e-12 7.865839634e-12 4.242345417e-12 7.417834706e-12 5.991546722e-12 9.116710615e-12 6.391767508e-12 5.740336712e-12 7.842661354e-12 9.204192121e-12 5.108293781e-12 7.370914885e-12 8.753762372e-12 8.041522707e-12 5.82870999e-12 7.438158036e-12 5.682992498e-12 4.97428126e-12 7.912449706e-12 3.434647001e-12 7.370419173e-12 6.412494805e-12 4.176244575e-12 6.322514042e-12 7.391028629e-12 7.063122668e-12 7.00926609e-12 7.113719612e-12 6.989179666e-12 7.422648932e-12 
8.784797305e-12 6.909397758e-12 7.745421447e-12 7.461902428e-12 6.322949975e-12 6.92305929e-12 6.507007935e-12 8.420955164e-12 8.250490701e-12 7.517298572e-12 7.403729336e-12 6.367581072e-12 8.758222808e-12 5.042518916e-12 5.071500475e-12 5.720945e-12 8.37448341e-12 5.789364541e-12 8.232950046e-12 5.054337685e-12 3.567694337e-12 5.918498989e-12 6.990107605e-12 7.435047069e-12 8.332021178e-12 7.091274565e-12 6.935539253e-12 4.315799457e-12 8.448267857e-12 9.287556408e-12 6.945482548e-12 6.646259747e-12 4.955800556e-12 6.423530184e-12 7.009487716e-12 7.926733591e-12 7.901042172e-12 9.926525869e-12 8.512606896e-12 4.332496503e-12 7.918625602e-12 5.849097305e-12 6.45755828e-12 6.902380405e-12 1.098891416e-11 6.929161724e-12 6.338252198e-12 6.877900527e-12 8.321298672e-12 4.350443122e-12 8.026240612e-12 6.418092398e-12 5.844229272e-12 6.896574029e-12 7.540232665e-12 6.825860176e-12 4.976933584e-12 7.995042729e-12 7.865184191e-12 6.424667056e-12 5.69870924e-12 9.320568382e-12 6.843519537e-12 5.216304777e-12 5.961854789e-12 8.613143838e-12 6.399159e-12 5.877968955e-12 7.411153206e-12 7.944964792e-12 4.071844162e-12 8.414450637e-12 6.369301595e-12 8.351611371e-12 6.022207685e-12 5.374737441e-12 6.920551273e-12 5.201075172e-12 5.03005094e-12 7.055849559e-12 6.430448763e-12 7.803120744e-12 5.910094493e-12 7.431509013e-12 6.797663251e-12 8.805388087e-12 7.003428365e-12 5.09183789e-12 4.947455775e-12 6.272468363e-12 7.98930744e-12 6.352081466e-12 6.404151192e-12 6.379822556e-12 4.979949507e-12 4.472962162e-12 6.297029972e-12 5.06848384e-12 7.39623107e-12 6.355962122e-12 6.945979413e-12 
7.327708025e-12 9.263204258e-12 7.969835839e-12 6.990050693e-12 5.733877618e-12 6.394398903e-12 6.342013708e-12 7.666577709e-12 5.071354806e-12 6.226199496e-12 7.480738569e-12 6.971683656e-12 4.471547471e-12 6.929441712e-12 6.266761442e-12 6.377075997e-12 6.420655364e-12 7.958702801e-12 7.925737523e-12 6.904350979e-12 7.823769081e-12 6.97260857e-12 7.175454216e-12 6.898241155e-12 8.408293607e-12 7.494643868e-12 7.723116296e-12 5.211273061e-12 6.384909583e-12 7.950936712e-12 4.972925912e-12 5.870415672e-12 5.831980531e-12 8.738632707e-12 6.364255977e-12 5.669903678e-12 5.66081714e-12 5.743108872e-12 3.515652313e-12 1.079765301e-11 6.679489883e-12 6.038143144e-12 7.383353109e-12 6.334821941e-12 7.266937346e-12 8.025877919e-12 7.107976096e-12 5.702952509e-12 6.218663011e-12 5.78128917e-12 7.99938377e-12 8.163884603e-12 6.395307407e-12 8.000401062e-12 8.364270246e-12 8.793082853e-12 7.048409007e-12 8.353206859e-12 4.903967139e-12 6.283890543e-12 6.294773661e-12 4.163722472e-12 9.239706011e-12 8.526849383e-12 5.031432909e-12 4.28843975e-12 6.451202662e-12 7.442715238e-12 7.727603182e-12 9.233837316e-12 3.161381156e-12 6.351797411e-12 4.659991222e-12 6.987876799e-12 8.283812675e-12 5.926456668e-12 5.158813656e-12 5.923686884e-12 5.645329458e-12 6.918935056e-12 6.067703969e-12 6.582476331e-12 6.884293852e-12 8.389984166e-12 8.867365096e-12 7.863015446e-12 6.953860329e-12 7.277134792e-12 7.537085616e-12 6.422540707e-12 6.903054471e-12 7.15609312e-12 7.820921584e-12 6.382298189e-12 6.325531834e-12 7.379143274e-12 8.892205809e-12 4.368904795e-12 4.905574417e-12 5.718705637e-12 6.901989718e-12 
5.753978353e-12 6.887330435e-12 5.742835918e-12 5.745884086e-12 7.94546821e-12 8.023981127e-12 5.049134808e-12 8.1375302e-12 7.863223658e-12 9.132796762e-12 7.241820015e-12 7.52451576e-12 7.402785976e-12 7.945441052e-12 8.738234253e-12 6.342202171e-12 6.467069817e-12 6.883428824e-12 5.791197284e-12 5.65305909e-12 7.401817953e-12 6.417896509e-12 6.981173542e-12 6.378337447e-12 6.321326612e-12 5.831744818e-12 7.889374147e-12 8.682406817e-12 4.655028481e-12 5.631494171e-12 5.892590375e-12 5.725999285e-12 8.443114367e-12 5.678462333e-12 7.951647031e-12 6.971362889e-12 6.875861888e-12 8.305494844e-12 4.984720157e-12 5.955557588e-12 6.990340525e-12 6.377865001e-12 8.854718738e-12 4.37600804e-12 6.997671508e-12 4.13897896e-12 7.592673014e-12 7.615127373e-12 5.185597836e-12 8.450748804e-12 6.311998965e-12 6.237591488e-12 5.800859085e-12 7.595800126e-12 6.296793774e-12 8.815948412e-12 6.454485832e-12 6.223659816e-12 4.686353689e-12 7.54062485e-12 7.881256068e-12 6.913356043e-12 8.767321026e-12 5.92156512e-12 3.252103799e-12 5.311310549e-12 8.01370391e-12 9.208094914e-12 6.555412271e-12 5.972887352e-12 6.625671644e-12 5.644048878e-12 6.862398567e-12 8.792555842e-12 5.426031201e-12 3.240481026e-12 7.53234737e-12 5.679087834e-12 6.455016647e-12 7.93114797e-12 3.168721532e-12 5.744890118e-12 7.264935081e-12 8.274320351e-12 6.95274661e-12 8.289889533e-12 8.374570293e-12 6.712419626e-12 5.922495182e-12 8.832835265e-12 6.052437828e-12 7.046530498e-12 6.773106201e-12 7.859976266e-12 5.522277677e-12 7.907250364e-12 8.458903667e-12 7.036095443e-12 6.91219932e-12 7.794778951e-12 6.324328771e-12 
8.435162001e-12 7.245207987e-12 7.934995072e-12 7.46074383e-12 6.489923885e-12 7.402042267e-12 5.674233204e-12 6.329094844e-12 6.751577065e-12 7.464098198e-12 5.788644507e-12 6.470592675e-12 5.235202833e-12 7.191332137e-12 8.021222289e-12 9.200301685e-12 6.601728526e-12 7.039496291e-12 7.378015626e-12 6.276070885e-12 8.78677373e-12 7.604287154e-12 6.162424288e-12 9.918201021e-12 5.736351805e-12 7.024897673e-12 7.916871023e-12 7.957862468e-12 9.179355763e-12 6.996601156e-12 6.897288534e-12 7.806726237e-12 5.84237991e-12 7.408601024e-12 1.032924611e-11 9.294852476e-12 6.809426324e-12 6.380266954e-12 9.288372839e-12 8.410084078e-12 5.694328148e-12 5.013871627e-12 6.180744584e-12 5.687156648e-12 6.334874367e-12 6.953789012e-12 1.811857549e-12 6.918341184e-12 6.493667346e-12 5.119524589e-12 7.424740815e-12 8.146751264e-12 7.65209366e-12 7.650078629e-12 9.214190512e-12 8.524767985e-12 8.753462397e-12 7.305138103e-12 8.041383869e-12 8.634291958e-12 6.877337961e-12 5.097923228e-12 7.983418399e-12 7.382018251e-12 7.466457578e-12 7.940850807e-12 5.857328569e-12 5.113605057e-12 9.115674119e-12 8.102937339e-12 9.177692033e-12 6.995413389e-12 5.759811464e-12 6.631798528e-12 7.435707757e-12 6.856751486e-12 7.909135001e-12 2.139689607e-12 6.934960984e-12 5.069123084e-12 7.042738933e-12 8.934497254e-12 5.716062917e-12 8.876099844e-12 7.898756937e-12 9.230810125e-12 7.900701231e-12 6.684507457e-12 6.417639748e-12 9.466520763e-12 5.9058879e-12 7.440939401e-12 6.290403422e-12 5.647299172e-12 7.958549676e-12 7.648749828e-12 4.158235565e-12 9.083012159e-12 7.527196641e-12 9.289920742e-12 6.988289862e-12 
5.704567135e-12 6.408542502e-12 7.403631992e-12 7.487917179e-12 6.515738012e-12 5.841290894e-12 5.796359356e-12 8.281953542e-12 6.446916603e-12 5.628485839e-12 7.871704519e-12 7.41980713e-12 7.658816657e-12 4.939948535e-12 3.060511167e-12 6.58759682e-12 8.017871009e-12 5.685523819e-12 5.230183935e-12 6.884587706e-12 6.903577706e-12 7.909911669e-12 6.517368903e-12 6.86503336e-12 9.319496631e-12 7.146822153e-12 4.969078204e-12 7.06216386e-12 7.042525241e-12 8.39370905e-12 8.36050035e-12 5.240213132e-12 8.728110003e-12 5.184599403e-12 6.885114153e-12 7.177795465e-12 4.261248925e-12 1.111971436e-11 8.351093691e-12 8.157743627e-12 6.94145282e-12 8.444232395e-12 5.529669327e-12 7.076305027e-12 5.035998292e-12 6.862530247e-12 9.018517508e-12 6.288876431e-12 6.556702128e-12 9.20762056e-12 5.785855593e-12 5.742638013e-12 6.970474718e-12 8.34558748e-12 7.965696425e-12 5.731892614e-12 8.449560636e-12 5.653168064e-12 6.667271068e-12 6.502502759e-12 7.902379707e-12 5.077136457e-12 8.832069258e-12 7.385671652e-12 8.502192766e-12 5.150099541e-12 7.906679247e-12 6.420047563e-12 7.455777244e-12 8.797105682e-12 8.134422502e-12 7.992057253e-12 5.031782859e-12 6.883936375e-12 7.459840231e-12 8.317241844e-12 5.802910805e-12 7.020075666e-12 6.351133468e-12 6.58206357e-12 6.383037485e-12 7.904513774e-12 5.729319991e-12 4.262368142e-12 8.38014166e-12 6.88150957e-12 7.563053219e-12 5.736602891e-12 4.015095969e-12 8.347219375e-12 8.010486512e-12 8.013580774e-12 5.039128981e-12 4.264775823e-12 6.378729187e-12 8.324951386e-12 4.258395014e-12 6.477834671e-12 4.412093394e-12 7.903479439e-12 6.394638947e-12 
4.303348122e-12 6.910266686e-12 5.690390737e-12 7.496886133e-12 6.086178866e-12 6.478169632e-12 5.76584166e-12 8.337939307e-12 8.744951585e-12 6.9863891e-12 6.391483484e-12 8.326112683e-12 7.485812897e-12 4.40853118e-12 7.333678261e-12 7.562930075e-12 9.168546367e-12 5.65597028e-12 5.671136762e-12 6.275851162e-12 6.351970109e-12 6.628007428e-12 4.303595086e-12 4.650946219e-12 7.516266684e-12 8.834069889e-12 6.61704923e-12 7.085872095e-12 8.465389168e-12 8.805750122e-12 7.521217858e-12 7.009781182e-12 8.529771939e-12 5.797125263e-12 5.936010871e-12 5.28245702e-12 7.033148065e-12 5.877905893e-12 8.800935429e-12 6.634648351e-12 7.0085207e-12 5.447244402e-12 1.071208008e-11 7.452474772e-12 6.675573676e-12 7.947566551e-12 7.057698649e-12 6.885006882e-12 6.890727608e-12 7.130259725e-12 1.106518508e-11 6.380019885e-12 5.835424706e-12 7.903443656e-12 5.809970389e-12 7.417512421e-12 6.588885861e-12 7.471388107e-12 4.623642711e-12 6.870532544e-12 7.909485088e-12 5.214998545e-12 8.650942497e-12 8.862972743e-12 7.097661101e-12 4.622247956e-12 3.063030087e-12 6.98845011e-12 6.212729967e-12 4.64689691e-12 6.450149713e-12 8.493538387e-12 5.12918945e-12 7.551922156e-12 7.532622002e-12 7.399893257e-12 7.349153442e-12 4.122342907e-12 7.449213692e-12 6.84518097e-12 5.718319314e-12 8.416989605e-12 8.519003159e-12 1.109895803e-11 5.888077079e-12 7.501377109e-12 5.530454687e-12 7.50145955e-12 7.984728038e-12 7.862042309e-12 6.470624957e-12 6.316479671e-12 7.037643855e-12 8.493555421e-12 7.476853625e-12 5.812432628e-12 5.079296144e-12 6.829925627e-12 6.303263926e-12 6.297276754e-12 8.903703418e-12 
7.90764602e-12 3.517271442e-12 8.491690977e-12 6.90263757e-12 7.409172426e-12 7.148500028e-12 6.911921093e-12 5.662580652e-12 5.766983787e-12 6.405516163e-12 7.497230779e-12 7.357379688e-12 8.767916169e-12 6.452931615e-12 7.471451932e-12 7.957279522e-12 8.730468346e-12 7.457623572e-12 8.403117209e-12 8.815550355e-12 6.428850504e-12 7.426229615e-12 5.802813745e-12 6.356712362e-12 6.28579416e-12 6.474372814e-12 7.963787461e-12 6.908589224e-12 4.227960793e-12 4.947349697e-12 6.365201387e-12 6.21417121e-12 5.871448723e-12 7.019063726e-12 7.003529867e-12 9.568370037e-12 8.739054737e-12 7.928059254e-12 4.97404375e-12 8.603918048e-12 1.032741082e-11 8.0511134e-12 7.484007808e-12 8.330400956e-12 7.376857684e-12 5.127232136e-12 8.480087474e-12 6.243682415e-12 6.545751285e-12 7.068045269e-12 6.654166746e-12 7.308108652e-12 7.508727466e-12 7.461082036e-12 7.017577185e-12 7.932962208e-12 7.481847243e-12 7.324867932e-12 5.818165037e-12 8.220962861e-12 7.521358833e-12 7.917643309e-12 6.194295203e-12 8.362228839e-12 1.587534841e-12 4.391708447e-12 7.489391563e-12 8.693833678e-12 7.382705052e-12 5.776495611e-12 7.470599319e-12 5.046021129e-12 6.33527267e-12 7.990525085e-12 5.023626594e-12 5.235312467e-12 6.332004086e-12 8.387155709e-12 5.045936479e-12 5.686603394e-12 7.438708734e-12 3.656359619e-12 6.866379608e-12 5.749769183e-12 4.262382299e-12 6.978318432e-12 5.092453608e-12 4.629261436e-12 6.092878966e-12 6.833046425e-12 7.388271172e-12 6.826483798e-12 5.087646256e-12 4.995553385e-12 7.99855197e-12 8.90917418e-12 5.870212319e-12 9.573786118e-12 3.135955548e-12 5.597486653e-12 7.915331249e-12 
5.018474136e-12 7.944146947e-12 6.329211217e-12 6.864815114e-12 5.246019453e-12 8.010509505e-12 8.389589604e-12 6.926130661e-12 9.771915597e-12 5.93367274e-12 6.427661314e-12 6.462262776e-12 7.836037795e-12 6.388481083e-12 8.743402576e-12 4.361186547e-12 8.874621017e-12 8.037374313e-12 7.426980865e-12 7.095566679e-12 7.521378455e-12 8.101098343e-12 9.526094278e-12 9.240049504e-12 8.8759155e-12 6.912190084e-12 4.272917056e-12 7.035378424e-12 5.695052832e-12 6.400717134e-12 8.258449406e-12 5.714037624e-12 6.587270657e-12 6.928904987e-12 9.969570589e-12 7.911590957e-12 7.971893018e-12 3.335416332e-12 7.836400395e-12 6.432254297e-12 5.737833603e-12 6.335234844e-12 8.096618239e-12 3.635733473e-12 6.523124462e-12 5.160710671e-12 5.024742583e-12 5.057777216e-12 8.093493065e-12 8.820368417e-12 8.384347807e-12 8.025459865e-12 6.991630609e-12 9.212376924e-12 6.598189508e-12 8.789166677e-12 6.395904868e-12 6.858003659e-12 4.725630448e-12 6.952677249e-12 5.928491296e-12 7.47888726e-12 4.46533733e-12 7.529423521e-12 5.769379737e-12 6.300697385e-12 6.786687933e-12 7.528572155e-12 7.19512415e-12 7.912192601e-12 8.454147035e-12 6.980039952e-12 6.544849199e-12 3.86006299e-12 5.145959306e-12 6.419562907e-12 6.363642291e-12 6.814023396e-12 4.445038729e-12 6.903871848e-12 6.318250604e-12 8.27925069e-12 6.385007273e-12 5.206485617e-12 4.924894633e-12 7.465588163e-12 4.570141629e-12 7.417378478e-12 6.599373938e-12 7.806667002e-12 7.108468579e-12 6.251330637e-12 5.091814642e-12 8.472681909e-12 3.632284432e-12 6.880745482e-12 9.220126221e-12 7.747617783e-12 8.707772161e-12 6.332271003e-12 5.090993884e-12 
5.842570685e-12 5.831816122e-12 3.936379211e-12 8.330355436e-12 6.978045287e-12 8.590961135e-12 8.457231116e-12 6.940497798e-12 7.4176673e-12 8.685330485e-12 5.753944399e-12 6.50810798e-12 6.905967608e-12 8.835339431e-12 5.83473135e-12 7.49341802e-12 7.106019643e-12 7.47960866e-12 6.580054637e-12 6.913191321e-12 4.733105322e-12 6.350030241e-12 6.907977571e-12 5.758019196e-12 7.414002807e-12 7.045275161e-12 7.488068163e-12 6.326187861e-12 7.95416233e-12 8.350446203e-12 7.243721952e-12 6.944850655e-12 8.490011968e-12 7.446658526e-12 4.497690711e-12 1.004438779e-11 8.45339566e-12 8.342591505e-12 8.08502026e-12 7.874789972e-12 6.327662775e-12 6.3530888e-12 6.574104944e-12 6.289769652e-12 6.279751723e-12 8.885740941e-12 5.984958942e-12 6.840134344e-12 6.338290715e-12 9.149470152e-12 6.475934349e-12 6.146765358e-12 5.674663001e-12 5.807459322e-12 6.293624753e-12 7.653449745e-12 9.262919041e-12 6.815628597e-12 8.810466822e-12 5.069305132e-12 7.177190921e-12 5.909657764e-12 6.897902077e-12 7.835790424e-12 8.080834372e-12 8.716186924e-12 6.982561755e-12 5.146348466e-12 4.430865461e-12 4.372128295e-12 6.282431188e-12 6.309440597e-12 6.821697496e-12 7.512425202e-12 5.228608675e-12 6.35286216e-12 8.445230878e-12 6.420672979e-12 4.827217265e-12 6.463423784e-12 6.921888366e-12 8.446871689e-12 8.304318394e-12 8.798564501e-12 9.370789889e-12 5.923689762e-12 8.127436815e-12 5.612456402e-12 6.270814107e-12 5.276436419e-12 7.933433853e-12 6.862299859e-12 5.061181596e-12 5.735237518e-12 4.400638773e-12 5.729972732e-12 7.551475761e-12 6.256052556e-12 7.035463131e-12 4.307303213e-12 6.906167247e-12 
4.371077368e-12 5.010301185e-12 7.215802649e-12 6.901870828e-12 7.993006717e-12 6.965907074e-12 7.482491068e-12 6.49645186e-12 4.228732018e-12 7.944174536e-12 7.405396277e-12 7.773820945e-12 6.189173347e-12 6.974987729e-12 7.559025293e-12 5.756034819e-12 9.515512104e-12 6.494153223e-12 6.459871259e-12 8.600244646e-12 5.880231481e-12 5.727411168e-12 6.384443514e-12 5.123362929e-12 6.963998949e-12 7.407254289e-12 5.759421577e-12 7.55852763e-12 4.308361469e-12 7.510550696e-12 8.395242509e-12 5.14551649e-12 4.824970148e-12 5.916710458e-12 5.155493616e-12 8.970791688e-12 5.82240681e-12 8.043368337e-12 5.25887214e-12 9.244506202e-12 9.20470416e-12 7.405473644e-12 5.250023658e-12 5.732451603e-12 9.174892451e-12 7.991563107e-12 7.949500663e-12 6.921351614e-12 5.403233592e-12 6.410399793e-12 7.362943909e-12 7.162053539e-12 5.692034062e-12 6.914243608e-12 7.447003664e-12 6.932811126e-12 7.399453773e-12 6.757155674e-12 9.595467947e-12 8.780721429e-12 8.103773468e-12 6.997077537e-12 5.112478667e-12 5.695971285e-12 5.70419753e-12 7.337823519e-12 7.182613096e-12 4.898307446e-12 6.929972301e-12 7.96515286e-12 6.835938862e-12 4.401752722e-12 8.347800179e-12 6.386651769e-12 8.734584724e-12 4.797197212e-12 7.43908954e-12 6.865386129e-12 6.298552819e-12 7.090841353e-12 7.364257136e-12 6.35396233e-12 5.792613917e-12 7.468390156e-12 5.835336255e-12 7.682944592e-12 5.842558724e-12 8.16881522e-12 7.411918577e-12 6.408388022e-12 4.266383099e-12 5.118691364e-12 5.19270853e-12 5.138099733e-12 7.61785437e-12 3.054945163e-12 8.102913546e-12 6.09172689e-12 4.138488675e-12 6.887250599e-12 7.708630318e-12 
7.493045712e-12 7.97754953e-12 6.673533659e-12 6.517854689e-12 6.450225873e-12 5.827195488e-12 7.475937068e-12 8.910235444e-12 4.228181464e-12 3.670804867e-12 6.956653015e-12 8.947303247e-12 4.246783819e-12 7.598679336e-12 5.16880679e-12 6.9754856e-12 5.153216581e-12 7.080891889e-12 7.373522745e-12 4.415652528e-12 6.32864745e-12 6.474593261e-12 5.808958999e-12 7.332962603e-12 6.334367149e-12 8.32273985e-12 8.407131739e-12 5.991807052e-12 6.409779361e-12 5.360643707e-12 7.821577116e-12 6.706398009e-12 6.644269304e-12 7.383820034e-12 6.317708198e-12 6.117794522e-12 8.777113995e-12 6.895142141e-12 6.910676183e-12 6.429437808e-12 8.79902362e-12 8.211655071e-12 6.464003778e-12 8.874966104e-12 7.507653987e-12 4.276077504e-12 7.029749314e-12 7.898320948e-12 9.595661632e-12 9.977838539e-12 8.839190952e-12 7.974295548e-12 6.985912398e-12 7.996386856e-12 9.966597896e-12 7.414449906e-12 6.056145434e-12 7.873542181e-12 8.029334032e-12 5.81851861e-12 5.085400022e-12 8.819568358e-12 6.379052531e-12 8.23183778e-12 6.3534443e-12 6.91272471e-12 8.020133197e-12 8.037731818e-12 8.670604196e-12 8.119548412e-12 6.335486092e-12 8.91093389e-12 6.338645632e-12 7.379017886e-12 4.935793965e-12 8.441175369e-12 6.304962249e-12 5.171564489e-12 7.025820032e-12 9.405630017e-12 5.627998879e-12 6.844635383e-12 4.974225467e-12 4.941683114e-12 4.50496735e-12 5.961827512e-12 9.231821431e-12 6.564772561e-12 5.741573345e-12 5.262422476e-12 8.082667835e-12 7.016251265e-12 6.99328169e-12 8.83714101e-12 6.946579585e-12 3.351131665e-12 6.866705589e-12 7.903281253e-12 8.022110561e-12 7.87038363e-12 8.364404738e-12 
8.583845233e-12 6.827595789e-12 8.152901471e-12 6.483667617e-12 7.914631624e-12 6.946033771e-12 8.065970656e-12 8.354734767e-12 5.074409554e-12 6.938570897e-12 4.431551594e-12 6.652293386e-12 5.829840238e-12 6.766052076e-12 8.862559531e-12 5.87644832e-12 7.178729976e-12 5.032761604e-12 5.70080372e-12 3.461460338e-12 7.435827797e-12 6.986055062e-12 5.865038196e-12 7.408712431e-12 7.023702655e-12 7.587752467e-12 6.376157394e-12 8.412641725e-12 8.120037819e-12 7.829923409e-12 6.356846552e-12 5.310686918e-12 8.809426509e-12 7.809691833e-12 7.541208913e-12 7.419926559e-12 7.361318359e-12 8.43455327e-12 6.416050844e-12 5.787063808e-12 4.485996711e-12 6.359352107e-12 3.363432879e-12 6.405959213e-12 6.842389445e-12 8.965644948e-12 1.009192314e-11 8.381470161e-12 6.854810637e-12 6.392916839e-12 7.460314733e-12 7.002100434e-12 6.431518792e-12 6.357221727e-12 8.341559363e-12 5.764374311e-12 6.476648215e-12 4.105851886e-12 5.966740508e-12 7.428186235e-12 5.023890641e-12 7.881044759e-12 7.002041599e-12 7.568528021e-12 7.845257762e-12 6.507124843e-12 8.782237011e-12 8.530625372e-12 6.453424145e-12 3.32970396e-12 5.88262935e-12 7.487611871e-12 4.386241543e-12 7.051539866e-12 5.844486224e-12 4.205321794e-12 4.991972107e-12 7.357408656e-12 7.982526292e-12 8.129753913e-12 5.030324897e-12 6.427493732e-12 8.756656518e-12 7.464496666e-12 6.444439929e-12 5.132996568e-12 7.989354347e-12 6.346307145e-12 6.592945517e-12 7.904657874e-12 7.482123982e-12 8.434831597e-12 6.472472242e-12 7.414416466e-12 7.898158017e-12 8.316419866e-12 4.589652071e-12 7.556479931e-12 6.380566527e-12 4.213504358e-12 7.900112029e-12 
5.798113697e-12 7.247200152e-12 5.642676413e-12 7.393302452e-12 7.212786467e-12 5.555677981e-12 7.794442851e-12 5.315644697e-12 6.966642807e-12 7.283702168e-12 4.340610247e-12 7.691875018e-12 7.44337333e-12 7.776746512e-12 6.346537583e-12 7.921676831e-12 9.230422695e-12 7.573824779e-12 6.505583358e-12 7.915508626e-12 8.007895661e-12 6.292663452e-12 5.207805343e-12 8.253164084e-12 5.141581124e-12 6.450986769e-12 6.303214214e-12 8.531221484e-12 7.010826574e-12 5.75356297e-12 8.809775858e-12 4.960899643e-12 7.891232217e-12 5.882951411e-12 7.442242065e-12 5.01961509e-12 7.510503895e-12 5.89698887e-12 8.358059313e-12 8.963852407e-12 5.823462326e-12 5.810598194e-12 7.421973268e-12 5.880457352e-12 5.212892032e-12 9.222882575e-12 6.910820992e-12 4.97186475e-12 7.985849325e-12 3.167481471e-12 7.074576554e-12 6.490449554e-12 6.301355834e-12 4.929629611e-12 6.880507446e-12 8.438460028e-12 7.529042229e-12 5.797027382e-12 8.11435368e-12 6.867230321e-12 8.295588387e-12 7.592442517e-12 7.534046119e-12 6.368015939e-12 6.447735675e-12 6.424948852e-12 8.040549914e-12 6.97858292e-12 6.401395363e-12 4.464532505e-12 6.93778212e-12 8.809397857e-12 6.82311611e-12 9.639785096e-12 7.032062697e-12 5.032504812e-12 4.55574576e-12 6.653707159e-12 8.42655835e-12 7.448993978e-12 4.226920443e-12 7.059676382e-12 8.144869719e-12 7.548978241e-12 7.920632421e-12 7.505536583e-12 7.757114457e-12 7.545515571e-12 6.452911594e-12 5.116600866e-12 8.445979702e-12 6.931975367e-12 6.427674956e-12 5.761921223e-12 4.193887826e-12 6.900594182e-12 7.466162718e-12 5.837523427e-12 7.946322551e-12 5.218621763e-12 6.832890459e-12 
7.76519968e-12 9.614058796e-12 6.283259059e-12 7.673384117e-12 7.970840747e-12 4.33979366e-12 8.398564399e-12 5.825887765e-12 5.892954156e-12 5.097399404e-12 5.121557423e-12 7.974480852e-12 5.93099587e-12 5.854648174e-12 5.323052909e-12 6.595401929e-12 5.747078334e-12 6.217262887e-12 5.587106525e-12 7.89440494e-12 6.10800831e-12 6.326057973e-12 6.250040442e-12 8.825903197e-12 7.015873098e-12 5.579744613e-12 7.442825956e-12 7.075801205e-12 1.080063809e-11 6.378937732e-12 6.393185582e-12 7.404761391e-12 6.053114534e-12 7.449929516e-12 5.106912481e-12 7.111790462e-12 5.011413515e-12 7.446816349e-12 5.785969394e-12 7.395233586e-12 5.148785016e-12 8.001975389e-12 6.414180563e-12 5.94423286e-12 6.303409763e-12 6.967296939e-12 6.422949204e-12 8.472680611e-12 5.743123132e-12 8.496694696e-12 8.033226799e-12 7.968716712e-12 5.361507639e-12 6.449841608e-12 5.224280543e-12 1.003907169e-11 6.930005079e-12 6.466320339e-12 9.632432596e-12 7.073168966e-12 7.55760541e-12 5.777331754e-12 7.552998927e-12 5.763738911e-12 8.811133192e-12 5.700753893e-12 3.324974392e-12 6.37695932e-12 6.950124569e-12 6.475884886e-12 8.001888901e-12 9.213073314e-12 8.02438989e-12 4.422124843e-12 5.021045946e-12 8.956953802e-12 6.089777807e-12 6.35811303e-12 5.905187883e-12 5.114376104e-12 6.422590413e-12 6.53173511e-12 7.509486285e-12 8.148128797e-12 5.708143398e-12 7.586139911e-12 8.417858111e-12 8.957971763e-12 7.988618041e-12 6.303276883e-12 9.379666649e-12 7.465051059e-12 5.849671475e-12 6.405969663e-12 4.932837093e-12 5.732599291e-12 6.901375873e-12 7.420234261e-12 6.560428761e-12 7.340603348e-12 5.794186317e-12 
7.402006208e-12 5.598500311e-12 8.950579889e-12 7.959029011e-12 5.751207156e-12 8.952946771e-12 6.90635546e-12 5.11518465e-12 8.947613246e-12 7.942780067e-12 7.0021746e-12 5.629932892e-12 7.418743138e-12 4.224586378e-12 8.014381987e-12 9.166514662e-12 5.101115652e-12 5.587844527e-12 7.105626315e-12 7.028999375e-12 4.18129103e-12 7.337282031e-12 5.797458678e-12 6.540492847e-12 3.403674255e-12 7.751721898e-12 5.264669316e-12 5.654802827e-12 6.457305869e-12 7.515914934e-12 8.142098615e-12 6.293525629e-12 9.309314515e-12 5.59674132e-12 5.13479705e-12 6.364000634e-12 6.61139252e-12 7.715968823e-12 9.32640509e-12 5.931055699e-12 5.139569753e-12 6.938515994e-12 5.055790916e-12 8.289179925e-12 5.033009653e-12 7.048963477e-12 7.585304345e-12 6.253909424e-12 6.503897303e-12 5.780157664e-12 5.422679237e-12 8.320539803e-12 4.274064421e-12 9.696798099e-12 5.793262789e-12 5.75034171e-12 6.446550341e-12 4.194389988e-12 5.901132776e-12 8.478560678e-12 5.763386598e-12 1.009593262e-11 7.434781814e-12 8.84094786e-12 5.49166938e-12 7.758441473e-12 5.855260047e-12 6.335342454e-12 8.477095364e-12 9.24743913e-12 3.100254195e-12 7.977473075e-12 9.373424743e-12 5.240247791e-12 6.948885118e-12 6.958975043e-12 8.160921254e-12 6.275573684e-12 8.348798717e-12 5.053099263e-12 8.045075185e-12 8.150625304e-12 6.262881745e-12 7.420681661e-12 9.895652607e-12 5.640899929e-12 8.237755682e-12 7.967269744e-12 5.067762455e-12 7.525298308e-12 8.030429486e-12 8.643395584e-12 8.481090923e-12 8.724712972e-12 7.915939997e-12 7.394628777e-12 6.335254925e-12 6.409791172e-12 6.31512512e-12 5.095612711e-12 6.209873558e-12 
7.060766478e-12 4.318740287e-12 6.422307761e-12 6.335510361e-12 9.327190526e-12 7.445858976e-12 9.651682402e-12 4.295236676e-12 7.123502782e-12 7.512728356e-12 7.910534097e-12 8.511537853e-12 5.873696086e-12 6.879461321e-12 8.444172633e-12 8.46163637e-12 6.936868204e-12 5.032436921e-12 3.736117193e-12 4.573816764e-12 6.896396382e-12 8.386389715e-12 5.866849105e-12 5.66032793e-12 6.890287006e-12 6.878336725e-12 6.089743949e-12 5.701766185e-12 8.390186727e-12 7.315534309e-12 6.826645853e-12 7.52003361e-12 8.800806352e-12 5.79003612e-12 4.976063069e-12 4.103097583e-12 6.322330297e-12 7.466595534e-12 8.449769545e-12 7.916445572e-12 9.274477497e-12 6.90139004e-12 6.907822653e-12 5.957504864e-12 4.972378905e-12 6.704261915e-12 6.452509984e-12 6.530550878e-12 9.656373065e-12 6.934532973e-12 6.067735065e-12 5.226193313e-12 7.032221365e-12 5.765626112e-12 7.536330071e-12 8.92092124e-12 5.813794164e-12 6.878474128e-12 6.016914617e-12 5.125197203e-12 8.098566216e-12 5.706591608e-12 6.419875042e-12 6.36021388e-12 6.838511703e-12 6.368520707e-12 7.194409606e-12 8.683471431e-12 6.48387477e-12 6.280131375e-12 5.608291958e-12 7.062789871e-12 8.617727711e-12 6.402363814e-12 5.713740035e-12 5.680696799e-12 6.332368156e-12 8.397716508e-12 8.024062381e-12 8.781872399e-12 7.854704322e-12 6.38274373e-12 6.503823136e-12 6.883956093e-12 7.487992986e-12 5.795727034e-12 6.901800077e-12 6.184632077e-12 5.755376472e-12 5.185428133e-12 6.821051743e-12 6.991685292e-12 5.838034303e-12 6.895950103e-12 8.350757785e-12 7.58508894e-12 6.320993004e-12 5.835575623e-12 6.425032302e-12 5.050741843e-12 7.296084491e-12 
7.529028396e-12 7.495481193e-12 6.472543024e-12 8.513784384e-12 8.758304245e-12 6.570305972e-12 9.701069993e-12 6.589803219e-12 8.373400197e-12 5.066469686e-12 5.789893597e-12 7.926676785e-12 5.135216093e-12 7.035823312e-12 7.172115625e-12 5.750801878e-12 6.307463067e-12 8.638995686e-12 6.936635538e-12 5.61590995e-12 6.917670713e-12 7.959105674e-12 7.841503474e-12 6.508576187e-12 7.923152419e-12 7.5565207e-12 6.144571283e-12 5.068146661e-12 7.946710218e-12 5.70099003e-12 9.673303213e-12 6.284426395e-12 4.989989029e-12 5.859676292e-12 5.108211313e-12 6.520110166e-12 6.666327236e-12 7.43453573e-12 7.177347275e-12 6.366168903e-12 7.919413201e-12 4.332812777e-12 6.500924016e-12 8.135948508e-12 7.472959297e-12 8.527743551e-12 4.420052109e-12 6.250719652e-12 5.909491832e-12 6.59646078e-12 8.332009241e-12 6.898159898e-12 5.636057855e-12 6.471223146e-12 5.197378703e-12 5.71889233e-12 7.9331597e-12 7.027072085e-12 9.662415038e-12 6.45428803e-12 6.488264298e-12 4.339242334e-12 7.402337793e-12 7.91806164e-12 6.41041349e-12 6.230618523e-12 5.216840415e-12 7.477239443e-12 7.404641355e-12 7.619103184e-12 9.622070694e-12 5.093320389e-12 3.272177351e-12 6.478894417e-12 8.161771317e-12 4.254312986e-12 7.11144961e-12 1.00260198e-11 5.249601287e-12 4.506056924e-12 8.530897659e-12 7.885225073e-12 6.279547547e-12 4.267082629e-12 7.040984237e-12 5.155466603e-12 6.370393267e-12 5.114500282e-12 4.998925958e-12 5.89909413e-12 7.591426276e-12 8.104826621e-12 8.157752051e-12 4.868865579e-12 6.953393112e-12 8.438987286e-12 6.492999349e-12 5.253666211e-12 4.329141065e-12 5.813140527e-12 6.96926036e-12 
4.99978263e-12 8.542619631e-12 8.376077405e-12 7.466743532e-12 7.514080983e-12 6.52031164e-12 7.026699978e-12 7.886346839e-12 6.279546715e-12 8.178551216e-12 9.245637432e-12 6.873898602e-12 9.195471887e-12 9.939792896e-12 7.942121302e-12 9.202099356e-12 8.070673974e-12 7.612168937e-12 7.48083109e-12 5.715116851e-12 6.327801699e-12 6.293764946e-12 6.899683473e-12 7.250687919e-12 6.424931975e-12 7.942972446e-12 4.513535438e-12 6.912819117e-12 4.128692056e-12 7.449466954e-12 6.32920629e-12 6.895220163e-12 4.45520745e-12 6.345397022e-12 7.500407651e-12 6.736862185e-12 7.379811617e-12 6.738644966e-12 6.319816565e-12 8.437527634e-12 8.007714867e-12 8.4517368e-12 5.034463206e-12 6.834399831e-12 6.786618488e-12 6.829604255e-12 5.085504172e-12 7.382730316e-12 8.417061901e-12 6.978817819e-12 8.456710908e-12 5.904976574e-12 6.43656018e-12 7.50363275e-12 7.377589909e-12 7.572769869e-12 5.927845319e-12 7.49031632e-12 6.4802184e-12 6.902142196e-12 8.933574176e-12 5.829762304e-12 6.420275416e-12 7.042462376e-12 8.903305248e-12 7.503632394e-12 8.357737115e-12 4.354109353e-12 6.500265039e-12 4.125597701e-12 7.728533763e-12 8.532268967e-12 3.02930732e-12 6.080613624e-12 6.418397933e-12 7.397087427e-12 5.723271001e-12 8.323811754e-12 3.175843587e-12 4.410835693e-12 7.558243206e-12 6.496009458e-12 7.534746905e-12 7.441379435e-12 5.09279656e-12 8.519374023e-12 6.463566828e-12 6.930746457e-12 7.891701039e-12 7.977391288e-12 6.931836057e-12 6.904783733e-12 5.17775794e-12 8.098102358e-12 3.416746746e-12 6.335485463e-12 7.886981094e-12 7.814632329e-12 6.677111332e-12 5.7836465e-12 6.960781328e-12 
7.143044043e-12 7.183123489e-12 5.916972978e-12 7.936299243e-12 5.943204724e-12 4.297895284e-12 4.319245856e-12 7.401546202e-12 7.751751071e-12 9.227808869e-12 6.949149854e-12 8.027352964e-12 6.369171437e-12 8.116598911e-12 5.238010455e-12 6.851935632e-12 3.303473352e-12 7.541639185e-12 8.39839849e-12 6.513734849e-12 5.07141403e-12 8.009408133e-12 7.965109115e-12 5.163069034e-12 8.049969147e-12 7.939594517e-12 7.098330348e-12 5.658486242e-12 7.396628419e-12 6.934096776e-12 6.996311524e-12 6.72115435e-12 6.860555649e-12 6.85723185e-12 6.881843225e-12 6.35549225e-12 6.336232959e-12 6.949680699e-12 6.382945676e-12 7.452620761e-12 7.864510294e-12 9.32760547e-12 8.012531718e-12 5.120174428e-12 5.103104051e-12 7.014264931e-12 5.049727769e-12 5.698365151e-12 6.413139463e-12 8.522757816e-12 9.586022476e-12 9.591901376e-12 9.64694597e-12 6.549262897e-12 7.330187063e-12 7.613565654e-12 6.369115173e-12 6.967637955e-12 5.86590773e-12 6.411462564e-12 3.322641418e-12 8.849116721e-12 5.164057017e-12 6.94268245e-12 6.890823144e-12 4.966621255e-12 5.083760874e-12 7.459287068e-12 8.459695507e-12 5.601953916e-12 5.264449534e-12 4.393981398e-12 8.295922933e-12 5.011227809e-12 6.989547453e-12 8.779177107e-12 5.706772528e-12 5.648224253e-12 6.919288297e-12 7.45643893e-12 8.003244884e-12 9.527943815e-12 5.948685965e-12 5.181596376e-12 5.830939813e-12 8.042197441e-12 4.229291628e-12 8.797937281e-12 8.831199329e-12 4.523929608e-12 7.96196767e-12 6.331726146e-12 5.515192018e-12 6.391020656e-12 5.076389147e-12 6.967231854e-12 7.09935605e-12 9.13670732e-12 6.94199322e-12 5.930506399e-12 7.839179881e-12 
5.731021357e-12 6.979736162e-12 5.164310473e-12 6.79121029e-12 7.077116794e-12 6.46115282e-12 7.686439252e-12 5.795481971e-12 5.691606104e-12 5.247179738e-12 6.328173512e-12 5.672626356e-12 6.233285649e-12 7.872540265e-12 7.373577142e-12 4.861084949e-12 5.734243473e-12 8.902776465e-12 8.38067266e-12 4.377280063e-12 5.714525603e-12 6.94536488e-12 8.481050689e-12 5.051874239e-12 7.777786854e-12 6.233027147e-12 8.46815464e-12 7.372703714e-12 8.929116914e-12 8.074165649e-12 7.402623957e-12 7.457744738e-12 4.124559059e-12 7.027935183e-12 7.622169266e-12 6.913258869e-12 5.865209555e-12 7.359882448e-12 5.726843829e-12 5.749687782e-12 7.632850022e-12 5.764158863e-12 9.074024004e-12 6.807260221e-12 7.697430781e-12 5.701726863e-12 8.327934489e-12 3.134165699e-12 5.799657665e-12 6.104486631e-12 8.409792298e-12 5.068115238e-12 6.606731452e-12 9.127855244e-12 5.251133574e-12 6.927213422e-12 6.850167546e-12 9.203936259e-12 5.870640434e-12 8.8122962e-12 8.83144474e-12 8.790161237e-12 9.275042662e-12 7.996760324e-12 4.061143217e-12 7.927124086e-12 6.400928987e-12 6.360752411e-12 5.736590841e-12 5.638624602e-12 7.577961001e-12 7.539764784e-12 7.386953262e-12 7.099825876e-12 8.473218886e-12 7.911321507e-12 5.893300608e-12 7.828510451e-12 7.429201412e-12 5.817133633e-12 7.911292292e-12 5.806317751e-12 7.438914225e-12 7.949248299e-12 5.118006084e-12 6.441535962e-12 7.150021839e-12 5.775733616e-12 9.304078769e-12 7.890393318e-12 8.907951561e-12 7.142925928e-12 6.868989421e-12 8.387186152e-12 5.732826631e-12 3.015274526e-12 6.879141259e-12 5.907411638e-12 7.388160355e-12 5.029153017e-12 6.820132277e-12 
7.705304684e-12 1.950049332e-12 6.994106896e-12 5.062721077e-12 7.873868039e-12 9.160380458e-12 8.367220768e-12 7.363731662e-12 6.368247615e-12 6.550566207e-12 6.96119833e-12 5.73958861e-12 7.209859614e-12 5.765084703e-12 7.523229057e-12 4.530840793e-12 6.978240169e-12 7.882873534e-12 9.343369268e-12 8.451778668e-12 7.627357743e-12 6.904057682e-12 5.08628217e-12 6.973261243e-12 7.906169569e-12 6.86796467e-12 5.730899252e-12 6.919029266e-12 7.378337837e-12 5.076535709e-12 9.403720501e-12 6.958781961e-12 6.301237325e-12 7.512015764e-12 7.496322063e-12 4.910333941e-12 8.507500356e-12 5.851048466e-12 7.961739141e-12 7.415200408e-12 8.545912919e-12 5.08796796e-12 7.60939279e-12 5.185186716e-12 5.736729455e-12 5.894322912e-12 7.216597271e-12 6.889623103e-12 3.406663385e-12 7.355856608e-12 7.385262032e-12 5.095452319e-12 5.29845637e-12 6.883698549e-12 8.428743598e-12 8.425513239e-12 9.488092206e-12 7.556803418e-12 7.580036899e-12 8.345211547e-12 6.005461001e-12 4.271345634e-12 3.65516287e-12 6.419785044e-12 5.729150161e-12 6.266521003e-12 5.32107707e-12 7.085133243e-12 7.008607242e-12 5.948510545e-12 6.406285787e-12 7.508146214e-12 5.140823886e-12 6.254008351e-12 7.069243044e-12 6.349167082e-12 6.413123758e-12 8.053119768e-12 8.826644838e-12 7.941708899e-12 7.624967277e-12 5.839624187e-12 9.188833704e-12 7.521272337e-12 6.30330595e-12 6.303697819e-12 6.479162615e-12 7.456655091e-12 9.669373337e-12 6.925394378e-12 6.922635801e-12 9.184474882e-12 4.939855405e-12 7.516649167e-12 7.896594589e-12 5.8656554e-12 6.877868584e-12 7.988742277e-12 7.969123317e-12 6.260743854e-12 7.454780419e-12 
6.345298821e-12 5.518178062e-12 6.920775639e-12 6.374014724e-12 8.842910357e-12 7.494151641e-12 4.993458658e-12 7.873375539e-12 6.562870614e-12 5.249300993e-12 8.432336612e-12 8.831128805e-12 6.871312982e-12 8.396883503e-12 7.581773462e-12 4.269839083e-12 5.148556128e-12 7.782857841e-12 7.297275317e-12 6.535687517e-12 6.340868238e-12 4.154337079e-12 6.264774439e-12 6.266785605e-12 3.805931676e-12 7.060668094e-12 7.366455956e-12 8.435969912e-12 5.072477996e-12 9.183776727e-12 7.042376576e-12 5.049198649e-12 8.448085877e-12 6.629597567e-12 6.943472301e-12 6.909019083e-12 5.162034974e-12 8.328405858e-12 8.331589496e-12 6.845451967e-12 7.000043407e-12 7.980622229e-12 4.980493993e-12 8.715107441e-12 5.132631195e-12 6.97527516e-12 5.736155803e-12 6.351143777e-12 7.862037764e-12 9.061659615e-12 7.621488383e-12 6.864944464e-12 6.008074361e-12 7.720143586e-12 7.58774864e-12 5.702851703e-12 5.18246864e-12 6.510014751e-12 5.655297474e-12 7.971298909e-12 5.972204075e-12 7.043654214e-12 6.467546371e-12 7.087689856e-12 7.187281435e-12 6.418858006e-12 7.359185471e-12 6.059208978e-12 8.34229059e-12 6.936265785e-12 6.837975805e-12 4.932116739e-12 7.098693933e-12 9.639911781e-12 7.05552369e-12 6.486998678e-12 7.241178561e-12 6.966052789e-12 6.982091236e-12 5.182562372e-12 7.01109274e-12 6.270242911e-12 6.966713928e-12 6.392804994e-12 8.417501997e-12 7.965142111e-12 7.667626502e-12 8.611948701e-12 3.186110129e-12 5.897860328e-12 5.680409295e-12 1.586589414e-12 8.098878156e-12 5.73309829e-12 6.630027787e-12 7.475969852e-12 6.999579521e-12 7.565632287e-12 8.449954417e-12 5.918839859e-12 7.519880576e-12 
8.431589223e-12 5.155818099e-12 6.816479219e-12 6.931888997e-12 6.955727656e-12 6.953260835e-12 9.214723195e-12 6.955821419e-12 7.613813055e-12 6.827782041e-12 6.983954613e-12 7.799536556e-12 5.761122093e-12 3.370954388e-12 7.046043502e-12 8.101644541e-12 5.755532e-12 6.636730123e-12 6.418074703e-12 7.504242092e-12 7.078896754e-12 6.893019052e-12 7.474485574e-12 6.016889887e-12 6.819601193e-12 5.14895997e-12 7.709072434e-12 6.923981766e-12 5.270362979e-12 6.189452288e-12 6.300680329e-12 7.558495546e-12 5.841006071e-12 5.757010212e-12 7.427522779e-12 6.377587751e-12 6.393043688e-12 6.345299243e-12 6.314932942e-12 7.375701867e-12 6.357425679e-12 7.621408471e-12 5.207525819e-12 6.836438132e-12 8.403433154e-12 4.995050364e-12 7.512378209e-12 4.361128298e-12 7.442943056e-12 7.969373255e-12 6.894997269e-12 8.403845617e-12 3.592377695e-12 9.250231311e-12 5.014306421e-12 5.766857297e-12 7.877234624e-12 7.21586744e-12 7.433645399e-12 5.770860529e-12 7.065083591e-12 6.792297266e-12 7.47651227e-12 6.043252875e-12 4.205633525e-12 7.885023702e-12 9.221117973e-12 6.632663273e-12 6.809539628e-12 8.498016266e-12 7.362818197e-12 6.36957846e-12 5.173908242e-12 6.661198023e-12 7.509133538e-12 4.183718557e-12 5.061260602e-12 5.797479317e-12 6.705918757e-12 6.508879327e-12 5.630440961e-12 4.312718953e-12 7.951250723e-12 5.072226753e-12 4.15404222e-12 7.012842583e-12 7.39315134e-12 7.408543238e-12 5.044558845e-12 4.960831683e-12 7.176193393e-12 6.271538676e-12 9.382740704e-12 6.927770309e-12 7.23418547e-12 7.580338113e-12 6.93244939e-12 5.758980752e-12 8.155560834e-12 7.080033452e-12 3.240511226e-12 
7.200480724e-12 7.497280442e-12 6.117349061e-12 3.439673584e-12 8.409988863e-12 7.851313962e-12 8.481009243e-12 8.3942956e-12 1.033301191e-11 4.175527314e-12 6.781412683e-12 7.842392924e-12 5.642338572e-12 6.835194973e-12 5.859009642e-12 7.596195627e-12 8.318623661e-12 7.148661695e-12 6.414140729e-12 8.994669969e-12 7.065672143e-12 6.557369805e-12 8.018863325e-12 7.107972621e-12 7.852525761e-12 5.133548863e-12 5.255219011e-12 7.112940129e-12 5.152676004e-12 7.485804079e-12 6.257189205e-12 6.480982559e-12 7.351121402e-12 8.375408084e-12 7.922144671e-12 6.856109789e-12 6.618860854e-12 6.880923608e-12 5.784165589e-12 5.665451398e-12 5.794508634e-12 6.588754776e-12 5.660562612e-12 6.948276989e-12 7.97347658e-12 5.801093476e-12 8.461948192e-12 8.04032288e-12 7.101568605e-12 6.866844462e-12 6.400163146e-12 3.663402144e-12 5.632745915e-12 7.983496481e-12 6.329877517e-12 7.708377504e-12 5.10582369e-12 6.710821638e-12 6.406600085e-12 7.716827753e-12 4.254514556e-12 6.472560644e-12 7.535642058e-12 6.264862658e-12 8.016460282e-12 7.961680531e-12 7.461535127e-12 5.767275364e-12 7.914903834e-12 6.450932762e-12 7.972187198e-12 4.859365077e-12 8.098796041e-12 8.775830807e-12 5.791824231e-12 5.658571242e-12 9.612453199e-12 8.068837829e-12 8.97992195e-12 6.855479219e-12 6.953541547e-12 5.007495849e-12 6.316605071e-12 5.163262411e-12 7.153024917e-12 6.527462125e-12 5.043450733e-12 9.661382247e-12 8.357118813e-12 4.228994854e-12 6.421931226e-12 4.954941435e-12 5.633656506e-12 5.133035897e-12 8.902623478e-12 5.653844581e-12 5.83194428e-12 3.821446812e-12 8.534226055e-12 4.657584731e-12 5.273723368e-12 
6.379370289e-12 6.854827875e-12 8.303613197e-12 5.742050778e-12 7.057240055e-12 4.194375406e-12 5.727930698e-12 6.3888464e-12 5.906932916e-12 4.202331802e-12 6.941617952e-12 5.087206695e-12 5.093816566e-12 5.009786078e-12 5.100695985e-12 6.936383124e-12 8.883001722e-12 7.827552122e-12 5.857738352e-12 6.342706271e-12 4.42515233e-12 7.949739199e-12 7.036880157e-12 6.338106953e-12 7.961823934e-12 7.828095863e-12 5.066558229e-12 6.593211969e-12 7.36871435e-12 8.429575181e-12 5.023087205e-12 5.172783155e-12 1.006871382e-11 7.532235395e-12 8.881328055e-12 6.947823893e-12 7.375048083e-12 6.954238383e-12 6.984351277e-12 6.395754925e-12 5.783661748e-12 6.369994851e-12 5.452563845e-12 8.555338101e-12 5.772909518e-12 6.241684085e-12 5.859054525e-12 5.69221478e-12 6.535874326e-12 6.535322212e-12 7.446080271e-12 6.965795346e-12 7.529452352e-12 6.543032212e-12 8.615111458e-12 7.966388503e-12 7.927146365e-12 3.23396504e-12 7.012678564e-12 7.969521726e-12 6.453165938e-12 6.881938461e-12 7.369463013e-12 7.492617751e-12 7.837034909e-12 7.843179644e-12 7.324335736e-12 8.431306785e-12 7.711488301e-12 6.886892396e-12 8.498297224e-12 9.200165242e-12 4.254775704e-12 6.491052841e-12 6.419721514e-12 7.45546991e-12 5.796756839e-12 7.692011479e-12 6.967472058e-12 9.676528791e-12 4.830815798e-12 8.292186781e-12 8.494795612e-12 6.925823435e-12 7.091871696e-12 7.000163212e-12 5.29403912e-12 7.89907815e-12 9.163872478e-12 7.521709908e-12 6.407729518e-12 6.984200946e-12 5.027440923e-12 5.316149907e-12 6.935044267e-12 4.942395186e-12 4.945183429e-12 5.659147068e-12 8.159056795e-12 8.365647554e-12 6.982648009e-12 
5.29243969e-12 5.655549735e-12 7.145309288e-12 7.965988204e-12 8.071166841e-12 5.786236727e-12 7.03566199e-12 7.846028662e-12 6.561224527e-12 6.82249709e-12 7.064579321e-12 6.054386898e-12 9.342841322e-12 4.898002224e-12 6.150220512e-12 6.462493622e-12 6.459534638e-12 7.038947257e-12 7.43142982e-12 8.459982939e-12 7.516234231e-12 7.961009908e-12 6.965506608e-12 6.811500091e-12 6.890806048e-12 5.41591846e-12 8.18845221e-12 6.838492183e-12 6.979983371e-12 4.985203097e-12 8.325606969e-12 7.468285046e-12 5.152451906e-12 6.949462913e-12 9.170423013e-12 4.260118223e-12 6.35755301e-12 6.565900146e-12 6.957852327e-12 7.38263711e-12 6.29140264e-12 7.975094572e-12 5.534813927e-12 5.053747223e-12 6.707581136e-12 5.637509648e-12 8.41585149e-12 2.969718079e-12 8.02085669e-12 5.032850296e-12 3.91988685e-12 8.886045856e-12 5.843754039e-12 7.408834762e-12 7.427300847e-12 6.41175101e-12 6.458570747e-12 8.111423525e-12 7.514150198e-12 4.563165945e-12 5.07042461e-12 6.53604136e-12 6.895153082e-12 5.885059863e-12 6.411485305e-12 7.383332635e-12 7.994815058e-12 8.04757592e-12 6.252067101e-12 4.199122303e-12 4.564835666e-12 5.732505257e-12 7.907174368e-12 7.04432287e-12 5.853696615e-12 6.342597697e-12 5.83078376e-12 7.489331219e-12 6.36070348e-12 3.339191592e-12 6.905264605e-12 6.459977321e-12 7.410160721e-12 8.860877289e-12 8.431281594e-12 8.226389904e-12 5.539875884e-12 5.888485515e-12 8.810682038e-12 7.449857801e-12 6.089816686e-12 5.96308212e-12 7.178571771e-12 7.445027959e-12 5.864352935e-12 4.918216183e-12 8.852650585e-12 7.427081219e-12 3.219533225e-12 7.557791097e-12 7.398408421e-12 
5.808632547e-12 1.006096701e-11 6.363342074e-12 8.486449474e-12 6.402683732e-12 6.885162044e-12 8.028976443e-12 4.929229989e-12 7.880364114e-12 6.823785773e-12 5.613120588e-12 6.569138561e-12 9.683717325e-12 8.518694082e-12 9.463480991e-12 5.941863072e-12 5.697748938e-12 6.267031177e-12 6.444681146e-12 5.978237761e-12 4.282004104e-12 8.160634786e-12 8.096986171e-12 7.132578133e-12 5.627489497e-12 6.402991418e-12 6.866152212e-12 8.797062935e-12 7.032348604e-12 9.211551429e-12 7.719208402e-12 6.295823472e-12 6.441472996e-12 7.468044197e-12 5.73322024e-12 9.245230055e-12 6.95176585e-12 5.776208729e-12 6.515935083e-12 5.024618575e-12 7.913556394e-12 6.505508489e-12 5.173945036e-12 5.396701813e-12 5.873252267e-12 8.146673419e-12 6.538551249e-12 7.085081525e-12 6.961178446e-12 7.811467782e-12 6.680002114e-12 7.441583408e-12 6.311541228e-12 5.019659494e-12 4.860764475e-12 6.91115755e-12 4.119778999e-12 7.994011256e-12 6.943374671e-12 9.752936734e-12 5.758202803e-12 6.525366025e-12 7.855240848e-12 7.951392554e-12 6.324470236e-12 6.363706285e-12 8.673405974e-12 3.301030365e-12 5.758631676e-12 6.462389508e-12 4.278654962e-12 6.97731699e-12 6.786401729e-12 9.362163209e-12 6.344942972e-12 9.248320452e-12 6.912415279e-12 8.032085872e-12 6.390714448e-12 5.178263892e-12 5.822231231e-12 8.441436303e-12 8.905590063e-12 9.581021536e-12 7.404887118e-12 6.342946294e-12 6.068378604e-12 4.978496203e-12 6.993961904e-12 9.974130384e-12 5.870848773e-12 7.510471949e-12 5.588709383e-12 6.971489423e-12 7.374586278e-12 5.813147275e-12 6.918478053e-12 8.400335726e-12 6.904221017e-12 5.686050601e-12 8.763939106e-12 
6.973846212e-12 6.365044041e-12 8.833400286e-12 8.427108514e-12 8.783961095e-12 9.207073546e-12 5.807208748e-12 6.879073398e-12 7.671640604e-12 8.566368589e-12 6.035149752e-12 7.618475829e-12 7.487956968e-12 8.402237439e-12 6.974943952e-12 6.550727377e-12 5.065621369e-12 7.538755632e-12 9.243740753e-12 6.432644678e-12 9.882312419e-12 6.922340188e-12 6.962415662e-12 6.3462487e-12 8.38342272e-12 6.199777726e-12 9.236046212e-12 6.374730597e-12 7.494054791e-12 6.344059352e-12 8.88227164e-12 4.979074731e-12 5.632925394e-12 5.986631008e-12 7.385312544e-12 6.441492258e-12 6.30507272e-12 8.011931504e-12 7.422236105e-12 5.70182405e-12 5.913848013e-12 7.417644174e-12 7.471851192e-12 6.907026298e-12 6.505370004e-12 4.979387373e-12 7.93216978e-12 6.320389896e-12 7.057225091e-12 5.530593108e-12 3.3188654e-12 4.727587284e-12 6.490107638e-12 4.933453428e-12 8.659038024e-12 6.936839374e-12 5.052861889e-12 5.855349846e-12 4.269658942e-12 5.911337432e-12 6.843914082e-12 8.469449736e-12 7.431687029e-12 6.474029317e-12 6.056764623e-12 6.364213332e-12 9.216951476e-12 6.326986531e-12 7.433283506e-12 4.505476342e-12 7.881229042e-12 6.964315193e-12 7.319917951e-12 7.663163034e-12 6.929993845e-12 9.084119742e-12 9.521587072e-12 5.656800185e-12 7.836252303e-12 4.120255897e-12 4.947234502e-12 7.046528235e-12 6.410456055e-12 7.774426574e-12 8.688181141e-12 7.0937457e-12 6.943577922e-12 4.321296525e-12 5.153276891e-12 7.019854223e-12 6.87484066e-12 4.064261607e-12 5.180137288e-12 6.92167153e-12 6.970858695e-12 6.42758451e-12 5.779291903e-12 7.602401273e-12 5.680915758e-12 6.100569574e-12 6.4528824e-12 
6.579901782e-12 6.858089042e-12 7.472624255e-12 5.104115697e-12 5.108916058e-12 6.419665835e-12 7.003387633e-12 8.47845206e-12 5.381670045e-12 6.876440688e-12 8.394248413e-12 7.005326409e-12 5.51619047e-12 5.863482433e-12 7.888916186e-12 6.892620979e-12 5.869409287e-12 5.091583043e-12 9.282467016e-12 6.45360956e-12 7.3922069e-12 6.379660651e-12 6.457379792e-12 6.89963286e-12 8.755443626e-12 7.504500237e-12 6.802226158e-12 6.824357195e-12 5.66284596e-12 5.48879448e-12 6.486625424e-12 5.854403706e-12 5.129187061e-12 6.7031811e-12 6.324150003e-12 7.867477251e-12 6.052338665e-12 6.379372414e-12 5.71960901e-12 6.992419047e-12 6.993674928e-12 6.796877062e-12 8.323835254e-12 7.974801026e-12 6.91456588e-12 8.016625989e-12 5.631655429e-12 6.452103484e-12 8.879785394e-12 7.97958163e-12 6.547654438e-12 5.548357609e-12 6.865419535e-12 7.362431771e-12 7.964001649e-12 7.567336769e-12 8.389209141e-12 8.215558469e-12 3.205896106e-12 4.159448796e-12 7.666732449e-12 4.284351172e-12 1.015823958e-11 1.747557885e-12 6.50253441e-12 8.796869803e-12 5.036294092e-12 6.431144289e-12 6.40290032e-12 8.339868487e-12 5.638618076e-12 4.98902536e-12 6.380444809e-12 8.347153173e-12 6.544387983e-12 5.373085029e-12 8.827752352e-12 9.227074938e-12 7.415111964e-12 5.83939808e-12 7.652420811e-12 7.002526821e-12 5.034173093e-12 5.798711399e-12 7.471170103e-12 5.786913636e-12 5.17282281e-12 8.023304599e-12 6.445682932e-12 8.864585141e-12 4.959883037e-12 7.952288026e-12 4.323406169e-12 6.508472282e-12 8.209231326e-12 5.036516257e-12 7.445840112e-12 5.812664434e-12 8.038671639e-12 7.415186444e-12 5.926113581e-12 
6.882907334e-12 7.416354495e-12 5.003484176e-12 5.77629904e-12 6.529183101e-12 8.471236064e-12 3.560949144e-12 6.896672007e-12 6.377876132e-12 7.485283012e-12 6.598586514e-12 7.534008996e-12 6.320824514e-12 7.361911998e-12 6.865715224e-12 7.983358667e-12 6.418790119e-12 8.345374683e-12 7.867869166e-12 7.451824893e-12 7.428484898e-12 5.711928838e-12 8.860404171e-12 7.139885312e-12 8.400781682e-12 5.579180984e-12 6.909311299e-12 7.487064089e-12 7.950889013e-12 6.445155748e-12 7.927864373e-12 8.417358258e-12 5.198375556e-12 4.185303034e-12 8.519864666e-12 6.939421548e-12 7.382829382e-12 4.302385569e-12 8.473356866e-12 6.474195034e-12 7.034147107e-12 6.559615203e-12 4.522540263e-12 5.678319964e-12 5.168503946e-12 6.321302628e-12 7.939635407e-12 8.006282566e-12 7.870106574e-12 8.308924893e-12 6.778072222e-12 8.493069399e-12 6.572188346e-12 7.485708821e-12 7.483557902e-12 5.588338096e-12 4.347402282e-12 4.355203763e-12 7.479818114e-12 4.209139222e-12 7.925644636e-12 5.710784898e-12 8.773741232e-12 5.618322403e-12 5.596030545e-12 7.584957803e-12 5.955142204e-12 7.50904268e-12 7.570152954e-12 8.883613966e-12 5.348066407e-12 7.530962525e-12 5.802007394e-12 5.850151879e-12 6.927031044e-12 6.153296617e-12 6.974875865e-12 7.149990524e-12 9.647153836e-12 5.039803131e-12 5.737943328e-12 6.798773204e-12 5.836778313e-12 4.959757735e-12 1.051295953e-11 5.937437783e-12 8.438109661e-12 5.782381323e-12 5.91642934e-12 5.699400575e-12 7.90529837e-12 7.052653389e-12 6.545328804e-12 6.276948615e-12 5.952833498e-12 5.502284072e-12 7.117828896e-12 8.777070225e-12 8.005651583e-12 6.829659163e-12 6.946310655e-12 
5.582214399e-12 4.198944926e-12 6.776053775e-12 5.964647976e-12 7.522851329e-12 4.399804521e-12 7.532632382e-12 8.621259871e-12 7.543040545e-12 8.096054876e-12 5.041894611e-12 6.350963631e-12 6.498402225e-12 7.91795228e-12 7.004702905e-12 4.953741163e-12 6.949052245e-12 5.079269859e-12 6.355108863e-12 8.335024604e-12 6.582025934e-12 7.400252971e-12 5.360977604e-12 6.938960964e-12 4.698521696e-12 5.811903848e-12 8.757695359e-12 6.906484068e-12 5.594857083e-12 8.829442469e-12 5.751290587e-12 5.665036599e-12 7.842886907e-12 4.293604678e-12 7.458898282e-12 5.689426575e-12 5.458926246e-12 7.172380514e-12 6.859509784e-12 7.420918718e-12 5.510118036e-12 5.020492661e-12 5.686216725e-12 5.03384871e-12 6.358178233e-12 1.00461077e-11 6.334275693e-12 8.1084745e-12 9.292047068e-12 6.98063272e-12 6.907130895e-12 7.576341115e-12 9.572786953e-12 7.598498069e-12 7.409853533e-12 7.006864732e-12 8.839373114e-12 6.845092777e-12 5.735468676e-12 7.145884567e-12 7.029177684e-12 8.366221268e-12 6.324908586e-12 4.766155285e-12 6.558558149e-12 6.378954013e-12 6.350400646e-12 6.379166556e-12 7.906002814e-12 5.127651283e-12 6.796969947e-12 5.668361762e-12 7.013972852e-12 5.421235911e-12 8.89448839e-12 6.392694459e-12 8.533870806e-12 7.543576274e-12 8.35292609e-12 7.098228304e-12 5.864973029e-12 6.328110636e-12 5.758015308e-12 9.697717399e-12 5.822563497e-12 9.157735957e-12 5.381211508e-12 6.622901733e-12 6.873552646e-12 5.366239762e-12 9.016212455e-12 6.487270384e-12 3.311428106e-12 9.928551385e-12 6.376864012e-12 6.342313931e-12 5.591292342e-12 6.228006575e-12 4.130776583e-12 6.48830206e-12 6.506838604e-12 
7.937472297e-12 7.082318778e-12 5.263818537e-12 5.070211538e-12 7.573808255e-12 5.603719147e-12 4.185024067e-12 5.313669592e-12 6.310280099e-12 9.159116251e-12 4.434298957e-12 6.255027801e-12 6.863439357e-12 7.443965938e-12 5.08712758e-12 4.485220343e-12 6.973961177e-12 5.891338353e-12 8.027207555e-12 7.530467557e-12 9.264165805e-12 7.006738621e-12 5.691016243e-12 5.738111428e-12 4.98430257e-12 8.436427264e-12 6.381984817e-12 7.499438575e-12 6.433881674e-12 5.863956037e-12 6.566511997e-12 7.176758703e-12 5.155077753e-12 7.344912726e-12 6.523071066e-12 7.89379241e-12 6.939583553e-12 6.89845789e-12 6.34070252e-12 7.935772815e-12 7.114610836e-12 5.501003312e-12 9.550723076e-12 7.858798247e-12 6.431481514e-12 5.726378028e-12 6.868091698e-12 7.440401451e-12 6.693426971e-12 6.72181322e-12 6.940343644e-12 7.375440584e-12 7.920754355e-12 9.186476026e-12 6.87343637e-12 6.922875201e-12 6.451596331e-12 6.824963342e-12 5.013673398e-12 6.913216382e-12 7.497337543e-12 5.905308558e-12 5.150999468e-12 7.923455261e-12 7.42994167e-12 5.670077684e-12 6.299017198e-12 5.969425376e-12 8.495019047e-12 5.846483863e-12 7.393332407e-12 7.950206171e-12 7.636514821e-12 7.443600218e-12 5.701938082e-12 4.942680052e-12 5.671638697e-12 7.928371714e-12 8.053395254e-12 7.850001531e-12 6.970723329e-12 5.126281903e-12 6.995030189e-12 8.10640887e-12 8.892845928e-12 4.426249887e-12 8.037996758e-12 8.785022198e-12 5.025966146e-12 8.510592513e-12 5.174620808e-12 7.442381081e-12 6.377613824e-12 4.385827519e-12 5.647842424e-12 5.799661262e-12 6.458457444e-12 5.789308588e-12 5.903653797e-12 5.25135532e-12 7.436630449e-12 
5.656828461e-12 8.460716103e-12 6.57596758e-12 7.805784354e-12 8.363673367e-12 7.365928323e-12 9.780078886e-12 6.360884205e-12 7.933139442e-12 7.463049369e-12 6.28078422e-12 4.222889553e-12 7.623217439e-12 6.388243941e-12 5.960395982e-12 6.367077509e-12 7.217654993e-12 5.999973077e-12 5.927159457e-12 6.408066788e-12 7.936606106e-12 8.790320325e-12 6.374952977e-12 8.894044639e-12 5.947828924e-12 6.326160508e-12 6.478754559e-12 8.49623308e-12 6.886465576e-12 6.618889893e-12 9.013630626e-12 7.390012103e-12 6.418614595e-12 5.160774052e-12 8.416662114e-12 9.718384227e-12 6.351993843e-12 7.912329594e-12 5.7396974e-12 7.881908166e-12 6.918076079e-12 5.699398133e-12 7.641949372e-12 4.376911606e-12 6.835271208e-12 5.027642391e-12 6.599310178e-12 6.784382995e-12 7.818389492e-12 7.269566197e-12 8.424863679e-12 7.490988908e-12 6.930682698e-12 9.712832185e-12 6.855115626e-12 8.070510535e-12 7.034746925e-12 6.401514959e-12 7.537093152e-12 6.386433937e-12 3.140044858e-12 6.92115693e-12 7.145812557e-12 9.166017233e-12 5.938644074e-12 7.890287049e-12 7.126986301e-12 7.548872509e-12 6.407815037e-12 6.83230967e-12 3.646675946e-12 8.016322669e-12 7.406429277e-12 5.933659404e-12 8.869234625e-12 5.805699884e-12 6.807996533e-12 7.688578897e-12 6.265066358e-12 8.753316044e-12 6.449259721e-12 8.99482285e-12 6.28692497e-12 5.743598161e-12 3.816815528e-12 3.988561078e-12 9.154979182e-12 6.182804658e-12 5.789479129e-12 5.825693381e-12 8.006320506e-12 8.380695148e-12 8.80045338e-12 7.016468402e-12 7.382449532e-12 5.746433908e-12 4.259187604e-12 8.088462056e-12 7.797942812e-12 6.995363757e-12 6.636035998e-12 
8.32033393e-12 6.378989368e-12 9.223435061e-12 4.971995729e-12 6.578694586e-12 5.1708353e-12 7.134716675e-12 8.466087001e-12 7.539261252e-12 7.073758177e-12 6.382541727e-12 5.913582333e-12 8.707903853e-12 5.808797645e-12 5.876114364e-12 1.727086088e-12 6.436464765e-12 6.91095487e-12 5.699361764e-12 3.35953616e-12 6.392706838e-12 5.63268404e-12 6.895539172e-12 6.904003374e-12 1.069914345e-11 6.810942327e-12 4.235325867e-12 8.505268173e-12 8.777229376e-12 7.507866396e-12 7.535321381e-12 5.772934025e-12 5.089570565e-12 6.490537256e-12 5.036475768e-12 7.04482077e-12 6.989217033e-12 7.421445605e-12 6.898946861e-12 5.762937973e-12 6.465757264e-12 5.051254494e-12 6.497638561e-12 8.813277955e-12 7.933921456e-12 8.87294578e-12 8.710132874e-12 7.22829581e-12 7.436624653e-12 6.918242126e-12 6.451516393e-12 4.290931519e-12 7.023004217e-12 7.117707137e-12 7.884649975e-12 7.52020811e-12 6.863017402e-12 8.618321491e-12 5.000746446e-12 8.18038675e-12 7.146320063e-12 6.317193226e-12 6.44349828e-12 5.056074427e-12 5.653319793e-12 6.951588014e-12 5.907163716e-12 5.732667391e-12 7.904769519e-12 8.753999368e-12 5.22617989e-12 4.545331511e-12 7.389097544e-12 6.26874122e-12 6.970751873e-12 6.441330229e-12 6.098142989e-12 7.373615967e-12 6.62724782e-12 7.507372796e-12 6.416186579e-12 6.315100074e-12 5.208819028e-12 5.640657846e-12 5.69801964e-12 6.664140252e-12 6.388829217e-12 5.222457434e-12 3.306843827e-12 4.972689125e-12 6.350318934e-12 7.016003461e-12 7.620076078e-12 8.418561818e-12 6.428718278e-12 6.960027419e-12 3.130771123e-12 6.481220076e-12 5.745301968e-12 6.971881417e-12 7.088528619e-12 
6.375586892e-12 5.11773534e-12 7.460433658e-12 5.728904088e-12 7.95524159e-12 3.091897044e-12 8.52847649e-12 2.206944169e-12 6.339272794e-12 8.270773068e-12 6.881646122e-12 5.426445425e-12 5.693403213e-12 3.198729844e-12 8.019687494e-12 5.437359114e-12 7.017276774e-12 9.104959057e-12 6.970793061e-12 5.066768931e-12 5.761011967e-12 7.601576567e-12 8.041268973e-12 7.448932338e-12 7.061862544e-12 8.818442974e-12 4.132101258e-12 7.977192054e-12 8.588451384e-12 7.525089198e-12 4.400776572e-12 7.736992867e-12 7.467614206e-12 6.839322533e-12 7.013589448e-12 5.898530087e-12 4.180092812e-12 6.825862637e-12 7.319903023e-12 9.255853354e-12 6.990064262e-12 8.378846232e-12 9.301709946e-12 8.512912217e-12 7.165466857e-12 6.462011223e-12 7.485785828e-12 6.952701449e-12 3.104130062e-12 4.941714904e-12 6.47077521e-12 6.890158645e-12 8.805799345e-12 5.358215413e-12 8.999859868e-12 6.640256573e-12 6.367522943e-12 5.688805759e-12 6.35110098e-12 7.366349411e-12 5.684656951e-12 6.368058487e-12 8.644153684e-12 5.007044474e-12 8.029619887e-12 4.571023754e-12 5.83546319e-12 6.99224151e-12 7.357326284e-12 5.656531969e-12 7.889618136e-12 7.398731354e-12 7.341789195e-12 6.251138051e-12 4.169478126e-12 1.008268941e-11 9.664455412e-12 8.735927471e-12 5.910554701e-12 6.054736006e-12 6.374398256e-12 9.45066617e-12 6.325120433e-12 7.591420371e-12 7.926314748e-12 8.520029377e-12 6.713495205e-12 7.184651208e-12 4.911932494e-12 6.273967298e-12 8.481762956e-12 6.557291038e-12 8.847322337e-12 6.419683355e-12 6.57157846e-12 9.946288807e-12 6.576197876e-12 7.475783096e-12 9.112195436e-12 6.498457144e-12 6.895066848e-12 
3.600458742e-12 8.071635013e-12 6.512603648e-12 7.509497112e-12 6.388797428e-12 4.941830741e-12 1.009419368e-11 5.04669725e-12 3.416614466e-12 4.204552391e-12 5.713462924e-12 5.813708354e-12 7.024829568e-12 8.528524215e-12 6.610905229e-12 8.38808535e-12 8.056046498e-12 4.350989802e-12 7.337283089e-12 5.393991398e-12 5.702133402e-12 5.05638246e-12 6.815532219e-12 4.495444979e-12 5.763121065e-12 7.019574436e-12 7.362014784e-12 7.148441198e-12 8.345515499e-12 6.338938258e-12 7.418067206e-12 6.670360812e-12 8.348763807e-12 7.985097936e-12 8.883564016e-12 5.668288105e-12 6.370171341e-12 7.891550154e-12 8.39794956e-12 8.022642224e-12 6.676318818e-12 5.745921874e-12 5.717444508e-12 5.736136977e-12 7.397755156e-12 9.222895679e-12 5.822783843e-12 5.152449538e-12 5.226030061e-12 6.425538747e-12 6.346500788e-12 5.90922089e-12 8.356550412e-12 5.676688167e-12 7.926906215e-12 6.944820527e-12 4.247889039e-12 7.128623757e-12 6.626900964e-12 7.904198736e-12 7.944634839e-12 6.447253547e-12 7.457994519e-12 7.543875085e-12 8.086504179e-12 7.768169914e-12 8.315592322e-12 6.386482173e-12 4.968634302e-12 7.528648265e-12 5.934452152e-12 7.335502901e-12 6.020263394e-12 5.669053503e-12 7.006214999e-12 5.827428397e-12 5.657064014e-12 5.836232531e-12 8.835973137e-12 4.168205442e-12 7.943458987e-12 7.190339865e-12 8.476676186e-12 7.874269782e-12 5.801751796e-12 6.434359152e-12 8.328054927e-12 6.528909619e-12 5.332856493e-12 5.230390462e-12 6.333095567e-12 7.105879969e-12 8.377029727e-12 7.993702574e-12 6.37892333e-12 7.581705824e-12 6.237690988e-12 7.206466968e-12 6.854893336e-12 5.879589343e-12 6.417727229e-12 
7.383263187e-12 6.804287729e-12 5.762122904e-12 7.627203948e-12 9.943860819e-12 3.514560812e-12 7.530942362e-12 6.892013565e-12 8.61015185e-12 7.003520796e-12 6.966139957e-12 8.402938715e-12 6.27514669e-12 6.498350302e-12 7.540141251e-12 7.094687415e-12 8.405028507e-12 5.789111161e-12 6.3930097e-12 7.418844257e-12 8.827325901e-12 8.837123072e-12 1.001820306e-11 6.325175707e-12 8.983613804e-12 4.986168185e-12 6.312308123e-12 7.885446674e-12 7.85351686e-12 5.809133348e-12 6.408811185e-12 5.875646214e-12 7.919910574e-12 6.406667488e-12 7.888868941e-12 6.316596114e-12 8.371138152e-12 5.198479275e-12 7.27646913e-12 5.749255112e-12 8.901804521e-12 7.04678274e-12 7.875951437e-12 6.444327971e-12 5.825497842e-12 6.263127559e-12 8.867632445e-12 6.523027431e-12 7.973708249e-12 6.869374445e-12 6.345426372e-12 7.454275668e-12 4.862939066e-12 6.873736821e-12 3.539972036e-12 6.988078074e-12 4.949044775e-12 7.420058315e-12 8.45438154e-12 7.867606118e-12 9.226984153e-12 7.155876481e-12 7.062939042e-12 8.156299038e-12 6.881568124e-12 7.907558626e-12 6.435149618e-12 5.624103253e-12 6.395424174e-12 5.707210016e-12 9.943440888e-12 5.577473913e-12 7.988604409e-12 7.905401457e-12 8.849980691e-12 6.434155679e-12 8.45439196e-12 6.902906205e-12 4.932074512e-12 8.425191544e-12 6.552330591e-12 7.862514672e-12 8.880926572e-12 7.598306025e-12 7.364181823e-12 7.546489136e-12 7.3361518e-12 7.510714492e-12 6.819799456e-12 5.063560128e-12 7.374734976e-12 8.045045178e-12 7.009783424e-12 6.913812637e-12 7.509817073e-12 8.397448701e-12 7.694561388e-12 8.007627944e-12 6.93898184e-12 8.323776974e-12 5.631757574e-12 
7.928834537e-12 4.345362639e-12 7.407520716e-12 7.436983159e-12 6.978780686e-12 7.349769383e-12 3.709730518e-12 7.855086589e-12 7.91654314e-12 7.585216674e-12 5.969759925e-12 7.036217557e-12 7.930298266e-12 8.39319405e-12 4.429595286e-12 8.395220754e-12 7.376152091e-12 7.437852194e-12 6.962803553e-12 7.481274558e-12 5.780278183e-12 7.128942729e-12 6.914004765e-12 5.720463914e-12 6.447098047e-12 5.780956385e-12 7.21309826e-12 6.907525161e-12 5.934913217e-12 6.339453279e-12 5.181879904e-12 6.463776447e-12 5.827944872e-12 7.494923143e-12 5.040496207e-12 8.829853811e-12 5.249989926e-12 6.621130466e-12 8.389143379e-12 7.53301945e-12 5.863026026e-12 5.418064467e-12 6.846712364e-12 8.776958269e-12 6.341214384e-12 7.250669717e-12 6.337284012e-12 7.378345629e-12 4.611686572e-12 6.467453575e-12 4.331686179e-12 9.238483331e-12 7.397900709e-12 4.245961975e-12 7.037747355e-12 8.008003922e-12 6.894275074e-12 4.420363294e-12 8.011462929e-12 7.896406584e-12 5.023121271e-12 7.037543921e-12 6.961503855e-12 7.547786613e-12 8.817733345e-12 5.817450565e-12 8.04704648e-12 7.445319561e-12 5.329965867e-12 4.246674833e-12 6.625866914e-12 8.429424107e-12 8.784119253e-12 8.110699099e-12 6.98639713e-12 8.37220809e-12 5.050356098e-12 6.38400419e-12 4.212452587e-12 8.302323545e-12 5.878687707e-12 5.774391699e-12 4.144109383e-12 6.91428797e-12 7.915083245e-12 7.252323164e-12 6.452077052e-12 7.957280302e-12 7.025517164e-12 5.057250789e-12 6.523872288e-12 5.663115063e-12 5.108812649e-12 8.249988729e-12 7.059545077e-12 7.924254645e-12 6.924964099e-12 8.018612069e-12 8.74617088e-12 5.762736547e-12 8.044769818e-12 
7.209770167e-12 6.002260573e-12 7.420292475e-12 6.929188732e-12 6.039462112e-12 7.859581896e-12 8.115896153e-12 6.747206135e-12 6.999880574e-12 5.734908711e-12 7.034101867e-12 4.221452362e-12 8.535937761e-12 8.690208359e-12 6.962459818e-12 6.265106871e-12 7.031347103e-12 6.275400726e-12 7.881344551e-12 4.992663915e-12 6.381527386e-12 8.398474605e-12 6.516282848e-12 4.071643135e-12 8.290223309e-12 4.302897262e-12 7.4997819e-12 6.459209107e-12 8.305792441e-12 7.412093062e-12 7.957576147e-12 6.667281448e-12 5.83080279e-12 5.015331176e-12 6.875979531e-12 5.051902461e-12 6.427808735e-12 6.28629547e-12 8.922001598e-12 6.896050389e-12 7.866939071e-12 8.327865416e-12 5.870146942e-12 5.727310109e-12 8.764422584e-12 7.482333955e-12 5.84251867e-12 9.195753793e-12 8.527665246e-12 8.448841197e-12 6.384663961e-12 7.479018735e-12 8.052521777e-12 6.770769148e-12 6.381035788e-12 6.496469113e-12 5.760983267e-12 7.329295087e-12 8.830261528e-12 6.715997535e-12 5.713617132e-12 6.917776427e-12 6.823053408e-12 6.92396981e-12 7.952499903e-12 4.527060796e-12 5.258046485e-12 8.878971107e-12 7.022944996e-12 6.303692593e-12 6.49348519e-12 6.877887911e-12 7.43345371e-12 7.216082655e-12 8.053598986e-12 5.09719871e-12 6.487561343e-12 5.724615091e-12 7.459215735e-12 7.437532691e-12 6.336711008e-12 3.216042327e-12 8.380255596e-12 7.423122488e-12 5.118317031e-12 6.85903339e-12 9.21229081e-12 5.96810036e-12 5.354283901e-12 7.854691681e-12 7.624012902e-12 1.034728214e-11 8.810616902e-12 5.774171835e-12 7.441638498e-12 7.139859909e-12 7.502192315e-12 6.297022079e-12 8.43612304e-12 8.341872701e-12 8.879794195e-12 
7.975075061e-12 4.222199222e-12 6.392453836e-12 8.589369903e-12 9.538907019e-12 9.755921722e-12 5.834651302e-12 5.531608719e-12 6.945182197e-12 7.978236535e-12 5.155945184e-12 6.797363454e-12 8.012297086e-12 6.368569491e-12 6.210822546e-12 7.96794808e-12 6.36381316e-12 3.980536842e-12 6.922850204e-12 5.661694917e-12 9.444671137e-12 4.250998439e-12 5.973291258e-12 7.356025253e-12 6.969938272e-12 6.925920108e-12 5.874137098e-12 7.178534761e-12 7.117539633e-12 6.898359733e-12 7.643857338e-12 7.942239687e-12 7.55191426e-12 8.281968e-12 6.850575157e-12 5.208795798e-12 7.023072416e-12 9.195977013e-12 5.149967614e-12 8.750708887e-12 6.31253674e-12 5.472847501e-12 7.342319695e-12 7.893089321e-12 7.283539094e-12 5.033327808e-12 5.269165466e-12 6.316907463e-12 6.804529383e-12 6.96102909e-12 9.334176473e-12 5.951003804e-12 5.603737955e-12 7.436914946e-12 6.928211412e-12 5.046567577e-12 4.344453562e-12 6.492269875e-12 8.38583176e-12 7.54509514e-12 7.027587271e-12 6.919824501e-12 6.35808417e-12 7.901780625e-12 8.416577269e-12 7.953315012e-12 6.05039552e-12 7.345268164e-12 5.572969215e-12 9.316406641e-12 8.146128658e-12 5.908156903e-12 5.181032033e-12 6.277090999e-12 4.266095813e-12 6.958384303e-12 5.92383494e-12 4.537939549e-12 6.334331089e-12 8.4094368e-12 7.40817154e-12 5.072786923e-12 6.338664158e-12 8.372646615e-12 7.974970933e-12 1.042846574e-11 4.316368174e-12 1.346279956e-12 5.851021009e-12 6.321797828e-12 7.465203472e-12 8.711193179e-12 4.378348743e-12 7.014080288e-12 6.427521078e-12 7.601970339e-12 7.493421096e-12 7.915474515e-12 9.620997893e-12 6.896514443e-12 5.214191368e-12 
8.435084543e-12 7.403276541e-12 8.478624851e-12 8.7727357e-12 4.381646708e-12 8.079963952e-12 4.467649591e-12 5.668344325e-12 7.956975928e-12 8.029054331e-12 7.92652883e-12 6.399812832e-12 5.793505308e-12 8.33331349e-12 8.329468311e-12 8.807155673e-12 8.474762205e-12 6.53890728e-12 6.381508224e-12 7.91512507e-12 5.770547168e-12 6.597464522e-12 8.390242991e-12 7.969766815e-12 7.874439374e-12 7.870799248e-12 6.264198694e-12 9.289265794e-12 7.055647411e-12 5.663553396e-12 5.959942442e-12 8.280395057e-12 5.040782317e-12 9.192150417e-12 8.763064636e-12 5.836460465e-12 8.534747928e-12 6.073511311e-12 5.739701974e-12 5.172319475e-12 7.461956774e-12 5.013289345e-12 8.754642997e-12 6.443202166e-12 6.276183286e-12 7.102743661e-12 5.050847627e-12 6.96766177e-12 5.837367068e-12 7.770379453e-12 8.429925499e-12 7.223361341e-12 7.059564407e-12 7.756564659e-12 7.989848494e-12 5.748908802e-12 5.703192236e-12 5.923934373e-12 8.216624528e-12 9.170814539e-12 8.396566736e-12 9.165522347e-12 7.405144774e-12 7.667427577e-12 7.994048951e-12 7.953566783e-12 9.602518018e-12 7.403989282e-12 7.034128622e-12 6.898888177e-12 6.294201657e-12 5.605133693e-12 7.854651639e-12 7.508534333e-12 6.403345766e-12 6.427241843e-12 5.839966995e-12 6.324265106e-12 5.980343483e-12 5.81574627e-12 6.8575116e-12 6.795347195e-12 3.116581352e-12 6.92119542e-12 4.95248823e-12 7.478711605e-12 8.314016196e-12 6.511414858e-12 6.599635469e-12 5.646699048e-12 7.014653042e-12 7.540334218e-12 7.031841263e-12 6.498644233e-12 5.706951682e-12 7.419319036e-12 5.891135728e-12 7.924158625e-12 5.016871619e-12 5.190411337e-12 5.787399098e-12 
3.152694545e-12 7.507604341e-12 7.901929173e-12 7.46539391e-12 6.976498949e-12 6.916102157e-12 7.516176433e-12 6.936859431e-12 6.306673367e-12 5.306309555e-12 6.85552599e-12 6.386400549e-12 6.800051673e-12 6.297419056e-12 4.426672556e-12 7.918467636e-12 5.781331953e-12 8.429909982e-12 6.449820048e-12 5.712574344e-12 9.263303281e-12 6.389396639e-12 5.757224064e-12 5.785183818e-12 8.033893106e-12 7.169492592e-12 6.840678247e-12 1.715170647e-12 8.867699994e-12 6.396863227e-12 8.486087957e-12 6.835269566e-12 6.384612761e-12 6.452433597e-12 5.722552387e-12 8.019509713e-12 5.109368608e-12 5.1525761e-12 6.839726476e-12 5.125116684e-12 8.802845047e-12 7.359497761e-12 4.302731154e-12 5.820771024e-12 6.470895816e-12 5.663917942e-12 8.752672451e-12 7.066034572e-12 6.92258216e-12 5.679466406e-12 8.470391305e-12 5.384262612e-12 7.718667463e-12 7.882859768e-12 6.847051038e-12 7.932338848e-12 5.739568634e-12 7.385768187e-12 5.090486299e-12 5.783102606e-12 6.369263033e-12 5.869224982e-12 5.864067245e-12 4.559588813e-12 6.325925904e-12 6.411969307e-12 7.078195449e-12 7.318226173e-12 9.25099701e-12 4.317344127e-12 7.287774322e-12 7.459262717e-12 7.323348258e-12 6.989278428e-12 5.377729319e-12 8.483801985e-12 5.945059148e-12 6.465489142e-12 6.321867455e-12 4.24946872e-12 5.061293432e-12 7.703165824e-12 7.978754274e-12 6.000308043e-12 8.009631759e-12 6.670292457e-12 8.246845066e-12 5.145338676e-12 3.248996507e-12 6.408328247e-12 9.321623396e-12 6.572356518e-12 7.458579765e-12 6.364169562e-12 5.702314179e-12 8.03219115e-12 6.377495555e-12 5.209992482e-12 5.83169094e-12 9.062154479e-12 6.300546565e-12 
5.045364582e-12 3.445766105e-12 7.277656308e-12 6.418028684e-12 6.300761207e-12 6.340727241e-12 7.515866024e-12 4.988483835e-12 6.584616869e-12 6.000346594e-12 7.028088349e-12 9.199132461e-12 5.50324251e-12 6.536585975e-12 7.009017715e-12 7.569930518e-12 5.692575426e-12 6.413824731e-12 6.35399724e-12 6.294370185e-12 8.471724278e-12 8.514931516e-12 8.528425401e-12 6.381547574e-12 6.532685883e-12 7.677839505e-12 4.27453851e-12 9.020775621e-12 5.028507873e-12 6.416839674e-12 8.823026459e-12 8.102161159e-12 6.363503117e-12 6.426327623e-12 6.342645816e-12 6.331057634e-12 7.92768262e-12 5.694600503e-12 8.414591306e-12 5.880039891e-12 6.834880954e-12 7.407229314e-12 6.230011557e-12 5.100174441e-12 5.042950712e-12 7.92527906e-12 4.296437751e-12 6.902892468e-12 9.34693e-12 7.61974373e-12 6.889154553e-12 3.213845121e-12 7.497798293e-12 7.456806409e-12 6.489785413e-12 4.675809691e-12 8.427410489e-12 7.493257127e-12 7.949944086e-12 5.085227977e-12 6.500190553e-12 7.369682501e-12 9.178064488e-12 5.687139389e-12 5.774488099e-12 5.168520206e-12 6.999729805e-12 9.291100785e-12 8.692917188e-12 8.510288512e-12 6.298320031e-12 4.229617802e-12 5.669718773e-12 6.278615944e-12 7.542949482e-12 7.404147742e-12 7.243124346e-12 6.63164283e-12 7.618575982e-12 6.883832391e-12 8.373062731e-12 7.382468736e-12 7.026882942e-12 6.303015371e-12 8.268010796e-12 8.836193158e-12 5.092439025e-12 5.690052557e-12 6.271181383e-12 5.174524644e-12 6.76530102e-12 5.818695295e-12 6.257061305e-12 8.538732359e-12 6.103006831e-12 5.901372294e-12 6.067124515e-12 5.795501396e-12 7.078283801e-12 5.631445804e-12 7.049156829e-12 
6.612539856e-12 7.471858256e-12 6.33312004e-12 5.839191677e-12 6.935285729e-12 5.872905727e-12 6.927757775e-12 7.935111593e-12 7.028305098e-12 8.313704722e-12 6.924474622e-12 5.99821735e-12 6.903880349e-12 7.990332593e-12 8.009197539e-12 6.196946631e-12 6.440984734e-12 9.361724052e-12 5.766078337e-12 5.101593766e-12 5.190646119e-12 7.458174871e-12 7.660344312e-12 7.577256042e-12 4.995530718e-12 6.426410233e-12 7.03110657e-12 7.58926286e-12 6.848379888e-12 7.920805754e-12 9.2422999e-12 6.253182262e-12 7.888941983e-12 8.773483015e-12 7.990658847e-12 8.415064885e-12 7.665678134e-12 5.75922894e-12 9.522672108e-12 7.029062095e-12 8.380264487e-12 7.114064696e-12 5.229980511e-12 6.377975021e-12 5.741705649e-12 6.415661237e-12 5.299379251e-12 5.812390796e-12 8.77273807e-12 7.896344808e-12 5.676638663e-12 5.317054162e-12 6.74644497e-12 7.546926396e-12 5.058491121e-12 6.540058006e-12 8.472474317e-12 6.132442079e-12 7.009960211e-12 6.443809197e-12 8.032647394e-12 9.653678254e-12 6.708788989e-12 7.919710993e-12 8.139798336e-12 6.29366203e-12 8.836457954e-12 1.968961251e-12 6.532235607e-12 4.383409751e-12 6.950371913e-12 9.184482638e-12 6.979464385e-12 7.087660541e-12 6.438056348e-12 8.395825344e-12 5.83983468e-12 7.248301162e-12 8.771587784e-12 7.872045108e-12 8.837291735e-12 7.962483868e-12 8.060278575e-12 6.34961922e-12 6.360945248e-12 6.473394579e-12 5.747904649e-12 5.27291371e-12 3.304027035e-12 7.479461669e-12 7.933261722e-12 4.875890494e-12 7.444424688e-12 4.38662695e-12 5.107423451e-12 6.973805923e-12 7.288902154e-12 5.729461203e-12 8.702793827e-12 5.366129654e-12 9.669272914e-12 
7.679475187e-12 5.035041429e-12 7.01960548e-12 8.483569544e-12 7.82880275e-12 5.88715027e-12 5.792052799e-12 8.428234808e-12 6.356351499e-12 6.444942245e-12 5.732957547e-12 7.091993223e-12 8.815521859e-12 5.712502457e-12 7.466988295e-12 5.910735621e-12 7.959308532e-12 7.319753675e-12 6.364276325e-12 6.875952826e-12 5.713467814e-12 5.142339588e-12 5.308519316e-12 5.147629822e-12 8.026800503e-12 6.903677212e-12 7.611574102e-12 6.361083324e-12 8.397935321e-12 7.977478278e-12 5.060355535e-12 7.561146216e-12 7.617569634e-12 8.294400174e-12 5.796687812e-12 7.541294626e-12 4.499322764e-12 7.094558892e-12 6.298830335e-12 7.024833798e-12 8.981422493e-12 8.455883262e-12 8.014439687e-12 8.455797502e-12 5.941055514e-12 7.058000512e-12 8.018919401e-12 3.194251276e-12 8.445681715e-12 5.796443845e-12 7.848619136e-12 8.549987406e-12 7.451729016e-12 4.115403883e-12 7.044485411e-12 7.573981768e-12 7.829174774e-12 5.886720267e-12 7.965821416e-12 6.891852661e-12 6.820198629e-12 5.253484901e-12 5.031817415e-12 5.761058749e-12 6.945028793e-12 6.345162963e-12 6.223204849e-12 5.049090917e-12 5.711423339e-12 5.845037721e-12 5.789893477e-12 8.76869603e-12 7.257069565e-12 5.981195258e-12 7.515710539e-12 7.469979784e-12 6.488007695e-12 5.753976342e-12 7.428380423e-12 5.943705951e-12 6.900957869e-12 8.19592197e-12 6.864402651e-12 6.986258971e-12 7.95264472e-12 5.289172322e-12 6.938921569e-12 7.143087426e-12 6.949554805e-12 6.424727819e-12 7.469321279e-12 8.794134757e-12 9.264273159e-12 6.952806233e-12 7.814403702e-12 6.347777627e-12 8.880474661e-12 4.958434565e-12 7.210074448e-12 4.296710381e-12 6.845902023e-12 
5.180234534e-12 7.02357545e-12 6.302961909e-12 7.017844562e-12 7.961499074e-12 6.939220811e-12 7.382876278e-12 5.940089153e-12 9.203029545e-12 5.704733443e-12 5.753179568e-12 5.768507696e-12 6.348896701e-12 6.018034509e-12 9.101599651e-12 8.034339702e-12 6.329855536e-12 6.907329239e-12 7.918688976e-12 7.61212172e-12 8.344659074e-12 4.322554267e-12 6.29745505e-12 7.079996617e-12 6.957396211e-12 6.333326627e-12 8.068790796e-12 4.367650452e-12 9.298587735e-12 7.921007092e-12 9.621123433e-12 7.050679623e-12 4.141151895e-12 5.043245019e-12 6.372871278e-12 7.910605743e-12 7.428352111e-12 6.933332497e-12 8.457523252e-12 6.368940505e-12 5.821971301e-12 4.164935144e-12 7.434584106e-12 7.636408049e-12 7.950634867e-12 6.973242519e-12 7.959017968e-12 2.098110137e-12 6.835713517e-12 7.486786229e-12 8.399330738e-12 5.788227356e-12 8.404500771e-12 6.950976935e-12 6.80810785e-12 4.421616551e-12 4.357617018e-12 5.874991926e-12 8.820472047e-12 5.047678861e-12 7.729904776e-12 6.421806016e-12 6.951195701e-12 5.792557986e-12 3.287359847e-12 4.223823611e-12 6.433399221e-12 7.923409934e-12 7.959659006e-12 6.754088629e-12 9.085185249e-12 8.798432705e-12 7.367476972e-12 5.644515596e-12 8.788332443e-12 5.80902935e-12 7.047018557e-12 8.015300509e-12 7.516540887e-12 6.427879354e-12 7.444300204e-12 6.32750684e-12 8.096671299e-12 5.068828351e-12 6.954290324e-12 6.377406981e-12 6.973344308e-12 6.350153473e-12 5.852565738e-12 8.418928591e-12 6.853771977e-12 5.039080973e-12 9.610413123e-12 6.441325964e-12 5.748940127e-12 8.524200707e-12 6.325252597e-12 6.363325356e-12 5.644939035e-12 7.306580797e-12 5.612432527e-12 
6.945125736e-12 5.836888222e-12 7.070445018e-12 5.967563869e-12 7.108669562e-12 5.699948885e-12 4.363110326e-12 7.645845343e-12 6.490086509e-12 5.799889639e-12 7.120025576e-12 7.965831273e-12 3.889533119e-12 6.647123471e-12 7.337046445e-12 7.040486191e-12 6.846795613e-12 5.63640267e-12 6.987339635e-12 5.319518007e-12 8.51070337e-12 8.054988647e-12 6.903237853e-12 5.78522196e-12 5.859848742e-12 4.081160067e-12 5.619392622e-12 6.505635442e-12 6.501129649e-12 6.287568978e-12 7.398962468e-12 7.498413061e-12 9.054079458e-12 5.806901978e-12 8.565754889e-12 6.362380762e-12 7.901883437e-12 7.634150181e-12 6.482534197e-12 5.645871754e-12 6.920271782e-12 7.931639531e-12 5.978036804e-12 4.959279317e-12 7.83246698e-12 6.906286655e-12 8.041822318e-12 8.336159124e-12 7.5146846e-12 7.180096289e-12 6.296168947e-12 7.184080224e-12 7.554827274e-12 8.76632824e-12 6.986721729e-12 6.984816691e-12 7.406570521e-12 8.462519712e-12 3.160126218e-12 3.169424256e-12 6.849010643e-12 7.268597279e-12 5.742816329e-12 6.43460433e-12 4.999651114e-12 6.226278642e-12 7.049231641e-12 6.230435589e-12 5.810628283e-12 7.504563429e-12 6.308657733e-12 7.31755047e-12 6.9174539e-12 6.904928624e-12 6.968358392e-12 5.984120067e-12 5.53322264e-12 6.47446073e-12 9.297858334e-12 5.220562599e-12 8.708748566e-12 3.148393216e-12 5.844735005e-12 8.412292996e-12 5.065435537e-12 7.420744727e-12 5.79867024e-12 5.003749179e-12 6.367017971e-12 6.27326984e-12 5.687798147e-12 6.413920097e-12 5.76860784e-12 5.738156326e-12 9.580304745e-12 5.160744209e-12 6.526365912e-12 6.560096827e-12 7.468028294e-12 6.940646103e-12 7.823765925e-12 
5.709782154e-12 6.401674392e-12 5.253998992e-12 9.442702787e-12 6.823941586e-12 6.887688049e-12 7.408072288e-12 5.473334652e-12 7.891377497e-12 7.97850985e-12 6.942316191e-12 6.218322157e-12 6.528542639e-12 9.071667355e-12 7.943355172e-12 6.458827634e-12 6.354681807e-12 9.209027448e-12 6.981002628e-12 7.332443738e-12 5.205038992e-12 9.64575251e-12 7.526656637e-12 6.519340424e-12 6.582046374e-12 3.195347746e-12 8.027796669e-12 7.53135875e-12 8.417761024e-12 7.590205265e-12 6.435293397e-12 8.446577028e-12 6.635720219e-12 7.523902044e-12 7.89475249e-12 5.246654432e-12 6.947877957e-12 6.374145622e-12 7.650899173e-12 5.532105281e-12 7.546770471e-12 8.357409681e-12 6.922548893e-12 5.725475134e-12 6.874777431e-12 4.14815991e-12 7.119028823e-12 6.644128356e-12 6.30422297e-12 6.520414858e-12 6.421768453e-12 8.884232374e-12 8.512496488e-12 7.82536734e-12 7.946375658e-12 7.929035396e-12 6.815938721e-12 5.699796699e-12 6.005257099e-12 5.034036293e-12 5.042109355e-12 5.880045047e-12 6.418950581e-12 7.871675499e-12 4.991583129e-12 7.851759534e-12 5.662696889e-12 8.827258681e-12 8.779259082e-12 8.919170321e-12 7.494488585e-12 5.414428048e-12 6.986801425e-12 7.535010633e-12 6.37459026e-12 7.417828566e-12 4.979629756e-12 6.456668082e-12 7.137572093e-12 8.429960804e-12 5.89552109e-12 7.912518079e-12 6.967518483e-12 8.459385026e-12 7.914821385e-12 8.88604113e-12 8.405856831e-12 6.331871714e-12 6.485377212e-12 5.686862079e-12 7.940198937e-12 8.442588948e-12 6.846792127e-12 7.485420038e-12 7.522351864e-12 7.505376803e-12 4.3983935e-12 6.295664861e-12 6.450622601e-12 3.244572901e-12 8.167084133e-12 
5.645067851e-12 8.401925308e-12 5.844054192e-12 7.386895307e-12 9.190907804e-12 6.763640269e-12 9.299803903e-12 7.099947726e-12 6.441191653e-12 6.92681936e-12 6.477813095e-12 7.113565194e-12 5.600650334e-12 8.604464868e-12 6.443018301e-12 6.467733347e-12 7.935774784e-12 7.275003794e-12 5.066766809e-12 7.909523438e-12 6.849756891e-12 6.202166615e-12 7.458185006e-12 6.55903933e-12 7.435484102e-12 9.347579893e-12 5.800240439e-12 9.206392975e-12 8.829561896e-12 5.877802473e-12 6.401022239e-12 6.43169954e-12 6.326622747e-12 5.652131999e-12 7.862474825e-12 4.3557118e-12 6.305502839e-12 6.572137011e-12 4.725479908e-12 7.420219012e-12 8.411117757e-12 5.706309201e-12 5.779880267e-12 3.154369743e-12 9.353676052e-12 6.915931333e-12 6.973795306e-12 8.434970065e-12 7.941425872e-12 5.906493798e-12 5.894386878e-12 4.368463646e-12 5.664347719e-12 9.729129184e-12 9.225721245e-12 4.972491128e-12 8.421031555e-12 6.366268208e-12 5.825682759e-12 9.906575146e-12 7.130789192e-12 7.010248368e-12 5.610820692e-12 7.929244399e-12 5.758331358e-12 8.805346518e-12 7.445134683e-12 6.180044543e-12 5.866847044e-12 6.94913504e-12 5.524575941e-12 5.798660764e-12 6.467965289e-12 7.931573623e-12 5.08992744e-12 7.4139028e-12 9.287185313e-12 1.034615125e-11 7.919728134e-12 6.914012129e-12 5.775188777e-12 3.005618882e-12 7.374289852e-12 6.920398681e-12 4.200188767e-12 9.241774615e-12 5.649511316e-12 5.740344935e-12 8.48720253e-12 6.805370414e-12 7.012840126e-12 6.610447102e-12 8.700472119e-12 6.395597083e-12 9.206863897e-12 5.66662063e-12 7.570197722e-12 6.246633096e-12 8.806537126e-12 5.780311791e-12 7.38585069e-12 
6.917874845e-12 9.261762005e-12 5.741234358e-12 6.95515661e-12 6.467937105e-12 4.376502914e-12 5.934016538e-12 6.912337081e-12 6.026720288e-12 4.204969246e-12 7.40219411e-12 4.184138813e-12 8.860674244e-12 8.332597107e-12 4.350815706e-12 8.838408916e-12 8.365210757e-12 9.598979534e-12 6.377829849e-12 8.027964654e-12 6.941331653e-12 6.918822771e-12 4.103437921e-12 7.444826814e-12 5.966278918e-12 7.957343843e-12 6.872416255e-12 5.093990946e-12 6.40294361e-12 6.697931668e-12 6.888718506e-12 5.607046068e-12 5.61273974e-12 6.380498045e-12 6.344025489e-12 7.917628056e-12 7.110943808e-12 6.471333067e-12 8.066032719e-12 5.176668525e-12 9.174173307e-12 6.890054275e-12 6.978359591e-12 5.723621626e-12 5.199820288e-12 7.985436741e-12 6.526764856e-12 7.435028555e-12 4.187624049e-12 5.683305629e-12 5.828847605e-12 5.894042282e-12 5.740534385e-12 6.350505668e-12 8.584895022e-12 5.727156851e-12 5.890502704e-12 6.25101826e-12 3.32863353e-12 6.853317079e-12 5.760553851e-12 7.576621651e-12 9.266654451e-12 6.823039648e-12 6.383100305e-12 8.798034161e-12 6.918203547e-12 7.589601871e-12 8.400145244e-12 4.395339949e-12 6.930859813e-12 6.398591393e-12 7.980874564e-12 6.331122479e-12 5.827566536e-12 6.231684285e-12 5.777445332e-12 4.935370014e-12 7.671899155e-12 4.429754833e-12 6.958436655e-12 8.433595505e-12 6.868923876e-12 7.653381019e-12 5.0830332e-12 7.901614953e-12 7.459039942e-12 8.637897331e-12 7.437786136e-12 5.88980714e-12 6.415349209e-12 5.257865152e-12 3.326770642e-12 5.647156524e-12 6.330750789e-12 7.888722765e-12 9.137867996e-12 6.990302967e-12 3.443745423e-12 5.763890557e-12 6.374923726e-12 
6.319140387e-12 6.91751772e-12 5.776927757e-12 6.641666738e-12 3.647726009e-12 6.117258235e-12 6.656823212e-12 8.767234947e-12 7.127595832e-12 6.470121646e-12 3.103641977e-12 7.59560582e-12 7.491306902e-12 8.821096159e-12 7.488669701e-12 6.360828998e-12 5.891305712e-12 9.636603984e-12 4.94184955e-12 6.473074281e-12 7.030722767e-12 6.343530797e-12 7.575662384e-12 7.021491085e-12 7.889341717e-12 8.366099134e-12 8.848036823e-12 6.368830688e-12 6.416926989e-12 7.615161838e-12 3.516354586e-12 6.368691437e-12 7.031439756e-12 6.900622984e-12 1.002355993e-11 9.008345358e-12 6.536186365e-12 5.093099877e-12 6.605220669e-12 6.495667164e-12 7.410087135e-12 3.317676684e-12 4.237364389e-12 5.82720061e-12 6.274096772e-12 6.551537851e-12 9.909844879e-12 7.517779627e-12 5.040227686e-12 4.991525757e-12 5.43736289e-12 8.424964376e-12 5.118189669e-12 8.368677193e-12 8.859953917e-12 5.788819242e-12 6.890931555e-12 6.407031151e-12 7.919056258e-12 6.047064621e-12 6.978891696e-12 7.976899349e-12 5.271908527e-12 8.840312965e-12 5.727976091e-12 8.460451974e-12 9.644168728e-12 6.147953119e-12 7.52311983e-12 5.011068422e-12 8.804738715e-12 7.918178804e-12 7.447983851e-12 8.366910445e-12 7.481360461e-12 7.589849554e-12 5.815961349e-12 7.930406065e-12 6.253823778e-12 7.56167423e-12 6.976621711e-12 5.802891005e-12 6.443174774e-12 4.41461243e-12 5.568725346e-12 9.26676187e-12 4.227874323e-12 7.547471141e-12 7.436295219e-12 6.950499804e-12 4.188195759e-12 5.896479905e-12 7.472736537e-12 3.928837924e-12 6.894483459e-12 8.033867568e-12 7.054041111e-12 8.613721354e-12 7.212602399e-12 5.12655579e-12 3.127342039e-12 
8.824794133e-12 5.683263402e-12 6.860636259e-12 8.915953428e-12 7.086695301e-12 5.76637591e-12 5.899224012e-12 7.090099511e-12 5.717316081e-12 7.030786307e-12 8.745301616e-12 5.109584145e-12 6.926778236e-12 7.514208294e-12 7.600006274e-12 6.866848798e-12 5.727086309e-12 8.113128883e-12 8.774139907e-12 9.271585026e-12 4.069966523e-12 5.139091247e-12 6.511541658e-12 7.42741606e-12 7.506493541e-12 6.908202026e-12 8.07378018e-12 7.903223957e-12 5.077809131e-12 7.929044623e-12 5.955641821e-12 7.582807199e-12 5.673842799e-12 7.895565692e-12 8.519566099e-12 9.63501897e-12 5.734652503e-12 6.857650864e-12 9.222789361e-12 6.464798913e-12 6.825965132e-12 8.452565289e-12 5.135038597e-12 7.853512745e-12 9.658439837e-12 5.749883087e-12 5.871649196e-12 5.262669072e-12 5.695875819e-12 6.901259516e-12 5.794984425e-12 5.89198282e-12 7.468359045e-12 6.454141726e-12 7.932953567e-12 7.967171384e-12 7.382673233e-12 7.423091761e-12 7.002551576e-12 7.838447727e-12 5.519573973e-12 8.786857377e-12 5.876400249e-12 6.448212179e-12 8.468976683e-12 6.876339779e-12 6.355260538e-12 5.144786937e-12 7.392050008e-12 4.874489891e-12 4.288494418e-12 5.023908561e-12 8.76147953e-12 4.403377038e-12 6.539393101e-12 5.814805593e-12 6.605801883e-12 4.911024158e-12 6.313575218e-12 6.89101845e-12 5.962100625e-12 7.565318299e-12 7.961812778e-12 7.997017363e-12 7.94166564e-12 5.166141852e-12 5.324883094e-12 8.397778607e-12 7.473663373e-12 7.999002215e-12 7.116146434e-12 7.067793763e-12 7.410924429e-12 5.519048459e-12 7.482035963e-12 6.028030882e-12 7.596086114e-12 5.761763189e-12 5.1170092e-12 7.512527186e-12 5.041420457e-12 
8.279900724e-12 3.263773429e-12 8.018205018e-12 7.628086484e-12 6.959214851e-12 6.290785986e-12 5.797560751e-12 1.010874358e-11 6.459810876e-12 7.61119004e-12 5.015959751e-12 8.381067282e-12 8.885453262e-12 7.858482269e-12 6.018201723e-12 7.512155462e-12 5.099584366e-12 7.953171876e-12 4.200015574e-12 5.070724797e-12 8.79724704e-12 7.357994105e-12 8.048545365e-12 6.350246531e-12 8.043979656e-12 5.613863533e-12 7.047886172e-12 5.715724166e-12 8.838411729e-12 7.578419773e-12 6.339905698e-12 6.917383281e-12 8.748017555e-12 6.424334326e-12 8.839390006e-12 7.917782546e-12 8.795167835e-12 5.014078891e-12 6.435574883e-12 4.239611851e-12 8.784676574e-12 7.998912797e-12 5.677739434e-12 5.000150021e-12 8.358429526e-12 5.815304504e-12 6.547829273e-12 8.96179353e-12 6.347943261e-12 7.492415954e-12 6.873638288e-12 5.811768501e-12 1.070465322e-11 5.130295487e-12 6.979905627e-12 8.859026506e-12 4.04250285e-12 7.546950358e-12 8.605726199e-12 7.588649448e-12 5.727780666e-12 5.891873905e-12 6.522411638e-12 8.417061119e-12 3.219663342e-12 7.934619947e-12 8.478657172e-12 6.932217853e-12 5.452355132e-12 6.920875512e-12 6.93058405e-12 6.85658117e-12 6.984500772e-12 5.016344379e-12 5.048888266e-12 8.787365391e-12 6.432230805e-12 5.81098686e-12 7.421936391e-12 6.317587932e-12 4.434261828e-12 7.436048726e-12 6.970243026e-12 6.276884753e-12 6.963753632e-12 7.524862005e-12 7.892868175e-12 6.957629212e-12 5.762110111e-12 8.50685614e-12 5.923764417e-12 6.984490031e-12 7.704719391e-12 3.775727171e-12 7.48280425e-12 7.585410967e-12 6.467842898e-12 4.288643704e-12 4.186505699e-12 7.004964681e-12 5.015089225e-12 
7.576548377e-12 8.027329353e-12 9.31886182e-12 6.334103511e-12 7.534574457e-12 6.967954151e-12 7.172318257e-12 6.905588771e-12 6.909127321e-12 8.306106763e-12 7.449472383e-12 7.707151127e-12 6.395597153e-12 7.910232033e-12 5.832772881e-12 7.414169482e-12 7.491665743e-12 6.005148862e-12 8.249650318e-12 5.764981666e-12 5.766481728e-12 8.155117029e-12 9.323879268e-12 8.453440062e-12 6.401606009e-12 6.556716147e-12 6.412272329e-12 7.004783225e-12 7.427130517e-12 8.849263095e-12 6.472415607e-12 7.440813936e-12 5.652753074e-12 5.859861623e-12 6.397090164e-12 7.896081389e-12 5.764694222e-12 7.620985542e-12 5.033116821e-12 7.446771114e-12 7.46047763e-12 6.19307943e-12 7.162261772e-12 6.947537287e-12 6.303122826e-12 5.956507256e-12 4.279990347e-12 8.278206282e-12 7.329544829e-12 7.093612791e-12 6.379770809e-12 8.41749177e-12 6.40679971e-12 8.865631998e-12 6.828854917e-12 5.512648545e-12 5.688383616e-12 5.594854748e-12 4.187206585e-12 7.950664988e-12 6.389814807e-12 6.492110345e-12 9.255974991e-12 5.907280807e-12 6.59883343e-12 1.66107091e-12 5.098243631e-12 5.801273192e-12 5.811544633e-12 6.367024186e-12 4.453016055e-12 6.97572404e-12 7.503202473e-12 5.890514797e-12 5.034499219e-12 7.131207339e-12 5.794713471e-12 5.712264278e-12 8.241558535e-12 6.380887317e-12 6.402020394e-12 8.338042547e-12 5.038571562e-12 6.967451175e-12 6.497290745e-12 8.03120675e-12 5.735132644e-12 7.593132161e-12 4.149183924e-12 9.306242508e-12 8.503847514e-12 6.431935223e-12 5.680702031e-12 5.059072214e-12 6.836814898e-12 7.69889274e-12 5.113365953e-12 6.780610643e-12 8.909282528e-12 6.839892773e-12 6.956713657e-12 
7.440486748e-12 7.161360618e-12 6.942663643e-12 8.311434743e-12 7.389271911e-12 7.841689347e-12 7.574550317e-12 7.443839453e-12 8.511897753e-12 6.450322283e-12 3.233868203e-12 8.40969422e-12 7.566865451e-12 7.331783792e-12 9.233032815e-12 5.797271661e-12 7.339101198e-12 6.93396194e-12 1.032606228e-11 6.483833692e-12 8.138856069e-12 7.552619938e-12 6.29893316e-12 8.929951297e-12 8.337515916e-12 5.167485866e-12 6.471372188e-12 4.271611692e-12 7.066463706e-12 8.615485948e-12 4.218368616e-12 7.099508066e-12 7.979889456e-12 5.661778307e-12 7.464918756e-12 5.775940834e-12 6.368049738e-12 4.25548315e-12 7.530653272e-12 6.885251392e-12 6.939874895e-12 7.697355601e-12 6.531627505e-12 6.330098317e-12 7.097035338e-12 6.439455154e-12 6.491256397e-12 5.357301542e-12 5.701633881e-12 6.896003307e-12 6.327149213e-12 6.492225067e-12 7.5200037e-12 7.414326086e-12 7.872041218e-12 5.974259585e-12 8.799102751e-12 5.35740161e-12 3.765689816e-12 6.626005019e-12 6.994304418e-12 5.796046476e-12 7.987447966e-12 7.583153062e-12 7.005006589e-12 5.729213789e-12 7.922019092e-12 6.490164295e-12 6.943759185e-12 5.883486071e-12 6.860768751e-12 8.809286111e-12 6.911580533e-12 8.144202285e-12 6.921538119e-12 7.473646024e-12 8.017472498e-12 5.745761437e-12 7.059076123e-12 9.340424702e-12 7.515817642e-12 7.398056585e-12 7.5261471e-12 7.455171068e-12 5.898278228e-12 7.54981454e-12 7.932982089e-12 6.383461027e-12 7.87301968e-12 8.16025163e-12 6.7188028e-12 6.439487036e-12 7.590872482e-12 5.834492205e-12 6.303883246e-12 5.366555375e-12 5.275137359e-12 5.038725591e-12 5.137010622e-12 6.898367668e-12 6.486802934e-12 
6.916550203e-12 6.907868876e-12 5.605776884e-12 7.454959021e-12 7.925784047e-12 3.254334498e-12 7.892077484e-12 7.357132844e-12 6.36543257e-12 7.081652319e-12 7.298302054e-12 5.762961722e-12 8.010243168e-12 6.008011321e-12 7.535889003e-12 7.853217724e-12 5.841935602e-12 6.892191983e-12 7.391767836e-12 5.071506442e-12 7.066686047e-12 6.836650331e-12 8.420847314e-12 6.977476403e-12 6.154571545e-12 7.0934898e-12 7.096724121e-12 7.49301482e-12 4.959234648e-12 7.529274023e-12 7.914417266e-12 7.181181005e-12 4.380191106e-12 5.698037428e-12 6.522235038e-12 5.752964701e-12 7.012223997e-12 6.325295702e-12 5.677024183e-12 7.96395047e-12 6.310668494e-12 7.246155971e-12 8.391247132e-12 7.952118129e-12 7.838212401e-12 6.056149534e-12 7.006122326e-12 5.786191375e-12 6.495549959e-12 7.917619935e-12 6.916830179e-12 7.501389965e-12 5.700319169e-12 8.543734605e-12 7.363730797e-12 7.530734621e-12 5.10340146e-12 5.702068071e-12 5.065965284e-12 6.321867498e-12 6.949367546e-12 7.432494502e-12 7.947108355e-12 6.492309469e-12 9.252062782e-12 5.994982426e-12 6.32627431e-12 4.746200165e-12 6.286675011e-12 8.097044744e-12 7.474031987e-12 5.22450012e-12 5.009154709e-12 8.417158928e-12 8.317408689e-12 2.90717295e-12 7.78623252e-12 7.482897145e-12 5.76720907e-12 9.21172836e-12 7.31689013e-12 4.218104364e-12 5.712922443e-12 6.922086211e-12 8.35348875e-12 7.413600537e-12 8.94812453e-12 9.999535437e-12 5.143105547e-12 5.923331148e-12 6.87002486e-12 8.09150001e-12 6.30164332e-12 8.986330431e-12 7.032992558e-12 6.846118854e-12 6.951658018e-12 7.162516233e-12 5.681009063e-12 6.865575019e-12 4.967647573e-12 
6.929358594e-12 7.901436229e-12 5.775821883e-12 7.070255486e-12 6.316969508e-12 6.489403114e-12 5.737791265e-12 7.591905399e-12 6.7590095e-12 6.935810746e-12 4.837803618e-12 7.419199894e-12 6.571997406e-12 5.715437234e-12 8.316910327e-12 5.817403004e-12 6.34750468e-12 7.363836831e-12 7.988558988e-12 7.598285475e-12 7.788735134e-12 8.564025171e-12 5.829119584e-12 6.861678945e-12 7.985833159e-12 7.438096763e-12 5.743419791e-12 7.129526767e-12 6.503428618e-12 5.930455519e-12 6.389168926e-12 5.841434762e-12 6.411427784e-12 5.033243078e-12 5.661531037e-12 5.260041801e-12 7.435098829e-12 5.453550166e-12 6.41670247e-12 6.310320226e-12 6.873946713e-12 9.24900175e-12 6.895689217e-12 7.488181375e-12 8.431159258e-12 6.96411585e-12 7.691656301e-12 7.846192301e-12 6.304212865e-12 5.789513344e-12 9.036062094e-12 6.301815652e-12 5.827894781e-12 5.291188866e-12 5.753802766e-12 8.377056271e-12 4.19239038e-12 5.873422048e-12 7.453535384e-12 9.345460789e-12 5.723989838e-12 6.055427093e-12 8.869717625e-12 7.02396068e-12 5.023544526e-12 3.447061723e-12 6.647281028e-12 7.196691575e-12 7.640703132e-12 5.689093973e-12 6.809356711e-12 7.913861077e-12 7.853784278e-12 7.843133571e-12 7.944045446e-12 4.57578374e-12 8.825326953e-12 6.975202247e-12 8.348854924e-12 8.510543089e-12 6.941098347e-12 6.953125179e-12 5.677093367e-12 7.518294388e-12 7.790897566e-12 7.434880171e-12 7.355979138e-12 7.895109725e-12 9.545968265e-12 7.519360513e-12 7.868691599e-12 6.837761973e-12 7.222438808e-12 8.862529781e-12 8.902080006e-12 4.421208771e-12 5.758028426e-12 6.451114562e-12 7.675771984e-12 7.51353005e-12 6.070523033e-12 
8.832483295e-12 6.333603495e-12 6.972703236e-12 5.847080315e-12 6.344678099e-12 6.887156809e-12 6.970994055e-12 8.297125444e-12 7.209453698e-12 5.737668099e-12 5.192224302e-12 4.355358306e-12 7.513409389e-12 6.909186388e-12 6.673553179e-12 6.330536155e-12 7.66366864e-12 7.446546921e-12 6.976568046e-12 5.145345583e-12 6.835160173e-12 8.08454138e-12 6.467418206e-12 5.602279309e-12 5.755142512e-12 5.759350766e-12 7.418060977e-12 6.130815672e-12 9.375868939e-12 5.850943146e-12 7.385280692e-12 6.893955152e-12 4.797372843e-12 5.065993219e-12 6.990537886e-12 5.979032052e-12 5.807596101e-12 8.330999482e-12 4.556586637e-12 7.380049592e-12 7.673455294e-12 6.884991121e-12 4.192759238e-12 8.73523982e-12 6.914919227e-12 8.081894767e-12 7.573995352e-12 7.944970442e-12 5.070362631e-12 7.425136036e-12 1.305723656e-12 6.28281155e-12 6.911023999e-12 6.60947857e-12 8.258513836e-12 8.235660202e-12 7.191687523e-12 8.735094974e-12 4.958850858e-12 7.420327491e-12 5.285036853e-12 1.752590859e-12 6.478878471e-12 8.750291205e-12 5.140922984e-12 9.467067457e-12 9.540863436e-12 5.688072512e-12 7.048967628e-12 5.674443628e-12 7.939640327e-12 8.008804128e-12 6.990896396e-12 6.322480458e-12 7.457220658e-12 6.885244144e-12 7.829672346e-12 4.989460628e-12 4.603934346e-12 6.570467097e-12 8.925251218e-12 6.377529912e-12 6.965699988e-12 5.712713732e-12 6.409429963e-12 6.503684521e-12 6.334366206e-12 7.935693141e-12 5.143762356e-12 6.262916673e-12 7.859612373e-12 7.411995178e-12 5.040748479e-12 6.585951864e-12 6.446809327e-12 9.670865193e-12 8.439769551e-12 6.355675624e-12 7.571931301e-12 6.479843079e-12 8.591157196e-12 
8.371264798e-12 5.762151015e-12 7.857766801e-12 4.973000678e-12 4.253391592e-12 8.97372114e-12 7.242567552e-12 7.880777951e-12 8.453338784e-12 6.377449271e-12 8.384269276e-12 8.415777673e-12 9.175287264e-12 8.419144944e-12 5.113602844e-12 7.617910799e-12 4.976702754e-12 5.582345656e-12 5.959174198e-12 5.249406713e-12 7.729371094e-12 5.028301346e-12 6.375567906e-12 6.947626331e-12 9.222515474e-12 4.953473279e-12 7.904329632e-12 7.580046301e-12 3.285316727e-12 7.670295843e-12 7.214988926e-12 7.955838678e-12 5.808325615e-12 8.817955177e-12 6.25978335e-12 6.455364213e-12 5.135807755e-12 7.011289288e-12 5.812818667e-12 5.179117224e-12 8.363818235e-12 6.03504089e-12 5.926574558e-12 9.950122564e-12 5.858002033e-12 3.483393277e-12 6.922520897e-12 4.330570064e-12 5.702734257e-12 6.337366447e-12 7.454367464e-12 7.05938473e-12 7.36599806e-12 8.941676488e-12 8.447303247e-12 7.038965841e-12 5.783933624e-12 7.866830527e-12 7.517815385e-12 7.366672841e-12 4.247311494e-12 5.061816732e-12 7.606601114e-12 5.215623854e-12 8.668064179e-12 9.169387477e-12 9.164210428e-12 8.175541157e-12 5.175414277e-12 5.906669236e-12 7.441839196e-12 7.881031895e-12 6.398112908e-12 6.416270769e-12 6.916759519e-12 3.476926079e-12 6.624642777e-12 5.781658038e-12 6.89777247e-12 6.329540615e-12 6.650510641e-12 7.477378724e-12 8.791844031e-12 8.446891318e-12 3.996567869e-12 6.860836715e-12 8.574449583e-12 9.405118832e-12 8.394812964e-12 7.463841564e-12 7.170116456e-12 7.476254168e-12 6.914119686e-12 4.33375364e-12 6.406722242e-12 5.281684814e-12 7.18411333e-12 5.739640597e-12 7.427203209e-12 8.470906068e-12 3.170019134e-12 
5.731786234e-12 6.486020215e-12 7.066199996e-12 6.492007032e-12 9.256642004e-12 8.458006404e-12 7.911578904e-12 9.546511512e-12 5.840632779e-12 5.094061042e-12 7.06850532e-12 7.90938354e-12 6.292315334e-12 7.400892021e-12 6.358229014e-12 6.518275614e-12 7.930064974e-12 8.752360375e-12 7.408167691e-12 4.855910277e-12 6.507473912e-12 8.747918649e-12 5.712083014e-12 7.450990603e-12 6.92047809e-12 6.4048075e-12 7.376824991e-12 8.377267881e-12 6.291833643e-12 6.55076821e-12 6.474817118e-12 7.157844229e-12 6.105817026e-12 6.45662901e-12 5.058495192e-12 4.185296156e-12 6.928161803e-12 6.23729707e-12 7.433695976e-12 8.595998674e-12 4.414667113e-12 6.110568057e-12 6.320843274e-12 7.604694089e-12 7.35337769e-12 3.177203527e-12 5.423928761e-12 8.850233329e-12 7.666465265e-12 6.454523458e-12 7.006830642e-12 5.127985363e-12 5.89758169e-12 7.589374962e-12 5.822446277e-12 6.305615283e-12 6.518740619e-12 4.116616758e-12 5.941438894e-12 6.459494785e-12 7.403493944e-12 5.730500553e-12 6.370103488e-12 8.432240594e-12 8.364715394e-12 7.209312425e-12 7.899586801e-12 6.832408968e-12 8.899644018e-12 6.437812662e-12 7.475136802e-12 6.435238799e-12 6.905286149e-12 9.405154536e-12 7.091916635e-12 7.854555114e-12 5.139350404e-12 6.912792632e-12 7.928196317e-12 7.45852223e-12 7.925741696e-12 7.088647205e-12 6.550837193e-12 6.895071664e-12 6.584291127e-12 8.446071531e-12 1.753882257e-12 6.888400469e-12 8.53742223e-12 6.314879236e-12 7.983043708e-12 7.645414919e-12 5.146335411e-12 6.306212436e-12 5.039988629e-12 8.886147902e-12 5.940416176e-12 7.572633962e-12 6.849705262e-12 7.056576463e-12 4.14281087e-12 
5.775176343e-12 6.442802748e-12 7.936729701e-12 6.548686657e-12 7.331425717e-12 6.952925569e-12 4.1212687e-12 6.858553112e-12 5.145064081e-12 6.454430756e-12 6.929493472e-12 6.511131874e-12 7.626500244e-12 7.348365064e-12 8.110242496e-12 6.374922862e-12 7.694077616e-12 4.285417779e-12 4.960767709e-12 7.9013829e-12 6.834842335e-12 5.895949247e-12 6.865035145e-12 7.534521481e-12 8.949102229e-12 7.624576017e-12 6.379536639e-12 6.866362053e-12 7.074389142e-12 6.319673173e-12 6.409587711e-12 7.426028853e-12 6.415488204e-12 6.308370598e-12 6.968869516e-12 6.343322225e-12 7.180470184e-12 5.47545904e-12 7.053750131e-12 6.378597057e-12 9.393433942e-12 3.658128914e-12 5.971165356e-12 6.674645128e-12 7.00800451e-12 6.527065684e-12 5.949683738e-12 7.944933888e-12 7.816821151e-12 6.4229501e-12 6.520476334e-12 6.878704338e-12 8.1789839e-12 6.078096648e-12 6.866415748e-12 6.893136738e-12 7.907422046e-12 8.509140006e-12 5.925705115e-12 6.249532272e-12 7.389490054e-12 6.927469666e-12 7.43879337e-12 4.710801838e-12 7.517522356e-12 7.883759983e-12 7.794221651e-12 6.427633274e-12 7.438167213e-12 5.394797449e-12 5.692379336e-12 6.308879413e-12 7.487881871e-12 8.192944569e-12 6.852335556e-12 5.189821931e-12 5.733655522e-12 6.496202164e-12 6.897923153e-12 7.997475578e-12 4.942644643e-12 5.729423607e-12 6.470059852e-12 9.185368802e-12 4.998704358e-12 4.221415061e-12 8.78256416e-12 7.765932907e-12 1.150796825e-12 6.542859933e-12 5.817100253e-12 5.702342889e-12 6.875417019e-12 5.709114374e-12 7.564110071e-12 6.27599401e-12 4.43812106e-12 4.561771944e-12 6.519947523e-12 4.358546484e-12 6.375410679e-12 
7.44525522e-12 4.305405552e-12 7.895787192e-12 6.320338248e-12 6.520155049e-12 6.279126588e-12 6.95770934e-12 8.486310944e-12 7.245519093e-12 4.132450898e-12 6.971976048e-12 5.824180463e-12 8.02523285e-12 8.091147804e-12 4.315687581e-12 1.044292207e-11 5.270258189e-12 8.747862632e-12 6.269202858e-12 6.373673398e-12 4.285493416e-12 7.96218684e-12 5.750256684e-12 1.027846203e-11 8.413490474e-12 5.135725527e-12 9.520236222e-12 5.782338906e-12 7.47298852e-12 6.502231269e-12 8.391084664e-12 7.304891448e-12 8.516245423e-12 7.986751923e-12 6.888669486e-12 4.357333932e-12 6.356182667e-12 6.382528459e-12 6.963718957e-12 7.067066199e-12 5.699709322e-12 6.940285089e-12 8.786663555e-12 8.462924339e-12 5.880403035e-12 5.968663923e-12 6.28634191e-12 6.935788844e-12 6.381380931e-12 6.100802488e-12 7.517054116e-12 6.456480698e-12 6.329227539e-12 5.097939414e-12 5.783290445e-12 5.082736684e-12 4.260427651e-12 5.801357833e-12 7.631386827e-12 5.697356928e-12 7.395229074e-12 5.290224435e-12 7.436185838e-12 6.490789438e-12 5.742698275e-12 5.900873974e-12 7.994144827e-12 7.029819954e-12 6.993290532e-12 8.66822504e-12 7.842906901e-12 7.529003072e-12 7.844533523e-12 3.367055401e-12 5.762858471e-12 7.564850779e-12 8.599560267e-12 5.68716751e-12 9.276152398e-12 7.95236398e-12 4.235864586e-12 7.511426481e-12 7.078188471e-12 5.07084128e-12 5.985569844e-12 7.487465678e-12 4.936438424e-12 6.317064916e-12 8.081666886e-12 7.128833155e-12 8.435209297e-12 9.316653727e-12 7.534198012e-12 8.374182062e-12 5.995903371e-12 6.415745806e-12 4.510986278e-12 8.675059171e-12 5.137783124e-12 7.634621788e-12 7.494667877e-12 
6.479115738e-12 6.274205118e-12 6.290154641e-12 7.418383139e-12 6.524689345e-12 5.742431463e-12 5.169252334e-12 5.199363802e-12 6.89981187e-12 8.772373094e-12 9.551461016e-12 7.696531974e-12 4.875893117e-12 7.235397243e-12 6.290909521e-12 6.398958307e-12 8.15360251e-12 7.380515734e-12 8.522698307e-12 9.944584066e-12 8.603764519e-12 6.974733959e-12 8.011031008e-12 4.214386022e-12 6.60084626e-12 7.014071456e-12 4.980721245e-12 8.459679028e-12 5.648617502e-12 6.378027361e-12 8.10382402e-12 6.408867406e-12 6.037345286e-12 5.050791878e-12 7.914602601e-12 6.05496211e-12 8.633157299e-12 6.700361548e-12 5.737652886e-12 7.960059166e-12 6.332824483e-12 5.107363644e-12 4.198454365e-12 4.377704951e-12 6.49935021e-12 5.166744665e-12 8.183236895e-12 8.751874393e-12 8.345636026e-12 5.256595959e-12 7.012976721e-12 7.673716581e-12 7.868100087e-12 6.952199522e-12 6.283014476e-12 8.383990066e-12 8.074604345e-12 6.339419838e-12 6.257591516e-12 8.463771516e-12 6.281329696e-12 7.83009032e-12 5.026939963e-12 6.978073172e-12 5.755909399e-12 6.984572604e-12 6.486216662e-12 7.918468665e-12 5.657259902e-12 6.248545844e-12 5.817713134e-12 6.253086626e-12 7.239579618e-12 7.549776164e-12 7.328123559e-12 7.96380213e-12 5.697122339e-12 8.820394723e-12 7.122698741e-12 6.952278311e-12 5.852216228e-12 6.492752191e-12 7.56041663e-12 4.291781564e-12 5.799286652e-12 6.964685386e-12 7.499283185e-12 8.827778141e-12 6.082897859e-12 4.920727433e-12 6.838657899e-12 5.781285617e-12 7.497796356e-12 6.96260016e-12 6.486273022e-12 6.265698596e-12 5.442097081e-12 7.588702636e-12 5.773060551e-12 7.940249981e-12 6.64095649e-12 
7.440613448e-12 7.03005194e-12 8.985741893e-12 7.487455525e-12 7.886658753e-12 4.300474893e-12 8.45598772e-12 7.248700814e-12 8.470556716e-12 6.384546763e-12 8.315623927e-12 8.860506871e-12 4.973503522e-12 7.423806088e-12 7.416440416e-12 8.809045225e-12 5.192636453e-12 9.952153177e-12 7.428747239e-12 7.398950706e-12 6.408128051e-12 7.438773116e-12 5.801270335e-12 8.291402164e-12 7.507915887e-12 6.513827142e-12 6.979842695e-12 7.095223482e-12 7.408749602e-12 9.037466704e-12 6.273044459e-12 9.288965116e-12 8.037917694e-12 8.387486301e-12 7.532273562e-12 8.587005431e-12 5.272541339e-12 6.863496419e-12 8.388641224e-12 8.449902549e-12 7.849562714e-12 4.97852453e-12 7.955333786e-12 4.308533012e-12 7.559233104e-12 6.515688156e-12 8.449161613e-12 6.27254834e-12 8.067727016e-12 6.68765454e-12 6.398835143e-12 5.845215122e-12 2.156593441e-12 7.814496661e-12 8.432467286e-12 7.656375091e-12 7.447357349e-12 5.134597785e-12 3.005877023e-12 7.900977142e-12 6.342112552e-12 6.914616827e-12 6.792475357e-12 7.542886454e-12 6.386118681e-12 5.028873582e-12 8.808865965e-12 5.204149515e-12 6.312044802e-12 8.043179967e-12 3.441188089e-12 5.179095978e-12 8.823684057e-12 4.939505317e-12 7.492641319e-12 7.08478495e-12 8.522852661e-12 8.421460201e-12 5.060751164e-12 7.536958813e-12 7.451472419e-12 7.853549594e-12 5.299643208e-12 6.152760293e-12 7.390804166e-12 6.917008241e-12 8.082274716e-12 3.08486765e-12 7.037976344e-12 6.943793609e-12 6.614583014e-12 5.051125056e-12 6.38516877e-12 6.952445368e-12 6.326396548e-12 3.051601547e-12 7.312653823e-12 5.079292153e-12 4.26878453e-12 7.574159504e-12 7.947922054e-12 
7.466282499e-12 7.67688355e-12 8.413686589e-12 6.972954003e-12 8.806414836e-12 5.706691428e-12 5.86745429e-12 6.002719258e-12 6.431832485e-12 9.242117361e-12 5.030428585e-12 4.464198494e-12 7.859065479e-12 6.890603569e-12 8.497021644e-12 6.907771142e-12 5.988000758e-12 5.053554451e-12 9.649066287e-12 7.001247529e-12 6.975175921e-12 7.56068595e-12 6.399054084e-12 7.956869322e-12 6.969396228e-12 9.593531994e-12 8.729926225e-12 5.068639999e-12 7.027778237e-12 7.274988697e-12 5.095957714e-12 5.741531635e-12 5.750191554e-12 6.983305651e-12 5.72039148e-12 4.971727761e-12 4.932603966e-12 7.535368672e-12 6.364173165e-12 6.398073008e-12 7.47467414e-12 7.996738173e-12 7.812733972e-12 7.395880126e-12 7.902974844e-12 6.010195572e-12 7.871832623e-12 6.388311619e-12 8.312783597e-12 5.649540728e-12 7.557949252e-12 6.942705634e-12 8.586672112e-12 7.473963053e-12 7.352722811e-12 5.760975901e-12 8.053283939e-12 8.640033996e-12 6.514226701e-12 6.487314487e-12 6.26381416e-12 6.954880858e-12 8.577861671e-12 5.650666867e-12 4.263345822e-12 5.696689898e-12 8.586632483e-12 5.751611125e-12 6.42916544e-12 3.285694759e-12 6.939434988e-12 6.383364357e-12 9.632806425e-12 5.623807381e-12 5.764193164e-12 7.43357003e-12 5.852325753e-12 6.857368152e-12 8.875246901e-12 5.732587959e-12 5.833094979e-12 5.066371808e-12 5.188854866e-12 6.803475898e-12 8.455710517e-12 6.901353262e-12 4.936056608e-12 6.448101273e-12 9.573437692e-12 7.891493753e-12 5.618788921e-12 8.43714895e-12 7.6048613e-12 6.464684228e-12 5.160398844e-12 7.819968629e-12 6.489146845e-12 7.546266621e-12 4.075833165e-12 5.728820519e-12 7.003115897e-12 
8.345101352e-12 5.746791456e-12 5.830630655e-12 6.487749691e-12 9.550785393e-12 7.012559847e-12 6.076006428e-12 4.408420029e-12 7.859753542e-12 6.963635163e-12 9.172278477e-12 5.229890951e-12 5.676911805e-12 7.486884917e-12 7.914465654e-12 7.017632322e-12 6.372558621e-12 6.368192797e-12 7.556215812e-12 8.390845583e-12 7.007508313e-12 6.947379382e-12 7.076754754e-12 6.138107023e-12 4.236971766e-12 6.889048066e-12 5.221649614e-12 6.98451126e-12 6.436514958e-12 7.191866962e-12 6.806550774e-12 4.996057098e-12 9.627491904e-12 8.016746206e-12 6.318256219e-12 7.551666384e-12 7.483283985e-12 7.913425125e-12 6.692004941e-12 5.768373249e-12 6.514779258e-12 7.339925245e-12 6.33768116e-12 4.746423756e-12 7.420258856e-12 9.096911264e-12 6.39607427e-12 5.779571907e-12 6.404963961e-12 7.146690062e-12 5.252185995e-12 6.447016681e-12 5.75863932e-12 6.955231043e-12 4.379981956e-12 7.16296025e-12 7.968454865e-12 5.732129046e-12 6.526316072e-12 8.770185735e-12 6.219248016e-12 6.921978141e-12 9.329475377e-12 8.434890668e-12 5.72384912e-12 6.303548818e-12 6.936767791e-12 6.88140136e-12 6.393941229e-12 6.405123167e-12 9.676598353e-12 7.955985515e-12 8.389630758e-12 6.463255656e-12 6.911700149e-12 6.904437533e-12 5.775054799e-12 5.035752144e-12 7.990394954e-12 7.382450902e-12 6.343885082e-12 8.431404885e-12 7.986912155e-12 5.151583943e-12 1.002159787e-11 6.430069589e-12 7.987905304e-12 7.985818516e-12 7.201859245e-12 5.116957002e-12 5.315706829e-12 7.406048343e-12 8.502125794e-12 6.832034554e-12 5.69324021e-12 5.673277361e-12 6.998450766e-12 6.419940839e-12 5.03141131e-12 5.889343383e-12 7.04168576e-12 
5.14833835e-12 8.844712971e-12 5.623072132e-12 5.873514651e-12 6.354562249e-12 5.045795339e-12 7.642019862e-12 6.446863627e-12 7.528908857e-12 6.566842724e-12 6.405661426e-12 7.895803371e-12 8.304071073e-12 6.361898047e-12 8.429421703e-12 5.273910485e-12 8.994695639e-12 5.812269119e-12 4.95065231e-12 7.946414769e-12 8.296245029e-12 7.374155636e-12 7.900195207e-12 5.430569332e-12 8.894970712e-12 7.818952438e-12 6.535777494e-12 7.952559021e-12 5.707291654e-12 6.98006326e-12 8.007074311e-12 5.052169581e-12 7.543276973e-12 9.4564826e-12 7.330208153e-12 6.467448145e-12 6.014129158e-12 6.916527317e-12 8.292683607e-12 7.499559712e-12 7.91263003e-12 5.770337787e-12 5.839562528e-12 7.42594555e-12 6.664432625e-12 7.40349415e-12 7.418887824e-12 4.405013125e-12 6.294082484e-12 5.155954052e-12 6.226369699e-12 7.398207206e-12 6.356681871e-12 6.008422285e-12 6.62743383e-12 8.258995148e-12 7.173784181e-12 9.124885384e-12 4.919479289e-12 7.150109934e-12 7.383027406e-12 5.000838759e-12 6.593284708e-12 6.914793793e-12 7.860114378e-12 7.358818015e-12 6.864491919e-12 8.183495506e-12 7.547310391e-12 7.896106015e-12 6.911695858e-12 7.40660278e-12 6.975181211e-12 7.851266363e-12 5.649341892e-12 3.2685956e-12 7.966312829e-12 5.86820622e-12 5.749581747e-12 6.178688428e-12 5.830048243e-12 6.415163412e-12 5.796008895e-12 9.298200197e-12 8.515101298e-12 6.862645545e-12 8.3354129e-12 6.251796932e-12 6.938810913e-12 4.988318108e-12 6.279450239e-12 7.121903747e-12 6.495914097e-12 7.087547434e-12 7.416259137e-12 7.545814555e-12 6.540924625e-12 6.940732944e-12 6.924947332e-12 4.983140611e-12 9.211373244e-12 
5.427717645e-12 8.920283931e-12 5.055179162e-12 9.324270305e-12 8.26030112e-12 6.547792847e-12 7.449724753e-12 7.048687714e-12 5.329735638e-12 6.398179378e-12 7.462102524e-12 8.677964624e-12 6.599131574e-12 5.948439509e-12 7.167609518e-12 6.312878809e-12 5.291371689e-12 8.111833578e-12 5.767540053e-12 7.512554573e-12 6.461504346e-12 7.856651646e-12 7.835545418e-12 5.774767493e-12 7.185578411e-12 9.038227577e-12 6.914279283e-12 6.480756906e-12 6.976367764e-12 7.393074956e-12 5.075456386e-12 7.90281182e-12 5.846297136e-12 7.280423706e-12 5.825574369e-12 6.422613049e-12 5.017668477e-12 5.733503026e-12 7.985583674e-12 5.026052587e-12 5.789215146e-12 7.559427385e-12 6.379008214e-12 5.600199946e-12 5.829688927e-12 9.202038197e-12 5.921732144e-12 6.241638499e-12 7.382859223e-12 6.900585399e-12 9.43241739e-12 8.027836749e-12 6.58753067e-12 8.747120972e-12 4.512291359e-12 6.997462273e-12 8.164932589e-12 5.691862804e-12 6.400343758e-12 5.688770695e-12 7.934301211e-12 7.074437352e-12 8.27538568e-12 5.963366238e-12 7.851348959e-12 7.964691607e-12 8.906191418e-12 5.898160386e-12 9.224666996e-12 8.32785291e-12 5.80533566e-12 6.447992673e-12 6.867007353e-12 7.385348932e-12 5.73524143e-12 7.196995421e-12 8.029533168e-12 6.930223041e-12 5.633877014e-12 7.464046743e-12 7.560927007e-12 6.984804367e-12 6.934934707e-12 7.497146886e-12 6.904761487e-12 5.012175484e-12 6.426436563e-12 7.481365318e-12 4.982082063e-12 6.892989644e-12 8.07270921e-12 7.31612012e-12 8.52190331e-12 7.493363899e-12 8.764665839e-12 5.780622879e-12 7.480999936e-12 5.671029547e-12 6.379453743e-12 8.374996635e-12 5.215471201e-12 
8.140745828e-12 5.071799796e-12 7.392215742e-12 5.409555421e-12 5.836812785e-12 5.624488109e-12 8.305708223e-12 6.192848162e-12 6.354407735e-12 7.789953805e-12 4.219304939e-12 7.793523415e-12 5.907305609e-12 6.500749881e-12 6.437529623e-12 6.323088236e-12 8.382844088e-12 4.980763465e-12 8.506317399e-12 7.232003288e-12 4.142900899e-12 8.87821292e-12 7.645367963e-12 8.53569905e-12 9.211780692e-12 4.232306322e-12 7.62955067e-12 6.967148175e-12 6.273097788e-12 6.405679741e-12 5.733107308e-12 5.764989074e-12 8.581386738e-12 7.052517878e-12 9.234948702e-12 6.865631967e-12 6.409856881e-12 8.330936024e-12 6.456479356e-12 4.131978022e-12 8.186804196e-12 7.410809231e-12 5.65853332e-12 7.416141389e-12 8.371304226e-12 8.011419413e-12 7.929536361e-12 4.952059813e-12 7.091681052e-12 4.974462855e-12 7.936427431e-12 6.261065623e-12 6.338533367e-12 7.293471738e-12 8.811916274e-12 5.728370318e-12 7.054928499e-12 7.524613214e-12 7.482958286e-12 7.861916795e-12 6.860633372e-12 6.907937132e-12 6.29475295e-12 5.748837914e-12 5.849005096e-12 5.055713563e-12 9.227663941e-12 5.696636598e-12 6.357506335e-12 8.388135191e-12 5.808751517e-12 8.460278006e-12 7.883597745e-12 7.110003784e-12 4.962686831e-12 9.539741492e-12 7.882130275e-12 5.701110503e-12 6.596274812e-12 5.856492013e-12 6.34627577e-12 6.953472391e-12 6.965618433e-12 7.057420561e-12 5.870162767e-12 7.567939207e-12 6.027721361e-12 7.012907161e-12 7.553797509e-12 8.883912369e-12 5.858638131e-12 5.855828623e-12 5.033326511e-12 8.326540657e-12 8.368407234e-12 8.000477259e-12 6.492363232e-12 7.348572941e-12 7.88236412e-12 5.446516913e-12 6.294500911e-12 
4.354881135e-12 8.342364354e-12 5.298623554e-12 5.254581323e-12 7.144702241e-12 7.67032544e-12 5.905897591e-12 6.919011689e-12 8.791800088e-12 4.091118403e-12 7.928855499e-12 6.253274245e-12 5.062407059e-12 6.368311635e-12 6.903630412e-12 7.539102541e-12 5.073261675e-12 9.633464224e-12 5.751383702e-12 6.916069091e-12 7.93520603e-12 7.985938085e-12 7.509273923e-12 7.399448046e-12 5.098806165e-12 7.083488839e-12 6.874668185e-12 5.220090782e-12 6.342530033e-12 3.541770214e-12 7.546345886e-12 4.277563265e-12 7.003311307e-12 6.971870573e-12 8.527372237e-12 6.169117217e-12 5.958875848e-12 5.681815543e-12 8.367548219e-12 7.965213627e-12 8.012628247e-12 7.446712611e-12 6.955513622e-12 6.512027233e-12 6.927126552e-12 8.344498857e-12 5.879706761e-12 8.478763316e-12 7.638141127e-12 9.273715106e-12 4.157209541e-12 7.000334315e-12 6.990045494e-12 7.821516319e-12 6.435081105e-12 7.556596078e-12 5.147568185e-12 9.222980359e-12 6.566934958e-12 5.885309983e-12 5.217086697e-12 5.871476543e-12 6.555735273e-12 6.866101271e-12 8.406679083e-12 7.871249428e-12 6.213612441e-12 6.872141767e-12 6.94501057e-12 1.006557645e-11 5.142920359e-12 5.719056176e-12 5.264564578e-12 5.228781325e-12 6.864638011e-12 6.271165935e-12 5.049685799e-12 6.867411568e-12 6.908816173e-12 6.567446332e-12 9.020633689e-12 6.502916503e-12 7.936389386e-12 6.499651407e-12 7.447936179e-12 1.037288787e-11 6.488375944e-12 7.930413835e-12 6.96920412e-12 9.284774088e-12 8.302869372e-12 8.477294688e-12 7.432783915e-12 5.914038908e-12 4.990068222e-12 7.332435121e-12 4.315764629e-12 7.403740429e-12 8.797079053e-12 8.928646169e-12 4.467170072e-12 
4.890467697e-12 5.193946659e-12 7.547378354e-12 6.969285817e-12 8.59342357e-12 5.991491092e-12 5.564184046e-12 5.188026577e-12 6.940893615e-12 6.988446655e-12 5.101367834e-12 7.937023654e-12 8.415409096e-12 6.513904013e-12 6.454668572e-12 5.819299483e-12 6.941552347e-12 6.484117624e-12 4.268550771e-12 6.28540218e-12 5.699026799e-12 5.619583539e-12 4.084801611e-12 5.535285776e-12 8.788651412e-12 4.353657914e-12 8.323843514e-12 6.327815921e-12 7.122144748e-12 7.405199829e-12 4.953827139e-12 5.836341025e-12 3.356874663e-12 7.86100897e-12 6.960070673e-12 5.220819101e-12 4.867265086e-12 3.234025675e-12 6.973473766e-12 6.454394789e-12 7.001704929e-12 6.982250779e-12 5.857157403e-12 6.786263247e-12 2.987145546e-12 6.463936353e-12 6.903919001e-12 6.190008501e-12 6.39780687e-12 5.977101992e-12 7.209309659e-12 5.094057092e-12 6.42381517e-12 7.834468412e-12 6.863231856e-12 5.947020756e-12 4.192909497e-12 7.02042368e-12 6.387557019e-12 6.883674579e-12 7.631934714e-12 7.942593561e-12 7.915780661e-12 6.937535619e-12 4.190337497e-12 6.878190749e-12 6.871290634e-12 8.414358642e-12 5.872762163e-12 8.43033919e-12 8.833262093e-12 4.200537146e-12 6.996801664e-12 4.918655502e-12 5.63038922e-12 5.795671059e-12 6.382744757e-12 5.887379098e-12 6.96605909e-12 8.530114404e-12 7.373952271e-12 5.125159167e-12 6.35879068e-12 5.901718621e-12 5.020831905e-12 7.978670713e-12 7.398105038e-12 5.944161258e-12 8.920297292e-12 9.960609829e-12 5.046165409e-12 6.479829928e-12 6.797445568e-12 7.447871024e-12 1.098951501e-11 6.012199682e-12 8.066030507e-12 7.965957028e-12 8.788543709e-12 7.915585977e-12 5.793356734e-12 
6.928839629e-12 5.786756287e-12 5.823858484e-12 6.423081242e-12 6.386024945e-12 7.859436673e-12 7.500090533e-12 3.416323369e-12 6.480504734e-12 1.397999573e-12 6.344534421e-12 7.992735328e-12 6.397170939e-12 8.805171131e-12 6.33935365e-12 5.875056411e-12 5.253448804e-12 5.863693346e-12 5.727572217e-12 8.360603158e-12 7.775004321e-12 4.374311914e-12 6.475434154e-12 6.94562626e-12 7.382842724e-12 8.799794646e-12 7.878516745e-12 5.007877924e-12 8.064085008e-12 5.509985968e-12 8.475448468e-12 7.449981431e-12 6.529838418e-12 6.295841165e-12 9.223485251e-12 6.37070506e-12 7.92350169e-12 9.31019792e-12 8.276242461e-12 6.25891205e-12 9.425799159e-12 6.375953873e-12 5.809231631e-12 6.363181182e-12 7.538897997e-12 7.421454344e-12 6.27385502e-12 8.780227203e-12 8.775354694e-12 9.768652008e-12 5.725963542e-12 7.099036336e-12 7.389582041e-12 9.012434495e-12 5.226466751e-12 7.483166542e-12 5.694826529e-12 7.988612666e-12 6.347577461e-12 6.339369043e-12 5.81764571e-12 7.022491535e-12 4.205390829e-12 5.675056962e-12 6.932356484e-12 8.444232822e-12 5.717426267e-12 8.177171217e-12 4.499095619e-12 5.949052031e-12 6.5749939e-12 6.363974894e-12 5.45243959e-12 6.340516658e-12 8.045183848e-12 6.981977029e-12 6.322946718e-12 5.851163761e-12 6.731693445e-12 6.694498031e-12 6.422906956e-12 5.839919459e-12 5.656953755e-12 7.460210362e-12 7.953566057e-12 4.459753124e-12 7.449530345e-12 7.989377864e-12 7.027026748e-12 6.361045686e-12 7.39930875e-12 5.072659325e-12 6.992426371e-12 6.974149121e-12 8.436038421e-12 5.161551834e-12 5.701314207e-12 5.697446066e-12 4.20789696e-12 5.889850375e-12 3.722295559e-12 
5.824415033e-12 7.936492182e-12 7.353845748e-12 6.910104368e-12 5.725582856e-12 6.832218663e-12 6.425811135e-12 6.279196832e-12 8.197684672e-12 7.657456513e-12 6.662140554e-12 5.740914986e-12 7.468801011e-12 6.950117432e-12 6.389094013e-12 5.704970337e-12 6.836439276e-12 4.883696359e-12 5.85489052e-12 6.475088e-12 7.474763442e-12 6.943710513e-12 8.299381104e-12 7.384507933e-12 7.013223001e-12 9.553629401e-12 7.014446794e-12 8.359572867e-12 5.140302946e-12 7.890901884e-12 7.457698466e-12 7.91252967e-12 5.708105371e-12 7.998492045e-12 5.806786745e-12 6.317841197e-12 6.862696334e-12 7.933107284e-12 7.420794986e-12 5.360284529e-12 6.916054321e-12 7.061145741e-12 7.982360409e-12 5.721382178e-12 7.640510074e-12 5.748103768e-12 5.076432325e-12 5.413589868e-12 7.953000606e-12 9.22479025e-12 4.888106552e-12 9.163547148e-12 6.057246052e-12 7.388811469e-12 6.981640091e-12 5.847799152e-12 5.77889115e-12 9.67649509e-12 6.525326888e-12 5.744217127e-12 7.847611711e-12 3.406034079e-12 6.276453122e-12 7.862789014e-12 5.241440866e-12 8.740455244e-12 7.981505383e-12 7.021840462e-12 5.783337826e-12 7.493558906e-12 5.827031365e-12 5.105081132e-12 9.367113552e-12 7.975039183e-12 6.461806483e-12 6.394869569e-12 6.41797383e-12 6.257390105e-12 7.94373273e-12 6.406558519e-12 6.049713906e-12 5.177262189e-12 4.893837402e-12 7.410331761e-12 6.92655195e-12 7.44823493e-12 8.751860439e-12 9.270102268e-12 5.862039134e-12 7.495526857e-12 3.967190379e-12 5.647372781e-12 9.730632528e-12 7.506473386e-12 7.527891146e-12 4.959551704e-12 7.324281957e-12 4.972886384e-12 7.96890532e-12 8.486454099e-12 7.286283093e-12 
4.954982967e-12 7.9257037e-12 5.05194559e-12 5.143382818e-12 5.983350832e-12 8.814321607e-12 6.394569686e-12 5.196574091e-12 5.853577897e-12 8.480302372e-12 7.920308317e-12 7.22730232e-12 4.509284789e-12 7.013189519e-12 7.925086252e-12 9.588306093e-12 8.150016562e-12 8.003875624e-12 6.461816027e-12 8.76810075e-12 5.807629314e-12 6.925342345e-12 6.300345712e-12 5.162140586e-12 5.021308976e-12 7.141648924e-12 5.927135175e-12 6.974228343e-12 5.299106976e-12 5.285027629e-12 6.36574466e-12 5.743722735e-12 6.32233197e-12 7.406937144e-12 6.662341862e-12 7.176198699e-12 6.051956261e-12 5.001192606e-12 7.45845415e-12 6.875457313e-12 7.454316308e-12 8.40688571e-12 5.799776857e-12 5.922614371e-12 7.879293122e-12 8.24842499e-12 8.81840597e-12 7.967324357e-12 7.917681684e-12 6.509310296e-12 6.337179635e-12 6.841253158e-12 6.974805481e-12 5.937882748e-12 5.486444832e-12 6.354399512e-12 6.346155612e-12 8.49261615e-12 6.572382245e-12 5.398015924e-12 7.871011174e-12 7.691354509e-12 6.465292136e-12 7.157442026e-12 5.926687904e-12 6.32634964e-12 7.169506447e-12 3.446181937e-12 5.2854403e-12 5.687056119e-12 6.914818192e-12 8.3923866e-12 5.80299514e-12 9.252023719e-12 4.266457797e-12 6.524747721e-12 6.356044783e-12 6.893221798e-12 6.439230415e-12 5.123616917e-12 8.375830825e-12 9.106819145e-12 6.032184159e-12 5.10400543e-12 6.404890425e-12 8.79982909e-12 8.899828857e-12 5.917070857e-12 6.867777105e-12 6.285843683e-12 4.94760118e-12 6.005487107e-12 5.76271213e-12 7.447067868e-12 6.902964197e-12 1.0370818e-11 8.642021344e-12 7.528621622e-12 6.911507282e-12 8.300794209e-12 7.80235857e-12 
6.476573539e-12 6.973387288e-12 5.767846309e-12 7.4260938e-12 5.764868258e-12 7.494289202e-12 7.938910032e-12 8.561079136e-12 7.691953313e-12 8.380394296e-12 6.362907459e-12 7.202398809e-12 8.312299151e-12 6.834088707e-12 6.454029311e-12 7.031786307e-12 7.919419871e-12 7.588137945e-12 6.925836962e-12 4.910600723e-12 8.412894106e-12 5.184414935e-12 7.878387416e-12 7.48533745e-12 5.748057059e-12 7.581821127e-12 6.91165845e-12 6.351796771e-12 7.554920813e-12 8.835883117e-12 5.848095843e-12 5.771406744e-12 4.906582306e-12 8.884505391e-12 7.480712568e-12 6.453737256e-12 7.462359223e-12 4.259178587e-12 5.901947173e-12 6.424076948e-12 5.791828759e-12 9.247159056e-12 8.423475566e-12 7.853693976e-12 6.955375967e-12 6.648100956e-12 7.9192858e-12 6.951470884e-12 6.541183869e-12 6.426128844e-12 7.894942914e-12 6.826818812e-12 8.016097116e-12 4.227551457e-12 6.862792626e-12 5.729555299e-12 7.931798145e-12 6.383331087e-12 4.903002921e-12 6.541710083e-12 7.50357731e-12 6.823395442e-12 7.985541794e-12 6.954537895e-12 7.891978043e-12 7.41637746e-12 7.562076637e-12 7.91760892e-12 5.860409932e-12 8.349430509e-12 8.140935316e-12 7.125831005e-12 5.658287906e-12 5.68854161e-12 7.424387006e-12 7.609722139e-12 6.434140338e-12 6.547778905e-12 8.933320356e-12 7.483561301e-12 4.197070966e-12 7.475979482e-12 9.982080696e-12 5.948055517e-12 6.368426265e-12 5.695218796e-12 9.243035059e-12 6.904295674e-12 5.992526924e-12 5.130754975e-12 8.360565295e-12 8.343789128e-12 5.592524278e-12 5.821977628e-12 7.546118912e-12 5.826840175e-12 7.880831457e-12 7.888232774e-12 8.320517697e-12 6.320420209e-12 6.247772024e-12 
8.029638202e-12 7.495802676e-12 7.438142399e-12 6.990644418e-12 5.778099038e-12 7.050939162e-12 4.25405005e-12 7.179843523e-12 5.791899844e-12 5.995162987e-12 6.055127057e-12 5.754433586e-12 4.309542815e-12 8.053544993e-12 6.550236685e-12 5.750865023e-12 5.839580652e-12 5.949171514e-12 3.183384969e-12 6.886640864e-12 6.358522815e-12 6.923610805e-12 6.870081232e-12 8.348946029e-12 5.115127152e-12 5.525385205e-12 4.110836708e-12 7.464731405e-12 6.277985135e-12 6.356047057e-12 8.342575628e-12 7.980730189e-12 7.427391191e-12 6.335161167e-12 6.469284719e-12 5.976627711e-12 6.955149256e-12 6.975555947e-12 7.47714219e-12 3.507402101e-12 6.398273914e-12 6.365520119e-12 4.247916815e-12 6.029663846e-12 4.876929937e-12 5.70112461e-12 6.894919401e-12 7.662188373e-12 6.004172138e-12 5.831444339e-12 4.37214668e-12 7.563011595e-12 6.980226175e-12 5.733051721e-12 8.02029816e-12 6.380150947e-12 6.95311212e-12 3.365794002e-12 8.310198962e-12 7.457856081e-12 6.249718489e-12 7.481448273e-12 6.442687284e-12 8.793417132e-12 6.890773388e-12 9.735197537e-12 8.334707587e-12 8.61720604e-12 7.00141663e-12 8.026906621e-12 6.97547942e-12 5.096507896e-12 4.300318581e-12 8.44277869e-12 9.606151196e-12 7.518941933e-12 5.10442819e-12 7.601867833e-12 6.306328162e-12 8.839979776e-12 9.623317342e-12 6.042396931e-12 5.280491618e-12 8.798966748e-12 5.826159668e-12 6.835210945e-12 7.541533688e-12 7.054157324e-12 6.471121526e-12 4.199396831e-12 7.527475331e-12 7.350097604e-12 7.598971077e-12 6.423335356e-12 5.091777142e-12 6.770396689e-12 5.356599543e-12 6.391245709e-12 4.903861118e-12 7.400664409e-12 7.892682959e-12 
6.326013448e-12 8.489417024e-12 6.862853548e-12 6.649759557e-12 8.395237471e-12 6.276901145e-12 6.979774753e-12 7.437161024e-12 6.250992273e-12 7.55397505e-12 6.946040081e-12 6.358792447e-12 5.222193182e-12 7.408351769e-12 6.928905526e-12 7.989615026e-12 4.231795016e-12 7.051666922e-12 4.156102402e-12 8.561167877e-12 6.833218933e-12 7.442763625e-12 5.576611163e-12 4.613464635e-12 6.558257319e-12 5.186267339e-12 7.897793486e-12 6.898631006e-12 6.684918432e-12 6.334459972e-12 6.885254481e-12 8.370882175e-12 6.986149865e-12 5.696345246e-12 6.552789251e-12 5.826700922e-12 6.37760551e-12 6.446428603e-12 9.304142266e-12 6.43137225e-12 7.563444461e-12 7.408515493e-12 8.877565512e-12 7.465383501e-12 6.923622212e-12 5.766981379e-12 6.293809583e-12 6.425176524e-12 7.010044095e-12 7.519010779e-12 7.440745033e-12 6.363514433e-12 7.018379249e-12 5.002028471e-12 6.917393664e-12 5.871389655e-12 5.217174296e-12 6.353464951e-12 7.363994779e-12 6.013167243e-12 6.352415574e-12 8.437536612e-12 8.00194511e-12 7.405371772e-12 6.437417174e-12 8.716407428e-12 4.318143284e-12 7.508109542e-12 8.39255965e-12 6.943051765e-12 7.142300289e-12 6.761620871e-12 6.483303081e-12 7.448334263e-12 8.397615757e-12 6.489571634e-12 5.174755867e-12 6.377800707e-12 8.534283549e-12 6.951012491e-12 7.00560903e-12 6.408800207e-12 6.906988241e-12 7.494052759e-12 9.221920529e-12 6.903268663e-12 7.522470757e-12 6.967644558e-12 6.27795002e-12 7.409741101e-12 4.157584786e-12 7.071482241e-12 5.767601799e-12 6.51095458e-12 7.437367905e-12 6.885211995e-12 5.113201743e-12 6.524051331e-12 6.93318837e-12 6.989271342e-12 8.448089768e-12 
7.869552708e-12 6.315442957e-12 7.910086719e-12 9.385116803e-12 5.183974624e-12 5.780039643e-12 6.967069216e-12 4.906788116e-12 6.382834162e-12 7.93748003e-12 7.830406055e-12 5.720994183e-12 7.455410248e-12 7.40902325e-12 8.237285207e-12 9.5751726e-12 7.926331679e-12 4.173230538e-12 7.860416796e-12 7.418604642e-12 7.730390388e-12 8.481926617e-12 5.752827765e-12 8.818465854e-12 8.055837509e-12 7.928034545e-12 8.768993436e-12 6.981784768e-12 7.12447829e-12 6.283235056e-12 7.709868981e-12 4.242973474e-12 6.881595967e-12 7.083841325e-12 8.095497986e-12 5.184591249e-12 4.091976652e-12 7.970285408e-12 5.761381394e-12 7.197819361e-12 5.727239438e-12 8.348678501e-12 5.664243306e-12 6.477192084e-12 7.319242816e-12 5.806339471e-12 5.842778155e-12 8.502946033e-12 6.454320616e-12 8.120763532e-12 5.746537219e-12 6.360312487e-12 7.929966871e-12 8.866171662e-12 7.836417965e-12 5.067581114e-12 7.051971365e-12 6.913341366e-12 7.610616544e-12 6.349306846e-12 7.609266155e-12 1.006656126e-11 4.929405678e-12 7.012118743e-12 7.509123726e-12 6.56406614e-12 4.130065783e-12 9.12733348e-12 6.480030078e-12 8.045860242e-12 6.356765991e-12 5.799733354e-12 5.028015719e-12 8.068770301e-12 6.297736735e-12 7.428997931e-12 9.330877714e-12 4.107998292e-12 5.83478246e-12 5.794116591e-12 8.926274132e-12 5.424698672e-12 8.808794684e-12 6.330565794e-12 7.037425731e-12 5.901533365e-12 7.633506662e-12 6.35923261e-12 7.044995301e-12 7.436035667e-12 3.126988288e-12 7.817068598e-12 5.009455003e-12 6.83279671e-12 7.965260604e-12 9.214851831e-12 7.153693191e-12 6.389532256e-12 5.203945142e-12 5.804915153e-12 5.6255814e-12 
5.7653902e-12 8.378241283e-12 6.37123611e-12 6.332077637e-12 8.519113566e-12 8.513473139e-12 5.714559984e-12 7.410387482e-12 8.132674751e-12 5.817818892e-12 7.628236227e-12 7.472552323e-12 6.934807101e-12 6.389621158e-12 7.008900667e-12 6.93789067e-12 7.560264075e-12 5.202904935e-12 6.54848808e-12 6.332005122e-12 5.103211913e-12 7.425079833e-12 7.851022706e-12 7.997368749e-12 7.42431119e-12 4.193033637e-12 7.436242596e-12 5.855646997e-12 7.352735981e-12 6.897252107e-12 6.902842761e-12 8.86453886e-12 4.189945924e-12 6.94555459e-12 7.196923681e-12 7.901203977e-12 9.217055248e-12 6.889661191e-12 8.377864777e-12 8.688756742e-12 4.112440176e-12 7.354252848e-12 8.791171201e-12 7.598533176e-12 6.623938662e-12 5.695472698e-12 6.160109975e-12 5.616217241e-12 7.443002305e-12 5.888550567e-12 6.990787474e-12 4.985880111e-12 5.115769895e-12 7.062910593e-12 7.959312396e-12 7.873127555e-12 4.308997207e-12 7.479624038e-12 6.922253242e-12 7.471080759e-12 6.367335887e-12 7.961234535e-12 6.329298609e-12 5.717998609e-12 8.79957026e-12 6.423632735e-12 7.477286237e-12 7.534099084e-12 4.959293612e-12 7.581637978e-12 6.964511837e-12 5.967071234e-12 6.91635792e-12 7.025222459e-12 7.129126394e-12 5.987626547e-12 6.945584628e-12 6.331675004e-12 8.375323277e-12 6.354857838e-12 7.380395195e-12 6.196840091e-12 7.532845152e-12 5.798511183e-12 5.838110014e-12 8.098578692e-12 4.832134957e-12 6.469899139e-12 4.072427735e-12 7.158784844e-12 5.881864571e-12 7.443023846e-12 6.355187621e-12 5.777976067e-12 9.191542398e-12 6.715926274e-12 6.347962385e-12 5.632713284e-12 5.806613872e-12 5.770664619e-12 5.100493987e-12 
6.409711027e-12 6.799237093e-12 5.648035736e-12 8.318825449e-12 7.855493375e-12 7.992224863e-12 6.531369366e-12 5.788395131e-12 5.800914275e-12 5.795295266e-12 6.989307637e-12 6.954027604e-12 7.901484822e-12 6.959425579e-12 9.669840331e-12 6.976738072e-12 6.376907659e-12 5.318807125e-12 5.773256509e-12 4.301347847e-12 9.265497939e-12 6.946553598e-12 6.670848618e-12 5.679687492e-12 5.079243085e-12 8.29654346e-12 6.888496183e-12 6.492928304e-12 6.539528847e-12 6.223286865e-12 6.861526468e-12 5.939444747e-12 7.904455746e-12 6.367692581e-12 8.431650345e-12 4.938591559e-12 5.761927374e-12 6.33102904e-12 8.349216823e-12 6.518361148e-12 3.105118469e-12 7.975165461e-12 6.982310299e-12 4.275535445e-12 9.316384076e-12 8.126870728e-12 7.954268089e-12 6.344729432e-12 5.429098938e-12 5.849356492e-12 5.031974647e-12 8.090950372e-12 5.709526847e-12 5.179486723e-12 7.937626975e-12 5.900362828e-12 9.5512661e-12 6.361534439e-12 6.402092252e-12 7.389188948e-12 6.559201985e-12 7.547690337e-12 6.290470025e-12 6.353501766e-12 8.906638974e-12 8.830673086e-12 6.350734912e-12 7.531083759e-12 7.313030694e-12 6.838868332e-12 8.365514564e-12 6.388318243e-12 5.054433745e-12 6.467208976e-12 8.552706912e-12 8.426702081e-12 5.496975396e-12 7.394898205e-12 6.498412364e-12 7.91071372e-12 4.104077288e-12 9.87802609e-12 6.992903195e-12 5.833558817e-12 7.459546717e-12 6.893765117e-12 8.061746044e-12 7.487510205e-12 8.515663866e-12 6.616325631e-12 8.506354871e-12 7.096610625e-12 6.394345616e-12 8.337420052e-12 9.962301058e-12 7.518255836e-12 6.675045219e-12 7.460502974e-12 5.796174898e-12 5.328720511e-12 7.621475443e-12 
4.287693836e-12 9.857896278e-12 5.060654858e-12 6.969063255e-12 7.866267887e-12 7.374197346e-12 5.734434571e-12 7.892804039e-12 5.73091094e-12 8.761458011e-12 5.038619373e-12 7.048641477e-12 9.170857995e-12 6.916497039e-12 5.683683945e-12 6.594925401e-12 6.929988312e-12 5.806664234e-12 7.670659902e-12 7.4910939e-12 6.502428063e-12 6.325528523e-12 5.827212178e-12 9.220291691e-12 4.954098748e-12 7.412099322e-12 7.537512336e-12 6.354342934e-12 4.242274468e-12 7.393892798e-12 6.370976321e-12 5.610341608e-12 8.494590467e-12 5.818226242e-12 7.42220882e-12 2.924209533e-12 5.029642078e-12 6.311787252e-12 6.355917574e-12 8.029358667e-12 8.114123139e-12 4.978534134e-12 4.278802545e-12 6.250929306e-12 6.924555825e-12 7.894629405e-12 8.145415233e-12 6.951684669e-12 6.34468738e-12 7.925296355e-12 8.774633512e-12 6.868105266e-12 7.735200343e-12 5.650038858e-12 7.55864239e-12 5.834014885e-12 5.499927158e-12 4.567983731e-12 5.727904597e-12 7.478377088e-12 5.860218983e-12 4.349954421e-12 5.325804873e-12 6.358424495e-12 6.335854611e-12 5.375465812e-12 7.617245291e-12 7.972887925e-12 8.300742591e-12 6.048013845e-12 7.673013242e-12 6.875121334e-12 6.989745342e-12 6.963174962e-12 9.011593677e-12 7.347199624e-12 7.859684876e-12 6.899275355e-12 7.011952808e-12 7.69510603e-12 6.587923324e-12 5.188744374e-12 5.088105359e-12 6.4312644e-12 8.013193946e-12 7.019193973e-12 6.275990988e-12 7.879140102e-12 7.473077406e-12 6.839744824e-12 5.718176701e-12 8.316590123e-12 7.901608405e-12 6.297850431e-12 4.997651664e-12 7.004066806e-12 8.64789603e-12 8.085883001e-12 7.993859328e-12 8.406572333e-12 5.851671638e-12 
4.853120235e-12 7.44485179e-12 5.72077388e-12 5.091046843e-12 7.673143318e-12 6.905374459e-12 6.32700074e-12 4.670110329e-12 5.699845937e-12 5.809419479e-12 9.601247184e-12 6.566529863e-12 5.204029613e-12 7.965986456e-12 5.903387644e-12 7.828633013e-12 9.216891334e-12 5.932923685e-12 3.593506755e-12 6.215244308e-12 7.042456451e-12 5.152779978e-12 6.301662871e-12 5.834399214e-12 5.847360501e-12 6.35712722e-12 2.95840851e-12 4.303509516e-12 5.795382522e-12 7.966173163e-12 5.784835886e-12 6.348332801e-12 6.316770617e-12 7.499107253e-12 5.718549907e-12 4.378028663e-12 4.115442514e-12 9.635446583e-12 7.933405837e-12 6.890941316e-12 8.341529949e-12 7.462216223e-12 4.880816052e-12 6.325848683e-12 6.34112815e-12 6.845988759e-12 8.406825659e-12 6.372683347e-12 6.356416147e-12 8.379525937e-12 8.060880773e-12 7.920538796e-12 6.474814063e-12 7.912994394e-12 2.987748283e-12 6.42255167e-12 7.486078001e-12 5.736285139e-12 5.06602564e-12 5.675654445e-12 5.113574386e-12 7.968323177e-12 7.866948916e-12 6.431599373e-12 6.440014674e-12 5.041989143e-12 6.945115544e-12 7.919334505e-12 6.645374528e-12 8.365593101e-12 6.234243565e-12 4.970634346e-12 5.927119424e-12 4.171616548e-12 5.796940355e-12 8.700322388e-12 7.100334881e-12 5.096508788e-12 9.035018676e-12 4.31565605e-12 7.38567618e-12 7.687909126e-12 8.437929751e-12 5.643980741e-12 6.448526933e-12 8.951661726e-12 8.067466397e-12 6.38820423e-12 7.937421161e-12 8.781342461e-12 5.015974934e-12 6.38145763e-12 5.694573005e-12 7.056879214e-12 5.792438474e-12 7.338442346e-12 6.987462182e-12 9.222508858e-12 6.627158258e-12 6.730294613e-12 4.944350502e-12 
8.528000249e-12 5.752617997e-12 6.989019331e-12 6.512926247e-12 7.976450687e-12 5.750598884e-12 7.893083698e-12 8.386511157e-12 7.439837783e-12 6.5876234e-12 5.801997722e-12 6.952933959e-12 7.863068022e-12 7.473437212e-12 8.333466861e-12 5.926416064e-12 8.770659805e-12 4.513515251e-12 6.497230538e-12 5.812334928e-12 5.800308935e-12 6.844279389e-12 8.340668916e-12 5.188436286e-12 8.402554184e-12 8.854508024e-12 6.348514225e-12 5.065190548e-12 7.015474656e-12 5.738138051e-12 8.440413108e-12 7.596158445e-12 9.98449702e-12 5.810516071e-12 6.915656907e-12 8.131781727e-12 8.914663211e-12 4.207656919e-12 6.88895883e-12 8.768590586e-12 7.167917889e-12 9.173504799e-12 7.217905965e-12 7.398875555e-12 6.606929256e-12 5.754055132e-12 7.924606818e-12 6.984302911e-12 5.04774579e-12 5.66615947e-12 9.356571684e-12 4.767971785e-12 6.321393403e-12 5.780052709e-12 7.165667803e-12 8.836633038e-12 4.210217505e-12 6.332116276e-12 7.508088363e-12 4.4414673e-12 7.971277387e-12 7.516038238e-12 5.731239277e-12 7.898673896e-12 8.322121125e-12 6.43531731e-12 8.737757361e-12 4.17685694e-12 8.388345602e-12 6.363860451e-12 6.366971874e-12 7.560176395e-12 8.030109448e-12 1.771890236e-12 8.252812172e-12 8.759085517e-12 4.271177994e-12 7.865304552e-12 5.976368201e-12 6.352003168e-12 5.733320405e-12 6.363183269e-12 7.914709255e-12 8.516135205e-12 6.903148004e-12 6.246853842e-12 6.943615186e-12 6.295667141e-12 7.022216441e-12 6.981564767e-12 6.387439182e-12 4.234662047e-12 6.468024993e-12 7.067992118e-12 7.116152704e-12 6.334081537e-12 3.215645589e-12 4.130005596e-12 7.530030745e-12 6.883580019e-12 6.632850773e-12 
4.943203077e-12 7.376080594e-12 7.916336155e-12 5.354404153e-12 8.738700442e-12 6.96721278e-12 7.099223381e-12 6.87119849e-12 9.344517514e-12 8.868412797e-12 6.374073287e-12 7.553960417e-12 7.085887171e-12 6.958376686e-12 9.208089097e-12 7.363239562e-12 9.195645795e-12 5.720591908e-12 6.595499775e-12 6.392996002e-12 6.896570132e-12 4.86023395e-12 7.580793581e-12 5.796376201e-12 7.445781635e-12 6.816326644e-12 7.100042134e-12 5.761730867e-12 5.825311296e-12 6.922529058e-12 7.372936447e-12 8.492049781e-12 7.205351001e-12 7.68881287e-12 5.864841757e-12 8.939617762e-12 8.079760082e-12 6.937228705e-12 8.453504829e-12 7.413672434e-12 6.912391774e-12 6.468648604e-12 7.767709675e-12 6.992522829e-12 7.588145107e-12 6.425134004e-12 7.508145703e-12 4.202723613e-12 4.46995629e-12 5.064621025e-12 6.306585533e-12 5.764221798e-12 7.557388456e-12 4.164902787e-12 5.769053398e-12 6.989026199e-12 8.325460092e-12 7.97158758e-12 8.33709297e-12 6.45787619e-12 8.857166319e-12 6.384394751e-12 6.315169553e-12 8.285589533e-12 7.026663558e-12 7.609464112e-12 5.653701848e-12 7.009014842e-12 8.736979687e-12 8.914132964e-12 8.456396218e-12 8.370322377e-12 5.027235406e-12 5.232807908e-12 7.524849794e-12 7.465365032e-12 6.025665409e-12 7.377179623e-12 6.331690548e-12 4.185931743e-12 5.840434201e-12 6.785156534e-12 5.80685752e-12 6.370558977e-12 8.32624946e-12 5.460481581e-12 8.452812791e-12 6.868460839e-12 7.856368376e-12 5.708582147e-12 6.959325662e-12 7.432739982e-12 8.125626829e-12 5.150532938e-12 5.064585668e-12 6.929679964e-12 6.218533105e-12 8.009389682e-12 4.300971017e-12 8.609722191e-12 5.439187713e-12 
6.45784868e-12 7.43898456e-12 9.979734338e-12 6.379773448e-12 5.817322865e-12 5.660624496e-12 5.726491795e-12 8.373925511e-12 6.026059503e-12 7.616503659e-12 6.355438815e-12 6.365750747e-12 6.804037204e-12 5.79416757e-12 8.012813889e-12 5.170456952e-12 7.612903069e-12 7.509314837e-12 4.389613401e-12 8.590421347e-12 7.106121381e-12 4.98217393e-12 3.304265437e-12 9.509115616e-12 8.549341659e-12 5.879493077e-12 7.882241573e-12 7.916396393e-12 7.49812701e-12 6.339790973e-12 6.918534137e-12 6.37109879e-12 5.120225315e-12 5.648079073e-12 4.25642425e-12 3.210762735e-12 6.983527416e-12 4.227333144e-12 7.470004443e-12 7.381578353e-12 7.474403779e-12 7.337066641e-12 7.549180852e-12 9.232227185e-12 8.395881288e-12 1.019107035e-11 7.028942706e-12 6.798192865e-12 6.290424929e-12 5.679016414e-12 8.535534306e-12 7.39597088e-12 7.474238402e-12 9.688136086e-12 7.122890698e-12 6.320633526e-12 5.053118809e-12 7.90748889e-12 6.331224995e-12 7.908024653e-12 4.27037527e-12 6.656911355e-12 6.269934803e-12 8.79809199e-12 6.317640749e-12 6.07534961e-12 7.757523119e-12 8.801758121e-12 5.280235265e-12 8.343438311e-12 7.547408604e-12 7.022795991e-12 7.595302188e-12 7.467563894e-12 5.710880666e-12 7.124109322e-12 8.899240021e-12 7.124977537e-12 8.336085212e-12 7.035164624e-12 7.917023005e-12 5.226884471e-12 6.305724171e-12 6.524728062e-12 8.034283025e-12 7.905941329e-12 5.876351742e-12 7.681884395e-12 5.016742573e-12 7.900357652e-12 6.400637762e-12 6.914717305e-12 7.618434162e-12 8.773146041e-12 9.688911377e-12 7.549652257e-12 6.965938679e-12 5.81872937e-12 7.014776681e-12 5.872570914e-12 7.014921986e-12 
8.365646363e-12 4.287524724e-12 6.45719173e-12 6.997277352e-12 6.982938893e-12 7.475941701e-12 4.385969551e-12 8.19274197e-12 6.400670043e-12 4.838988142e-12 5.811152617e-12 6.897850704e-12 6.353897723e-12 6.379678283e-12 4.458296004e-12 5.72785119e-12 4.287312061e-12 6.464813116e-12 5.84963068e-12 7.432964393e-12 5.116953593e-12 6.998931041e-12 6.537975919e-12 7.207758342e-12 7.155136674e-12 4.102283855e-12 8.834392782e-12 7.021584349e-12 6.416088653e-12 9.507980921e-12 6.29897888e-12 4.190539131e-12 6.825153828e-12 1.656052212e-12 8.619931185e-12 6.724069342e-12 5.766224707e-12 6.460536579e-12 8.472639241e-12 7.441839146e-12 8.797206503e-12 5.007581484e-12 6.343376228e-12 8.091802135e-12 5.721924337e-12 8.624239364e-12 7.439209702e-12 7.585840288e-12 6.320567084e-12 5.828218849e-12 9.704475364e-12 5.667943514e-12 4.174063991e-12 5.850724081e-12 7.416944065e-12 8.75900595e-12 8.047398252e-12 6.420418057e-12 6.975231478e-12 6.364785945e-12 9.208098965e-12 8.012367971e-12 5.123520275e-12 5.249142075e-12 7.360904931e-12 6.307880851e-12 4.187071175e-12 6.101805689e-12 7.462195853e-12 5.228650094e-12 7.9023821e-12 5.214581731e-12 7.94371786e-12 7.911160351e-12 5.962551613e-12 7.923356133e-12 5.682042594e-12 8.397263522e-12 6.817604257e-12 8.42578945e-12 6.209532319e-12 7.013665824e-12 5.778446832e-12 4.559265666e-12 5.800804711e-12 6.333950147e-12 7.958083927e-12 6.972600187e-12 6.511277948e-12 5.658653375e-12 8.322911876e-12 5.835606457e-12 8.052902883e-12 5.084963976e-12 6.943088265e-12 7.440768298e-12 7.658716843e-12 8.086799188e-12 6.917674035e-12 7.916488637e-12 7.538835306e-12 
7.04434618e-12 6.471602996e-12 8.754413852e-12 6.36666682e-12 6.9822915e-12 3.150101348e-12 6.948620702e-12 7.389032845e-12 5.643155743e-12 7.921961273e-12 8.434606821e-12 7.41452392e-12 9.239865476e-12 6.929416417e-12 6.349848714e-12 6.43635803e-12 5.803013007e-12 7.032893951e-12 6.283374684e-12 7.302687704e-12 8.424288488e-12 8.350182803e-12 5.986435613e-12 6.472119737e-12 6.613035143e-12 6.849971714e-12 6.529768375e-12 5.349094546e-12 4.986047857e-12 6.90718512e-12 5.228115708e-12 4.530316765e-12 8.382180051e-12 9.290359881e-12 7.464803006e-12 6.968077309e-12 6.418096238e-12 6.246443489e-12 7.407394562e-12 6.893826521e-12 7.34814405e-12 8.874279766e-12 9.99124098e-12 8.370046976e-12 9.207971227e-12 6.34885587e-12 7.540192192e-12 6.35564199e-12 6.448575585e-12 6.299723499e-12 8.424729625e-12 7.937278031e-12 6.410384595e-12 6.684478617e-12 8.066754358e-12 6.430998629e-12 7.912578257e-12 7.33757058e-12 5.219449522e-12 8.477930438e-12 7.398524311e-12 4.00938375e-12 7.502674072e-12 5.569076415e-12 8.811171531e-12 8.393140133e-12 8.447187008e-12 7.873489969e-12 9.1733159e-12 6.504285411e-12 5.053713181e-12 7.632917539e-12 7.759262424e-12 6.932508817e-12 6.463676221e-12 8.868345016e-12 3.481760242e-12 8.432217788e-12 5.884656816e-12 4.926940392e-12 6.583227619e-12 9.19393774e-12 1.07122879e-11 6.506390795e-12 7.99897983e-12 6.343453248e-12 9.121407971e-12 3.415939269e-12 7.949197304e-12 9.191462244e-12 8.41630889e-12 5.615138068e-12 9.773459336e-12 7.167735384e-12 5.762224773e-12 7.696132058e-12 8.367117238e-12 8.992327212e-12 6.991957632e-12 8.778885039e-12 9.60308236e-12 
8.080682393e-12 8.178695568e-12 5.752170841e-12 7.861858415e-12 7.35352064e-12 4.181112591e-12 7.440028939e-12 7.634810512e-12 6.317318377e-12 6.360269568e-12 6.991422722e-12 7.171309975e-12 4.265883897e-12 8.97149869e-12 6.889952554e-12 7.963026604e-12 7.931061427e-12 8.015445417e-12 7.985042604e-12 6.935278237e-12 8.377042323e-12 6.833135104e-12 6.911398271e-12 8.337379301e-12 4.956778047e-12 7.481721605e-12 4.949339465e-12 7.002000768e-12 6.933164831e-12 6.366290001e-12 6.886241555e-12 9.278849273e-12 8.344428391e-12 9.977954684e-12 7.497408752e-12 6.993183885e-12 6.438650264e-12 7.499248143e-12 6.431925492e-12 8.292042045e-12 6.800632009e-12 7.933525888e-12 6.301068077e-12 5.062547184e-12 8.367456347e-12 6.784678292e-12 6.907709042e-12 8.371133672e-12 5.735491467e-12 8.352488553e-12 7.417880136e-12 6.321166339e-12 6.696183992e-12 5.699177387e-12 6.914531664e-12 7.411475302e-12 7.134873645e-12 6.884817889e-12 6.935229849e-12 7.568139195e-12 8.152763797e-12 8.370653862e-12 8.914291717e-12 6.087068562e-12 8.38337792e-12 5.022219676e-12 6.946621757e-12 9.950889289e-12 7.377239338e-12 6.963977492e-12 8.4659166e-12 8.246830212e-12 6.943733946e-12 6.29516993e-12 6.992105191e-12 7.01444217e-12 7.532842869e-12 5.721087807e-12 7.484479032e-12 4.100132886e-12 5.012635221e-12 6.922263617e-12 5.025670979e-12 5.587429304e-12 5.669834572e-12 5.097350377e-12 8.345372729e-12 6.023674171e-12 6.345986679e-12 7.0440528e-12 5.686494426e-12 5.069846953e-12 6.407623592e-12 6.898998915e-12 6.34390243e-12 6.432785196e-12 7.082328698e-12 7.441162418e-12 5.408022908e-12 7.50971763e-12 7.896009477e-12 
6.28695845e-12 6.484531539e-12 5.759673575e-12 6.621914475e-12 5.646056022e-12 6.361076092e-12 6.957918712e-12 6.399435778e-12 5.674086544e-12 7.055769123e-12 6.89780699e-12 3.459896151e-12 7.949539243e-12 6.399492936e-12 7.40487364e-12 6.943353837e-12 9.826936856e-12 5.867793692e-12 8.233675312e-12 6.922104264e-12 4.278481492e-12 4.039518291e-12 7.905860534e-12 7.927767973e-12 5.903987249e-12 8.812854618e-12 6.52071842e-12 7.932231544e-12 7.903021223e-12 5.691313497e-12 6.761703604e-12 7.871895033e-12 7.871834671e-12 7.490914412e-12 6.347648097e-12 6.375395176e-12 8.359650628e-12 5.675516995e-12 6.611972175e-12 5.715542176e-12 6.884096641e-12 5.622731883e-12 8.065393547e-12 6.285104522e-12 5.76709472e-12 5.741814338e-12 5.864823935e-12 6.532073306e-12 7.897092441e-12 6.902645982e-12 5.086771598e-12 7.452643693e-12 6.346723046e-12 8.033470754e-12 6.887753111e-12 5.747714574e-12 6.902900689e-12 4.295180594e-12 6.86997391e-12 6.82823854e-12 6.214211402e-12 8.822909307e-12 5.362964497e-12 6.340358499e-12 7.400695629e-12 5.710483551e-12 8.903048807e-12 6.562174518e-12 7.888713797e-12 4.97374916e-12 7.978192525e-12 6.466153902e-12 6.932822584e-12 8.022094635e-12 7.866504449e-12 6.864988445e-12 7.461947654e-12 7.914391123e-12 5.770605449e-12 7.466913693e-12 9.261442643e-12 6.822156739e-12 6.300825238e-12 6.848792238e-12 6.534986208e-12 7.183798968e-12 7.212004563e-12 5.407033188e-12 8.012807829e-12 6.917066724e-12 5.080398948e-12 7.577650141e-12 7.912739938e-12 9.23039956e-12 6.543994075e-12 7.632465022e-12 4.260513196e-12 5.403113807e-12 7.097567443e-12 5.76561648e-12 8.846976035e-12 
6.449112275e-12 7.497464975e-12 7.152107235e-12 6.33674048e-12 6.976437947e-12 5.722283945e-12 6.898165021e-12 7.36109885e-12 5.854053551e-12 6.943506989e-12 8.363656985e-12 6.995323732e-12 6.442367032e-12 5.841244733e-12 9.640848657e-12 7.501130364e-12 4.920333997e-12 5.118194728e-12 6.934834626e-12 5.781133099e-12 8.412990934e-12 7.658117186e-12 6.37359355e-12 5.630430155e-12 8.124783361e-12 5.707430323e-12 8.373578045e-12 5.099109756e-12 3.132802766e-12 7.946604392e-12 8.370958168e-12 6.448864353e-12 5.746280568e-12 8.828136374e-12 5.074406231e-12 5.96585159e-12 6.304942106e-12 6.979460093e-12 4.47758114e-12 7.032874073e-12 8.339427454e-12 6.477330271e-12 5.780220919e-12 7.438680824e-12 5.647041577e-12 6.41225774e-12 8.791694148e-12 8.396178229e-12 8.160839675e-12 6.290278143e-12 7.327043802e-12 6.392027791e-12 6.987824092e-12 6.481378898e-12 8.04196662e-12 6.461505208e-12 5.865401433e-12 8.832102027e-12 7.439552317e-12 7.094861694e-12 8.613971788e-12 6.905237893e-12 6.46941602e-12 8.390421589e-12 6.48269026e-12 6.341557242e-12 3.130284083e-12 7.984954471e-12 9.599201124e-12 6.81376988e-12 7.558090187e-12 5.161569285e-12 6.420544905e-12 5.732038116e-12 9.214166078e-12 6.146262412e-12 6.847160279e-12 7.010733213e-12 5.071376476e-12 7.577583315e-12 8.051204864e-12 6.847379491e-12 7.056450448e-12 5.019950881e-12 3.657856015e-12 6.32279731e-12 6.362570412e-12 5.80794334e-12 5.038530192e-12 6.882602319e-12 5.017941931e-12 5.755424772e-12 8.466360665e-12 7.107550901e-12 6.934816246e-12 1.040400987e-11 9.160331625e-12 6.462584922e-12 5.136887343e-12 8.684946495e-12 5.346797556e-12 
7.121493451e-12 6.362083771e-12 6.901523238e-12 6.309758701e-12 5.078726574e-12 7.477575928e-12 8.810355886e-12 8.052730593e-12 5.067771144e-12 7.864860785e-12 5.301840758e-12 7.953348844e-12 5.850076579e-12 4.907356783e-12 5.103955046e-12 6.874456244e-12 6.452487639e-12 7.936282182e-12 6.412263789e-12 7.528511617e-12 7.411159076e-12 5.048736865e-12 4.220268562e-12 7.009431368e-12 5.014121807e-12 6.181696556e-12 5.831471305e-12 6.542372998e-12 6.870661531e-12 8.334483393e-12 7.584220756e-12 4.991226611e-12 5.736248347e-12 6.35070303e-12 7.955237012e-12 6.897985917e-12 8.401141076e-12 7.724152156e-12 6.807895698e-12 7.446286511e-12 6.411509004e-12 5.244775753e-12 5.830162328e-12 6.300983468e-12 8.758986128e-12 3.551173477e-12 6.931876091e-12 8.102775008e-12 7.912016619e-12 6.054447252e-12 5.037243512e-12 6.82186684e-12 5.312322679e-12 5.794427103e-12 8.843497698e-12 6.298272587e-12 8.309195401e-12 6.918498587e-12 5.504483364e-12 8.774654443e-12 7.843768547e-12 8.316819078e-12 5.776385369e-12 6.323697972e-12 6.632429374e-12 6.556119447e-12 3.381928297e-12 5.696062668e-12 7.314064549e-12 7.873308108e-12 8.026890827e-12 6.348341841e-12 6.208583275e-12 9.134914579e-12 6.929581977e-12 6.885905046e-12 8.798195545e-12 6.859028227e-12 7.959853469e-12 9.213772089e-12 6.921930354e-12 5.72852734e-12 3.405592424e-12 6.352036689e-12 7.508350739e-12 6.938609206e-12 6.574438169e-12 5.883178091e-12 8.404224163e-12 6.876418658e-12 6.799689945e-12 5.695932004e-12 7.854865184e-12 8.900195917e-12 6.92354426e-12 5.113834091e-12 7.469283271e-12 6.014615432e-12 7.503202654e-12 5.775645186e-12 7.511291428e-12 
6.296223585e-12 6.321349196e-12 4.282612174e-12 6.91277748e-12 5.068367134e-12 6.226854401e-12 8.862877653e-12 8.77558013e-12 5.688067911e-12 7.412230761e-12 7.51824992e-12 6.362026995e-12 5.897903849e-12 9.632943043e-12 4.635874646e-12 7.502160855e-12 6.385315219e-12 9.250885322e-12 6.734901775e-12 5.762557902e-12 5.225146963e-12 8.979135461e-12 7.961743577e-12 5.744730036e-12 7.453797947e-12 8.606347177e-12 8.137707127e-12 5.76639851e-12 5.692630823e-12 5.161545609e-12 6.475009903e-12 7.090995629e-12 7.048839141e-12 7.000153698e-12 6.377410588e-12 6.460255667e-12 8.781618189e-12 7.523676847e-12 5.831721802e-12 5.79768965e-12 4.252464721e-12 8.868634984e-12 5.062828353e-12 8.800961579e-12 6.973989745e-12 7.012174517e-12 6.444356473e-12 6.666955427e-12 5.283296199e-12 9.189386151e-12 4.985814113e-12 7.968455215e-12 6.982999591e-12 7.514288813e-12 6.516113363e-12 7.51362265e-12 7.072338785e-12 8.434618904e-12 7.909319537e-12 6.021634381e-12 7.831428469e-12 4.176676985e-12 3.476513565e-12 6.336671188e-12 9.276023666e-12 8.374426983e-12 6.370356079e-12 7.417147051e-12 7.976144741e-12 7.895295109e-12 8.226788708e-12 5.645388844e-12 4.621457481e-12 6.825682015e-12 6.390083493e-12 6.274846324e-12 6.308099843e-12 6.297725796e-12 8.664909225e-12 5.667184215e-12 7.028216721e-12 6.420579199e-12 7.426166062e-12 8.035376029e-12 6.374948216e-12 7.930787514e-12 6.360765685e-12 5.857004033e-12 6.891392153e-12 8.391853299e-12 8.047509475e-12 9.26508971e-12 4.289362241e-12 7.90356713e-12 7.833935025e-12 7.38584014e-12 4.92789855e-12 6.889390421e-12 8.81339085e-12 6.446833455e-12 7.361041475e-12 
6.303339881e-12 8.818893706e-12 6.911097883e-12 3.60608052e-12 6.082091213e-12 7.239675298e-12 7.46218825e-12 6.360979491e-12 5.010006586e-12 4.26989852e-12 7.862092715e-12 8.840636507e-12 7.485051015e-12 6.081685468e-12 4.982423756e-12 9.100091562e-12 5.001737299e-12 5.224376112e-12 6.427232912e-12 8.438362604e-12 8.543665585e-12 5.08941172e-12 7.900011345e-12 6.791823551e-12 6.934764521e-12 1.052764165e-11 6.111651703e-12 5.773031742e-12 7.413444446e-12 4.924096135e-12 6.324090106e-12 6.899137959e-12 6.998182727e-12 6.297586338e-12 7.967870354e-12 7.464928036e-12 8.731432318e-12 4.245357373e-12 2.295940639e-12 5.859693616e-12 9.197608251e-12 8.471476778e-12 4.994492348e-12 7.914998797e-12 7.03827086e-12 6.966655802e-12 5.88502743e-12 6.247641652e-12 7.444804331e-12 6.871602784e-12 7.340272256e-12 7.986962453e-12 6.32509563e-12 6.824978513e-12 4.160360588e-12 4.994483964e-12 8.748441527e-12 6.410490387e-12 7.866383433e-12 5.657003291e-12 7.458609751e-12 7.916311196e-12 6.920504948e-12 4.958718825e-12 4.385763252e-12 8.397927255e-12 8.04132588e-12 6.024212377e-12 8.012172729e-12 5.757477408e-12 6.343516795e-12 7.031028776e-12 6.904738242e-12 4.374474099e-12 5.048064365e-12 6.547232128e-12 6.086879165e-12 6.345963003e-12 6.785748994e-12 8.089192215e-12 1.810668954e-12 6.269759552e-12 6.926860352e-12 6.31522604e-12 8.217015489e-12 4.983920924e-12 7.426572988e-12 7.448512847e-12 7.485562334e-12 4.745166919e-12 6.507692015e-12 9.213395186e-12 8.044040597e-12 7.899350223e-12 4.83427019e-12 6.881783467e-12 7.418043961e-12 6.954280922e-12 6.382923253e-12 6.823436827e-12 7.98452023e-12 
4.128672112e-12 6.579744102e-12 9.298271956e-12 6.957626431e-12 5.770843064e-12 8.355290438e-12 7.646829243e-12 8.051509934e-12 6.968102533e-12 5.02745575e-12 6.894675133e-12 5.876198268e-12 8.739291124e-12 6.95227684e-12 7.320403355e-12 6.38294974e-12 3.547352335e-12 6.514027895e-12 5.790024626e-12 6.927675822e-12 4.12297861e-12 6.940047019e-12 6.917042525e-12 6.968038212e-12 6.964997442e-12 7.908608517e-12 5.695360294e-12 4.22978904e-12 6.996218553e-12 7.527429116e-12 5.83454314e-12 6.424745927e-12 6.570152435e-12 6.408715371e-12 6.437073287e-12 4.360104877e-12 6.374070341e-12 9.23578197e-12 8.075927109e-12 6.251602169e-12 6.991029715e-12 6.909176109e-12 8.88247937e-12 7.847864718e-12 6.317842312e-12 7.158445338e-12 5.649288063e-12 5.234353531e-12 8.39286115e-12 7.353999382e-12 8.830992338e-12 6.241045802e-12 7.035123669e-12 7.435530525e-12 6.891020898e-12 6.942109465e-12 6.947304556e-12 5.750006432e-12 6.860409174e-12 6.862473489e-12 4.128963536e-12 7.546720055e-12 6.45468323e-12 4.394079376e-12 5.946478865e-12 5.64088694e-12 8.669373596e-12 6.384051573e-12 8.888613812e-12 7.903605325e-12 7.95697626e-12 8.798139958e-12 6.880481593e-12 4.389219855e-12 8.502137038e-12 4.318066967e-12 8.307837702e-12 6.920725821e-12 9.617009742e-12 6.591476671e-12 4.125537081e-12 7.522719481e-12 6.882987362e-12 6.894627009e-12 4.923515481e-12 7.875378095e-12 6.370100316e-12 5.29567736e-12 7.01187067e-12 6.924644248e-12 6.331608118e-12 6.270719711e-12 3.291079075e-12 3.548611299e-12 5.827541798e-12 5.639307909e-12 7.084078464e-12 5.769371302e-12 6.317741738e-12 6.846608655e-12 6.577531275e-12 
5.763684026e-12 4.21526379e-12 6.44387322e-12 5.091404259e-12 7.092944865e-12 6.927900126e-12 6.846124773e-12 7.688598651e-12 6.404136e-12 8.350573682e-12 7.027731963e-12 5.885274916e-12 8.801095731e-12 6.430117321e-12 6.376251813e-12 7.427538571e-12 6.904386723e-12 6.676226235e-12 6.883459753e-12 5.436945857e-12 7.466646526e-12 7.731379943e-12 8.304256301e-12 7.637242597e-12 5.326564907e-12 6.961293877e-12 5.061263738e-12 6.742988005e-12 4.942816957e-12 6.464184599e-12 7.521006063e-12 6.649907768e-12 6.458837985e-12 6.879733742e-12 6.529576653e-12 6.866168886e-12 6.437827878e-12 6.409855562e-12 7.176991941e-12 6.551113673e-12 7.866247327e-12 4.252712886e-12 7.405990501e-12 7.489828103e-12 5.056157436e-12 6.888722167e-12 6.949749766e-12 7.824497674e-12 8.082608026e-12 4.203019815e-12 6.314612211e-12 6.336573724e-12 8.505263513e-12 6.443575206e-12 5.754639758e-12 6.776622639e-12 7.387656364e-12 7.012716853e-12 6.542218268e-12 7.972579935e-12 5.890510006e-12 8.349502498e-12 5.201191345e-12 6.871578274e-12 8.407695512e-12 8.018260589e-12 8.417064214e-12 5.043682945e-12 5.064874844e-12 7.852553115e-12 5.068176601e-12 6.385792212e-12 6.505965676e-12 4.260754928e-12 6.440919799e-12 7.970567792e-12 4.896301206e-12 5.090880034e-12 6.460704141e-12 7.532250397e-12 7.854299082e-12 5.94531965e-12 7.561820024e-12 6.970734919e-12 6.618832351e-12 6.613594181e-12 2.972529742e-12 7.015111567e-12 7.451359213e-12 6.326379899e-12 6.793505087e-12 7.357644165e-12 5.801313337e-12 7.607362011e-12 7.840587561e-12 7.647936746e-12 7.586796647e-12 8.770264197e-12 5.813156298e-12 7.07262161e-12 5.090727276e-12 
6.856761626e-12 5.786092295e-12 6.921812787e-12 5.815555657e-12 5.71942346e-12 8.023998642e-12 7.442663157e-12 7.913978309e-12 5.649851789e-12 6.518762976e-12 5.079815157e-12 5.100294655e-12 7.880897276e-12 5.023301575e-12 6.99003673e-12 6.451165068e-12 7.45979465e-12 5.53185471e-12 6.340806641e-12 6.444397654e-12 5.005273055e-12 7.092455026e-12 5.872202525e-12 7.859481986e-12 7.561314482e-12 3.453289653e-12 6.125597406e-12 8.187298639e-12 6.435155999e-12 5.066386896e-12 5.227058939e-12 6.930969274e-12 5.716586112e-12 7.921576674e-12 5.593592933e-12 5.771136884e-12 8.008435056e-12 6.562489233e-12 4.140903372e-12 5.937246561e-12 6.569544187e-12 6.543787179e-12 5.927382329e-12 6.400272003e-12 7.519968972e-12 9.309950818e-12 5.763022501e-12 7.007561454e-12 6.998226684e-12 8.155769268e-12 5.764313204e-12 6.456346679e-12 5.764796217e-12 7.961672281e-12 4.643853136e-12 6.398920976e-12 7.414972734e-12 4.168613218e-12 8.324976226e-12 4.35366719e-12 4.996624112e-12 5.924302859e-12 5.873212391e-12 6.83016748e-12 6.90617709e-12 5.612444128e-12 5.183992708e-12 7.926682349e-12 6.319594082e-12 7.386080143e-12 8.379427267e-12 6.439732392e-12 6.952390903e-12 7.20797238e-12 4.909851673e-12 4.993479053e-12 6.894188839e-12 6.732969733e-12 5.949963527e-12 7.758374373e-12 6.320571292e-12 5.146692712e-12 4.341899631e-12 8.475323685e-12 6.523510449e-12 6.316142702e-12 7.008445923e-12 7.010912332e-12 5.681427988e-12 6.940073226e-12 8.441688508e-12 8.044412192e-12 6.855625582e-12 8.935634154e-12 7.39916804e-12 7.976059393e-12 5.558994857e-12 7.00238986e-12 5.677681725e-12 5.774480294e-12 3.082390945e-12 
6.328302909e-12 8.335452327e-12 6.884074066e-12 8.357847257e-12 7.387055838e-12 6.307009133e-12 7.399248608e-12 6.444765469e-12 5.353513767e-12 8.825607926e-12 7.052472094e-12 7.402785373e-12 7.383849877e-12 8.392088287e-12 4.439461684e-12 5.784695803e-12 7.050992345e-12 8.607967074e-12 9.197880921e-12 6.971329821e-12 6.944736823e-12 8.463511757e-12 7.984959098e-12 8.415795614e-12 3.523029207e-12 7.339481813e-12 6.581137477e-12 4.593106971e-12 6.918016378e-12 6.336663947e-12 4.163068402e-12 6.98342304e-12 5.811845563e-12 3.116897771e-12 3.605348735e-12 8.435088124e-12 8.319779248e-12 5.025903919e-12 7.234145696e-12 6.411022562e-12 3.128307275e-12 6.385339444e-12 5.994245607e-12 6.014052105e-12 5.757761628e-12 6.380166657e-12 7.641250485e-12 5.03590538e-12 7.361059339e-12 9.637737098e-12 4.115530691e-12 5.14343979e-12 5.405645253e-12 7.75323229e-12 8.073069855e-12 5.78020883e-12 5.6910877e-12 5.015624428e-12 6.181002325e-12 8.440073886e-12 8.348528009e-12 8.019091063e-12 7.861473118e-12 5.142256993e-12 6.434855024e-12 6.032125731e-12 6.416773993e-12 7.980720637e-12 1.042486674e-11 6.872613051e-12 6.387103102e-12 5.340494199e-12 7.661159093e-12 6.453711004e-12 7.424358127e-12 8.158988358e-12 6.290640965e-12 7.019444183e-12 5.040300431e-12 5.662488297e-12 9.307316535e-12 6.482141719e-12 7.499503966e-12 6.015572108e-12 8.538053167e-12 6.977793941e-12 5.815913516e-12 5.047434569e-12 4.560813623e-12 5.68960086e-12 6.353892458e-12 7.401269391e-12 6.90243318e-12 5.670821341e-12 7.608453459e-12 6.013781597e-12 6.2478927e-12 5.201612491e-12 8.801716581e-12 5.840018262e-12 6.85167356e-12 
4.931520607e-12 7.429063347e-12 7.336256278e-12 6.863182344e-12 8.36753471e-12 7.442250334e-12 7.4030731e-12 8.812419918e-12 5.681526804e-12 8.327716482e-12 5.702555621e-12 8.793034852e-12 5.095573715e-12 7.448224237e-12 6.955572496e-12 4.609547948e-12 6.984101336e-12 7.780871596e-12 5.8231126e-12 5.245752696e-12 5.629449773e-12 7.403636559e-12 5.80932367e-12 6.307084552e-12 8.005727746e-12 5.737567086e-12 6.993470016e-12 4.191202697e-12 6.448198616e-12 5.715163716e-12 8.375386731e-12 6.971365575e-12 6.436988102e-12 5.777528082e-12 5.713099315e-12 6.661552864e-12 6.480903204e-12 7.977527853e-12 8.258961098e-12 7.885124618e-12 7.388687502e-12 4.164293782e-12 6.340352051e-12 6.261733131e-12 3.864751226e-12 4.35219591e-12 5.846764409e-12 5.852672778e-12 6.492317117e-12 7.527555883e-12 7.061428704e-12 6.85562058e-12 7.412085014e-12 7.507051462e-12 6.288598786e-12 8.959433995e-12 5.067727599e-12 6.912194418e-12 5.73644152e-12 6.527846265e-12 6.868966442e-12 5.127248214e-12 4.150483956e-12 7.348368178e-12 7.861041349e-12 7.35551454e-12 8.806888412e-12 6.569985804e-12 7.940113829e-12 7.056775906e-12 6.389889121e-12 6.443736319e-12 7.489378002e-12 7.503047897e-12 6.379352043e-12 6.25357004e-12 6.501190527e-12 6.288066351e-12 5.709724341e-12 5.768760456e-12 7.128778882e-12 7.909218565e-12 4.139056406e-12 6.820986743e-12 6.92011638e-12 6.292722837e-12 8.471794652e-12 7.050135256e-12 6.941496257e-12 5.718559445e-12 5.719964294e-12 5.017064966e-12 5.655338368e-12 6.928428909e-12 5.793566717e-12 9.407997478e-12 6.964404048e-12 8.577959372e-12 7.043499047e-12 8.133613344e-12 5.710041225e-12 
# Events [det/det.dat] N:
29 25 23 34 32 21 33 30 26 26 23 27 32 27 36 39 30 14 16 28 19 34 30 33 26 27 26 18 23 28 26 29 28 16 15 35 28 22 33 22 24 24 27 29 24 30 33 26 24 27 31 28 28 29 23 35 21 32 40 20 36 31 25 31 30 31 35 30 20 26 23 28 27 33 40 26 34 26 31 31 25 21 30 27 27 17 32 26 25 30 27 37 21 22 31 32 30 26 24 26 33 
23 22 23 28 17 35 27 27 36 33 27 21 22 24 25 23 28 24 29 30 28 27 33 29 21 26 21 28 26 37 30 32 25 27 32 25 29 29 27 30 34 30 24 27 31 28 26 26 30 17 34 20 38 27 24 31 37 30 37 33 28 30 21 29 14 26 25 21 16 28 29 34 30 16 29 30 23 29 36 27 36 24 34 32 30 32 28 24 31 27 24 30 35 34 24 31 28 30 29 32 26 
21 30 38 26 23 25 26 31 23 30 25 24 23 28 22 31 28 35 29 33 25 28 18 24 18 28 36 25 29 28 25 27 32 27 31 32 36 25 18 29 23 17 27 28 30 25 22 35 31 26 27 28 24 26 33 26 24 23 33 24 27 23 27 29 24 22 30 24 34 25 21 30 33 27 27 31 26 29 21 33 30 30 29 28 36 24 32 29 21 31 25 36 34 16 26 20 38 31 32 34 31 
35 31 29 32 20 26 26 39 34 29 32 29 24 20 26 23 37 25 24 26 25 25 28 35 24 32 21 24 29 33 25 24 28 30 28 30 33 30 37 20 29 31 26 35 42 30 32 36 28 24 42 23 24 32 27 24 28 29 26 29 25 33 28 29 25 36 28 25 30 29 28 27 23 32 33 26 24 25 21 26 34 33 19 28 30 25 33 25 24 27 26 31 29 29 19 31 22 26 25 28 26 
31 31 28 30 25 29 30 30 34 18 28 26 31 28 27 25 29 27 29 26 31 31 33 23 30 27 29 23 32 29 26 30 24 41 31 24 26 22 30 44 34 22 29 23 27 32 30 24 24 28 38 37 23 37 31 29 33 24 25 23 25 30 27 33 21 27 23 30 38 29 16 30 26 28 32 27 28 29 22 31 27 24 22 34 35 28 27 27 27 35 23 20 23 19 24 34 30 27 18 21 21 
22 28 27 37 36 28 30 25 29 30 39 26 44 26 30 26 29 30 27 25 29 19 28 23 24 22 27 33 30 25 32 18 27 25 40 31 18 27 19 30 38 25 36 25 25 17 27 31 30 32 24 26 28 33 22 33 30 29 22 25 20 36 40 30 30 32 25 37 26 32 34 21 33 28 20 21 36 23 34 30 19 19 37 27 35 27 29 22 28 33 26 34 29 29 25 28 34 36 26 30 23 
31 31 27 26 28 24 21 28 31 23 25 34 39 36 33 35 27 32 27 21 27 32 27 31 21 43 29 27 36 32 23 27 29 25 41 36 29 26 35 33 24 27 21 27 29 33 27 24 26 29 33 28 35 37 31 32 29 23 33 31 28 25 37 23 29 26 19 19 34 37 31 28 27 38 29 24 27 20 35 20 36 37 29 38 23 28 31 29 29 42 31 31 29 21 32 42 21 36 28 38 27 
32 21 26 30 27 25 35 33 33 28 31 20 34 20 13 33 34 24 30 31 29 24 29 26 34 34 23 29 23 31 38 34 27 24 32 29 34 40 37 31 27 27 24 28 28 25 37 23 25 29 28 25 32 33 28 24 26 17 20 29 31 23 35 24 32 28 24 20 29 33 30 30 21 29 26 34 28 29 32 39 28 39 23 23 33 28 29 29 24 31 30 35 21 24 26 36 27 33 24 25 32 
16 24 16 29 24 21 25 27 33 29 25 31 23 25 30 31 26 21 27 21 29 27 24 25 35 31 36 31 26 28 30 20 36 32 26 23 26 29 24 28 29 24 40 22 37 22 32 32 23 32 32 32 26 28 25 33 39 30 24 23 34 28 31 36 31 21 21 27 32 25 34 37 27 25 30 23 21 17 25 21 24 33 37 37 21 25 17 33 33 28 26 24 30 40 24 19 22 19 21 25 35 
23 26 31 27 26 31 28 29 31 28 34 23 35 23 30 29 28 28 27 31 34 24 27 27 22 24 31 24 18 21 25 27 17 29 31 36 30 36 23 35 34 40 27 28 24 31 29 27 29 25 32 31 34 31 37 29 32 28 24 30 22 23 28 27 18 23 19 40 20 26 27 27 23 34 22 20 33 28 21 20 33 22 25 29 21 41 27 30 19 18 26 29 25 22 40 33 30 25 16 14 27 
22 30 23 24 35 29 29 32 39 25 28 26 29 39 29 25 32 33 31 29 21 29 25 34 40 25 21 24 24 32 34 24 21 27 39 26 30 28 29 29 27 29 32 37 31 35 26 20 36 31 33 30 31 41 33 29 23 19 27 29 27 31 26 22 26 31 19 30 23 26 33 21 38 23 30 33 25 31 29 23 26 29 25 29 20 26 42 27 28 22 39 20 24 28 26 26 30 24 22 23 21 
33 24 30 32 26 35 28 29 30 34 30 27 25 33 29 28 27 32 28 23 20 26 28 24 30 34 27 31 22 28 33 27 23 30 22 39 40 29 22 30 24 25 32 24 25 42 22 38 28 34 27 30 24 25 21 36 33 25 33 28 24 32 28 26 34 23 37 25 32 25 28 25 25 30 30 16 29 29 26 25 26 34 20 26 24 29 36 18 20 20 25 22 20 25 27 29 26 26 32 19 23 
25 15 27 29 30 26 34 28 18 26 28 23 21 27 36 32 35 22 17 36 33 25 29 22 30 27 27 23 18 30 33 26 30 25 27 29 26 29 27 37 29 34 24 24 27 29 34 33 33 22 25 28 20 30 29 29 29 26 33 25 35 34 26 20 20 29 38 21 31 32 28 23 24 25 23 23 24 26 25 30 24 24 31 28 25 21 28 24 19 31 18 21 26 27 30 21 27 31 25 25 40 
32 31 26 34 20 25 39 40 20 26 31 29 28 38 23 23 28 33 25 32 32 30 36 30 24 29 30 24 28 33 32 21 30 28 27 25 33 20 28 35 29 30 30 34 32 22 27 28 30 36 34 28 29 27 33 26 20 28 33 33 25 31 24 33 32 32 34 32 36 34 27 26 27 27 24 32 25 21 35 41 20 33 20 25 25 20 25 25 17 23 36 28 26 32 31 29 29 28 22 30 31 
38 22 31 17 35 37 25 25 24 30 22 27 26 38 32 26 28 19 26 17 32 24 32 28 29 33 30 36 35 24 30 26 37 27 41 32 33 34 33 20 36 23 26 30 27 36 41 26 33 28 31 40 39 32 26 18 23 23 25 29 28 31 32 37 29 39 24 32 31 20 29 31 28 37 25 21 22 23 31 36 21 29 28 31 24 28 32 28 23 24 39 38 34 34 28 22 27 29 36 18 21 
21 36 18 31 25 19 26 35 20 28 19 33 31 33 22 30 32 34 32 31 27 25 34 31 25 28 22 32 30 23 28 21 35 29 26 22 33 29 32 38 30 27 29 28 33 29 31 33 28 28 28 29 20 30 27 28 40 24 31 28 24 35 29 27 27 27 31 30 28 24 30 27 33 36 29 23 29 36 28 32 22 37 27 28 34 32 31 26 34 27 38 32 33 30 28 28 25 33 32 28 31 
21 29 25 37 30 25 27 22 30 24 23 25 33 20 26 20 24 26 22 27 29 28 25 36 31 14 35 25 35 28 26 31 27 27 26 33 24 22 25 32 27 30 24 28 30 31 23 24 26 34 32 31 18 31 18 38 25 31 34 29 27 22 36 19 31 28 21 22 33 30 26 32 34 27 27 30 25 27 23 28 29 31 29 31 22 31 35 38 25 28 34 26 26 18 30 32 29 24 32 28 20 
22 32 29 24 29 33 30 21 32 30 29 27 25 22 33 28 24 33 33 23 30 27 28 27 20 37 24 27 31 25 27 24 34 20 35 27 30 31 34 43 29 29 22 31 20 27 32 23 32 23 25 36 18 29 29 25 27 23 29 28 27 40 25 24 22 27 28 29 36 30 15 30 45 30 22 31 31 24 29 29 41 37 26 22 31 25 35 27 26 38 33 29 30 35 32 20 30 32 21 24 26 
32 21 33 28 37 36 42 25 28 27 37 31 23 24 32 35 27 23 25 27 27 41 31 21 26 24 32 20 30 33 19 33 33 24 26 18 32 29 34 33 46 25 34 31 24 31 23 36 32 31 27 29 31 26 32 39 28 23 29 25 36 26 28 25 28 24 26 32 35 24 26 26 37 28 23 23 29 27 30 33 21 26 36 28 34 22 20 22 26 27 20 28 29 26 30 27 23 29 26 20 23 
34 31 34 37 31 29 39 23 28 27 21 29 24 32 25 25 23 34 23 23 25 25 28 30 22 26 35 30 33 21 32 23 23 34 24 27 25 32 33 32 27 23 32 35 29 33 25 14 32 24 28 24 24 31 27 22 31 34 30 18 33 18 26 27 21 24 31 39 29 35 30 20 24 29 38 25 36 43 19 17 31 27 22 30 26 33 23 35 37 27 31 39 31 30 32 37 25 27 23 34 29 
25 36 26 31 30 32 25 28 18 37 27 25 27 28 19 26 28 29 30 20 22 21 30 28 28 30 23 29 21 33 22 23 26 17 20 32 22 27 28 30 30 28 30 24 35 22 28 28 26 33 26 20 28 23 28 29 28 30 27 27 40 28 30 29 36 27 29 22 24 15 29 38 19 32 23 23 26 23 20 30 33 24 32 26 20 37 32 26 29 23 25 28 23 28 20 27 22 30 33 27 29 
36 33 33 24 32 36 17 30 32 31 26 35 31 24 33 28 18 25 29 26 21 38 26 35 39 32 34 28 23 37 35 39 40 32 24 29 21 28 28 27 24 33 34 23 27 31 20 27 20 35 33 31 30 32 23 22 28 29 24 25 26 37 25 29 29 26 26 29 33 24 22 23 26 22 38 33 29 19 27 25 27 41 31 27 22 35 25 25 31 16 28 32 31 26 24 30 22 32 27 24 24 
26 27 28 28 35 27 24 30 21 25 30 18 29 28 30 12 24 25 28 23 21 20 34 26 26 19 38 23 41 30 33 34 20 36 31 29 26 25 18 21 37 26 39 23 22 25 36 20 27 27 33 28 35 28 30 22 26 40 31 36 34 23 45 32 32 25 27 20 29 25 32 26 25 23 34 24 26 25 25 20 28 30 33 31 24 30 26 27 36 23 33 33 26 39 21 21 29 30 28 25 25 
43 17 34 24 24 35 34 19 28 30 26 16 31 28 34 19 26 21 38 36 38 23 21 31 30 27 25 28 24 26 27 31 28 29 28 22 31 26 32 33 37 22 37 25 16 20 21 27 20 26 24 18 31 23 34 32 34 32 35 32 23 27 30 34 31 20 27 27 27 24 27 27 35 32 31 21 22 35 36 33 30 35 31 30 20 19 29 20 35 25 26 25 24 30 26 23 25 36 24 26 26 
19 31 26 33 36 23 25 23 27 23 26 26 17 27 22 28 27 30 24 36 23 13 29 24 21 28 23 35 29 26 29 25 27 32 24 23 28 25 33 23 25 31 24 23 26 34 28 19 27 32 37 24 28 29 34 26 28 26 24 32 39 39 31 36 33 34 22 36 27 34 27 24 31 32 34 27 41 33 28 24 34 19 27 25 24 30 35 28 23 27 19 21 38 30 38 34 33 29 28 31 26 
39 23 20 29 23 33 35 30 32 20 29 26 27 22 25 25 29 32 26 24 27 19 31 26 21 22 28 28 30 23 30 26 29 28 21 20 31 28 22 22 24 24 21 22 31 26 25 29 24 31 28 33 22 42 21 26 26 29 26 24 23 21 28 30 22 29 34 38 22 26 21 26 22 36 35 22 23 23 25 31 16 19 25 21 17 24 27 28 21 22 37 22 41 27 30 27 19 33 35 27 25 
29 24 28 16 24 30 29 29 32 12 30 28 22 19 24 32 30 37 36 32 23 31 31 32 34 22 26 32 32 34 17 30 30 35 32 28 31 31 23 31 22 33 24 27 32 29 44 33 35 19 26 30 27 33 27 29 23 33 29 34 23 26 27 27 35 34 34 22 32 34 27 21 32 31 26 25 42 33 38 30 26 24 22 27 32 26 32 37 35 23 21 19 26 34 33 18 35 24 36 26 18 
27 26 29 25 38 29 21 35 25 24 30 24 24 38 36 28 37 35 35 34 28 32 20 32 29 28 26 26 30 29 21 30 35 25 29 29 24 28 22 28 20 29 32 28 25 19 25 21 33 32 30 35 30 28 32 31 32 17 24 28 38 29 28 29 28 18 22 31 34 32 26 29 21 25 25 35 28 29 26 41 28 28 41 33 35 40 22 31 29 26 22 30 25 23 30 32 22 23 32 30 25 
19 23 19 34 35 27 28 24 25 26 25 29 35 23 26 28 24 32 33 30 26 46 25 22 35 27 31 21 33 19 23 36 33 25 36 29 24 29 31 22 19 28 24 24 28 22 29 15 39 27 20 28 36 36 29 24 27 35 23 33 20 29 22 25 35 29 28 29 20 26 30 25 28 29 29 25 35 22 27 19 28 30 27 36 37 28 27 27 38 23 27 29 34 30 22 18 28 26 22 23 25 
39 34 22 30 27 24 33 26 27 23 24 41 33 38 33 28 31 20 32 25 28 33 33 29 21 27 19 30 26 30 27 30 33 29 21 39 31 21 28 21 30 33 23 29 21 31 27 31 30 25 29 22 20 17 17 23 16 33 24 39 28 30 27 36 25 32 34 24 27 31 22 27 31 32 23 27 24 41 17 24 30 37 35 33 32 26 30 27 22 32 31 35 27 19 28 28 20 30 25 28 25 
28 25 25 33 34 32 32 29 30 34 25 38 26 30 22 32 24 26 30 34 32 23 30 30 26 17 28 24 34 29 36 21 29 29 24 25 33 31 32 27 30 20 23 27 34 23 27 26 32 21 21 30 32 19 28 21 20 26 30 27 28 39 23 30 31 23 33 33 26 18 22 25 21 31 26 39 40 29 27 17 19 28 24 22 36 18 30 27 29 32 25 23 30 26 28 28 23 34 21 21 24 
23 31 24 24 24 21 31 28 24 31 36 31 30 25 29 29 23 23 31 27 24 22 36 32 21 33 28 30 23 23 20 22 21 16 20 26 32 23 25 35 31 27 24 27 27 21 22 27 26 35 32 24 26 28 33 32 34 32 20 20 31 22 49 25 38 29 23 23 30 32 23 23 34 34 28 23 33 34 35 29 30 24 21 21 33 26 30 30 35 30 20 31 27 35 36 27 25 17 33 27 19 
23 26 22 21 27 37 29 24 25 36 36 36 25 27 25 40 22 29 25 26 25 27 39 37 28 22 23 30 31 30 32 35 22 28 38 29 26 20 25 30 35 27 27 26 24 22 27 30 34 22 24 27 37 27 28 16 22 25 34 21 27 22 29 21 21 31 33 25 33 29 24 30 36 22 28 35 31 31 31 20 27 22 30 23 39 27 26 24 25 24 27 29 41 18 27 20 25 33 30 19 28 
25 31 32 31 22 27 26 31 35 28 18 24 30 29 28 26 21 21 20 22 27 23 25 30 26 32 26 22 34 38 21 33 24 24 20 23 31 26 25 33 21 32 17 34 31 39 20 27 34 30 31 34 34 31 31 27 31 31 31 36 30 29 21 31 27 28 38 23 35 28 21 29 20 23 34 28 30 40 31 26 27 27 35 29 25 32 26 27 29 23 39 29 23 36 27 30 24 17 15 28 30 
28 28 20 20 26 17 19 36 23 29 22 20 20 29 19 29 24 30 39 22 35 28 24 20 22 23 30 33 33 30 34 33 23 25 27 27 32 26 22 39 24 25 31 24 39 23 23 19 35 25 30 21 30 27 25 28 26 19 21 29 26 28 22 35 26 23 22 27 32 27 34 31 45 23 23 17 25 36 37 34 31 22 32 20 34 23 37 30 19 39 31 30 30 27 22 26 27 19 25 27 24 
23 34 28 16 31 27 40 28 35 30 25 30 25 30 22 30 28 27 23 25 26 33 28 41 23 38 25 36 28 30 40 32 27 30 26 32 28 31 36 31 32 25 36 28 29 27 35 17 27 23 27 29 24 37 22 33 31 29 30 30 20 23 23 30 31 26 38 24 26 26 24 32 30 41 37 26 21 29 30 35 29 33 24 21 36 23 33 24 21 28 37 32 26 33 26 24 31 29 27 25 25 
32 31 34 29 28 28 29 27 30 32 27 39 39 26 33 13 30 36 23 22 23 20 28 28 37 23 22 38 26 23 29 24 29 37 30 32 35 26 26 28 31 26 31 31 30 35 25 29 25 30 31 29 25 28 31 28 16 34 22 31 35 23 24 22 19 30 22 23 30 26 21 27 25 17 27 24 29 26 33 35 24 24 27 23 21 30 28 32 27 29 23 28 27 24 30 28 23 24 30 23 30 
33 24 28 26 29 27 25 24 21 30 25 32 25 20 39 20 25 33 32 23 29 28 37 35 28 23 27 27 30 32 23 31 33 31 28 39 24 19 31 35 24 33 34 34 38 32 31 35 17 27 26 39 30 26 29 29 20 28 24 30 20 23 39 24 39 25 23 27 27 33 35 33 27 22 16 36 33 26 29 30 30 31 29 34 40 33 30 43 24 30 32 37 38 29 32 24 29 30 25 35 23 
28 35 27 26 22 22 38 31 26 23 28 29 39 27 33 31 34 23 22 36 29 21 29 22 30 28 29 25 34 31 34 22 33 40 35 24 24 31 24 33 29 27 24 25 27 37 34 21 23 28 27 26 29 30 34 31 23 38 26 35 32 30 32 33 32 29 33 25 22 33 26 27 27 18 32 21 24 17 34 19 36 29 39 25 28 29 31 29 29 36 27 37 26 28 27 32 21 26 23 35 27 
27 23 25 34 30 29 29 29 44 37 24 36 30 21 30 23 28 28 25 28 35 28 34 30 37 25 29 28 27 21 24 23 30 18 35 26 38 24 30 23 38 24 38 35 31 18 35 28 29 28 22 26 22 32 19 32 26 33 31 34 29 35 32 30 21 33 30 25 22 29 29 24 44 34 31 31 28 37 20 32 24 33 40 37 28 31 32 32 24 21 27 27 25 23 24 27 34 40 24 24 21 
27 27 25 30 33 20 19 27 26 28 22 37 33 29 31 32 23 21 25 23 23 33 20 21 30 30 30 27 35 30 29 30 24 32 28 30 16 33 28 35 35 29 23 26 27 28 28 23 24 37 22 31 19 22 26 26 25 27 20 27 23 26 26 37 25 23 37 35 24 17 28 33 27 33 24 35 24 24 18 29 28 32 34 23 26 34 31 34 30 29 30 22 23 40 26 37 33 33 30 19 27 
32 29 26 30 24 27 41 37 29 19 33 19 33 27 26 29 29 25 26 26 30 27 30 23 27 19 31 38 23 32 25 27 29 17 27 20 31 22 37 24 30 24 23 35 37 31 28 33 30 33 23 26 33 29 28 22 26 26 35 29 20 26 23 36 31 21 24 27 26 21 26 24 28 25 33 23 35 27 31 30 32 20 33 33 22 32 33 28 25 30 32 26 33 24 32 29 24 30 30 30 42 
29 21 24 24 29 35 27 25 25 33 30 26 34 29 26 26 31 24 26 21 42 20 25 19 31 25 27 38 20 29 21 29 37 27 23 30 27 31 22 35 27 28 21 27 22 24 26 25 25 34 36 35 20 31 36 21 24 36 36 31 31 35 31 31 34 29 25 24 21 41 35 27 29 27 22 31 24 28 27 32 26 26 24 27 28 41 27 18 28 26 28 28 22 23 25 26 33 33 34 25 25 
34 22 23 29 26 35 31 22 31 32 28 26 24 30 29 26 38 31 28 35 28 32 35 33 29 21 19 35 31 23 37 30 24 29 30 32 31 34 16 29 32 20 39 34 21 30 27 32 32 34 42 28 30 36 29 20 18 29 25 28 34 27 25 28 38 34 33 31 44 30 26 32 23 28 37 30 19 19 30 24 29 26 22 26 28 32 26 31 33 18 27 33 33 26 22 24 23 28 25 32 22 
23 30 36 23 28 21 30 27 24 25 20 27 25 26 31 28 25 39 30 32 33 24 23 26 35 35 32 30 35 25 29 35 20 28 23 40 23 29 22 18 29 32 33 20 29 24 31 32 28 33 29 30 31 35 30 30 30 23 29 19 26 29 28 26 26 30 33 28 34 23 30 29 28 30 34 32 32 22 25 18 22 32 36 28 32 37 33 33 23 29 33 36 35 23 20 23 33 24 27 30 17 
15 23 36 32 30 36 21 30 25 30 31 31 24 24 27 21 30 32 29 22 31 36 30 23 33 32 27 37 25 30 33 38 26 27 29 23 27 23 32 30 25 27 23 27 20 29 25 25 34 24 22 26 29 35 24 31 35 30 27 24 29 25 27 28 25 27 28 33 25 40 25 24 20 18 27 28 39 39 29 25 33 27 29 28 40 30 23 29 31 32 48 20 27 31 27 21 31 26 31 23 25 
34 25 28 39 32 34 32 32 25 29 28 33 18 34 24 30 22 31 30 19 31 30 26 32 21 27 23 39 28 29 38 24 29 31 26 33 31 28 36 28 28 28 19 28 31 22 29 27 31 35 30 18 32 31 30 34 31 32 34 31 35 26 26 25 34 22 39 22 30 34 27 37 28 27 25 40 26 45 31 27 29 37 31 21 34 34 28 28 35 27 31 23 30 26 21 28 36 25 39 29 32 
27 24 26 36 27 24 30 27 26 22 28 30 32 31 33 26 32 22 26 31 22 27 27 23 30 23 29 27 32 24 20 31 32 25 27 30 23 31 34 27 26 31 28 37 32 22 37 19 31 32 22 33 31 19 29 38 26 33 29 24 25 33 23 27 23 26 27 20 28 22 28 33 27 27 30 25 29 18 38 25 33 31 23 34 36 24 20 31 22 32 25 26 32 30 25 17 35 16 31 26 25 
29 28 24 33 33 25 24 29 27 30 27 24 25 22 31 34 30 33 32 35 34 21 40 31 31 31 30 30 41 34 33 30 22 23 30 28 28 28 32 27 32 21 25 29 33 38 30 21 27 31 35 33 28 36 18 27 30 28 35 21 35 24 28 31 23 20 22 32 27 19 38 31 26 26 24 23 38 22 32 30 27 19 33 27 32 23 31 29 28 30 23 23 38 34 34 28 22 22 22 28 20 
28 35 34 32 28 24 29 32 33 30 34 31 21 39 30 25 23 27 31 27 33 31 31 24 26 18 20 26 35 35 24 31 37 28 38 22 26 38 32 27 28 31 27 21 32 26 33 34 31 34 24 26 30 33 30 31 21 32 23 27 27 33 28 25 29 23 32 24 25 38 30 29 26 32 23 28 21 30 35 26 32 22 27 37 19 28 26 23 19 28 18 28 20 21 46 26 26 33 22 34 23 
25 23 29 32 18 28 27 23 31 25 27 26 27 42 29 35 26 37 33 24 23 33 25 37 23 21 37 22 31 32 32 33 30 34 26 31 31 29 26 25 32 26 26 25 23 24 28 25 29 29 32 37 30 26 28 32 22 20 30 24 33 31 30 27 17 43 24 29 34 32 26 36 26 28 23 30 18 26 26 36 39 28 30 36 27 47 33 22 40 22 27 40 24 31 21 33 21 19 32 20 25 
19 32 26 28 38 34 33 31 19 34 26 25 20 29 27 33 29 29 25 30 24 22 28 25 28 36 29 32 37 28 33 26 32 25 29 27 28 20 30 27 27 27 28 24 36 26 29 35 31 32 33 20 33 33 33 19 30 26 27 28 26 23 23 37 29 37 23 33 34 41 25 26 33 29 19 27 30 37 24 22 31 18 22 26 21 45 25 24 46 27 31 26 39 30 29 18 29 22 39 28 22 
28 30 18 28 24 31 33 34 26 26 27 30 32 29 18 29 39 32 30 29 28 25 23 31 27 31 26 22 35 27 38 35 29 17 24 28 32 23 32 27 30 29 26 20 29 27 28 33 19 27 27 31 26 22 28 24 31 17 23 17 23 29 34 25 20 32 27 32 40 15 24 23 35 24 24 22 30 23 35 27 27 24 24 17 20 30 29 37 26 31 24 27 28 25 22 30 31 33 29 24 28 
21 29 26 28 26 29 26 32 26 30 20 34 28 32 26 29 25 31 17 27 24 25 35 33 25 37 38 33 28 33 22 29 29 18 42 35 36 22 29 31 29 19 23 24 20 24 25 34 27 20 23 23 20 27 33 27 24 32 26 37 30 32 26 27 23 41 41 35 31 24 24 32 26 35 31 26 20 34 26 38 29 31 32 35 24 28 24 26 24 23 25 25 28 23 28 26 33 27 25 28 28 
29 22 24 32 29 34 27 27 28 27 22 33 29 33 39 32 29 23 28 38 26 34 36 36 33 31 30 30 31 34 23 29 18 33 31 31 23 22 32 25 23 29 25 30 36 25 26 25 29 21 28 28 27 27 28 32 22 28 30 28 22 28 26 30 37 26 32 27 29 23 21 26 32 31 27 26 33 18 28 19 28 30 28 41 28 21 21 34 29 29 32 30 26 28 33 25 30 27 22 27 21 
28 14 37 23 26 31 25 39 24 31 21 29 35 28 21 31 25 26 19 21 32 22 29 20 32 22 33 20 38 33 18 30 29 30 30 33 35 20 25 26 31 28 32 21 32 26 31 31 29 24 27 25 37 28 27 29 20 44 29 26 23 21 29 34 19 30 38 26 39 35 29 24 27 22 26 28 26 23 31 19 21 23 29 21 25 35 29 23 28 39 32 33 29 31 28 31 28 25 28 26 23 
24 29 42 25 27 32 30 25 25 26 28 35 20 30 28 29 30 22 32 23 22 31 40 36 31 26 20 26 35 37 29 24 18 25 22 32 28 29 31 28 37 22 32 31 21 29 18 26 31 24 23 38 27 34 27 25 19 22 28 32 36 27 36 24 27 20 25 18 29 32 35 28 33 27 26 27 26 21 33 29 29 28 29 24 31 32 31 30 31 35 27 31 28 27 31 29 28 26 42 26 21 
39 25 34 24 23 21 27 36 35 30 22 29 35 14 35 21 26 20 34 30 32 33 24 39 33 23 36 17 37 25 25 29 45 32 29 28 32 25 30 25 32 35 31 25 39 29 26 30 23 28 27 29 27 29 24 24 31 25 26 30 28 27 22 33 36 22 27 21 28 33 27 21 31 40 31 33 34 21 32 38 31 28 35 27 28 29 34 29 23 30 27 27 29 26 26 29 27 26 24 19 33 
26 29 26 34 25 25 28 26 26 32 27 25 25 31 35 26 26 28 39 25 28 26 27 31 26 39 33 28 25 36 26 35 27 27 25 29 37 25 29 30 20 33 30 36 35 27 25 23 28 25 33 28 26 36 21 31 30 34 24 19 25 29 33 32 34 32 24 26 26 29 26 31 26 37 24 16 34 31 27 36 26 20 24 18 32 28 31 38 19 29 30 36 31 38 29 24 28 34 23 28 21 
36 29 27 33 24 34 30 35 31 26 24 30 21 23 25 31 24 23 27 33 27 38 32 29 28 22 23 21 35 36 29 31 32 23 27 31 23 26 33 23 24 38 31 28 28 24 27 26 24 22 33 21 22 24 24 30 23 21 31 40 29 33 37 34 20 24 36 31 32 23 25 29 34 30 31 32 32 35 30 25 29 31 21 31 34 24 25 28 27 31 27 24 31 34 34 33 29 30 39 39 25 
26 24 30 32 22 27 36 30 36 32 36 30 32 37 27 25 35 29 26 34 21 29 28 19 34 26 26 24 36 25 33 26 28 28 32 21 26 29 26 32 33 31 24 32 27 29 40 27 26 28 30 23 34 27 36 33 24 29 26 28 33 24 30 22 17 31 29 25 30 21 29 31 27 35 31 24 22 22 30 37 29 35 31 26 27 28 22 27 25 24 34 31 25 30 31 40 41 31 32 22 36 
22 27 30 24 22 32 31 35 33 25 31 28 31 20 21 31 19 27 22 24 28 20 27 30 35 17 35 28 19 26 32 32 30 32 29 23 29 33 26 27 26 32 25 39 31 23 28 19 25 30 26 27 33 38 43 29 29 26 21 20 18 19 32 29 20 31 30 35 38 29 29 29 20 25 27 27 16 26 34 24 33 30 27 26 25 24 33 40 31 28 30 27 21 25 24 28 30 31 21 34 21 
28 25 23 26 28 41 25 28 23 16 25 27 23 25 25 23 28 34 35 27 37 25 20 16 32 30 22 34 27 27 27 38 30 31 26 25 30 14 31 32 24 32 22 33 29 30 19 39 33 26 30 28 28 28 34 25 24 23 25 21 16 26 37 35 26 30 28 27 38 23 24 26 27 42 32 27 24 31 20 29 34 33 32 23 28 36 26 30 35 26 28 27 30 27 19 33 30 30 22 29 21 
32 31 30 26 26 28 19 19 19 23 39 32 34 20 39 23 29 19 24 25 25 19 25 32 33 31 29 29 30 21 22 31 26 28 23 23 15 30 34 22 42 29 27 34 28 27 31 29 15 25 24 20 36 25 25 24 31 38 27 26 21 28 22 25 30 35 34 29 29 31 19 30 35 33 25 25 25 23 32 40 26 25 30 26 18 23 24 26 18 27 29 21 27 24 32 23 34 28 19 26 26 
25 27 31 33 24 24 30 21 31 25 27 29 25 27 24 43 29 27 27 32 22 35 25 34 32 24 29 29 25 31 26 21 38 30 27 28 27 23 31 30 16 27 33 31 27 26 28 23 25 27 27 25 24 22 27 25 22 28 30 20 28 28 31 30 26 32 28 25 33 43 36 29 22 24 20 28 39 20 29 27 27 34 37 25 22 33 23 26 34 27 31 34 29 29 26 22 22 33 27 28 31 
35 26 22 21 23 28 28 25 23 34 32 34 15 27 21 29 33 24 36 35 30 28 38 22 35 28 20 36 25 31 32 27 22 20 26 26 32 26 26 22 33 23 31 29 30 33 25 31 30 30 27 34 31 22 30 26 36 29 21 36 18 32 18 27 25 25 31 23 21 32 23 24 39 32 30 30 22 32 29 27 22 26 31 19 20 26 32 35 35 18 28 20 37 31 34 28 28 31 31 28 29 
23 32 37 33 32 32 36 30 31 21 27 32 22 25 27 26 25 32 26 20 22 32 21 37 30 21 20 36 36 32 23 41 33 36 26 33 25 22 27 35 36 21 29 30 31 32 34 20 32 29 21 29 20 27 31 27 20 18 15 28 19 24 31 36 25 24 29 30 18 28 21 32 32 20 34 30 32 33 27 28 25 28 27 38 26 30 33 18 31 27 31 15 26 33 24 19 33 28 23 35 34 
22 40 34 37 26 17 30 28 26 35 28 29 32 25 29 32 28 28 35 30 25 30 29 29 19 33 31 13 34 26 28 35 28 32 20 25 26 21 30 26 31 36 18 27 28 29 27 30 23 28 25 29 30 29 31 24 30 41 24 20 28 36 37 28 23 22 36 26 28 27 28 23 37 19 31 21 32 25 38 24 29 27 30 20 29 28 21 22 35 27 15 36 31 19 19 24 26 37 27 29 28 
32 24 24 28 30 23 18 21 39 32 33 32 27 35 32 30 30 26 29 33 31 29 29 19 31 24 25 40 31 37 16 24 31 36 24 25 21 36 29 30 34 41 18 23 28 39 27 19 30 32 25 24 22 32 23 34 32 24 24 21 20 24 32 31 29 23 28 23 28 34 31 42 31 26 33 27 20 17 32 36 18 34 36 21 38 30 31 29 21 23 30 27 29 24 22 16 28 29 27 22 22 
23 37 19 28 28 27 30 24 22 34 28 33 22 30 28 29 36 28 21 29 36 25 29 28 42 30 27 35 26 29 36 28 35 37 24 27 27 29 30 31 25 26 29 24 34 31 27 24 23 26 31 21 19 28 35 33 32 27 18 29 26 30 35 25 24 28 35 31 30 39 27 25 27 38 17 22 30 26 25 27 23 29 28 30 40 30 32 24 27 17 20 24 27 26 26 26 22 35 26 17 29 
29 28 23 34 28 31 25 32 30 20 24 38 27 25 33 21 24 30 29 34 30 24 22 26 37 31 23 34 25 28 24 22 28 23 30 29 28 23 31 24 29 46 31 24 25 33 29 24 24 41 31 27 30 37 28 26 31 24 24 25 30 31 31 32 30 34 35 27 32 26 32 26 33 30 25 38 32 28 24 27 34 36 32 33 25 29 32 26 28 26 30 29 33 29 27 28 38 22 26 27 36 
33 28 33 22 29 27 27 23 28 30 22 29 20 28 28 20 38 20 35 25 30 32 33 34 30 27 38 27 19 22 19 24 34 25 35 28 22 24 24 18 40 26 29 35 30 31 27 23 28 13 32 33 24 20 33 28 33 24 29 21 24 28 22 16 32 24 37 21 22 30 30 32 33 36 24 29 29 25 27 34 28 24 28 31 29 33 25 39 36 32 25 25 25 22 30 32 19 19 32 21 21 
18 22 30 24 28 35 16 26 31 17 26 20 22 25 22 35 16 37 26 28 32 35 31 31 27 32 19 22 24 22 28 31 24 24 27 29 21 26 37 33 42 31 27 24 35 30 31 31 25 37 20 32 31 35 27 24 26 33 36 31 33 26 32 31 30 29 25 24 28 43 29 27 33 35 22 21 24 29 33 29 39 27 30 25 23 42 33 30 28 31 28 30 28 33 26 28 23 26 33 35 31 
18 25 28 32 41 29 22 22 27 33 23 31 36 27 31 27 16 33 28 18 25 24 18 18 30 27 30 25 26 28 18 27 22 29 33 30 21 23 26 30 27 32 22 31 24 33 25 23 25 28 23 31 33 30 29 30 22 35 27 27 38 35 25 28 28 22 26 36 22 29 38 27 23 25 26 28 24 32 28 41 26 29 26 33 24 33 26 28 33 32 20 25 32 25 39 31 40 30 36 26 26 
24 28 25 34 26 23 34 19 31 19 23 33 31 29 17 33 26 26 32 26 24 33 37 23 32 24 37 22 34 28 37 29 28 21 30 26 28 32 26 25 38 25 31 28 26 24 38 28 33 44 24 32 30 30 27 24 24 26 31 27 22 31 26 22 28 27 32 27 32 29 33 36 36 24 33 26 23 29 33 33 21 27 18 31 30 31 29 30 27 29 27 35 25 30 33 26 19 27 15 24 26 
31 24 28 24 29 19 26 27 30 29 26 23 30 34 40 19 24 19 37 32 33 30 21 32 31 36 31 29 24 31 30 33 28 36 29 32 17 26 28 29 25 29 27 26 35 29 25 23 27 37 20 25 38 22 33 23 15 30 26 23 24 31 32 31 26 28 32 28 30 26 30 20 40 26 32 26 34 27 33 29 27 27 24 33 30 25 28 37 24 33 26 18 38 32 28 20 23 14 26 31 28 
22 32 20 19 33 28 28 28 29 33 31 34 21 31 27 30 32 26 34 32 30 25 31 28 26 35 19 27 24 29 28 24 20 22 28 22 25 22 29 20 31 34 27 33 26 33 25 32 22 30 27 29 34 34 22 30 23 36 23 22 23 39 35 43 27 26 31 26 29 26 24 31 26 29 25 31 24 28 24 25 33 39 32 18 25 29 31 31 21 23 24 31 29 29 32 42 34 31 25 24 34 
25 30 23 29 28 26 28 42 29 29 21 29 33 23 36 32 28 33 29 26 36 34 27 38 28 35 27 31 33 30 32 29 20 28 23 28 31 22 26 34 28 36 33 21 19 31 27 33 23 29 34 21 36 21 32 24 34 24 16 25 32 25 29 34 37 41 24 31 29 35 32 44 23 22 29 28 33 31 34 27 23 30 28 22 19 27 28 26 24 22 31 30 29 27 34 28 27 20 28 22 23 
33 37 26 34 22 32 25 32 23 32 21 20 20 27 29 23 40 33 23 31 33 32 27 25 30 31 29 27 32 25 27 34 24 27 32 27 28 26 31 22 23 28 26 42 20 23 25 31 22 23 23 34 31 33 31 27 33 28 24 26 22 26 29 28 31 33 32 35 32 24 25 24 24 28 31 32 29 39 22 28 32 37 26 30 27 26 43 34 28 23 31 18 30 27 24 38 28 20 20 27 21 
24 41 25 29 29 27 28 28 27 27 35 28 28 30 30 30 23 26 19 41 39 36 33 29 26 27 31 24 25 32 31 31 24 34 31 31 21 31 36 26 29 26 30 25 30 25 25 20 25 32 28 26 28 21 21 26 31 24 32 27 27 30 33 21 26 36 23 23 35 21 27 27 32 41 27 29 22 33 38 35 29 28 24 29 29 33 28 26 23 24 25 26 27 17 24 27 30 25 26 33 34 
21 25 22 42 32 25 29 24 27 31 23 28 36 25 38 37 30 21 28 29 24 36 20 29 31 31 22 24 35 15 26 23 27 32 37 23 25 32 22 30 21 32 23 33 27 24 26 32 33 21 16 27 36 35 26 25 41 28 30 20 37 38 24 29 33 37 19 39 25 41 26 21 24 27 25 29 36 25 20 27 36 30 34 21 31 26 37 22 39 28 28 26 28 28 27 30 40 29 19 27 29 
31 27 24 27 29 34 29 21 32 29 29 26 32 29 30 31 32 30 29 30 25 30 36 25 25 20 26 27 29 20 25 30 30 34 27 26 31 19 36 22 27 21 28 30 27 25 24 24 27 21 30 26 22 36 23 33 31 28 22 30 30 34 25 19 25 28 25 35 25 34 23 35 29 28 31 31 33 25 33 29 32 26 31 30 32 31 20 35 21 24 27 27 22 19 28 33 30 27 26 28 33 
21 28 16 20 27 34 31 34 28 27 26 30 27 33 34 33 33 28 26 29 29 29 27 25 31 34 26 38 23 18 27 23 26 28 35 19 29 32 36 19 16 34 29 23 22 24 31 22 21 32 18 30 23 24 32 23 30 31 27 34 30 28 26 21 32 42 25 33 25 29 33 29 18 27 43 34 27 23 29 33 21 29 37 29 26 33 31 32 33 32 35 26 23 35 31 25 27 26 24 31 23 
25 38 19 22 34 24 23 33 30 27 23 29 27 29 26 25 23 26 38 31 33 32 35 38 24 21 31 22 25 33 33 20 36 21 30 19 27 25 32 37 33 24 21 20 26 32 36 22 25 28 26 25 31 26 34 32 22 34 30 36 32 27 37 24 30 27 26 35 29 27 28 20 25 30 40 27 31 31 38 25 35 28 22 23 34 26 30 30 30 26 29 28 28 21 28 41 34 25 28 23 30 
18 25 24 26 33 24 31 26 25 30 28 30 22 30 28 27 32 21 21 20 25 24 21 28 31 29 22 24 31 28 30 28 18 25 20 32 20 32 29 29 27 31 15 32 30 18 28 22 24 36 27 33 34 23 24 28 22 33 22 24 27 26 33 23 24 19 36 33 40 30 20 23 36 14 24 26 27 27 31 23 23 31 33 25 32 34 24 33 34 38 20 30 27 27 30 30 28 35 30 28 20 
34 39 32 31 35 28 23 29 22 27 23 31 28 30 32 33 28 26 26 31 38 31 28 27 30 29 27 24 24 25 28 29 34 25 24 33 27 26 28 30 33 34 26 27 32 23 25 29 26 20 34 37 27 24 34 33 23 23 31 25 33 29 27 36 29 33 29 26 30 35 37 32 25 21 32 29 33 31 20 29 33 25 21 36 35 23 26 31 36 28 22 16 21 18 27 21 24 21 23 30 32 
26 27 30 34 22 30 41 24 44 32 27 29 29 33 36 28 31 20 25 28 26 18 38 31 31 28 35 28 21 28 20 22 35 31 28 34 37 29 32 34 26 30 31 32 27 24 36 24 34 21 29 30 29 15 22 28 24 32 27 26 37 28 30 37 37 31 19 34 22 30 42 35 23 29 24 30 36 25 22 20 24 20 31 29 31 30 23 23 29 26 21 29 24 31 36 28 18 26 23 35 20 
29 27 37 24 28 20 23 33 25 33 26 28 22 22 32 26 30 34 30 33 29 22 20 33 32 28 26 26 38 22 29 17 19 21 21 20 33 27 21 22 28 28 40 34 33 38 22 26 32 26 32 31 26 34 31 33 27 25 35 31 31 17 20 26 24 28 26 36 30 27 31 24 25 25 18 27 33 31 30 31 29 37 21 34 42 23 31 26 28 26 27 28 27 29 32 32 20 29 26 30 27 
31 30 30 36 24 31 27 39 24 22 26 23 19 22 23 17 25 31 36 26 25 36 27 32 33 25 35 28 26 29 30 20 29 21 31 35 25 31 37 25 28 27 26 32 23 35 30 33 28 28 41 24 26 36 28 28 35 29 31 24 27 31 28 33 28 22 19 34 33 27 31 30 24 29 30 24 30 24 32 30 19 29 21 24 26 27 30 28 27 20 28 21 35 24 33 25 30 28 26 30 31 
33 33 27 25 33 21 32 25 28 33 30 27 36 33 22 33 30 22 22 18 28 28 30 32 28 27 34 25 21 26 20 27 40 38 28 20 29 28 21 25 36 39 28 41 32 29 30 28 26 29 34 26 21 41 29 26 26 24 31 29 23 22 31 30 31 30 37 28 29 32 25 29 32 30 29 28 22 37 32 24 33 31 25 31 30 23 39 29 28 28 31 21 38 33 36 32 36 35 30 31 32 
38 37 28 28 25 28 23 37 31 26 23 29 19 37 26 29 32 33 35 31 36 27 36 32 23 28 29 29 22 28 29 38 24 30 26 29 23 28 27 29 29 30 26 22 26 23 26 27 26 29 28 28 29 21 31 36 23 30 22 33 35 26 25 26 24 25 31 30 23 32 35 31 29 22 27 25 32 18 30 28 20 30 24 18 26 23 24 35 32 33 25 28 21 29 24 28 36 23 40 23 35 
25 28 27 34 28 24 26 26 25 24 30 22 31 27 24 32 32 31 34 24 20 19 30 27 29 25 32 30 31 23 32 32 25 33 24 22 30 26 31 32 29 34 41 32 28 25 31 28 28 17 22 37 23 35 34 20 27 30 26 26 33 29 22 28 28 27 32 20 31 19 37 27 24 32 32 21 37 40 30 24 28 25 33 32 36 28 37 16 34 29 25 42 28 28 32 33 27 38 24 22 31 
22 32 37 33 25 26 31 22 23 34 28 25 25 26 34 37 14 27 26 27 39 28 20 19 34 31 22 26 24 33 25 28 26 31 30 31 34 28 23 38 23 34 25 27 21 27 37 29 33 23 24 27 28 33 30 29 38 37 29 29 31 38 35 35 28 20 19 35 37 30 39 22 31 23 37 33 27 30 27 31 32 37 25 26 30 20 26 23 22 20 30 28 31 23 23 36 33 32 29 32 29 
30 28 37 28 33 34 41 27 23 20 19 23 27 19 23 22 34 32 27 27 23 18 24 36 27 20 29 23 23 30 27 25 30 33 31 24 35 32 17 28 21 30 31 23 32 26 29 29 32 36 20 30 21 23 33 26 31 28 27 38 28 24 27 28 28 27 25 16 23 26 34 29 20 32 30 28 33 24 25 32 30 24 21 33 29 25 30 24 27 22 22 22 27 35 25 24 24 28 29 26 29 
29 24 26 28 19 31 33 32 28 26 27 36 24 33 31 27 27 39 28 21 25 31 26 24 27 40 33 23 28 22 27 27 37 35 20 22 31 26 26 25 24 41 29 29 35 29 24 26 22 34 25 25 34 33 32 34 25 34 33 39 25 23 27 29 31 29 27 23 30 27 31 17 27 24 27 24 22 22 27 23 29 35 25 25 22 34 31 29 28 24 31 36 20 35 25 31 20 22 34 26 26 
18 27 26 24 33 24 28 30 25 21 25 29 30 18 23 28 18 30 33 33 30 21 36 30 33 31 25 27 30 22 22 33 35 21 31 33 31 25 28 22 37 30 24 24 32 25 31 22 30 28 19 25 28 28 18 26 34 27 25 20 32 26 25 30 25 34 36 30 30 19 30 23 22 23 22 30 30 23 22 37 23 30 29 26 31 26 31 23 32 27 28 28 44 31 28 29 19 21 26 23 32 
25 27 35 34 20 31 34 24 28 20 27 33 29 24 34 22 26 25 28 30 26 27 27 30 27 36 24 21 26 31 26 25 39 26 29 21 26 33 29 16 22 30 35 26 24 26 24 26 31 24 30 24 22 26 32 32 36 25 24 24 24 29 30 23 28 26 34 27 33 26 32 32 25 19 25 24 24 22 33 32 18 34 21 22 22 38 23 29 25 30 24 23 25 25 29 27 31 29 30 21 33 
23 22 29 23 26 29 30 35 29 28 46 24 41 33 18 29 27 28 23 30 30 34 27 39 31 28 27 38 22 26 30 30 26 25 22 31 30 25 28 27 23 29 30 35 16 23 32 29 35 24 23 25 35 31 21 22 31 25 24 34 27 28 21 28 23 31 33 22 20 19 28 27 38 19 38 32 21 31 21 27 28 31 34 32 35 25 18 28 28 26 20 24 28 34 24 31 22 31 35 36 21 
17 30 27 19 26 36 30 38 23 31 22 23 22 24 20 25 22 17 22 27 18 30 32 26 32 23 35 26 33 18 32 29 24 42 21 27 31 39 18 32 27 38 29 20 31 36 18 27 21 32 29 27 24 35 22 25 21 17 27 24 16 38 20 20 33 22 25 27 28 19 39 28 26 24 24 28 28 32 32 21 22 20 24 32 28 29 31 34 26 28 30 32 25 31 21 37 26 26 25 31 24 
26 27 22 31 25 20 20 33 24 31 32 28 26 30 21 26 30 23 37 33 23 31 27 31 20 43 30 29 33 28 17 26 24 30 23 34 28 21 25 28 14 26 21 26 19 25 29 19 25 32 16 26 22 34 24 32 28 17 37 36 26 36 21 20 35 28 24 36 35 25 28 18 24 28 24 32 23 32 24 19 31 26 26 27 28 16 22 23 22 26 29 32 24 22 31 30 31 20 24 23 31 
23 21 17 30 30 24 21 44 18 33 22 23 23 24 31 27 28 29 23 29 20 27 25 21 27 23 28 18 31 25 30 27 32 25 20 46 27 30 32 33 19 16 29 27 24 23 27 25 26 27 31 27 31 32 27 38 22 31 19 37 29 25 26 23 26 34 36 29 27 33 28 32 24 32 26 32 26 20 26 29 26 31 27 23 27 23 36 25 34 26 20 22 19 34 29 29 29 29 41 36 22 
