# Format: McCode with text headers
# URL: http://www.mccode.org
# Creator:  3.7.12, git
# Instrument: /opt/homebrew/Caskroom/miniconda/base/envs/mcstas/share/mcstas/resources/examples/TUDelft/SESANS_Delft/SESANS_Delft.instr
# Ncount: 1000000
# Trace: no
# Gravitation: no
# Seed: 1234
# Directory: /Users/ldq/Work/McStasBench/benchmark/refcache/T1_SESANS_Delft_work/ref_20260724_153324_94648_23
# Param: L0=2.165
# Param: DL=0.02
# Param: By=0.00468
# Date: Fri Jul 24 15:33:33 2026 (1784925213)
# type: array_2d(501, 21)
# Source: SESANS_Delft (/opt/homebrew/Caskroom/miniconda/base/envs/mcstas/share/mcstas/resources/examples/TUDelft/SESANS_Delft/SESANS_Delft.instr)
# component: px6
# position: 0 0 4.16
# title: Pol-wavelength monitor
# Ncount: 1000000
# filename: px6.dat
# statistics: X0=2.16498; dX=0.0107999; Y0=0.873965; dY=0.244154;
# signal: Min=6.83365e-14; Max=1.10789e-09; Mean=5.08925e-11;
# values: 5.3544e-07 1.06514e-09 650118
# xvar: Wa
# yvar: Po
# xlabel: Wavelength [AA]
# ylabel: Polarisation projection
# zvar: I
# zlabel: Signal per bin
# xylimits: 2.145 2.185 -1 1
# variables: I I_err N
# Data [px6/px6.dat] I:
3.218163221e-12 2.853728484e-12 2.392662196e-12 2.000471904e-12 1.403437361e-12 2.024717928e-12 2.670025635e-12 2.938470066e-12 3.373125294e-12 2.707876491e-12 2.1904509e-12 1.724137594e-12 2.542567433e-12 2.117865697e-12 3.716633647e-12 2.021345291e-12 1.99723804e-12 1.241898786e-12 3.154979648e-12 2.257000688e-12 3.225481975e-12 2.618370851e-12 3.501722791e-12 3.269929922e-12 2.455510216e-12 2.852731993e-12 2.905168387e-12 2.27790942e-12 3.359806771e-12 2.507660242e-12 2.819978275e-12 3.416663355e-12 2.521708819e-12 2.407829651e-12 3.121324802e-12 2.148885262e-12 2.797791069e-12 2.736081067e-12 2.377260339e-12 2.666279546e-12 1.331944637e-12 3.091417484e-12 2.772483894e-12 2.922330372e-12 2.538131413e-12 2.21635588e-12 2.78348573e-12 3.539887916e-12 2.634773456e-12 2.794844129e-12 2.601567542e-12 2.531203801e-12 2.211723896e-12 3.031607329e-12 2.710962169e-12 3.925729738e-12 3.091844976e-12 3.394515054e-12 2.654226738e-12 2.617860941e-12 3.795750679e-12 2.638164087e-12 2.602666204e-12 2.698599754e-12 3.239327666e-12 2.176534231e-12 2.667089735e-12 2.244992565e-12 1.756990153e-12 2.304974212e-12 2.657663014e-12 2.478020651e-12 2.801845626e-12 2.55953523e-12 3.802530677e-12 2.477886807e-12 3.010038939e-12 3.102324935e-12 2.438184655e-12 3.106846465e-12 2.169666726e-12 2.79244662e-12 2.36846113e-12 3.74182289e-12 4.81264709e-12 2.69242725e-12 4.233202689e-12 2.92977317e-12 3.476779933e-12 4.54234815e-12 3.863730799e-12 3.778535797e-12 3.938261495e-12 2.794041972e-12 2.99810911e-12 2.475043454e-12 2.417368789e-12 3.714495808e-12 2.907857292e-12 2.921827813e-12 4.63241922e-12 3.370640384e-12 5.201627322e-12 3.408760108e-12 3.515269426e-12 3.138633522e-12 2.514098777e-12 2.547518204e-12 5.398074482e-12 3.240957403e-12 2.462003256e-12 3.790115796e-12 3.466089013e-12 4.089842709e-12 3.189887859e-12 2.623719361e-12 5.682750456e-12 3.275813198e-12 3.973658869e-12 2.574172034e-12 4.096152272e-12 3.760515039e-12 4.593848026e-12 2.159438356e-12 3.455178744e-12 5.556075019e-12 4.054694869e-12 3.762790817e-12 3.09901169e-12 2.924728601e-12 3.271298876e-12 3.6775905e-12 3.342152473e-12 4.157121691e-12 4.693511776e-12 3.460778522e-12 4.35359829e-12 2.305427818e-12 3.811959345e-12 4.145219208e-12 4.366921196e-12 2.708255286e-12 4.50940188e-12 3.71608069e-12 3.714093345e-12 5.30608727e-12 4.345933295e-12 3.774425378e-12 3.349398023e-12 4.427494088e-12 3.322609645e-12 3.247862508e-12 3.951722716e-12 4.749717426e-12 4.755794152e-12 2.804557789e-12 3.411377694e-12 5.207674969e-12 3.001495263e-12 4.7051815e-12 4.751035153e-12 3.18055387e-12 3.307638182e-12 3.624691915e-12 3.153317063e-12 3.36286952e-12 4.134677148e-12 3.9144832e-12 4.068920726e-12 4.1667605e-12 3.147471283e-12 5.027293181e-12 3.991665135e-12 3.555371188e-12 8.243368213e-12 4.708048033e-12 4.872393647e-12 3.546082562e-12 3.669275778e-12 3.114856132e-12 3.588086373e-12 3.639030802e-12 3.18234884e-12 3.515511138e-12 4.90140649e-12 5.856258964e-12 4.074702172e-12 5.514435764e-12 2.387977781e-12 4.625669988e-12 3.754259698e-12 3.646983465e-12 4.803072284e-12 3.449893843e-12 4.43262116e-12 3.734927991e-12 5.089644542e-12 4.0449663e-12 2.61354567e-12 3.305806985e-12 4.732793636e-12 3.602891506e-12 2.971316158e-12 4.850363655e-12 3.193334355e-12 2.943783807e-12 4.80264779e-12 5.263147075e-12 4.027573778e-12 4.447011539e-12 3.380601113e-12 2.211860968e-12 4.200159903e-12 4.751282563e-12 3.080406284e-12 2.887073021e-12 3.913586179e-12 3.539796987e-12 4.461903255e-12 3.630256398e-12 4.599409227e-12 4.121774909e-12 4.13755051e-12 4.256041726e-12 4.168256123e-12 5.423427757e-12 3.983304949e-12 3.637332326e-12 3.412631856e-12 4.955392068e-12 5.586709165e-12 3.657767925e-12 4.624526839e-12 4.704328759e-12 4.187361089e-12 4.062909921e-12 4.495893161e-12 5.574895152e-12 2.893687021e-12 3.47155586e-12 3.907655914e-12 5.909063129e-12 4.41801922e-12 6.377508018e-12 4.983696841e-12 5.837514498e-12 7.406178141e-12 3.611032059e-12 4.50089613e-12 2.458847837e-12 4.083634977e-12 4.382210556e-12 4.711420479e-12 4.298496036e-12 4.741115622e-12 4.37117325e-12 3.858321808e-12 4.697218711e-12 3.346919517e-12 3.516935901e-12 4.52530168e-12 4.125569452e-12 3.406871085e-12 4.321009878e-12 3.298879027e-12 4.710326781e-12 7.535377657e-12 3.906286704e-12 3.019478024e-12 4.295420304e-12 4.157975345e-12 4.151045185e-12 3.387918803e-12 3.67362579e-12 5.596362796e-12 3.434630417e-12 4.408516001e-12 3.367145159e-12 4.454707187e-12 3.45992764e-12 6.797237385e-12 4.819019157e-12 3.01597199e-12 3.077056291e-12 6.458587107e-12 3.757728474e-12 3.886318008e-12 3.535831794e-12 4.258062868e-12 5.968763552e-12 4.188354013e-12 3.401951197e-12 4.654317435e-12 5.796365617e-12 4.0434349e-12 3.718217706e-12 5.358906468e-12 3.360854897e-12 2.412166062e-12 3.541114699e-12 5.952072008e-12 3.907092778e-12 3.767774057e-12 8.609662541e-12 3.856740165e-12 5.081604697e-12 4.76757354e-12 3.374076728e-12 4.184981705e-12 2.990587799e-12 4.642913688e-12 3.335903861e-12 3.192011814e-12 4.847528659e-12 3.971338906e-12 3.408500993e-12 3.651116245e-12 3.704506545e-12 4.076799621e-12 3.665244627e-12 3.743172685e-12 3.448002261e-12 4.916107533e-12 4.917412184e-12 3.978105576e-12 5.2121436e-12 3.514169216e-12 4.113921302e-12 4.044378117e-12 3.443722028e-12 3.283926594e-12 4.276415503e-12 3.935981519e-12 6.154523931e-12 4.220085586e-12 3.602949725e-12 4.655346597e-12 3.668611928e-12 7.130902243e-12 3.735161243e-12 3.772113105e-12 2.8872273e-12 1.020328151e-11 3.922677836e-12 3.520907063e-12 4.21779809e-12 2.704207629e-12 3.063698233e-12 4.057646733e-12 3.861791879e-12 3.916784537e-12 4.004983629e-12 3.287930155e-12 3.615068492e-12 4.358855931e-12 3.901324934e-12 3.743084413e-12 3.275846815e-12 3.182261092e-12 3.695988378e-12 4.731709604e-12 3.488440109e-12 3.095616256e-12 4.228650755e-12 3.468023505e-12 5.635595214e-12 3.365880473e-12 2.680782859e-12 4.034171594e-12 2.888562755e-12 6.914085451e-12 4.625246909e-12 3.602317773e-12 3.710312834e-12 4.561819778e-12 1.131677587e-11 3.240526094e-12 3.318700577e-12 3.568372988e-12 4.115508559e-12 3.955066009e-12 3.734356485e-12 2.649536518e-12 2.970960849e-12 4.502003197e-12 3.143527874e-12 3.535343687e-12 3.229291399e-12 3.851689801e-12 6.842440201e-12 4.309822015e-12 3.556987091e-12 2.628050234e-12 2.693446616e-12 3.344368915e-12 3.9495458e-12 3.190770376e-12 4.830334866e-12 4.63235105e-12 4.324723222e-12 3.843576735e-12 3.516577316e-12 3.812880575e-12 3.557903238e-12 4.086013437e-12 3.414242675e-12 4.05151461e-12 4.00284135e-12 2.422044948e-12 3.252285348e-12 4.657168287e-12 2.629986123e-12 2.852405595e-12 3.567219064e-12 9.401068745e-12 3.414994697e-12 3.823199704e-12 3.049145353e-12 2.45316554e-12 3.800219384e-12 3.359076458e-12 2.435225039e-12 2.283789233e-12 2.495005256e-12 3.069192008e-12 3.43019522e-12 1.725408323e-12 3.376662611e-12 3.170463594e-12 4.679431612e-12 3.079519288e-12 3.527185845e-12 3.604805927e-12 3.556753271e-12 3.408361081e-12 2.932056557e-12 3.321878524e-12 3.528005039e-12 3.135552398e-12 4.289311124e-12 3.710700634e-12 2.287747677e-12 6.009424737e-12 3.702174634e-12 2.462681781e-12 2.628326018e-12 3.548207858e-12 2.948864715e-12 4.74785748e-12 3.295028077e-12 3.804149369e-12 2.522596774e-12 2.871493596e-12 3.068888187e-12 3.884435979e-12 2.80090161e-12 3.599969875e-12 2.93981682e-12 3.155870874e-12 3.807317729e-12 2.151402189e-12 2.888478077e-12 3.438149597e-12 3.101546969e-12 3.083636583e-12 2.573385762e-12 4.922555695e-12 3.191926014e-12 3.078112218e-12 3.316982049e-12 4.114106211e-12 3.451091244e-12 3.079535154e-12 3.814144846e-12 2.290047533e-12 9.156107758e-12 2.240506209e-12 3.129857676e-12 2.862983351e-12 2.790657801e-12 2.815649981e-12 3.147410691e-12 2.49067041e-12 3.515398998e-12 2.145147031e-12 5.228306655e-12 3.655508737e-12 2.938649171e-12 2.341580136e-12 3.235687594e-12 2.441471845e-12 3.191774186e-12 3.267611171e-12 2.562572956e-12 2.869057173e-12 2.765495713e-12 2.873990104e-12 2.830567076e-12 2.66517222e-12 3.023332482e-12 3.01635347e-12 
7.970614534e-13 7.931318658e-13 2.372559179e-12 1.923820736e-12 8.514953354e-13 4.869983887e-13 9.938899176e-13 1.089061121e-12 6.359826461e-12 1.62222361e-12 7.713835005e-13 5.79347412e-13 1.3798814e-12 7.826330182e-13 8.651430273e-13 6.573288815e-13 1.048694819e-12 1.055123596e-12 4.935067295e-13 1.312213463e-12 1.579082828e-12 1.660326685e-12 1.186722304e-12 1.575899709e-12 1.703962621e-12 1.596095314e-12 1.488098112e-12 2.589397205e-12 1.303250137e-12 3.675053111e-12 1.376383739e-12 2.334193523e-12 4.812471771e-13 1.440630825e-12 1.192475811e-12 8.717581177e-13 2.396687856e-12 1.149040601e-12 5.166520273e-13 2.174424708e-12 7.977809637e-13 1.356845421e-12 1.816560051e-12 8.342658317e-13 2.122780017e-12 7.043235905e-13 7.739275743e-13 6.800761815e-13 1.265379905e-12 1.16652856e-12 6.481355505e-13 7.05197111e-13 7.451530687e-13 2.670338395e-12 1.936410294e-12 6.858273862e-13 1.328038989e-12 1.312373078e-12 1.03628568e-12 2.11363154e-12 1.279629817e-12 1.245973246e-12 1.36473883e-12 1.426083371e-12 1.366378646e-12 7.088719617e-13 2.897282783e-12 9.493818659e-13 1.334775756e-12 3.126772986e-12 1.777328662e-12 6.176181305e-13 8.554782451e-13 1.325346615e-12 1.545778451e-12 1.01371426e-12 1.382915454e-12 1.42744294e-12 1.263062315e-12 1.318573782e-12 1.292760403e-12 1.568187929e-12 1.396072945e-12 7.712532122e-13 1.312888059e-12 1.725372395e-12 9.685114686e-13 8.153538497e-13 1.218528839e-12 1.818372093e-12 1.809364301e-12 1.181035859e-12 7.490412695e-13 1.049529046e-12 1.628043972e-12 2.248671034e-12 1.33912961e-12 9.954547526e-13 7.283815554e-13 1.863467446e-12 1.740189319e-12 1.409203751e-12 1.351674247e-12 2.226872032e-12 1.479657171e-12 1.087897863e-12 2.48997951e-12 1.738764206e-12 1.152012412e-12 1.721396279e-12 1.36911845e-12 1.918547781e-12 1.648897359e-12 1.840318786e-12 1.622434191e-12 2.661409629e-12 1.295178454e-12 2.320460159e-12 8.364443194e-13 1.436501971e-12 1.926462326e-12 2.044146197e-12 1.110779383e-12 1.672382317e-12 1.235223523e-12 9.013491693e-13 9.433433431e-13 2.740090097e-12 1.170234037e-12 2.37458012e-12 6.293282545e-12 2.386444289e-12 3.279981908e-12 1.351210598e-12 1.791352334e-12 7.288872133e-13 1.231595206e-12 1.517491624e-12 1.488624177e-12 2.545617973e-12 5.687667564e-13 1.035880079e-12 2.846654168e-12 1.567287654e-12 2.966636239e-12 1.949852184e-12 2.751865981e-12 2.108279029e-12 2.009465445e-12 1.255290011e-12 1.987029113e-12 9.981827305e-13 9.11308996e-13 1.379680128e-12 1.487757679e-12 1.075629569e-12 1.040115235e-12 2.54234665e-12 3.453554158e-12 1.436734059e-12 2.248108688e-12 8.845358348e-13 1.767777239e-12 1.660587892e-12 9.718901205e-13 8.794899764e-13 1.438535313e-12 3.707192838e-12 1.48821025e-12 1.750625937e-12 2.12149224e-12 1.720173852e-12 1.638898618e-12 1.975648496e-12 1.423126124e-12 1.855421635e-12 2.854314314e-12 2.237185282e-12 1.456431721e-12 1.295010071e-12 1.551390184e-12 2.537497607e-12 1.564495396e-12 1.320787742e-12 2.578625232e-12 1.775005481e-12 1.347103764e-12 2.424277859e-12 2.90809774e-12 1.476719302e-12 1.50670603e-12 2.85382658e-12 1.984674216e-12 3.016952693e-12 1.655755853e-12 1.755701291e-12 2.253437238e-12 1.035406736e-12 1.431390448e-12 1.22795758e-12 3.481801702e-12 1.331136323e-12 1.815624303e-12 2.453828643e-12 1.420387098e-12 1.791096711e-12 1.157659423e-12 1.228116405e-12 1.391631828e-12 1.332095807e-12 2.543802145e-12 3.011077559e-12 2.028549136e-12 2.254324266e-12 1.524460095e-12 2.513067843e-12 2.784346013e-12 1.534465745e-12 1.516284825e-12 2.021971567e-12 1.53772416e-12 2.5877139e-12 2.375981386e-12 2.878235547e-12 1.067510109e-12 1.684428841e-12 3.005170527e-12 1.549144533e-12 2.832732207e-12 6.468648506e-13 1.978141527e-12 2.013733486e-12 2.443516117e-12 1.773944587e-12 3.602639388e-12 1.407972216e-12 1.940927294e-12 1.466600457e-12 1.612976492e-12 1.351478876e-12 1.333505057e-12 2.483291852e-12 3.449451367e-12 2.757562123e-12 7.524555455e-13 1.442548148e-12 1.082731137e-12 9.458727012e-13 1.160910346e-12 1.138285091e-12 2.122835959e-12 1.409217167e-12 3.144044433e-12 1.271039835e-12 1.670494979e-12 2.437354887e-12 2.228740168e-12 3.746955163e-12 1.319348155e-12 1.13949797e-12 3.687628842e-12 1.459732665e-12 1.043561047e-12 2.07946068e-12 1.010321348e-12 1.068433445e-12 2.684573634e-12 1.396184746e-12 1.114010337e-12 2.691502516e-12 6.291283025e-13 1.817216716e-12 1.274302641e-12 4.398697189e-12 1.144334615e-12 1.63611494e-12 1.801102621e-12 1.578159358e-12 1.555869581e-12 1.152434739e-12 2.011241673e-12 9.091189841e-13 2.045357992e-12 2.779203406e-12 3.24257607e-12 1.244802439e-12 2.723829304e-12 1.206308028e-12 1.680731919e-12 9.923976232e-13 1.848737638e-12 1.336133369e-12 2.55791936e-12 7.298418416e-13 2.222410544e-12 1.253900287e-12 1.087279361e-12 8.002736017e-13 1.043744665e-12 3.233697064e-12 1.99132186e-12 1.354441849e-12 2.236822898e-12 2.507147146e-12 2.520709974e-12 1.654959796e-12 2.313637963e-12 1.352073234e-12 1.049821696e-12 2.007656253e-12 1.33368162e-12 2.319121907e-12 1.376042727e-12 1.634721985e-12 1.250660891e-12 3.163958609e-12 1.537533352e-12 2.142729443e-12 1.420088467e-12 1.476989369e-12 1.247285872e-12 1.25506921e-12 1.231795697e-12 1.095340246e-12 1.663945537e-12 2.648745332e-12 1.747516232e-12 9.933062838e-13 2.799185125e-12 5.280309498e-12 3.109770059e-12 1.476026098e-12 1.683676736e-12 1.581893014e-12 2.541112677e-12 1.483601575e-12 1.757950295e-12 3.118383983e-12 1.623805179e-12 1.774298472e-12 1.08248014e-12 1.831422566e-12 1.428467252e-12 1.331697485e-12 1.653196123e-12 1.256720902e-12 1.776664044e-12 1.520061763e-12 1.185930709e-12 2.259155146e-12 1.657734385e-12 9.942077439e-13 2.413194314e-12 2.274716037e-12 1.345518594e-12 1.798933516e-12 1.044319911e-12 1.601770903e-12 9.238802325e-13 2.003432887e-12 1.754484802e-12 1.790475839e-12 1.397915317e-12 2.138460223e-12 1.517510171e-12 1.080074322e-12 2.376960509e-12 1.443189677e-12 3.851263651e-12 1.127716297e-12 2.130590866e-12 1.562920783e-12 1.953841395e-12 2.093111547e-12 1.553964008e-12 3.254667854e-12 1.631537002e-12 5.446923683e-12 2.214563769e-12 3.781654573e-12 1.394754974e-12 1.872963194e-12 9.55973781e-13 1.88169572e-12 1.467665205e-12 2.211956703e-12 1.33127576e-12 8.309748237e-13 7.457593061e-13 1.466207331e-12 1.803409517e-12 9.815649159e-13 1.904819014e-12 1.176725107e-12 2.019416206e-12 1.628632143e-12 1.147089952e-12 2.668976125e-12 2.173517731e-12 2.126315149e-12 2.261060965e-12 8.712776922e-12 2.440501028e-12 2.366008268e-12 2.497482102e-12 6.64266431e-13 1.676594305e-12 1.447769698e-12 1.747581931e-12 1.01082509e-12 1.523589844e-12 9.996920614e-13 1.967810133e-12 1.236277878e-12 1.117333424e-12 9.149064596e-13 8.802310677e-13 5.820829598e-13 1.114338622e-12 1.073257967e-12 1.0325679e-12 1.099854287e-12 1.871275982e-12 1.382623044e-12 1.657746565e-12 1.211430852e-12 1.065795208e-12 1.443592192e-12 8.712540359e-13 9.876933347e-13 1.422312041e-12 9.44429991e-13 1.1334869e-12 1.287751892e-12 8.554668043e-13 1.992942939e-12 1.957529483e-12 9.189510124e-13 1.100728595e-12 1.826810026e-12 1.649764652e-12 1.16892643e-12 1.328569636e-12 6.851390941e-13 6.988378874e-13 8.208737174e-13 9.500553443e-13 9.320488212e-13 1.354946273e-12 3.462748451e-12 1.109681514e-12 1.73510627e-12 1.335439306e-12 9.46081041e-13 1.102794096e-12 2.057215943e-12 1.586823767e-12 2.170725953e-12 7.906952537e-13 1.587626629e-12 1.017666028e-12 1.643036027e-12 4.135444798e-12 7.547715744e-13 1.577976632e-12 2.984252167e-12 1.364689744e-12 1.748975892e-12 8.991849832e-13 9.141672054e-13 9.519789225e-13 2.487861783e-12 1.52665324e-12 1.356980923e-12 1.137287165e-12 1.155615526e-12 2.223091945e-12 1.942901344e-12 6.267118553e-13 6.485468939e-13 1.555645713e-12 1.087184715e-12 1.528480579e-12 1.184182792e-12 1.064703835e-12 9.689630335e-13 8.120908094e-13 1.014310212e-12 9.355841558e-13 1.412901771e-12 1.011024232e-12 1.110336418e-12 1.168503149e-12 1.31855894e-12 1.759518727e-12 9.375823082e-13 1.193170659e-12 9.645460617e-13 8.501242812e-13 5.816406376e-13 1.635912936e-12 
1.023888695e-12 5.604786928e-13 8.327666982e-13 6.019339212e-13 4.974281808e-13 4.52980158e-13 8.321660499e-13 6.437852903e-13 4.441675098e-13 1.22361447e-12 1.144645476e-12 5.174005214e-13 7.042844587e-13 6.447745266e-13 1.30057002e-12 1.052312746e-12 6.217413337e-13 4.659862107e-13 1.141481434e-12 4.544663398e-13 9.426050866e-13 7.456378202e-13 1.268624918e-12 1.859440105e-12 8.130484462e-13 1.150710617e-12 2.732890428e-13 1.781822222e-12 2.758769948e-12 1.013282124e-12 6.899747354e-13 7.298681557e-13 6.636165563e-13 4.47160723e-13 6.774668226e-13 2.355983834e-12 6.085593624e-13 1.091589112e-12 3.126480637e-12 7.807287391e-13 4.211945542e-12 8.768124618e-13 9.072234864e-13 8.878107845e-13 8.549459026e-13 2.18509767e-12 1.127118175e-12 7.78195736e-13 7.858970324e-13 1.199305742e-12 1.87469273e-12 1.148147243e-12 8.045600823e-13 1.102655654e-12 1.135756764e-12 1.368224164e-12 3.827962177e-12 1.037848526e-12 1.641642553e-12 7.302003588e-13 1.117915908e-12 6.202076519e-13 4.786348774e-13 9.418373207e-13 4.832792602e-13 8.345505238e-13 1.445549588e-12 3.29154101e-12 1.25245637e-12 7.910682818e-13 6.299089676e-13 7.478816707e-13 1.200448402e-12 7.784517382e-13 1.6903119e-12 1.398253434e-12 1.522600956e-12 5.437699191e-13 8.280284273e-13 1.939614142e-12 9.848121334e-13 1.759548778e-12 8.546700994e-13 1.465352924e-12 1.083356636e-12 9.282458069e-13 1.294337739e-12 1.413672617e-12 8.316684219e-13 6.445667623e-13 1.10232739e-12 9.756482957e-13 4.905643169e-13 3.39807361e-13 2.171468322e-12 3.19517117e-12 1.019273222e-12 9.665766034e-13 1.226093439e-12 1.309952464e-12 1.617273991e-12 1.050536672e-12 3.494915984e-13 2.920719592e-12 9.723166085e-13 1.28674473e-12 2.347253232e-12 4.742943641e-13 4.929034522e-12 1.728665025e-12 1.121101722e-12 1.850959274e-12 4.979540573e-13 8.066145578e-13 8.804698021e-13 6.445191702e-13 1.273076692e-12 1.38310652e-12 9.034582498e-13 2.82310616e-12 6.60693426e-13 2.630896158e-12 1.842257463e-12 1.46963856e-12 1.805836256e-12 1.04226646e-12 4.664035786e-13 1.727965593e-12 1.007043588e-12 7.748084948e-13 1.618604139e-12 1.586814296e-12 1.007054622e-12 1.351417789e-12 5.238599867e-13 2.695836816e-12 1.260486045e-12 9.495182458e-13 2.145278333e-12 1.692296915e-12 1.186056118e-12 1.347511111e-12 2.839949588e-12 1.283290309e-12 4.364674027e-12 8.790568023e-13 1.250713602e-12 2.667475235e-12 1.267634745e-12 1.259832791e-12 1.441512233e-12 1.406757193e-12 1.236709822e-12 2.527036655e-12 1.274515089e-12 8.59698379e-13 1.304681277e-12 2.578577464e-12 5.910027372e-13 9.502642677e-13 1.52153101e-12 2.270873772e-12 2.066294007e-12 2.135596023e-12 1.202029716e-12 2.538634024e-12 7.899225143e-13 2.863436668e-12 1.078701555e-12 1.06515217e-12 1.039409802e-12 7.86610705e-13 1.373412215e-12 2.77437152e-12 1.40376721e-12 1.023858677e-12 1.841323764e-12 1.667420336e-12 2.316066134e-12 1.155056515e-12 9.418057668e-13 7.942172654e-13 1.165703437e-12 2.658757963e-12 9.462156892e-13 1.816512242e-12 1.830536893e-12 9.128116903e-13 8.882226195e-13 5.811105685e-12 7.814877486e-13 1.187839495e-12 8.566273052e-13 2.202270753e-12 3.239348645e-12 1.393513665e-12 1.55211717e-12 1.242296407e-12 5.410105076e-13 1.343471787e-12 9.750223838e-13 1.508094944e-12 1.474298306e-11 1.343120105e-12 1.176478576e-12 4.083378264e-12 1.626361534e-12 2.757909882e-12 2.371681472e-12 1.175301632e-12 2.624036606e-12 1.239424578e-12 1.422308214e-12 9.825859432e-13 1.421286857e-12 1.070991986e-12 4.842241774e-12 1.871494612e-12 7.439351596e-13 1.054339469e-12 1.599990372e-12 1.878409274e-12 2.259776968e-12 1.077518544e-12 1.229841664e-12 8.16773074e-12 8.900206141e-13 1.294243646e-12 3.334897166e-12 2.247253448e-12 1.215503225e-12 1.372544399e-12 3.553382768e-12 1.224178113e-12 1.057841695e-12 1.522122911e-12 8.99299715e-13 8.251685494e-13 8.495739927e-13 2.19872222e-12 1.196841248e-12 8.377414277e-13 1.444643802e-12 8.135340717e-13 7.192699843e-13 2.37550932e-12 1.209609582e-12 1.896390149e-12 1.146233752e-12 6.077390991e-13 1.106593038e-12 2.1698038e-12 1.732720869e-12 1.287016348e-12 8.308222474e-13 8.865545959e-13 1.141276538e-12 1.35084675e-12 1.844796977e-12 9.800115138e-13 1.055267807e-12 1.159491858e-12 1.231094038e-12 1.421392944e-12 9.596475015e-13 3.077766251e-12 9.083504308e-13 1.314927508e-12 1.657032027e-12 1.416954664e-12 7.546742008e-13 1.003920301e-12 9.627863483e-13 1.102011126e-12 9.157724636e-13 1.337706628e-12 1.117640936e-12 7.396747761e-13 7.627127352e-13 1.131082438e-12 9.401624045e-13 1.726742689e-12 1.265458789e-12 1.716150134e-12 9.94493598e-13 8.257771581e-13 1.12466595e-12 4.30707529e-13 9.636581317e-13 1.161076483e-12 9.767941628e-13 1.064760166e-12 1.466248453e-12 1.018184234e-12 1.073605253e-12 1.021474156e-12 1.0820292e-12 2.902679204e-12 1.706344918e-12 1.023647602e-12 1.804412942e-12 3.684245493e-13 1.732788623e-12 1.844015679e-12 2.880260916e-12 3.533674585e-13 1.356148004e-12 2.251391455e-12 1.580604731e-12 1.07489815e-12 9.040896807e-13 1.104282783e-12 1.536527283e-12 1.182749008e-12 1.26566834e-12 1.694740923e-12 8.300984243e-13 4.031345346e-12 9.504148008e-13 9.800416101e-13 4.61383396e-13 1.872207298e-12 1.692625701e-12 1.134603821e-12 1.175290396e-12 7.937288452e-13 9.684598101e-13 1.713699318e-12 9.762486951e-13 7.809041733e-13 7.274112893e-13 8.21073405e-13 9.415249104e-13 1.141708283e-12 1.256915669e-12 7.108492727e-13 1.917560702e-12 2.25826699e-12 1.305543789e-12 1.18951841e-12 1.127709015e-12 2.747923629e-12 7.238199986e-13 1.058204152e-12 1.093679069e-12 2.779069753e-12 6.840159578e-12 1.677873941e-12 7.31968096e-13 1.044752265e-12 1.463952508e-12 9.816971972e-13 1.62291342e-12 2.948755848e-13 7.86348006e-13 1.49268755e-12 2.407543422e-12 4.827567383e-12 1.414139985e-12 1.254068834e-12 6.231031752e-12 7.365920431e-13 2.605983537e-12 1.216884046e-12 1.774111786e-12 1.217542643e-12 6.287794523e-13 1.077069653e-12 3.223343247e-12 1.738794809e-12 1.250249956e-12 1.387648534e-12 5.094167285e-13 1.19032524e-12 1.308772778e-12 9.266212386e-13 8.304936206e-13 1.607385286e-12 2.353329616e-12 6.874625522e-13 1.509997063e-12 9.604693757e-13 3.379791247e-13 1.331065469e-12 1.365101625e-12 1.119353172e-12 7.896776788e-13 1.379046787e-12 8.086398632e-13 7.440144806e-13 3.677242793e-12 7.498842375e-13 1.338870917e-12 6.30054748e-13 3.521515876e-12 1.111020586e-12 1.481411972e-12 9.012292667e-13 8.707842933e-13 3.284668467e-13 8.280968085e-13 2.690339615e-12 9.219220652e-13 1.435977857e-12 3.570287992e-13 5.099894516e-13 1.185393244e-12 2.918637011e-12 1.169395626e-12 8.657154193e-13 9.541714759e-13 3.204808685e-12 9.613859084e-13 1.05312185e-12 5.153273854e-13 7.048890593e-13 2.752914351e-12 7.05980299e-13 1.961732048e-12 9.192884364e-13 1.852196222e-12 1.101089655e-12 1.138712202e-12 1.266399651e-12 4.384638981e-13 2.854791617e-12 8.263901746e-13 1.138009982e-12 8.756146095e-13 1.146533005e-12 1.350524304e-12 1.020950577e-12 9.286033479e-13 1.337198942e-12 1.319249066e-12 8.55388149e-13 3.624318827e-13 1.792676348e-12 8.343216458e-13 7.127742586e-13 1.127029222e-12 1.210209439e-12 6.190154194e-13 7.596971252e-13 3.498735273e-13 1.76133149e-12 1.046530037e-12 7.940895391e-13 2.288858226e-12 8.583264465e-13 4.584071964e-12 9.948731258e-13 1.682284946e-12 7.411277528e-13 1.046758562e-12 6.558114844e-13 1.316804277e-12 4.062191495e-12 1.342623803e-11 3.688685726e-13 1.513021625e-12 4.215694698e-13 8.463936351e-13 8.847849349e-13 5.95697917e-13 5.708801291e-13 6.859427657e-13 1.30685564e-12 5.849423284e-13 7.117997152e-13 4.166529381e-13 4.013088512e-13 7.94092814e-13 1.125964671e-12 1.170081226e-12 9.061112412e-13 3.86434005e-13 8.766281809e-13 8.020057366e-13 1.031678331e-12 6.72636729e-13 4.864831912e-13 4.627081755e-13 6.218325309e-13 9.373277353e-13 9.835517659e-13 1.062485154e-12 1.654043527e-12 1.712108537e-12 7.964213466e-13 2.05694003e-12 5.154132064e-13 9.800835711e-13 6.656144746e-13 7.936696663e-13 8.575972224e-13 6.338122331e-13 6.427561038e-12 4.757635476e-13 6.99864223e-13 3.323235055e-13 
5.262934556e-13 6.245199769e-13 2.944502358e-12 3.304516372e-13 4.635508213e-13 1.443979541e-12 1.528704758e-12 5.275696865e-13 4.538466694e-13 5.79037941e-13 2.567192455e-13 2.452980525e-12 1.374996593e-12 4.169725612e-13 8.481267464e-13 4.280967328e-13 4.158735309e-13 1.427329157e-12 1.214057769e-12 8.131194493e-13 1.121434414e-12 6.779706484e-13 9.429897259e-13 7.92657991e-13 5.339468015e-13 6.648985601e-13 3.458968419e-12 8.237917248e-13 1.750052358e-12 6.874370666e-12 1.27012788e-12 1.448814048e-12 7.818003785e-13 5.6713777e-13 4.739701415e-13 1.761422286e-13 1.226073411e-12 5.017169465e-13 2.039268308e-12 9.687259698e-13 9.18730994e-13 8.123443888e-13 4.553190806e-12 2.446152533e-12 3.110606685e-13 9.878535669e-13 2.130994668e-12 6.990992017e-13 5.943380478e-13 2.457704091e-12 1.169480536e-12 9.505160607e-13 2.740481963e-13 8.438691555e-13 1.566511896e-12 1.231658193e-12 7.146960445e-13 4.942981942e-13 1.062940852e-12 2.51123342e-13 3.972147205e-12 2.608222443e-12 1.040208621e-12 9.602571235e-13 1.586012797e-12 4.8410213e-13 3.764144319e-12 1.588517863e-12 9.91886975e-13 6.046824116e-13 5.462872432e-13 8.44739557e-13 9.734825709e-13 2.431601951e-12 1.096048133e-12 7.626827721e-13 8.143917861e-13 5.449332339e-13 5.727750163e-13 8.475140061e-13 7.009340865e-13 1.299067988e-12 7.314363867e-13 2.27899719e-12 4.343742985e-12 6.319701578e-13 1.284731909e-12 3.606432237e-13 2.089216061e-12 5.026861559e-13 7.728195169e-13 9.200529063e-14 1.686707478e-12 1.103276542e-12 1.234980587e-12 1.447782101e-12 4.103511974e-13 7.590913462e-13 7.635221749e-13 7.709741784e-13 7.920940719e-13 1.704810705e-12 6.754948316e-13 6.894799452e-13 8.440010711e-13 9.432954733e-13 7.769243657e-13 6.593895167e-13 8.051397626e-13 7.982397949e-13 7.154944429e-13 1.330526759e-12 3.12482541e-12 4.873718593e-13 1.091253237e-12 1.046627892e-12 9.106447446e-13 8.672008501e-13 1.158555563e-12 9.630096753e-13 6.32490389e-13 4.740094263e-13 4.518798514e-13 1.455042444e-12 8.330566015e-13 1.099514347e-12 1.178757268e-12 1.502068734e-12 1.167368659e-12 1.469839778e-12 5.238930515e-13 1.33893074e-12 9.185957285e-13 8.431667993e-13 8.052357259e-13 3.344588848e-12 1.354974888e-12 5.205187518e-13 6.619847054e-13 7.481953823e-13 3.455970087e-13 9.404434008e-13 2.416062456e-12 1.846739187e-12 2.555484441e-12 9.675937341e-13 1.345344411e-12 8.727391523e-13 2.875099611e-12 6.144261326e-13 7.474739426e-13 4.071347327e-12 1.177201281e-12 2.121521534e-12 1.294209112e-12 1.065431677e-12 1.320239271e-12 2.465257424e-12 1.285980528e-12 7.185288459e-13 1.811386304e-12 6.6619154e-13 8.145289613e-13 1.474055321e-12 1.022061452e-12 1.076906858e-12 5.375980778e-13 1.996066148e-12 1.870973577e-12 5.628488336e-13 2.061610158e-12 7.84020141e-13 2.74025064e-12 7.329551255e-13 7.676168008e-13 1.480479747e-12 3.23797944e-12 2.590683833e-12 6.482610926e-13 1.170189923e-12 1.394956411e-12 1.458665441e-12 1.742306083e-12 1.858241224e-12 7.079714111e-13 1.226628445e-12 8.59725283e-13 8.547645671e-13 8.332461461e-13 1.370348144e-12 1.204897716e-12 7.978261467e-13 4.373312066e-13 1.374521071e-12 9.094651201e-13 1.220454834e-12 1.203567442e-12 1.068606756e-12 1.624565287e-12 9.464865138e-13 2.653885529e-12 1.357335686e-12 2.440543684e-12 1.365123931e-12 1.041301837e-12 1.539060932e-12 1.753336101e-12 4.861730776e-12 2.769970263e-12 1.826112515e-12 1.956176745e-13 1.268829866e-12 1.235755776e-12 3.848947462e-12 5.619925711e-13 1.947829946e-12 1.886777197e-12 8.263538099e-13 1.854832103e-12 5.181091559e-13 7.669683682e-13 5.203459758e-13 2.064055959e-12 1.38875859e-12 7.605610229e-13 2.584830192e-12 1.313681632e-12 8.854550598e-13 4.098855677e-12 1.048649051e-12 4.068984299e-13 1.796437858e-12 1.053805575e-12 1.167570448e-12 3.45098953e-12 1.404182078e-12 1.060060373e-12 1.388012743e-12 2.155162923e-12 2.138270929e-12 3.850503584e-13 8.680722059e-13 1.286591322e-12 8.476971461e-13 1.161230485e-12 9.743643238e-13 1.00444219e-12 1.228217051e-12 1.133094054e-12 7.034138255e-13 1.044331349e-12 1.084279773e-12 3.990575572e-12 1.10380026e-12 4.361536783e-13 5.906304972e-13 2.408358668e-12 2.142538992e-12 7.437158315e-13 8.188621342e-13 1.368630475e-12 1.651445955e-12 3.657115699e-13 1.313538031e-12 1.578259396e-12 4.805470283e-13 1.521664603e-12 1.374903132e-12 9.540968969e-13 8.147994644e-13 2.601178794e-12 8.350503311e-13 1.285220354e-12 3.20625973e-12 1.231813622e-12 2.319170529e-12 2.785773502e-12 9.494742621e-13 8.975511703e-13 1.33854613e-12 6.502594249e-13 1.742654573e-12 7.64469544e-13 1.23167286e-12 6.557750906e-13 2.766409689e-12 3.217694201e-12 2.014125833e-12 2.140213445e-12 9.079096614e-13 1.360555112e-12 1.880406827e-12 6.000284248e-13 5.738121678e-13 1.155022827e-12 1.672195689e-12 1.082548541e-12 1.016098411e-12 8.221695728e-13 9.10737349e-13 5.657234288e-13 1.635135025e-12 1.620454659e-12 2.645306788e-12 9.535096805e-13 5.24684777e-13 1.075670118e-12 8.778257046e-13 7.069456996e-13 5.200126938e-13 3.22677214e-12 2.326902827e-12 5.608692305e-12 3.503602881e-12 9.985029302e-13 1.072131037e-12 7.456405327e-13 7.422165785e-13 1.44059794e-12 5.83662089e-13 3.490193452e-12 9.499410644e-13 6.739705178e-13 1.048581276e-12 1.090131711e-12 9.748418917e-13 3.932417344e-13 2.677375657e-12 2.829880439e-12 9.70044886e-13 7.926888389e-13 2.966579788e-12 1.712814727e-12 7.019356864e-13 3.24564053e-13 1.303343542e-12 7.356238284e-13 6.471449817e-13 7.994443476e-13 1.024528542e-12 6.757819553e-13 9.057358508e-13 4.622113827e-13 6.446870251e-13 9.300131422e-13 1.854118515e-12 1.36832257e-13 1.113528055e-12 1.363169661e-12 9.475172721e-13 3.179596143e-12 2.073015273e-12 8.750292457e-13 5.698061435e-13 1.073900674e-12 6.455747689e-13 1.024166172e-12 5.928220916e-13 1.000916443e-12 1.313863297e-12 5.36106829e-13 1.791971905e-12 6.10943908e-13 1.778442738e-12 1.514877926e-12 6.007915138e-13 7.710451935e-13 7.894474875e-13 2.733890336e-12 7.463223002e-13 1.233606038e-12 8.153082069e-13 4.696271048e-13 9.869006352e-13 1.24597986e-12 8.0828943e-13 9.101504922e-13 1.40156246e-12 8.541091433e-13 1.002100505e-12 7.532119961e-13 1.14680428e-12 1.801207929e-12 7.074952214e-13 5.913947656e-13 1.53231456e-12 7.267546273e-13 4.123343811e-13 6.734384147e-13 1.409062415e-12 1.023575974e-12 1.027998064e-12 4.765461179e-13 1.498797009e-12 3.15549626e-12 1.4684198e-12 9.734539687e-13 6.343012461e-13 7.06849864e-13 7.547149113e-13 9.482281829e-13 1.727856026e-12 1.339964875e-12 7.645606029e-12 6.140801769e-13 3.347803251e-13 8.787139201e-13 1.040392718e-12 1.215971704e-12 4.938161599e-13 2.75487524e-13 2.218246772e-12 7.633873836e-13 4.587470401e-13 1.971100323e-12 5.277404052e-13 7.466482278e-13 4.189157643e-13 3.744819788e-13 1.808236134e-12 1.322549198e-12 6.602830805e-13 3.607010962e-12 6.828554799e-13 3.542926667e-12 5.766325444e-13 1.466370833e-12 2.200801174e-12 2.7988931e-13 2.571630577e-12 1.101051325e-12 7.607879986e-13 6.346976596e-13 3.088095781e-13 9.866097683e-13 4.591409922e-13 6.026423973e-13 5.272006554e-13 7.346898352e-13 1.015537091e-12 3.474707111e-13 4.323606434e-12 3.524799747e-13 9.93584595e-13 3.265412632e-13 3.73135504e-13 5.386422626e-13 3.355422177e-13 9.235501245e-13 3.302258543e-13 7.307133611e-13 3.510379226e-13 7.119213123e-13 7.287509612e-13 1.138239569e-12 8.800225645e-13 8.275681323e-13 9.079563616e-13 8.815602894e-13 1.946335182e-13 1.062887214e-12 7.215487234e-13 8.990846055e-13 9.925347241e-13 3.349389497e-12 2.157769517e-12 5.438544386e-13 1.302655929e-12 7.329073342e-13 6.402857419e-13 4.85961652e-13 4.27373232e-13 1.052881114e-12 9.540802681e-13 2.569940691e-13 4.12770731e-13 1.242322019e-12 5.397017554e-13 8.739616631e-13 5.955801998e-13 5.013092561e-13 4.20165935e-13 2.80059691e-13 7.316699413e-13 1.690584772e-12 3.975286074e-13 1.814451825e-12 4.151992059e-13 6.759402814e-13 1.646533421e-12 5.727972779e-13 5.639973232e-13 7.524314071e-13 5.082341364e-13 1.047258864e-12 5.354748634e-13 5.582834801e-13 3.227771297e-13 1.437666701e-12 6.585109164e-13 1.775138011e-12 
7.178842289e-13 4.256584875e-13 2.378190251e-12 1.101089743e-12 3.034930338e-13 7.184982531e-13 6.833936277e-13 2.180547763e-12 9.681970221e-13 5.077463416e-13 8.734058045e-13 2.606073613e-13 3.20782238e-13 6.237693685e-13 7.611370593e-13 1.285407752e-12 4.91317631e-13 2.845883295e-13 3.27917077e-13 1.29767281e-12 7.291876722e-13 4.101392415e-12 8.023989847e-13 7.100149894e-13 4.702777426e-13 2.309227435e-13 5.516491647e-13 4.173982007e-13 1.007969347e-12 3.921898601e-13 2.440711122e-12 8.159431621e-13 7.459380399e-13 5.49598156e-13 8.387534548e-13 6.57848178e-13 4.075108666e-13 8.080729215e-13 4.135161237e-12 1.884441932e-13 6.012586712e-13 6.564918652e-13 6.561394639e-13 1.227721389e-12 4.459743255e-13 1.316565359e-12 4.652721736e-13 3.369093509e-13 5.66734377e-12 7.963255255e-13 4.200495202e-13 3.570056212e-13 9.522464558e-13 7.902835066e-13 9.213574877e-13 1.000454611e-12 2.232839578e-13 2.291029496e-12 2.605436849e-12 4.540077229e-13 3.771181071e-13 6.98269896e-13 3.069498878e-12 5.300664974e-13 2.673106169e-13 8.803480675e-13 1.224202218e-12 8.991555423e-13 7.204404933e-13 4.417987266e-13 8.872705569e-13 3.187210131e-13 5.004416048e-13 7.372115512e-13 8.865671809e-13 4.656642169e-13 8.563199275e-13 4.710346657e-13 4.502539811e-13 3.386480039e-12 1.23876565e-12 4.533634035e-12 1.115956441e-12 8.225326458e-13 6.401627334e-13 5.648288137e-13 4.451605913e-13 7.236257479e-13 2.947424822e-12 2.10089657e-12 4.84319134e-13 3.97374137e-13 4.848579046e-13 3.064376691e-12 1.226942976e-12 8.313654524e-13 2.559662628e-12 1.838029771e-12 5.782018318e-13 1.446728848e-12 5.734324736e-13 7.455004327e-13 2.813623913e-12 1.125355526e-12 6.846919477e-13 8.684008068e-13 7.631239569e-13 1.180396679e-12 2.233576905e-12 5.493425131e-13 8.600620096e-13 5.801708788e-13 1.602944263e-12 8.667888905e-13 2.955781701e-13 5.198060624e-13 4.812829513e-13 7.452609744e-13 4.181196807e-13 1.088366629e-12 6.191601199e-13 1.075508741e-12 7.214283318e-13 2.153994044e-12 1.239334444e-12 4.311304701e-13 7.739908289e-13 9.667356785e-13 2.101217856e-12 1.835830906e-12 9.953476856e-13 3.26742733e-13 1.104147759e-12 4.964043324e-13 9.713643352e-13 1.506498804e-12 1.085565653e-12 6.868530588e-13 5.998310315e-13 2.411855015e-12 5.646108007e-13 5.368299153e-13 5.711943226e-13 1.563909509e-12 1.271895008e-12 6.186349643e-13 7.493874875e-13 4.924568263e-13 5.504492639e-13 7.595971488e-13 2.048527573e-12 7.89069001e-13 6.028520525e-13 4.155927485e-13 3.646711672e-13 1.134435822e-12 1.022952167e-12 8.108803954e-13 5.508114503e-13 4.306907925e-13 2.986497135e-12 7.230626061e-13 1.178455265e-12 6.315620197e-13 8.205381866e-13 9.826380039e-13 3.232488306e-12 1.699585767e-12 1.444138565e-12 9.69474413e-13 6.325882974e-13 1.990694045e-12 1.370192543e-12 6.693408968e-13 1.779329261e-12 1.529479213e-12 9.664434273e-13 6.164857732e-13 1.406926046e-12 3.645117847e-12 1.42223502e-12 1.009959768e-12 1.009416363e-12 5.447572185e-13 7.709822747e-13 5.694771489e-13 7.87205553e-13 1.68566539e-12 9.239722461e-13 1.190892157e-12 8.842768371e-13 8.548164377e-13 4.598107539e-13 4.239472825e-13 2.846884295e-12 9.305986369e-13 1.386440516e-12 2.412470261e-12 5.412272243e-13 1.048573767e-12 2.5861811e-12 4.170813687e-13 2.963656431e-13 1.282280403e-12 6.917342828e-13 9.101055112e-13 4.962742387e-13 2.7719388e-12 5.058143753e-12 6.580270851e-13 1.701916259e-12 1.213470109e-12 8.74609035e-13 1.792361034e-12 9.423053061e-13 1.786696516e-12 5.977868836e-13 6.962387938e-13 7.09737824e-13 9.249005817e-13 7.463981547e-13 8.207203656e-13 8.22559403e-13 5.927045047e-13 8.531288253e-13 3.649539307e-13 8.708816635e-13 6.365919658e-13 9.615640337e-13 7.285363867e-13 2.671906749e-12 9.431546764e-13 1.198512168e-12 8.752157003e-13 1.276851348e-12 4.166137253e-12 1.115253889e-12 5.374871863e-13 5.057611621e-12 7.390736641e-12 6.750898708e-13 2.956699861e-12 1.39554429e-12 1.937489488e-12 7.622120985e-13 1.483592224e-12 2.061920785e-12 1.072077077e-12 6.970528863e-13 2.853806354e-12 2.864383243e-12 1.099937275e-12 5.795431649e-13 6.218567672e-12 8.436271428e-13 8.656460615e-13 3.158227134e-12 4.949819339e-13 7.329610811e-13 1.023816902e-12 9.079770353e-13 2.645521209e-12 6.11154838e-13 1.045708026e-12 8.789501062e-13 3.284342364e-12 2.639344423e-12 5.183017997e-12 1.423166752e-12 4.935853287e-13 1.424173564e-12 8.766338279e-13 1.269539855e-12 1.928254382e-12 1.048720373e-12 6.593867418e-13 6.54199357e-13 3.346487485e-12 8.193680691e-13 8.299163962e-13 2.474178741e-12 1.671919566e-12 5.095463686e-13 1.715521055e-12 5.61310758e-13 5.356125327e-13 8.288901163e-13 1.056252734e-12 2.755150344e-12 4.530961985e-13 1.185865404e-12 2.721700238e-12 6.05460798e-13 4.513571042e-12 1.084925616e-12 7.782092456e-13 4.147960697e-13 2.187541988e-12 5.153421972e-13 1.598637838e-12 1.081252147e-12 4.701159294e-13 7.013061424e-13 2.005283579e-12 1.725939873e-12 1.310978445e-12 9.990776309e-13 1.65733206e-12 4.727495184e-13 1.791267711e-12 4.493364218e-12 8.759253023e-13 6.305705009e-13 6.101392852e-13 8.480950109e-13 4.990711635e-13 7.148255488e-13 2.90557303e-12 4.196068481e-13 1.067067156e-12 1.123259164e-12 6.796167552e-13 2.967072814e-12 2.248643586e-12 8.954074607e-13 8.098994527e-13 3.073090473e-12 1.52033213e-12 1.321349403e-12 5.399494106e-13 5.614595856e-13 4.54296369e-12 1.246705556e-12 6.615453001e-13 1.062401302e-12 1.62321778e-12 8.167655026e-13 9.417938626e-13 5.911666598e-13 5.868600101e-13 9.941150383e-13 1.170410273e-12 9.853053598e-13 8.000457323e-13 1.001795268e-12 6.943047161e-13 1.363989475e-12 1.154977733e-12 1.226467707e-12 6.384831308e-13 2.863821934e-12 3.17517596e-12 1.662651102e-12 6.65857e-13 1.511471879e-12 2.32949983e-12 1.033104614e-12 2.351751725e-12 1.121990553e-12 6.081313755e-13 5.766072947e-13 4.550065012e-12 7.111631236e-13 1.315050705e-12 1.143040593e-12 2.904318092e-12 6.935463186e-13 3.177253035e-12 6.659186702e-13 2.216820961e-12 1.16461874e-12 2.638261834e-12 1.736650664e-12 2.970101737e-12 6.201988224e-12 5.313367671e-13 2.632653726e-12 4.650031592e-13 3.594079107e-13 5.978947784e-12 1.86411981e-12 1.757600962e-12 1.63586842e-12 4.152746646e-13 3.317193207e-13 2.908722326e-12 7.803748036e-13 7.605980389e-13 2.128339683e-12 5.619039131e-13 1.302132828e-12 7.592122801e-13 1.426393591e-12 1.257852937e-12 2.313638907e-13 5.859225767e-12 2.81273916e-12 1.85812679e-12 6.550439988e-13 4.992197829e-13 4.831668798e-13 5.090450271e-12 4.567602323e-13 8.038254257e-13 3.076424703e-12 8.997329893e-13 4.476085757e-13 4.619066076e-13 1.093812198e-12 6.030654147e-13 1.061462972e-12 2.264997643e-12 1.21365612e-12 8.176907879e-13 1.141354336e-12 3.750546069e-13 5.93065696e-13 1.883469544e-13 2.647623451e-12 7.204819779e-13 6.198100682e-13 5.778017452e-13 3.384076514e-13 1.125595011e-12 3.927971504e-13 6.152193904e-12 1.952695241e-12 2.06801615e-12 6.912595753e-13 1.023045117e-12 1.281660782e-12 9.903075634e-13 9.1824959e-13 5.153490662e-13 3.772716377e-13 1.231211586e-12 5.619989918e-13 3.791530471e-13 1.935393243e-12 5.897848149e-13 3.966080441e-13 5.620513055e-13 5.894893402e-13 4.527961628e-13 9.149461333e-13 6.638931808e-13 3.950933344e-13 3.211218691e-13 3.79449337e-13 9.741084314e-13 2.042735963e-12 9.771632688e-13 3.385257307e-13 1.047003794e-12 3.582095546e-13 7.327185913e-13 3.863833396e-13 4.681408779e-13 8.718497793e-13 5.326028304e-13 1.522149117e-12 1.202800377e-12 2.810798248e-12 1.025165152e-12 9.640214066e-13 5.023028013e-13 1.116221473e-12 1.244222966e-12 7.947783615e-13 5.788900487e-13 3.093682788e-12 1.527441963e-12 1.259037516e-12 7.975237422e-13 7.301834419e-13 8.864330625e-14 1.279566864e-12 2.812445376e-13 1.097255259e-12 5.042915184e-13 1.01273856e-12 8.847641921e-13 1.005326141e-12 8.552230773e-13 1.126582371e-12 1.394683505e-13 4.702468171e-12 4.94977045e-13 4.706094367e-13 5.502493447e-13 6.999113736e-13 5.018396143e-13 2.189885325e-13 2.105511571e-12 1.006835838e-12 8.770358548e-13 1.11969178e-12 6.072559326e-13 1.401869763e-12 6.036541296e-13 8.38105386e-13 
9.140456554e-13 7.91277526e-13 7.921487696e-13 5.772598001e-13 4.970346967e-13 3.039084036e-13 6.611642612e-13 3.373936568e-13 1.160308991e-12 1.592686227e-12 4.835905542e-13 8.108555695e-13 8.417569312e-13 2.718189338e-12 5.297796232e-13 1.561283846e-12 2.084512841e-13 6.247938501e-13 7.1024832e-13 3.00563228e-12 4.033350724e-13 9.343963969e-13 3.628518441e-13 3.716441288e-13 6.191215397e-13 1.542788571e-12 5.242882138e-13 3.336041088e-13 7.538147698e-13 3.287367886e-13 6.928609051e-13 7.288003288e-13 9.606160048e-13 9.654608619e-13 4.09877144e-13 5.11840387e-13 4.898755235e-13 3.515435496e-13 8.513562558e-13 2.107107779e-13 8.365391109e-13 6.058934847e-13 2.620664421e-13 2.545021715e-13 6.327447165e-13 4.609411029e-13 4.561738615e-13 7.618885234e-13 5.964568561e-13 1.868421684e-12 8.315393886e-13 8.687197732e-13 7.788248338e-13 6.205913099e-13 2.230538178e-12 1.483199915e-12 1.4624709e-13 9.18792572e-13 8.769206239e-13 1.382438858e-12 4.171916143e-13 7.266651911e-13 4.793448773e-13 8.55924015e-13 5.062348085e-13 9.775025451e-13 5.904278363e-13 1.914080978e-12 8.940283167e-13 2.57364124e-13 5.644109359e-13 1.184185966e-12 4.957052993e-13 7.037212242e-13 1.674821562e-12 3.609555548e-13 2.535193178e-12 1.183517331e-12 6.442260201e-13 8.468659332e-13 5.828652647e-13 1.849804878e-13 1.295983304e-12 6.441513072e-13 1.292740285e-12 3.180242217e-13 4.906482971e-13 1.951859823e-12 1.011595914e-12 6.786777004e-13 3.953752698e-13 6.074776251e-13 7.056816282e-13 1.269001214e-12 4.909044744e-13 4.924309106e-13 2.030622012e-12 6.220860768e-12 2.880685112e-12 5.269778843e-13 9.621852903e-13 1.723809501e-12 9.820462736e-13 6.626177305e-13 2.827587964e-12 7.483251518e-13 9.586413583e-13 4.306284146e-13 9.706075212e-13 2.907048148e-13 1.61396199e-12 5.809057262e-13 5.617793311e-13 7.830037788e-13 2.132785848e-13 1.429308665e-12 3.599302334e-12 3.006201069e-12 1.633633698e-12 2.563865879e-12 7.92222662e-13 7.613554707e-13 5.803170786e-13 9.735623073e-13 7.565684906e-13 3.29293442e-12 3.677913301e-12 7.691270345e-13 1.125769988e-12 3.651881553e-13 3.908875393e-13 3.396214863e-12 1.008750922e-12 9.859893467e-13 4.267440322e-12 9.019760662e-13 1.223247452e-12 1.259732159e-12 2.475664313e-12 8.496573057e-13 1.015124411e-12 1.353196366e-12 3.409269191e-13 1.110433235e-12 5.53606827e-13 7.684200378e-13 1.488029169e-12 5.868089567e-13 5.954661061e-13 2.880471187e-12 1.364032674e-12 1.045848346e-12 2.066836838e-12 6.6263997e-13 1.085506926e-12 8.744780396e-13 8.540857121e-13 6.313167147e-13 6.641394249e-13 3.239968548e-12 7.422000263e-13 1.351613604e-12 7.944089829e-13 9.707960635e-13 4.201234968e-13 6.0839552e-13 3.015050139e-13 2.934150721e-12 3.035423116e-12 1.095570496e-12 7.493648853e-13 2.170869567e-12 7.521974249e-13 3.294306278e-12 7.306984784e-13 7.323238917e-13 3.91839588e-13 1.160546321e-12 6.037149736e-13 8.92108799e-13 9.050191589e-13 1.095195102e-12 5.137183603e-13 9.140305106e-13 5.48463021e-13 6.498563118e-13 3.456047191e-12 2.601065144e-12 2.334127955e-12 9.187711282e-13 5.272271333e-13 1.454262525e-12 2.349070777e-12 5.070364256e-13 4.294980634e-13 2.45045423e-12 9.068703076e-13 1.469073598e-12 8.303217876e-13 3.497972421e-12 5.586787494e-13 3.594810625e-13 4.572012749e-13 5.387705491e-13 8.754764777e-13 8.784980307e-13 6.168048169e-13 7.906677233e-13 1.045720478e-12 1.308816918e-12 1.065206746e-12 2.654939052e-12 6.544242773e-13 5.330049398e-13 1.125594528e-12 9.576732222e-13 8.142739443e-13 3.187820799e-12 5.653743847e-13 2.457971897e-12 9.638813181e-13 6.304212489e-13 2.975000873e-12 3.009703246e-12 1.123915371e-12 1.179783514e-12 1.90261082e-12 7.11840561e-13 5.505432287e-13 4.030175727e-12 8.000809236e-13 1.215102628e-12 2.232857501e-12 1.305692819e-12 9.716825597e-13 1.841714428e-12 6.193091179e-13 9.488844553e-13 5.976148736e-13 4.108237511e-13 9.008494383e-13 1.186335965e-12 1.932194803e-12 1.231953454e-12 7.936779696e-13 1.120200272e-12 2.363026275e-12 4.489137809e-13 1.035022126e-12 1.22406481e-12 3.023458024e-12 2.589975932e-12 1.857480586e-12 7.51875195e-13 2.936681405e-12 1.89571309e-12 1.114978274e-12 9.560361043e-13 4.388485047e-13 7.313726199e-13 3.383454771e-12 7.878990312e-13 2.973891338e-12 5.673822501e-13 1.769771549e-12 1.059379331e-12 2.179026087e-12 9.022449603e-13 9.776742012e-13 2.594585815e-12 2.171045869e-12 4.953974457e-13 1.785827124e-12 1.035134221e-12 3.059837055e-12 1.432682678e-12 7.723725235e-13 2.877949017e-12 7.989202401e-13 7.045845436e-13 5.953920437e-13 5.795952201e-13 8.08237196e-13 9.874084689e-13 7.691285712e-13 8.405626235e-13 8.217669464e-13 6.626830377e-13 9.043881211e-13 3.184117584e-12 1.069357467e-12 5.057857462e-13 2.0874056e-12 1.234275067e-12 4.103211794e-12 3.20292908e-12 1.648229411e-12 1.836320141e-12 3.496869132e-12 4.407455162e-13 6.939050468e-13 1.060478226e-12 7.90204082e-13 1.005903772e-12 3.132437476e-13 1.338777134e-12 6.596156157e-13 1.531469961e-12 2.618696752e-12 8.83969306e-13 6.268219444e-13 7.843845141e-13 1.527646136e-12 8.282147376e-13 1.46095923e-12 2.86910085e-13 1.604621357e-12 7.834702642e-13 8.491782165e-13 1.977575359e-12 4.329724079e-13 8.143455859e-13 5.004063016e-13 1.270871809e-12 6.69424569e-13 6.986637935e-13 7.326170576e-13 6.869682889e-13 3.051470551e-13 4.800455508e-13 1.06474665e-12 1.467882452e-12 1.411062732e-12 2.046735981e-12 1.604198642e-12 1.440488231e-12 7.10808744e-13 4.909132951e-13 1.938776815e-12 4.31238664e-13 4.025675785e-13 1.7066376e-12 6.807928667e-13 5.14984535e-13 4.28095423e-13 2.592145022e-12 6.070108675e-13 2.972417724e-12 3.717975256e-13 3.930816038e-13 1.087484644e-12 8.172462405e-13 8.094000107e-13 9.252737003e-13 6.869248811e-13 6.934138066e-13 5.579626402e-13 1.138907907e-12 1.214135852e-12 8.968536882e-13 7.097536996e-13 1.42035218e-12 8.451445754e-13 3.193083942e-12 2.135026284e-12 5.483357294e-13 1.186159022e-12 4.936100461e-13 3.833052305e-12 6.161565245e-13 1.031053478e-12 4.461352576e-12 2.164841776e-12 5.468691921e-13 1.057117538e-12 1.421649258e-12 7.435832942e-13 6.884589105e-13 6.614622183e-13 6.605897515e-13 1.313053751e-12 1.438722315e-12 6.238043071e-13 1.740391695e-12 1.503682109e-12 1.99225671e-12 6.499481584e-13 1.036126286e-12 1.092229574e-12 2.049111923e-12 1.29908951e-12 1.694341696e-12 9.523017485e-13 9.62258001e-13 1.040364303e-12 6.623201863e-13 4.73578826e-12 1.192251878e-12 2.158458716e-12 2.326925881e-12 8.211919785e-13 1.031970737e-12 1.156433228e-12 2.791126978e-12 1.899915361e-12 1.275775906e-12 6.801033477e-13 1.166425662e-12 1.805131283e-12 7.365182421e-13 1.133803738e-12 1.089202966e-12 1.213853436e-12 6.3587222e-13 8.015137813e-13 5.530475834e-13 5.506206094e-13 8.545998263e-13 6.394103827e-13 1.659747642e-12 1.101432028e-12 1.578218607e-12 1.426758143e-12 1.332379001e-12 1.072658989e-12 2.054407658e-12 1.824484203e-12 2.490855733e-12 1.163859561e-12 1.515060468e-12 9.724271089e-13 8.84008427e-13 7.858792439e-13 3.832179369e-13 9.963468586e-13 9.542500317e-13 7.822254735e-13 7.476581035e-13 1.735384321e-12 5.745525229e-13 8.089089133e-13 6.045005339e-13 7.687880597e-13 1.248966737e-12 7.367717821e-13 4.566388469e-12 1.175930928e-12 1.561608782e-12 1.248887247e-12 6.9669987e-13 4.141108137e-13 1.700090889e-12 7.071446176e-13 5.546564792e-13 5.148375577e-13 7.122638763e-13 7.555870583e-13 6.961312653e-13 8.491539475e-13 2.694344503e-13 7.512321025e-13 3.198776581e-12 6.100022828e-13 4.09668299e-13 8.066502905e-13 5.298876651e-13 6.630944584e-13 5.872767708e-13 5.24882104e-13 1.605914336e-13 9.228688022e-13 3.048718485e-12 2.063213149e-12 5.460378683e-13 8.231252094e-13 1.145112818e-12 2.684281047e-12 8.876468331e-13 3.041164478e-12 3.788277303e-13 4.056687649e-12 5.055549498e-13 3.328674114e-13 6.067839042e-12 2.295801047e-12 5.504064185e-13 1.147359178e-12 3.019969127e-13 6.104661127e-13 6.258793519e-13 5.680591526e-13 3.646529363e-13 5.509367813e-13 9.250811672e-13 1.905909061e-12 5.401589616e-13 6.179170876e-13 7.591168756e-13 2.943528464e-12 2.17082614e-12 7.098998966e-13 
7.170701941e-13 5.69340486e-13 2.167022208e-12 2.780092759e-12 3.232649177e-13 1.244949464e-12 2.919449405e-13 2.147081803e-12 4.812770659e-13 1.402660867e-12 5.818763716e-13 3.389192804e-12 1.507088367e-12 5.062180622e-13 8.977447241e-13 2.236640777e-12 1.306848389e-12 5.854690595e-13 9.905858402e-13 1.30399905e-12 3.454167651e-13 1.014436637e-12 1.018272404e-12 1.480678277e-12 9.887433524e-13 1.386424659e-12 4.891070857e-13 1.829844138e-12 6.708311908e-13 7.713162806e-13 3.557490392e-12 8.13147955e-13 4.661646921e-13 4.878585504e-13 4.508671861e-13 1.985124776e-13 9.735871883e-13 1.113662187e-12 2.13467821e-12 1.508787724e-12 2.882822893e-12 6.061246891e-13 4.036012596e-12 1.961264674e-12 7.174912465e-13 6.476351609e-13 1.468979408e-12 1.458790132e-12 6.208052791e-13 5.794546147e-13 2.717231084e-13 1.471291065e-12 9.30579185e-13 2.263711836e-12 3.864451551e-13 5.414945591e-12 6.576165587e-13 3.555680107e-13 3.465048786e-13 3.497320881e-12 4.540500046e-12 4.007222574e-13 4.189608961e-12 6.010787039e-13 1.242421043e-12 8.410636047e-13 2.863349783e-13 4.713240732e-13 3.664703396e-13 8.587011413e-13 5.774187352e-12 1.009560179e-12 6.101483584e-13 1.0781931e-12 5.846463857e-13 7.849154532e-13 9.032046761e-13 9.287512895e-13 6.149875653e-13 7.31201256e-13 6.235476009e-13 4.638466016e-12 1.152011194e-12 6.056966905e-13 1.18509844e-12 1.316894294e-12 1.578221585e-12 2.317132044e-12 4.57411995e-13 4.342674845e-13 1.09655626e-12 1.483595287e-12 3.210487744e-12 1.058511402e-12 7.884132499e-13 1.697250724e-12 3.527541753e-12 9.894136895e-13 4.649838885e-13 2.45040138e-12 1.09346166e-12 4.516476639e-13 9.172312461e-13 8.960781262e-13 2.553221201e-12 1.267012051e-12 6.784198041e-13 2.704430449e-12 7.896226969e-13 1.471868177e-12 2.368233845e-12 9.55206355e-13 2.704459599e-12 2.74961844e-13 8.379969202e-13 7.916046255e-13 1.320043338e-12 1.082308629e-12 2.443053851e-12 6.501271603e-13 1.500998465e-12 6.740639547e-13 2.560288599e-12 7.681119497e-13 9.493934133e-13 6.364856486e-13 9.69036425e-13 7.798628242e-13 1.941039827e-12 3.479697567e-13 3.956595343e-12 1.554527249e-12 3.213731831e-12 8.68810492e-13 5.614583001e-12 1.20136564e-12 6.480644576e-13 1.32478014e-12 1.078846443e-12 1.739983251e-12 7.333808598e-13 1.175148415e-12 6.734254375e-13 1.473147713e-12 6.45836183e-13 1.53748574e-12 4.554777803e-12 6.085071296e-13 6.108371791e-13 1.363207833e-12 7.784433221e-13 6.508022331e-13 4.515110101e-13 1.129906314e-12 1.334222327e-12 8.017956963e-13 2.07532516e-12 1.01720716e-12 2.053692375e-12 5.362868011e-13 1.086267467e-12 1.60750729e-12 7.31946112e-13 1.409610303e-12 6.242430541e-13 1.475290564e-12 1.840934072e-12 1.681400716e-12 2.710782205e-12 8.933155064e-13 2.049987643e-12 2.177852775e-12 7.503138658e-13 1.018697878e-12 6.367494056e-13 7.232397836e-13 1.715714207e-12 9.495142193e-13 1.152980664e-12 6.029804042e-13 5.423690586e-13 1.282764995e-12 1.87838326e-12 8.256827427e-13 1.7846906e-12 9.52460811e-13 2.894441992e-12 1.535832928e-12 2.29504652e-12 1.089353373e-12 2.52382495e-12 2.619077149e-12 1.67426047e-12 2.086994501e-12 2.483178644e-12 1.180325611e-12 6.041451884e-13 1.324075177e-12 9.231994131e-13 2.35394296e-12 1.134155224e-12 5.214557052e-12 1.026486633e-12 7.111743764e-13 1.385429528e-12 1.780546864e-12 3.676326933e-12 1.40054999e-12 7.915994439e-13 2.826113436e-12 2.473670559e-12 3.140446001e-12 1.009174173e-12 3.056771482e-12 2.903992932e-12 8.28775835e-13 1.047472488e-12 1.102567029e-12 5.460086654e-13 8.317993551e-13 1.376670428e-12 1.59413769e-12 1.626682986e-12 1.068873054e-12 2.731538852e-12 6.136414917e-13 2.235564195e-12 5.491508876e-13 9.394381669e-13 8.891134171e-13 8.509034165e-13 3.405398266e-13 1.737970152e-12 3.250159924e-12 8.200235058e-13 1.832499841e-12 2.020731169e-12 2.896872658e-12 5.899808988e-13 1.173621704e-12 1.29672948e-12 9.947068765e-13 2.353850967e-12 1.742258563e-12 7.883380617e-13 1.041471325e-12 1.370855978e-12 1.126243071e-12 3.357223204e-12 1.838081925e-12 7.927783136e-13 8.283778623e-13 1.184963086e-12 9.187247858e-13 2.712549685e-12 1.002626427e-12 3.261723606e-12 8.663189374e-13 6.003207435e-13 1.161346024e-12 8.74417306e-13 1.186144262e-12 1.950617436e-12 5.167562052e-12 7.481628286e-13 1.278319484e-12 9.216706631e-13 1.660996832e-12 1.771738975e-12 2.673995299e-12 7.371433752e-13 1.367171986e-12 1.063003072e-12 6.70645779e-13 2.922017088e-12 1.343512252e-12 8.903912447e-13 2.176424393e-12 1.00341905e-12 8.66738461e-13 6.416759822e-12 1.442846054e-12 1.40313439e-12 6.716137152e-13 9.531784861e-13 1.205054037e-12 1.213043028e-12 2.786562023e-12 7.986957553e-13 4.608773772e-13 3.591359955e-12 7.296407575e-13 1.460477572e-12 1.094960166e-12 7.537852153e-13 8.289247473e-13 8.945715372e-13 9.130067158e-13 1.470714677e-12 9.937430066e-13 1.984074861e-12 5.924372741e-12 1.165291006e-12 8.280984026e-13 1.188855862e-12 7.705406391e-13 3.316829937e-12 4.38974511e-12 8.262955274e-12 3.680984763e-12 1.850317646e-12 1.665905796e-12 3.566273077e-12 8.485971561e-13 1.477591295e-12 5.164784717e-13 9.653228983e-13 1.48455858e-12 1.217516867e-12 4.065313787e-12 2.544747153e-12 6.609864557e-13 6.951342737e-13 3.015501169e-12 7.156582335e-13 6.001353558e-13 1.458042787e-12 1.130731776e-12 2.596481817e-12 1.678496719e-12 1.310412689e-12 4.803765363e-12 3.711181987e-12 7.693499494e-13 7.537533185e-13 2.731422707e-12 1.274997477e-12 1.848438753e-12 5.664756615e-13 1.635120728e-12 1.961328623e-12 2.370466951e-12 8.643197259e-13 1.035145339e-12 7.151298908e-13 7.685942906e-13 1.472738621e-12 6.061335158e-13 2.738148336e-12 3.533315394e-12 7.811011708e-13 5.524288123e-13 6.891578872e-13 1.379665157e-12 1.187628655e-12 1.130081605e-12 1.973663786e-12 8.052328518e-13 7.881161886e-13 1.319805368e-12 2.083010543e-12 9.18565756e-13 1.599416541e-12 7.609795896e-13 1.739167297e-12 8.629470258e-13 1.933858194e-12 4.380402518e-13 3.831665391e-12 1.094099641e-12 1.427889265e-12 3.48601347e-12 1.283623072e-12 1.464692746e-12 1.488014235e-12 4.911218469e-13 2.940308059e-12 1.490763422e-12 8.114367398e-13 2.696100531e-12 8.899917728e-13 1.28873248e-12 6.584753081e-13 8.87069304e-13 6.78959659e-13 2.336403616e-12 1.23835767e-12 1.793376096e-12 8.95710238e-13 1.555595213e-12 3.311750082e-12 1.253148745e-12 1.319937679e-12 6.713062428e-13 7.175592297e-13 3.097473754e-12 9.626646905e-13 2.498219918e-12 7.54236118e-13 2.486165241e-12 1.134141245e-12 3.09415132e-13 5.207956992e-13 2.018333131e-12 8.037741376e-13 7.916390817e-13 8.343119101e-13 1.726933879e-12 4.962402404e-12 8.253397858e-13 7.767343383e-13 5.134366631e-13 1.203248532e-12 5.398665733e-13 1.499505175e-12 2.370207083e-12 1.020379762e-12 2.103747182e-12 3.067003608e-12 1.218681319e-12 1.139650026e-12 3.769311168e-13 8.774784447e-13 3.054258486e-12 6.923596474e-13 1.076434696e-12 6.426897514e-13 4.914980006e-13 1.024690036e-12 1.052002367e-12 2.549214024e-12 5.292841286e-13 3.547824024e-12 4.718251721e-13 9.542253997e-13 2.668916742e-12 6.718564572e-13 1.659292348e-12 8.974030086e-13 4.892724088e-12 7.620522093e-13 2.259493278e-12 9.983427767e-13 6.231684751e-13 1.677136747e-12 3.658835324e-12 1.802268972e-12 1.829006759e-12 1.169521942e-12 1.036624398e-12 2.160856101e-12 9.926602853e-13 3.08311896e-12 4.528521965e-12 4.002394844e-13 6.288229721e-13 8.326988191e-13 5.54217216e-13 1.737166949e-12 4.432490814e-13 4.100173864e-13 6.676750435e-13 8.847742842e-13 6.681369389e-13 5.677009392e-13 2.912957122e-12 2.672085192e-13 8.326994249e-13 8.549864156e-13 7.236968165e-13 5.415252847e-13 3.130828102e-12 6.835977104e-13 1.94858786e-12 6.239824769e-13 2.800784384e-12 1.538677563e-12 1.133469315e-12 6.668527968e-13 2.340876552e-13 1.851979361e-12 4.014309205e-13 1.32968592e-12 3.991886993e-13 1.049929347e-12 9.615933636e-13 6.0990497e-13 1.50588823e-13 5.756216478e-13 1.399178844e-12 6.166384016e-13 5.963026776e-13 7.500291551e-13 2.893982726e-12 1.045376639e-12 3.734958906e-12 2.490927046e-12 6.7516993e-13 2.009238479e-13 5.868312388e-13 6.703989485e-13 
5.127166322e-13 7.17808364e-13 2.490886426e-12 2.025280261e-13 2.719759233e-13 1.128531603e-12 5.362124075e-13 6.358957624e-13 2.09994917e-13 2.217317041e-12 2.468041535e-12 6.391778796e-13 1.142727942e-12 1.252612634e-12 5.503866508e-13 4.482170051e-13 1.375195118e-12 2.454818027e-12 6.691154464e-13 3.140843177e-12 2.017179879e-13 2.913845982e-12 2.466479117e-13 6.482015664e-13 7.705174956e-13 7.947293609e-13 9.010270869e-13 1.006823557e-12 4.308522691e-12 9.891510158e-13 8.688761156e-13 1.223300192e-12 6.83364958e-14 5.670575747e-13 1.008151265e-12 1.396488243e-12 1.714257715e-12 1.471972941e-12 4.201015275e-13 1.733296194e-12 3.465238541e-12 1.140324684e-12 8.322361541e-13 2.898998447e-12 1.28590203e-12 2.240586019e-12 1.190490298e-12 5.438605081e-13 7.45080543e-13 6.071397187e-13 1.12265254e-12 3.438951827e-12 1.558542689e-12 1.001902186e-12 4.237540358e-12 1.354656736e-12 2.940259953e-13 8.89292458e-13 9.861421339e-13 3.217655793e-12 3.969937964e-12 1.705483434e-12 2.296361043e-12 1.039037299e-12 6.442249929e-13 1.363512733e-12 1.234608317e-12 6.92001534e-13 2.334227904e-12 1.064851432e-12 1.465776249e-12 1.000395753e-12 3.41333009e-12 1.088825806e-12 1.44177907e-12 7.503619439e-13 2.745875851e-12 9.035257804e-13 1.184922947e-12 9.338190577e-13 1.048597576e-12 8.56410322e-13 2.503968018e-12 8.886027118e-13 2.69108933e-12 2.512611197e-12 1.230691431e-12 2.888739554e-12 2.078131873e-12 1.460929173e-12 3.632622238e-12 2.819958503e-12 1.063899355e-12 6.53556338e-13 2.302244881e-12 3.059049639e-12 1.576622784e-12 5.419853061e-13 9.78660207e-13 3.157512082e-12 9.025626544e-13 1.166488698e-12 6.367313151e-13 1.411171135e-12 1.221984345e-12 2.295154624e-12 2.76470722e-12 2.729770742e-12 1.361973501e-12 1.644488693e-12 7.188471641e-13 2.85958029e-12 6.29149615e-12 1.225789341e-12 1.767360818e-12 6.786464641e-13 2.104933335e-12 5.07747542e-13 2.128934152e-12 2.069952839e-12 2.89705804e-12 2.988862677e-12 1.9889725e-12 1.43599684e-12 9.085262976e-13 2.348559324e-12 1.1662804e-12 1.025471269e-12 3.769495176e-12 1.873921754e-12 7.237987881e-13 2.012267326e-12 9.359677088e-13 1.599957546e-12 1.306564633e-12 3.966090021e-12 4.93454387e-13 2.119521234e-12 3.253557501e-12 3.451717871e-12 3.155065865e-12 2.009111403e-12 1.931438608e-12 4.284678198e-12 3.554782546e-12 1.51267942e-12 8.902703865e-13 6.919776457e-13 1.381629561e-12 7.885835733e-13 9.132011778e-13 1.170663801e-12 5.456349741e-13 3.230592209e-12 9.862452132e-13 9.632446671e-13 1.800717888e-12 9.114552095e-13 3.354752711e-12 1.13667868e-12 1.732725567e-12 9.310275551e-13 7.137642811e-13 1.250168319e-12 7.780741029e-13 7.365152143e-13 4.949678516e-12 9.706094464e-13 1.020361749e-12 1.578538927e-12 1.229570192e-12 1.292035999e-12 5.885293094e-13 8.826825243e-13 1.696528572e-12 1.770556448e-12 6.675439776e-13 1.410182509e-12 1.170201545e-12 7.873137588e-13 3.5118191e-12 1.014920578e-12 6.611351165e-12 2.986618553e-12 2.939673001e-12 9.010905602e-13 1.659609244e-12 3.099309553e-12 1.32566489e-12 1.171267199e-12 1.811033534e-12 1.268307384e-12 2.062029009e-12 3.948010541e-12 9.654042909e-13 1.656762742e-12 1.415898643e-12 1.574086299e-12 2.101694601e-12 3.849175148e-12 1.792398098e-12 1.813423745e-12 3.386216229e-12 9.670137095e-13 1.202810361e-12 1.111757952e-12 4.348027953e-12 3.698588999e-12 6.076797839e-12 1.111520693e-12 6.903746132e-12 8.144731172e-13 9.343803448e-13 6.854875121e-13 1.167153195e-12 1.010634765e-12 2.676112046e-12 1.506389506e-12 2.934040238e-12 1.727701372e-12 1.381878943e-12 4.204211234e-12 2.011543173e-12 1.750784916e-12 9.263078608e-13 1.785044514e-12 7.917084572e-13 7.858478111e-13 1.840224412e-12 1.691322905e-12 1.07379985e-12 3.455111915e-12 1.482483057e-12 3.330125476e-12 1.63293834e-12 1.322269573e-12 1.315780446e-12 1.590747209e-12 1.190505919e-12 1.088918713e-12 3.633487686e-12 2.782372832e-12 4.018171323e-12 1.03890734e-12 1.496146428e-12 2.786361188e-12 1.460744202e-12 5.341753894e-12 1.478580538e-12 3.548642351e-12 1.522297146e-12 2.73765035e-12 3.078674247e-12 7.162205658e-13 2.864051749e-12 8.459237415e-13 1.608474994e-12 9.594319001e-13 1.288505483e-12 2.922156915e-12 1.532222096e-12 1.232402749e-12 5.804405124e-12 3.608356007e-12 1.180874063e-12 1.036904919e-12 1.16557144e-12 2.828242343e-12 3.351872109e-12 8.085429023e-13 1.504467452e-12 1.040174378e-12 9.557948235e-13 2.342349668e-12 1.423080101e-12 1.156518009e-12 1.533866639e-12 6.854876563e-13 1.705791817e-12 6.619364844e-12 1.883867536e-12 1.373301211e-12 1.381071588e-12 8.931502872e-13 3.757528245e-12 5.340922658e-13 8.11332034e-13 1.1043789e-12 5.647232724e-13 2.146449484e-12 9.639978739e-13 3.861341516e-12 3.182307773e-12 1.342169154e-12 1.510578695e-12 2.502336117e-12 5.65331099e-12 1.350774131e-12 1.086279169e-12 4.374848013e-12 1.280620028e-12 1.75586886e-12 1.689286776e-12 2.103376985e-12 1.968825106e-12 2.588932165e-12 1.628999683e-12 1.342378001e-12 1.315197791e-12 1.237730496e-12 3.969858577e-12 1.32675981e-12 1.323169122e-12 1.693574738e-12 3.930323057e-12 1.28338495e-12 3.593748845e-12 7.658533418e-13 1.117842587e-12 1.244490032e-12 1.647473928e-12 2.559620087e-12 3.545695963e-12 1.214732866e-12 1.575335974e-12 8.384884907e-13 9.999308446e-13 2.556337446e-12 2.756525339e-12 1.52053948e-12 3.595831497e-12 1.060384209e-12 5.112986111e-12 3.261114968e-12 1.178651909e-12 9.797150528e-13 1.339852744e-12 2.437638744e-12 1.568445189e-12 1.775316604e-12 5.81468364e-12 7.798858521e-13 1.215335387e-12 1.574931274e-12 3.22924121e-12 1.298594558e-12 1.159809291e-12 6.855559341e-13 1.270769821e-12 3.103490308e-12 8.744363942e-13 1.827751675e-12 1.456163928e-12 2.871596782e-12 1.55550148e-12 1.199790084e-12 1.249614729e-12 3.078567866e-12 1.036705305e-12 3.70281289e-12 2.887118066e-12 1.962638388e-12 2.448968588e-12 2.088510061e-12 1.508271105e-12 3.624288004e-12 1.763589831e-12 7.251842831e-12 9.577338079e-13 2.394035403e-12 1.187807134e-12 3.481017167e-12 3.875883907e-12 1.159489081e-12 1.695381871e-12 1.136465919e-12 1.504905392e-12 2.924497152e-12 1.360334468e-12 1.293573172e-12 1.312787853e-12 1.709589158e-12 1.92677321e-12 3.421729391e-12 1.456029924e-12 3.046485875e-12 1.310376694e-12 2.26589335e-12 1.789680942e-12 9.969908761e-13 1.532726831e-12 2.050421101e-12 3.208193495e-12 1.624461882e-12 1.197091044e-12 5.069727769e-12 3.600141066e-12 3.813060837e-12 1.284657004e-12 2.829915239e-12 2.114462135e-12 9.516053668e-13 7.705600673e-13 1.320207037e-12 1.183878613e-12 9.814441822e-13 5.127906814e-13 1.07798927e-12 1.300544682e-12 2.549386499e-12 5.592288771e-13 3.663350292e-12 9.478002284e-13 4.078754477e-12 4.022523649e-12 1.38672632e-12 3.13612055e-12 2.587078024e-12 1.146359885e-12 2.957673324e-12 1.54431562e-12 7.064031797e-13 9.02931901e-13 3.656487704e-12 1.505795942e-12 1.677549076e-12 2.719553361e-12 1.540944745e-12 2.910078811e-12 1.254625064e-12 9.672417627e-13 4.146196592e-12 9.641747934e-13 1.376501761e-12 7.333625419e-13 2.887656278e-12 9.659273903e-13 2.647920084e-12 2.333390712e-12 2.948191185e-12 4.736772192e-13 9.742369386e-13 2.290032794e-12 1.217615086e-12 1.158037511e-12 1.728845367e-12 1.155709579e-12 4.788876819e-13 3.378093038e-12 9.02293489e-13 1.280177593e-12 6.21575782e-13 5.757079639e-13 1.232547791e-12 5.658458976e-13 5.825718328e-13 1.278808651e-12 8.314635123e-13 7.850394519e-13 1.295589509e-12 9.731468258e-13 3.326875289e-12 2.740832753e-12 5.962895333e-13 1.772183911e-12 1.013144632e-12 7.50010168e-13 5.267939622e-13 1.973958235e-12 1.164778051e-12 8.764302953e-13 1.074526339e-12 1.455761834e-12 7.767487365e-13 6.069606138e-13 2.678650586e-12 3.150575346e-12 1.300905357e-12 1.514683511e-12 1.080509451e-12 9.434297508e-13 4.720957358e-13 2.215092489e-12 1.081460369e-12 7.868568996e-13 1.401685863e-12 2.105450793e-12 1.910400793e-12 6.16944081e-13 1.055941304e-12 7.787504413e-13 7.252360475e-13 1.625259102e-12 2.184226463e-12 6.16420687e-13 1.314186794e-12 5.713931036e-13 8.056430423e-13 7.463803035e-13 1.21396937e-12 5.373768787e-13 
9.900894496e-13 2.055311777e-12 3.182843898e-12 1.211950034e-11 1.264851753e-12 2.663906997e-12 3.596534086e-13 1.852934227e-12 1.306081271e-12 1.793886228e-12 1.234502102e-12 6.751341948e-13 2.510164132e-12 7.125164003e-13 4.352013385e-13 2.022169389e-12 3.411863039e-12 2.791191372e-12 2.568205343e-12 7.646864509e-13 1.36132308e-12 1.642353092e-12 4.083014265e-13 5.052452648e-13 1.060343994e-12 1.338726022e-12 1.216515723e-12 8.587234291e-13 6.503928119e-13 1.660816354e-12 4.983976077e-12 3.680964279e-12 1.09333622e-12 5.493853397e-13 1.850573933e-13 1.788065926e-12 1.609050203e-12 2.049598348e-12 1.41606637e-12 2.117897943e-12 1.425853547e-12 1.713043873e-12 1.584760794e-12 1.530418189e-12 5.560114457e-13 2.486833304e-12 1.739992623e-12 1.563389775e-12 5.291860683e-12 1.527505829e-12 6.133166235e-13 2.207566776e-12 7.746564132e-13 5.145181343e-13 2.764435191e-12 8.576016238e-13 1.264228099e-12 1.945428911e-12 8.858266243e-13 1.649352142e-12 1.588414452e-12 1.21178302e-12 2.449487937e-12 1.266835459e-12 1.763833273e-12 1.037406848e-12 1.593170394e-12 1.15924206e-12 5.827953014e-13 3.753907022e-12 2.403244829e-12 2.10753455e-12 1.516287959e-12 3.817064402e-13 6.985670774e-13 8.471336183e-13 3.287941295e-12 1.539281959e-12 1.815471879e-12 1.469916801e-12 2.838970259e-12 1.059434978e-12 1.036366715e-12 1.890924178e-12 5.384886312e-12 1.683699464e-12 6.948228886e-13 4.902119891e-12 1.204208985e-12 1.836975688e-12 9.627988337e-13 3.006441956e-12 2.966915605e-12 1.8834266e-12 1.598647933e-12 3.268679764e-12 2.874644509e-12 2.059455583e-12 1.221011531e-12 1.207923354e-12 1.632225474e-12 1.678313828e-12 3.846208193e-12 9.627715987e-13 9.666028811e-13 2.215765667e-13 1.562289691e-12 1.670295952e-12 2.483599874e-12 6.551924804e-13 3.101803198e-12 8.163553009e-13 7.361782952e-12 3.406396114e-12 2.079711902e-12 1.601162704e-12 2.732088284e-12 4.149660838e-12 1.360599668e-12 1.129849248e-12 1.812550026e-12 1.099154789e-12 1.231417191e-12 1.727777868e-12 3.180916555e-12 3.952761988e-12 6.971961267e-13 2.025019489e-12 4.099942666e-12 6.592683921e-12 1.753987612e-12 2.932261754e-12 2.187416668e-12 2.874211897e-12 4.484170564e-12 2.16810851e-12 2.06459476e-12 2.571953073e-12 3.440149418e-12 1.083124522e-12 3.201194963e-12 1.758819059e-12 9.667846249e-13 7.759031194e-13 2.119413176e-12 1.492009274e-12 1.813074727e-12 1.325391942e-12 2.376271083e-12 1.186629996e-12 1.539548095e-12 5.500953462e-12 3.182124233e-12 3.249526749e-12 1.588611751e-12 1.348650654e-12 1.545483317e-12 1.251190948e-12 3.640722081e-12 1.512933495e-12 1.49452081e-12 1.727596651e-12 4.266474835e-12 3.172837761e-12 1.487794016e-12 9.504359933e-13 1.498125768e-12 1.03899797e-12 2.030469234e-12 1.518985411e-12 1.418079694e-12 3.711153106e-12 2.603438326e-12 2.373427733e-12 3.059275023e-12 1.622602424e-12 1.120925626e-12 9.422967781e-13 3.650401825e-12 2.049383671e-12 5.662135407e-12 3.242821763e-12 2.48459159e-12 2.083874331e-12 2.739968738e-12 2.123773921e-12 1.832233382e-12 3.39404668e-12 1.475512927e-12 1.049136562e-12 2.447667997e-12 3.345474602e-12 2.28556784e-12 2.231385836e-12 4.824941813e-12 2.988103306e-12 1.99810784e-12 3.355808471e-12 9.088790095e-13 2.723733934e-12 4.26240249e-12 1.383683356e-12 1.512040705e-12 9.500862155e-13 1.724566606e-12 7.622386752e-13 6.224528488e-12 1.686068854e-12 1.390004787e-12 3.26261811e-12 2.503456918e-12 1.258146227e-12 3.746502985e-12 4.567405877e-12 1.490217575e-12 2.892704238e-12 2.004281809e-12 2.786861173e-12 2.078102694e-12 1.971080608e-12 2.667840556e-12 5.832599926e-12 2.977672487e-12 2.037176193e-12 2.897982515e-12 8.222615208e-13 3.361739481e-12 8.229821711e-13 3.310033651e-12 1.491566642e-12 2.254716746e-12 1.414899976e-12 9.803920838e-13 2.41287701e-12 1.848448098e-12 1.881531378e-12 1.988765861e-12 2.232795975e-12 7.986736084e-13 1.983349314e-12 1.892294057e-12 1.777190761e-12 1.858095343e-12 8.128249757e-12 2.620082878e-12 1.51752112e-12 8.669381463e-13 1.836079612e-12 6.069030357e-12 2.980254673e-12 1.213653419e-12 1.658062589e-12 1.609329525e-12 3.552900159e-12 4.808485627e-12 1.000553623e-12 1.461913912e-12 1.920457191e-12 2.5304983e-12 3.188527971e-12 1.843838879e-12 3.733609981e-12 2.38990073e-12 2.510140614e-12 2.63458912e-12 4.161373417e-12 3.177646464e-12 1.342450478e-12 1.617136158e-12 1.274257719e-12 1.648505674e-12 1.567043603e-12 1.231991556e-12 4.374667451e-12 3.138956248e-12 4.780986828e-12 4.739782688e-12 1.917618092e-12 3.482865096e-12 2.254475907e-12 2.302749355e-12 1.386565573e-12 5.717516102e-12 1.691962926e-12 6.248806015e-12 2.713549235e-12 3.570686578e-12 2.232452618e-12 1.13775224e-12 1.056842142e-12 1.772692706e-12 2.507297821e-12 1.953688449e-12 1.577709301e-12 1.483544437e-12 1.752305374e-12 2.033881664e-12 2.30967791e-12 1.820622556e-12 1.804449646e-12 3.372435866e-12 1.231896275e-12 1.192776898e-12 2.070309863e-12 1.208478131e-12 3.002117216e-12 2.10194729e-12 2.540980203e-12 1.108451509e-12 2.141761483e-12 3.923272321e-12 1.764753425e-12 2.177481222e-12 1.681654924e-12 7.318345299e-13 1.707245926e-12 2.107530452e-12 1.568727979e-12 1.860220762e-12 1.865973653e-12 2.746078891e-12 1.221941401e-12 3.540308662e-12 1.935885283e-12 7.314945001e-12 2.447680164e-12 3.455937832e-12 1.502797489e-12 3.474298476e-12 1.830147886e-12 2.859137008e-12 1.656918969e-12 2.185967059e-12 3.116255848e-12 1.549016427e-12 2.019180172e-12 3.545238863e-12 3.167349711e-12 2.940371138e-12 1.318221958e-12 1.769100578e-12 1.810262925e-12 3.863845176e-12 2.055708292e-12 1.492591667e-12 1.61340444e-12 7.388255856e-12 3.399506083e-12 2.284093527e-12 3.276932916e-12 2.265643169e-12 1.098571444e-12 3.756192056e-12 3.344933775e-12 2.399591558e-12 3.858312018e-12 1.336244928e-12 3.103473529e-12 2.210849364e-12 3.169765359e-12 2.404067519e-12 1.062340449e-12 2.365012241e-12 1.95246597e-12 7.720967558e-13 1.72780259e-12 6.294969258e-13 1.772609503e-12 3.79248891e-12 2.218682252e-12 1.062267999e-12 1.629466736e-12 1.23635841e-12 1.397724426e-12 1.360292023e-12 2.81794296e-12 3.769017531e-12 2.166825778e-12 2.643567282e-12 4.066184021e-12 2.694708407e-12 3.670762109e-12 4.23445235e-12 1.5619518e-12 5.196891305e-12 1.870627342e-12 7.972107769e-13 3.268959083e-12 1.737201234e-12 3.635493837e-12 1.902810705e-12 1.86748446e-12 7.306849567e-13 2.457907688e-12 1.363861956e-12 1.952940846e-12 1.418156418e-12 3.977136482e-12 1.81864805e-12 4.389453459e-12 7.642787515e-12 1.659152002e-12 1.291910027e-12 1.460031164e-12 1.959192169e-12 4.764402273e-12 9.015862881e-13 2.414677216e-12 2.43444928e-12 1.653049699e-12 3.111432455e-12 5.729084318e-12 8.939923029e-13 4.512696329e-12 7.677714297e-13 2.885976911e-12 2.805954279e-12 2.223194287e-12 2.485971828e-12 3.482981889e-12 2.12454916e-12 3.457401559e-12 1.614162154e-12 4.180465404e-12 1.895324524e-12 1.91177829e-12 3.644909301e-12 2.809772916e-12 3.964728919e-12 9.552402336e-13 1.164883353e-12 1.308938725e-12 7.671927813e-13 1.78935931e-12 2.628381607e-12 1.049638048e-12 1.171210768e-12 2.594455716e-12 2.385510457e-12 2.208521191e-12 1.693512239e-12 2.101432505e-12 1.417044581e-12 3.823381088e-12 4.325263306e-12 9.356084895e-13 1.365426731e-12 3.385195875e-12 8.918208939e-13 1.536163426e-12 4.172813504e-12 2.025002171e-12 1.351118049e-12 1.872259189e-12 1.077595131e-12 8.649973718e-13 1.632184821e-12 1.252644453e-12 2.474454721e-12 2.329508707e-12 1.757551073e-12 1.517198263e-12 1.041335872e-12 1.239469459e-12 1.001474278e-12 8.319900909e-13 1.787505775e-12 6.397184732e-13 1.726021345e-12 1.938038566e-12 3.770797173e-12 2.493429094e-12 1.480348578e-12 3.284625882e-12 4.324277e-12 3.093788802e-12 3.694439131e-12 1.185499302e-12 2.165773419e-12 1.635418169e-12 3.51965341e-12 1.844278796e-12 1.426034925e-12 3.249067607e-12 1.308590581e-12 9.595265191e-13 5.898602705e-13 3.808214531e-12 1.768408029e-12 1.549177266e-12 4.909448202e-12 5.704236796e-13 1.256827933e-12 1.094605223e-12 1.873345103e-12 1.784127042e-12 1.161631246e-12 1.399941487e-12 2.12230475e-12 1.439342655e-12 1.358255012e-12 
1.572399534e-12 2.452989017e-12 8.119242475e-13 1.207372584e-12 1.62468108e-12 4.231272727e-12 7.862527602e-13 1.062962176e-12 3.3598506e-12 2.240951122e-12 3.574316027e-12 1.088166982e-12 2.073519426e-12 2.435350454e-12 1.280624763e-12 4.218548257e-12 5.28514661e-12 1.224105618e-12 2.500818381e-12 2.615177308e-12 1.091016347e-12 4.945099618e-13 6.641161987e-13 1.026566071e-12 4.538212893e-12 2.393817756e-12 1.176741166e-12 2.399563777e-12 2.859788269e-12 5.887019753e-13 3.483706953e-12 2.62014419e-12 1.404893059e-12 1.495890552e-12 2.658237988e-12 3.243626308e-12 1.230540956e-12 3.837550403e-12 9.232969185e-14 5.843234107e-13 1.034590618e-12 3.485385891e-12 8.898721468e-13 1.545191145e-12 7.797952788e-13 4.135424888e-12 1.366229948e-12 1.07329223e-12 3.011546097e-12 1.444550655e-12 8.286983699e-13 5.018864197e-12 1.479675963e-12 2.076391318e-12 1.448221281e-12 1.729326776e-12 1.822424175e-12 1.498065197e-12 3.028602212e-12 1.849221048e-12 1.659771164e-12 2.850310538e-12 2.635911405e-12 8.035501322e-13 2.260430739e-12 2.660299557e-12 1.992663146e-12 3.927939141e-12 1.325152325e-12 7.577987196e-13 1.465979336e-12 1.414284188e-12 1.274512557e-12 4.600123071e-12 1.145573077e-12 2.260907927e-12 1.668075279e-12 2.305177257e-12 3.51506616e-12 9.027361745e-13 2.523321159e-12 6.108359491e-12 6.254247375e-12 3.440364141e-12 3.166239495e-12 1.621162072e-12 1.862969609e-12 1.28349961e-12 3.075264116e-12 1.721609211e-12 1.564003476e-12 1.405929153e-12 5.057249802e-13 1.953749291e-12 2.987334726e-12 1.635226053e-12 1.978402806e-12 2.557719221e-12 3.261865408e-12 2.2908358e-12 1.435837347e-12 2.332767142e-12 1.440264611e-12 2.064913191e-12 3.124512175e-12 2.252831203e-12 3.393491764e-12 5.530507612e-12 2.62445272e-12 1.598017579e-12 2.332260075e-12 3.572384874e-12 3.260561202e-12 1.785417638e-12 3.072040129e-12 3.053825393e-12 1.888197379e-12 6.072120174e-12 2.298655284e-12 1.958231907e-12 2.466702658e-12 2.541325557e-12 2.31633702e-12 1.812590253e-12 1.932602203e-12 2.435145713e-12 2.528512395e-12 2.303056346e-12 2.687753553e-12 7.404456197e-13 1.138877548e-12 1.223877176e-12 2.386915223e-12 5.306337219e-12 5.213437947e-12 1.508735211e-12 2.071593601e-12 8.655289857e-13 4.058813635e-12 2.903108487e-12 1.418461908e-12 3.921126868e-12 3.405894012e-12 4.060516687e-12 3.364955672e-12 2.071196258e-12 2.850434077e-12 7.546954732e-12 1.503527313e-12 3.510803321e-12 3.17417479e-12 1.261875418e-12 4.722960564e-12 1.124652897e-12 1.568979546e-12 2.958661769e-12 1.876278821e-12 6.47632687e-12 1.587641481e-12 1.786588555e-12 3.960603614e-12 5.534886947e-12 5.130344869e-12 4.509206098e-12 1.912241973e-12 1.619905473e-12 3.405269241e-12 2.787955147e-12 1.900622332e-12 5.744187325e-12 2.430687401e-12 4.748757692e-12 2.177518252e-12 2.606702885e-12 4.109598428e-12 1.812633091e-12 5.103588656e-12 2.666058546e-12 4.083969738e-12 1.245949422e-11 4.39473133e-12 1.708952523e-12 1.0759808e-12 3.212502669e-12 1.912078524e-12 3.800437523e-12 1.908097178e-12 1.220785681e-12 4.307517016e-12 2.767349841e-12 4.936069272e-12 2.195618916e-12 2.970674453e-12 1.473943662e-12 2.46799353e-12 4.130517577e-12 3.361840018e-12 1.939258823e-12 2.017497086e-12 1.98591952e-12 2.689510435e-12 7.273439184e-13 2.477007561e-12 6.880770918e-12 3.268567831e-12 3.665112204e-12 2.532229888e-12 3.782812632e-12 4.987799305e-12 2.10261905e-12 3.780556898e-12 2.243752988e-12 2.772016481e-12 4.658759103e-12 2.841292741e-12 2.816237953e-12 4.909523409e-12 3.266188175e-12 2.320871805e-12 1.351376939e-12 3.805553039e-12 4.080064764e-12 4.001374733e-12 3.919585091e-12 2.061844791e-12 1.001430715e-12 3.348129596e-12 1.335295204e-12 3.985431517e-12 2.466914685e-12 3.716510634e-12 3.335213048e-12 3.294941938e-12 1.937022093e-12 4.398091237e-12 4.954491957e-12 1.654285335e-12 6.519607725e-12 2.83242927e-12 2.51046461e-12 3.498442461e-12 4.788359322e-12 3.381001522e-12 1.285625143e-12 2.624958328e-12 4.783254497e-12 4.53452463e-12 3.138641299e-12 2.480857747e-12 5.765823105e-12 3.476286466e-12 7.246462704e-12 1.884648752e-12 2.636749836e-12 3.680011837e-12 2.439470375e-12 4.719369935e-12 3.591062308e-12 3.480643886e-12 2.086636794e-12 4.571022922e-12 2.062383771e-12 1.649050938e-12 4.48502126e-12 2.801742786e-12 1.800625603e-12 1.426682578e-12 2.383215164e-12 4.190357938e-12 3.275580611e-12 2.769052024e-12 2.394044582e-12 2.465272151e-12 3.650800791e-12 3.859109138e-12 2.571350557e-12 2.121395198e-12 4.04637383e-12 1.408331757e-12 3.828773019e-12 1.69763992e-12 3.882503881e-12 5.798733435e-12 3.831063773e-12 2.1877919e-12 5.618191395e-12 7.327123457e-12 4.658875382e-12 2.327058203e-12 2.238310573e-12 1.714310927e-12 1.835848362e-12 1.325795438e-12 2.629353883e-12 5.106231306e-12 1.792696962e-12 2.912670629e-12 2.19991982e-12 4.445553994e-12 4.299026176e-12 3.841534624e-12 3.793299276e-12 3.422222494e-12 5.466999712e-12 2.007219295e-12 2.259992445e-12 1.60554355e-12 2.345026364e-12 1.990611092e-12 1.955444149e-12 2.09307117e-12 4.136911774e-12 2.717826348e-12 1.655580233e-12 4.289025362e-12 1.00147444e-12 4.897063596e-12 2.780953879e-12 1.320762035e-12 3.570653629e-12 2.915274656e-12 2.28522792e-12 3.371597041e-12 4.113275696e-12 2.80517253e-12 5.098606007e-12 1.43891387e-12 1.035800619e-12 3.23598522e-12 4.927642633e-12 1.976909519e-12 3.501158988e-12 1.569186714e-12 5.060688775e-12 2.373250616e-12 3.977417217e-12 3.799726426e-12 1.623984418e-12 2.145289082e-12 8.337241247e-12 1.253876205e-12 6.835721879e-12 2.577856638e-12 1.689998105e-12 2.238789411e-12 6.275113209e-12 4.269976421e-12 2.568518822e-12 1.193562271e-12 4.011557291e-12 2.685318825e-12 3.159756105e-12 3.478391207e-12 4.013782425e-12 1.964329831e-12 5.598827337e-12 1.825795343e-12 1.728455888e-12 1.014784693e-12 2.668493895e-12 4.410376509e-13 2.466386948e-12 5.381049397e-12 4.914792381e-12 2.13703669e-12 5.824569182e-12 2.542461898e-12 4.854365007e-12 3.840234758e-12 3.317487199e-12 1.694438961e-12 3.087370554e-12 2.28582492e-12 4.717409776e-12 1.342812796e-12 2.039762782e-12 2.006548468e-12 2.629575692e-12 5.643893506e-12 1.309151029e-12 4.692447272e-12 3.620230239e-12 3.803585346e-12 2.301111208e-12 5.897655743e-12 2.487118175e-12 4.091843956e-12 1.199017314e-12 1.766602021e-12 3.223001547e-12 5.248292085e-12 3.192480435e-12 2.704694217e-12 7.774761942e-13 1.745901563e-12 4.683938463e-12 2.207062411e-12 1.55143371e-12 2.641639965e-12 1.962459408e-12 6.450508483e-13 4.114015227e-12 2.500645677e-12 2.291040265e-12 8.3601835e-12 2.827793481e-12 3.440029241e-12 3.264683131e-12 2.469000397e-12 2.505772441e-12 3.236809806e-12 4.324099853e-12 2.019735235e-12 1.891064514e-12 5.803563798e-12 1.7678986e-12 4.730180688e-12 3.143598394e-12 1.867573646e-12 2.491995937e-12 1.25185313e-12 1.450393644e-12 1.548983108e-12 2.060077069e-12 3.339661975e-12 1.510836885e-12 3.398631047e-12 3.07657035e-12 3.440946925e-12 1.473974136e-12 5.049077511e-12 2.49730637e-12 2.209189954e-12 3.685161078e-12 2.768450864e-12 2.181717744e-12 2.492691171e-12 4.762138877e-12 1.734186238e-12 3.835018709e-12 1.388026106e-12 3.937814936e-12 3.533011056e-12 2.330242944e-12 4.991727573e-12 7.881067629e-12 2.536407841e-12 1.178411272e-12 3.597585637e-12 3.349825221e-12 2.12018285e-12 2.407136997e-12 7.277909536e-13 3.642633517e-12 2.584838119e-12 4.757181966e-12 3.187642593e-12 1.662866737e-12 4.341262432e-12 1.830079605e-12 2.520017411e-12 1.929444287e-12 2.502709699e-12 2.838929516e-12 2.512943784e-12 2.201762606e-12 2.21496527e-12 6.760461797e-13 2.103135828e-12 4.860724656e-12 8.457570497e-13 3.840455354e-12 2.606968178e-12 1.01576283e-11 2.135182844e-12 2.902933243e-12 2.489535531e-12 3.146813808e-12 3.533877497e-12 1.767566451e-12 6.388112043e-12 1.940743988e-12 2.143517371e-12 3.764976501e-12 1.761336662e-12 6.769556651e-12 1.360531286e-12 6.071939064e-12 2.312071216e-12 1.868103397e-12 1.550198542e-12 7.274755706e-13 1.438003942e-12 9.865841011e-13 1.22148985e-12 3.089893131e-12 2.760226273e-12 2.113664487e-12 3.100106987e-12 1.288090963e-12 2.24366316e-12 
2.629449629e-12 7.67737754e-13 8.871138412e-13 2.533818902e-12 2.85315114e-12 2.584170483e-12 3.779460862e-12 2.057848933e-12 1.321144868e-12 3.215125621e-12 4.183564348e-13 3.616241197e-12 1.914803926e-12 2.233639131e-12 1.919203941e-12 2.716141581e-12 1.433683626e-12 8.870880773e-13 1.260005444e-12 9.79254474e-13 3.722945709e-12 5.564429459e-12 1.264036391e-12 1.968191997e-12 1.210743372e-12 3.177578317e-12 2.842523231e-12 2.982164784e-12 1.044209163e-12 9.006090385e-13 1.91833301e-12 1.590473654e-12 3.309800305e-12 2.084523247e-12 4.050541802e-12 2.174220638e-12 1.179020981e-12 1.55460812e-12 2.30094982e-12 2.390044035e-12 3.200779563e-12 1.763339034e-12 1.734533815e-12 1.883738691e-12 2.063328252e-12 1.378541922e-12 1.495826411e-12 2.600172588e-12 3.842944225e-12 1.242641213e-12 3.416823674e-12 1.794573167e-12 1.938856065e-12 3.577830736e-12 3.09171549e-12 2.048399817e-12 3.380257712e-12 6.454130064e-13 3.707795356e-12 6.193456968e-13 3.166918916e-12 1.350644143e-12 3.884188031e-12 1.74934935e-12 1.891702451e-12 3.790404536e-12 2.626588163e-12 2.250029081e-12 4.55733335e-12 3.498736687e-13 6.663906988e-13 2.655462903e-12 4.748101511e-13 5.549055024e-12 2.475065313e-12 2.964197442e-12 2.092068149e-12 5.448588635e-12 2.654477654e-12 6.196380177e-12 5.396839161e-12 5.376354646e-12 2.509246588e-12 9.113432913e-12 3.495799542e-12 6.162380026e-12 1.230266709e-12 3.490319496e-12 2.287769579e-12 5.120037999e-12 7.048046409e-12 2.562057468e-12 4.30374193e-12 3.609161279e-12 2.70080607e-12 4.552258985e-12 2.032330466e-12 2.007916358e-12 2.945534479e-12 1.948498556e-12 1.723483804e-12 3.032382786e-12 4.326116386e-12 2.018952813e-12 5.106854379e-12 3.219460494e-12 3.14376845e-12 3.144890686e-12 5.069129268e-12 2.766045935e-12 3.113458609e-12 3.104249433e-12 3.332182815e-12 4.722582419e-12 2.458959045e-12 3.24778308e-12 4.191447123e-12 4.625225414e-12 2.021226137e-12 4.268390239e-12 4.5039124e-12 2.625998807e-12 3.536491654e-12 1.558638668e-12 6.404356999e-12 3.561075289e-12 4.366623034e-12 2.310383921e-12 1.487830663e-12 4.373361797e-12 2.861597817e-12 3.337435001e-12 2.081091193e-12 1.881612959e-12 1.88528265e-12 2.92944434e-12 4.903265115e-12 3.831999982e-12 1.579862741e-12 2.436807705e-12 5.553060188e-12 4.172387745e-12 3.54839682e-12 1.847752913e-12 5.037698689e-12 7.216201965e-12 1.458743793e-12 5.8552494e-12 4.702008992e-12 2.558700489e-12 2.321194472e-12 4.335064384e-12 3.25782964e-12 2.8050547e-12 4.834356202e-12 6.015916653e-12 4.256316515e-12 7.613359937e-12 3.087697417e-12 5.594316378e-12 1.066285158e-11 5.423548205e-12 2.769736269e-12 3.695281063e-12 3.547298885e-12 3.426401326e-12 3.410172117e-12 3.030248129e-12 1.505688828e-12 2.89011654e-12 4.606643129e-12 5.452418981e-12 7.756111481e-13 3.632126349e-12 4.493790215e-12 1.925223228e-12 3.4902535e-12 4.882980184e-12 3.853491755e-12 2.587861516e-12 4.28774848e-12 4.474188614e-12 5.336870694e-12 3.388589874e-12 1.343156896e-12 3.205075889e-12 5.522001778e-12 1.060710746e-11 5.739955283e-12 3.494865104e-12 4.093022624e-12 1.735589441e-12 4.636197286e-12 3.484978666e-12 6.539411288e-12 5.121923892e-12 2.679505566e-12 3.148903806e-12 2.330854541e-12 3.651033418e-12 2.644981843e-12 4.161217177e-12 3.829291623e-12 6.90016827e-12 1.013492818e-12 7.017204324e-12 2.651876767e-12 2.387276547e-12 2.945953983e-12 4.855619837e-12 7.002496795e-12 3.142715613e-12 2.920349647e-12 4.788985254e-12 3.993669828e-12 4.21655992e-12 3.738183696e-12 3.57492054e-12 9.848028723e-12 3.562015344e-12 7.990855468e-13 3.36688025e-12 3.289904899e-12 6.755419181e-12 3.437786377e-12 2.274371697e-12 5.70381208e-12 4.536403646e-12 4.985630481e-12 4.246308444e-12 6.418005184e-12 3.152163671e-12 6.075257918e-12 2.129605305e-12 6.394622069e-12 4.654220836e-12 3.349278032e-12 5.122990675e-12 2.30764417e-12 2.222012763e-12 2.364706169e-12 7.026595679e-12 1.66681346e-12 4.291976519e-12 2.418623994e-12 1.383409511e-11 1.818383866e-12 3.164256049e-12 5.267169337e-12 4.897709116e-12 5.753140465e-12 3.306224424e-12 1.703916751e-12 6.003568506e-12 5.295586466e-12 3.416058767e-12 3.706725195e-12 5.235169179e-12 6.709097872e-12 5.807896756e-12 3.888235059e-12 4.351234942e-12 6.029174553e-12 6.651819729e-12 3.190636913e-12 6.418721175e-12 4.768888222e-12 3.212797502e-12 5.143113166e-12 2.320403051e-12 3.625501373e-12 3.187991968e-12 4.422401218e-12 3.193700478e-12 3.014861433e-12 4.197660372e-12 3.463300494e-12 2.356379935e-12 5.060021669e-12 4.310780341e-12 3.108613509e-12 6.613203235e-12 4.283910544e-12 3.928382549e-12 6.364658172e-12 4.414544659e-12 3.032433542e-12 5.277945161e-12 4.716835791e-12 5.548027341e-12 1.147983602e-12 5.001173979e-12 4.091363611e-12 3.144286098e-12 2.73706656e-12 6.212421746e-12 1.672650061e-12 2.150511355e-12 3.392476556e-12 1.907591912e-12 8.11986102e-12 4.720962969e-12 3.103812909e-12 3.090898409e-12 2.007901191e-12 2.900955749e-12 2.133034717e-12 4.14877083e-12 2.793006351e-12 2.436697772e-12 4.008910735e-12 4.143299988e-12 4.043740625e-12 3.07165333e-12 3.447760079e-12 6.77888399e-12 4.014644175e-12 2.875411465e-12 6.729198163e-12 2.641177376e-12 4.915215595e-12 6.587180603e-12 3.198074025e-12 5.213829778e-12 5.502814036e-12 2.279320924e-12 3.820599079e-12 4.230553851e-12 2.0974321e-12 4.734933893e-12 6.597239565e-12 4.147368204e-12 5.041876368e-12 4.223891393e-12 4.754070276e-12 1.498509499e-11 4.342524464e-12 3.06867475e-12 2.796170275e-12 5.51984687e-12 2.870094603e-12 7.721040971e-12 7.147233032e-12 2.647781952e-12 3.877377138e-12 3.388787572e-12 3.626606731e-12 4.367353816e-12 6.95057637e-12 3.542182607e-12 3.987572878e-12 3.309621755e-12 5.763037413e-12 2.219176206e-12 2.9299321e-12 5.801283679e-12 2.832973387e-12 4.252485927e-12 3.358763716e-12 3.045840285e-12 4.282152863e-12 3.597046457e-12 3.987766184e-12 2.853135665e-12 3.607238809e-12 3.201605424e-12 5.684868949e-12 5.66946299e-12 4.462391682e-12 7.095900158e-12 5.04198704e-12 6.942201755e-12 2.920253086e-12 3.086586283e-12 3.924446639e-12 5.077694209e-12 4.364850497e-12 4.311538352e-12 5.332525633e-12 4.441023173e-12 5.253843015e-12 2.160789162e-12 2.024657408e-12 3.405387041e-12 6.049911293e-12 4.186373268e-12 4.128544879e-12 4.698015744e-12 3.156217759e-12 4.831576622e-12 3.468316173e-12 1.717619077e-12 5.069242421e-12 2.499116555e-12 7.677747758e-12 4.946396546e-12 2.113811782e-12 4.791110415e-12 4.215112239e-12 2.524835508e-12 4.285981871e-12 4.415359847e-12 5.849182837e-12 4.73370909e-12 2.75913141e-12 4.049120638e-12 2.358870765e-12 3.046250108e-12 3.40094883e-12 4.658672015e-12 3.506510643e-12 4.004600597e-12 2.885735281e-12 3.148774887e-12 5.845908542e-12 4.845323614e-12 2.862384683e-12 1.035824529e-12 3.468216695e-12 4.996422267e-12 1.739191045e-12 5.49034765e-12 3.00682692e-12 5.16300721e-12 3.508755787e-12 2.487785801e-12 1.023218413e-12 3.058499441e-12 5.290678134e-12 3.220688277e-12 2.144641077e-12 2.691739633e-12 2.629316864e-12 3.131731662e-12 2.670076004e-12 2.012921526e-12 3.960939121e-12 1.266035122e-12 7.699219114e-12 3.520301408e-12 4.288338077e-12 1.844995804e-12 1.954538261e-12 1.428635767e-12 5.680258599e-12 1.920513181e-12 3.624473961e-12 2.957364827e-12 4.866079811e-12 6.491118783e-12 4.29740157e-12 4.323724467e-12 2.305127484e-12 4.222161355e-12 3.389703636e-12 5.628042154e-12 3.468462305e-12 4.96435043e-12 3.647347825e-12 4.552647573e-12 1.805927688e-12 3.125753576e-12 2.602702181e-12 5.864700434e-13 2.633626417e-12 3.247670088e-12 2.715532668e-12 3.290071419e-12 5.68553867e-12 4.849114944e-12 4.601301402e-12 4.851198742e-12 2.287529855e-12 4.50735657e-12 1.996057481e-12 2.588144574e-12 2.829211652e-12 8.254942876e-12 1.566332951e-12 2.814216972e-12 2.77971142e-12 5.15257434e-12 2.854199239e-12 1.711437354e-12 3.513494828e-12 3.838652614e-12 4.305651005e-12 3.886489112e-12 1.361733371e-12 1.609540395e-12 2.066815985e-12 2.18300589e-12 3.65775796e-12 2.989050535e-12 4.141592674e-12 3.019954408e-12 2.376288151e-12 1.76314048e-12 3.553735594e-12 1.258632415e-12 1.230126753e-12 
3.557888719e-12 2.92564226e-12 2.356417954e-12 3.638479299e-12 3.3514968e-12 4.147339295e-12 2.583511401e-12 2.283152838e-12 3.086908938e-12 3.923014343e-12 5.77574378e-12 3.538078846e-12 3.629477886e-12 2.632415766e-12 4.064161435e-12 2.090485886e-12 5.508218457e-12 5.988050769e-12 5.006027404e-12 3.108761919e-12 4.153101974e-12 3.120784072e-12 3.597594907e-12 2.564119049e-12 3.894938854e-12 3.680996687e-12 4.13626819e-12 2.243711026e-12 5.111037959e-12 3.204362285e-12 3.924722965e-12 3.697675072e-12 3.343658877e-12 2.972648382e-12 3.827586708e-12 2.743206679e-12 2.969307684e-12 3.021705783e-12 7.136576651e-12 3.938869519e-12 3.504672728e-12 4.608885632e-12 6.904324903e-12 3.850411859e-12 5.925404963e-12 2.347739877e-12 5.273236442e-12 4.62589158e-12 4.087071209e-12 2.962873086e-12 4.236540718e-12 3.171213141e-12 1.937268539e-12 6.234764292e-12 2.324027389e-12 5.246475312e-12 4.623917068e-12 2.831021542e-12 1.069878391e-12 3.860476887e-12 7.505014194e-12 3.558925682e-12 3.71310469e-12 3.238920798e-12 4.281367439e-12 9.353964395e-13 1.81815784e-12 4.332350185e-12 5.590889049e-12 4.741893792e-12 4.729144617e-12 2.49703379e-12 2.361064075e-12 8.026571884e-12 5.932815493e-12 4.71485085e-12 4.172579836e-12 2.952450351e-12 2.548363194e-12 1.951352971e-12 3.685114349e-12 5.562369254e-12 1.6603577e-12 4.766457366e-12 1.68847481e-12 3.338793892e-12 4.089532864e-12 4.078991435e-12 2.346277841e-12 2.939303564e-12 3.22467646e-12 4.515294144e-12 8.308172944e-12 3.258635283e-12 5.479773058e-12 8.18200401e-12 3.292193634e-12 4.236812487e-12 5.772697021e-12 3.144319128e-12 4.961767923e-12 6.00023705e-12 4.028003136e-12 2.932077808e-12 3.634319707e-12 3.192549528e-12 3.131471696e-12 6.620499612e-12 7.636200385e-12 3.886005072e-12 5.511878836e-12 2.573289906e-12 2.249154885e-12 6.626710587e-12 4.202813236e-12 8.676601428e-12 3.202836973e-12 3.684565056e-12 2.082665553e-12 5.159329501e-12 5.573432675e-12 5.843572731e-12 1.183181466e-11 8.912754624e-12 5.662479118e-12 6.222161225e-12 9.511628536e-12 6.905414456e-12 4.340248923e-12 3.500349136e-12 3.238252448e-12 4.701785654e-12 4.613601824e-12 2.094109539e-12 7.632958952e-12 2.348787373e-12 2.945189267e-12 8.409808239e-12 1.039383735e-11 5.93786894e-12 7.474300935e-12 5.809101023e-12 7.216584147e-12 1.051214426e-11 4.146907491e-12 4.188879298e-12 2.22300466e-12 2.08765007e-12 4.574560776e-12 6.652106898e-12 3.822996595e-12 4.74343892e-12 5.549867137e-12 1.723910187e-12 6.449087975e-12 3.380235933e-12 5.686668324e-12 3.929043205e-12 6.374593863e-12 4.840578028e-12 2.736252668e-12 5.521630287e-12 5.603892412e-12 9.388933064e-12 3.884811689e-12 5.085629327e-12 4.038073739e-12 4.479158809e-12 7.110800654e-12 3.615556165e-12 6.223887086e-12 5.902894755e-12 5.332329235e-12 4.749447532e-12 7.647615976e-12 3.581384644e-12 7.453754287e-12 5.9924399e-12 5.860980669e-12 4.600620785e-12 4.161759608e-12 4.201857661e-12 1.981183655e-12 3.488234788e-12 4.02758986e-12 5.585850549e-12 4.845408022e-12 2.870940046e-12 7.461244382e-12 6.346164256e-12 4.327714873e-12 6.519641716e-12 1.623425005e-12 5.201470895e-12 4.809610757e-12 9.910772984e-12 7.138622446e-12 5.203524565e-12 7.187132367e-12 6.190229046e-12 1.797705689e-12 5.164888211e-12 7.132632525e-12 9.193771628e-12 9.907704504e-12 7.449828276e-12 5.694353271e-12 3.426792086e-12 4.900081333e-12 3.052188156e-12 4.186139321e-12 3.905411315e-12 6.080264843e-12 6.053382834e-12 2.80448454e-12 5.570676931e-12 3.801270508e-12 5.58974648e-12 3.502853694e-12 8.790180346e-12 7.744542804e-12 3.49528875e-12 4.987592926e-12 7.21970197e-12 7.257438063e-12 3.784626767e-12 5.52943364e-12 6.710136605e-12 4.367122028e-12 7.86914225e-12 3.818121852e-12 5.620111582e-12 6.27601408e-12 5.685073912e-12 5.42338949e-12 6.288854669e-12 2.679347587e-12 9.574085439e-12 8.157499375e-12 7.363800802e-12 4.020326924e-12 4.328970295e-12 9.838744971e-12 5.948034558e-12 6.567809642e-12 6.852990657e-12 6.733620427e-12 4.889684635e-12 2.911968713e-12 5.20030472e-12 6.694109432e-12 9.017927765e-12 4.429867856e-12 2.907467278e-12 6.447125185e-12 2.716707983e-12 5.392514613e-12 9.795532713e-12 3.603924776e-12 4.577652511e-12 4.994177438e-12 5.653393481e-12 9.975626281e-12 2.871803508e-12 3.669764059e-12 4.458670963e-12 6.097397348e-12 8.018687074e-12 6.361207404e-12 4.012034684e-12 3.716018427e-12 2.830822184e-12 5.352248501e-12 8.00441692e-12 8.395206764e-12 2.896899366e-12 6.624129795e-12 5.093487313e-12 5.685615544e-12 3.363620451e-12 4.709216902e-12 4.375182639e-12 6.153840323e-12 4.558997805e-12 8.566341259e-12 5.738517291e-12 4.57636076e-12 6.977817172e-12 4.183951705e-12 1.079323654e-11 6.91601523e-12 1.306861598e-11 6.570507417e-12 2.80042104e-12 3.363050203e-12 3.667340334e-12 5.34743002e-12 3.85066646e-12 5.242928317e-12 6.983957967e-12 4.312288072e-12 7.225432809e-12 6.216737902e-12 2.547731017e-12 1.937446428e-12 7.3627745e-12 8.716483464e-12 6.664338856e-12 4.803930313e-12 1.947987554e-12 5.5230714e-12 5.272864543e-12 2.900582361e-12 1.023794484e-11 9.910490804e-12 8.018678279e-12 7.509342511e-12 4.62603848e-12 5.030998864e-12 3.065874526e-12 5.827435042e-12 5.290987945e-12 2.481337343e-12 4.44903196e-12 4.631699194e-12 7.403968e-12 6.902230406e-12 7.319108132e-12 4.627238424e-12 3.836406704e-12 3.28014637e-12 7.924588746e-12 4.917016984e-12 4.347600573e-12 7.277963315e-12 7.557807653e-12 9.926894897e-12 6.567543959e-12 5.041401158e-12 4.789049266e-12 8.123402173e-12 4.834195338e-12 5.275434984e-12 6.000549073e-12 1.955299364e-12 6.238310597e-12 4.512333032e-12 5.520142337e-12 3.732464663e-12 8.999573935e-12 3.278546296e-12 6.024271971e-12 7.717001111e-12 4.540483885e-12 4.82065024e-12 7.617418834e-12 3.967390602e-12 4.089127557e-12 1.687462324e-12 3.838429386e-12 3.104373285e-12 6.65288095e-12 9.547701586e-12 7.721305507e-12 5.74473129e-12 3.65650136e-12 3.797171317e-12 5.123527122e-12 6.494856557e-12 7.296946014e-12 4.369329946e-12 3.519255034e-12 4.075501222e-12 2.832383128e-12 5.817266395e-12 5.234166323e-12 3.824513039e-12 4.813200861e-12 5.820396651e-12 3.357121932e-12 4.541767374e-12 4.869408722e-12 2.645373698e-12 2.686123476e-12 7.535735138e-12 3.230352754e-12 5.371383577e-12 3.973422121e-12 6.999582875e-12 5.370864617e-12 4.689001944e-12 6.746571648e-12 4.693065146e-12 6.572138923e-12 7.215149493e-12 4.77359995e-12 9.158378695e-12 5.990865507e-12 5.270715889e-12 7.288424473e-12 4.583788831e-12 6.477919185e-12 2.213829494e-12 2.62387839e-12 2.61485795e-12 4.967785119e-12 7.150093575e-12 4.216443549e-12 4.098446173e-12 4.479341131e-12 7.431636388e-12 2.998908208e-12 5.098805163e-12 3.116473754e-12 4.601148052e-12 5.958169326e-12 5.856308055e-12 6.714135974e-12 6.674669259e-12 3.050994058e-12 2.844021191e-12 5.66786025e-12 4.242192022e-12 3.361267946e-12 2.365358978e-12 1.121560439e-12 8.216176534e-12 4.276390486e-12 1.004511542e-11 4.482287034e-12 4.30948042e-12 5.524738998e-12 4.792546446e-12 5.049028068e-12 3.971227957e-12 3.579942752e-12 6.45368976e-12 4.855248077e-12 5.230236693e-12 1.041089863e-11 5.166998711e-12 3.670292149e-12 3.166139953e-12 4.671553842e-12 7.057916844e-12 3.49175542e-12 5.178196599e-12 3.378259968e-12 8.625938945e-13 3.170025271e-12 2.778659939e-12 5.562868981e-12 1.086318761e-11 4.524313344e-12 4.506372197e-12 5.877560646e-12 3.445604084e-12 3.786234275e-12 1.614902177e-12 5.604568e-12 4.427588506e-12 6.051660647e-12 4.399729864e-12 4.076243269e-12 7.794707478e-12 5.182449238e-12 3.128813584e-12 6.504761994e-12 2.960133709e-12 4.707561915e-12 7.093546135e-12 5.448471188e-12 5.44632824e-12 1.244699525e-12 4.471215591e-12 4.33338643e-12 6.359327531e-12 3.413482514e-12 4.774500634e-12 5.464610691e-12 5.161261622e-12 2.490469121e-12 2.161123818e-12 3.631306258e-12 4.171468066e-12 5.620130054e-12 6.307545799e-12 4.916251123e-12 3.8922523e-12 3.674951775e-12 2.432465164e-12 1.917521627e-12 4.89405118e-12 3.216685596e-12 2.103640587e-12 3.471193392e-12 7.043802712e-13 2.40038298e-12 3.608575617e-12 3.694471337e-12 2.960955515e-12 
2.848747558e-12 3.841659492e-12 5.349837438e-12 9.874457316e-12 1.407288024e-12 1.178344141e-11 4.318782447e-12 4.964759899e-12 2.652925812e-12 3.223293428e-12 4.448777804e-12 3.705771632e-12 3.4395283e-12 5.541198488e-12 4.274415868e-12 3.908901925e-12 4.605718631e-12 2.042045436e-12 5.724446025e-12 2.898222272e-12 8.630629521e-12 6.933284498e-12 2.706163107e-12 5.972318591e-12 8.166566192e-12 7.252540609e-12 5.687683292e-12 8.194825784e-12 7.645484588e-12 6.170761897e-12 2.956929275e-12 3.515057231e-12 3.914127713e-12 6.723889527e-12 4.983330399e-12 1.686865338e-12 6.357724246e-12 2.15327831e-12 7.339144794e-12 6.741798693e-12 6.792228578e-12 1.921343818e-12 3.138667703e-12 5.633860457e-12 5.97848564e-12 4.503477949e-12 3.911920128e-12 4.347996835e-12 5.417107119e-12 3.893073773e-12 4.136343377e-12 2.664506951e-12 4.191169119e-12 2.869632687e-12 3.08646345e-12 1.195624849e-11 3.597116897e-12 4.523658196e-12 5.583470382e-12 2.979747734e-12 7.350738307e-12 2.158048783e-12 2.940671214e-12 4.960741048e-12 5.901333937e-12 5.417270312e-12 4.274397255e-12 4.269676111e-12 5.085335498e-12 5.247728796e-12 5.841247785e-12 7.366637566e-12 4.03054363e-12 3.265860416e-12 9.550561353e-12 5.360132024e-12 8.854409899e-12 4.700228051e-12 5.899682543e-12 4.329921661e-12 7.496590874e-12 5.600246595e-12 4.99231774e-12 4.294890887e-12 2.105256424e-12 3.576275687e-12 2.435236365e-12 5.094972786e-12 4.557543281e-12 7.535517858e-12 4.320300646e-12 4.380689315e-12 5.487716432e-12 4.244028106e-12 6.27794366e-12 6.24418706e-12 3.424854322e-12 6.65794469e-12 1.15824902e-11 5.937415013e-12 5.967214237e-12 5.430409612e-12 8.269890716e-12 2.873039499e-12 9.314061182e-12 5.551744833e-12 5.227688105e-12 5.545091876e-12 8.716446249e-12 9.152398347e-12 4.043846638e-12 4.785034804e-12 6.424859144e-12 7.207217564e-12 6.573965675e-12 7.249629946e-12 8.393159681e-12 3.085861835e-12 5.47610713e-12 5.421839116e-12 6.847115116e-12 1.838320674e-12 4.409241882e-12 5.89530659e-12 7.972043038e-12 6.08720347e-12 4.428843259e-12 8.430995879e-12 3.578475341e-12 4.098214281e-12 1.090879636e-11 6.958541821e-12 6.876976354e-12 7.115154344e-12 4.734893714e-12 3.965716496e-12 7.494614549e-12 6.916150674e-12 9.307407122e-12 7.122195542e-12 5.820615462e-12 5.854513434e-12 2.820071585e-12 5.439057025e-12 4.868412497e-12 3.894653442e-12 4.91009097e-12 5.062636975e-12 2.833060927e-12 6.379732491e-12 3.804161071e-12 7.538766644e-12 8.069961897e-12 5.701970916e-12 1.057821459e-11 4.725051943e-12 8.124893535e-12 4.299337657e-12 7.1668069e-12 5.11351589e-12 4.46609862e-12 5.917462692e-12 5.612498398e-12 7.488441322e-12 7.015485938e-12 1.440915056e-11 9.884829663e-12 8.347658779e-12 6.44652501e-12 5.610423067e-12 4.564663134e-12 5.826392274e-12 5.979084065e-12 5.921340974e-12 3.63647595e-12 1.193639508e-11 4.977002348e-12 6.039188247e-12 6.28260087e-12 7.202051567e-12 8.902066091e-12 5.596516678e-12 7.429465122e-12 4.732251842e-12 8.547055329e-12 8.282587183e-12 9.088601815e-12 6.030690005e-12 4.350897315e-12 5.458009633e-12 4.820262667e-12 9.461552107e-12 1.113427576e-11 6.75053464e-12 4.84557161e-12 1.340998982e-11 9.79382097e-12 4.145099755e-12 5.20647387e-12 1.031054327e-11 9.786711921e-12 7.708860768e-12 1.21150535e-11 1.037800017e-11 6.572123961e-12 8.577995697e-12 9.708119075e-12 4.058075016e-12 7.960315933e-12 4.403828089e-12 1.290988281e-11 9.491932901e-12 1.141840174e-11 9.998144828e-12 6.367870542e-12 5.950752062e-12 5.287244259e-12 8.501166446e-12 6.434961439e-12 6.910155793e-12 6.735484123e-12 7.64632718e-12 8.466951475e-12 5.973430239e-12 2.396621148e-12 7.581035763e-12 2.962993284e-12 1.169976015e-11 5.573333583e-12 8.588810934e-12 5.204221937e-12 1.00323488e-11 7.075331572e-12 7.220274212e-12 8.27669487e-12 7.767439269e-12 5.617060008e-12 5.613401317e-12 6.984211435e-12 8.70753448e-12 4.674367136e-12 9.615364144e-12 6.038169626e-12 8.689161639e-12 6.930339737e-12 1.564175094e-11 7.894323676e-12 7.763560174e-12 7.050729249e-12 4.806300718e-12 4.503309564e-12 6.514884839e-12 5.190244724e-12 4.192757906e-12 8.804063096e-12 5.366127438e-12 9.467970689e-12 9.375753614e-12 7.803902929e-12 5.430236412e-12 5.467286994e-12 8.928511895e-12 8.713619068e-12 5.578128811e-12 8.713428591e-12 7.169186307e-12 3.195090172e-12 1.008919082e-11 7.306960778e-12 8.400466474e-12 7.089536779e-12 4.754643043e-12 7.415159632e-12 8.314958e-12 6.458203905e-12 9.741787887e-12 5.777192008e-12 4.347207138e-12 6.512461297e-12 1.075375433e-11 1.192381382e-11 9.030396433e-12 9.899747114e-12 6.594330871e-12 6.246005238e-12 7.110710237e-12 1.009888326e-11 3.928530305e-12 8.234630062e-12 8.183903745e-12 8.80489861e-12 3.667912426e-12 9.094379186e-12 6.438524767e-12 7.361666668e-12 2.531919473e-12 7.246118162e-12 7.872037468e-12 1.229835366e-11 6.555599902e-12 9.90597574e-12 1.073032315e-11 1.110533462e-11 8.130942072e-12 5.119508779e-12 7.27817246e-12 6.015518122e-12 9.18364437e-12 5.886040321e-12 6.855536943e-12 8.7205947e-12 6.204913514e-12 1.079755225e-11 5.891565657e-12 5.185791223e-12 1.050509725e-11 8.292373439e-12 1.002816196e-11 9.878620854e-12 5.310658403e-12 8.25457862e-12 1.400044204e-12 7.596712976e-12 7.270708599e-12 4.518456199e-12 8.092031201e-12 3.734899306e-12 4.692778277e-12 8.211831566e-12 7.230100389e-12 7.401401969e-12 8.165401142e-12 8.420489165e-12 8.794414121e-12 7.123157176e-12 8.887633694e-12 5.468845428e-12 2.502304898e-12 8.734952923e-12 1.289169257e-11 7.719617867e-12 6.290667084e-12 5.668448553e-12 8.524800626e-12 1.047560865e-11 9.334916462e-12 4.720307957e-12 7.477666696e-12 3.637327023e-12 6.20419684e-12 7.91907903e-12 1.015179727e-11 8.896644656e-12 5.431435568e-12 7.916400094e-12 5.87639922e-12 1.016417436e-11 1.203499436e-11 5.536219412e-12 3.286575407e-12 6.035528218e-12 2.21544018e-12 6.118806925e-12 6.707925627e-12 7.136967184e-12 6.604550828e-12 2.947873613e-12 1.085473847e-11 9.761610369e-12 4.351586831e-12 9.513507636e-12 7.526715762e-12 4.693639126e-12 8.076125616e-12 9.745253862e-12 3.242184724e-12 4.261187773e-12 4.115933464e-12 3.250451202e-12 6.555063649e-12 6.176128402e-12 5.858805731e-12 8.751250215e-12 5.908801319e-12 9.48582644e-12 4.099102354e-12 4.355697135e-12 8.494480458e-12 3.970270328e-12 4.74736565e-12 7.567605101e-12 7.036465033e-12 5.920640054e-12 6.534585105e-12 5.490849216e-12 6.760982693e-12 8.192625376e-12 5.157708722e-12 3.759764805e-12 4.747523011e-12 6.786486919e-12 3.979253213e-12 4.475877808e-12 4.411045187e-12 7.129443653e-12 6.228114033e-12 4.843806557e-12 5.888271496e-12 8.522627168e-12 3.090662061e-12 6.927720855e-12 6.698719487e-12 7.512957353e-12 8.673789767e-12 4.595766458e-12 3.396459037e-12 7.567441663e-12 4.930961263e-12 6.404769405e-12 8.757579119e-12 7.170102084e-12 6.166666084e-12 7.097285845e-12 7.243696751e-12 8.2295496e-12 5.875567172e-12 5.222496507e-12 4.006305338e-12 4.607540106e-12 7.604631222e-12 5.263657482e-12 6.304080812e-12 4.585325669e-12 7.835643647e-12 2.680240668e-12 8.526779854e-12 8.349649116e-12 7.224909985e-12 6.160813677e-12 6.187221541e-12 3.287511081e-12 7.110307083e-12 5.44990179e-12 3.382205116e-12 7.275075479e-12 5.782908503e-12 7.160846728e-12 6.85621296e-12 7.099977747e-12 8.163781947e-12 5.662577207e-12 6.517739737e-12 3.780283601e-12 7.707722996e-12 3.320389099e-12 5.199079667e-12 2.914905308e-12 7.069424336e-12 5.999703908e-12 1.149371272e-11 2.879960992e-12 7.607512877e-12 8.32543491e-12 5.275155932e-12 6.39297314e-12 7.061132106e-12 6.986082938e-12 8.387872331e-12 3.685027296e-12 6.067770474e-12 5.845303512e-12 6.298026707e-12 4.918164872e-12 7.810207551e-12 4.399760962e-12 6.498190805e-12 3.364933955e-12 5.434507225e-12 5.226736013e-12 2.390841264e-12 8.670940856e-12 5.506016974e-12 3.355275323e-12 2.196172091e-12 1.027521629e-12 6.050066703e-12 2.126948059e-12 8.068162954e-12 4.804128389e-12 6.576480217e-12 3.124578348e-12 4.338991223e-12 5.005536407e-12 5.120906887e-12 6.391901132e-12 5.444108261e-12 5.645101877e-12 5.798394262e-12 2.60932256e-12 5.461111709e-12 6.670571025e-12 
6.045262305e-12 6.432703771e-12 6.052306641e-12 2.343062904e-12 5.504935364e-12 4.368029727e-12 4.435855286e-12 6.56474727e-12 3.5583321e-12 3.84049287e-12 4.334923254e-12 2.399266851e-12 5.184278987e-12 3.489348774e-12 9.047456183e-12 7.869074101e-12 4.244110809e-12 2.251318662e-12 8.96790491e-12 3.384461697e-12 9.4746643e-12 8.421704077e-12 6.383711533e-12 9.393405112e-12 8.796069596e-12 5.616415254e-12 3.023111987e-12 6.480919689e-12 7.221358389e-12 6.852119288e-12 2.79668822e-12 4.457204054e-12 4.482295461e-12 5.782781394e-12 3.952306596e-12 5.158775128e-12 7.301726153e-12 3.91757227e-12 5.297550813e-12 6.802632595e-12 7.880461964e-12 8.112758982e-12 1.031923967e-11 6.994111955e-12 4.239899729e-12 6.463691557e-12 2.025683443e-12 8.47318634e-12 9.722734377e-12 9.391573438e-12 8.660842696e-12 6.643914505e-12 1.077339476e-11 5.592838913e-12 5.190066408e-12 6.392240218e-12 5.559163738e-12 5.937429251e-12 9.401236603e-12 7.84168039e-12 8.628425339e-12 3.457150225e-12 5.352988856e-12 8.231044177e-12 5.724449047e-12 4.910424013e-12 3.931959234e-12 7.872773194e-12 3.579556344e-12 3.963559428e-12 1.245364067e-11 6.562396985e-12 5.636861988e-12 6.835341683e-12 8.853422287e-12 6.179068982e-12 5.805371304e-12 8.143306982e-12 7.518491094e-12 5.014111411e-12 7.109837743e-12 3.413004899e-12 4.87087574e-12 5.786016003e-12 9.075606433e-12 7.82352545e-12 7.247545016e-12 3.428414043e-12 9.412590199e-12 5.147215e-12 6.070380385e-12 8.003599749e-12 1.140982333e-11 7.414065233e-12 8.703224909e-12 1.212452032e-11 9.892053574e-12 6.443700123e-12 7.118234269e-12 1.113144632e-11 6.062537818e-12 9.353776238e-12 6.895828387e-12 3.909712524e-12 1.248041508e-11 6.402404683e-12 9.133501729e-12 6.8080652e-12 8.154262872e-12 6.038962951e-12 5.975522693e-12 8.838998747e-12 8.440872092e-12 1.154293504e-11 1.034904805e-11 7.47738629e-12 9.128638271e-12 4.814140934e-12 7.639694544e-12 1.146889477e-11 9.225366253e-12 1.358041888e-11 1.113420282e-11 7.908809914e-12 9.056454546e-12 9.572871723e-12 4.493216404e-12 7.015608622e-12 7.685914568e-12 1.050974794e-11 8.524190696e-12 1.114611021e-11 7.098722646e-12 9.919155062e-12 7.716547726e-12 8.152917071e-12 7.367852492e-12 1.081224929e-11 6.465586101e-12 1.009270985e-11 5.697454926e-12 9.535756838e-12 1.11578808e-11 8.385230943e-12 9.803731909e-12 5.426750613e-12 7.237035184e-12 9.123858732e-12 9.83045848e-12 8.75069235e-12 1.079155271e-11 9.588287776e-12 5.239277786e-12 1.072664993e-11 1.046438293e-11 5.907458883e-12 6.367229704e-12 9.490530286e-12 7.632845297e-12 1.003122281e-11 9.644171091e-12 7.652258644e-12 2.928291343e-12 9.677660049e-12 1.253910584e-11 1.068007776e-11 7.121675614e-12 1.516742492e-11 9.589267442e-12 1.100292727e-11 8.255622992e-12 4.220265384e-12 6.75840595e-12 7.924743865e-12 6.532184182e-12 1.297693827e-11 6.085948653e-12 1.020051623e-11 1.215317714e-11 5.54594214e-12 4.612056239e-12 1.766765424e-11 8.983054531e-12 1.094104539e-11 8.720311273e-12 1.15909561e-11 9.90879344e-12 7.899213642e-12 1.410446948e-11 1.116782349e-11 6.705957189e-12 9.911664047e-12 7.111661804e-12 1.094375714e-11 8.63251125e-12 9.7871508e-12 1.371900119e-11 1.004756023e-11 6.555367929e-12 7.100669244e-12 7.650834325e-12 1.011845627e-11 8.17380682e-12 7.958768447e-12 9.110086964e-12 6.028464894e-12 1.243582579e-11 9.919325915e-12 8.500471786e-12 1.042499392e-11 1.01270153e-11 9.473121269e-12 9.117304551e-12 5.838124445e-12 6.818415344e-12 5.897452995e-12 1.17541031e-11 7.483401906e-12 4.524335993e-12 9.964139552e-12 4.299367037e-12 5.878725736e-12 5.041499818e-12 1.105197669e-11 1.568223378e-11 1.027675443e-11 8.374130054e-12 7.615083227e-12 7.121406363e-12 7.487659118e-12 6.202620633e-12 1.545084171e-11 7.332189382e-12 9.220575759e-12 9.703089233e-12 6.103298522e-12 1.119829243e-11 1.101387821e-11 1.451727843e-11 1.092461225e-11 5.994134905e-12 1.084911996e-11 1.052761406e-11 7.477715361e-12 1.085370143e-11 1.001309312e-11 9.829778818e-12 1.34525626e-11 4.590972956e-12 7.74232867e-12 5.869175853e-12 9.565007444e-12 1.321303479e-11 1.277753111e-11 7.183707708e-12 8.080762116e-12 8.911703693e-12 5.835308923e-12 6.459138505e-12 7.581831105e-12 7.108295066e-12 1.396686243e-11 9.295257393e-12 1.105077538e-11 9.491680988e-12 1.069789789e-11 7.046092679e-12 9.830652679e-12 8.414514048e-12 1.057711925e-11 9.623168088e-12 6.670825761e-12 7.110318378e-12 1.142732688e-11 8.89406874e-12 1.654808211e-11 1.366346642e-11 7.006103811e-12 1.329913787e-11 1.071432447e-11 7.285310179e-12 1.231775466e-11 1.118573742e-11 1.056458285e-11 1.081061197e-11 3.492711408e-12 1.026580549e-11 1.243849753e-11 1.416978258e-11 5.869692239e-12 9.870937383e-12 1.044980031e-11 1.017882937e-11 1.063062167e-11 1.651528636e-11 8.903948585e-12 1.409166933e-11 1.222015882e-11 9.257339625e-12 1.010701603e-11 1.178957206e-11 9.300462268e-12 1.159119745e-11 1.765687611e-11 5.033941393e-12 1.152933688e-11 1.225525932e-11 5.956560221e-12 7.709687255e-12 5.513440805e-12 9.223263298e-12 4.002060263e-12 8.737318237e-12 1.323892597e-11 1.43127854e-11 8.929806483e-12 1.125097857e-11 7.058866655e-12 1.077290308e-11 6.688817174e-12 1.174169279e-11 1.536419041e-11 9.671462899e-12 8.080358051e-12 1.775598293e-11 8.957883287e-12 1.458389149e-11 6.02339144e-12 1.467952922e-11 3.270731921e-12 8.92939058e-12 1.010894051e-11 1.369656001e-11 1.030373113e-11 1.151494551e-11 6.801919326e-12 6.261486135e-12 8.759814891e-12 5.122474609e-12 7.171077416e-12 1.040336108e-11 8.089631026e-12 7.571529228e-12 6.583715926e-12 9.735087907e-12 9.755895469e-12 5.291290218e-12 1.261833839e-11 1.675268321e-11 1.281547003e-11 6.122200571e-12 1.232337713e-11 8.330425524e-12 9.16794222e-12 8.411775245e-12 8.918806669e-12 9.084753804e-12 6.618144346e-12 1.383255241e-11 8.709829073e-12 1.102126379e-11 1.130517552e-11 8.910180721e-12 9.45723038e-12 9.614525364e-12 7.171185271e-12 9.661706745e-12 6.616053118e-12 5.354875914e-12 8.791398306e-12 1.306597101e-11 3.809404052e-12 1.078608315e-11 1.051802e-11 3.614885042e-12 7.994198724e-12 5.359114413e-12 1.140075446e-11 1.264496562e-11 9.264881601e-12 7.443537774e-12 1.479861696e-11 8.972906068e-12 1.080484329e-11 1.159111932e-11 6.629697817e-12 4.961762027e-12 8.881019809e-12 8.022173614e-12 9.113021765e-12 9.201892555e-12 5.827588396e-12 7.473030425e-12 2.420977424e-12 8.96616546e-12 6.607376485e-12 6.239505693e-12 5.332120658e-12 7.561708586e-12 4.298459668e-12 7.712266357e-12 1.094785271e-11 1.89611498e-12 9.886907364e-12 1.137165586e-11 1.233578175e-11 8.207206726e-12 6.791885502e-12 8.301359135e-12 5.707711714e-12 7.336982838e-12 7.697463397e-12 1.414604842e-11 5.899319276e-12 9.320136065e-12 3.859559731e-12 9.294841623e-12 5.355655827e-12 3.994740498e-12 6.671657721e-12 5.336872379e-12 5.481340799e-12 9.072929503e-12 7.497901617e-12 1.014763928e-11 4.833937076e-12 9.135739978e-12 7.37452469e-12 4.774434971e-12 5.441376307e-12 1.020779363e-11 3.30686553e-12 1.181938917e-11 9.487474232e-12 4.943979504e-12 3.544567678e-12 7.448965801e-12 8.596673045e-12 4.945886897e-12 5.949026672e-12 6.727199132e-12 5.883001091e-12 7.161458874e-12 9.060684671e-12 8.308385152e-12 7.640902168e-12 8.518356017e-12 8.325530998e-12 1.233675465e-11 1.024340779e-11 7.974936232e-12 9.915988988e-12 3.324602223e-12 5.705003679e-12 8.3084209e-12 6.992014734e-12 8.854185013e-12 7.499875048e-12 8.968319246e-12 3.702662141e-12 8.899276351e-12 4.633496976e-12 4.862950067e-12 7.465459254e-12 3.321002968e-12 1.38512163e-11 1.152279567e-11 7.862631036e-12 8.014439172e-12 1.03934474e-11 1.927673858e-12 5.059196104e-12 6.66644988e-12 7.107597534e-12 7.115206744e-12 6.36746197e-12 5.627138289e-12 5.233656101e-12 1.262439254e-11 5.02233802e-12 4.497875128e-12 5.511154404e-12 7.977369001e-12 1.169965735e-11 7.455209113e-12 6.779555592e-12 6.588907937e-12 3.037783399e-12 2.947972368e-12 5.468606503e-12 9.766348845e-12 3.646794291e-12 6.622316287e-12 2.906833341e-12 7.84571774e-12 5.585179976e-12 2.632074476e-12 4.086722044e-12 6.175838256e-12 5.341722856e-12 5.499274601e-12 
8.413010781e-12 3.147265515e-12 1.021077855e-11 9.845000982e-12 9.121468827e-12 7.290085388e-12 6.389373991e-12 7.678326413e-12 8.200261212e-12 6.822716485e-12 9.51637423e-12 7.949874317e-12 9.156815922e-12 7.995502128e-12 1.252259232e-11 9.263519728e-12 1.208660095e-11 6.970332473e-12 4.958574294e-12 8.262125262e-12 6.114143254e-12 1.211267055e-11 8.55396567e-12 3.599128643e-12 1.111693331e-11 9.473380041e-12 8.382665501e-12 8.593715227e-12 8.881243565e-12 7.216036795e-12 8.283189964e-12 1.00213062e-11 7.970002594e-12 1.319740733e-11 8.910091322e-12 7.346043832e-12 1.17473827e-11 8.646540038e-12 1.232883073e-11 8.718937927e-12 1.201955968e-11 8.145445307e-12 5.869222974e-12 6.742437188e-12 5.739629804e-12 8.302566348e-12 8.643430872e-12 1.017437148e-11 4.644790935e-12 1.114409993e-11 8.904932166e-12 6.07308927e-12 7.486474597e-12 1.668500132e-11 9.113459372e-12 6.699635497e-12 1.253057415e-11 8.660732915e-12 6.768016139e-12 7.963065512e-12 1.175016802e-11 7.517040547e-12 8.133394074e-12 1.089406364e-11 7.969977009e-12 1.05652259e-11 4.147576711e-12 1.064782185e-11 6.130269834e-12 8.288724656e-12 1.048703383e-11 9.293988745e-12 9.569971642e-12 1.19773977e-11 8.521209802e-12 1.395958929e-11 1.575811267e-11 4.946290019e-12 1.256247163e-11 1.002525319e-11 7.764148557e-12 7.867101651e-12 8.163556099e-12 5.278439037e-12 1.373130068e-11 8.680721495e-12 4.921394401e-12 9.793518524e-12 9.296765431e-12 6.618988243e-12 6.320163305e-12 1.148166329e-11 1.298180408e-11 8.569313946e-12 9.804503815e-12 1.200330279e-11 8.837450307e-12 1.015265844e-11 7.256253014e-12 1.277976154e-11 8.62337647e-12 1.206671238e-11 8.75573103e-12 1.592606176e-11 1.261153667e-11 8.239605754e-12 1.044915161e-11 9.562070982e-12 9.951127954e-12 7.923032185e-12 3.919047674e-12 1.124122656e-11 1.254823449e-11 8.094121531e-12 8.347414789e-12 1.413840952e-11 1.090989797e-11 7.727574868e-12 9.013444913e-12 1.446285335e-11 1.115631982e-11 1.487529292e-11 2.00511056e-11 6.193737892e-12 9.647180474e-12 1.069364841e-11 1.050240191e-11 7.769738672e-12 1.677175066e-11 9.57774908e-12 9.640070958e-12 9.169453185e-12 1.127817243e-11 9.962042973e-12 1.396452409e-11 1.263475169e-11 5.030211973e-12 8.370379524e-12 9.613586689e-12 1.299846165e-11 1.069851102e-11 1.384546263e-11 1.251760351e-11 8.803595961e-12 1.341599911e-11 9.414475595e-12 1.229409953e-11 5.80605732e-12 1.202835305e-11 1.136660538e-11 8.532956308e-12 1.107431272e-11 7.59375913e-12 1.258172627e-11 1.075475228e-11 1.220952306e-11 1.327149702e-11 1.756602595e-11 1.219892978e-11 7.392720042e-12 1.116700648e-11 1.337031102e-11 1.130149195e-11 1.412091093e-11 7.343170555e-12 8.469498606e-12 9.446820656e-12 6.478000715e-12 1.372343487e-11 1.33540647e-11 1.280917114e-11 4.733224787e-12 1.105716922e-11 1.448505302e-11 1.622228993e-11 6.074246741e-12 1.294828321e-11 1.036327461e-11 6.403323287e-12 7.260456536e-12 1.160330208e-11 1.056911073e-11 6.092976232e-12 7.660965022e-12 1.292478923e-11 1.158062572e-11 7.605473142e-12 1.211937223e-11 1.579528277e-11 1.628821223e-11 4.759227223e-12 1.29770708e-11 1.187086325e-11 1.025302805e-11 1.59230223e-11 8.75914711e-12 1.271261657e-11 1.477760813e-11 8.678981414e-12 1.005173722e-11 1.340491867e-11 1.607795011e-11 1.30187856e-11 1.035544862e-11 9.172561877e-12 1.19850097e-11 1.729283379e-11 8.830947102e-12 1.433513975e-11 1.397233203e-11 7.892227799e-12 1.187404463e-11 1.692957513e-11 1.440457189e-11 1.314148348e-11 1.09316123e-11 7.572102915e-12 1.190529701e-11 1.856605116e-11 8.850166488e-12 1.643463388e-11 1.330724369e-11 1.551072974e-11 1.501794494e-11 1.096012109e-11 1.155437662e-11 1.590625548e-11 1.199192166e-11 1.181286744e-11 9.952829003e-12 1.309345577e-11 9.964879169e-12 1.147164614e-11 8.190126435e-12 1.273097992e-11 9.600647639e-12 1.176351393e-11 9.625495448e-12 1.219779313e-11 1.941194832e-11 1.052334592e-11 1.245248689e-11 7.765025526e-12 1.288503525e-11 1.510228473e-11 1.022940534e-11 1.241505745e-11 1.048543421e-11 1.190748423e-11 1.251458101e-11 1.415884383e-11 1.39210256e-11 1.343344257e-11 1.002919488e-11 1.136052247e-11 1.336090945e-11 1.036118885e-11 7.653971045e-12 1.060236233e-11 1.60382054e-11 1.052827639e-11 1.425435874e-11 6.941807561e-12 1.718513253e-11 2.178208826e-11 7.693752601e-12 9.952428811e-12 1.637732421e-11 1.581952215e-11 1.707884552e-11 1.212831984e-11 1.350814555e-11 8.06902474e-12 1.359484551e-11 6.726876745e-12 1.192780715e-11 1.320136004e-11 1.013632059e-11 9.039772969e-12 1.392877071e-11 1.066699965e-11 1.084456286e-11 1.750976825e-11 9.65770289e-12 1.163540882e-11 1.087582585e-11 1.087625234e-11 1.325265725e-11 1.251047643e-11 1.709146081e-11 1.094307918e-11 1.122266219e-11 4.986590241e-12 1.070817359e-11 7.278948807e-12 2.17325707e-11 1.161711419e-11 5.791664918e-12 1.121174149e-11 9.249605082e-12 1.335012411e-11 1.242038282e-11 1.210521242e-11 1.080044588e-11 1.336201573e-11 1.11655583e-11 1.317807877e-11 1.834100041e-11 1.459181809e-11 1.19301745e-11 9.801760096e-12 1.220461085e-11 7.621811594e-12 1.51207419e-11 1.80525778e-11 1.279948431e-11 1.159349872e-11 1.319785719e-11 1.773425072e-11 1.898991837e-11 7.571384345e-12 7.055059523e-12 1.264634162e-11 9.732042215e-12 1.619614158e-11 7.746343123e-12 9.982937736e-12 1.217877995e-11 1.99107706e-11 1.660922071e-11 9.813003142e-12 1.363434526e-11 1.424220654e-11 1.461328344e-11 1.075392948e-11 1.706517886e-11 1.171142203e-11 1.533890161e-11 1.042644293e-11 8.633243984e-12 6.533261645e-12 5.926370327e-12 1.364840248e-11 1.539009641e-11 1.330455887e-11 1.310673915e-11 8.95203806e-12 9.512510759e-12 8.061001159e-12 1.399361637e-11 1.100743036e-11 9.515833054e-12 1.213117776e-11 9.98009102e-12 1.440771305e-11 7.832306815e-12 9.000008833e-12 1.285350788e-11 6.747001798e-12 1.188683303e-11 1.706518649e-11 1.016205971e-11 1.337478772e-11 1.256200395e-11 9.859627175e-12 1.428779428e-11 1.137512909e-11 8.231987397e-12 1.179197797e-11 1.000965073e-11 7.222733393e-12 1.624949753e-11 1.136394738e-11 1.212941963e-11 6.61656385e-12 1.196723622e-11 1.384911004e-11 1.26470555e-11 5.993153372e-12 8.878374323e-12 1.322633773e-11 1.448298296e-11 1.153536416e-11 1.282347877e-11 6.61899812e-12 1.237076013e-11 1.51490863e-11 1.223042303e-11 1.162169941e-11 1.487233507e-11 1.009568347e-11 8.981837812e-12 7.475501746e-12 1.606645751e-11 1.25834917e-11 1.163944663e-11 1.005109529e-11 1.513521066e-11 1.563619915e-11 1.205421308e-11 1.038026245e-11 1.981906329e-11 1.449134812e-11 7.190902095e-12 1.29872184e-11 1.064129159e-11 7.806760189e-12 1.405668089e-11 5.919854592e-12 9.077795655e-12 1.370743187e-11 9.290091102e-12 1.335225735e-11 1.350695857e-11 1.424132986e-11 1.540953907e-11 1.169342031e-11 8.526925195e-12 1.254260606e-11 9.286247279e-12 8.248641313e-12 8.615192286e-12 8.838397667e-12 1.270447633e-11 1.282602902e-11 6.59866967e-12 1.136367597e-11 1.07331147e-11 9.410953643e-12 1.060082059e-11 1.26285193e-11 8.593431305e-12 1.406807299e-11 1.333233867e-11 1.045601297e-11 7.816878413e-12 8.138821453e-12 9.267603953e-12 1.262216363e-11 1.488181178e-11 1.234087889e-11 9.101795667e-12 8.542060099e-12 6.24628174e-12 8.133909341e-12 5.482789258e-12 8.890146001e-12 8.842158661e-12 8.517271642e-12 6.704239697e-12 6.014069431e-12 1.288020243e-11 1.490081014e-11 8.022247138e-12 1.178703685e-11 1.045476643e-11 7.414563553e-12 1.589051653e-11 1.057853601e-11 4.961840466e-12 1.182461831e-11 1.148351731e-11 6.986201321e-12 1.100464801e-11 9.922979269e-12 9.32153418e-12 6.815298092e-12 1.372398919e-11 8.69153867e-12 7.11950863e-12 8.698201674e-12 7.663974797e-12 9.5153508e-12 8.276913302e-12 1.036224324e-11 5.205509634e-12 5.545733148e-12 6.788051704e-12 9.135610287e-12 8.178593654e-12 5.911626331e-12 7.600948098e-12 6.239768271e-12 5.474911517e-12 8.151067245e-12 5.903205404e-12 6.489693177e-12 6.187006267e-12 7.655280088e-12 8.604723476e-12 9.196716109e-12 4.632810299e-12 7.017074069e-12 5.172730653e-12 4.506489768e-12 9.89950438e-12 8.269374755e-12 7.828021804e-12 1.0628976e-11 4.04336003e-12 1.03954535e-11 
9.757127007e-12 1.148701589e-11 8.417753125e-12 1.227597702e-11 1.217636399e-11 9.888366226e-12 8.372778951e-12 1.349769814e-11 7.971896604e-12 6.459988423e-12 1.395443002e-11 9.083919827e-12 8.334451841e-12 1.118949968e-11 1.105013853e-11 1.111253598e-11 1.161340908e-11 7.551211277e-12 1.194990499e-11 1.05988301e-11 1.043470734e-11 6.425544945e-12 6.872860696e-12 7.755907092e-12 8.618931023e-12 1.141791614e-11 8.633032428e-12 1.884572032e-11 8.331429534e-12 7.286827962e-12 9.124196202e-12 9.466579427e-12 1.049037805e-11 8.599082569e-12 9.219773556e-12 1.260890776e-11 6.914799808e-12 7.920497797e-12 1.145517072e-11 1.022810935e-11 9.171431499e-12 1.396325188e-11 9.338338464e-12 1.467955363e-11 1.171640891e-11 7.399596311e-12 8.271673174e-12 1.151373158e-11 8.069715445e-12 9.637726123e-12 1.704295582e-11 1.643102654e-11 7.969190842e-12 1.186935227e-11 1.250287312e-11 6.821642101e-12 7.099708323e-12 1.631778837e-11 9.07511744e-12 1.581414499e-11 1.238387175e-11 1.786397677e-11 1.386338979e-11 1.115848113e-11 1.194054123e-11 1.213999037e-11 1.705699787e-11 1.863760444e-11 1.317543063e-11 1.051398787e-11 7.243801648e-12 1.598741726e-11 1.254839475e-11 1.150287465e-11 1.304412053e-11 6.877274384e-12 1.028482472e-11 1.754709992e-11 1.138445664e-11 1.922221255e-11 1.579673587e-11 1.559455684e-11 1.662554575e-11 1.096463351e-11 1.342781988e-11 1.227568255e-11 1.309903476e-11 9.318857886e-12 1.313592902e-11 1.512067835e-11 1.009421337e-11 1.16491661e-11 1.285524007e-11 1.615723425e-11 1.053807986e-11 1.380508092e-11 1.651140264e-11 9.47671667e-12 1.625638919e-11 1.157125258e-11 9.195484936e-12 5.959551741e-12 1.574712857e-11 1.556153034e-11 1.612676778e-11 1.58530869e-11 1.236405588e-11 1.397903921e-11 1.142386855e-11 1.112853638e-11 7.815744459e-12 1.033749571e-11 2.063591493e-11 1.277133143e-11 1.369687312e-11 1.153739603e-11 1.203567504e-11 1.187156996e-11 1.405062464e-11 1.14689205e-11 1.334267177e-11 1.16631046e-11 1.481157362e-11 1.623933578e-11 1.308601428e-11 2.115106938e-11 1.839003868e-11 1.722370631e-11 1.916876558e-11 1.833700978e-11 1.146902421e-11 1.415534244e-11 2.234271681e-11 1.33026017e-11 9.185232118e-12 1.636252044e-11 1.136863869e-11 1.774186932e-11 1.315118213e-11 1.665726519e-11 1.78339422e-11 1.18736154e-11 1.654459758e-11 1.687527744e-11 1.436305706e-11 1.045720768e-11 1.312375824e-11 1.79001651e-11 1.278323157e-11 1.617956403e-11 1.542041471e-11 9.931039491e-12 1.502153266e-11 1.350158166e-11 1.318758833e-11 1.387439049e-11 1.59929282e-11 1.450130899e-11 1.223419705e-11 1.424089802e-11 1.423099885e-11 1.982743442e-11 2.115905035e-11 1.173137709e-11 1.053454935e-11 1.179927918e-11 1.649426665e-11 1.294661632e-11 1.766323107e-11 1.424158433e-11 1.844611427e-11 1.405144399e-11 1.414845558e-11 1.75680125e-11 1.660101941e-11 1.71455299e-11 2.434951159e-11 1.358114865e-11 1.426398498e-11 2.380335909e-11 1.413858749e-11 1.591122211e-11 1.65291921e-11 1.352973065e-11 1.65304016e-11 1.284315527e-11 1.098996564e-11 1.650535678e-11 1.741547893e-11 1.634929295e-11 1.634569514e-11 1.357654012e-11 1.970790582e-11 1.127444401e-11 1.591725909e-11 1.891864046e-11 2.440559326e-11 1.671714327e-11 1.631762178e-11 1.448796248e-11 1.30173023e-11 1.642091994e-11 1.697575508e-11 1.323205016e-11 1.860283531e-11 1.05395536e-11 1.287383164e-11 1.728818371e-11 1.346490231e-11 1.948130371e-11 1.473275107e-11 1.117002412e-11 2.207000861e-11 2.16016635e-11 9.089745098e-12 1.896530694e-11 1.798706927e-11 1.56008829e-11 1.639117712e-11 1.243282019e-11 1.707083315e-11 2.146731439e-11 1.766826526e-11 2.397370256e-11 6.794342447e-12 1.900486841e-11 1.425500076e-11 1.995404116e-11 1.880102611e-11 1.1429682e-11 2.481977789e-11 2.207137824e-11 1.457071085e-11 1.020327688e-11 1.28373568e-11 1.557088421e-11 1.176716432e-11 2.50906877e-11 1.655252321e-11 1.304406289e-11 1.916644642e-11 2.057280438e-11 2.910234092e-11 2.06340063e-11 1.521527797e-11 1.501068002e-11 1.33163904e-11 1.602606452e-11 1.4206386e-11 1.855702797e-11 1.295586403e-11 1.259119578e-11 1.7147608e-11 2.0506661e-11 1.549714833e-11 9.670599785e-12 1.392849698e-11 1.558722982e-11 1.709489257e-11 1.923330393e-11 1.359134403e-11 1.55378858e-11 1.600027223e-11 1.242382242e-11 1.636051786e-11 1.395928475e-11 1.527672454e-11 1.493928963e-11 2.204014674e-11 1.853744039e-11 8.47310584e-12 1.528070212e-11 1.321124354e-11 1.410929502e-11 2.084041441e-11 1.616640577e-11 1.752014831e-11 1.784006481e-11 1.788674567e-11 1.288119095e-11 1.790879046e-11 1.166450075e-11 1.301088872e-11 1.268572773e-11 1.706774349e-11 1.77800986e-11 1.407609598e-11 1.290540032e-11 1.638477588e-11 1.823692414e-11 1.452072051e-11 1.679306289e-11 1.395312291e-11 1.366638968e-11 1.900215345e-11 1.787391902e-11 1.646717593e-11 1.464557131e-11 1.903006412e-11 2.048919074e-11 1.848689402e-11 1.149375778e-11 1.317203879e-11 1.419927738e-11 1.774984022e-11 1.106271654e-11 1.705780506e-11 1.623558457e-11 2.370317485e-11 1.154741513e-11 1.665843997e-11 1.663350485e-11 1.322804259e-11 1.700872125e-11 9.65296289e-12 1.7183348e-11 1.189522744e-11 2.226715467e-11 1.088482575e-11 1.805704617e-11 1.663826491e-11 1.611879861e-11 1.152668236e-11 1.936893478e-11 1.560636173e-11 2.057685875e-11 2.256671242e-11 1.216136183e-11 1.960698212e-11 1.804929863e-11 2.04969443e-11 1.577505637e-11 1.394602744e-11 1.517152623e-11 2.194175561e-11 1.470103333e-11 1.24325739e-11 1.472636183e-11 1.889581781e-11 1.588140173e-11 1.390692982e-11 1.792371694e-11 1.118585343e-11 1.342851426e-11 1.35455965e-11 1.268409424e-11 1.915347614e-11 2.061303797e-11 1.99934369e-11 1.322340867e-11 1.801664221e-11 1.736452067e-11 1.684953461e-11 1.672995701e-11 8.723004231e-12 2.137110013e-11 1.544625319e-11 1.068747208e-11 1.50903006e-11 1.919811311e-11 1.050537172e-11 1.879349362e-11 1.014783278e-11 1.027484899e-11 1.742365204e-11 2.4446098e-11 1.686116284e-11 1.254069032e-11 1.365040626e-11 1.76617554e-11 1.286302829e-11 1.463071208e-11 9.697496955e-12 1.604793363e-11 1.804672954e-11 8.3290427e-12 1.020609195e-11 2.01540989e-11 1.657438796e-11 1.795945108e-11 1.208719001e-11 1.460372574e-11 1.300773296e-11 1.218949161e-11 1.363735238e-11 1.177854447e-11 1.093734175e-11 1.06091738e-11 9.326444125e-12 1.121263565e-11 1.247187613e-11 1.710760453e-11 1.937652628e-11 1.740055432e-11 1.496717391e-11 1.269765367e-11 1.085913601e-11 1.256137256e-11 1.348525638e-11 1.397148541e-11 1.819629178e-11 2.013045246e-11 1.48761648e-11 1.105587214e-11 1.671960027e-11 1.248799383e-11 1.60843034e-11 1.81239398e-11 1.755608221e-11 1.65594709e-11 1.653340074e-11 1.445355915e-11 8.224624393e-12 1.734111356e-11 1.236611045e-11 1.12485887e-11 1.757964204e-11 8.498635081e-12 1.420127998e-11 1.121138044e-11 1.28295292e-11 1.481023999e-11 1.204370918e-11 1.2430651e-11 1.18891141e-11 1.496439266e-11 1.434167863e-11 1.875337339e-11 9.603001971e-12 1.304431745e-11 1.056496663e-11 1.327173513e-11 7.715923111e-12 8.209522562e-12 1.192422078e-11 6.345706249e-12 2.228729364e-11 1.314240434e-11 8.945080106e-12 1.322914473e-11 1.212755589e-11 1.410582041e-11 1.105639959e-11 1.07670208e-11 1.311531455e-11 1.727126657e-11 1.356248222e-11 9.344673764e-12 1.317610035e-11 1.282596419e-11 1.621285951e-11 9.845553556e-12 1.582177866e-11 9.062597876e-12 1.657823657e-11 9.081417441e-12 9.414864971e-12 1.285798691e-11 1.880866813e-11 1.330934093e-11 1.958243045e-11 8.899384112e-12 1.016953379e-11 1.166921756e-11 1.063776853e-11 1.317958502e-11 1.642700175e-11 1.041204745e-11 1.447645869e-11 1.22162105e-11 1.249044053e-11 1.087884463e-11 1.632816207e-11 1.272907518e-11 4.247066714e-12 1.808204129e-11 1.281933836e-11 2.737811289e-11 9.800846398e-12 1.216715341e-11 8.527071358e-12 1.555218865e-11 1.009501041e-11 9.933302604e-12 1.254069016e-11 9.059764609e-12 9.401059095e-12 1.195915455e-11 9.331565345e-12 1.1993134e-11 6.665564184e-12 1.630889922e-11 7.504546869e-12 8.864092536e-12 1.304238143e-11 1.017300262e-11 1.033141528e-11 1.097486323e-11 1.079390723e-11 1.413205456e-11 1.135912966e-11 
4.20546239e-12 1.303699116e-11 1.158943243e-11 1.215764593e-11 1.299743005e-11 1.319549313e-11 1.299343582e-11 1.218295552e-11 9.153921268e-12 1.491576444e-11 1.024347053e-11 2.420625631e-11 1.828953434e-11 1.533604601e-11 2.065769099e-11 1.056114093e-11 1.771162829e-11 1.594763811e-11 1.294684971e-11 1.493708719e-11 8.595658446e-12 1.181251376e-11 1.732992324e-11 1.256442318e-11 7.772957549e-12 1.421743915e-11 1.486758777e-11 9.540940456e-12 1.491978652e-11 1.450369436e-11 1.027463219e-11 1.170165782e-11 1.022731702e-11 1.266100385e-11 1.599130207e-11 1.334148024e-11 1.965300373e-11 1.214545752e-11 2.404813648e-11 1.438467406e-11 1.292156522e-11 1.344634889e-11 1.179668719e-11 1.600314924e-11 1.125561076e-11 1.595133815e-11 1.18680879e-11 1.634338549e-11 1.69105053e-11 2.113773086e-11 1.208621006e-11 1.705387033e-11 1.480711581e-11 1.456875016e-11 1.44710516e-11 2.064519724e-11 1.208164639e-11 1.032139445e-11 1.852783887e-11 1.932752334e-11 1.683513317e-11 1.432560544e-11 2.019429757e-11 7.964889219e-12 1.221159542e-11 2.311235327e-11 2.205088534e-11 1.457048179e-11 1.944119727e-11 1.619246971e-11 1.897989729e-11 1.221274792e-11 1.988418279e-11 1.236560925e-11 2.219813845e-11 1.801035541e-11 1.370029776e-11 1.894749083e-11 1.122295012e-11 1.542588407e-11 1.879314434e-11 1.441493341e-11 1.552991647e-11 2.424457622e-11 1.253163456e-11 2.051956901e-11 1.575134593e-11 2.023678624e-11 1.611524865e-11 2.278485924e-11 1.403740991e-11 1.454729911e-11 2.382100402e-11 1.604366745e-11 1.861483968e-11 1.252586352e-11 9.883277911e-12 1.664082572e-11 1.944549498e-11 2.051685273e-11 2.717802697e-11 1.16561623e-11 1.788921686e-11 1.538764703e-11 2.433260349e-11 2.118667106e-11 1.693353594e-11 1.566282048e-11 1.804491059e-11 1.373227132e-11 1.610890674e-11 1.209155404e-11 2.754508645e-11 2.11488707e-11 1.794096279e-11 2.077440251e-11 2.270993155e-11 1.34838158e-11 1.164318785e-11 2.08933355e-11 1.763242066e-11 1.847352514e-11 1.569747871e-11 2.169519482e-11 2.499199113e-11 2.660932703e-11 1.205217752e-11 1.794829085e-11 1.894422309e-11 1.512314086e-11 1.415058158e-11 1.567893364e-11 2.008826851e-11 1.773183138e-11 1.680836412e-11 1.830063539e-11 2.227217097e-11 1.95074449e-11 1.602876503e-11 1.854846961e-11 1.701202252e-11 1.298140097e-11 3.027810183e-11 1.823326676e-11 1.134630802e-11 2.888769213e-11 1.859544785e-11 1.398794573e-11 2.215763518e-11 2.617585294e-11 2.282785388e-11 1.546362705e-11 1.794644028e-11 1.839052953e-11 2.153982457e-11 9.123231632e-12 1.518830146e-11 2.279813176e-11 1.905983038e-11 2.102978393e-11 1.834571186e-11 1.458827056e-11 2.464110646e-11 1.800239651e-11 1.536437992e-11 2.215177876e-11 2.671833245e-11 1.854250273e-11 2.623756564e-11 2.599898162e-11 2.25260549e-11 2.701760729e-11 2.082372565e-11 1.615667285e-11 1.88883103e-11 1.206144493e-11 2.479457076e-11 2.700347897e-11 1.762402571e-11 2.285821373e-11 2.53377036e-11 2.048586911e-11 2.198853231e-11 2.492912157e-11 2.24370577e-11 1.738774231e-11 1.94147667e-11 2.379830622e-11 1.857735598e-11 2.242963305e-11 2.401217215e-11 1.543429802e-11 1.803973636e-11 2.48313994e-11 2.541158679e-11 1.932299519e-11 2.586525179e-11 1.873246416e-11 2.071690399e-11 2.327861746e-11 2.876511527e-11 1.535693149e-11 2.003998446e-11 2.011214029e-11 2.87286014e-11 2.649345439e-11 1.50318305e-11 2.405236261e-11 2.474379116e-11 1.238127694e-11 2.564494883e-11 2.074225063e-11 2.84282373e-11 3.141794462e-11 2.046978131e-11 2.011838546e-11 1.47111871e-11 1.511891748e-11 1.983151707e-11 2.379034666e-11 2.095453629e-11 2.882926833e-11 2.537742984e-11 1.823210942e-11 1.395114338e-11 2.660332406e-11 2.372858892e-11 1.551218558e-11 2.319860388e-11 2.309626277e-11 1.78668704e-11 1.524050033e-11 2.498278107e-11 1.801069678e-11 1.802040919e-11 2.448976371e-11 1.49883231e-11 2.185030895e-11 2.582374119e-11 1.665441214e-11 2.018900594e-11 2.08218312e-11 1.40299842e-11 1.990444614e-11 2.492579902e-11 1.876182281e-11 1.832486683e-11 2.35853193e-11 2.207136552e-11 1.849793406e-11 1.448583276e-11 1.461745281e-11 1.682234561e-11 2.052385766e-11 1.611706189e-11 1.485212038e-11 1.558903369e-11 1.728421023e-11 2.119551442e-11 2.18033335e-11 1.862847034e-11 2.139964263e-11 2.372068038e-11 1.454919516e-11 1.928833651e-11 2.270249595e-11 2.391086414e-11 2.024474747e-11 2.088911174e-11 2.034634738e-11 2.824816667e-11 2.565676913e-11 2.458504749e-11 2.365314821e-11 1.82831604e-11 1.651168676e-11 2.335419989e-11 2.76966155e-11 1.517869502e-11 2.368741489e-11 2.196497128e-11 2.551450589e-11 2.042934131e-11 2.393720964e-11 1.642440414e-11 2.202026858e-11 1.532611574e-11 2.153965484e-11 1.701296598e-11 1.29535577e-11 2.436449376e-11 3.004907132e-11 2.511089354e-11 2.497351822e-11 1.73377263e-11 1.66694419e-11 1.900588023e-11 2.243205842e-11 1.9492315e-11 1.87830994e-11 2.321308037e-11 1.860514987e-11 2.291676457e-11 2.079407327e-11 2.564653056e-11 2.35122805e-11 2.345450797e-11 1.904048885e-11 2.560122095e-11 1.985106215e-11 1.658004422e-11 2.346712849e-11 1.46282915e-11 2.269628342e-11 1.835129107e-11 2.241985374e-11 1.957114871e-11 2.244254879e-11 2.151541778e-11 2.329150159e-11 2.280484375e-11 2.264075325e-11 1.788543872e-11 2.33197286e-11 1.48273231e-11 2.715471216e-11 1.350671751e-11 1.596869635e-11 1.646742185e-11 1.891129211e-11 1.672982238e-11 1.829194092e-11 2.326249919e-11 2.693420106e-11 1.644485858e-11 1.696918963e-11 1.816982949e-11 2.081767938e-11 2.46870166e-11 1.849770868e-11 2.243308887e-11 2.328429814e-11 1.948994372e-11 2.250422802e-11 1.859053423e-11 1.466900128e-11 1.669953582e-11 2.295301734e-11 1.97103127e-11 1.830174778e-11 1.751111491e-11 2.496274513e-11 1.674599668e-11 2.287432574e-11 1.447834204e-11 1.743037459e-11 2.174623814e-11 2.371833442e-11 1.714691853e-11 1.43559292e-11 1.695535683e-11 3.00545193e-11 2.192087619e-11 1.707655059e-11 1.770080397e-11 1.872874482e-11 1.247452624e-11 1.180001804e-11 1.670454603e-11 1.913122855e-11 1.426390209e-11 1.862696074e-11 2.026414933e-11 1.927155205e-11 1.081407973e-11 1.8814403e-11 1.577750868e-11 1.929720495e-11 1.842553037e-11 1.365656285e-11 1.490522936e-11 1.368480074e-11 1.760015197e-11 1.930455528e-11 1.588501434e-11 1.585979767e-11 1.708368508e-11 2.840300041e-11 2.120896322e-11 2.143454068e-11 2.587457927e-11 1.439819771e-11 1.567883321e-11 1.842047694e-11 1.966527105e-11 1.492579104e-11 1.670644119e-11 2.134791496e-11 1.831888238e-11 1.969351206e-11 1.099993982e-11 2.125980879e-11 2.177338976e-11 1.440896528e-11 1.676590129e-11 1.282074903e-11 1.702442983e-11 2.006290181e-11 1.343975146e-11 1.676932765e-11 1.571183035e-11 1.91776789e-11 2.087662956e-11 1.513644588e-11 1.372573218e-11 2.112189451e-11 2.243493816e-11 1.796528909e-11 2.066118596e-11 1.544962397e-11 1.219205984e-11 1.54611151e-11 2.013369812e-11 1.838790013e-11 1.871986849e-11 2.50902323e-11 2.087323541e-11 1.727938493e-11 2.402710097e-11 1.362722566e-11 1.718653568e-11 1.57129907e-11 8.858215159e-12 1.636867608e-11 2.125949506e-11 1.814897513e-11 1.861821555e-11 1.288233302e-11 1.45842004e-11 1.906845499e-11 1.765453742e-11 1.958901037e-11 1.570426057e-11 1.904242641e-11 1.666598267e-11 1.041310792e-11 1.469673905e-11 1.941632897e-11 2.17326445e-11 1.907629978e-11 1.724438992e-11 1.366526199e-11 2.401286718e-11 1.595374826e-11 1.888933758e-11 1.791579436e-11 1.497244682e-11 1.312135851e-11 1.622996643e-11 1.872509136e-11 1.475732017e-11 1.60498541e-11 1.231430628e-11 1.217969128e-11 1.57181387e-11 2.41418674e-11 1.732983637e-11 2.326776296e-11 1.49113933e-11 1.773774345e-11 1.644481374e-11 1.673570215e-11 1.829174025e-11 1.511696783e-11 1.317806298e-11 1.609278741e-11 1.418398111e-11 1.428359176e-11 1.624867741e-11 1.068274524e-11 1.097452016e-11 1.459824225e-11 1.528659069e-11 1.306953995e-11 1.664861118e-11 1.629482377e-11 1.70275709e-11 1.568702268e-11 1.428850196e-11 1.027863009e-11 1.797350132e-11 1.348908061e-11 2.519709561e-11 1.316580107e-11 1.45393676e-11 7.13038156e-12 2.033297899e-11 1.26120081e-11 7.646233385e-12 1.283873251e-11 1.145934712e-11 
1.83825872e-11 1.733488086e-11 1.752900058e-11 1.824413388e-11 2.034144675e-11 1.512233907e-11 2.197783811e-11 1.387881439e-11 1.563874465e-11 9.421792281e-12 1.687941484e-11 1.780488184e-11 1.858258631e-11 1.819176067e-11 1.960160594e-11 1.495091065e-11 2.196932924e-11 1.456264017e-11 1.998083782e-11 2.438103929e-11 2.100430146e-11 1.206001216e-11 2.056747799e-11 2.139690411e-11 2.336231853e-11 2.253452521e-11 2.264102796e-11 1.957765833e-11 1.443754964e-11 2.173579259e-11 2.190918406e-11 1.636397324e-11 1.704403275e-11 9.338766097e-12 2.368430585e-11 2.27558952e-11 2.151037968e-11 1.995071742e-11 2.364887136e-11 1.975772909e-11 2.711405932e-11 1.99597078e-11 2.098486734e-11 1.664308869e-11 1.44424361e-11 1.64942327e-11 2.752173463e-11 1.005382575e-11 1.382920766e-11 1.04888326e-11 2.058822132e-11 2.547056785e-11 2.256197687e-11 2.093250224e-11 1.502215043e-11 2.712768123e-11 1.751822352e-11 2.33400857e-11 2.17942963e-11 1.219059249e-11 2.388352515e-11 3.14563211e-11 2.183279844e-11 2.988782664e-11 2.430016164e-11 1.383531102e-11 1.914327932e-11 2.079405118e-11 2.352471377e-11 2.526873054e-11 1.845571167e-11 2.536806865e-11 3.148289195e-11 1.749018281e-11 2.547414903e-11 2.197180382e-11 1.909167804e-11 2.269208521e-11 2.137265543e-11 1.92735403e-11 2.745758978e-11 1.964737716e-11 1.398779993e-11 2.182047382e-11 3.05984045e-11 3.228381281e-11 3.307429492e-11 2.358512771e-11 1.770047877e-11 2.398709489e-11 3.030960714e-11 2.641141267e-11 2.445508702e-11 1.793185966e-11 1.913071767e-11 2.796284913e-11 2.120179388e-11 2.639754409e-11 2.750826954e-11 2.269591656e-11 2.139137126e-11 2.414819787e-11 2.468650786e-11 2.354173723e-11 2.377606681e-11 2.841268549e-11 2.165036956e-11 2.981751831e-11 2.426370971e-11 2.121624741e-11 2.450199436e-11 3.224542334e-11 2.940720139e-11 2.883322349e-11 3.2071869e-11 3.027401273e-11 3.054385244e-11 2.391232665e-11 3.282647848e-11 2.505863372e-11 1.828349517e-11 1.956788313e-11 1.721358358e-11 2.662955158e-11 3.168282067e-11 2.179585972e-11 2.846802544e-11 2.818883658e-11 2.167936219e-11 2.806373388e-11 2.4924141e-11 2.254450016e-11 1.84123304e-11 2.807556662e-11 2.73741177e-11 2.36290555e-11 1.893939859e-11 2.720638592e-11 1.980265943e-11 1.980704716e-11 2.827848886e-11 2.843569621e-11 2.514760953e-11 2.693162631e-11 2.135728949e-11 2.095105554e-11 1.827512378e-11 1.962755335e-11 2.004079895e-11 2.485979146e-11 2.584452355e-11 1.96796011e-11 3.243274762e-11 2.569590734e-11 2.184818022e-11 1.950017966e-11 2.185759502e-11 1.789368448e-11 2.433326547e-11 2.458547948e-11 2.126363326e-11 2.173262937e-11 3.598877705e-11 2.858496679e-11 2.015176885e-11 2.71394185e-11 2.667421113e-11 3.109598801e-11 2.21630889e-11 2.816170297e-11 2.198143953e-11 1.992650696e-11 2.2547723e-11 2.862304858e-11 2.843313866e-11 2.781653646e-11 3.615913563e-11 2.675302181e-11 2.623382977e-11 2.395759726e-11 2.366251513e-11 2.907036109e-11 2.727820927e-11 3.280878193e-11 3.061530073e-11 3.399754021e-11 2.607978259e-11 2.759834167e-11 2.72474211e-11 1.997773891e-11 2.379707367e-11 2.889752679e-11 3.328836797e-11 1.924342034e-11 1.973628509e-11 3.58757012e-11 3.333966669e-11 1.970855779e-11 3.739021636e-11 2.748607547e-11 2.870203778e-11 2.929368879e-11 3.014426324e-11 2.364071355e-11 3.240910393e-11 2.138292543e-11 3.174209451e-11 2.995841056e-11 2.457145878e-11 2.794403462e-11 2.978585282e-11 3.022328376e-11 2.043112457e-11 2.185641864e-11 2.632682979e-11 3.363243368e-11 2.589818293e-11 2.026608247e-11 3.064777306e-11 2.38964121e-11 3.103153927e-11 3.010185353e-11 2.673861516e-11 2.580143132e-11 2.797035749e-11 2.256863472e-11 2.838766636e-11 1.881536675e-11 2.196983949e-11 3.112789567e-11 2.337180691e-11 2.051627572e-11 3.017187693e-11 2.992355668e-11 2.251295369e-11 3.08702305e-11 2.449148031e-11 3.910012561e-11 2.891812589e-11 4.386542265e-11 3.51410747e-11 2.050080429e-11 3.226620822e-11 2.513996347e-11 2.650435068e-11 2.038723913e-11 2.94262329e-11 3.368755318e-11 2.483348512e-11 2.806738103e-11 2.463886801e-11 3.558315023e-11 2.569251937e-11 3.687697596e-11 2.305113044e-11 2.314952091e-11 2.815319709e-11 2.42180531e-11 2.027728583e-11 2.373585025e-11 2.329998128e-11 2.880874877e-11 2.085177864e-11 2.699513126e-11 3.441890636e-11 3.695777925e-11 2.376210097e-11 2.420833645e-11 3.18849953e-11 2.508054233e-11 2.53440001e-11 2.029496218e-11 2.449567164e-11 2.690370264e-11 2.876864494e-11 3.828933068e-11 2.844066298e-11 2.901229999e-11 3.62873287e-11 1.982283868e-11 2.947109692e-11 1.587984162e-11 3.04919961e-11 2.705742114e-11 2.847461042e-11 2.618058484e-11 3.684131202e-11 2.978908227e-11 2.151698781e-11 2.233400937e-11 3.560924885e-11 2.941819415e-11 2.347227811e-11 4.190384539e-11 2.886278091e-11 3.52751882e-11 2.826535995e-11 3.998937188e-11 2.102839073e-11 2.983140906e-11 2.729759786e-11 2.687872436e-11 2.808707724e-11 2.353757972e-11 3.345918306e-11 3.310567312e-11 3.243425752e-11 2.176279229e-11 2.773156118e-11 3.577799445e-11 2.333337823e-11 2.10400449e-11 2.078360764e-11 2.372382718e-11 1.970568939e-11 2.883696268e-11 2.631598357e-11 3.08968988e-11 2.373858891e-11 3.069841268e-11 2.706013797e-11 2.3743611e-11 2.354116333e-11 2.982055214e-11 2.574984283e-11 2.35543844e-11 2.574937086e-11 2.505538842e-11 1.90873053e-11 2.787908227e-11 2.441366695e-11 3.32148761e-11 1.900754212e-11 2.646581878e-11 2.366757683e-11 2.586069651e-11 2.48768934e-11 2.446105026e-11 2.65736824e-11 2.468145997e-11 2.514937644e-11 2.395940928e-11 1.560178282e-11 2.54622051e-11 2.841668079e-11 3.328902347e-11 2.706218936e-11 2.805745083e-11 2.863832649e-11 2.376554038e-11 2.670907619e-11 1.980557749e-11 2.698689088e-11 2.947550974e-11 2.733282293e-11 2.408964524e-11 2.373605419e-11 1.570352606e-11 1.91377611e-11 2.620277493e-11 2.394371915e-11 2.829242366e-11 2.203928019e-11 1.946275474e-11 2.395174459e-11 3.050664081e-11 3.45200387e-11 3.753857774e-11 3.034956288e-11 2.750454403e-11 2.30031484e-11 2.107839171e-11 1.900911004e-11 2.494603603e-11 2.905361289e-11 2.57810203e-11 3.351685237e-11 2.431795649e-11 2.121491588e-11 2.692239053e-11 2.908372471e-11 2.404612018e-11 2.675153358e-11 2.119451091e-11 1.854943554e-11 2.762561851e-11 2.043341593e-11 2.753048677e-11 2.079793171e-11 2.534720039e-11 3.16192279e-11 2.205763539e-11 1.918541328e-11 2.543213729e-11 2.366860641e-11 2.750265805e-11 2.024788024e-11 2.78578457e-11 2.384630149e-11 2.365465466e-11 2.490539001e-11 2.083223268e-11 2.205973618e-11 2.237561717e-11 2.975290015e-11 2.347316242e-11 2.909128545e-11 2.104911553e-11 1.865054978e-11 2.331430366e-11 1.564602691e-11 2.641150965e-11 2.840225054e-11 2.749111482e-11 1.801619147e-11 2.135559874e-11 2.315733904e-11 2.058898084e-11 2.388946857e-11 2.171988415e-11 2.161129432e-11 1.765986826e-11 2.104566279e-11 2.161655775e-11 2.58101554e-11 2.092254665e-11 1.70801072e-11 1.847845011e-11 2.270684747e-11 2.140670687e-11 1.833734577e-11 2.446586773e-11 1.915750067e-11 1.990475561e-11 3.138264874e-11 2.665515729e-11 1.654426034e-11 3.118152998e-11 2.816442112e-11 2.742290329e-11 2.198571104e-11 1.604046394e-11 2.102489024e-11 1.867700315e-11 2.732070012e-11 3.046851573e-11 2.82544398e-11 1.993245001e-11 2.640476694e-11 2.675552142e-11 2.710266085e-11 1.785282677e-11 2.03270796e-11 2.007281551e-11 2.266677557e-11 2.254479634e-11 1.750371271e-11 1.451127753e-11 1.9424302e-11 1.630222568e-11 1.714469494e-11 2.508088841e-11 1.725669777e-11 1.659536857e-11 1.676855937e-11 1.749510433e-11 1.900916613e-11 1.780106549e-11 2.193424064e-11 2.196391726e-11 1.613000676e-11 2.28249345e-11 2.502531245e-11 1.617820914e-11 1.774122162e-11 2.068811671e-11 1.871909072e-11 1.624289928e-11 1.939407963e-11 2.300746832e-11 1.985985486e-11 2.232248707e-11 1.696402339e-11 2.873629704e-11 2.167538187e-11 1.444940313e-11 1.218356595e-11 2.128800051e-11 1.809040062e-11 1.014812517e-11 2.326608259e-11 1.863546477e-11 2.260404568e-11 2.430486506e-11 2.046021363e-11 2.12449204e-11 2.357685104e-11 1.46505997e-11 1.305302033e-11 1.694225488e-11 1.184899867e-11 
2.222995867e-11 1.403132331e-11 3.5370613e-11 2.516822303e-11 2.667982208e-11 2.889944316e-11 2.350393726e-11 2.530942762e-11 2.57679424e-11 3.550684366e-11 2.219846382e-11 2.196611366e-11 2.130978906e-11 2.43731277e-11 2.757558257e-11 1.66817528e-11 2.56875702e-11 3.319362336e-11 2.912081698e-11 2.988536838e-11 2.71507548e-11 2.648781473e-11 2.249388869e-11 3.026735403e-11 2.623257168e-11 2.161612774e-11 2.348684329e-11 3.549620328e-11 1.970361255e-11 2.343630838e-11 2.35196941e-11 2.260725227e-11 1.917916326e-11 1.859461689e-11 2.642118487e-11 3.330228993e-11 2.735362261e-11 2.386666502e-11 2.756474747e-11 2.517612967e-11 3.709079412e-11 3.283355588e-11 2.57351101e-11 1.818340616e-11 2.480913313e-11 3.859715805e-11 1.95728087e-11 2.783510869e-11 2.914787234e-11 2.358600844e-11 3.243586817e-11 2.515781894e-11 3.833725881e-11 3.361603483e-11 2.972269259e-11 2.580691207e-11 3.295183043e-11 3.221200223e-11 2.606470881e-11 2.924434351e-11 2.379174048e-11 2.779421575e-11 3.414384784e-11 3.017642524e-11 4.076837405e-11 2.343267187e-11 3.398702657e-11 2.584092168e-11 2.866403794e-11 3.79220551e-11 3.268884083e-11 3.268684868e-11 3.140317109e-11 3.211156648e-11 3.18855032e-11 2.696616136e-11 3.1845308e-11 2.337967798e-11 2.505831453e-11 3.627227992e-11 2.760302065e-11 2.706433454e-11 2.461007736e-11 2.468446206e-11 3.117858985e-11 3.414498248e-11 3.717585526e-11 3.322506758e-11 3.025395161e-11 2.947968332e-11 3.279833512e-11 3.124851511e-11 3.361826271e-11 3.347596975e-11 2.045013822e-11 3.017416187e-11 3.765907345e-11 3.687578766e-11 2.545833155e-11 3.510441185e-11 2.623282866e-11 3.122819689e-11 3.220725545e-11 2.947335851e-11 4.059778851e-11 3.100984664e-11 3.622297733e-11 3.223787935e-11 3.034126402e-11 3.238500272e-11 2.900326929e-11 4.138104165e-11 3.313434308e-11 3.218203786e-11 3.718065584e-11 3.065775857e-11 3.796271926e-11 2.783464601e-11 3.729492287e-11 3.407211285e-11 3.709910296e-11 4.3313239e-11 3.383716166e-11 3.267824964e-11 3.274925489e-11 3.78975027e-11 4.001636978e-11 4.073091184e-11 3.609285438e-11 3.075761781e-11 3.471320771e-11 3.47870284e-11 3.089170073e-11 2.956953045e-11 3.414478953e-11 3.600806379e-11 4.236793747e-11 3.80275015e-11 2.336570555e-11 3.155421928e-11 4.188130738e-11 4.411523685e-11 3.523725119e-11 2.878388958e-11 4.163689324e-11 2.682031264e-11 2.856664101e-11 3.791893927e-11 3.214830403e-11 2.97616662e-11 3.922100518e-11 4.158547779e-11 2.663513244e-11 3.340481322e-11 3.879819718e-11 3.968327781e-11 2.371406542e-11 3.027866074e-11 3.622532298e-11 4.11213244e-11 2.905875375e-11 4.155643938e-11 3.485585754e-11 3.185031323e-11 3.539972559e-11 4.393562315e-11 4.395511224e-11 3.140967328e-11 3.902810862e-11 4.489477611e-11 3.128288498e-11 4.715049998e-11 3.68065811e-11 2.986083303e-11 3.226741553e-11 2.68113166e-11 3.770286442e-11 3.75553308e-11 5.0002293e-11 3.885660435e-11 3.053862364e-11 4.206577029e-11 4.787140471e-11 4.06420538e-11 3.462469914e-11 3.283308056e-11 3.776498615e-11 3.176962828e-11 3.572540347e-11 3.473634142e-11 3.091595006e-11 3.714700281e-11 3.62261906e-11 4.275268536e-11 3.762025373e-11 3.309941504e-11 4.065367836e-11 4.156906973e-11 3.0638136e-11 3.700077382e-11 3.615455434e-11 4.205128692e-11 3.562337521e-11 4.695693929e-11 3.638235623e-11 3.27689606e-11 4.068276927e-11 3.764337758e-11 3.509322121e-11 4.853075529e-11 4.349529364e-11 5.203414791e-11 3.308511461e-11 3.394741017e-11 3.808788545e-11 4.847536538e-11 3.421639686e-11 3.566128535e-11 4.072842156e-11 3.332936814e-11 4.076414916e-11 3.921918781e-11 3.944571571e-11 3.465931718e-11 4.128528601e-11 4.303413048e-11 3.782446254e-11 3.49701987e-11 4.791774622e-11 3.727576918e-11 3.633670434e-11 4.126175938e-11 4.667454405e-11 4.119516124e-11 2.494018089e-11 4.599204128e-11 3.635586419e-11 2.948619759e-11 4.471446172e-11 4.774169258e-11 3.888496026e-11 2.978271716e-11 4.428029592e-11 3.44018442e-11 4.410549848e-11 4.818142146e-11 5.094748704e-11 4.182259858e-11 3.657865587e-11 3.761685388e-11 3.115659937e-11 3.169505526e-11 4.89115341e-11 3.552297299e-11 3.531565203e-11 4.239690873e-11 3.744779839e-11 4.07936633e-11 3.711027881e-11 3.852515631e-11 3.31448717e-11 4.230546336e-11 4.273902773e-11 4.264996892e-11 3.81344729e-11 3.539304556e-11 3.901969544e-11 3.734367578e-11 3.12744776e-11 4.623605253e-11 4.051310963e-11 3.607253248e-11 3.459760644e-11 4.210061349e-11 3.397135335e-11 3.314935261e-11 3.961558403e-11 3.976167726e-11 5.096779057e-11 4.406413395e-11 4.48571617e-11 4.008587818e-11 4.868689616e-11 3.853332143e-11 3.381128152e-11 4.420996832e-11 4.784449621e-11 4.292666744e-11 3.767603618e-11 4.360374173e-11 4.063049806e-11 4.647546787e-11 5.038995818e-11 4.162777106e-11 3.832063006e-11 3.262434511e-11 3.374964775e-11 4.401431462e-11 4.335537459e-11 3.80889053e-11 4.775792702e-11 3.979580226e-11 3.125329368e-11 4.470242657e-11 4.109354791e-11 3.966948951e-11 3.957985837e-11 3.17116845e-11 4.467844651e-11 5.020947337e-11 3.002746357e-11 5.065980225e-11 4.678836494e-11 3.162730431e-11 4.279464841e-11 4.527527256e-11 5.21883542e-11 3.298866861e-11 3.160701356e-11 4.249037143e-11 3.096367163e-11 3.979603682e-11 3.734845584e-11 2.182870763e-11 3.896132047e-11 4.181383501e-11 3.421041908e-11 3.999975214e-11 3.688027508e-11 3.655258139e-11 4.000327617e-11 3.421855991e-11 4.238366443e-11 2.204203561e-11 4.547057437e-11 4.104374475e-11 4.764090144e-11 3.053049165e-11 3.869385583e-11 3.479480655e-11 4.05659788e-11 3.409509761e-11 3.692575897e-11 3.903333571e-11 4.276326333e-11 3.070429838e-11 4.68355063e-11 2.817323453e-11 4.236487604e-11 3.53952379e-11 2.487166683e-11 4.325097757e-11 3.111991104e-11 3.896304285e-11 4.055698773e-11 3.565972374e-11 4.191811984e-11 4.137217465e-11 2.544515391e-11 3.853716915e-11 3.784175212e-11 4.201467455e-11 3.798902249e-11 2.698242145e-11 2.99974155e-11 3.384652159e-11 2.987891587e-11 3.324189943e-11 3.435459251e-11 3.626733379e-11 3.696402763e-11 4.07484012e-11 4.322522006e-11 3.252066367e-11 2.73959184e-11 4.481035031e-11 4.050293368e-11 3.707973036e-11 2.91530899e-11 1.98319552e-11 3.764020132e-11 2.747064406e-11 4.507521214e-11 3.279573934e-11 3.408645687e-11 3.116688689e-11 4.110398294e-11 3.558456802e-11 2.556507916e-11 2.757572335e-11 2.904213629e-11 3.380582872e-11 3.187524481e-11 4.28483099e-11 3.834456106e-11 3.645076012e-11 3.441039318e-11 3.639981563e-11 2.965643955e-11 3.203967556e-11 4.243526556e-11 3.077273379e-11 3.07761841e-11 4.759904137e-11 3.027885409e-11 2.88495715e-11 3.429412035e-11 4.05956439e-11 3.657293155e-11 3.097923817e-11 4.330059094e-11 3.175486007e-11 3.264395699e-11 2.761060586e-11 2.659070432e-11 4.660704538e-11 3.373169349e-11 2.887162027e-11 2.704988296e-11 3.142497859e-11 3.277374084e-11 2.785804042e-11 2.985689738e-11 3.932043326e-11 2.298985719e-11 3.215007434e-11 3.466074734e-11 3.252824324e-11 3.485395316e-11 2.892409149e-11 3.754781293e-11 3.199937525e-11 3.128112586e-11 2.396515071e-11 2.779130634e-11 2.458467008e-11 3.252506514e-11 3.515085811e-11 2.413836817e-11 1.804307637e-11 2.510698949e-11 2.572152545e-11 2.892584756e-11 3.418134533e-11 2.47005708e-11 1.965505969e-11 3.510352638e-11 3.028436097e-11 3.310873031e-11 2.769001967e-11 2.683506049e-11 3.26631327e-11 3.13377775e-11 3.354712536e-11 3.34906012e-11 2.43884885e-11 3.478264243e-11 3.271090623e-11 3.070525038e-11 3.388389395e-11 3.181676031e-11 3.03645716e-11 2.833621611e-11 3.441424998e-11 2.697706142e-11 2.125368198e-11 2.869115417e-11 3.52190632e-11 2.739439099e-11 2.915256923e-11 3.408858699e-11 3.175888917e-11 2.46126191e-11 2.832858613e-11 2.583624394e-11 2.594585221e-11 2.069937741e-11 2.46812724e-11 2.49979355e-11 2.138496845e-11 2.438929132e-11 2.377838326e-11 1.555462399e-11 2.031857081e-11 2.69848358e-11 2.409795523e-11 2.087817131e-11 2.671848634e-11 2.02967222e-11 1.822607889e-11 2.590865085e-11 1.972702358e-11 2.750534129e-11 3.072791891e-11 2.526655524e-11 1.678517152e-11 2.2813554e-11 2.717841404e-11 2.395917267e-11 2.872684676e-11 1.682067144e-11 
3.190882299e-11 3.706271474e-11 3.10345179e-11 3.140765215e-11 4.236726683e-11 2.866976551e-11 4.168646868e-11 3.293846563e-11 5.009105344e-11 3.262918998e-11 3.872867536e-11 3.236828398e-11 3.228124263e-11 3.705433161e-11 3.525359838e-11 3.36509908e-11 4.346294338e-11 3.154483144e-11 3.865283337e-11 3.364820598e-11 3.921818152e-11 3.600032713e-11 4.130921909e-11 4.182324662e-11 4.115901233e-11 5.167960358e-11 4.164675069e-11 4.052053101e-11 2.899645532e-11 3.06967123e-11 4.52882785e-11 3.789524787e-11 5.076239483e-11 4.011770196e-11 3.378753179e-11 4.541802924e-11 3.932332454e-11 4.882886108e-11 3.65325453e-11 6.316802128e-11 4.65781998e-11 3.34294555e-11 4.408927875e-11 4.239454985e-11 4.321004704e-11 4.037024162e-11 4.930270901e-11 4.284455853e-11 4.689547578e-11 3.763735065e-11 4.835444865e-11 4.457912313e-11 4.133444154e-11 3.961604112e-11 4.206585639e-11 4.76207805e-11 4.712681985e-11 4.420196471e-11 5.326929519e-11 3.40070406e-11 4.35736685e-11 4.169856838e-11 3.89471864e-11 3.774565921e-11 3.665433839e-11 4.263123962e-11 4.16901505e-11 3.825161942e-11 3.892435748e-11 4.585620088e-11 5.176009039e-11 5.373386833e-11 4.300052324e-11 5.8574767e-11 5.048847011e-11 4.690219595e-11 4.594518048e-11 5.183201272e-11 3.967858222e-11 5.471106756e-11 5.366375413e-11 4.908881944e-11 4.028848929e-11 4.895201273e-11 4.161107055e-11 4.955765801e-11 4.965457812e-11 4.361191728e-11 3.448826628e-11 4.034824067e-11 4.804743383e-11 5.411990263e-11 5.54621869e-11 4.565334101e-11 5.772973468e-11 4.601701784e-11 4.010999549e-11 4.130146622e-11 4.229688199e-11 4.567731922e-11 4.630062939e-11 4.571787599e-11 4.712456375e-11 6.048348448e-11 4.692363212e-11 4.630894366e-11 4.627671327e-11 4.141666642e-11 5.911840087e-11 4.50532591e-11 5.033643189e-11 5.519926472e-11 3.907082865e-11 4.880770402e-11 5.871167652e-11 5.002657778e-11 5.734556989e-11 4.461878402e-11 4.939668499e-11 4.940878741e-11 4.642951392e-11 5.109201772e-11 5.251228723e-11 4.689494039e-11 5.771782409e-11 4.186796922e-11 5.376204277e-11 4.477825751e-11 4.475534493e-11 3.753065246e-11 4.958953963e-11 5.285269214e-11 4.811086945e-11 5.140420407e-11 6.078500772e-11 6.158136739e-11 5.331482477e-11 5.286591047e-11 4.789304946e-11 5.011144445e-11 5.73311e-11 5.139534262e-11 5.225286522e-11 4.655180964e-11 4.897814336e-11 4.954006647e-11 5.17236042e-11 4.250231009e-11 6.199943626e-11 5.247289434e-11 5.120631821e-11 5.696937929e-11 5.579328555e-11 5.182874342e-11 5.645630352e-11 5.491574837e-11 5.869182301e-11 5.693607847e-11 5.45863498e-11 5.918988927e-11 5.628100765e-11 6.032368499e-11 5.990907939e-11 5.74856023e-11 4.957158125e-11 5.942718819e-11 4.637023249e-11 6.731457774e-11 6.427287904e-11 5.556687382e-11 6.179077226e-11 5.40228287e-11 6.468932405e-11 4.717197742e-11 4.517801287e-11 5.339718372e-11 5.680976299e-11 6.150616861e-11 4.345569686e-11 5.391857665e-11 5.49373769e-11 6.383242567e-11 6.45320351e-11 5.591054033e-11 5.326919292e-11 5.552779259e-11 4.969094177e-11 5.262154406e-11 7.500622362e-11 6.505542665e-11 4.701202842e-11 5.044799981e-11 6.598137881e-11 6.176294654e-11 5.087353322e-11 5.116011234e-11 4.876817906e-11 4.732421496e-11 5.401441084e-11 6.618686026e-11 5.706279727e-11 5.637661957e-11 6.604289014e-11 5.746902194e-11 6.973769728e-11 4.674245015e-11 5.103163687e-11 6.570854972e-11 5.598358035e-11 5.481807159e-11 6.150851585e-11 6.717002899e-11 5.615878562e-11 5.497675472e-11 6.142769794e-11 6.58420197e-11 7.205599342e-11 5.550856624e-11 5.412542799e-11 6.03331839e-11 5.468258184e-11 5.640616159e-11 5.867207743e-11 5.897704276e-11 5.460435623e-11 6.499404815e-11 5.784944444e-11 6.04659453e-11 5.859472023e-11 5.030468326e-11 5.940262315e-11 4.741704957e-11 5.449238238e-11 5.460329025e-11 5.937506932e-11 5.494870543e-11 7.332715786e-11 5.446507827e-11 6.728001045e-11 5.340095145e-11 5.834978878e-11 6.448375577e-11 5.497518255e-11 6.247515645e-11 5.872147163e-11 6.302005809e-11 5.955273306e-11 5.884418492e-11 5.839851315e-11 4.629853429e-11 6.790312042e-11 5.905322064e-11 5.624988322e-11 6.298144254e-11 5.628036822e-11 5.88978571e-11 5.39761634e-11 6.001491006e-11 5.095804266e-11 5.623790321e-11 4.22131274e-11 5.454743316e-11 5.587719584e-11 6.867826051e-11 7.286697189e-11 6.321783938e-11 5.620253087e-11 5.604922666e-11 6.013552656e-11 5.413815655e-11 5.775699067e-11 5.520467614e-11 6.761747968e-11 6.439782668e-11 5.417789363e-11 5.546508338e-11 5.950184887e-11 6.226410021e-11 6.113626016e-11 5.827354186e-11 6.52392417e-11 5.585110084e-11 6.008032198e-11 6.051789936e-11 6.884396272e-11 6.490144212e-11 5.869027901e-11 6.79647168e-11 6.172953681e-11 4.973467766e-11 5.736356085e-11 6.027658698e-11 5.69820087e-11 6.285537529e-11 4.970945555e-11 6.163565145e-11 6.092889021e-11 5.718346679e-11 4.757627558e-11 5.643177989e-11 5.119411984e-11 6.312838969e-11 5.826595401e-11 6.753690518e-11 5.246221506e-11 5.550293118e-11 6.008914056e-11 5.733671826e-11 4.994043496e-11 6.512781535e-11 6.049505107e-11 4.672026101e-11 6.069765684e-11 7.38563055e-11 5.969812709e-11 5.892565698e-11 6.567973357e-11 6.443737911e-11 5.914012468e-11 4.345931462e-11 4.611141143e-11 4.752805654e-11 5.65843791e-11 5.221388869e-11 6.643300867e-11 5.085659617e-11 5.252891963e-11 5.72042507e-11 6.775118479e-11 6.31876406e-11 4.132815702e-11 6.107731312e-11 4.240830136e-11 6.524197116e-11 5.786282037e-11 5.304236803e-11 7.193207279e-11 6.128489259e-11 5.663031878e-11 6.216967129e-11 5.403257217e-11 5.703405427e-11 4.640522934e-11 5.69595682e-11 6.27025926e-11 5.042571195e-11 5.517023541e-11 5.004932355e-11 6.372626641e-11 4.479819839e-11 4.736268511e-11 5.551619669e-11 4.934870991e-11 4.670833406e-11 4.135903221e-11 5.557613996e-11 6.305034609e-11 5.169603578e-11 5.572316505e-11 5.201521234e-11 5.374828181e-11 4.475321281e-11 4.68916066e-11 5.494395097e-11 5.43869492e-11 4.797953337e-11 5.271041357e-11 5.482505633e-11 6.637211235e-11 6.356423406e-11 6.174224639e-11 5.314557061e-11 5.261337228e-11 4.099105868e-11 5.045839265e-11 4.551242388e-11 4.683729036e-11 5.337643967e-11 4.108653563e-11 5.43126668e-11 5.476552357e-11 5.203599642e-11 6.388704878e-11 5.633385673e-11 4.387770314e-11 4.698675804e-11 5.591862332e-11 5.817405373e-11 3.42629924e-11 4.857149918e-11 4.581246372e-11 5.621320206e-11 5.434204691e-11 4.599018037e-11 4.551556979e-11 4.53310738e-11 4.771607085e-11 5.161083684e-11 4.426441389e-11 5.271018915e-11 6.352225278e-11 5.97535948e-11 4.090089607e-11 4.350062803e-11 5.51108713e-11 5.984141184e-11 3.630881256e-11 4.5696712e-11 5.178175233e-11 6.130956589e-11 4.657653733e-11 3.327082272e-11 4.938874479e-11 4.992335062e-11 4.802201034e-11 4.555051892e-11 4.709378739e-11 5.095085458e-11 4.881880246e-11 4.919655086e-11 5.25079433e-11 5.458517203e-11 4.21262625e-11 4.399493638e-11 4.372789444e-11 4.508476281e-11 3.732398537e-11 4.629539991e-11 4.723603493e-11 4.15524925e-11 4.992345749e-11 3.720701445e-11 4.817423401e-11 4.502044649e-11 3.51653096e-11 5.169212494e-11 4.168728079e-11 4.590147605e-11 4.914816165e-11 4.412246858e-11 5.235205767e-11 3.967604937e-11 5.054734593e-11 3.645720783e-11 3.391846517e-11 4.106099724e-11 4.202895659e-11 3.847999508e-11 5.727746984e-11 5.618453935e-11 4.400490884e-11 4.030431862e-11 3.535152042e-11 4.399577889e-11 5.285416688e-11 3.84084962e-11 5.049725497e-11 1.588866108e-10 3.457958123e-11 3.342911496e-11 3.956771451e-11 3.42904808e-11 4.365015189e-11 3.364879668e-11 4.450430678e-11 4.0809631e-11 4.977793644e-11 4.788159653e-11 3.780013684e-11 2.600299903e-11 2.756067429e-11 3.541302573e-11 4.030647495e-11 3.947474148e-11 3.259438744e-11 5.094514597e-11 4.163932059e-11 2.738909538e-11 3.677635992e-11 3.427318661e-11 3.070525928e-11 4.260357794e-11 3.961484302e-11 4.053482422e-11 3.818942155e-11 4.471985508e-11 4.514117673e-11 3.99230338e-11 3.280413711e-11 4.671070069e-11 4.721891687e-11 4.564439413e-11 3.632477318e-11 3.236741963e-11 4.085070275e-11 4.783738203e-11 3.396654247e-11 3.723512256e-11 3.886530652e-11 2.488444232e-11 3.562832226e-11 
5.688535799e-10 6.714728548e-10 6.6204154e-10 6.809969883e-10 6.198177806e-10 6.526373188e-10 6.43669312e-10 6.483851532e-10 6.166378565e-10 6.933664856e-10 6.632422874e-10 6.285969941e-10 6.340488273e-10 6.730787163e-10 6.388368473e-10 5.767745721e-10 6.5076376e-10 6.57272097e-10 6.784274671e-10 7.023277433e-10 7.004701513e-10 6.787245552e-10 6.846558064e-10 6.952964181e-10 6.166691978e-10 7.370144603e-10 6.675044835e-10 7.059398063e-10 7.205813112e-10 7.158497609e-10 6.61214911e-10 6.741122566e-10 7.217576072e-10 7.575328901e-10 6.670288566e-10 6.963475376e-10 7.889755208e-10 7.38919059e-10 7.776457642e-10 7.512149543e-10 7.408407943e-10 6.881055745e-10 6.994014254e-10 7.247498293e-10 7.689852213e-10 6.726291548e-10 6.824825496e-10 8.116529405e-10 7.382468772e-10 7.58845802e-10 7.400890032e-10 7.89903341e-10 7.15900155e-10 7.083312348e-10 7.560248514e-10 7.740236232e-10 7.631628664e-10 7.909670569e-10 8.082023951e-10 7.155488735e-10 7.274137046e-10 7.812329649e-10 9.340662018e-10 8.379350808e-10 7.945533826e-10 7.525542321e-10 8.980744579e-10 8.286791607e-10 7.448005644e-10 7.405984489e-10 6.974064289e-10 7.345058648e-10 8.150439134e-10 7.782766925e-10 8.716073601e-10 8.055600008e-10 7.947060615e-10 7.858611181e-10 8.140771772e-10 8.397270509e-10 7.982424224e-10 8.571264554e-10 8.217883542e-10 8.543233402e-10 8.770122969e-10 8.528033555e-10 8.295126335e-10 8.568275666e-10 8.001978456e-10 8.462316144e-10 8.583760959e-10 8.52285159e-10 9.253165863e-10 8.334758444e-10 8.699364788e-10 8.26393633e-10 8.849098361e-10 8.012037647e-10 8.108037459e-10 8.503908583e-10 9.152531237e-10 8.086541538e-10 8.727707184e-10 8.81449778e-10 8.953966852e-10 8.630142834e-10 8.07586718e-10 8.644384148e-10 8.2344493e-10 9.084698124e-10 8.742810712e-10 9.376852441e-10 8.632873565e-10 9.498780856e-10 9.254822254e-10 8.907330868e-10 8.91026419e-10 8.545928174e-10 8.877019563e-10 8.245557637e-10 9.218433258e-10 9.01906161e-10 8.851586432e-10 9.564422566e-10 8.440150371e-10 9.179065899e-10 9.401823162e-10 9.562617644e-10 9.106297874e-10 8.038670438e-10 9.891885601e-10 9.596306128e-10 9.66854919e-10 1.009892025e-09 9.162327562e-10 8.427472628e-10 9.195357529e-10 9.233361345e-10 8.883390508e-10 9.552586592e-10 9.581920601e-10 8.976722824e-10 9.578220173e-10 1.014459299e-09 9.206066879e-10 1.088327757e-09 9.331488124e-10 9.131919168e-10 9.854578772e-10 9.83422757e-10 9.43687038e-10 9.881660287e-10 8.783619816e-10 8.78802201e-10 9.765342696e-10 1.020248776e-09 1.06564371e-09 8.737302693e-10 9.543839275e-10 9.80859238e-10 9.770730965e-10 9.598337875e-10 1.04475573e-09 9.955702003e-10 9.63350884e-10 9.376068039e-10 9.057357807e-10 9.224122845e-10 9.971986338e-10 9.785737318e-10 8.931331789e-10 9.21828499e-10 1.014093353e-09 9.60427923e-10 1.000355636e-09 9.603296126e-10 9.34997693e-10 1.062871423e-09 9.435519684e-10 9.05267367e-10 9.585523791e-10 9.76606199e-10 1.085527318e-09 9.679176574e-10 9.243580229e-10 9.597577098e-10 1.006193087e-09 9.758131933e-10 9.369896206e-10 1.019339356e-09 1.010900455e-09 1.038449869e-09 9.787017512e-10 1.024334887e-09 9.883131586e-10 9.551060091e-10 9.822812378e-10 9.977787302e-10 9.043064739e-10 9.664220999e-10 1.084925672e-09 9.568924154e-10 1.001088273e-09 1.084416082e-09 9.811354567e-10 9.639343298e-10 1.045643754e-09 9.830343344e-10 9.873920722e-10 1.007494961e-09 9.684270319e-10 1.009553075e-09 1.003803178e-09 1.043169365e-09 9.51997162e-10 9.803442943e-10 1.045764255e-09 1.057681716e-09 1.024417341e-09 1.001452742e-09 9.863921643e-10 9.762823094e-10 9.621326706e-10 1.010079768e-09 1.055471674e-09 1.042648173e-09 1.035420717e-09 1.02952067e-09 9.516461213e-10 1.077467866e-09 9.701786615e-10 1.041626798e-09 9.691994343e-10 1.107885047e-09 9.310908602e-10 1.009729916e-09 9.832941438e-10 1.02739668e-09 1.084776761e-09 1.05766963e-09 1.00299514e-09 1.024318438e-09 1.000821533e-09 9.788669669e-10 9.29150454e-10 1.083786578e-09 1.02748422e-09 1.065427858e-09 1.038520131e-09 9.889981065e-10 1.039540976e-09 9.627240363e-10 9.934053611e-10 1.008666899e-09 1.034078971e-09 1.029037035e-09 1.088512105e-09 1.039862433e-09 1.050936057e-09 9.130963702e-10 1.054229095e-09 1.088794077e-09 1.028127861e-09 1.037220045e-09 1.039867682e-09 1.015713077e-09 1.056126866e-09 8.698479348e-10 9.989554518e-10 1.004981677e-09 1.09243852e-09 9.637563861e-10 9.930245651e-10 1.004814413e-09 1.026126293e-09 1.014824919e-09 9.876061135e-10 1.044399711e-09 1.03821855e-09 1.025997989e-09 1.028988249e-09 1.008026723e-09 1.046941142e-09 9.921881699e-10 1.101467155e-09 9.527900997e-10 9.595518207e-10 1.024636836e-09 1.014996794e-09 1.035284713e-09 1.033610881e-09 9.607713437e-10 1.023660452e-09 1.059798809e-09 1.020132971e-09 1.105523571e-09 9.389169764e-10 9.626474213e-10 9.70327327e-10 9.580546335e-10 1.074774182e-09 1.033040681e-09 1.078934172e-09 9.643446103e-10 1.057385136e-09 9.857980717e-10 9.692618239e-10 9.812645113e-10 9.378161811e-10 9.837137143e-10 9.959777898e-10 9.793804748e-10 1.03721222e-09 9.144630877e-10 1.022615491e-09 1.046088001e-09 9.827241701e-10 9.915732262e-10 9.921389864e-10 9.966264889e-10 9.639950223e-10 9.47744491e-10 9.897730532e-10 9.375082865e-10 9.914847826e-10 9.051895996e-10 1.058186979e-09 8.32669279e-10 1.038665889e-09 9.45266741e-10 9.453133086e-10 9.709551727e-10 9.761611366e-10 9.275442709e-10 9.35381419e-10 9.619115002e-10 8.885682145e-10 9.432634818e-10 8.443987991e-10 1.017867846e-09 8.920279613e-10 9.585422243e-10 9.363434761e-10 9.583992332e-10 9.296106594e-10 1.069311267e-09 9.507698533e-10 9.263435947e-10 9.674478721e-10 9.121851743e-10 1.005740344e-09 9.689177621e-10 9.798979345e-10 1.050113947e-09 9.532579373e-10 9.438439847e-10 9.484759355e-10 9.295123146e-10 8.489791783e-10 9.714263934e-10 9.019580094e-10 9.670688024e-10 8.525035881e-10 9.559560148e-10 9.368491776e-10 1.01040388e-09 8.996457848e-10 9.339330464e-10 8.924908547e-10 9.994418017e-10 8.608515782e-10 8.210390694e-10 9.212023405e-10 9.581934379e-10 9.087222205e-10 9.842653197e-10 8.964024358e-10 8.672159269e-10 9.405961136e-10 8.878608188e-10 8.476920434e-10 8.842644102e-10 8.952586482e-10 8.662973502e-10 9.05097761e-10 8.832530679e-10 8.74228133e-10 8.862822554e-10 9.067871319e-10 8.122977839e-10 9.105645903e-10 8.702350976e-10 7.939389411e-10 8.688894799e-10 8.461580435e-10 9.070750812e-10 8.701467739e-10 8.247752943e-10 8.43830577e-10 8.116372261e-10 8.494127822e-10 8.656462066e-10 8.286402449e-10 7.983588231e-10 7.832857713e-10 8.640270812e-10 8.603489154e-10 9.066106131e-10 8.300433713e-10 9.373724863e-10 7.879226085e-10 8.340689199e-10 8.777353534e-10 7.731602807e-10 7.556821573e-10 7.604291549e-10 8.837537632e-10 8.898134083e-10 8.260186585e-10 8.42356913e-10 7.709071328e-10 7.884347092e-10 9.121463698e-10 7.997800026e-10 8.687476162e-10 8.465846848e-10 7.611348536e-10 8.362518606e-10 7.494816297e-10 7.100658183e-10 8.342717967e-10 7.346987989e-10 7.723980359e-10 8.199789842e-10 7.634794765e-10 7.975282025e-10 7.612585211e-10 7.51913723e-10 7.036418001e-10 7.26394336e-10 8.195656512e-10 7.45751443e-10 6.768533285e-10 7.643612289e-10 7.290103924e-10 7.824704614e-10 7.063828427e-10 7.021686643e-10 7.471692215e-10 7.655040526e-10 7.217029571e-10 7.38785338e-10 7.534309972e-10 7.170842811e-10 7.243009125e-10 7.523208032e-10 6.82807692e-10 6.966438016e-10 7.450651546e-10 7.381898581e-10 6.637459516e-10 7.657522618e-10 6.488051394e-10 6.976984033e-10 6.97140586e-10 7.20514752e-10 7.290330994e-10 6.837545404e-10 7.053260537e-10 6.766952857e-10 6.894011602e-10 6.632260093e-10 6.635645761e-10 7.243200555e-10 6.820780159e-10 6.44899076e-10 6.521116192e-10 6.741877665e-10 6.800418245e-10 6.935526359e-10 7.235163311e-10 6.78325778e-10 6.723352533e-10 6.428508346e-10 6.307861891e-10 6.156049495e-10 6.554623847e-10 6.528091417e-10 6.314890626e-10 6.643155161e-10 5.835017446e-10 6.853307004e-10 6.099136669e-10 5.776115894e-10 6.250326254e-10 5.963190728e-10 6.373037596e-10 5.676533676e-10 6.842311709e-10 6.190861507e-10 5.98075186e-10 
# Errors [px6/px6.dat] I_err:
1.017605119e-12 5.165592735e-13 6.236048274e-13 4.690168628e-13 3.363292611e-13 4.63071581e-13 6.583394066e-13 8.219594521e-13 6.185744366e-13 5.096999044e-13 4.654488184e-13 4.046662736e-13 5.743847603e-13 4.457428377e-13 7.328298347e-13 4.25625054e-13 4.655031808e-13 2.665712212e-13 6.732962403e-13 5.327685366e-13 1.119242697e-12 5.808005619e-13 7.52188253e-13 6.419072932e-13 4.790339748e-13 6.138081635e-13 6.494020384e-13 4.818080731e-13 7.799529313e-13 6.044798267e-13 7.063850106e-13 8.830832885e-13 5.100034672e-13 4.940336998e-13 6.349296377e-13 4.680263644e-13 5.082209576e-13 4.985962714e-13 4.956800595e-13 5.428192205e-13 3.316822088e-13 5.537896431e-13 6.12838928e-13 5.251303066e-13 4.629771057e-13 4.379765587e-13 5.586613533e-13 8.266386867e-13 5.391322753e-13 5.454265912e-13 5.219539692e-13 5.004218853e-13 5.491500977e-13 7.316803124e-13 4.860226826e-13 7.022910655e-13 5.314303094e-13 6.495241836e-13 5.579322641e-13 5.447008444e-13 1.583736896e-12 6.198708853e-13 5.604298265e-13 5.140446995e-13 5.799804688e-13 5.283285553e-13 5.481028099e-13 4.517041314e-13 4.430162772e-13 4.482105325e-13 5.619303165e-13 4.975871998e-13 5.946427856e-13 5.13409893e-13 7.807120006e-13 4.900879499e-13 5.33644913e-13 8.917787558e-13 4.892744826e-13 5.759548895e-13 4.260123489e-13 5.75888282e-13 4.397192262e-13 6.870726419e-13 1.441727266e-12 5.273299407e-13 1.450017296e-12 5.606196186e-13 5.783003221e-13 7.659540055e-13 6.91731203e-13 8.582377478e-13 9.423534959e-13 5.16195443e-13 5.834117461e-13 4.837438375e-13 5.462223153e-13 6.624165875e-13 6.155176421e-13 5.360044498e-13 1.076482111e-12 6.639012762e-13 1.918999772e-12 7.652104901e-13 6.364476804e-13 6.242389079e-13 5.263469997e-13 5.307645146e-13 1.851530209e-12 7.350752668e-13 4.857251406e-13 6.782041823e-13 5.816456544e-13 6.267373966e-13 6.063432542e-13 5.045022848e-13 1.689791868e-12 5.780505784e-13 7.749460698e-13 4.680853036e-13 1.067507464e-12 6.9820219e-13 1.173558553e-12 4.739551653e-13 6.020683753e-13 3.176256622e-12 6.866957589e-13 6.06408054e-13 5.078128255e-13 5.566041636e-13 5.698808546e-13 6.328747495e-13 6.692378364e-13 6.784349325e-13 1.35448133e-12 7.377889587e-13 7.800538192e-13 4.433917593e-13 7.379424616e-13 8.225333502e-13 8.054056793e-13 4.893112194e-13 7.093042744e-13 6.593846754e-13 7.000694615e-13 9.941352127e-13 7.802758548e-13 6.952352379e-13 7.612736304e-13 7.097653272e-13 5.73704148e-13 6.313428302e-13 6.735635725e-13 8.005952308e-13 1.29955415e-12 5.662830051e-13 6.193238465e-13 1.195533931e-12 6.262945087e-13 7.71782883e-13 8.913885457e-13 6.329974633e-13 5.74139692e-13 6.526683863e-13 6.794137752e-13 5.751205133e-13 1.351934674e-12 9.084217836e-13 1.19389819e-12 7.535335464e-13 5.983020826e-13 1.158596422e-12 1.232337459e-12 6.859303524e-13 3.388193388e-12 1.139168975e-12 9.677347348e-13 5.891607485e-13 6.738344541e-13 5.547124699e-13 8.540456931e-13 6.310525942e-13 6.97405103e-13 5.8467961e-13 9.106048012e-13 9.089173634e-13 6.31082989e-13 1.532015927e-12 4.593188734e-13 1.172230941e-12 6.549749387e-13 6.267454362e-13 8.345898348e-13 6.872863144e-13 7.06444774e-13 6.650008551e-13 1.612747782e-12 7.127994046e-13 5.683868353e-13 5.565681118e-13 1.056220456e-12 6.351639437e-13 6.267003972e-13 8.118007103e-13 5.250683798e-13 5.016721349e-13 7.643604151e-13 1.849312116e-12 5.967697882e-13 9.593411778e-13 5.596282558e-13 4.514611279e-13 1.192973229e-12 8.012622404e-13 5.345717493e-13 4.901929431e-13 7.449069701e-13 6.184572738e-13 7.934058608e-13 6.849424366e-13 8.583312342e-13 6.717470577e-13 6.285648412e-13 6.651525791e-13 9.022165392e-13 8.840458448e-13 6.556397569e-13 5.972166983e-13 5.580181846e-13 7.707370382e-13 8.745093522e-13 7.108775759e-13 8.305946227e-13 1.364179231e-12 6.65435102e-13 7.070390877e-13 8.172849968e-13 1.204234775e-12 5.479930879e-13 6.948665921e-13 7.193990924e-13 1.401573235e-12 1.021418888e-12 1.876846336e-12 7.716605153e-13 1.337547321e-12 3.561038821e-12 5.923577136e-13 8.235399228e-13 6.141587315e-13 8.642229818e-13 8.648387042e-13 7.931395093e-13 7.211444591e-13 7.769604854e-13 7.055785917e-13 6.090541235e-13 7.107354204e-13 7.312711003e-13 6.242057011e-13 7.670155005e-13 7.72936855e-13 5.905185172e-13 6.827735147e-13 6.056509598e-13 8.495012676e-13 1.950880758e-12 6.993884588e-13 5.442044181e-13 7.446476082e-13 7.167125807e-13 6.939622778e-13 7.212397223e-13 7.088308263e-13 8.44376614e-13 5.627059155e-13 9.498865106e-13 5.530057097e-13 6.978948599e-13 5.81294497e-13 1.499367812e-12 7.884240531e-13 5.8855182e-13 5.974031047e-13 1.170029303e-12 6.661260016e-13 6.535962747e-13 6.090992791e-13 6.425531834e-13 8.812016644e-13 6.277280037e-13 8.925131145e-13 7.247070915e-13 9.398374302e-13 6.675473577e-13 6.476315899e-13 1.133656446e-12 7.668651451e-13 4.569887034e-13 6.488559421e-13 1.010921099e-12 6.013441836e-13 6.044344201e-13 2.648792386e-12 7.390330371e-13 8.012257608e-13 7.280209948e-13 6.405275647e-13 7.387807059e-13 5.225323171e-13 7.603344377e-13 6.154586282e-13 5.256757008e-13 1.061835416e-12 7.361610291e-13 5.821039799e-13 6.352529942e-13 8.817950102e-13 6.544277998e-13 8.303490139e-13 6.801658933e-13 6.640455988e-13 8.354064024e-13 1.001117558e-12 1.139806076e-12 2.579937291e-12 6.549234951e-13 1.034261249e-12 1.034858073e-12 6.091355351e-13 6.301627388e-13 7.684184449e-13 7.19821838e-13 2.115608483e-12 1.031467005e-12 7.173617831e-13 7.254978736e-13 6.178682428e-13 2.006948881e-12 7.544822198e-13 5.963851311e-13 5.867414464e-13 6.326886015e-12 7.483091436e-13 6.930534346e-13 6.497337529e-13 5.666536374e-13 5.889843553e-13 6.098960785e-13 6.190977655e-13 6.724827296e-13 9.957072196e-13 6.511614713e-13 9.458247346e-13 6.997785793e-13 6.732720104e-13 6.66718933e-13 5.485993392e-13 6.618780185e-13 5.969341869e-13 8.218831584e-13 6.754724833e-13 5.438119554e-13 1.003710398e-12 6.754585895e-13 1.924100808e-12 6.209837295e-13 6.154946986e-13 7.316568447e-13 5.287368957e-13 1.904291389e-12 1.017047277e-12 6.262412791e-13 6.258805025e-13 1.593933834e-12 6.395924591e-12 5.888606271e-13 5.872412722e-13 7.09575782e-13 6.607278472e-13 6.802569723e-13 6.538508162e-13 5.09792817e-13 5.288367309e-13 1.472459252e-12 5.885758368e-13 6.160897263e-13 6.289429774e-13 6.14833515e-13 3.449252548e-12 8.329501268e-13 5.779585484e-13 5.14898382e-13 5.465712356e-13 7.214896333e-13 6.949278047e-13 5.777106337e-13 1.714353841e-12 9.097471857e-13 7.036038662e-13 6.929282784e-13 6.197938794e-13 6.073131644e-13 6.249606557e-13 6.570076943e-13 7.30069463e-13 7.050770975e-13 7.079856381e-13 4.640252716e-13 6.082390644e-13 1.054656726e-12 5.907961215e-13 5.76019106e-13 5.972132479e-13 5.961347353e-12 6.600381588e-13 6.910738338e-13 6.158183182e-13 5.354059316e-13 6.994443072e-13 6.07911595e-13 4.855257306e-13 4.636348919e-13 5.59122939e-13 6.525764086e-13 8.33281461e-13 3.968271098e-13 6.580834604e-13 6.3901919e-13 8.670981615e-13 6.360192088e-13 8.803346853e-13 6.077858852e-13 7.221161107e-13 6.143390931e-13 6.029911865e-13 9.646237378e-13 6.517104526e-13 5.974617394e-13 7.571659267e-13 8.788475358e-13 5.774816606e-13 1.925591967e-12 6.767950478e-13 4.931050922e-13 5.751728899e-13 6.095354717e-13 5.521428782e-13 1.342370098e-12 9.85204918e-13 7.47331382e-13 5.308232013e-13 7.740467445e-13 8.783240785e-13 7.702036324e-13 5.77737262e-13 7.380702987e-13 5.918555433e-13 6.001138723e-13 7.086756822e-13 4.494357647e-13 5.467184115e-13 7.251175333e-13 1.191825697e-12 6.492983267e-13 6.071336113e-13 9.278891974e-13 7.208317776e-13 8.701358127e-13 8.578845032e-13 9.32830222e-13 6.325562603e-13 6.232407989e-13 8.858498896e-13 4.751163079e-13 4.895841418e-12 5.101485137e-13 6.629022678e-13 5.607797311e-13 6.347928346e-13 5.852682251e-13 1.029847551e-12 5.739435392e-13 6.790582604e-13 4.778045198e-13 2.958657028e-12 7.076439199e-13 7.071313636e-13 4.637685817e-13 6.762309944e-13 4.723152992e-13 6.083481104e-13 1.060779296e-12 5.291728442e-13 1.031772497e-12 5.910034652e-13 6.160788079e-13 6.451505436e-13 8.390134269e-13 6.404529121e-13 5.850739157e-13 
3.017716562e-13 2.857892296e-13 1.536871623e-12 7.641025025e-13 2.637770951e-13 2.002601251e-13 2.997136411e-13 3.243291322e-13 5.78557203e-12 7.295835784e-13 2.723872859e-13 2.272469433e-13 3.940626807e-13 2.692327175e-13 3.287092858e-13 2.202702575e-13 3.23502655e-13 3.647846235e-13 2.034509694e-13 4.450444158e-13 4.585195941e-13 6.877356379e-13 3.371977263e-13 5.263948708e-13 5.606125871e-13 4.201931089e-13 5.511771659e-13 1.235873261e-12 3.536516149e-13 2.602286139e-12 3.897938128e-13 1.696451351e-12 2.209859413e-13 4.382404266e-13 3.315755362e-13 2.979420666e-13 1.186575507e-12 3.413999795e-13 2.081794253e-13 1.342134601e-12 2.773104091e-13 3.659578022e-13 8.730644633e-13 2.829589585e-13 5.353216995e-13 2.43104447e-13 2.375555441e-13 2.835115253e-13 4.293414468e-13 3.249667194e-13 2.306648025e-13 2.500450605e-13 2.602862622e-13 1.094105847e-12 7.525965855e-13 2.601568593e-13 4.398969821e-13 3.35269348e-13 3.260503697e-13 1.059123788e-12 7.574636548e-13 4.544140786e-13 3.753038038e-13 3.815644102e-13 4.87747014e-13 2.405247072e-13 1.734277988e-12 2.855660419e-13 3.860134411e-13 1.621351678e-12 5.211753317e-13 2.405802474e-13 2.792183483e-13 4.994023657e-13 3.850108215e-13 3.703890714e-13 3.406174663e-13 3.355613066e-13 3.561226406e-13 3.774570033e-13 4.499291866e-13 6.768931597e-13 4.664995463e-13 2.733896207e-13 3.631979298e-13 4.84694401e-13 2.965037385e-13 3.049901088e-13 3.371797405e-13 6.5778168e-13 6.194471885e-13 3.304485578e-13 2.512444439e-13 3.767206875e-13 4.788847883e-13 1.156824697e-12 4.605830559e-13 3.555117267e-13 2.200518655e-13 5.332467821e-13 8.783325266e-13 3.861126625e-13 3.452951611e-13 7.811902253e-13 3.528911863e-13 4.022700774e-13 1.063675194e-12 4.696304314e-13 3.24031161e-13 5.570312305e-13 3.658523347e-13 4.291893665e-13 4.627996264e-13 4.541300593e-13 5.029811725e-13 1.078534613e-12 3.591600984e-13 5.453376001e-13 3.348715564e-13 3.885360142e-13 3.986550476e-13 9.94598344e-13 4.190630439e-13 4.310315847e-13 4.68358666e-13 2.567859368e-13 3.014249455e-13 1.057798316e-12 3.13100771e-13 1.005077417e-12 5.668599521e-12 8.84254999e-13 1.745150114e-12 3.454761112e-13 4.495412762e-13 2.606998808e-13 3.209813455e-13 4.517134857e-13 3.852862856e-13 6.478687963e-13 2.01725674e-13 3.335026794e-13 1.315605129e-12 4.840951676e-13 1.369476482e-12 5.199900751e-13 1.429810731e-12 4.73007885e-13 5.124445696e-13 3.265081662e-13 1.249666631e-12 2.716806927e-13 3.088960505e-13 3.329739678e-13 4.268390266e-13 3.21833116e-13 2.875048172e-13 7.893663816e-13 1.560699653e-12 3.81942572e-13 8.4448971e-13 2.552457467e-13 4.730381404e-13 7.588483111e-13 2.922366092e-13 2.806091705e-13 3.460943286e-13 1.800089139e-12 3.66128538e-13 5.950230419e-13 5.279117201e-13 4.523042586e-13 5.157002357e-13 5.390061565e-13 4.456019352e-13 5.261248486e-13 1.109385682e-12 5.826178399e-13 4.96092313e-13 4.086851542e-13 4.201998284e-13 6.15945498e-13 3.890005433e-13 3.910286725e-13 8.401907293e-13 4.984914462e-13 3.645000649e-13 5.668307493e-13 1.213990653e-12 6.005049749e-13 5.938759152e-13 1.045281362e-12 4.981593352e-13 1.103808998e-12 4.048933213e-13 4.484195166e-13 8.049055957e-13 3.067685333e-13 3.766899978e-13 3.076283407e-13 1.544851186e-12 3.498696347e-13 6.282356929e-13 8.841909676e-13 3.754763682e-13 4.148651481e-13 3.248205604e-13 3.207305347e-13 3.440864101e-13 6.224869756e-13 5.81224163e-13 1.449289828e-12 5.85666973e-13 6.28361767e-13 3.346380995e-13 8.434284407e-13 1.447361382e-12 4.85707068e-13 3.705609334e-13 6.636697951e-13 3.799413096e-13 1.334415201e-12 9.80383489e-13 8.050802713e-13 4.031560581e-13 3.937368051e-13 2.057454498e-12 4.307983146e-13 1.712595572e-12 2.39897374e-13 5.47925343e-13 6.049661527e-13 7.86727752e-13 5.278172978e-13 9.728608509e-13 3.359245252e-13 7.553167959e-13 4.330252103e-13 4.555225679e-13 3.774802822e-13 3.486299991e-13 6.353545488e-13 1.386041072e-12 7.208220766e-13 2.258381794e-13 3.675682235e-13 2.88696077e-13 2.813690581e-13 2.965872366e-13 3.034031581e-13 8.451957296e-13 3.835822553e-13 1.552366327e-12 4.801782088e-13 4.148403176e-13 8.313711014e-13 4.745247465e-13 1.380264469e-12 4.059509317e-13 3.92820838e-13 1.923540989e-12 3.747638832e-13 2.803179013e-13 4.736847865e-13 2.906739112e-13 3.6083372e-13 6.259722167e-13 3.198555808e-13 3.583466039e-13 1.22016422e-12 2.558547861e-13 5.476593121e-13 3.901040378e-13 2.94208991e-12 3.42864089e-13 4.135956967e-13 4.838305678e-13 3.850997637e-13 5.053086468e-13 3.366495298e-13 5.122800097e-13 2.636401839e-13 4.825035431e-13 7.780435818e-13 1.39356708e-12 3.787568443e-13 1.411283976e-12 3.398828105e-13 4.239369667e-13 3.947093161e-13 3.825715294e-13 3.743934104e-13 9.336626904e-13 2.473734086e-13 6.070131522e-13 3.688433679e-13 3.713706246e-13 2.652956016e-13 2.721186333e-13 1.982001491e-12 4.516741016e-13 3.399426343e-13 5.132932492e-13 6.22846688e-13 6.553399789e-13 4.055979789e-13 4.756651727e-13 3.438189142e-13 2.911352886e-13 6.534504942e-13 3.278422884e-13 7.950476175e-13 3.646602025e-13 3.428545148e-13 3.185820212e-13 1.311076083e-12 3.431276439e-13 4.911254942e-13 3.687422476e-13 3.437201939e-13 3.289702367e-13 4.10092055e-13 3.489566779e-13 2.872556743e-13 4.467147406e-13 1.703700613e-12 3.810407684e-13 3.108209941e-13 9.52976056e-13 2.330511774e-12 1.20846639e-12 3.738036097e-13 4.582247828e-13 4.210102363e-13 1.321579401e-12 6.576352637e-13 4.143389503e-13 1.751605507e-12 3.761133958e-13 4.967594965e-13 3.717213095e-13 4.193839363e-13 3.832501243e-13 3.560005152e-13 5.033641917e-13 3.370636801e-13 5.098012176e-13 3.986012079e-13 3.123093287e-13 7.559304576e-13 4.629226004e-13 3.172730647e-13 4.592758694e-13 1.068429351e-12 5.534839998e-13 4.196887701e-13 2.793113222e-13 3.955493024e-13 2.604731148e-13 4.905236276e-13 4.839946662e-13 5.577605969e-13 3.465193885e-13 4.991120652e-13 3.897419549e-13 3.057719303e-13 1.158420756e-12 3.652102159e-13 2.430426856e-12 3.331393817e-13 6.306998176e-13 4.320450804e-13 5.574918459e-13 1.075651744e-12 3.642008744e-13 1.473222211e-12 5.028556398e-13 4.354450652e-12 6.218369442e-13 2.073049298e-12 4.522794174e-13 8.843122639e-13 2.82401566e-13 4.750607429e-13 4.310036514e-13 5.841426849e-13 3.628203321e-13 2.641553642e-13 2.269658918e-13 3.831633813e-13 5.987371165e-13 3.058712264e-13 4.320191843e-13 3.220146966e-13 6.341825427e-13 4.368106701e-13 3.143280193e-13 1.185571778e-12 8.106972556e-13 1.090822009e-12 8.912330348e-13 7.134596999e-12 1.10280812e-12 1.467812332e-12 9.939824784e-13 2.586173496e-13 3.988007908e-13 5.631628189e-13 4.43412265e-13 3.539540939e-13 4.262834086e-13 2.959920057e-13 6.176693439e-13 4.046817425e-13 3.050277875e-13 3.321377394e-13 3.460711241e-13 2.211138443e-13 3.437302277e-13 3.044407458e-13 3.416093098e-13 4.896223297e-13 4.92670213e-13 3.637411228e-13 4.566935173e-13 4.553988472e-13 2.855489819e-13 4.261379595e-13 2.645004289e-13 2.906520324e-13 4.763806927e-13 2.691569206e-13 3.425507757e-13 5.381316587e-13 2.516085984e-13 6.053723176e-13 8.27055416e-13 2.668028039e-13 3.704895208e-13 1.0218752e-12 4.01663457e-13 3.240487978e-13 3.424249576e-13 2.297346957e-13 2.669177495e-13 2.677837583e-13 2.727111978e-13 2.823972139e-13 3.4392906e-13 1.53742394e-12 3.157667689e-13 7.597326951e-13 4.542001873e-13 3.082794619e-13 2.990015713e-13 8.992767082e-13 5.799675791e-13 1.255087389e-12 2.472491683e-13 1.11047986e-12 3.959436892e-13 8.82299017e-13 2.210330283e-12 2.480576709e-13 5.728586011e-13 1.271196436e-12 5.340849947e-13 6.611203359e-13 2.996578416e-13 2.666129051e-13 2.928439147e-13 1.364696595e-12 4.426696082e-13 4.237858219e-13 3.38590646e-13 3.311602849e-13 1.122130983e-12 1.285178011e-12 2.12615013e-13 2.357533009e-13 3.955840488e-13 3.070702765e-13 3.674464167e-13 2.973771964e-13 3.212669387e-13 3.345112542e-13 2.496789726e-13 4.575737141e-13 4.245859853e-13 5.17527651e-13 2.890713914e-13 3.494909845e-13 4.060838892e-13 3.950547385e-13 1.030870419e-12 2.886754858e-13 3.847341428e-13 4.101087437e-13 2.762092299e-13 2.239568058e-13 5.077922066e-13 
3.570368204e-13 1.97597684e-13 2.804400428e-13 2.216017719e-13 2.121935786e-13 1.714597943e-13 2.684941156e-13 2.77877218e-13 1.72610748e-13 5.897452456e-13 4.107339127e-13 1.770317764e-13 2.372426385e-13 2.27995022e-13 6.216785818e-13 3.840823977e-13 2.904514577e-13 1.838345059e-13 3.403492997e-13 1.86855182e-13 5.577099613e-13 2.430750099e-13 9.161034992e-13 1.134734281e-12 3.426898521e-13 3.173490364e-13 1.315621862e-13 1.086839373e-12 1.709399533e-12 8.442741787e-13 1.983486284e-13 2.430113766e-13 3.070970732e-13 2.099947874e-13 2.86875215e-13 1.808498091e-12 2.171331354e-13 3.16543651e-13 1.804744995e-12 2.543407937e-13 3.148816405e-12 3.605985021e-13 3.11345791e-13 3.124088158e-13 2.447596903e-13 8.42193262e-13 3.161823565e-13 2.436491155e-13 3.095638058e-13 4.879406843e-13 6.354236613e-13 3.130601823e-13 4.304765093e-13 2.97313046e-13 3.360723144e-13 4.554436824e-13 2.438604611e-12 3.722556759e-13 4.584350505e-13 2.029375894e-13 3.278867031e-13 2.23866921e-13 1.889506639e-13 2.735399973e-13 1.743949172e-13 2.675808876e-13 3.629366642e-13 2.138028857e-12 3.317001307e-13 2.540651192e-13 2.28633003e-13 2.45464006e-13 4.467055596e-13 3.528995127e-13 5.415026703e-13 4.71725808e-13 9.467453864e-13 1.967902532e-13 2.544391347e-13 5.780929683e-13 3.315272154e-13 4.956137544e-13 2.426941333e-13 6.785235375e-13 3.69434971e-13 2.56873376e-13 3.638513415e-13 3.42627829e-13 4.120729134e-13 2.316950952e-13 3.200610783e-13 4.691380968e-13 1.923137743e-13 1.43699498e-13 1.088733693e-12 1.540074962e-12 3.482663965e-13 3.066196521e-13 3.493350122e-13 5.764549557e-13 5.539012669e-13 3.15978672e-13 1.462614816e-13 1.426387904e-12 3.102288263e-13 3.672420145e-13 1.251948599e-12 1.660585472e-13 2.773066457e-12 9.057207673e-13 3.244263244e-13 8.089049292e-13 1.872540611e-13 2.675785957e-13 2.568644626e-13 2.242993557e-13 3.581891871e-13 4.320265336e-13 2.959526864e-13 1.584848845e-12 2.098030629e-13 1.696491285e-12 7.893308296e-13 7.618650321e-13 4.62829704e-13 3.063716944e-13 1.93180348e-13 9.370152796e-13 2.774658546e-13 2.846816425e-13 5.296157364e-13 5.423390617e-13 3.263797563e-13 3.777507866e-13 1.460087386e-13 1.421889052e-12 3.713621414e-13 3.555806713e-13 8.156898021e-13 4.60979938e-13 3.500020722e-13 4.404337639e-13 1.676233715e-12 3.224871009e-13 2.847742787e-12 2.74122895e-13 3.259056967e-13 1.427579713e-12 3.132148048e-13 4.187399828e-13 4.104354238e-13 4.440735639e-13 4.684354129e-13 1.288091717e-12 3.23425643e-13 3.363051764e-13 3.479337685e-13 8.267180521e-13 1.999736313e-13 2.773285285e-13 4.721477889e-13 7.566160163e-13 5.284500365e-13 6.082980808e-13 4.002532103e-13 1.341571375e-12 2.487643312e-13 1.364810013e-12 2.97156782e-13 3.300165353e-13 3.65068549e-13 2.322520339e-13 4.344623394e-13 1.686087787e-12 6.138013108e-13 3.211738612e-13 6.239099237e-13 5.039687155e-13 1.122509507e-12 3.783944225e-13 2.797763915e-13 2.470792617e-13 3.360273321e-13 1.740635808e-12 3.583128963e-13 5.326861583e-13 1.161531586e-12 2.667707112e-13 2.652196085e-13 4.312323833e-12 3.068974054e-13 3.950668933e-13 4.558832173e-13 1.165555757e-12 2.085158623e-12 4.581959639e-13 3.916625292e-13 3.232851343e-13 1.793783919e-13 3.362397558e-13 2.875149302e-13 4.905629894e-13 1.286290748e-11 4.750367735e-13 2.971586068e-13 2.765674998e-12 1.067029036e-12 1.377299353e-12 1.264620838e-12 3.763351572e-13 1.422498512e-12 4.424292179e-13 4.284615053e-13 3.460803848e-13 5.287578735e-13 3.623683444e-13 2.121243585e-12 9.866592314e-13 3.101628814e-13 2.823481298e-13 7.80246901e-13 7.24492014e-13 7.278605967e-13 3.263073524e-13 3.382754411e-13 6.493139489e-12 2.767260571e-13 5.057944466e-13 1.67154332e-12 6.839431106e-13 4.538109575e-13 3.521916584e-13 2.264324732e-12 4.273333158e-13 3.257087967e-13 7.839872115e-13 2.556570191e-13 2.787943647e-13 2.540431072e-13 5.842200155e-13 3.365590334e-13 2.318623619e-13 3.598359337e-13 2.345274225e-13 2.51258142e-13 5.595569568e-13 4.773308127e-13 6.65514902e-13 5.88798965e-13 2.222833653e-13 4.916921848e-13 6.51805169e-13 3.926533658e-13 3.243256263e-13 3.61586742e-13 2.77890976e-13 4.131585653e-13 4.181430749e-13 4.543774699e-13 2.981924728e-13 3.304448087e-13 3.58247009e-13 3.994821422e-13 4.724382722e-13 2.887209756e-13 2.407738269e-12 2.869371956e-13 2.947406163e-13 9.947383957e-13 4.641106147e-13 2.646174973e-13 2.987189889e-13 3.246121216e-13 3.166914132e-13 2.96362008e-13 4.28619035e-13 3.235795987e-13 2.815883879e-13 2.795061176e-13 3.569684013e-13 2.694113188e-13 5.615838981e-13 4.265362304e-13 4.65920747e-13 3.151347754e-13 3.23072287e-13 2.953733863e-13 1.764228149e-13 2.798887322e-13 3.075576754e-13 2.587249361e-13 4.21852217e-13 3.753436225e-13 4.447809255e-13 3.533815628e-13 2.735563775e-13 3.295725441e-13 1.590089317e-12 5.199287105e-13 3.365648104e-13 5.168821894e-13 1.603107647e-13 4.803680903e-13 5.906198595e-13 1.732614051e-12 2.914696255e-13 3.395204014e-13 5.5749115e-13 6.369126774e-13 3.136296282e-13 2.767928551e-13 2.535637776e-13 6.835192714e-13 4.515866225e-13 3.272910771e-13 5.417190653e-13 2.754575542e-13 2.120183202e-12 2.894449849e-13 3.282086235e-13 1.831317994e-13 7.036248691e-13 5.576920634e-13 3.048554595e-13 3.182322448e-13 2.58053699e-13 2.965334711e-13 6.339702506e-13 2.69368153e-13 2.41381318e-13 2.329789824e-13 2.503575934e-13 3.118498346e-13 4.400927321e-13 3.768436173e-13 1.934958399e-13 5.33730314e-13 1.36438325e-12 6.096256039e-13 3.793238553e-13 3.586964793e-13 1.55361927e-12 2.551388756e-13 2.690218114e-13 3.726610509e-13 1.821434021e-12 4.962050012e-12 5.484129302e-13 3.024032459e-13 3.81629155e-13 6.991964984e-13 3.121474793e-13 6.384956203e-13 1.043602109e-13 2.537330467e-13 4.611334407e-13 1.127225537e-12 2.639357666e-12 9.378910631e-13 3.430920716e-13 5.732399582e-12 2.189287295e-13 1.368945125e-12 3.258206675e-13 4.747357696e-13 3.994168697e-13 2.334380599e-13 3.242861283e-13 2.357529331e-12 6.678685436e-13 3.626754488e-13 4.993009727e-13 2.170268036e-13 3.85665303e-13 4.450567141e-13 2.868383364e-13 2.675631304e-13 5.035672303e-13 9.06044522e-13 2.633178413e-13 4.254470683e-13 3.671136377e-13 1.587204234e-13 3.434253664e-13 4.095874563e-13 3.232561915e-13 2.530228451e-13 7.731484084e-13 3.040400508e-13 2.516686092e-13 2.210144917e-12 3.501924701e-13 4.335554444e-13 2.202555893e-13 2.280075511e-12 4.553162623e-13 1.087833014e-12 3.412325173e-13 2.53878448e-13 1.295134503e-13 2.934744244e-13 1.710316654e-12 3.060327767e-13 4.013937298e-13 1.661721119e-13 1.843782632e-13 4.776945195e-13 1.954715757e-12 3.363446701e-13 2.651863028e-13 2.848569161e-13 1.27742477e-12 3.668905684e-13 3.205424372e-13 2.036031251e-13 2.440503993e-13 1.48712453e-12 2.540310995e-13 6.862242816e-13 3.279648976e-13 5.958295342e-13 4.002764891e-13 3.060007177e-13 3.487756455e-13 1.927232317e-13 1.694026294e-12 2.743535266e-13 2.874232203e-13 3.471008229e-13 3.769511881e-13 3.578598434e-13 3.530559105e-13 2.90442473e-13 5.437397423e-13 3.872360704e-13 2.774901897e-13 1.580722899e-13 1.159600163e-12 2.753639703e-13 2.194548448e-13 3.020314692e-13 4.898382492e-13 2.299221203e-13 2.43497341e-13 1.498736612e-13 5.167601887e-13 3.639008261e-13 3.325480951e-13 8.566348385e-13 2.760772782e-13 3.480159536e-12 3.343073424e-13 1.31977309e-12 3.059836935e-13 3.196068582e-13 2.537136999e-13 4.299254994e-13 2.434578036e-12 1.298436489e-11 1.928429741e-13 5.277458782e-13 1.829958791e-13 2.610514553e-13 4.612678514e-13 2.3499142e-13 2.204020129e-13 2.844119999e-13 5.561714025e-13 2.121904834e-13 2.521863534e-13 1.831587093e-13 1.648432688e-13 2.71599621e-13 3.723263363e-13 3.377656587e-13 7.12703398e-13 1.553556986e-13 2.647398669e-13 2.335505619e-13 4.582794726e-13 3.707285988e-13 1.917458886e-13 1.911586707e-13 2.270357078e-13 3.995444862e-13 3.148954871e-13 3.559421567e-13 1.074987107e-12 4.625292091e-13 2.653108787e-13 1.650899359e-12 2.429586693e-13 2.743968811e-13 2.324845754e-13 2.681483334e-13 4.285394692e-13 3.065783028e-13 4.945163435e-12 2.007311498e-13 2.738078115e-13 1.499142981e-13 
2.164165549e-13 1.959768262e-13 2.096128723e-12 1.695975972e-13 2.100932407e-13 6.683436356e-13 6.255486897e-13 3.071330021e-13 1.927767217e-13 2.374005324e-13 1.401428872e-13 1.553259765e-12 6.021975377e-13 1.778375421e-13 3.106905277e-13 1.724963247e-13 1.740533816e-13 3.651074651e-13 3.750525666e-13 6.947009878e-13 4.342140874e-13 4.096401687e-13 4.071205519e-13 3.795115491e-13 2.116808385e-13 2.235963288e-13 2.311847196e-12 2.943442723e-13 1.386829769e-12 6.458405154e-12 3.835194877e-13 9.897860363e-13 2.495852109e-13 2.136394007e-13 1.509221632e-13 1.120757519e-13 3.759803104e-13 2.000299142e-13 1.645574028e-12 3.72649639e-13 3.089544388e-13 2.780804714e-13 3.916122832e-12 1.780219329e-12 1.603566504e-13 2.827361257e-13 1.719795263e-12 3.001039962e-13 2.121620903e-13 1.548745498e-12 6.641161464e-13 3.032164948e-13 9.986802781e-14 4.342943027e-13 8.012992057e-13 4.550390011e-13 3.137748293e-13 1.95603064e-13 3.204963043e-13 1.024095426e-13 2.29970722e-12 1.781504648e-12 3.114450049e-13 5.918361235e-13 6.176992357e-13 1.987907749e-13 3.162507478e-12 6.626849008e-13 3.536865704e-13 2.051431476e-13 2.445441819e-13 2.810051191e-13 3.088384433e-13 2.102558187e-12 4.118276054e-13 3.399928907e-13 2.598383597e-13 2.081797563e-13 1.949578629e-13 3.00898995e-13 6.141700096e-13 7.440016966e-13 2.599932917e-13 1.687131387e-12 2.871888659e-12 2.387039949e-13 4.65776948e-13 1.561113144e-13 1.056107452e-12 1.954479262e-13 2.752407742e-13 6.032979985e-14 5.110534348e-13 3.739928466e-13 4.699774388e-13 4.466250273e-13 1.767310242e-13 4.024584865e-13 2.292191654e-13 2.38882277e-13 2.74237132e-13 9.510831078e-13 2.588851997e-13 3.20132861e-13 2.855012965e-13 2.937800694e-13 2.499722246e-13 2.171314634e-13 2.567002204e-13 4.112423952e-13 3.03541609e-13 6.139399288e-13 2.45578279e-12 1.918022358e-13 5.188897239e-13 3.084281336e-13 5.235814457e-13 3.594447222e-13 4.24906377e-13 2.839000476e-13 1.86652389e-13 2.001652864e-13 1.659612777e-13 4.773530486e-13 2.984393669e-13 3.436265253e-13 3.165963377e-13 3.959776048e-13 3.119573519e-13 3.986359697e-13 1.832117384e-13 5.994847503e-13 2.461884129e-13 3.036681591e-13 2.486159033e-13 2.113974229e-12 7.598623259e-13 2.021782691e-13 2.116855405e-13 2.45776061e-13 1.706579361e-13 2.713006245e-13 1.117060542e-12 6.72532435e-13 1.930630149e-12 2.83926283e-13 4.809501688e-13 2.709821897e-13 1.965776888e-12 2.200804964e-13 2.497467436e-13 1.948944957e-12 3.470019606e-13 7.066566886e-13 4.56214884e-13 2.927569038e-13 4.243223664e-13 1.058159729e-12 3.437131429e-13 2.563452747e-13 8.059008207e-13 2.444929464e-13 3.70189251e-13 4.799353433e-13 4.146710739e-13 3.715122442e-13 1.615638215e-13 8.356404709e-13 7.301518017e-13 1.803570378e-13 1.687367145e-12 2.620056282e-13 1.47811319e-12 2.4168394e-13 3.065214929e-13 5.432458596e-13 1.810311223e-12 2.020957863e-12 1.956226021e-13 4.193470662e-13 3.895421721e-13 5.687382615e-13 1.008888454e-12 5.850136291e-13 2.280010581e-13 3.351667902e-13 3.011945698e-13 2.631110273e-13 2.833210594e-13 4.442305263e-13 3.242770725e-13 3.202035357e-13 2.251549996e-13 4.59205663e-13 2.65151054e-13 4.196080615e-13 3.442653007e-13 4.962528396e-13 1.105127734e-12 2.97515602e-13 2.456365695e-12 9.161787315e-13 1.628094362e-12 3.835742628e-13 3.696481662e-13 6.954746906e-13 9.545847774e-13 2.652373222e-12 1.807583899e-12 5.406411696e-13 8.373001022e-14 3.570773413e-13 3.8889963e-13 2.26154559e-12 1.971777677e-13 9.841286439e-13 1.233821776e-12 3.008557219e-13 7.833636657e-13 2.250373651e-13 2.030370921e-13 2.013482384e-13 1.277515046e-12 3.659085439e-13 2.390604688e-13 1.473501606e-12 3.7851847e-13 2.924887009e-13 2.136092574e-12 3.76998137e-13 2.223397531e-13 6.75094693e-13 4.133422344e-13 5.011257081e-13 2.553385213e-12 3.534573463e-13 3.08443569e-13 4.421796889e-13 1.526364712e-12 1.526050237e-12 1.422829541e-13 2.691793022e-13 3.258086495e-13 2.94621742e-13 3.030086206e-13 2.941436922e-13 3.466609191e-13 3.627608719e-13 2.926954155e-13 2.408476339e-13 2.96619974e-13 3.239542122e-13 2.364476906e-12 2.818687593e-13 1.570729384e-13 2.738989164e-13 1.533695386e-12 1.13411491e-12 2.858458952e-13 3.343802701e-13 6.018737346e-13 4.830346605e-13 1.228100022e-13 3.953147531e-13 7.607875287e-13 2.46604406e-13 4.711471433e-13 3.348157149e-13 2.683298177e-13 2.635527767e-13 1.436144337e-12 2.67029478e-13 3.245871143e-13 2.125258044e-12 4.138573362e-13 1.651426583e-12 1.699359275e-12 3.096568917e-13 2.977338184e-13 5.850492472e-13 2.200083798e-13 7.792929731e-13 2.860405711e-13 3.551655783e-13 2.153634705e-13 1.463615999e-12 2.051986242e-12 1.49063608e-12 1.602048489e-12 3.10092436e-13 3.118362385e-13 1.309893787e-12 2.2749418e-13 1.930110999e-13 3.678415162e-13 1.047172679e-12 3.025063516e-13 3.267091161e-13 3.290834036e-13 2.653710353e-13 2.737939084e-13 8.410652445e-13 6.766214115e-13 1.991065889e-12 2.966159885e-13 1.994899264e-13 4.301040037e-13 3.569821502e-13 2.552777562e-13 2.174861136e-13 1.836624698e-12 1.576861778e-12 3.573106517e-12 2.504359649e-12 3.169085651e-13 3.527534422e-13 2.213789005e-13 2.582559922e-13 4.955833251e-13 2.286854598e-13 2.220906903e-12 2.97646175e-13 2.37487796e-13 3.135176355e-13 4.160836638e-13 3.265785131e-13 1.774953362e-13 1.243670861e-12 1.711412015e-12 3.420742312e-13 2.550152743e-13 1.502764624e-12 6.191956292e-13 2.525459512e-13 1.745050028e-13 8.998291783e-13 2.783778293e-13 2.389132224e-13 2.748799853e-13 3.114335904e-13 2.337952482e-13 2.781258983e-13 2.085587628e-13 2.154207434e-13 2.821051237e-13 1.378244567e-12 8.697338674e-14 4.106699907e-13 4.902671792e-13 2.967701083e-13 2.274792116e-12 1.240087607e-12 4.180425828e-13 1.91075377e-13 6.177654627e-13 2.263875327e-13 4.077041822e-13 2.316637726e-13 3.377179396e-13 4.732052608e-13 1.80298081e-13 8.933117808e-13 1.956180308e-13 8.467262879e-13 5.434156318e-13 2.276080535e-13 4.151700442e-13 2.625595676e-13 1.484823371e-12 2.29157021e-13 4.94097649e-13 2.584940099e-13 2.033227962e-13 2.794154057e-13 3.702823196e-13 3.785052677e-13 3.413600676e-13 3.922092795e-13 2.666432214e-13 3.124870193e-13 2.665966686e-13 4.310445169e-13 1.285895582e-12 3.184420405e-13 1.994018879e-13 4.265326165e-13 2.831269103e-13 1.75834797e-13 2.204566101e-13 8.835871692e-13 2.89758527e-13 3.299814727e-13 1.737717232e-13 5.494683969e-13 2.119480078e-12 4.83704778e-13 3.232730798e-13 2.775535622e-13 3.532720448e-13 2.616518602e-13 2.818331399e-13 1.257004726e-12 4.690301297e-13 6.373719984e-12 2.388760941e-13 2.166923756e-13 2.788955464e-13 3.286056432e-13 4.508302323e-13 1.6910432e-13 1.189986982e-13 1.742677795e-12 2.699816279e-13 1.824328082e-13 1.417390806e-12 2.433286533e-13 2.698816596e-13 1.794390962e-13 1.363122425e-13 8.43397293e-13 5.129564146e-13 2.657497349e-13 2.033040431e-12 2.42360527e-13 2.096825943e-12 2.227016914e-13 4.986788469e-13 1.653970532e-12 1.464393291e-13 1.816033471e-12 3.359800007e-13 2.591250869e-13 2.403147787e-13 1.267393806e-13 2.784753068e-13 1.673042065e-13 2.407227292e-13 2.115864167e-13 4.209957244e-13 3.204089529e-13 1.49918095e-13 2.872628768e-12 1.498701765e-13 3.122754465e-13 1.483357047e-13 1.809921672e-13 1.972018867e-13 1.897176706e-13 4.210191336e-13 1.801516426e-13 3.265681979e-13 1.317929572e-13 2.861172391e-13 2.632057502e-13 7.973604806e-13 4.214994443e-13 3.000208298e-13 2.904663839e-13 3.056719951e-13 7.982479033e-14 7.526859269e-13 3.714879854e-13 2.789892207e-13 2.995311836e-13 1.736339018e-12 1.836186015e-12 2.153006638e-13 9.733039615e-13 2.708839486e-13 2.049376987e-13 2.083960133e-13 2.070035841e-13 4.091135474e-13 2.857096587e-13 1.276984915e-13 1.785642413e-13 8.962186597e-13 2.098860132e-13 3.006016267e-13 2.37263647e-13 1.992182387e-13 1.607075502e-13 1.82912383e-13 2.462347041e-13 1.372512773e-12 1.914268551e-13 1.158959409e-12 1.914743445e-13 2.754036318e-13 9.167921027e-13 2.486205743e-13 2.012846736e-13 2.59489147e-13 2.583930014e-13 4.449808209e-13 2.070352603e-13 2.450179301e-13 1.370523472e-13 5.705619521e-13 2.121563063e-13 1.078219957e-12 
3.811110723e-13 1.688650512e-13 2.064205177e-12 4.094244876e-13 1.104563538e-13 4.523198991e-13 2.904753029e-13 1.85635637e-12 6.040742716e-13 3.577470571e-13 2.94600787e-13 1.272621528e-13 1.821938625e-13 2.413569344e-13 6.201675684e-13 6.01537174e-13 1.611727678e-13 1.087174302e-13 1.71594667e-13 4.299319117e-13 2.450582588e-13 3.926315788e-12 4.303527991e-13 3.46648677e-13 2.192290959e-13 1.138241381e-13 1.928652983e-13 2.015795435e-13 3.718852536e-13 1.625335598e-13 1.752397692e-12 3.062193824e-13 2.837682325e-13 3.120953868e-13 2.581397843e-13 2.036579416e-13 1.702056992e-13 2.541531882e-13 3.618623688e-12 1.049884394e-13 2.475021675e-13 2.245508882e-13 2.604837348e-13 4.691327034e-13 1.59937329e-13 4.984518536e-13 1.812459855e-13 2.029268776e-13 5.444261069e-12 2.342775066e-13 2.193584826e-13 1.518575797e-13 3.808993877e-13 2.613593907e-13 4.025267279e-13 4.272271458e-13 1.378301371e-13 1.721498967e-12 1.898280532e-12 1.924829295e-13 1.865564579e-13 3.049695541e-13 2.500294386e-12 2.630781632e-13 1.344062728e-13 2.81538733e-13 7.529318563e-13 2.845700764e-13 2.506328098e-13 2.240768975e-13 3.176843039e-13 1.487424543e-13 2.26511623e-13 2.423990051e-13 4.50089458e-13 1.675411383e-13 3.781900857e-13 2.084115439e-13 1.950328411e-13 2.178869599e-12 3.93040799e-13 2.445958169e-12 3.548369458e-13 2.80150015e-13 2.458962903e-13 2.63254645e-13 1.771191974e-13 2.437105882e-13 2.238833302e-12 9.619790341e-13 2.747897128e-13 1.895697058e-13 1.952101369e-13 2.419714978e-12 5.297824374e-13 2.837910913e-13 1.21692642e-12 1.714126186e-12 2.059312743e-13 4.67450706e-13 1.96071297e-13 2.391725346e-13 1.466824555e-12 3.04934999e-13 2.378336795e-13 3.021875731e-13 2.803056517e-13 7.951822777e-13 1.417621432e-12 1.959920693e-13 3.098344297e-13 2.032780003e-13 8.049158968e-13 2.620716605e-13 1.710199567e-13 1.810596468e-13 1.675663491e-13 2.827185424e-13 1.645052332e-13 4.058488201e-13 2.127663446e-13 3.476123348e-13 2.700698215e-13 1.486964346e-12 4.79899507e-13 2.117903658e-13 2.547063453e-13 3.799891841e-13 1.429298734e-12 1.499303123e-12 3.746813733e-13 1.149636331e-13 3.617110911e-13 2.178929827e-13 3.092038295e-13 7.868763596e-13 3.117256041e-13 2.400640794e-13 2.412218586e-13 2.128921945e-12 2.084668289e-13 2.060326212e-13 2.46598526e-13 5.109033844e-13 5.471896742e-13 2.201657767e-13 3.200215744e-13 2.300972099e-13 2.266706309e-13 2.172692168e-13 1.435239574e-12 2.676839256e-13 2.000580756e-13 1.628704467e-13 1.350250654e-13 2.817307422e-13 4.806521397e-13 2.836109822e-13 2.096576821e-13 1.654446679e-13 2.246991513e-12 2.186117287e-13 3.110150047e-13 2.730949962e-13 3.107512949e-13 3.019745539e-13 2.290808627e-12 1.272399926e-12 1.131408976e-12 3.229927887e-13 2.603629475e-13 1.213618961e-12 3.597576406e-13 2.264772783e-13 1.162235292e-12 1.082265523e-12 2.97172908e-13 2.17912219e-13 4.477496872e-13 2.204653788e-12 6.691266555e-13 3.284132494e-13 4.078508268e-13 1.774960464e-13 2.303281061e-13 2.039150054e-13 2.616618305e-13 1.283949494e-12 3.986503208e-13 5.177239395e-13 2.511156331e-13 2.614711946e-13 1.839644261e-13 1.631067527e-13 2.142517731e-12 3.081732505e-13 4.548783066e-13 1.661431244e-12 1.83969333e-13 2.852053015e-13 1.435996908e-12 3.059927108e-13 1.146669986e-13 7.313585562e-13 2.386907997e-13 3.00987524e-13 2.632922918e-13 1.928744148e-12 2.984923523e-12 2.766608212e-13 9.199702266e-13 4.582163189e-13 3.152313482e-13 7.049620492e-13 3.621639727e-13 1.195158002e-12 2.029149745e-13 2.48282755e-13 2.206147915e-13 4.111611208e-13 2.433815416e-13 2.426223117e-13 2.650817541e-13 2.148817107e-13 3.06771003e-13 1.646474275e-13 2.749998773e-13 2.431493415e-13 2.869891852e-13 2.582319642e-13 2.081164294e-12 5.362906369e-13 8.395991109e-13 2.831720002e-13 3.653863283e-13 2.702081786e-12 5.517733087e-13 1.815747191e-13 2.871441888e-12 4.92061233e-12 2.424961959e-13 1.700960119e-12 7.656904417e-13 1.055682495e-12 2.323454659e-13 6.85019134e-13 1.110875018e-12 3.229389159e-13 2.112988322e-13 2.304166151e-12 1.806162877e-12 3.911194643e-13 1.964279536e-13 3.517870034e-12 3.034525368e-13 3.341785532e-13 2.406721448e-12 1.876226599e-13 2.529893665e-13 3.278480788e-13 3.429885363e-13 1.685476232e-12 2.521823278e-13 3.387197648e-13 2.703546613e-13 2.559788957e-12 1.350961051e-12 3.251502927e-12 5.022368191e-13 1.96836937e-13 4.953803733e-13 2.627945353e-13 3.936390348e-13 1.093035282e-12 4.291023222e-13 2.146468378e-13 2.262542675e-13 2.649524335e-12 3.795296724e-13 2.506366803e-13 1.340369221e-12 1.323069017e-12 2.159568271e-13 5.729860163e-13 1.709831536e-13 2.47540388e-13 2.546572298e-13 3.295281542e-13 1.913338203e-12 1.567364114e-13 4.008309293e-13 1.678668645e-12 2.003360771e-13 3.941402609e-12 4.102758012e-13 3.827163326e-13 1.76778623e-13 1.458399924e-12 2.19806528e-13 7.689387037e-13 3.256155264e-13 1.814797338e-13 2.22513466e-13 1.413710283e-12 8.360478521e-13 4.483584514e-13 2.859044172e-13 1.136763303e-12 1.911626124e-13 9.707999556e-13 3.58121659e-12 3.48718029e-13 2.408913747e-13 1.999980126e-13 2.250199482e-13 1.760268032e-13 2.163635062e-13 1.653417176e-12 2.059006955e-13 3.312476087e-13 7.687811474e-13 2.978634374e-13 1.90794479e-12 5.023140286e-13 2.62151239e-13 2.974252676e-13 2.263286892e-12 4.976094611e-13 4.119704921e-13 1.929574042e-13 2.099856544e-13 2.639679855e-12 3.556219978e-13 2.486870155e-13 6.316948695e-13 8.783789829e-13 2.691406549e-13 3.118855501e-13 2.149791954e-13 3.461347302e-13 2.865718827e-13 4.105504757e-13 3.120546478e-13 2.414898369e-13 3.098075027e-13 2.456745928e-13 4.338649473e-13 4.509840251e-13 4.607031555e-13 2.95158463e-13 2.513158495e-12 2.019610437e-12 1.205413383e-12 2.341830148e-13 6.874956514e-13 1.572299379e-12 4.411003461e-13 1.23627247e-12 3.412608096e-13 2.127966482e-13 2.231334846e-13 2.825247623e-12 2.455053909e-13 4.332153567e-13 3.30474442e-13 2.224921931e-12 3.203484155e-13 1.79197882e-12 2.21418415e-13 1.650245914e-12 5.98658255e-13 1.937806669e-12 1.164375548e-12 2.310129532e-12 5.63083197e-12 2.168794827e-13 1.228103373e-12 1.861184909e-13 1.539135788e-13 3.230143797e-12 6.920151166e-13 1.11191993e-12 4.798560694e-13 1.549650582e-13 1.566927405e-13 2.3641635e-12 2.714199704e-13 2.426941455e-13 8.368176667e-13 2.252539103e-13 8.255156864e-13 2.354823112e-13 7.706539445e-13 4.427239636e-13 1.090661646e-13 5.240252163e-12 2.280833963e-12 1.3931195e-12 2.737940918e-13 2.037960903e-13 1.722005536e-13 4.950139715e-12 2.215120413e-13 3.971708021e-13 2.436662921e-12 3.625033321e-13 1.830423955e-13 1.806372749e-13 3.310049017e-13 2.660656901e-13 3.392805272e-13 1.351268246e-12 7.283086719e-13 2.943555352e-13 4.185968555e-13 1.787925286e-13 2.171075512e-13 1.109968721e-13 2.217220174e-12 2.792907023e-13 2.422882824e-13 1.748713537e-13 1.370228012e-13 4.32421164e-13 1.69882219e-13 5.302456638e-12 1.418218937e-12 1.602215821e-12 2.554852563e-13 6.901231468e-13 7.283176446e-13 2.926283499e-13 3.37148837e-13 2.061859637e-13 2.225816548e-13 4.946441943e-13 2.405471165e-13 1.306869662e-13 1.784580389e-12 2.262897395e-13 1.935208736e-13 2.606776912e-13 2.159853267e-13 1.910907138e-13 4.831026183e-13 4.881093485e-13 1.659671908e-13 1.439204e-13 1.477071764e-13 3.289206467e-13 1.96258477e-12 4.449531105e-13 1.301215434e-13 5.195046228e-13 1.768530392e-13 2.416251794e-13 1.457631264e-13 1.889059844e-13 3.510910548e-13 1.984166071e-13 9.457984243e-13 3.750056419e-13 1.910582324e-12 3.502298471e-13 4.179465243e-13 2.010602191e-13 4.700680162e-13 3.927675093e-13 3.977946062e-13 2.555238365e-13 2.498516521e-12 1.023490678e-12 4.327269322e-13 6.412846098e-13 2.478928592e-13 8.776729536e-14 8.14964472e-13 1.532125649e-13 4.506163221e-13 3.243957888e-13 3.07201133e-13 3.255579464e-13 4.077398957e-13 2.746247602e-13 8.621053404e-13 7.172917071e-14 4.332360383e-12 1.969259397e-13 2.30775349e-13 1.951730372e-13 2.948714185e-13 1.983721723e-13 1.364001039e-13 1.629159255e-12 5.45482021e-13 2.6225646e-13 9.484156663e-13 3.68561273e-13 1.188588637e-12 3.307721433e-13 3.333042655e-13 
2.761208421e-13 5.239503706e-13 5.864802825e-13 2.358113623e-13 2.081550906e-13 1.484245901e-13 2.504103832e-13 2.325567238e-13 7.383270279e-13 9.858445894e-13 1.722280897e-13 3.750294956e-13 3.204540109e-13 1.782489533e-12 2.285069096e-13 1.158691132e-12 8.812936308e-14 2.089217264e-13 3.895528915e-13 2.498300697e-12 1.890735721e-13 4.311648011e-13 1.45231552e-13 1.913932095e-13 2.251795412e-13 1.236154447e-12 1.985722902e-13 1.565280561e-13 4.140120575e-13 1.34050019e-13 2.561586576e-13 3.262950981e-13 4.014583523e-13 3.963096742e-13 2.018485593e-13 2.043700085e-13 2.277111131e-13 1.669405477e-13 4.723251146e-13 1.167428533e-13 2.887514908e-13 2.147480259e-13 1.629017386e-13 1.476551622e-13 2.280741472e-13 1.767982822e-13 2.218752749e-13 4.391109743e-13 2.314571075e-13 1.692371138e-12 2.60730723e-13 2.930262186e-13 3.240361668e-13 2.346357197e-13 1.533496299e-12 1.006451536e-12 6.4636437e-14 3.366533318e-13 3.532119016e-13 8.415589527e-13 1.898167082e-13 2.640122012e-13 1.649269301e-13 2.730616416e-13 2.066930605e-13 3.066950211e-13 2.570281678e-13 1.195368053e-12 3.81966005e-13 1.462998902e-13 1.882904935e-13 5.962322063e-13 1.620369795e-13 2.331464821e-13 8.198540761e-13 1.788366724e-13 1.56697216e-12 6.3749232e-13 2.191415328e-13 2.892884984e-13 2.270016553e-13 9.854313917e-14 5.747256702e-13 2.310329669e-13 5.432095864e-13 1.771364933e-13 1.821908771e-13 1.124718713e-12 3.485549801e-13 2.758635905e-13 1.343521919e-13 2.24813238e-13 2.445877225e-13 4.98544329e-13 1.672859666e-13 2.231010354e-13 1.070619313e-12 4.244166001e-12 2.314067065e-12 2.058697127e-13 4.785685479e-13 7.960928771e-13 3.333063026e-13 2.140035081e-13 2.328377202e-12 2.436392641e-13 3.38569723e-13 1.8999815e-13 3.152396928e-13 1.416035883e-13 9.599592949e-13 1.875609459e-13 2.453090212e-13 2.716187766e-13 1.309211635e-13 4.13663952e-13 2.520901489e-12 1.750825083e-12 7.848424224e-13 1.510950907e-12 3.816590385e-13 2.655702092e-13 2.241273642e-13 3.643432476e-13 3.054682125e-13 2.225821404e-12 2.474900378e-12 2.61143202e-13 4.59597889e-13 1.270365319e-13 1.832852494e-13 2.817578167e-12 6.284311877e-13 3.423205281e-13 3.579023849e-12 2.740850782e-13 7.008593551e-13 6.431498414e-13 1.326559527e-12 2.650729232e-13 2.55164417e-13 3.659215218e-13 1.612368831e-13 4.955127066e-13 2.351620894e-13 3.034055361e-13 4.658916961e-13 2.107304261e-13 2.076853852e-13 1.494731245e-12 5.030132454e-13 3.683230323e-13 1.100990493e-12 2.40202837e-13 9.935479629e-13 4.014813195e-13 3.020575209e-13 2.205383838e-13 2.198319906e-13 2.23886873e-12 2.231644592e-13 4.274471769e-13 6.762488901e-13 2.974929203e-13 1.553013666e-13 2.532103292e-13 1.506591753e-13 1.923885812e-12 2.578381487e-12 3.983298526e-13 2.509109397e-13 1.745456946e-12 2.487126616e-13 2.169643926e-12 2.72722262e-13 2.659455884e-13 1.909520496e-13 4.840404703e-13 1.906180559e-13 2.610687835e-13 4.695795727e-13 3.192402452e-13 1.963509888e-13 3.827112896e-13 2.234491233e-13 2.062594625e-13 2.655913614e-12 1.927921196e-12 9.551832527e-13 2.925577502e-13 1.721816689e-13 6.449082943e-13 1.509039494e-12 2.527152383e-13 2.067911834e-13 1.481438885e-12 2.639114258e-13 7.85727201e-13 4.627783007e-13 2.399979718e-12 2.871643393e-13 1.467686974e-13 1.343850912e-13 1.793899129e-13 3.087506748e-13 2.410487263e-13 2.420963414e-13 3.099605635e-13 2.858301582e-13 3.608976429e-13 3.313712394e-13 1.313144405e-12 2.258473137e-13 3.429605945e-13 3.704134484e-13 3.059403215e-13 4.389059977e-13 1.890068611e-12 2.205651927e-13 1.985910895e-12 4.614592647e-13 2.487429289e-13 2.04738387e-12 2.527239949e-12 4.235370902e-13 4.227184713e-13 1.038875405e-12 1.958085448e-13 2.093260981e-13 2.470673116e-12 3.184127407e-13 3.664117558e-13 1.432516971e-12 4.113963365e-13 2.789098113e-13 8.599696884e-13 2.051708461e-13 2.784611193e-13 1.984751786e-13 2.01156005e-13 2.727032187e-13 3.651394909e-13 1.490560956e-12 3.257493961e-13 2.578197694e-13 3.787637036e-13 1.730069561e-12 1.344334017e-13 3.085764124e-13 4.103499797e-13 1.718642964e-12 1.387858355e-12 1.111959828e-12 2.581520431e-13 2.080329432e-12 1.068899813e-12 3.734487459e-13 6.833255106e-13 1.817104531e-13 3.208161412e-13 2.483745646e-12 2.660389448e-13 1.869094551e-12 2.095656163e-13 9.747621145e-13 4.349370707e-13 1.492710033e-12 2.653824778e-13 2.946357633e-13 1.829967481e-12 1.368909034e-12 1.848700711e-13 8.205762565e-13 4.301541198e-13 1.452455187e-12 9.316652692e-13 2.739572346e-13 2.050983215e-12 2.481319593e-13 2.419488415e-13 1.789242653e-13 2.423933854e-13 2.441573515e-13 3.407101312e-13 2.480463105e-13 2.934083961e-13 3.456174106e-13 1.914367952e-13 3.692524602e-13 2.361027194e-12 3.125019982e-13 1.876403536e-13 1.720364472e-12 3.228349082e-13 2.646874294e-12 2.070393745e-12 6.020442419e-13 1.148622675e-12 2.366791659e-12 1.450337244e-13 2.291054388e-13 3.356216856e-13 2.62798892e-13 4.046628994e-13 1.197058133e-13 4.233355019e-13 2.641162897e-13 8.799062725e-13 1.895867848e-12 2.851892973e-13 3.756158141e-13 4.079040385e-13 8.512532932e-13 3.35850089e-13 5.780334669e-13 1.202615759e-13 7.294611974e-13 2.262333085e-13 2.555836397e-13 1.503907534e-12 1.706308327e-13 3.100230374e-13 1.636776016e-13 6.549581464e-13 2.148851839e-13 2.352695563e-13 3.729566794e-13 3.59648322e-13 1.606659736e-13 1.729912355e-13 4.417848584e-13 5.379797819e-13 5.109908424e-13 8.296070817e-13 7.51695231e-13 4.516025742e-13 2.294716963e-13 2.047067182e-13 9.007725427e-13 1.356936087e-13 1.896259875e-13 8.028295527e-13 2.537483652e-13 1.866101133e-13 1.532564893e-13 2.176471396e-12 2.4043537e-13 2.514086066e-12 1.342419233e-13 1.672802593e-13 3.205769791e-13 2.852503311e-13 3.32312343e-13 3.757315755e-13 2.217917103e-13 2.307932823e-13 2.482636341e-13 6.491189427e-13 4.969851935e-13 5.242532261e-13 2.712414471e-13 9.591719544e-13 2.589900937e-13 2.562189706e-12 1.640054517e-12 1.928631731e-13 3.744516886e-13 1.437016779e-13 2.53789062e-12 1.854470391e-13 3.59527153e-13 2.455587241e-12 1.006805974e-12 2.083402692e-13 4.119445091e-13 5.100553543e-13 2.573911568e-13 2.215129819e-13 2.378258992e-13 2.991518853e-13 6.355848869e-13 7.600838188e-13 2.307888006e-13 4.8590219e-13 6.86492072e-13 1.128855225e-12 2.079233917e-13 4.622849698e-13 6.101595237e-13 1.238149038e-12 4.704410048e-13 7.221723062e-13 3.262383179e-13 2.932050164e-13 3.770604459e-13 2.125332161e-13 3.258182683e-12 4.174026221e-13 1.141164589e-12 1.629334899e-12 2.638670085e-13 3.798060449e-13 3.014898726e-13 1.359185606e-12 1.314893338e-12 4.735443837e-13 2.952591235e-13 4.328949877e-13 1.240217358e-12 2.241417491e-13 6.653088821e-13 6.024466888e-13 3.459663786e-13 1.831204401e-13 2.447431819e-13 1.835920998e-13 3.691378304e-13 4.402324458e-13 2.340572827e-13 7.467377456e-13 4.580065396e-13 5.295753829e-13 8.936909735e-13 4.824777223e-13 4.077052318e-13 1.168392298e-12 7.079624849e-13 1.854133213e-12 4.348476755e-13 5.755477032e-13 2.686514642e-13 2.937860132e-13 3.340701809e-13 1.701449522e-13 8.243221526e-13 3.709232558e-13 2.499234631e-13 2.666816258e-13 1.226543483e-12 4.764639232e-13 6.643827617e-13 2.232096467e-13 2.380596215e-13 4.701252618e-13 2.411158488e-13 2.824055322e-12 3.571855754e-13 9.847786781e-13 7.895660528e-13 2.504563295e-13 1.827230084e-13 4.977198142e-13 2.513669617e-13 1.913836773e-13 2.147346307e-13 2.271746007e-13 2.38045796e-13 2.314862296e-13 3.139704552e-13 1.677440901e-13 3.03779052e-13 2.474998018e-12 2.127405547e-13 1.881173665e-13 3.634041052e-13 1.74805096e-13 2.327148213e-13 2.619725232e-13 1.841196417e-13 7.938725161e-14 5.70956444e-13 2.638579529e-12 2.024194997e-12 2.131514647e-13 5.452671153e-13 3.765018885e-13 2.442408194e-12 3.849290355e-13 1.838564187e-12 1.491821605e-13 2.383231297e-12 2.134216667e-13 2.172397881e-13 3.130277518e-12 1.751603515e-12 2.329394397e-13 3.422165731e-13 1.556535888e-13 2.657174617e-13 2.768956931e-13 2.214217974e-13 1.487059517e-13 2.366561859e-13 3.900668445e-13 9.256442285e-13 2.659240455e-13 2.560350106e-13 2.686203178e-13 2.557081716e-12 2.003397755e-12 2.702449394e-13 
3.069489537e-13 2.690456717e-13 1.591341857e-12 2.270421394e-12 1.678089186e-13 5.046690521e-13 1.769030574e-13 1.889573682e-12 2.201041988e-13 8.575192601e-13 2.610855369e-13 1.91263696e-12 8.8218975e-13 2.056581328e-13 2.784185383e-13 1.884228292e-12 9.2588152e-13 2.206273046e-13 3.414123094e-13 9.323539019e-13 1.533572429e-13 5.439185465e-13 3.132161839e-13 1.036817051e-12 2.989860127e-13 4.590623417e-13 2.167256099e-13 1.728608449e-12 2.512485191e-13 2.652256066e-13 2.332551634e-12 4.810709342e-13 1.762640861e-13 2.159460073e-13 1.931278917e-13 9.29284645e-14 4.804332701e-13 3.63090711e-13 1.529186649e-12 7.035715645e-13 2.255438688e-12 2.996714597e-13 2.783534572e-12 1.838101498e-12 2.607610197e-13 2.361270886e-13 8.252137738e-13 8.325151113e-13 1.959206556e-13 2.039881423e-13 1.531116318e-13 1.00397813e-12 2.829822109e-13 1.936698335e-12 1.305940349e-13 3.306919608e-12 2.454020988e-13 2.044547428e-13 1.541390371e-13 1.956262342e-12 2.902512525e-12 1.567164029e-13 2.138820751e-12 2.103896747e-13 3.309012566e-13 3.502029986e-13 1.300108054e-13 1.874908304e-13 1.708432506e-13 2.834045293e-13 4.962924319e-12 3.096703486e-13 2.066378019e-13 3.066063466e-13 2.286424015e-13 2.762417219e-13 2.673041379e-13 2.878331699e-13 2.817420827e-13 2.410795053e-13 2.190303173e-13 4.663001306e-12 4.093607927e-13 2.381815711e-13 6.903115573e-13 4.263891277e-13 5.521973463e-13 1.637484771e-12 1.500052585e-13 1.927874089e-13 3.942268261e-13 6.903746446e-13 2.165552746e-12 3.383413224e-13 4.285978318e-13 8.393960427e-13 2.47914739e-12 8.712733494e-13 1.882085642e-13 1.517242675e-12 3.846606733e-13 2.116334166e-13 3.250517149e-13 2.746345343e-13 1.775412893e-12 8.326719857e-13 2.244661649e-13 2.019547662e-12 2.709038511e-13 3.859324132e-13 2.029008132e-12 2.930165637e-13 2.146285091e-12 1.232714365e-13 2.782935689e-13 2.883992242e-13 6.410035213e-13 3.662236588e-13 9.531834985e-13 2.168182034e-13 7.797509364e-13 2.250301632e-13 1.429818835e-12 2.804871905e-13 2.689428421e-13 2.167155815e-13 3.834628612e-13 2.890722845e-13 1.405173894e-12 1.344846526e-13 2.956200831e-12 1.040019909e-12 1.999642106e-12 3.442135462e-13 4.609697653e-12 3.849154173e-13 2.272878686e-13 3.919297797e-13 7.013323104e-13 1.143662137e-12 2.77764784e-13 1.040765309e-12 2.318005723e-13 4.872662706e-13 2.182587237e-13 7.989196259e-13 2.53970354e-12 2.163780713e-13 2.752695623e-13 5.081314487e-13 2.573823737e-13 2.361095013e-13 1.945214633e-13 3.569584447e-13 4.384590569e-13 3.186194094e-13 1.025273875e-12 2.962121876e-13 9.930964128e-13 2.170446433e-13 5.662721642e-13 8.993698069e-13 2.214733367e-13 1.054808541e-12 2.109854863e-13 4.667953644e-13 9.874838652e-13 8.118926943e-13 1.969540248e-12 3.912900527e-13 1.258075761e-12 1.112066913e-12 2.558545343e-13 3.454098458e-13 2.30467074e-13 2.243235707e-13 6.088361835e-13 3.781144837e-13 3.56930175e-13 1.889801227e-13 1.991265132e-13 5.049885948e-13 6.279851051e-13 2.77345387e-13 6.398346935e-13 4.526629019e-13 1.841218993e-12 1.023884874e-12 1.015387928e-12 3.119783082e-13 1.933849695e-12 2.16744722e-12 1.086509784e-12 1.28676469e-12 1.698090239e-12 6.813613251e-13 2.021961427e-13 3.849390404e-13 4.173649875e-13 1.8966194e-12 5.072690334e-13 3.063464687e-12 2.874943198e-13 2.962978436e-13 9.953775724e-13 5.969085193e-13 2.111474094e-12 5.149423777e-13 3.422428099e-13 2.299871374e-12 1.762104074e-12 1.829094548e-12 3.032598224e-13 2.095028605e-12 2.261833618e-12 3.233964074e-13 3.160448645e-13 3.181428682e-13 2.202078571e-13 2.9289863e-13 4.451760385e-13 7.811663812e-13 4.856915197e-13 3.301413406e-13 2.100899469e-12 2.70473338e-13 1.143348179e-12 1.66646286e-13 2.900429605e-13 2.917594689e-13 4.176094441e-13 1.811290006e-13 4.074017248e-13 2.288051025e-12 3.618372998e-13 1.39268155e-12 1.15195198e-12 2.312484051e-12 2.274077997e-13 3.41398082e-13 4.527596927e-13 3.612609126e-13 1.664463981e-12 1.062244873e-12 2.61159248e-13 2.820485826e-13 7.707095769e-13 3.17543423e-13 2.496451687e-12 5.175354264e-13 2.733899785e-13 2.804251255e-13 3.182674861e-13 2.952993967e-13 1.958313157e-12 3.270765777e-13 1.46857427e-12 3.357845861e-13 2.160157649e-13 3.37068075e-13 4.003785601e-13 3.925194753e-13 7.485421257e-13 3.231557491e-12 2.949086377e-13 3.47307783e-13 3.438428745e-13 9.445434757e-13 1.316577971e-12 1.100217744e-12 3.311642322e-13 5.5952606e-13 3.34788063e-13 2.213824208e-13 2.047142594e-12 3.386862194e-13 2.586158485e-13 7.685992022e-13 2.965258387e-13 2.97114358e-13 5.122426071e-12 3.482086586e-13 3.490123982e-13 2.3513229e-13 3.106428732e-13 5.746927626e-13 4.059142812e-13 2.511909813e-12 4.227796144e-13 1.730181604e-13 2.67866986e-12 2.401096148e-13 3.95133804e-13 3.324675471e-13 2.51557358e-13 2.684681646e-13 2.72547869e-13 2.696435161e-13 1.122948977e-12 3.823387309e-13 1.121296655e-12 3.018745242e-12 4.083938622e-13 3.093382023e-13 3.209788541e-13 2.996012292e-13 2.499514691e-12 2.392818549e-12 6.783753238e-12 2.586716287e-12 7.84610102e-13 5.157247586e-13 2.201837575e-12 2.912858013e-13 4.096613738e-13 1.964373148e-13 3.904551149e-13 5.866521076e-13 3.76756457e-13 1.884253581e-12 1.611995481e-12 2.402762274e-13 3.174517569e-13 2.119107329e-12 2.410905277e-13 1.962114162e-13 4.434612116e-13 3.556102027e-13 1.258430181e-12 6.063602366e-13 7.111209184e-13 2.396678663e-12 3.175631286e-12 2.420861333e-13 3.003669096e-13 1.649233472e-12 4.528898828e-13 1.217723207e-12 2.010596751e-13 1.070403913e-12 1.380589613e-12 1.310970178e-12 3.180299327e-13 3.1893451e-13 2.57743523e-13 2.534950684e-13 6.829276405e-13 2.296126761e-13 1.558485932e-12 2.007901551e-12 2.729147199e-13 1.788233619e-13 2.839570409e-13 3.742868844e-13 6.265847657e-13 4.013952129e-13 1.264343744e-12 3.067669284e-13 2.578689467e-13 4.544761744e-13 7.471603906e-13 2.862826067e-13 4.122713529e-13 2.590470647e-13 6.958415838e-13 3.482169777e-13 1.239101381e-12 1.64719143e-13 2.234553664e-12 5.057629436e-13 5.253196777e-13 2.558381386e-12 3.909980468e-13 5.099691101e-13 4.205795109e-13 2.031017275e-13 1.744337809e-12 4.523334171e-13 3.222830096e-13 2.128224761e-12 3.004059066e-13 8.624071317e-13 2.778179416e-13 2.741872717e-13 2.384308629e-13 1.327158374e-12 6.217006754e-13 1.128190593e-12 3.915750001e-13 9.4368072e-13 2.432103816e-12 5.685472928e-13 4.970913508e-13 2.495602591e-13 2.423651525e-13 2.152643188e-12 3.492854002e-13 1.809183671e-12 2.491741155e-13 1.537512505e-12 5.541286726e-13 1.202432773e-13 2.547382238e-13 1.611086775e-12 4.027544241e-13 2.431705738e-13 2.994659552e-13 9.174220621e-13 3.022033148e-12 2.392763269e-13 2.905807448e-13 2.079380411e-13 3.389257217e-13 2.209561436e-13 1.071799774e-12 1.531727144e-12 4.072856621e-13 1.089969669e-12 2.107637665e-12 9.93675501e-13 5.109874558e-13 1.551192157e-13 2.781815176e-13 2.245957218e-12 2.338508451e-13 6.7374902e-13 2.733469574e-13 1.681703127e-13 3.118071694e-13 3.402634719e-13 1.970616421e-12 1.988781922e-13 2.458525926e-12 1.90707253e-13 3.20569589e-13 2.085559747e-12 2.685713406e-13 1.385648358e-12 3.940543971e-13 4.58591723e-12 3.453683822e-13 1.300502981e-12 3.151527739e-13 2.425281062e-13 9.689739582e-13 2.562184401e-12 1.570620824e-12 1.187195725e-12 3.785783271e-13 3.503685551e-13 1.721931128e-12 3.154954965e-13 2.434203528e-12 2.922497326e-12 2.472071147e-13 2.864911219e-13 2.786358008e-13 2.146831773e-13 5.719600216e-13 2.443773304e-13 1.6875504e-13 3.288897947e-13 3.321451774e-13 2.362939453e-13 2.529244877e-13 2.143073344e-12 1.426492433e-13 2.924991586e-13 3.912854071e-13 2.692767601e-13 2.384943872e-13 2.39059314e-12 3.01571078e-13 1.374377498e-12 2.573628611e-13 1.786864154e-12 6.598246917e-13 3.482546647e-13 2.721298443e-13 1.28533171e-13 1.013297914e-12 2.245310869e-13 9.408944878e-13 1.927893435e-13 3.282087056e-13 6.774336591e-13 2.759946644e-13 8.568150064e-14 2.240812673e-13 6.47296971e-13 2.373533343e-13 2.259009038e-13 2.726052713e-13 2.17547947e-12 5.520278432e-13 2.816558107e-12 1.912465744e-12 2.299951551e-13 1.195088497e-13 2.219826817e-13 2.29664809e-13 
2.173243889e-13 3.344874976e-13 2.000297792e-12 1.476604294e-13 1.151676137e-13 3.425889585e-13 2.159627418e-13 3.168888821e-13 1.25142229e-13 1.989265182e-12 1.74712742e-12 2.769832574e-13 3.776921116e-13 6.092497559e-13 4.087593395e-13 1.699734552e-13 5.963068977e-13 1.682407895e-12 2.966611899e-13 1.873743303e-12 9.090093139e-14 2.196259905e-12 1.986947811e-13 2.640374187e-13 3.631360057e-13 2.644122567e-13 3.510910972e-13 5.48467408e-13 2.396411892e-12 3.852497373e-13 4.040428243e-13 4.05640248e-13 5.201511111e-14 2.252677606e-13 4.480137059e-13 8.239770444e-13 1.539567602e-12 4.302781521e-13 2.188500907e-13 1.454804886e-12 1.420662069e-12 3.849480753e-13 3.465984384e-13 2.153902577e-12 4.092730212e-13 6.699822795e-13 3.805150178e-13 2.327220951e-13 3.734372139e-13 2.036122946e-13 4.582175715e-13 2.721617023e-12 5.721668311e-13 3.491616588e-13 2.09836913e-12 6.858834993e-13 2.117390918e-13 2.976228808e-13 3.426192344e-13 2.290479284e-12 2.709936685e-12 9.472726928e-13 1.168462823e-12 4.445280187e-13 2.923806947e-13 3.803349521e-13 3.897379144e-13 3.469277424e-13 1.391015062e-12 3.821607176e-13 9.250430487e-13 4.033472913e-13 2.438272589e-12 4.273274391e-13 4.588233455e-13 2.796000081e-13 1.762219881e-12 5.616650784e-13 4.094206195e-13 4.18256533e-13 3.133212415e-13 2.945296775e-13 2.027880642e-12 3.993357291e-13 1.475921788e-12 1.021239053e-12 4.164371896e-13 1.790971929e-12 1.725267036e-12 5.9080121e-13 1.928186746e-12 1.964288094e-12 3.620955823e-13 2.221335584e-13 9.456635933e-13 1.383560548e-12 1.213884821e-12 2.193924731e-13 3.364227678e-13 1.923401536e-12 4.037911507e-13 4.729338865e-13 2.891479553e-13 4.383004564e-13 3.69611974e-13 1.061218386e-12 1.549406082e-12 2.047948427e-12 4.680857003e-13 9.136226791e-13 2.329270603e-13 1.953915336e-12 5.712548994e-12 3.808617654e-13 8.671908243e-13 2.555795122e-13 9.039172248e-13 3.103652665e-13 9.37862119e-13 9.324576594e-13 2.169036767e-12 2.529560772e-12 1.002540961e-12 4.483978093e-13 3.355553819e-13 1.207970892e-12 3.552848962e-13 3.374771325e-13 1.977976895e-12 8.286501158e-13 2.329737484e-13 5.786984222e-13 3.168005938e-13 4.78269957e-13 3.822170675e-13 2.476143971e-12 2.233052371e-13 1.052258135e-12 2.558764676e-12 2.230503801e-12 1.707322708e-12 8.645186326e-13 5.872464603e-13 2.396737124e-12 2.232290796e-12 4.985498702e-13 3.444845778e-13 2.4746696e-13 6.726027374e-13 3.090001307e-13 3.785612408e-13 3.470180278e-13 2.527463538e-13 2.278586037e-12 3.019889285e-13 4.304927972e-13 5.656862184e-13 2.777169495e-13 2.267460098e-12 3.495335077e-13 4.595210075e-13 3.300587462e-13 2.916069342e-13 5.097523959e-13 2.786227257e-13 2.271611921e-13 2.05998024e-12 3.448524848e-13 2.866498826e-13 4.733421465e-13 4.09663033e-13 4.462553258e-13 2.205387826e-13 3.579005044e-13 8.763968624e-13 5.170754409e-13 3.250563278e-13 5.275455495e-13 3.664741226e-13 3.097806369e-13 1.578592442e-12 4.119410956e-13 3.477411794e-12 1.414523942e-12 1.035693074e-12 3.169097708e-13 5.03893886e-13 1.727700872e-12 4.104208929e-13 3.930111763e-13 8.165966647e-13 3.441420703e-13 1.134560025e-12 1.745902609e-12 3.735548786e-13 5.937028337e-13 4.771732083e-13 4.481622589e-13 6.636177294e-13 1.955987003e-12 4.995480248e-13 5.748250887e-13 2.36490073e-12 2.873372687e-13 4.282624483e-13 3.631212551e-13 1.793668003e-12 2.352569989e-12 3.322544683e-12 4.193473832e-13 4.073675553e-12 2.909500905e-13 2.991834277e-13 2.531075854e-13 4.005581433e-13 3.355527252e-13 1.178782907e-12 4.466809796e-13 2.182026889e-12 4.706108227e-13 4.96665578e-13 2.538466375e-12 6.181349857e-13 4.829829302e-13 3.190783931e-13 6.032468483e-13 2.808489044e-13 2.448733613e-13 7.835328644e-13 4.953300694e-13 4.267936113e-13 1.527121168e-12 5.959410512e-13 1.780052353e-12 4.62496853e-13 4.111775736e-13 3.799979606e-13 5.199044302e-13 3.878146874e-13 3.52877762e-13 2.308967645e-12 1.391041162e-12 2.341061276e-12 4.196159185e-13 4.02107218e-13 1.833277621e-12 4.877743713e-13 2.684249222e-12 5.286545073e-13 2.523807382e-12 5.104484906e-13 1.474911923e-12 2.413558553e-12 3.274713853e-13 1.533740808e-12 2.90761027e-13 5.182444318e-13 3.129986241e-13 4.889090608e-13 2.201443118e-12 6.725567063e-13 3.765864798e-13 3.609217417e-12 1.651892627e-12 4.08719551e-13 3.737313651e-13 3.87268392e-13 1.843820213e-12 2.520341873e-12 2.67930138e-13 4.738583107e-13 3.848235556e-13 3.068025693e-13 8.9934939e-13 5.15440654e-13 3.603163387e-13 5.6502896e-13 2.561482997e-13 8.676602376e-13 3.280386857e-12 7.472604845e-13 5.057701711e-13 4.76688004e-13 3.569681124e-13 2.155196492e-12 2.106525619e-13 3.077921034e-13 3.614843964e-13 2.542566071e-13 7.978361365e-13 3.075773847e-13 2.1276139e-12 1.431617045e-12 4.499266746e-13 4.54237497e-13 1.028266585e-12 3.115073819e-12 4.35895618e-13 3.459090375e-13 2.82517693e-12 7.521386526e-13 7.183532974e-13 4.940255212e-13 6.120589299e-13 5.889266487e-13 8.315631291e-13 7.348441257e-13 4.841300893e-13 4.013221326e-13 4.230078345e-13 2.354269945e-12 4.13400658e-13 3.91949778e-13 9.749262593e-13 2.605724987e-12 3.677809041e-13 2.252654347e-12 2.91233152e-13 3.406086119e-13 3.57522723e-13 3.937425982e-13 9.031772489e-13 1.816110068e-12 3.598630752e-13 4.287809659e-13 2.689045117e-13 5.329617964e-13 1.6058966e-12 9.607127217e-13 5.218394593e-13 1.810487227e-12 3.369467756e-13 2.68849339e-12 2.377825631e-12 4.218011973e-13 3.54774135e-13 4.574740011e-13 1.248403796e-12 4.786694575e-13 5.712430334e-13 3.061852563e-12 3.629046863e-13 4.084623169e-13 7.237994266e-13 1.772409249e-12 4.914021551e-13 4.457957496e-13 3.219279765e-13 4.188792194e-13 1.892980937e-12 2.966931068e-13 5.469156537e-13 4.966223419e-13 2.334650068e-12 4.634438223e-13 4.102284596e-13 3.999778524e-13 1.924174567e-12 3.417423605e-13 2.195523597e-12 1.140806466e-12 6.576314965e-13 7.320708412e-13 1.055490595e-12 4.941520062e-13 1.939699151e-12 5.955633018e-13 4.933849797e-12 3.219571337e-13 1.637887264e-12 5.355537805e-13 1.533130772e-12 2.385870658e-12 4.853428794e-13 1.165153223e-12 3.500532844e-13 5.555887344e-13 1.515292261e-12 4.192013626e-13 8.437180382e-13 8.055091353e-13 5.368134117e-13 7.110789371e-13 2.559236034e-12 5.364419699e-13 2.139601165e-12 3.610578246e-13 9.343614438e-13 5.991922832e-13 4.001398081e-13 5.259026427e-13 6.05424444e-13 1.727125585e-12 5.075398869e-13 4.046343347e-13 2.256586775e-12 2.533404512e-12 2.372507315e-12 5.974148859e-13 1.794184634e-12 1.638819415e-12 4.072167554e-13 2.738696642e-13 4.996078272e-13 4.934513464e-13 3.839245533e-13 1.93759752e-13 4.994304412e-13 3.908697101e-13 6.533468855e-13 2.270991114e-13 1.794394148e-12 4.147926519e-13 2.321236708e-12 2.62783481e-12 3.555257298e-13 2.518553483e-12 1.083680395e-12 5.014186081e-13 1.285949656e-12 7.062622452e-13 2.894007284e-13 3.14541105e-13 2.512853876e-12 5.55618191e-13 6.502526235e-13 2.136551513e-12 4.373310604e-13 1.65121179e-12 5.329014646e-13 4.103923893e-13 3.290141889e-12 4.349292787e-13 4.681790899e-13 3.425891545e-13 1.2233183e-12 3.918095029e-13 2.046283891e-12 1.494817818e-12 1.298639156e-12 2.346494566e-13 3.369340683e-13 1.330935963e-12 4.647803409e-13 3.820360991e-13 8.531197761e-13 3.949041125e-13 1.692751608e-13 2.383144162e-12 3.272529467e-13 5.61896255e-13 3.015523152e-13 3.64987008e-13 3.622961598e-13 2.477920844e-13 2.909851671e-13 6.720503743e-13 4.232695205e-13 2.30924121e-13 4.771885777e-13 4.643300875e-13 2.197973604e-12 2.549175759e-12 2.323086338e-13 7.725796619e-13 3.131653982e-13 3.179768026e-13 2.21084547e-13 1.084806158e-12 6.464381856e-13 4.595713012e-13 3.890645005e-13 6.766074782e-13 3.015160233e-13 3.04201282e-13 1.90286467e-12 2.293767844e-12 4.386080476e-13 6.257127254e-13 4.033888423e-13 3.772665804e-13 2.346549959e-13 1.258786041e-12 4.605512438e-13 3.037775409e-13 4.060271644e-13 1.20284641e-12 1.096480404e-12 2.605211356e-13 3.462668172e-13 2.988626949e-13 3.052593959e-13 5.955741853e-13 1.070608374e-12 3.381214749e-13 4.375020822e-13 2.781291492e-13 3.488058916e-13 3.178610267e-13 5.248104449e-13 2.688205808e-13 
3.968692643e-13 1.215453247e-12 2.340817316e-12 1.170594629e-11 4.430905642e-13 1.764520316e-12 1.822011051e-13 5.952140635e-13 4.838971168e-13 6.380248651e-13 4.728951387e-13 3.37824875e-13 1.816376869e-12 4.17579389e-13 2.077627227e-13 1.043097781e-12 1.984034229e-12 1.884223718e-12 1.093865237e-12 3.938750033e-13 9.570575458e-13 8.179858352e-13 2.418051509e-13 2.218060897e-13 5.236958426e-13 4.585023727e-13 4.908861911e-13 3.313071631e-13 3.49125945e-13 5.804491857e-13 3.139712649e-12 2.491142128e-12 4.973642426e-13 3.718250648e-13 2.191355112e-13 5.802717029e-13 5.83862136e-13 1.156774474e-12 5.366317575e-13 9.788547122e-13 7.14588021e-13 5.909178332e-13 6.514460405e-13 5.639432639e-13 3.115986816e-13 1.2091663e-12 6.502094089e-13 6.086297641e-13 2.719246532e-12 5.868488151e-13 2.99909664e-13 1.195511943e-12 2.998977418e-13 2.12752203e-13 2.263990136e-12 4.090266171e-13 5.522255343e-13 1.083294491e-12 3.637870488e-13 7.826381679e-13 8.050226124e-13 4.625262478e-13 1.798631776e-12 4.661195183e-13 6.229804842e-13 4.284097824e-13 5.707988853e-13 4.021622419e-13 2.250800774e-13 1.840910186e-12 1.099479587e-12 1.099080862e-12 4.709867579e-13 1.685241379e-13 3.608117003e-13 3.527415647e-13 2.177342581e-12 6.525580868e-13 6.555256797e-13 5.000410615e-13 2.346926636e-12 4.287409862e-13 3.879184929e-13 6.959445874e-13 2.014416442e-12 5.860590761e-13 3.437559476e-13 2.616099108e-12 4.589711211e-13 7.808266507e-13 4.031749896e-13 1.25953028e-12 1.85585495e-12 6.087736067e-13 6.799710815e-13 2.490761648e-12 2.082402991e-12 6.063018513e-13 5.752544233e-13 4.592643808e-13 1.063928495e-12 5.859242924e-13 1.70369819e-12 4.069356844e-13 3.848481037e-13 9.207427602e-14 5.952785499e-13 5.561234968e-13 1.069339799e-12 3.443440882e-13 7.988460159e-13 2.871717769e-13 3.629856632e-12 8.568441879e-13 6.344176786e-13 5.956512686e-13 9.889455832e-13 1.878979953e-12 5.072023847e-13 3.956518989e-13 6.453675897e-13 5.22037749e-13 6.376458548e-13 6.266320696e-13 1.581220942e-12 1.898326299e-12 2.408577933e-13 6.647879075e-13 2.636499533e-12 2.966871557e-12 7.913339154e-13 1.631491759e-12 6.666480106e-13 1.287657577e-12 2.618922553e-12 7.734251664e-13 9.299696607e-13 1.213339513e-12 2.024171319e-12 3.514805299e-13 1.595003897e-12 5.424039095e-13 3.093425717e-13 2.748041304e-13 1.069373038e-12 4.722999224e-13 6.405876182e-13 5.391578457e-13 1.110263106e-12 3.935635562e-13 5.79015006e-13 2.604578303e-12 1.264395161e-12 1.356629661e-12 4.706962045e-13 3.986882622e-13 5.275194737e-13 5.873587861e-13 1.066359414e-12 5.682540171e-13 5.134665902e-13 5.410305971e-13 2.25243727e-12 2.415704859e-12 5.424974445e-13 4.264952264e-13 6.214834163e-13 4.527222218e-13 8.087558644e-13 5.70863653e-13 4.86148011e-13 2.509247863e-12 7.102937196e-13 6.279895964e-13 1.07880251e-12 5.284715409e-13 3.948926819e-13 3.959521912e-13 1.660258348e-12 6.260461466e-13 2.568353811e-12 1.782329188e-12 7.48395838e-13 6.896420344e-13 8.137238383e-13 6.911255678e-13 6.263862104e-13 2.533393643e-12 4.894636769e-13 3.943392202e-13 1.255297027e-12 1.648939116e-12 9.720637331e-13 6.867754111e-13 2.567290058e-12 1.368141971e-12 6.255849419e-13 2.011920332e-12 4.157057472e-13 1.032300489e-12 2.075557433e-12 4.600538747e-13 5.476654059e-13 3.79491737e-13 6.031434659e-13 2.61540662e-13 2.87222334e-12 5.255511956e-13 4.500991744e-13 2.397425619e-12 1.128341696e-12 4.678679999e-13 1.74293348e-12 2.455246256e-12 6.267758697e-13 1.883860645e-12 6.101979202e-13 8.371040809e-13 6.788235831e-13 8.845930809e-13 7.639932467e-13 3.259432122e-12 1.893814884e-12 6.39196479e-13 7.77792559e-13 3.271983265e-13 1.387029901e-12 2.684724873e-13 1.104736773e-12 5.285611447e-13 1.048545279e-12 5.068711467e-13 4.481671057e-13 1.634763529e-12 6.312710493e-13 6.259532631e-13 5.932508688e-13 6.48620924e-13 3.701600875e-13 6.108378935e-13 5.538633439e-13 6.257752036e-13 6.621743757e-13 4.819005799e-12 1.511416496e-12 6.955773153e-13 3.295651747e-13 5.970535315e-13 4.551677617e-12 1.018666989e-12 4.017964355e-13 5.464951841e-13 6.039787656e-13 1.52179139e-12 2.388669565e-12 3.393397945e-13 4.974452518e-13 6.263100727e-13 8.806675427e-13 1.599020007e-12 6.210346733e-13 2.417437489e-12 7.942431073e-13 7.969367192e-13 1.244487975e-12 2.019314868e-12 1.064601448e-12 5.242604323e-13 5.445218809e-13 5.126944775e-13 5.760337082e-13 4.959642054e-13 3.794524525e-13 2.232681394e-12 2.111773481e-12 2.368519132e-12 1.930914277e-12 6.402914441e-13 8.328099609e-13 7.330529782e-13 1.35806058e-12 5.648182614e-13 2.799835713e-12 5.882521527e-13 3.097502393e-12 7.634692674e-13 1.657373815e-12 1.16296907e-12 6.374366566e-13 3.48875593e-13 5.557775449e-13 9.837963342e-13 5.895009549e-13 5.42733e-13 4.710807979e-13 6.754948364e-13 6.459299727e-13 7.210300109e-13 6.851313952e-13 5.919859355e-13 2.290027085e-12 4.195256562e-13 5.628673835e-13 6.545709226e-13 4.044515836e-13 1.157240847e-12 7.281896701e-13 1.230809877e-12 5.357517642e-13 7.048390359e-13 1.69730505e-12 5.896088637e-13 6.849133612e-13 6.348427849e-13 3.399647522e-13 5.747858357e-13 5.935405221e-13 6.451610316e-13 7.225999009e-13 5.83951943e-13 7.670230529e-13 4.863041543e-13 2.351827889e-12 5.464500571e-13 4.362471691e-12 1.149548643e-12 1.78148349e-12 5.508235601e-13 1.260560591e-12 6.197610479e-13 9.170038498e-13 4.647670308e-13 7.897818395e-13 8.361259887e-13 5.247389347e-13 6.697815643e-13 1.788291643e-12 2.013391804e-12 2.453938005e-12 5.010067316e-13 4.946136155e-13 5.752140997e-13 2.108065557e-12 1.050700485e-12 5.809997593e-13 5.778892367e-13 3.508086953e-12 9.327331812e-13 7.110927741e-13 1.020884541e-12 7.154539029e-13 5.239080084e-13 1.698057993e-12 1.831748996e-12 1.667332562e-12 1.623958298e-12 4.819113739e-13 1.936526764e-12 1.015882536e-12 2.481901795e-12 1.223403221e-12 4.154546695e-13 7.529125074e-13 8.908201828e-13 4.430698586e-13 6.026893851e-13 3.366358074e-13 5.969914005e-13 1.36087526e-12 7.762383963e-13 4.000865414e-13 6.779023672e-13 5.428004953e-13 5.942347963e-13 5.534348655e-13 1.995477887e-12 2.064479969e-12 7.149503338e-13 1.005408107e-12 2.626215524e-12 1.471196551e-12 1.404748483e-12 2.112479149e-12 4.930413463e-13 3.40788307e-12 5.515267006e-13 3.380044699e-13 1.941581517e-12 7.017199835e-13 2.542871318e-12 6.890104669e-13 6.705610884e-13 2.472689693e-13 1.170517442e-12 5.790163046e-13 6.322304385e-13 5.04107098e-13 2.031038414e-12 6.244836297e-13 1.782484437e-12 3.189935406e-12 7.393830873e-13 4.623926432e-13 9.863072197e-13 6.04257272e-13 2.646025847e-12 4.396004869e-13 7.611959661e-13 7.513123321e-13 8.37477778e-13 1.641299468e-12 4.093095798e-12 3.039513275e-13 2.020547605e-12 3.391952696e-13 1.044359934e-12 1.649680879e-12 7.597764372e-13 1.067772357e-12 1.992880673e-12 9.315238405e-13 2.180621402e-12 5.75609154e-13 2.26873838e-12 6.931919872e-13 1.156326186e-12 2.240352385e-12 1.987723306e-12 2.079516457e-12 4.002784638e-13 4.571439756e-13 4.684954634e-13 3.800884774e-13 5.786125752e-13 1.407489832e-12 4.149304316e-13 4.754732015e-13 1.401085738e-12 7.134258805e-13 1.111886843e-12 5.784089444e-13 9.508584838e-13 5.953336945e-13 2.141998155e-12 2.048538461e-12 3.688541574e-13 5.289978004e-13 2.264309458e-12 4.222631871e-13 6.355387762e-13 2.535106048e-12 1.158117392e-12 4.858190987e-13 7.666967833e-13 5.680842527e-13 3.789344795e-13 6.26735782e-13 5.702593823e-13 1.223011833e-12 1.269013007e-12 1.10632345e-12 5.840937093e-13 4.21258503e-13 4.167665676e-13 3.519503399e-13 3.670251129e-13 6.45086113e-13 2.993951779e-13 7.333378098e-13 9.513131373e-13 2.554422183e-12 1.249918603e-12 4.566462758e-13 2.532621869e-12 2.478123287e-12 1.550280599e-12 2.422878424e-12 5.30966109e-13 1.681109539e-12 5.494908824e-13 1.822940294e-12 7.476350582e-13 9.408595983e-13 2.353307277e-12 5.1772057e-13 4.020667469e-13 3.212556347e-13 2.38613693e-12 5.10785918e-13 5.501543559e-13 3.039732775e-12 3.475717001e-13 5.375199115e-13 4.448162952e-13 7.734552147e-13 6.60737304e-13 5.418795903e-13 5.882381154e-13 2.246037381e-12 6.326200417e-13 5.397094909e-13 
1.152695327e-12 9.97026892e-13 3.010272585e-13 6.852057973e-13 6.857999996e-13 2.862113896e-12 4.069828922e-13 5.497495652e-13 2.833230604e-12 8.128197346e-13 1.654183791e-12 5.952099396e-13 7.297210894e-13 2.005084859e-12 5.36186692e-13 2.494152768e-12 2.857135198e-12 5.808354836e-13 1.451725693e-12 1.065782735e-12 4.037457449e-13 2.318652255e-13 3.547978759e-13 5.736275103e-13 2.191202299e-12 1.790930075e-12 5.816385512e-13 9.331718142e-13 9.610563787e-13 2.807081537e-13 1.762465461e-12 1.421965669e-12 5.380595178e-13 5.329058836e-13 1.111635212e-12 2.237799214e-12 4.028129955e-13 2.289261486e-12 7.593706063e-14 2.347056393e-13 4.115132006e-13 1.959042004e-12 4.394719157e-13 6.404702129e-13 3.894854881e-13 2.001903327e-12 6.193922481e-13 5.408682472e-13 8.967812137e-13 5.760888724e-13 2.789077736e-13 3.086825304e-12 5.489575475e-13 1.057439996e-12 5.743460471e-13 8.119614054e-13 6.737688076e-13 6.125431605e-13 2.419855466e-12 6.468933377e-13 7.195581305e-13 1.12104498e-12 1.034625315e-12 3.871268799e-13 6.77885001e-13 7.979729173e-13 7.516393134e-13 2.197363276e-12 5.081140619e-13 3.635482051e-13 5.4807944e-13 8.268537798e-13 4.218500283e-13 2.337257425e-12 4.588692753e-13 8.60713844e-13 6.62273185e-13 7.327688939e-13 1.959960051e-12 4.922788578e-13 7.67348041e-13 2.793951099e-12 3.496865807e-12 2.110438394e-12 2.116451911e-12 6.395041567e-13 6.690582231e-13 4.891818502e-13 1.848175164e-12 7.108368096e-13 5.984239517e-13 6.106865745e-13 1.900410124e-13 1.011829511e-12 8.783909163e-13 6.398826716e-13 1.227454222e-12 1.303154946e-12 1.019000494e-12 8.457655456e-13 6.21355326e-13 7.716173449e-13 5.562921344e-13 6.294365951e-13 8.612619656e-13 8.220727388e-13 1.384295554e-12 2.139853815e-12 9.956147191e-13 5.7279241e-13 7.497483414e-13 2.065119397e-12 1.44162622e-12 5.828183675e-13 9.250457172e-13 1.515552334e-12 5.336546499e-13 2.152961022e-12 7.179619177e-13 7.190600959e-13 8.728989135e-13 1.377330601e-12 6.35351606e-13 6.44720186e-13 6.656863436e-13 7.935419586e-13 1.029348859e-12 6.288081385e-13 8.138517751e-13 4.160751627e-13 4.679787271e-13 5.586527575e-13 8.510120011e-13 2.595141007e-12 2.09874612e-12 6.599682424e-13 7.375362403e-13 3.224526252e-13 2.329440991e-12 1.390945871e-12 5.409790829e-13 1.48781863e-12 1.559699566e-12 2.437645375e-12 9.588959053e-13 8.246838525e-13 1.043557415e-12 2.925043412e-12 4.208779087e-13 2.163366023e-12 1.604655874e-12 5.228646456e-13 2.383322502e-12 5.262398186e-13 4.687990649e-13 8.250137427e-13 7.714185239e-13 2.565535247e-12 6.963032916e-13 6.322261418e-13 1.171786649e-12 2.155924091e-12 2.322627717e-12 1.595491733e-12 7.391609625e-13 6.341534209e-13 1.410028266e-12 9.209821658e-13 7.447157083e-13 2.178472132e-12 1.78675495e-12 2.464220139e-12 1.696494661e-12 1.024572953e-12 1.34379525e-12 5.889958715e-13 2.537342631e-12 8.715038759e-13 1.985551905e-12 1.165244472e-11 1.901836138e-12 6.030454167e-13 5.281792218e-13 1.185566669e-12 6.304734966e-13 1.429725311e-12 7.290689479e-13 4.799844746e-13 1.528107704e-12 9.174755542e-13 2.334843119e-12 1.345758973e-12 8.189510875e-13 5.12419966e-13 9.123241685e-13 1.197281265e-12 1.082443197e-12 7.108108889e-13 7.521884384e-13 6.544167274e-13 8.308311646e-13 3.773246614e-13 9.502652279e-13 3.213154008e-12 1.281544394e-12 1.72741061e-12 7.023213985e-13 2.564813981e-12 2.268856618e-12 7.92914743e-13 2.183499655e-12 7.42984137e-13 1.115462095e-12 2.454911747e-12 1.046607378e-12 7.830760802e-13 1.615833935e-12 1.295141223e-12 8.298048572e-13 4.880926557e-13 1.464332347e-12 1.580702976e-12 1.837333101e-12 1.837966233e-12 7.379676701e-13 4.472014047e-13 1.006303966e-12 5.719287189e-13 1.219142156e-12 8.663717667e-13 9.569042128e-13 8.549688306e-13 1.332378567e-12 7.095784681e-13 1.302874384e-12 2.081032827e-12 6.223805642e-13 2.772818448e-12 8.847333025e-13 8.285047875e-13 1.438639018e-12 2.290028249e-12 1.016136652e-12 3.671898702e-13 1.01817432e-12 2.576962502e-12 1.373442415e-12 8.603475374e-13 8.126593388e-13 2.627796994e-12 1.588271518e-12 2.888900354e-12 7.50614362e-13 2.294724573e-12 2.266748587e-12 1.087001325e-12 1.651300683e-12 1.131544074e-12 1.069572065e-12 7.553223141e-13 1.346296321e-12 8.176132517e-13 7.111947729e-13 1.109071577e-12 9.009374313e-13 4.792444276e-13 6.934501469e-13 8.814091778e-13 1.97383294e-12 9.490867766e-13 9.78099347e-13 8.081433923e-13 8.19822144e-13 1.799006551e-12 1.325467781e-12 8.394671719e-13 6.806969323e-13 1.13515237e-12 5.756360519e-13 1.80181024e-12 6.46502493e-13 2.339658176e-12 2.035439472e-12 1.023686168e-12 7.541487243e-13 1.701189319e-12 2.795995056e-12 1.381290499e-12 8.228126146e-13 7.578071661e-13 6.778545645e-13 6.314343607e-13 5.930574351e-13 8.637729307e-13 1.774373727e-12 6.836119456e-13 9.376670262e-13 8.909075344e-13 1.473082396e-12 2.049762977e-12 2.108395479e-12 1.335502946e-12 1.904379615e-12 2.770779374e-12 7.488315876e-13 7.053974049e-13 6.653123107e-13 7.57976291e-13 7.569257433e-13 7.607497139e-13 7.39118756e-13 1.630337945e-12 8.268732008e-13 6.242601508e-13 2.253957295e-12 4.938376857e-13 2.450923004e-12 9.436297208e-13 5.951328698e-13 1.500728334e-12 1.014519136e-12 7.8359778e-13 1.076392422e-12 2.214207583e-12 8.30493232e-13 2.845588599e-12 5.519585536e-13 3.905067295e-13 1.001127384e-12 2.623943236e-12 7.904971131e-13 1.791271779e-12 6.041309891e-13 2.289413729e-12 7.793967268e-13 2.332521343e-12 2.009025172e-12 6.326619136e-13 8.166407999e-13 5.051448082e-12 5.096646115e-13 2.594705866e-12 9.501398245e-13 7.680002121e-13 6.921071225e-13 3.22160119e-12 1.574285601e-12 8.464224958e-13 5.543529838e-13 2.249929969e-12 9.576187578e-13 1.035006069e-12 1.104841269e-12 2.042808241e-12 7.284907655e-13 2.360662593e-12 9.235823739e-13 5.818570932e-13 4.600753681e-13 7.752552732e-13 1.927062327e-13 9.451590991e-13 2.295741034e-12 2.003401686e-12 6.940923363e-13 2.491880885e-12 1.221310333e-12 2.27860951e-12 1.271667407e-12 1.029415039e-12 6.554442645e-13 1.09699332e-12 8.992931141e-13 1.925012933e-12 5.837152246e-13 7.302216021e-13 1.074405739e-12 9.442566899e-13 2.991569608e-12 5.274414222e-13 2.061865712e-12 1.95190877e-12 2.469782179e-12 8.725626924e-13 2.785498212e-12 9.68548227e-13 1.40605146e-12 4.563998846e-13 5.580232282e-13 1.474382313e-12 2.526404174e-12 1.089092631e-12 9.418727483e-13 3.222910503e-13 6.29625008e-13 2.388305162e-12 8.463564277e-13 7.008103883e-13 9.62707096e-13 7.685019444e-13 2.846557717e-13 1.161277361e-12 9.553561849e-13 8.948735798e-13 3.373925762e-12 9.250743693e-13 2.421240024e-12 2.216575781e-12 1.143745769e-12 1.061195403e-12 1.07647203e-12 2.35383368e-12 8.967944201e-13 7.50097204e-13 2.332915017e-12 8.623071687e-13 2.634707815e-12 1.751425647e-12 6.790602214e-13 8.204869479e-13 6.239406731e-13 4.831961175e-13 7.682333889e-13 6.483147774e-13 1.094353555e-12 6.548127982e-13 1.453966358e-12 1.057766946e-12 1.328209225e-12 6.685185397e-13 1.763390655e-12 9.099308646e-13 9.173039671e-13 1.814936576e-12 1.051031664e-12 8.435687705e-13 1.646185048e-12 2.276235741e-12 6.842315935e-13 1.497382556e-12 6.453601919e-13 1.392611809e-12 1.800743444e-12 8.686648076e-13 2.255791354e-12 3.797384658e-12 1.534111555e-12 4.860233587e-13 2.05701624e-12 1.156574177e-12 8.374277978e-13 9.001492989e-13 3.99789122e-13 2.495463575e-12 1.567443558e-12 2.509884399e-12 1.109471095e-12 5.415687491e-13 2.558329444e-12 6.613352668e-13 1.014175121e-12 7.86471026e-13 2.057855389e-12 1.048331132e-12 1.358148568e-12 9.051945993e-13 1.12753864e-12 4.537106501e-13 6.850514986e-13 2.163882984e-12 4.734962599e-13 1.716131726e-12 9.098390467e-13 9.711720326e-12 7.31796049e-13 1.228036225e-12 1.018812514e-12 1.266296827e-12 2.321877148e-12 8.721637163e-13 3.352476037e-12 7.681424866e-13 1.043909021e-12 2.366140771e-12 7.057253429e-13 3.580720511e-12 6.431414616e-13 3.289499592e-12 1.126277121e-12 7.427304562e-13 6.832675643e-13 4.254570203e-13 6.353339055e-13 4.789028981e-13 5.49403149e-13 9.90253899e-13 1.437334256e-12 7.7197912e-13 1.799101858e-12 6.813395594e-13 1.037679792e-12 
9.873396656e-13 4.253882574e-13 4.377486961e-13 8.555778804e-13 1.078367641e-12 9.487234594e-13 2.311419875e-12 1.016974703e-12 5.031854774e-13 1.568188967e-12 2.301080393e-13 1.169424646e-12 8.230171292e-13 8.406291019e-13 8.062966406e-13 1.014834296e-12 7.312186553e-13 4.300968131e-13 4.383011701e-13 4.939093228e-13 2.540122432e-12 2.757638853e-12 6.509432352e-13 7.639489601e-13 5.048041576e-13 1.280009426e-12 1.002802969e-12 2.12632339e-12 4.466036241e-13 4.72214459e-13 7.82136835e-13 6.602816821e-13 2.160536182e-12 1.022260093e-12 1.713329696e-12 8.706282543e-13 7.095746749e-13 6.671340365e-13 7.790120004e-13 1.623019315e-12 1.839492617e-12 6.924329085e-13 7.401253545e-13 7.864372434e-13 8.195040564e-13 5.647594967e-13 6.13958373e-13 9.092825306e-13 1.153155834e-12 4.985922666e-13 1.065170225e-12 7.046580529e-13 7.004884722e-13 1.275630379e-12 1.092265861e-12 9.030801779e-13 1.069099878e-12 2.283904777e-13 1.152678604e-12 3.910107657e-13 1.260357365e-12 5.676588951e-13 1.513853222e-12 1.119412981e-12 7.087820092e-13 1.309721605e-12 9.817004902e-13 7.894606623e-13 2.413575036e-12 2.0899651e-13 3.493914096e-13 9.48855166e-13 2.527954102e-13 2.501940371e-12 9.391650545e-13 1.347909834e-12 9.386021792e-13 2.46139878e-12 1.95216454e-12 2.738494826e-12 2.582367748e-12 1.874713442e-12 7.85859175e-13 3.422639019e-12 1.635506224e-12 1.756205111e-12 4.645445518e-13 1.186682502e-12 1.136544604e-12 1.388345432e-12 3.270147223e-12 9.405631655e-13 1.270281312e-12 1.265148029e-12 1.162606422e-12 2.172323113e-12 8.672604292e-13 7.427162053e-13 1.284640951e-12 8.706092408e-13 6.500109302e-13 1.27290141e-12 2.110281704e-12 9.022744025e-13 1.688856385e-12 1.119532657e-12 1.084570636e-12 9.920095887e-13 1.702466316e-12 9.83750942e-13 9.938711414e-13 9.870704125e-13 1.589004063e-12 2.166738211e-12 8.818449672e-13 1.167550514e-12 1.346271078e-12 2.069604381e-12 7.349151847e-13 1.216278377e-12 1.364939424e-12 7.814085252e-13 1.089913766e-12 6.523711966e-13 2.306108004e-12 1.264368231e-12 1.340392626e-12 1.407165115e-12 7.44020882e-13 1.889726558e-12 1.112891557e-12 1.103750976e-12 8.016209807e-13 7.671830485e-13 8.193869306e-13 1.210385379e-12 2.333107506e-12 1.461054684e-12 5.068220839e-13 9.606730556e-13 2.440934347e-12 1.403870278e-12 2.423641045e-12 6.603182789e-13 2.651523453e-12 2.614463006e-12 5.552260886e-13 2.741963137e-12 1.98143283e-12 8.492281418e-13 8.048049035e-13 2.070788644e-12 1.334591664e-12 1.072353076e-12 2.19726872e-12 3.563496714e-12 1.915460308e-12 3.479872608e-12 1.075525628e-12 2.613416954e-12 4.008516052e-12 2.062889762e-12 1.057767472e-12 1.21021501e-12 1.16893602e-12 1.139330549e-12 1.244665157e-12 9.829680946e-13 7.30001873e-13 1.062928774e-12 2.560490186e-12 1.452261605e-12 3.963968697e-13 1.176601204e-12 1.616009293e-12 7.234764225e-13 1.792195536e-12 2.038562399e-12 1.13510235e-12 9.81893367e-13 1.460225558e-12 2.638676163e-12 1.636658402e-12 1.053847302e-12 6.12681844e-13 9.01410562e-13 2.027840842e-12 4.226626272e-12 2.244816694e-12 1.089539291e-12 1.848350517e-12 8.359607312e-13 2.644291647e-12 1.168180448e-12 2.6206414e-12 1.409102781e-12 8.269708501e-13 1.182825484e-12 8.210222359e-13 1.698402362e-12 8.864448284e-13 1.265100279e-12 1.374475514e-12 1.644876575e-12 4.103987021e-13 2.615039363e-12 9.136801166e-13 9.984335943e-13 9.808813476e-13 1.386071161e-12 3.013328288e-12 9.259389108e-13 1.084215052e-12 1.348202642e-12 2.442998496e-12 1.119472369e-12 1.26187708e-12 1.206722828e-12 3.505070087e-12 1.814534016e-12 4.911442751e-13 1.102362422e-12 1.440629042e-12 1.822971265e-12 1.031351239e-12 1.697587952e-12 2.189792782e-12 1.439946467e-12 1.906640501e-12 1.41837563e-12 3.916273719e-12 8.938833898e-13 2.122156381e-12 7.933128605e-13 2.565489084e-12 1.357507237e-12 1.272698107e-12 2.420053644e-12 9.112506319e-13 9.385216181e-13 8.529895672e-13 2.526631643e-12 7.454060347e-13 1.437566331e-12 8.769567524e-13 4.782378137e-12 6.906982895e-13 1.022029422e-12 2.078669106e-12 1.993814574e-12 2.206660725e-12 1.000307011e-12 7.124695161e-13 2.252841764e-12 2.354818523e-12 1.218192555e-12 1.069807595e-12 1.602668983e-12 1.941747375e-12 1.589490736e-12 1.18819567e-12 1.523162586e-12 1.528043471e-12 2.392851793e-12 9.851914461e-13 2.901599383e-12 2.419132327e-12 1.40026158e-12 1.843385808e-12 9.336428031e-13 1.144417623e-12 1.071412721e-12 1.314232232e-12 1.019221441e-12 1.017343883e-12 1.296993997e-12 1.109801463e-12 1.027885949e-12 1.971544053e-12 1.178525444e-12 1.344373921e-12 2.378910348e-12 1.295969135e-12 1.20848167e-12 2.733675174e-12 2.111394349e-12 1.066400569e-12 2.78326942e-12 1.842096982e-12 1.568747899e-12 7.497275451e-13 1.847789229e-12 1.247592893e-12 1.104919176e-12 1.069846144e-12 1.591743974e-12 7.265510881e-13 9.712213128e-13 1.126207213e-12 7.327913484e-13 2.966779936e-12 2.596058072e-12 1.425049075e-12 1.069411009e-12 6.83331019e-13 9.208891899e-13 8.252506937e-13 1.286702715e-12 9.739566435e-13 9.068827405e-13 1.20298436e-12 1.473666859e-12 1.277866559e-12 1.134531927e-12 1.174510615e-12 1.857403806e-12 1.24123074e-12 9.127235601e-13 2.975919096e-12 9.478027742e-13 1.578488132e-12 1.91229032e-12 9.958392116e-13 1.617599361e-12 1.689417866e-12 1.009434127e-12 1.312109893e-12 1.234432708e-12 8.76062316e-13 1.528525577e-12 2.237806921e-12 1.795810528e-12 2.293064494e-12 1.865771882e-12 1.299933084e-12 9.460905021e-12 1.238398222e-12 9.344435381e-13 9.105200196e-13 1.736579282e-12 9.827325905e-13 3.26736297e-12 1.742568226e-12 9.503374147e-13 1.232412727e-12 1.024265423e-12 1.119894552e-12 1.285046849e-12 3.240115398e-12 1.283618802e-12 1.849639808e-12 1.171939921e-12 2.764810589e-12 8.246522461e-13 1.189277115e-12 2.285843207e-12 1.068244754e-12 1.230642617e-12 1.109685738e-12 9.992421994e-13 1.454365465e-12 1.389817203e-12 1.220152123e-12 1.089231429e-12 1.120264328e-12 2.203523181e-12 1.632849119e-12 2.411656156e-12 1.320583794e-12 2.774821088e-12 1.835239617e-12 3.191893064e-12 1.012912341e-12 1.702546819e-12 1.155798054e-12 2.571896656e-12 1.392258334e-12 1.216546432e-12 1.618564171e-12 1.928357259e-12 2.360510482e-12 8.645545992e-13 7.50880784e-13 1.250471333e-12 2.701751134e-12 1.220984652e-12 2.095828501e-12 1.836673168e-12 1.510498328e-12 1.873359345e-12 1.093613484e-12 7.000928108e-13 2.342690322e-12 1.294745176e-12 3.633585729e-12 1.748587195e-12 9.060147857e-13 1.507395448e-12 1.156542173e-12 9.65274806e-13 1.286446278e-12 1.980362206e-12 2.396047185e-12 2.335109685e-12 1.252116473e-12 1.280037822e-12 9.346422608e-13 1.268944058e-12 1.082639053e-12 2.008310012e-12 1.363674463e-12 1.344640735e-12 1.101753261e-12 1.114251458e-12 2.25697384e-12 1.487838953e-12 1.954128018e-12 5.940684621e-13 1.195312073e-12 1.562661815e-12 8.439376692e-13 2.377907904e-12 1.026274712e-12 2.737351881e-12 1.562313153e-12 1.029160151e-12 5.655557862e-13 1.046553033e-12 2.20574177e-12 9.590246612e-13 9.460361284e-13 9.988099908e-13 1.265449194e-12 1.033355173e-12 1.3845601e-12 8.709448108e-13 1.257976835e-12 7.21337402e-13 3.746946279e-12 1.20268773e-12 1.789245236e-12 7.925622869e-13 8.322707983e-13 6.220627473e-13 2.81066809e-12 8.521466102e-13 1.28151355e-12 1.079299404e-12 1.911261262e-12 3.173682597e-12 1.707890423e-12 2.629556478e-12 9.378122032e-13 1.469507161e-12 2.058759213e-12 2.82003415e-12 2.294188822e-12 2.125614761e-12 1.19544641e-12 1.584819265e-12 8.04082365e-13 1.778001299e-12 1.050380513e-12 4.087647341e-13 1.31619746e-12 1.321128212e-12 1.150194322e-12 1.145067871e-12 1.773205866e-12 1.5541856e-12 1.878781639e-12 1.803300609e-12 8.772822427e-13 1.92152731e-12 8.076814177e-13 1.097294504e-12 1.073502102e-12 3.115487177e-12 7.212667752e-13 1.043263772e-12 1.087106499e-12 2.549842158e-12 1.010565587e-12 7.546808447e-13 1.177401807e-12 1.312927445e-12 2.405907968e-12 1.276510504e-12 4.307333905e-13 5.91064158e-13 8.137586029e-13 9.074396237e-13 1.307040298e-12 1.19829032e-12 2.532460752e-12 1.102259382e-12 9.098013772e-13 7.405512594e-13 1.208490964e-12 6.182562154e-13 6.57686437e-13 
1.17786789e-12 1.079174352e-12 1.025898153e-12 2.184050011e-12 1.107635833e-12 1.256264541e-12 1.014872979e-12 1.068489326e-12 1.15171251e-12 1.429607036e-12 2.713095852e-12 1.219494486e-12 1.269492038e-12 1.007661511e-12 1.442581762e-12 9.618100572e-13 2.071327746e-12 2.512711097e-12 2.341446868e-12 1.234534788e-12 2.084970549e-12 1.186727716e-12 1.258541541e-12 9.655840944e-13 1.434551172e-12 1.370388398e-12 1.464060648e-12 9.433152108e-13 1.917225451e-12 1.184131221e-12 2.293516539e-12 1.417657792e-12 1.339599436e-12 1.366234021e-12 1.584955269e-12 9.456122745e-13 1.273299213e-12 1.020130454e-12 2.676133923e-12 1.618464102e-12 1.234955809e-12 2.340479859e-12 2.940654909e-12 1.31847032e-12 2.135590022e-12 9.036850922e-13 2.07012205e-12 1.434723054e-12 1.39776864e-12 1.188970993e-12 1.691702075e-12 1.520469419e-12 9.671432729e-13 2.312584373e-12 9.270424289e-13 2.206585135e-12 1.889556553e-12 1.670957003e-12 3.857042175e-13 1.58048929e-12 1.881582119e-12 1.133624688e-12 1.294472828e-12 1.187110274e-12 1.692311314e-12 6.186452741e-13 8.319487907e-13 1.648936276e-12 1.898141365e-12 1.910602319e-12 2.259755978e-12 9.227377047e-13 1.152792004e-12 2.787998162e-12 2.122488701e-12 1.589168696e-12 2.345586748e-12 1.078829951e-12 1.145063754e-12 8.256159851e-13 1.261460268e-12 2.610860136e-12 7.238607777e-13 1.998572967e-12 9.070120721e-13 1.264062102e-12 1.282573039e-12 1.90361848e-12 9.614732233e-13 1.100329356e-12 1.251066612e-12 2.114090436e-12 2.526770635e-12 1.530315497e-12 2.383429026e-12 3.264870549e-12 1.227091454e-12 1.436578219e-12 1.943783315e-12 1.239540115e-12 1.418922079e-12 1.70185517e-12 1.257668015e-12 9.416809879e-13 1.20732545e-12 1.314571933e-12 1.117956695e-12 2.643728775e-12 1.997273912e-12 1.26442263e-12 1.736734919e-12 1.044928858e-12 9.555348621e-13 2.003621684e-12 1.295088788e-12 3.663666285e-12 1.164921011e-12 1.5821528e-12 8.626583391e-13 2.002889379e-12 2.259710155e-12 1.927376561e-12 4.338873146e-12 2.908922334e-12 1.597730851e-12 2.635371212e-12 3.095279067e-12 2.317095923e-12 1.248337227e-12 1.210472678e-12 1.289693771e-12 1.906176379e-12 1.407682713e-12 8.868337476e-13 2.711800568e-12 9.416490662e-13 1.077536631e-12 2.983421485e-12 3.50510069e-12 1.638683559e-12 3.150888126e-12 1.631707081e-12 1.906255556e-12 3.405687108e-12 1.78307668e-12 1.341024951e-12 9.086109818e-13 8.590347226e-13 2.322171792e-12 1.825948424e-12 1.251843932e-12 1.503024271e-12 2.177922309e-12 6.804660672e-13 1.732360654e-12 1.333117487e-12 1.636453194e-12 1.271575572e-12 1.624832192e-12 1.580453735e-12 1.101451091e-12 1.790446615e-12 1.663907061e-12 3.216661603e-12 1.184086063e-12 1.502986321e-12 1.557715673e-12 1.669270443e-12 2.850629625e-12 1.419102243e-12 1.984514003e-12 1.577537751e-12 1.405951482e-12 1.57226962e-12 3.907714028e-12 1.290609565e-12 2.384002857e-12 2.35667865e-12 1.69772892e-12 1.368034476e-12 1.248364136e-12 1.36604047e-12 8.8816346e-13 1.318750503e-12 2.353125603e-12 1.55121434e-12 1.431345392e-12 9.440189697e-13 2.68167909e-12 2.889818746e-12 1.39843283e-12 1.850477777e-12 7.040023974e-13 1.394782531e-12 1.423781645e-12 3.010717585e-12 1.763551233e-12 1.836458435e-12 3.513544357e-12 1.717398171e-12 8.685208266e-13 1.581659664e-12 1.999008085e-12 3.09268146e-12 3.711222675e-12 2.894738454e-12 1.527306897e-12 1.143010791e-12 1.476020194e-12 1.128169632e-12 1.372964848e-12 1.189223245e-12 2.117769152e-12 1.631136802e-12 1.010176904e-12 1.580765486e-12 1.336340829e-12 1.63443972e-12 1.296467245e-12 2.963565969e-12 1.955448661e-12 1.251996719e-12 1.587567012e-12 2.297215277e-12 2.029455949e-12 1.266035542e-12 1.631874537e-12 1.720663427e-12 1.578235422e-12 2.152722621e-12 1.606829158e-12 1.602419968e-12 1.701601043e-12 1.865280982e-12 1.948333312e-12 1.74225998e-12 1.139478661e-12 2.997902548e-12 2.855940096e-12 2.453310755e-12 1.292326017e-12 2.096461297e-12 3.283383549e-12 1.565455621e-12 2.567753608e-12 2.216175534e-12 1.839278632e-12 1.401882396e-12 1.412357785e-12 2.077714128e-12 2.806625622e-12 2.492623583e-12 1.938661015e-12 9.972748307e-13 2.503913878e-12 9.222452955e-13 2.689082351e-12 3.413169299e-12 1.488695859e-12 1.621079757e-12 1.436553937e-12 2.673323902e-12 3.502967477e-12 1.076431869e-12 1.162385148e-12 2.132318985e-12 1.924442279e-12 2.505812456e-12 2.404893281e-12 1.343558095e-12 1.314180718e-12 1.148070029e-12 1.596220396e-12 2.757586475e-12 2.146416326e-12 9.876586956e-13 1.99209457e-12 1.48063819e-12 2.128695817e-12 1.110134546e-12 1.40427295e-12 1.782281572e-12 2.273414772e-12 1.454916963e-12 2.952226979e-12 2.584332636e-12 2.147869734e-12 2.317256085e-12 2.008942746e-12 3.138062279e-12 1.677056792e-12 4.602043189e-12 2.269760764e-12 1.120597918e-12 1.245967928e-12 1.219242011e-12 1.602321337e-12 2.130465977e-12 1.471496094e-12 1.911609608e-12 1.442054166e-12 2.362689315e-12 2.086333609e-12 1.037121597e-12 7.594341755e-13 1.858251844e-12 2.751354392e-12 1.981821239e-12 1.512115096e-12 8.693189589e-13 1.511666801e-12 2.507608678e-12 1.440969272e-12 3.174096585e-12 3.241403032e-12 2.554411388e-12 1.978802019e-12 1.547907938e-12 1.66664158e-12 1.152723736e-12 2.587159734e-12 1.639940359e-12 9.487143143e-13 1.435498763e-12 1.972530476e-12 2.125238696e-12 1.729035391e-12 2.981441999e-12 1.473016573e-12 1.411656918e-12 1.053661761e-12 1.92629642e-12 1.494380031e-12 1.308159556e-12 2.82765948e-12 4.768637081e-12 2.860545042e-12 1.851749364e-12 2.726346663e-12 1.484203338e-12 2.962645633e-12 2.13680363e-12 1.500246054e-12 1.660568982e-12 7.754996149e-13 2.543148283e-12 1.598467479e-12 1.760644423e-12 1.284029075e-12 3.24034882e-12 1.349325728e-12 2.001184588e-12 2.023884324e-12 1.404099597e-12 1.548969748e-12 1.852214166e-12 1.428568585e-12 1.474977608e-12 8.154420677e-13 1.300121789e-12 1.258014674e-12 1.925877476e-12 3.592225527e-12 2.31295231e-12 2.173232231e-12 1.250971196e-12 1.352095007e-12 2.402531069e-12 2.461340876e-12 2.695930211e-12 1.289908203e-12 1.251716509e-12 1.310267776e-12 1.156685155e-12 1.551059627e-12 1.631777018e-12 1.33335769e-12 1.488897335e-12 1.651963469e-12 1.920659751e-12 2.577752145e-12 1.512205753e-12 9.515175144e-13 1.069241288e-12 3.028834879e-12 1.135993488e-12 1.505950657e-12 1.373790846e-12 1.875693263e-12 1.676080868e-12 1.554190096e-12 2.53550095e-12 1.453707351e-12 1.791298876e-12 1.861295672e-12 2.684216203e-12 2.042815605e-12 2.299535867e-12 1.674590761e-12 2.446854538e-12 1.586325338e-12 1.81479449e-12 1.103289316e-12 1.069153706e-12 1.144083265e-12 2.016167747e-12 2.67821135e-12 1.988657225e-12 1.478500955e-12 2.470579123e-12 2.938793512e-12 1.157487704e-12 1.47404568e-12 1.276208716e-12 1.885716277e-12 1.726398726e-12 2.264115572e-12 1.823638867e-12 2.413646409e-12 1.581847173e-12 1.065705061e-12 1.970795154e-12 1.471982603e-12 1.214126966e-12 1.297529087e-12 6.041667455e-13 3.196600968e-12 1.50526143e-12 4.384264078e-12 2.23161041e-12 1.547667401e-12 2.133559085e-12 2.19077392e-12 2.122502994e-12 1.436557604e-12 1.35466245e-12 2.723531676e-12 2.294299915e-12 2.017400176e-12 5.05852016e-12 1.702907621e-12 1.336002129e-12 1.190873228e-12 1.551537686e-12 3.292080972e-12 1.427620339e-12 2.579889344e-12 1.302432152e-12 4.680430264e-13 1.231631302e-12 1.076572585e-12 2.558146418e-12 3.577984818e-12 1.876072217e-12 1.48503149e-12 2.374667966e-12 1.347912836e-12 1.878745382e-12 7.953658004e-13 2.442046433e-12 2.373023235e-12 1.935840547e-12 1.537118409e-12 2.607281861e-12 3.972724309e-12 2.294623355e-12 1.20594175e-12 2.479727765e-12 1.252421943e-12 2.35973986e-12 2.056080252e-12 1.867524277e-12 1.648966475e-12 8.811397453e-13 1.46612327e-12 2.195093605e-12 2.781564376e-12 2.205998345e-12 1.90701215e-12 1.641833537e-12 2.094537233e-12 1.095719619e-12 1.056295635e-12 1.326982738e-12 1.503184665e-12 1.651260763e-12 2.906626994e-12 2.404028115e-12 1.375661143e-12 1.810034862e-12 1.006233278e-12 9.906222e-13 1.591063923e-12 1.300125353e-12 1.027148727e-12 1.458367617e-12 4.687258547e-13 9.305722265e-13 1.379743903e-12 1.597773418e-12 1.453954817e-12 
1.249505949e-12 1.418735568e-12 2.133826299e-12 3.167647803e-12 9.26437829e-13 2.462983135e-12 1.455599708e-12 1.719608175e-12 1.59200816e-12 1.265122875e-12 1.472621083e-12 1.424096965e-12 1.404220683e-12 2.241237796e-12 1.427946395e-12 2.009028542e-12 1.81439657e-12 1.026854678e-12 1.766529181e-12 1.23069468e-12 4.791948256e-12 2.722749628e-12 1.150965462e-12 2.405218824e-12 3.858663645e-12 4.96433017e-12 3.820833958e-12 2.674627368e-12 2.98971744e-12 3.185148705e-12 1.147396536e-12 1.301263207e-12 1.372241254e-12 2.472538778e-12 1.862118554e-12 9.480228942e-13 2.246248423e-12 1.011367732e-12 1.921187898e-12 2.276126696e-12 2.890542565e-12 8.419660204e-13 1.270684279e-12 1.727774772e-12 2.242591739e-12 1.474544702e-12 1.278902002e-12 1.632100039e-12 2.078894056e-12 1.342245346e-12 1.473684517e-12 1.249190107e-12 1.472089703e-12 1.548477043e-12 1.225281091e-12 3.835160133e-12 1.360513783e-12 2.304264328e-12 2.318278529e-12 1.249382887e-12 2.093655713e-12 9.293610085e-13 1.140075515e-12 1.982615251e-12 2.236070655e-12 2.247872626e-12 2.055948361e-12 1.456044161e-12 1.682481443e-12 1.775690313e-12 1.837232267e-12 2.702777104e-12 1.503164543e-12 1.404243682e-12 3.30565477e-12 1.65881897e-12 3.363314187e-12 1.655840652e-12 2.008895428e-12 1.513371985e-12 2.301545561e-12 1.876972271e-12 1.825909593e-12 1.449750967e-12 9.60659568e-13 1.358890225e-12 1.055748769e-12 1.614205078e-12 1.533929683e-12 2.399504941e-12 1.61897026e-12 1.569420538e-12 2.340897795e-12 1.474316351e-12 2.654299147e-12 2.668932946e-12 1.245864266e-12 2.626420043e-12 3.900088952e-12 2.14600686e-12 3.729148145e-12 2.019503744e-12 2.833725172e-12 1.328721217e-12 2.390759118e-12 1.648210479e-12 1.636985989e-12 1.733328987e-12 3.281663898e-12 2.432898116e-12 1.464900213e-12 1.954612336e-12 2.230423964e-12 2.07393863e-12 1.910510335e-12 2.015734054e-12 2.57805337e-12 1.318884926e-12 2.779561036e-12 1.660147758e-12 2.128748654e-12 6.368083661e-13 1.664696304e-12 1.759441887e-12 2.319661121e-12 2.024374664e-12 1.546717571e-12 2.113664057e-12 1.324824503e-12 1.776754741e-12 2.812848187e-12 1.872691046e-12 1.846225619e-12 2.070623335e-12 1.613111925e-12 1.293581486e-12 2.073831651e-12 2.751344671e-12 3.04515644e-12 2.797520431e-12 1.675870785e-12 2.342391197e-12 1.221688717e-12 2.008178847e-12 1.602434527e-12 1.376030947e-12 1.766292967e-12 1.559882836e-12 1.159833799e-12 1.747112874e-12 1.598295472e-12 2.180506391e-12 2.181989553e-12 2.921397879e-12 3.382878246e-12 1.656001289e-12 2.823260005e-12 1.494685782e-12 2.473419456e-12 1.564810678e-12 1.838326077e-12 1.660303517e-12 1.780910053e-12 2.434460571e-12 2.349208026e-12 4.050016782e-12 3.226742751e-12 2.893175614e-12 1.824940495e-12 1.673480739e-12 1.514284051e-12 1.714304468e-12 1.868290473e-12 1.833021992e-12 1.530923648e-12 3.584672805e-12 1.596430883e-12 1.93553429e-12 2.155207653e-12 2.595694806e-12 2.268105896e-12 1.680315957e-12 2.031712055e-12 2.551261753e-12 2.23971953e-12 3.003232247e-12 2.564257267e-12 1.641016729e-12 1.482810378e-12 1.767589636e-12 1.620748866e-12 2.764216418e-12 3.103270951e-12 2.255479998e-12 1.625672885e-12 7.45120063e-12 2.627279472e-12 1.379404754e-12 2.740890145e-12 3.011314413e-12 2.950460242e-12 2.935669392e-12 3.105542201e-12 2.693203463e-12 1.96590195e-12 2.261710465e-12 3.017544486e-12 1.62774932e-12 2.494405404e-12 1.580595112e-12 3.220243362e-12 2.955386567e-12 2.868018034e-12 5.160396382e-12 1.919318362e-12 1.726664545e-12 1.6292327e-12 2.140660594e-12 1.871389335e-12 2.062180809e-12 2.510470821e-12 2.417741783e-12 2.097018769e-12 2.42582473e-12 1.092111202e-12 2.101989546e-12 1.345004237e-12 3.076823188e-12 1.93081759e-12 2.128465892e-12 1.70014114e-12 2.946304393e-12 1.923708928e-12 2.863276685e-12 2.31529989e-12 2.328543215e-12 1.675937468e-12 1.791087816e-12 1.961140708e-12 3.205183342e-12 1.428855933e-12 2.436303426e-12 1.830472225e-12 2.37377955e-12 2.015021513e-12 7.268336685e-12 2.310003259e-12 2.056713553e-12 2.057913612e-12 1.627019771e-12 1.616011802e-12 1.920529659e-12 2.378072632e-12 1.58252999e-12 3.057778155e-12 2.05565983e-12 2.418324059e-12 2.528570787e-12 2.44627932e-12 1.648345503e-12 2.123494476e-12 2.246360437e-12 2.515542017e-12 1.738012379e-12 2.163572804e-12 1.919634404e-12 1.291846587e-12 2.902688885e-12 3.030206869e-12 2.32268856e-12 2.073395059e-12 1.625409523e-12 2.426524693e-12 2.673678748e-12 1.999283755e-12 2.761028214e-12 2.602021139e-12 1.536323303e-12 2.186447729e-12 3.298266507e-12 5.29541382e-12 2.777633555e-12 3.309408184e-12 1.895996406e-12 1.983418294e-12 1.899155754e-12 2.796458803e-12 1.370688017e-12 2.148779896e-12 2.064179723e-12 2.660895999e-12 1.646342937e-12 3.040438279e-12 1.946850689e-12 2.078514096e-12 1.11540761e-12 1.935659988e-12 2.243933551e-12 3.623838502e-12 2.534014086e-12 2.897538716e-12 3.099477529e-12 2.625036509e-12 2.179365409e-12 1.604803501e-12 2.521960771e-12 1.775950591e-12 2.406096636e-12 1.769673303e-12 2.538123957e-12 2.258592119e-12 2.799383229e-12 3.01354476e-12 1.834351224e-12 1.854515616e-12 2.677265352e-12 2.104300708e-12 3.242365141e-12 2.849829713e-12 1.593912902e-12 3.143537794e-12 4.993950213e-13 2.070626223e-12 2.989675835e-12 1.690971338e-12 2.661668459e-12 1.357137871e-12 1.94282976e-12 2.140096005e-12 2.124999113e-12 2.053632226e-12 2.17526426e-12 2.186852727e-12 3.63977025e-12 2.637081972e-12 2.714742017e-12 2.593492822e-12 1.052286561e-12 2.319526507e-12 3.321893791e-12 1.980273431e-12 1.869015763e-12 1.754289774e-12 2.298388951e-12 2.542822974e-12 3.121981684e-12 2.330929311e-12 2.236406679e-12 1.362524624e-12 1.822349074e-12 2.871869813e-12 2.885453375e-12 2.317948927e-12 1.785300161e-12 2.335275287e-12 1.664280419e-12 2.618322814e-12 3.366594737e-12 2.643742879e-12 1.117467119e-12 1.787831668e-12 9.299580008e-13 1.740365759e-12 2.099103953e-12 2.06617681e-12 2.238336689e-12 1.262496569e-12 2.610147909e-12 3.832333022e-12 1.476189374e-12 2.327419815e-12 2.273322518e-12 1.656117967e-12 2.565368056e-12 3.22795391e-12 1.292901447e-12 1.475746288e-12 1.855088296e-12 1.237338608e-12 2.589746385e-12 1.82975354e-12 1.775643528e-12 2.148530754e-12 2.363994579e-12 2.463838336e-12 1.709863636e-12 1.617941723e-12 2.808015601e-12 1.466684841e-12 1.594229987e-12 3.433732451e-12 2.487626672e-12 1.871536055e-12 1.919103322e-12 1.693930422e-12 2.490932092e-12 3.022193741e-12 1.583127929e-12 1.45846474e-12 1.625240965e-12 2.806685386e-12 1.414854562e-12 1.634145271e-12 1.61676879e-12 2.286140476e-12 2.295391043e-12 1.564759084e-12 1.805390888e-12 2.592014422e-12 1.34083644e-12 2.293245241e-12 2.254508279e-12 2.012405326e-12 2.199996263e-12 1.725572571e-12 1.32493276e-12 2.218429438e-12 1.682158543e-12 1.992147275e-12 2.427826357e-12 2.238905401e-12 2.102464466e-12 3.135606266e-12 2.074926343e-12 2.322733464e-12 2.410355437e-12 1.729826991e-12 1.40771812e-12 1.557037749e-12 2.648837886e-12 1.840495961e-12 2.272488811e-12 1.565332636e-12 3.027223024e-12 1.112013873e-12 2.607223207e-12 2.661474308e-12 2.090477331e-12 1.908678243e-12 1.993117888e-12 1.275687461e-12 2.540968625e-12 1.681881143e-12 1.212842469e-12 2.576087933e-12 1.879927126e-12 3.003896434e-12 2.052311064e-12 2.055495732e-12 2.723735137e-12 1.864943465e-12 2.357419839e-12 1.437861753e-12 2.352290992e-12 1.399935299e-12 2.0851629e-12 1.286240434e-12 3.923554671e-12 2.102581731e-12 5.111278944e-12 1.262488125e-12 2.189133852e-12 2.223850555e-12 1.688663545e-12 2.037614584e-12 1.976733113e-12 2.146485756e-12 2.922247556e-12 1.362317961e-12 2.80657318e-12 1.984647522e-12 2.315742106e-12 1.998841305e-12 2.426447805e-12 2.171273001e-12 2.01374746e-12 1.293450933e-12 1.782898745e-12 1.722436813e-12 1.228619897e-12 2.560444127e-12 1.891079746e-12 1.349946749e-12 8.766354261e-13 6.788844051e-13 1.832657419e-12 1.125132767e-12 2.437599836e-12 1.648643094e-12 2.714313247e-12 1.393352092e-12 1.568080599e-12 1.866083358e-12 1.638714221e-12 3.01202292e-12 1.818012095e-12 1.92105603e-12 1.900853744e-12 1.121156485e-12 1.900461626e-12 2.535945215e-12 
1.809186657e-12 2.921289267e-12 1.911560735e-12 1.21229833e-12 1.758715174e-12 1.507749012e-12 1.579312498e-12 1.969312692e-12 1.439000313e-12 1.512517533e-12 1.581895935e-12 1.207552047e-12 1.90372026e-12 1.383393183e-12 2.347320937e-12 2.460952355e-12 1.647041657e-12 1.283319074e-12 2.675535145e-12 1.442061394e-12 2.663179652e-12 2.25189669e-12 2.700057613e-12 3.227990973e-12 3.239850624e-12 1.978061572e-12 1.510634665e-12 2.169869519e-12 2.598090933e-12 1.881795073e-12 1.387480705e-12 1.626419611e-12 1.472958862e-12 1.831562702e-12 1.399734146e-12 1.696289028e-12 2.650227248e-12 1.509168488e-12 1.656266838e-12 2.043468913e-12 2.287367873e-12 2.926646596e-12 3.20583525e-12 2.744236094e-12 1.552813191e-12 2.041658819e-12 9.280559679e-13 2.889119107e-12 2.583976763e-12 2.65969083e-12 2.706375395e-12 2.07285541e-12 3.131087119e-12 2.042542733e-12 1.659315311e-12 1.910737907e-12 1.915392959e-12 1.871247056e-12 2.511354531e-12 2.289717507e-12 2.691411683e-12 1.363483493e-12 2.837688756e-12 2.395918027e-12 1.889148894e-12 1.61605563e-12 1.494224476e-12 2.393041035e-12 1.463721347e-12 1.489938636e-12 3.693133648e-12 1.963242872e-12 1.911596506e-12 2.01651379e-12 2.50803194e-12 2.082827413e-12 2.18630544e-12 2.713261855e-12 2.224047333e-12 2.094998934e-12 2.259025481e-12 1.417821247e-12 1.679196352e-12 1.990255867e-12 2.206004819e-12 2.833796472e-12 2.181274496e-12 1.281997939e-12 2.891686341e-12 1.699476014e-12 2.495289722e-12 2.673835536e-12 3.428395201e-12 2.331132924e-12 2.213518936e-12 2.834999283e-12 2.390957601e-12 2.019673586e-12 2.19251836e-12 3.141042634e-12 1.855988568e-12 2.388337295e-12 2.124092948e-12 1.545047407e-12 3.346633223e-12 1.956877691e-12 2.572053997e-12 2.064076462e-12 2.550634067e-12 2.439022814e-12 1.812965439e-12 2.654175395e-12 3.189513145e-12 3.481587238e-12 2.644990413e-12 2.361951121e-12 3.129758309e-12 1.727545212e-12 2.186110606e-12 3.792206779e-12 3.482189384e-12 3.286104829e-12 2.813248874e-12 2.65990207e-12 2.674889433e-12 2.894607784e-12 2.277334092e-12 1.978719674e-12 2.918219821e-12 4.34956848e-12 2.673316334e-12 2.744052621e-12 2.334374396e-12 2.955818627e-12 2.4124214e-12 2.186149758e-12 2.220703128e-12 2.797324043e-12 2.03450132e-12 3.568977856e-12 1.98062466e-12 2.645272984e-12 2.951907934e-12 2.374847578e-12 2.461914223e-12 1.748992487e-12 2.252854688e-12 2.855838624e-12 2.565140758e-12 2.325789639e-12 3.287177331e-12 2.402505555e-12 1.838228049e-12 3.090856642e-12 3.029248269e-12 1.816199803e-12 2.243193124e-12 3.114342275e-12 2.183890497e-12 2.568682705e-12 3.026317335e-12 2.540662109e-12 1.170464698e-12 2.566812647e-12 3.450454035e-12 3.36727164e-12 2.122698542e-12 4.07067411e-12 3.186752565e-12 2.675632031e-12 2.171923662e-12 1.70509483e-12 2.142314074e-12 2.642999137e-12 1.85522974e-12 3.698150957e-12 2.128882734e-12 3.11242821e-12 3.256607567e-12 1.965494687e-12 1.690124216e-12 4.291631503e-12 2.495430933e-12 3.730204995e-12 2.519374322e-12 3.093954676e-12 3.343866236e-12 2.079436253e-12 3.573646473e-12 2.77567853e-12 2.071299263e-12 2.574502183e-12 2.418449052e-12 2.813112461e-12 2.546118604e-12 2.489183697e-12 2.927368781e-12 2.555605327e-12 1.885925445e-12 2.040145223e-12 2.448354608e-12 3.184436408e-12 2.236549995e-12 2.333527122e-12 2.274932831e-12 1.862403402e-12 3.1114997e-12 2.993868423e-12 2.302451508e-12 2.705734378e-12 2.661372646e-12 2.507932613e-12 2.421728785e-12 1.989953567e-12 2.748900321e-12 2.236250745e-12 3.597518545e-12 2.037244837e-12 1.591747439e-12 2.583873886e-12 1.518315855e-12 1.98773307e-12 1.690996811e-12 2.906548732e-12 3.810932475e-12 2.603947363e-12 2.432087019e-12 2.509153815e-12 2.223089013e-12 2.286411375e-12 1.928401784e-12 3.787439338e-12 2.178120738e-12 2.765553219e-12 2.494239306e-12 1.962205761e-12 2.6290173e-12 3.087827915e-12 3.600400271e-12 2.637920827e-12 1.939466922e-12 2.63570642e-12 2.760455031e-12 2.656647507e-12 2.59465348e-12 2.568683243e-12 2.644450655e-12 4.594111966e-12 1.536849712e-12 2.08432913e-12 1.951286795e-12 2.427959288e-12 3.117585206e-12 3.332637e-12 2.335645761e-12 2.173489947e-12 2.468448191e-12 1.952856243e-12 1.892655677e-12 2.21288804e-12 2.462032996e-12 3.199746444e-12 2.62670741e-12 3.639299337e-12 2.402943541e-12 3.26001514e-12 2.095573367e-12 2.492827516e-12 2.408591329e-12 2.613942168e-12 2.467356403e-12 2.177974776e-12 2.346055516e-12 2.755722309e-12 2.537306431e-12 4.861821246e-12 4.434028794e-12 2.385242592e-12 3.159179294e-12 2.82877767e-12 2.251268289e-12 3.015372165e-12 2.628527234e-12 3.104226499e-12 3.032309187e-12 1.613498122e-12 2.807220799e-12 3.418559243e-12 3.21134574e-12 1.81054604e-12 2.917985368e-12 2.544410702e-12 2.549305199e-12 2.73745885e-12 5.276115339e-12 3.050532143e-12 3.266114353e-12 2.872928696e-12 2.375575631e-12 2.842178512e-12 3.411474491e-12 2.356242782e-12 3.439026037e-12 3.993810111e-12 1.516780962e-12 2.75150073e-12 3.263789334e-12 1.908736831e-12 2.83092879e-12 1.796698753e-12 2.558908468e-12 1.548466423e-12 2.367477327e-12 3.953086794e-12 3.097909929e-12 2.497501183e-12 3.619061498e-12 2.135837305e-12 2.573570377e-12 2.06568535e-12 3.340320949e-12 3.330536985e-12 3.444247895e-12 2.390504316e-12 4.377968245e-12 2.338208482e-12 4.284767688e-12 2.322218882e-12 3.162040588e-12 1.44390178e-12 2.486740738e-12 2.742087638e-12 3.234225336e-12 2.704006651e-12 3.449994401e-12 2.144351451e-12 2.192273614e-12 2.459259489e-12 1.865373735e-12 2.659260163e-12 2.576989071e-12 2.220369881e-12 2.093117991e-12 2.09166147e-12 2.39461013e-12 3.236336831e-12 1.788389938e-12 3.035524928e-12 4.217202783e-12 3.821522348e-12 2.010233472e-12 3.240079314e-12 3.379388892e-12 2.543395718e-12 2.662978197e-12 2.4759545e-12 2.411675572e-12 2.127962982e-12 3.607016599e-12 2.311814781e-12 2.741686605e-12 2.629594962e-12 2.471081363e-12 2.464881129e-12 2.623555422e-12 2.156113322e-12 3.06443942e-12 2.059636056e-12 1.680386974e-12 2.410894859e-12 3.107012379e-12 1.630094532e-12 2.912536216e-12 3.272618342e-12 1.32229506e-12 2.842340242e-12 2.076890689e-12 6.525818754e-12 2.831360532e-12 2.908350635e-12 2.363242775e-12 5.076280472e-12 2.586274103e-12 2.987962658e-12 4.25502801e-12 2.043537621e-12 1.600544821e-12 2.608953475e-12 2.256935349e-12 3.137783292e-12 2.793479165e-12 1.895390115e-12 2.35884711e-12 1.157001513e-12 2.295681387e-12 2.271146121e-12 2.055889271e-12 1.832457769e-12 2.191885644e-12 1.652508471e-12 2.26797656e-12 3.133332195e-12 8.980898605e-13 3.042295123e-12 3.191503724e-12 4.168753828e-12 2.622274418e-12 2.166061035e-12 2.503291358e-12 1.999811631e-12 2.186803419e-12 2.262095717e-12 3.584320714e-12 1.894720867e-12 2.523047204e-12 1.653026568e-12 3.259309753e-12 1.986690799e-12 1.597157357e-12 2.152886703e-12 1.906196323e-12 1.894074494e-12 3.327648636e-12 2.301205818e-12 2.604333155e-12 1.798777907e-12 3.070145502e-12 2.200004386e-12 1.876042161e-12 1.822310778e-12 2.677974107e-12 1.344121592e-12 2.999602247e-12 2.476873271e-12 1.837424485e-12 1.489590004e-12 2.313803472e-12 2.73971996e-12 1.871218615e-12 1.951116756e-12 1.9678006e-12 1.885540988e-12 2.461803729e-12 2.332359496e-12 2.270641663e-12 2.21336131e-12 2.2916314e-12 2.816104953e-12 3.87870323e-12 3.667921506e-12 2.368404903e-12 2.598802733e-12 1.339499121e-12 1.838986895e-12 3.261765367e-12 2.436203823e-12 2.922782751e-12 1.93704039e-12 2.809773827e-12 1.433002943e-12 2.716728008e-12 1.750874791e-12 1.700206882e-12 2.695565934e-12 1.726679493e-12 3.581210034e-12 3.74756211e-12 2.39534207e-12 2.293343629e-12 2.65645987e-12 1.016235773e-12 2.139297774e-12 2.022522968e-12 2.220614878e-12 2.262107429e-12 1.949352094e-12 1.913317095e-12 2.267287691e-12 7.846681154e-12 1.864930418e-12 2.001837765e-12 1.95547999e-12 2.638183194e-12 4.04191594e-12 2.265456965e-12 2.49211412e-12 2.03215437e-12 1.267652642e-12 1.315629638e-12 1.855525666e-12 2.729472473e-12 1.515342837e-12 2.539738454e-12 1.398236096e-12 3.054403983e-12 2.22750599e-12 1.222648024e-12 1.458708564e-12 2.01757949e-12 1.804346277e-12 1.784881808e-12 
2.393576486e-12 1.410473153e-12 2.80864558e-12 3.02792282e-12 2.442349183e-12 2.407719997e-12 2.136168085e-12 2.55032341e-12 2.410343642e-12 2.258602653e-12 2.700854301e-12 3.056674777e-12 3.370409408e-12 2.511516895e-12 3.035430065e-12 2.42095423e-12 5.99923999e-12 2.308977425e-12 2.422026853e-12 2.136036272e-12 2.086982245e-12 3.210394259e-12 2.42863514e-12 1.538690575e-12 2.785688992e-12 3.200148643e-12 2.254913616e-12 2.385472345e-12 2.450194727e-12 2.223223761e-12 2.353790894e-12 2.708338132e-12 2.321037557e-12 3.802598613e-12 2.603208668e-12 2.367603863e-12 2.906775963e-12 2.516683864e-12 3.423573395e-12 2.444558355e-12 3.242058724e-12 3.240182776e-12 1.863344315e-12 2.198308374e-12 1.846200607e-12 2.400329047e-12 2.446556213e-12 2.920323977e-12 1.779233042e-12 2.729722558e-12 2.41347045e-12 2.390365021e-12 2.918304368e-12 7.73222613e-12 2.441734506e-12 2.142991527e-12 3.185070221e-12 2.813953647e-12 2.479307375e-12 2.175341577e-12 2.901467339e-12 2.539823744e-12 2.502576713e-12 3.123865161e-12 2.565436641e-12 4.292341653e-12 1.817237657e-12 2.770055667e-12 2.088603194e-12 2.397443154e-12 2.690037178e-12 2.328981739e-12 2.712769438e-12 2.966167734e-12 3.019351289e-12 3.210653143e-12 3.991380167e-12 1.597611622e-12 3.472074991e-12 2.567639793e-12 2.207183511e-12 2.507917052e-12 2.680772285e-12 1.701754678e-12 3.128511479e-12 2.383291493e-12 1.738878099e-12 2.617370862e-12 2.96765899e-12 2.134713044e-12 2.044855641e-12 2.884867727e-12 3.993930276e-12 2.641490008e-12 3.069023727e-12 3.345652169e-12 2.551080142e-12 2.668949851e-12 2.162576593e-12 3.092022718e-12 2.529788722e-12 3.182121579e-12 2.446645625e-12 3.929570964e-12 3.281193696e-12 2.363096973e-12 2.823642345e-12 3.034255087e-12 2.924657961e-12 2.81030433e-12 1.629916164e-12 2.88913565e-12 3.397299957e-12 2.343911115e-12 2.523502423e-12 3.784746625e-12 3.610496312e-12 2.202702551e-12 2.514295134e-12 3.567624473e-12 3.402032563e-12 3.28942236e-12 4.798667752e-12 2.143007168e-12 2.532421299e-12 2.930823307e-12 2.671433428e-12 2.708134874e-12 3.475982751e-12 2.981009337e-12 2.598760105e-12 2.459810122e-12 2.729635534e-12 3.280973949e-12 3.153510681e-12 3.063391866e-12 1.799093432e-12 2.699073838e-12 2.653050931e-12 3.548665172e-12 2.939087029e-12 3.403912333e-12 2.958872726e-12 2.546644262e-12 3.099793197e-12 2.485000003e-12 3.005918487e-12 1.947527187e-12 2.839560048e-12 3.151039448e-12 2.542038112e-12 3.367089954e-12 2.382662321e-12 3.398315029e-12 2.786614555e-12 2.788246766e-12 3.642107362e-12 3.777041363e-12 3.636574691e-12 2.193129696e-12 3.145862557e-12 3.635824559e-12 3.285369114e-12 3.408474127e-12 2.628846479e-12 2.406641372e-12 2.600770064e-12 2.100891973e-12 3.147935231e-12 3.209808176e-12 2.990234667e-12 1.833600496e-12 2.817668104e-12 3.708308e-12 3.73426694e-12 1.884275003e-12 3.244275754e-12 2.975873859e-12 2.11671299e-12 2.266459628e-12 2.861010336e-12 3.135673641e-12 2.126380227e-12 2.252505807e-12 3.806415378e-12 2.787510802e-12 2.112540338e-12 3.206643719e-12 3.879362456e-12 4.053050102e-12 1.714195436e-12 4.108390926e-12 2.883754716e-12 2.687544607e-12 3.429416374e-12 2.41515387e-12 3.383882889e-12 3.49924619e-12 2.346527255e-12 2.654248229e-12 3.054609589e-12 3.998933566e-12 3.123810872e-12 3.214013573e-12 2.467460436e-12 3.429767085e-12 3.544014436e-12 2.550615855e-12 3.431152738e-12 3.642277452e-12 2.655215627e-12 3.240468188e-12 4.10079576e-12 3.910336518e-12 3.634509386e-12 3.233395779e-12 2.255678921e-12 2.820031147e-12 3.677168157e-12 2.55761434e-12 3.70919192e-12 2.986023245e-12 4.544197355e-12 3.660146302e-12 2.703230763e-12 2.866413166e-12 3.360117378e-12 2.854120005e-12 2.953093425e-12 3.369682647e-12 3.310648612e-12 2.844630736e-12 2.973830287e-12 2.359636988e-12 3.041680665e-12 2.720538844e-12 2.966213028e-12 2.331182661e-12 3.030614191e-12 3.770067621e-12 3.014284024e-12 2.967416803e-12 2.3574461e-12 3.192438893e-12 3.308609809e-12 2.740812333e-12 3.106433189e-12 2.717908174e-12 2.914928474e-12 3.076155081e-12 3.447667683e-12 3.050600632e-12 3.352761872e-12 2.605175382e-12 2.842396666e-12 3.279401241e-12 2.676527857e-12 2.323846715e-12 2.853547749e-12 4.292749273e-12 2.785428312e-12 3.331805965e-12 2.634638553e-12 4.016430441e-12 5.176941341e-12 2.434694025e-12 2.61794943e-12 3.42559028e-12 4.307816048e-12 4.474830566e-12 2.988860026e-12 3.041846637e-12 2.443432047e-12 3.980397791e-12 2.655516364e-12 2.908606387e-12 3.030831663e-12 2.697422544e-12 2.420807771e-12 3.911925517e-12 2.814990535e-12 2.876525355e-12 4.282153967e-12 2.489816028e-12 2.798401786e-12 2.891982596e-12 2.64951806e-12 3.064046663e-12 3.515533492e-12 4.033017924e-12 2.73569172e-12 3.404204811e-12 1.806120604e-12 2.771763536e-12 2.269827064e-12 4.617440075e-12 2.874283401e-12 2.476891142e-12 2.882821506e-12 2.447337496e-12 3.665404603e-12 2.999691653e-12 3.578068032e-12 3.096606359e-12 3.294779236e-12 2.823009046e-12 3.075821538e-12 3.554650308e-12 3.703279249e-12 2.920198013e-12 2.49112195e-12 2.927752687e-12 2.184669769e-12 4.044411336e-12 4.459033432e-12 3.256497861e-12 2.694354174e-12 3.546787778e-12 4.390135475e-12 3.977056893e-12 2.332551856e-12 2.066102038e-12 2.854763783e-12 2.681837973e-12 3.763411353e-12 2.325928449e-12 2.860341165e-12 3.356068879e-12 4.308652877e-12 6.235149071e-12 2.72677164e-12 3.064509553e-12 3.139759884e-12 3.333311556e-12 3.05445951e-12 3.869516119e-12 2.917967597e-12 4.312357982e-12 2.787300994e-12 2.460470666e-12 2.057790744e-12 2.047842933e-12 3.296529538e-12 3.391322696e-12 3.113256496e-12 3.259068602e-12 2.426445986e-12 2.629087309e-12 2.776437944e-12 3.252242596e-12 2.891297829e-12 2.618095333e-12 3.07000207e-12 2.686869353e-12 3.14812594e-12 2.452073905e-12 2.580664835e-12 3.377502569e-12 2.136101758e-12 3.191841242e-12 3.506906077e-12 2.66803488e-12 3.291283893e-12 2.997010729e-12 2.838921468e-12 3.321435103e-12 3.410459656e-12 2.320262098e-12 3.008107617e-12 2.732169292e-12 2.49217395e-12 4.189191477e-12 2.960325705e-12 2.952836442e-12 2.18023851e-12 3.23205817e-12 3.561419556e-12 2.961093618e-12 2.872251762e-12 2.659228161e-12 3.721744447e-12 3.726683889e-12 3.022009884e-12 3.547777398e-12 2.180915408e-12 2.99667657e-12 3.427080787e-12 3.013042832e-12 2.913740153e-12 3.46170218e-12 2.706222097e-12 2.893573456e-12 2.360903235e-12 3.597294758e-12 3.081568011e-12 2.982376158e-12 2.764055912e-12 3.575706667e-12 3.384090398e-12 3.615178518e-12 3.237125682e-12 4.552622118e-12 3.669010703e-12 2.280506629e-12 3.191931881e-12 2.832767142e-12 2.387309355e-12 3.723947948e-12 2.026546062e-12 2.728732892e-12 3.381301954e-12 2.560672396e-12 3.004973132e-12 4.131883285e-12 3.251916592e-12 3.887500577e-12 2.927689997e-12 2.867905124e-12 2.969818928e-12 2.620784704e-12 2.403348733e-12 2.489879789e-12 2.513884706e-12 3.048468586e-12 3.42717788e-12 2.13388858e-12 3.466107032e-12 3.277779589e-12 2.615165876e-12 2.904615303e-12 3.335542377e-12 2.449196978e-12 3.286934225e-12 3.128957689e-12 2.843766939e-12 2.341383821e-12 2.47510168e-12 2.600689734e-12 3.05876753e-12 3.750975203e-12 3.616529692e-12 2.84964121e-12 2.51083579e-12 2.16738665e-12 2.627589813e-12 1.857305246e-12 2.407783723e-12 2.508074359e-12 2.476021572e-12 2.594323937e-12 2.085990463e-12 3.021565378e-12 4.510543192e-12 2.876831259e-12 3.030312205e-12 3.037860073e-12 2.937857871e-12 3.936964133e-12 2.711661459e-12 1.875350619e-12 2.916380921e-12 3.073531793e-12 3.57753928e-12 2.822196032e-12 3.383544459e-12 2.588176778e-12 2.254169513e-12 3.654059248e-12 2.743756131e-12 2.27450266e-12 3.019376981e-12 2.732521328e-12 2.67676378e-12 2.505084795e-12 2.678504585e-12 1.873011133e-12 1.917397711e-12 2.766550802e-12 2.637274876e-12 2.953920617e-12 2.038919513e-12 2.68105105e-12 2.01604564e-12 2.471850736e-12 2.469652068e-12 2.162165893e-12 2.113410687e-12 2.31070521e-12 2.303057834e-12 2.426715308e-12 2.647079895e-12 1.883202559e-12 2.29439915e-12 1.836682761e-12 1.782301037e-12 3.523995072e-12 2.451305754e-12 3.228338296e-12 2.985829711e-12 1.673888132e-12 2.737736131e-12 
2.633732545e-12 2.993948106e-12 2.540121394e-12 3.289964217e-12 3.585328569e-12 2.740374157e-12 2.483465412e-12 3.604503071e-12 2.434271833e-12 2.128815461e-12 3.862499194e-12 2.527972772e-12 2.638013766e-12 3.338468861e-12 2.918755211e-12 2.9511764e-12 3.374034494e-12 2.355053237e-12 3.031029143e-12 2.965874706e-12 2.722257829e-12 2.285671533e-12 2.258347449e-12 3.178805544e-12 2.36268682e-12 2.927879336e-12 2.555466577e-12 4.057639569e-12 2.834638802e-12 2.361815187e-12 2.604250014e-12 2.598705259e-12 2.8222106e-12 2.649928508e-12 2.575409132e-12 3.714775663e-12 2.245270251e-12 2.535211442e-12 2.893518755e-12 3.163438571e-12 2.898194941e-12 3.36618336e-12 2.560891837e-12 3.288492421e-12 2.923920336e-12 2.25720033e-12 2.447490523e-12 3.018552514e-12 2.356025952e-12 3.172958175e-12 3.865046417e-12 3.519291844e-12 2.428930835e-12 3.156701007e-12 3.012407604e-12 2.801092881e-12 2.434858791e-12 4.175704525e-12 2.383537226e-12 3.71208345e-12 3.176868582e-12 6.208994035e-12 3.163143224e-12 3.00473867e-12 3.376991394e-12 2.777031941e-12 4.493721861e-12 4.104594233e-12 3.216615155e-12 3.077394978e-12 2.725861111e-12 3.955768142e-12 6.031130516e-12 2.745525294e-12 3.098378555e-12 2.416353904e-12 2.689625595e-12 3.695527375e-12 2.994020798e-12 4.252232279e-12 4.802323841e-12 3.867348203e-12 3.779523016e-12 3.422514214e-12 3.739753899e-12 3.281543007e-12 3.667217207e-12 2.716135219e-12 3.246204904e-12 5.321471135e-12 2.68076648e-12 2.966651781e-12 3.189637981e-12 3.443284184e-12 2.799450868e-12 3.832707485e-12 3.540815504e-12 2.691926067e-12 3.555860123e-12 2.956127146e-12 2.58459983e-12 2.001876107e-12 3.587321547e-12 3.857444409e-12 3.596093304e-12 3.703787775e-12 3.024661891e-12 3.240097562e-12 3.11056684e-12 2.974310819e-12 2.400430665e-12 2.710755698e-12 4.081748093e-12 2.924713268e-12 3.084446461e-12 3.43758371e-12 2.924325848e-12 3.007727606e-12 3.257613427e-12 2.802835738e-12 3.176668996e-12 2.924455494e-12 3.368487673e-12 3.800551807e-12 3.092805776e-12 4.085096671e-12 4.731489347e-12 3.493006353e-12 4.600942963e-12 4.194330022e-12 3.235672857e-12 3.757552027e-12 4.869176832e-12 3.127629205e-12 2.670123179e-12 3.690951326e-12 2.874789937e-12 4.211286216e-12 3.054802868e-12 3.824866052e-12 3.87540386e-12 3.15995948e-12 3.460787833e-12 4.023614821e-12 3.245009162e-12 2.796402735e-12 3.24565836e-12 3.972091302e-12 3.138544573e-12 3.859543213e-12 3.438579334e-12 2.863632804e-12 6.227647451e-12 3.479023184e-12 2.995239734e-12 3.311105524e-12 3.615059881e-12 3.269939741e-12 3.113332426e-12 3.22563036e-12 3.812989182e-12 7.366355274e-12 6.90869915e-12 3.246051101e-12 3.299325741e-12 2.972895488e-12 3.474913349e-12 3.029807491e-12 4.044900635e-12 3.342496457e-12 4.185788942e-12 3.236571689e-12 3.58722091e-12 3.641421456e-12 3.629321905e-12 3.534228747e-12 4.77357947e-12 3.194107958e-12 3.232491721e-12 4.593074715e-12 3.667766921e-12 3.967834642e-12 3.886153395e-12 3.118582108e-12 3.427271736e-12 3.128591867e-12 2.754655475e-12 3.62853405e-12 3.768754541e-12 3.608312085e-12 3.487734909e-12 3.373207388e-12 3.844675657e-12 2.864485234e-12 3.82988897e-12 5.88743112e-12 4.713929791e-12 3.627735673e-12 3.73099713e-12 3.429924705e-12 3.283090704e-12 3.758755305e-12 3.901979288e-12 3.430478989e-12 3.721141586e-12 2.804069476e-12 3.154854316e-12 3.951180068e-12 3.107456679e-12 4.191545446e-12 3.823978212e-12 3.208291339e-12 4.386034748e-12 4.408847133e-12 2.589386433e-12 4.23053181e-12 4.040470196e-12 3.717426106e-12 3.483115069e-12 3.018379676e-12 3.653641648e-12 4.017555775e-12 4.554821838e-12 4.569096329e-12 2.174353708e-12 4.197813622e-12 3.449963376e-12 3.922234594e-12 3.72484773e-12 2.914819214e-12 5.05592959e-12 4.125056568e-12 3.578476249e-12 2.766650709e-12 3.140796304e-12 3.471098295e-12 3.09197114e-12 5.02240805e-12 3.593053151e-12 3.220012703e-12 4.488225417e-12 4.204681798e-12 6.338964571e-12 4.551304387e-12 3.884913017e-12 3.419908954e-12 3.216952978e-12 3.501305229e-12 3.42640643e-12 4.504834044e-12 3.588436488e-12 3.299148272e-12 3.667398004e-12 4.237202155e-12 3.346514139e-12 2.611604745e-12 3.912048884e-12 3.298854134e-12 3.492705812e-12 6.69424964e-12 4.027169728e-12 3.548124309e-12 3.648046928e-12 3.039037106e-12 4.885872969e-12 3.15662626e-12 3.481521213e-12 3.474920868e-12 3.99742162e-12 3.832091013e-12 2.492326602e-12 3.617046072e-12 3.111258995e-12 3.210270829e-12 4.282457592e-12 3.770799093e-12 3.840592098e-12 3.828287919e-12 3.783777358e-12 3.207259727e-12 3.975411065e-12 2.909381127e-12 3.169719959e-12 3.219445558e-12 3.769841522e-12 4.433167518e-12 3.47696655e-12 3.406345767e-12 3.578711748e-12 4.22819025e-12 3.596028197e-12 4.014496553e-12 3.480230499e-12 3.335955196e-12 3.959092797e-12 3.992111828e-12 3.641995934e-12 3.352715412e-12 4.131717666e-12 4.026529391e-12 3.690482989e-12 2.962672158e-12 3.068862023e-12 3.253971605e-12 3.562135847e-12 2.713697476e-12 3.794942145e-12 3.571518176e-12 6.484241061e-12 3.27831342e-12 3.869707557e-12 3.489339468e-12 3.155059144e-12 4.08925398e-12 2.769171583e-12 3.535790669e-12 3.092590643e-12 4.790951952e-12 2.878795726e-12 3.787200539e-12 3.7982407e-12 3.743139828e-12 2.885302975e-12 4.295691614e-12 3.419500245e-12 4.063271488e-12 4.754761154e-12 3.471029017e-12 4.72810292e-12 3.933432197e-12 4.518521867e-12 3.516144939e-12 3.403504069e-12 3.35456074e-12 4.399902774e-12 3.264942468e-12 3.027618209e-12 3.247064906e-12 4.148333095e-12 3.54946758e-12 3.521493728e-12 3.604584776e-12 3.57133385e-12 3.267494959e-12 3.21706297e-12 3.138538962e-12 4.116099386e-12 4.216798481e-12 4.008777633e-12 3.484467523e-12 4.000057558e-12 3.689022198e-12 3.757528418e-12 3.579157287e-12 2.345761896e-12 4.897523017e-12 3.575115227e-12 2.808338059e-12 3.414092821e-12 4.429830815e-12 2.782327384e-12 4.030751503e-12 2.787380977e-12 2.683431683e-12 3.721690293e-12 8.158124175e-12 4.042394378e-12 3.046665545e-12 3.816209732e-12 3.589006827e-12 3.114464198e-12 3.460015305e-12 3.192670781e-12 3.484174208e-12 4.206656198e-12 2.495242905e-12 3.500093801e-12 4.569505877e-12 3.751994417e-12 3.680448871e-12 3.037752023e-12 3.705781328e-12 3.162492934e-12 3.549632424e-12 3.549114624e-12 3.574958941e-12 2.97128079e-12 3.067137184e-12 2.655941208e-12 2.867832521e-12 3.264027568e-12 4.219989561e-12 4.028341188e-12 3.718142913e-12 3.645808042e-12 3.25399821e-12 3.210795384e-12 3.249998787e-12 3.417023819e-12 3.397508427e-12 4.004044107e-12 4.313572318e-12 3.271541512e-12 2.87710949e-12 4.067397132e-12 2.951269854e-12 3.685243009e-12 3.861270747e-12 4.035057105e-12 3.838658988e-12 3.648528964e-12 3.345777792e-12 2.429047544e-12 3.924071721e-12 3.787653372e-12 3.196875387e-12 3.699689371e-12 2.465425867e-12 3.341128083e-12 2.905561339e-12 3.078912208e-12 3.521751169e-12 3.045662247e-12 3.175240809e-12 3.112422127e-12 3.447154865e-12 3.324690642e-12 4.810104992e-12 2.78190408e-12 3.249083785e-12 3.057771121e-12 3.703190716e-12 2.313384263e-12 2.482975707e-12 3.054241028e-12 2.141370933e-12 4.644709368e-12 3.669797001e-12 3.209093086e-12 4.831832064e-12 3.055888852e-12 3.610529365e-12 2.998639477e-12 2.970181891e-12 3.165271441e-12 3.642279022e-12 3.230678969e-12 3.156688396e-12 3.757640452e-12 3.226149061e-12 3.72501226e-12 2.796248376e-12 3.792629077e-12 2.568149471e-12 3.743705961e-12 2.643719568e-12 2.74211497e-12 3.148805604e-12 4.055766856e-12 3.671811379e-12 4.164721562e-12 2.569509748e-12 2.741441156e-12 3.094332728e-12 2.874265218e-12 3.225550038e-12 4.158850543e-12 2.896433257e-12 3.340111875e-12 3.152260416e-12 3.073848958e-12 2.833614202e-12 4.057121392e-12 3.333018807e-12 1.78700583e-12 4.518685475e-12 3.710114144e-12 5.903347954e-12 2.672854955e-12 3.465517351e-12 3.086478892e-12 3.583696245e-12 3.134690211e-12 2.762144352e-12 3.477866972e-12 2.671744855e-12 2.915635312e-12 2.943832526e-12 3.394261132e-12 3.2332231e-12 2.30393485e-12 4.014594089e-12 2.539200102e-12 2.613719875e-12 3.569046934e-12 3.372703328e-12 2.752758081e-12 2.91378941e-12 2.894698298e-12 3.934174553e-12 2.925234086e-12 
1.633517945e-12 3.151050246e-12 2.957937587e-12 3.275306113e-12 3.152712797e-12 3.223976229e-12 3.472473302e-12 3.062706197e-12 2.668330585e-12 3.594534562e-12 2.693012221e-12 4.544410098e-12 3.779809145e-12 3.968783208e-12 4.65480942e-12 2.807215847e-12 3.921954276e-12 3.514388614e-12 3.596953315e-12 3.964192217e-12 2.421015079e-12 3.0395876e-12 3.851256725e-12 3.027857453e-12 2.347570799e-12 3.376197975e-12 3.864201594e-12 2.673010395e-12 3.427045618e-12 3.406547788e-12 2.737390521e-12 3.065361581e-12 2.769642016e-12 3.141162565e-12 3.450948553e-12 3.158288538e-12 4.153175978e-12 2.915582187e-12 4.473667235e-12 3.342238752e-12 3.268894671e-12 3.533924406e-12 3.203278323e-12 3.5738632e-12 2.851506409e-12 3.491129685e-12 3.047354389e-12 3.490424841e-12 4.616410418e-12 4.523816887e-12 3.081247111e-12 3.916463693e-12 3.406441081e-12 3.851915521e-12 3.313267967e-12 4.404469169e-12 3.057281201e-12 2.953188752e-12 4.124205105e-12 4.125637678e-12 4.059950811e-12 3.236429513e-12 4.09467434e-12 2.21508517e-12 3.383366286e-12 4.56334929e-12 4.238922829e-12 3.154440791e-12 3.819127848e-12 3.553792904e-12 3.980781964e-12 3.447068423e-12 4.361030158e-12 3.07011775e-12 4.255109663e-12 3.874147881e-12 3.713317762e-12 4.199210766e-12 2.845208238e-12 3.477702533e-12 3.779670554e-12 3.257797755e-12 3.797211716e-12 5.316150104e-12 3.459851077e-12 4.781090589e-12 3.539435156e-12 3.943046094e-12 3.439139073e-12 4.451787966e-12 3.301876984e-12 3.381292124e-12 4.40796422e-12 4.156155316e-12 4.125982966e-12 3.260146949e-12 3.259059681e-12 3.61113843e-12 4.056983021e-12 4.019157446e-12 6.792684462e-12 2.958656242e-12 3.751704705e-12 3.571188351e-12 4.962684158e-12 4.320934291e-12 3.590160524e-12 3.558025588e-12 3.705241393e-12 3.158854184e-12 3.684848743e-12 3.036797168e-12 4.67566405e-12 4.274345397e-12 3.92834557e-12 3.903953728e-12 4.425833415e-12 3.238597794e-12 3.138867237e-12 5.216185105e-12 3.637775837e-12 3.967241134e-12 3.483489475e-12 4.428957993e-12 5.086322073e-12 5.672939496e-12 2.964815612e-12 3.695838429e-12 3.75470679e-12 3.394059832e-12 3.282871473e-12 3.469033428e-12 4.014901257e-12 4.122625962e-12 4.5836319e-12 4.141722745e-12 4.074633856e-12 3.894221123e-12 3.37940996e-12 3.791253356e-12 3.649911969e-12 3.574853568e-12 4.867560345e-12 3.739233092e-12 2.904275096e-12 4.998948588e-12 3.760378587e-12 3.302996071e-12 4.220539715e-12 4.483117608e-12 4.569211596e-12 3.448690625e-12 3.718594545e-12 3.947099454e-12 4.028937842e-12 2.564761952e-12 3.717878453e-12 4.408060325e-12 4.460098813e-12 4.223420211e-12 4.272589649e-12 3.180682063e-12 4.615696828e-12 4.886416687e-12 3.434787686e-12 4.316168924e-12 5.454037871e-12 4.01480035e-12 4.818995481e-12 4.897483014e-12 4.493100725e-12 5.356568889e-12 4.067828839e-12 3.554159552e-12 4.084605562e-12 3.229857358e-12 4.709668332e-12 4.765490869e-12 3.797614694e-12 4.407322654e-12 4.654018944e-12 4.066841937e-12 4.184991919e-12 4.393907828e-12 4.137717408e-12 3.978670947e-12 4.210216538e-12 4.232118478e-12 3.763392329e-12 4.426047398e-12 5.311325598e-12 3.938901763e-12 3.752581689e-12 5.079286725e-12 4.415643464e-12 3.925361303e-12 6.582454265e-12 3.67035506e-12 3.977054288e-12 4.759130409e-12 4.923307523e-12 3.480378425e-12 4.010028755e-12 3.80347336e-12 6.003355262e-12 4.610001241e-12 3.345053669e-12 4.537335827e-12 4.667681278e-12 3.06917751e-12 5.130786894e-12 4.027365758e-12 5.25088791e-12 5.075043106e-12 3.970852099e-12 4.010667028e-12 3.277483342e-12 3.805667018e-12 4.083634364e-12 4.631559892e-12 4.473992597e-12 5.530823863e-12 4.678277924e-12 3.80667782e-12 3.232859083e-12 4.843771343e-12 4.399251369e-12 3.535385375e-12 4.23888408e-12 4.673785527e-12 3.729993892e-12 3.517028394e-12 4.732233913e-12 3.999203544e-12 3.702310348e-12 4.672150182e-12 3.329748411e-12 4.031803787e-12 4.797115512e-12 3.639957211e-12 4.574196635e-12 4.022213512e-12 3.329153692e-12 3.920144766e-12 4.586597963e-12 4.401969439e-12 4.276091671e-12 4.375075379e-12 4.482261531e-12 4.332402208e-12 3.695503119e-12 3.40798682e-12 3.704004872e-12 4.42766288e-12 3.602162009e-12 3.292020044e-12 3.430565294e-12 4.247440033e-12 4.467923549e-12 5.10812145e-12 3.774986234e-12 4.345743376e-12 4.779948237e-12 3.329472185e-12 4.075928562e-12 4.77035983e-12 5.05155825e-12 4.110259938e-12 5.105326053e-12 4.00145777e-12 5.296168943e-12 4.745083529e-12 4.393347348e-12 4.345503266e-12 3.915263878e-12 3.661084962e-12 4.461732366e-12 5.013926474e-12 3.377358984e-12 4.96443234e-12 4.242025697e-12 4.663678942e-12 4.1146746e-12 4.406640821e-12 4.012285551e-12 4.464511655e-12 3.59049099e-12 4.134663413e-12 3.682440435e-12 3.1365469e-12 4.751885751e-12 4.991441664e-12 4.71041052e-12 4.332595797e-12 3.681722775e-12 3.555074387e-12 3.923661998e-12 4.271740786e-12 3.982350683e-12 3.631241255e-12 4.391153094e-12 3.78605495e-12 4.54151929e-12 4.371070728e-12 4.696943445e-12 4.604742147e-12 4.418029536e-12 3.777246133e-12 5.067880356e-12 3.949866955e-12 3.656188924e-12 4.616276745e-12 3.393946714e-12 4.542924608e-12 3.941413434e-12 4.641610685e-12 4.37797342e-12 4.181213944e-12 4.46845611e-12 4.593092558e-12 4.197792745e-12 4.338459905e-12 4.511414012e-12 4.298266121e-12 3.33978825e-12 4.927819029e-12 3.332904086e-12 3.745514931e-12 3.466848584e-12 3.80884334e-12 3.716883206e-12 3.933034961e-12 4.589274796e-12 4.790445243e-12 3.722731396e-12 3.54659144e-12 3.970025343e-12 4.078274761e-12 4.847651213e-12 3.778876939e-12 4.376387937e-12 4.414636527e-12 4.200902289e-12 5.175403486e-12 3.79969122e-12 3.418067916e-12 3.419167774e-12 4.459766827e-12 3.889220961e-12 3.737248402e-12 4.02497089e-12 4.876190544e-12 3.609704193e-12 4.405999492e-12 3.413645451e-12 3.569477281e-12 4.212460934e-12 4.217739355e-12 3.672896926e-12 3.257170605e-12 3.818366239e-12 5.113378421e-12 4.484392833e-12 4.163423489e-12 3.702618765e-12 4.148423144e-12 3.056498801e-12 3.110515348e-12 3.545181429e-12 3.973336393e-12 3.328730148e-12 3.75721668e-12 4.184863453e-12 3.974101241e-12 2.849686125e-12 3.852259425e-12 3.838053073e-12 3.885175651e-12 4.065357202e-12 3.253097802e-12 3.357498742e-12 3.397128137e-12 3.673096962e-12 3.847417302e-12 3.695340833e-12 3.57028606e-12 3.677433415e-12 4.739733153e-12 4.547707823e-12 4.153391689e-12 4.536555738e-12 3.927998236e-12 3.870558324e-12 3.812297884e-12 3.838593317e-12 3.397577402e-12 3.761106894e-12 4.311739311e-12 4.587179551e-12 3.994724833e-12 3.149234915e-12 4.210500117e-12 4.309607676e-12 3.357086064e-12 3.810117371e-12 3.499996911e-12 4.314642304e-12 4.213045821e-12 3.130988253e-12 3.829768939e-12 3.552995923e-12 4.034432447e-12 3.936371234e-12 3.583164611e-12 3.320089167e-12 4.169543672e-12 4.146281899e-12 3.992013869e-12 4.590360297e-12 3.487321531e-12 3.395360897e-12 3.752645624e-12 4.086252054e-12 4.250985223e-12 3.909570226e-12 4.872122122e-12 4.153219455e-12 3.687971214e-12 5.90692144e-12 3.251077373e-12 3.643758342e-12 3.54410635e-12 2.932192166e-12 3.91757559e-12 4.445245651e-12 3.774734289e-12 4.198378725e-12 3.53980924e-12 3.579522288e-12 4.068809352e-12 4.099581663e-12 5.534213204e-12 3.727003467e-12 3.920131607e-12 3.962977502e-12 2.864926836e-12 3.368727487e-12 4.130872193e-12 4.576359064e-12 4.000441633e-12 3.604099385e-12 3.179428352e-12 5.560616902e-12 3.613524258e-12 4.043174966e-12 3.760784189e-12 4.041521326e-12 3.434347818e-12 3.675088998e-12 4.173296081e-12 3.957494064e-12 3.607441805e-12 3.163228714e-12 3.104272713e-12 3.562588546e-12 4.471808892e-12 3.780614337e-12 4.360462434e-12 4.274666321e-12 3.791281627e-12 3.693658609e-12 3.768390361e-12 3.918524393e-12 3.999981469e-12 3.220580752e-12 4.153013321e-12 3.541394302e-12 4.200877657e-12 4.05539883e-12 3.369260607e-12 2.987650289e-12 3.606242112e-12 3.4914305e-12 3.269784705e-12 3.708108003e-12 3.493804418e-12 3.634749268e-12 4.201671142e-12 3.335652402e-12 2.802384737e-12 4.05679373e-12 3.215956468e-12 5.013626505e-12 3.343137794e-12 3.723827051e-12 2.688917514e-12 4.112842435e-12 3.171902773e-12 2.775838856e-12 3.760450865e-12 2.965317444e-12 
4.255209942e-12 4.419095266e-12 3.775401625e-12 3.700752983e-12 4.187600753e-12 3.496393059e-12 4.218498351e-12 3.353565728e-12 3.69827984e-12 2.798734012e-12 3.551197827e-12 4.121430516e-12 3.828943635e-12 4.195708611e-12 3.891447605e-12 3.441139564e-12 4.571606079e-12 3.376919423e-12 4.036879188e-12 4.351095032e-12 4.106479335e-12 3.023405938e-12 4.041030141e-12 4.020034327e-12 4.514776805e-12 5.026306538e-12 4.218926413e-12 3.989868452e-12 3.118763701e-12 4.129159103e-12 4.41502379e-12 3.624579582e-12 4.127368094e-12 2.681473433e-12 4.405286857e-12 4.760857341e-12 4.440539689e-12 3.851652296e-12 4.692447714e-12 3.979535996e-12 4.572078595e-12 4.221164694e-12 4.489752729e-12 3.421281207e-12 3.314801797e-12 3.472162069e-12 4.94859488e-12 2.643304812e-12 3.728744798e-12 2.861164708e-12 4.003466034e-12 4.793350649e-12 4.165162854e-12 3.961200333e-12 3.765237114e-12 4.663882235e-12 3.67533426e-12 4.5066356e-12 4.0394172e-12 3.02255531e-12 4.318048261e-12 6.503070766e-12 4.463744708e-12 4.906020847e-12 4.33973828e-12 3.450834494e-12 3.816274858e-12 3.998136357e-12 5.226688559e-12 4.48435604e-12 3.769594615e-12 4.54157904e-12 5.584130773e-12 3.506182352e-12 4.661132539e-12 4.076587154e-12 4.271885216e-12 4.349259642e-12 4.051779945e-12 3.82486706e-12 6.973564924e-12 3.940626047e-12 3.494968422e-12 4.50334569e-12 5.637119441e-12 5.483371698e-12 5.007945775e-12 4.376190433e-12 3.838792324e-12 4.295113302e-12 5.082911606e-12 4.442425236e-12 4.733418128e-12 3.665737631e-12 4.191483917e-12 4.761798023e-12 4.606334366e-12 4.588238392e-12 4.52704139e-12 4.523833153e-12 4.960339433e-12 4.29941877e-12 4.720409126e-12 4.237299748e-12 4.471892109e-12 4.986526676e-12 3.993836974e-12 5.003124535e-12 6.18330863e-12 4.347716139e-12 4.411762442e-12 4.995351103e-12 4.995908511e-12 4.792089339e-12 5.247650599e-12 5.044532593e-12 5.218542434e-12 4.548904831e-12 5.079939821e-12 5.03521589e-12 3.972164085e-12 3.921891182e-12 3.568200069e-12 4.898350544e-12 4.947619874e-12 4.8378942e-12 4.994419131e-12 7.364166002e-12 4.0746791e-12 4.643508151e-12 4.500617312e-12 4.494071055e-12 3.756746529e-12 4.655146124e-12 5.023789466e-12 4.419466255e-12 3.767657018e-12 4.697086675e-12 4.421005045e-12 4.058403732e-12 4.707254639e-12 4.875092243e-12 4.920705655e-12 5.124713819e-12 4.50843355e-12 3.998366537e-12 3.811822347e-12 3.979279451e-12 3.897805278e-12 4.431125643e-12 4.308614373e-12 3.839581018e-12 6.222198908e-12 4.347134389e-12 4.059402686e-12 3.824605261e-12 4.085335895e-12 3.729049368e-12 4.543754731e-12 4.663091451e-12 4.000757961e-12 4.026458179e-12 5.731990538e-12 4.63471566e-12 3.867309744e-12 4.781545779e-12 4.722061378e-12 5.206431196e-12 4.049171622e-12 4.90275538e-12 4.286107634e-12 3.852262747e-12 4.207121382e-12 4.750641842e-12 5.181392975e-12 4.883419428e-12 5.262257753e-12 4.63715199e-12 4.64004966e-12 4.290261495e-12 4.600407879e-12 4.916647719e-12 5.157857957e-12 5.038096155e-12 4.936436148e-12 5.271714408e-12 4.953944431e-12 4.692854607e-12 4.914324019e-12 3.985324533e-12 4.281703279e-12 5.089598141e-12 5.382173804e-12 3.827935601e-12 4.145109682e-12 5.591380655e-12 5.288156773e-12 4.415917741e-12 5.363132542e-12 4.580167626e-12 4.923121066e-12 4.861223392e-12 4.722070853e-12 4.57166756e-12 5.307157376e-12 4.02445485e-12 5.557610353e-12 5.085295773e-12 4.335399223e-12 4.631615722e-12 4.729846744e-12 4.855851597e-12 4.383307769e-12 4.482635482e-12 4.493259358e-12 5.171400188e-12 4.444240974e-12 3.840112843e-12 4.838287115e-12 4.540955071e-12 4.873471457e-12 4.78445219e-12 4.561637785e-12 4.383105096e-12 4.730893796e-12 4.217900569e-12 4.69112946e-12 3.66350636e-12 4.133901471e-12 5.136395864e-12 4.645958238e-12 4.073995534e-12 4.861601055e-12 5.638734421e-12 4.289875447e-12 4.997970592e-12 4.398244834e-12 5.976432942e-12 4.763882467e-12 6.285816314e-12 5.519977539e-12 4.440734187e-12 5.22004068e-12 4.473588585e-12 4.601815248e-12 3.990246342e-12 4.983619194e-12 7.563659758e-12 4.348624142e-12 4.938600572e-12 4.606993448e-12 5.827349914e-12 4.419553012e-12 5.841570324e-12 4.329248133e-12 4.285709538e-12 4.648950944e-12 4.572291082e-12 3.926949116e-12 4.725297172e-12 4.371598541e-12 4.821424567e-12 3.839048572e-12 4.972500187e-12 5.974896794e-12 6.220094631e-12 4.321518921e-12 4.413258994e-12 4.860323966e-12 4.622805699e-12 4.536417712e-12 3.850419794e-12 4.188337536e-12 4.889868409e-12 4.854508343e-12 7.720959787e-12 4.764155478e-12 4.820630494e-12 5.814054928e-12 3.909365214e-12 5.09878355e-12 3.927635778e-12 4.799239937e-12 4.575155889e-12 5.141573082e-12 6.082625081e-12 5.587096623e-12 4.910022567e-12 4.232865901e-12 4.197680644e-12 5.646143383e-12 4.776264401e-12 4.397391762e-12 6.477222864e-12 4.820994673e-12 5.478836004e-12 4.725209313e-12 6.952544788e-12 4.084024825e-12 5.241893259e-12 4.820636406e-12 4.879261046e-12 4.818950832e-12 4.388529604e-12 5.216669408e-12 5.303797092e-12 5.11812158e-12 4.220364331e-12 4.739966792e-12 5.296182282e-12 4.350930381e-12 4.016400129e-12 4.031590295e-12 4.236453408e-12 3.931954916e-12 4.845543234e-12 4.689029985e-12 7.343356002e-12 4.525471015e-12 5.342910717e-12 4.615685684e-12 4.367126252e-12 4.448140236e-12 4.744227789e-12 4.770761664e-12 4.188524397e-12 4.735637856e-12 4.440151629e-12 3.739035435e-12 4.7598956e-12 4.345783545e-12 5.070307172e-12 3.833022719e-12 4.594176078e-12 4.318227846e-12 4.794686446e-12 4.714836613e-12 4.438296133e-12 4.653413807e-12 4.266882522e-12 4.577764528e-12 4.336437916e-12 3.528638838e-12 5.020764434e-12 4.865527014e-12 5.311702772e-12 4.653680398e-12 4.869715964e-12 4.747974406e-12 4.337434879e-12 4.660771984e-12 3.948515311e-12 4.948547609e-12 5.025045071e-12 4.739264022e-12 4.499009346e-12 4.200861416e-12 3.382820203e-12 3.856541584e-12 4.933040525e-12 4.519184587e-12 4.893916262e-12 4.2801323e-12 3.919376651e-12 4.662205897e-12 5.127451144e-12 5.804834804e-12 5.78816796e-12 5.243393472e-12 4.66974447e-12 4.397444002e-12 4.306493659e-12 4.001739307e-12 5.019255665e-12 5.244432369e-12 4.498056327e-12 5.276687216e-12 4.329012194e-12 4.042417064e-12 4.562758557e-12 4.785938801e-12 4.275536156e-12 5.054127605e-12 4.029980555e-12 4.35439357e-12 4.684775687e-12 4.110101133e-12 4.94581386e-12 4.009664456e-12 4.513840647e-12 5.518201779e-12 4.573550333e-12 3.851360591e-12 4.508601051e-12 4.697976305e-12 4.756858538e-12 4.402170404e-12 4.712637637e-12 4.843680538e-12 4.230446446e-12 4.382596232e-12 3.974311171e-12 4.30068813e-12 4.603052638e-12 4.874379646e-12 4.538484311e-12 4.714667482e-12 3.997212058e-12 3.871066372e-12 4.213206603e-12 3.425549456e-12 4.629773423e-12 4.795593771e-12 4.629354244e-12 3.85771071e-12 4.027306193e-12 4.211087689e-12 4.205856825e-12 4.544110079e-12 4.340389773e-12 4.462089996e-12 3.804863721e-12 4.134041358e-12 4.583894684e-12 4.991903958e-12 4.023281661e-12 3.781486042e-12 4.11784578e-12 4.24339859e-12 4.078270141e-12 3.988272486e-12 4.373852986e-12 3.733544542e-12 4.191064408e-12 5.400476613e-12 4.496427764e-12 3.641952645e-12 7.659118904e-12 5.00848769e-12 4.586027635e-12 4.316226911e-12 3.417183779e-12 4.100531639e-12 3.705590427e-12 5.127828499e-12 5.151336276e-12 5.053791364e-12 3.894178127e-12 7.240853798e-12 4.612522279e-12 5.019458558e-12 3.789595523e-12 4.19720032e-12 3.972634266e-12 4.992708152e-12 4.294500859e-12 3.84013938e-12 3.383878624e-12 3.968025649e-12 3.706542111e-12 3.885280526e-12 4.555022916e-12 3.596620715e-12 3.546030076e-12 3.621933713e-12 4.138478787e-12 3.976343648e-12 4.343052329e-12 4.097615168e-12 4.148078275e-12 3.599961423e-12 4.620934152e-12 4.583739465e-12 3.57183894e-12 3.664705038e-12 4.021958231e-12 3.840223808e-12 3.552020455e-12 3.809393169e-12 4.39938712e-12 3.905750452e-12 4.328796005e-12 3.827635341e-12 5.124715008e-12 4.270868692e-12 3.943280141e-12 3.141540421e-12 4.058630598e-12 3.790444241e-12 2.848806685e-12 4.285255309e-12 4.085220805e-12 4.110265452e-12 4.978189905e-12 3.984208814e-12 4.3960824e-12 5.269018925e-12 3.407485345e-12 3.170692202e-12 3.642231969e-12 3.311143128e-12 
3.990639413e-12 3.174502263e-12 5.442866132e-12 4.288075665e-12 4.465042374e-12 4.615452184e-12 3.990285441e-12 4.635289591e-12 4.59482686e-12 5.200972829e-12 4.101254645e-12 4.01729938e-12 3.878392308e-12 5.049531446e-12 4.70387439e-12 3.959610396e-12 4.522657412e-12 5.441223902e-12 4.666838402e-12 4.702877745e-12 4.49571865e-12 4.703167903e-12 4.17986825e-12 4.579023541e-12 4.447639122e-12 3.992233918e-12 4.14208736e-12 5.259720756e-12 3.970003119e-12 4.236198711e-12 4.490327372e-12 4.366162424e-12 3.579415023e-12 3.583869758e-12 4.723831222e-12 7.735885814e-12 4.869172687e-12 4.177891208e-12 4.714623134e-12 4.530026046e-12 5.385745932e-12 4.955366063e-12 4.327529455e-12 3.607547679e-12 4.219794936e-12 5.678557894e-12 4.00165261e-12 4.744266704e-12 5.001941993e-12 4.349615556e-12 4.873550629e-12 4.278228908e-12 5.405854706e-12 5.21647673e-12 4.573564977e-12 4.290924962e-12 5.796207705e-12 5.298273413e-12 4.33426321e-12 4.875231692e-12 4.546480197e-12 4.52308948e-12 4.981634146e-12 4.944745701e-12 6.060061522e-12 4.341436373e-12 5.245056246e-12 4.697737446e-12 5.090424922e-12 5.415816463e-12 4.867474994e-12 5.385801687e-12 4.880333506e-12 5.150986755e-12 4.982169045e-12 4.457962594e-12 5.164536863e-12 4.041973054e-12 4.309538591e-12 5.510220264e-12 4.389292568e-12 4.414556293e-12 4.309285335e-12 4.394183468e-12 4.744557718e-12 5.587626565e-12 5.282112618e-12 5.158350522e-12 5.302060337e-12 4.905982255e-12 5.013609657e-12 5.176167538e-12 5.325441216e-12 4.958756428e-12 3.771304835e-12 4.858205741e-12 5.347913618e-12 5.502613164e-12 4.888106518e-12 5.17639791e-12 4.269986337e-12 4.845515824e-12 5.083324151e-12 5.041265368e-12 5.770937506e-12 4.727135237e-12 5.260647509e-12 5.005115928e-12 4.664408398e-12 5.398559768e-12 4.877968725e-12 5.444099707e-12 4.969508848e-12 6.790274152e-12 5.315930804e-12 4.978921407e-12 5.825174101e-12 4.631112441e-12 5.58447135e-12 5.087575773e-12 5.696355033e-12 5.708368165e-12 5.062796948e-12 5.168422186e-12 4.973712437e-12 5.672430236e-12 6.161813004e-12 5.703638336e-12 5.10759039e-12 4.883243987e-12 4.987227169e-12 5.62730826e-12 5.049745308e-12 4.902026857e-12 5.158062523e-12 5.434139633e-12 6.183253612e-12 5.30914073e-12 4.088070131e-12 4.742890956e-12 5.760102049e-12 5.734222118e-12 5.171374117e-12 4.5652008e-12 6.124700563e-12 4.486482427e-12 4.721431035e-12 5.329090979e-12 4.981915132e-12 4.582781595e-12 5.834404139e-12 5.988609503e-12 4.279320318e-12 4.958423375e-12 7.119463835e-12 6.007988345e-12 4.194020741e-12 5.09829983e-12 5.890880657e-12 6.247641643e-12 4.693459087e-12 5.670237602e-12 5.049570041e-12 4.801846524e-12 5.083267822e-12 6.071950183e-12 6.236744019e-12 4.901193718e-12 5.654781015e-12 6.194168652e-12 5.325362936e-12 6.515800704e-12 5.133752649e-12 4.58803642e-12 5.385789378e-12 4.555285613e-12 5.305220507e-12 5.496062319e-12 6.580369363e-12 5.671569596e-12 4.893621005e-12 5.978342285e-12 6.103585332e-12 5.572445894e-12 5.106867595e-12 4.836663172e-12 5.610856818e-12 5.036057942e-12 5.15432763e-12 5.175024106e-12 4.677578855e-12 5.259909083e-12 5.477047106e-12 6.169890271e-12 5.313383527e-12 4.916804296e-12 5.426916917e-12 6.048319411e-12 4.89149548e-12 5.614120727e-12 5.327647332e-12 6.176019182e-12 5.282937665e-12 6.242467919e-12 5.172099037e-12 4.87424831e-12 5.541503427e-12 5.381357859e-12 5.018483203e-12 5.960925037e-12 5.638120046e-12 6.540816904e-12 4.879450175e-12 5.284227189e-12 5.564818275e-12 6.30422723e-12 5.429890443e-12 5.078157621e-12 5.730820244e-12 5.256589107e-12 5.633732423e-12 5.496495885e-12 5.350235852e-12 5.273767182e-12 5.778270112e-12 5.716638642e-12 5.28006401e-12 5.433277946e-12 6.256620386e-12 5.644972974e-12 5.224896796e-12 5.707636393e-12 6.256326428e-12 5.718203614e-12 4.743172014e-12 6.16404985e-12 5.086437475e-12 4.920687161e-12 6.407245445e-12 5.825886123e-12 5.512473678e-12 4.623139329e-12 5.846535544e-12 5.047744776e-12 6.109755016e-12 6.250473396e-12 6.727786475e-12 5.494890254e-12 5.269347738e-12 5.140980448e-12 5.192418441e-12 5.280553589e-12 6.584191961e-12 5.417368578e-12 5.09281498e-12 5.785116111e-12 5.163841992e-12 5.720554632e-12 5.590478292e-12 5.961446309e-12 5.213999967e-12 6.296073741e-12 5.808398111e-12 6.647709061e-12 5.261828998e-12 5.100111752e-12 5.580744598e-12 5.309328114e-12 4.990994885e-12 6.20526413e-12 5.978337004e-12 5.82952871e-12 5.263878638e-12 5.903085782e-12 4.856642319e-12 5.06394665e-12 5.799345795e-12 5.560757649e-12 6.250790743e-12 5.678231924e-12 6.361544818e-12 5.758817401e-12 7.816614068e-12 5.644057439e-12 4.955296206e-12 5.681996913e-12 6.008832737e-12 6.175853771e-12 5.926560759e-12 7.144660724e-12 5.820461947e-12 6.045182988e-12 6.079896223e-12 5.45882274e-12 5.792195993e-12 4.973361822e-12 5.162230547e-12 5.84346784e-12 5.86304051e-12 5.329548749e-12 6.325312453e-12 5.769558716e-12 4.897357493e-12 6.057963193e-12 5.738227659e-12 5.677013167e-12 5.511154317e-12 4.942028888e-12 6.730018357e-12 6.08335343e-12 4.68209163e-12 7.114367819e-12 6.11614982e-12 4.775085632e-12 5.67868278e-12 6.429534589e-12 6.29225157e-12 5.103493395e-12 4.723913289e-12 5.779130984e-12 5.13451118e-12 5.664712612e-12 5.31934479e-12 3.935956444e-12 5.735768347e-12 5.901580823e-12 5.107032975e-12 5.703706505e-12 6.002967032e-12 5.210859619e-12 5.594314863e-12 5.186578178e-12 5.810489905e-12 3.953666041e-12 6.280858033e-12 5.802326096e-12 8.325819846e-12 5.01187364e-12 5.431499325e-12 5.130464866e-12 5.547853304e-12 5.295683989e-12 5.155045907e-12 5.561635971e-12 5.620304429e-12 4.851224413e-12 6.122600289e-12 4.801407826e-12 5.645810709e-12 5.060062445e-12 4.196930935e-12 5.968466493e-12 4.789534154e-12 5.573639986e-12 5.364123782e-12 5.259014766e-12 5.886238825e-12 5.789564533e-12 4.277574628e-12 5.366498157e-12 5.341059334e-12 5.563220836e-12 5.577745138e-12 4.758490932e-12 4.92326408e-12 4.978628063e-12 4.865458911e-12 5.417893636e-12 5.04490625e-12 5.104681975e-12 5.612097787e-12 6.702804771e-12 6.088538757e-12 4.906901625e-12 4.370060525e-12 6.235708524e-12 5.773695078e-12 5.270892034e-12 4.764549772e-12 3.747760324e-12 5.553444907e-12 4.801506771e-12 6.616361047e-12 5.391933358e-12 5.314469223e-12 4.813303874e-12 6.104145991e-12 5.485891634e-12 4.3567887e-12 5.317503542e-12 4.683582486e-12 5.361532616e-12 4.821674445e-12 6.435192681e-12 5.281301701e-12 5.360404209e-12 5.449434945e-12 5.775539574e-12 4.680565313e-12 5.090289573e-12 5.741389866e-12 5.042624709e-12 4.740720609e-12 6.373765278e-12 4.721656224e-12 4.601636842e-12 5.038853823e-12 5.438381497e-12 5.726358054e-12 5.089132957e-12 6.329740995e-12 5.115951519e-12 5.564775752e-12 4.722209196e-12 4.315367253e-12 6.23997003e-12 5.463366389e-12 4.648812777e-12 5.016244657e-12 4.838544798e-12 4.983391641e-12 5.029019209e-12 4.659328611e-12 5.861465942e-12 3.995730528e-12 4.852175414e-12 4.999097012e-12 4.939412929e-12 5.798725735e-12 4.589739485e-12 5.214386401e-12 5.882478602e-12 4.823216135e-12 4.188868158e-12 4.515110367e-12 4.272120801e-12 5.046859915e-12 5.450854439e-12 4.274939606e-12 3.64947209e-12 4.224286512e-12 4.526091112e-12 4.63287193e-12 5.960777541e-12 4.239281548e-12 3.780994844e-12 5.537066025e-12 5.009488543e-12 5.126944917e-12 4.487715123e-12 4.742418869e-12 5.444080075e-12 4.873514148e-12 5.393661517e-12 5.066941354e-12 4.23789649e-12 5.536997372e-12 5.209038357e-12 4.924794543e-12 5.381244904e-12 4.988256213e-12 4.862468125e-12 4.749369212e-12 5.168087266e-12 4.517200282e-12 4.04443316e-12 4.844962523e-12 5.274401524e-12 4.565988583e-12 5.257081243e-12 5.133284517e-12 5.203048831e-12 4.621230483e-12 4.690089332e-12 4.817315691e-12 4.537687631e-12 4.13148742e-12 4.279189234e-12 4.580202549e-12 4.052482199e-12 4.634746813e-12 4.078596888e-12 3.317226247e-12 3.878445604e-12 4.955180332e-12 4.216318337e-12 3.978918799e-12 4.833274538e-12 3.748697741e-12 3.639871343e-12 4.535886545e-12 3.833902935e-12 4.579557479e-12 5.373656653e-12 4.551630274e-12 3.462395371e-12 4.390397515e-12 4.590348091e-12 4.181441703e-12 6.135382917e-12 3.510820049e-12 
4.620449126e-12 5.312801253e-12 4.396378027e-12 4.421981645e-12 5.372338067e-12 4.254354127e-12 5.129530722e-12 4.633135617e-12 6.582474549e-12 4.507726031e-12 5.224615644e-12 4.539077129e-12 4.282627794e-12 5.073954299e-12 5.386559324e-12 4.740893011e-12 7.537367891e-12 4.392020372e-12 4.942537817e-12 4.929524889e-12 5.165075559e-12 4.709667142e-12 5.304114723e-12 5.601129596e-12 5.641663633e-12 6.036747731e-12 5.256191284e-12 4.99728952e-12 4.672725274e-12 4.762682844e-12 5.521178249e-12 4.733379067e-12 5.636115982e-12 5.490504732e-12 4.811447851e-12 5.845032801e-12 5.232446159e-12 6.226439796e-12 4.961857129e-12 6.911330478e-12 5.420120529e-12 4.950446123e-12 5.811990402e-12 5.844110101e-12 5.145473246e-12 4.87919646e-12 6.682809302e-12 5.18881465e-12 5.755145172e-12 4.908614161e-12 6.074217088e-12 6.126545036e-12 5.120007499e-12 6.48916102e-12 5.261505837e-12 6.208808706e-12 5.902501439e-12 5.725209854e-12 6.610970271e-12 4.712011127e-12 5.3737744e-12 5.491479512e-12 5.244054772e-12 5.222812627e-12 5.013223651e-12 5.495099146e-12 5.612533961e-12 5.02921371e-12 5.498313606e-12 5.510116866e-12 6.028983188e-12 6.559875408e-12 5.245415548e-12 6.401422536e-12 6.212579873e-12 5.672001203e-12 6.339666464e-12 5.848715535e-12 5.120470919e-12 6.547272616e-12 6.057871043e-12 5.883533977e-12 5.402705636e-12 5.77763293e-12 5.214925772e-12 5.682063453e-12 6.062938014e-12 5.446986343e-12 4.960837557e-12 5.4764882e-12 6.391074787e-12 6.357383862e-12 6.13924153e-12 5.509661351e-12 6.542673476e-12 5.918716332e-12 5.388198575e-12 5.278879647e-12 5.318237289e-12 5.649974232e-12 5.667876432e-12 5.445888229e-12 6.460494219e-12 6.272495802e-12 5.586568077e-12 5.919456477e-12 5.971904009e-12 4.994601535e-12 6.616989596e-12 5.361971259e-12 5.588577721e-12 6.526354786e-12 5.029033328e-12 5.563289274e-12 8.282797191e-12 5.681378382e-12 6.581861127e-12 5.434761936e-12 5.70797358e-12 6.026737341e-12 5.681282953e-12 6.085928644e-12 6.689518578e-12 5.848984963e-12 6.422156348e-12 5.204045323e-12 5.911243669e-12 5.575669087e-12 5.340879866e-12 4.84041501e-12 6.42079981e-12 5.721989059e-12 5.910703224e-12 6.108290526e-12 6.559789997e-12 6.471130335e-12 6.015012205e-12 5.671868036e-12 5.590995036e-12 6.077770328e-12 8.2950946e-12 5.796171818e-12 6.454946811e-12 5.459473352e-12 5.621555278e-12 6.667359181e-12 5.924378428e-12 5.123503876e-12 6.78299009e-12 6.051460863e-12 6.253232011e-12 6.370621763e-12 6.562840987e-12 5.88175855e-12 6.511805043e-12 6.523556629e-12 6.76265671e-12 6.041359607e-12 6.228535167e-12 6.431259332e-12 6.362157752e-12 6.922821972e-12 6.424439879e-12 6.299928651e-12 5.661518417e-12 6.209198556e-12 5.47375592e-12 8.875923772e-12 6.662222012e-12 6.303114894e-12 7.143526508e-12 6.180883011e-12 9.138337242e-12 5.950122825e-12 5.753247448e-12 6.089512787e-12 6.42503925e-12 6.623290392e-12 6.016571517e-12 7.876150827e-12 5.967791361e-12 7.089072933e-12 6.688059584e-12 6.45006331e-12 6.344417039e-12 6.308619177e-12 6.043503169e-12 6.124002783e-12 7.936808222e-12 6.839645522e-12 5.475219945e-12 5.893556574e-12 7.187009921e-12 6.865011391e-12 6.010057735e-12 5.61910887e-12 5.722072329e-12 5.817187149e-12 6.052167448e-12 7.541079708e-12 6.183106916e-12 7.163707226e-12 7.773314015e-12 6.371779589e-12 6.985469177e-12 5.566780545e-12 6.011617433e-12 6.84296023e-12 6.305340607e-12 6.035141467e-12 6.657155994e-12 8.35332712e-12 7.015605016e-12 6.28766444e-12 6.577276766e-12 7.239037919e-12 7.277379846e-12 6.546242899e-12 5.879730144e-12 6.67387464e-12 6.304161347e-12 6.679724012e-12 6.54469645e-12 6.414584914e-12 6.338949894e-12 6.817512127e-12 6.845497212e-12 7.300176809e-12 6.501826187e-12 5.929045477e-12 6.452442135e-12 5.737283842e-12 6.12573195e-12 6.362786625e-12 6.677613986e-12 6.1535071e-12 7.322467046e-12 6.009263596e-12 7.060605764e-12 6.115352744e-12 6.600978479e-12 6.463129213e-12 5.997492373e-12 7.1052392e-12 6.506143303e-12 6.724848119e-12 6.686877682e-12 6.689976557e-12 6.74614432e-12 5.333555714e-12 7.155107413e-12 6.288419029e-12 6.468584297e-12 6.794510772e-12 5.987282587e-12 6.695345866e-12 5.962760676e-12 6.75867037e-12 6.166306742e-12 6.038970038e-12 5.07118513e-12 7.181288646e-12 6.281939389e-12 6.746117876e-12 7.256711441e-12 7.115383193e-12 6.639525866e-12 6.22968548e-12 6.221579575e-12 6.380476661e-12 6.278559795e-12 6.2736827e-12 7.651514378e-12 6.939327713e-12 6.245994803e-12 6.304843707e-12 6.711990299e-12 6.506340169e-12 6.663043932e-12 6.250731711e-12 7.114297996e-12 6.508941913e-12 6.326429008e-12 6.292289502e-12 8.476555063e-12 7.263109869e-12 6.52158283e-12 9.657224872e-12 6.422369694e-12 5.983432259e-12 6.13673375e-12 6.461591853e-12 6.052253877e-12 7.02610974e-12 5.808384012e-12 6.703149577e-12 6.79121206e-12 6.409829835e-12 5.535252382e-12 6.38846657e-12 6.177774621e-12 6.862245928e-12 6.550921284e-12 7.647698055e-12 6.269606846e-12 6.469793948e-12 6.951373221e-12 6.256634248e-12 5.578974315e-12 6.945079448e-12 6.404398507e-12 5.454145944e-12 6.620421978e-12 7.519706759e-12 6.62995296e-12 6.376590311e-12 7.143498941e-12 6.719883977e-12 6.550993864e-12 5.356656741e-12 5.526652823e-12 5.947050891e-12 6.552938285e-12 5.963608658e-12 8.542560555e-12 6.032261641e-12 6.723927571e-12 6.740608088e-12 7.266162714e-12 6.603602833e-12 5.445415617e-12 7.033577794e-12 5.473358399e-12 6.923696546e-12 6.380423773e-12 5.885540957e-12 7.244054796e-12 6.662566084e-12 6.399645808e-12 6.642435003e-12 6.133569869e-12 6.434171223e-12 5.561945229e-12 6.332880001e-12 8.216644582e-12 6.206757646e-12 6.175333733e-12 7.738930554e-12 7.08815409e-12 5.182156974e-12 5.462885103e-12 6.052614355e-12 5.813807646e-12 5.91953604e-12 5.169319909e-12 6.281657122e-12 6.751402453e-12 6.146623704e-12 6.320186529e-12 5.932509723e-12 6.001378384e-12 5.308811625e-12 5.646420181e-12 7.33852938e-12 6.034431883e-12 5.654362874e-12 7.003703322e-12 6.433340905e-12 1.645503237e-11 6.558608649e-12 6.877061924e-12 5.958639579e-12 5.843002079e-12 5.158656539e-12 5.92787933e-12 5.437840535e-12 5.61326989e-12 5.847976929e-12 5.198208162e-12 6.021916479e-12 6.63090014e-12 5.933319155e-12 6.477427222e-12 8.500630125e-12 5.342148901e-12 5.843196015e-12 6.179357295e-12 9.356968487e-12 4.653585135e-12 5.725784054e-12 5.509423572e-12 6.292455074e-12 6.754914242e-12 5.632027301e-12 6.333887849e-12 5.921216512e-12 6.07616981e-12 5.84562506e-12 5.696773952e-12 6.345989156e-12 6.895905523e-12 6.649578423e-12 5.55617114e-12 5.496944993e-12 6.8534414e-12 6.991858141e-12 5.005329563e-12 6.256290806e-12 5.930265251e-12 6.742690987e-12 5.592871917e-12 4.534308906e-12 5.97666692e-12 5.937852328e-12 6.260031124e-12 5.757956077e-12 5.743154603e-12 6.190895616e-12 5.668626245e-12 6.150446472e-12 5.905671985e-12 6.464325045e-12 5.591651706e-12 5.4467508e-12 5.296017442e-12 6.072671989e-12 5.235853002e-12 5.606457138e-12 5.621349383e-12 5.426876753e-12 5.789952992e-12 4.94836759e-12 5.567022642e-12 6.226156923e-12 4.764513246e-12 6.206544111e-12 5.717216012e-12 6.065792305e-12 6.013984453e-12 5.749739026e-12 6.356732572e-12 5.044596275e-12 6.564306042e-12 4.720786868e-12 5.146579265e-12 5.14576467e-12 5.232758319e-12 5.075242542e-12 7.166488684e-12 6.391253795e-12 5.33675545e-12 5.011051835e-12 4.874652005e-12 6.036809003e-12 7.314246714e-12 5.078075571e-12 5.700366172e-12 1.128939868e-10 5.234687239e-12 5.022818925e-12 4.989180453e-12 4.609123898e-12 6.143302585e-12 4.818136569e-12 5.676815602e-12 5.586447471e-12 6.058150454e-12 6.053156848e-12 5.55862654e-12 4.19251044e-12 4.456474461e-12 4.826260382e-12 5.806253861e-12 5.538162368e-12 4.585602136e-12 6.399701927e-12 5.268203138e-12 4.719414301e-12 4.816865635e-12 4.839007816e-12 4.634569982e-12 5.777795025e-12 5.29359738e-12 5.256137293e-12 5.073960441e-12 5.304707551e-12 5.854383131e-12 5.204865464e-12 4.71997131e-12 5.946419282e-12 5.965052416e-12 5.743275594e-12 5.003120877e-12 4.831212184e-12 5.690756805e-12 6.125933002e-12 5.141974382e-12 5.149161426e-12 5.58097942e-12 3.985425347e-12 4.994275431e-12 
3.673543556e-11 4.035520095e-11 3.999558151e-11 4.079576399e-11 3.851009432e-11 3.979877282e-11 3.907383209e-11 3.933039654e-11 3.84241397e-11 4.08963749e-11 3.973457558e-11 3.86232764e-11 3.926759796e-11 4.008974615e-11 3.901020506e-11 3.691034055e-11 3.943262085e-11 3.97609157e-11 4.026301854e-11 4.133113504e-11 4.116598224e-11 4.053539757e-11 4.029293402e-11 4.099494891e-11 3.788225085e-11 4.216316186e-11 3.974420367e-11 4.130764386e-11 4.170479791e-11 4.093847292e-11 4.000320621e-11 4.018028956e-11 4.179143745e-11 4.231823696e-11 3.987470918e-11 4.09774281e-11 4.349482217e-11 4.225211303e-11 4.361619712e-11 4.27464299e-11 4.248403328e-11 4.070586468e-11 4.098701517e-11 4.182860389e-11 4.304612729e-11 4.007220267e-11 4.047271547e-11 4.410262508e-11 4.215395434e-11 4.243508256e-11 4.209785064e-11 4.398071132e-11 4.115166725e-11 4.108513503e-11 4.281792663e-11 4.2947443e-11 4.262955e-11 4.358865892e-11 4.438232757e-11 4.146299165e-11 4.123523251e-11 4.288512887e-11 4.764078653e-11 4.518700157e-11 4.375528082e-11 4.193061097e-11 4.830164703e-11 4.4716848e-11 4.183185211e-11 4.208141594e-11 4.069439801e-11 4.156443841e-11 4.442168163e-11 4.344177487e-11 4.610047048e-11 4.433559132e-11 4.364862579e-11 4.329428969e-11 4.408106986e-11 4.450757174e-11 4.344116693e-11 4.550828329e-11 4.437171378e-11 4.521694064e-11 4.580030473e-11 4.554919371e-11 4.447966803e-11 4.543314172e-11 4.367500172e-11 4.48321999e-11 4.557183112e-11 4.495077568e-11 4.735231672e-11 4.501496613e-11 4.546357191e-11 4.480813749e-11 4.582756698e-11 4.370694177e-11 4.418644655e-11 4.521844346e-11 4.68485897e-11 4.341818939e-11 4.562524148e-11 4.595032609e-11 4.64063883e-11 4.552541095e-11 4.353821863e-11 4.559195652e-11 4.430734978e-11 4.689986045e-11 4.549491358e-11 4.757151753e-11 4.552211293e-11 4.787586731e-11 4.765489264e-11 4.574319374e-11 4.601277828e-11 4.505447796e-11 4.625983944e-11 4.378581691e-11 4.663858237e-11 4.686237829e-11 4.614577677e-11 4.78982803e-11 4.473728931e-11 4.679050729e-11 4.749341372e-11 4.778309455e-11 4.669479084e-11 4.349288626e-11 4.87715743e-11 4.822929513e-11 4.817652573e-11 4.96933798e-11 4.690704305e-11 4.458844986e-11 4.684288332e-11 4.730743874e-11 4.587863861e-11 4.799069671e-11 4.7869043e-11 4.634028843e-11 4.779552492e-11 4.939009934e-11 4.683453695e-11 5.175273597e-11 4.737500668e-11 4.650306855e-11 4.867550239e-11 4.851241683e-11 4.738823821e-11 4.830880795e-11 4.535250017e-11 4.548505449e-11 4.833316753e-11 4.927808303e-11 5.094895776e-11 4.530978098e-11 4.794460266e-11 4.860727935e-11 4.836703298e-11 4.77372147e-11 5.014675573e-11 4.895879844e-11 4.780853609e-11 4.727019141e-11 4.631040021e-11 4.656150729e-11 4.902187526e-11 4.828302115e-11 4.586555294e-11 4.633902045e-11 4.931808019e-11 4.790802743e-11 4.891755279e-11 4.792499793e-11 4.720661837e-11 5.070242752e-11 4.750571355e-11 4.649496312e-11 4.774831604e-11 4.835983158e-11 5.141366398e-11 4.798382674e-11 4.679394994e-11 4.776690573e-11 4.934297571e-11 4.846931872e-11 4.681344309e-11 5.133136626e-11 4.924688127e-11 4.97635633e-11 4.815989877e-11 4.978177507e-11 4.823881396e-11 4.762173226e-11 4.868338001e-11 4.901665191e-11 4.601968591e-11 4.81142736e-11 5.094340453e-11 4.790462813e-11 4.877260767e-11 5.087752936e-11 4.836926913e-11 4.764499569e-11 5.011152073e-11 4.873699789e-11 4.86016282e-11 4.91515619e-11 4.857428276e-11 4.903733632e-11 4.897981844e-11 5.010557401e-11 4.726416273e-11 4.820204986e-11 4.998758606e-11 5.024158351e-11 4.946121965e-11 4.865631232e-11 4.827353413e-11 4.793985922e-11 4.745726247e-11 4.877103356e-11 5.025063633e-11 4.984741607e-11 4.990353255e-11 4.957818493e-11 4.745812912e-11 5.081660235e-11 4.818258125e-11 5.011489315e-11 4.80541194e-11 5.177617053e-11 4.682084858e-11 4.89498207e-11 4.843208659e-11 4.921199735e-11 5.067163685e-11 5.066714738e-11 4.882726506e-11 4.947510666e-11 4.898245604e-11 4.815020975e-11 4.713068066e-11 5.109282814e-11 4.964332135e-11 5.04903979e-11 4.978306816e-11 4.860475555e-11 4.966878969e-11 4.771816228e-11 4.857598035e-11 4.928127568e-11 4.993739558e-11 4.934690692e-11 5.139816886e-11 4.972798205e-11 5.023492366e-11 4.647625922e-11 5.014037074e-11 5.090171959e-11 4.935564986e-11 4.956584827e-11 4.967320504e-11 4.934817331e-11 5.00760848e-11 4.50843741e-11 4.873268462e-11 4.871408047e-11 5.124230665e-11 4.78093388e-11 4.828119955e-11 4.889934427e-11 4.93628038e-11 4.928722246e-11 4.832425511e-11 5.00939921e-11 4.976676311e-11 4.957422983e-11 4.969295832e-11 4.884922073e-11 4.982877289e-11 4.834488523e-11 5.18016702e-11 4.713088351e-11 4.800153526e-11 4.96256485e-11 4.916663443e-11 4.951678025e-11 4.939166542e-11 4.748298217e-11 4.94698625e-11 5.037397628e-11 4.961275289e-11 5.145414221e-11 4.715058347e-11 4.757328216e-11 4.81187369e-11 4.775085243e-11 5.09090906e-11 4.968514271e-11 5.086443085e-11 4.759123034e-11 5.027422017e-11 4.844259935e-11 4.831375423e-11 4.810182393e-11 4.70906293e-11 4.854086509e-11 4.876886689e-11 4.865060989e-11 4.962086044e-11 4.598887106e-11 4.911797413e-11 5.002238641e-11 4.820788057e-11 4.851083046e-11 4.871870465e-11 4.859810515e-11 4.780123035e-11 4.762580131e-11 4.868343827e-11 4.673271049e-11 4.855596193e-11 4.605952631e-11 5.016365742e-11 4.407253317e-11 4.977454364e-11 4.719032905e-11 4.765783745e-11 4.774654593e-11 4.799518419e-11 4.677087471e-11 4.729470279e-11 4.787490386e-11 4.586771772e-11 4.726435701e-11 4.466608906e-11 4.937369089e-11 4.564875464e-11 4.788326859e-11 4.687317975e-11 4.785015349e-11 4.687129071e-11 5.065665546e-11 4.776294668e-11 4.680844458e-11 4.805104465e-11 4.639199415e-11 4.916967081e-11 4.873478712e-11 4.850796867e-11 4.977708069e-11 4.76901873e-11 4.715712327e-11 4.744777706e-11 4.663363025e-11 4.503169897e-11 4.805379714e-11 4.605724902e-11 4.821385618e-11 4.468488343e-11 4.774625467e-11 4.71594259e-11 4.930059513e-11 4.593084979e-11 4.730015671e-11 4.604926539e-11 4.938692156e-11 4.513535095e-11 4.429654461e-11 4.752715061e-11 4.800616084e-11 4.682940386e-11 4.861435652e-11 4.590418567e-11 4.516369582e-11 4.74411136e-11 4.605574215e-11 4.493443137e-11 4.585311303e-11 4.644545865e-11 4.519435509e-11 4.612301805e-11 4.568070586e-11 4.584361781e-11 4.586718573e-11 4.659914615e-11 4.387791757e-11 4.676863121e-11 4.563006709e-11 4.281440167e-11 4.549169886e-11 4.473723231e-11 4.627579343e-11 4.550939683e-11 4.43535187e-11 4.446561483e-11 4.398573312e-11 4.54139107e-11 4.544431865e-11 4.436806403e-11 4.364269429e-11 4.279628358e-11 4.542121726e-11 4.530775642e-11 4.639913622e-11 4.45630124e-11 4.76508104e-11 4.331572092e-11 4.449378233e-11 4.601902038e-11 4.249585135e-11 4.219190986e-11 4.218500886e-11 4.59715706e-11 4.618220917e-11 4.444923155e-11 4.498366738e-11 4.294807694e-11 4.324061896e-11 4.693194754e-11 4.356502009e-11 4.558169231e-11 4.470828349e-11 4.244759645e-11 4.477832975e-11 4.230021693e-11 4.077668113e-11 4.485749898e-11 4.195280541e-11 4.267260593e-11 4.408361542e-11 4.218551438e-11 4.362008907e-11 4.257455848e-11 4.229692443e-11 4.068719721e-11 4.130320693e-11 4.448275682e-11 4.184682031e-11 3.961623169e-11 4.257925724e-11 4.156373106e-11 4.315919483e-11 4.068564622e-11 4.079662492e-11 4.213792309e-11 4.235916781e-11 4.101555178e-11 4.163733981e-11 4.238471155e-11 4.141789002e-11 4.164145243e-11 4.233481599e-11 4.028145929e-11 4.051832151e-11 4.210379987e-11 4.224498395e-11 3.961832211e-11 4.298565625e-11 3.92086028e-11 4.06109355e-11 4.040924632e-11 4.110567836e-11 4.136983034e-11 4.014936502e-11 4.074653893e-11 4.023845546e-11 4.052074858e-11 3.952141688e-11 3.982671405e-11 4.142074178e-11 4.016629679e-11 3.896237823e-11 3.930386552e-11 4.031456262e-11 4.015145886e-11 4.092924288e-11 4.133041729e-11 3.999185883e-11 3.995387123e-11 3.928707899e-11 3.848683939e-11 3.795905524e-11 3.956539585e-11 3.917444797e-11 3.859028832e-11 3.979143925e-11 3.708554325e-11 4.050128234e-11 3.804210622e-11 3.680840919e-11 3.84536179e-11 3.756824008e-11 3.893949589e-11 3.660649798e-11 4.024910265e-11 3.83192944e-11 3.749435007e-11 
# Events [px6/px6.dat] N:
35 46 33 38 33 36 34 45 47 44 44 37 48 37 40 36 33 34 47 40 45 37 48 47 51 44 45 39 40 39 42 43 50 38 48 42 59 51 41 45 29 50 43 50 48 42 52 50 48 45 41 52 36 43 49 62 64 48 48 56 40 44 39 50 52 40 43 46 40 44 41 40 41 41 63 42 53 41 49 59 44 47 48 47 55 43 46 57 64 63 57 56 55 51 53 43 32 51 45 49 63 47 51 53 57 48 44 48 63 49 45 58 55 67 46 45 59 54 53 51 46 56 60 46 55 44 61 64 58 45 61 67 54 68 56 56 72 45 59 55 62 49 62 61 57 61 65 61 49 74 64 52 62 65 56 48 56 58 50 67 69 52 55 58 50 61 59 61 57 65 52 71 50 55 68 65 67 52 56 60 53 65 49 64 63 81 62 60 45 61 66 62 74 56 66 54 58 63 46 57 73 54 52 63 61 50 72 62 77 64 66 38 54 68 57 60 62 57 64 57 67 64 72 75 58 86 59 60 62 66 75 55 68 61 78 57 60 71 59 49 64 75 63 57 80 77 71 64 64 40 61 63 63 65 70 68 67 72 56 57 70 65 60 69 52 63 75 57 49 67 76 62 53 56 72 60 64 60 67 66 70 66 55 52 72 58 62 56 68 78 69 44 75 72 68 56 73 53 51 61 75 62 67 80 57 74 70 58 64 57 64 54 61 61 71 56 60 53 61 52 58 50 68 66 47 52 64 65 52 53 49 68 65 51 50 54 80 54 70 58 58 55 61 53 52 63 52 54 62 63 73 57 45 40 70 58 61 61 53 71 62 42 57 58 50 58 49 39 56 54 70 55 63 55 48 69 50 53 50 66 56 57 51 50 62 53 49 42 61 56 62 57 42 46 49 53 52 51 59 65 63 58 59 53 56 50 53 56 46 47 57 39 43 54 57 47 61 46 48 57 50 41 39 37 46 41 34 50 47 48 50 51 50 51 50 41 51 50 46 56 47 42 66 49 41 35 55 48 54 47 48 39 31 37 51 47 54 47 54 47 43 41 45 35 46 32 52 40 47 43 49 48 50 57 37 58 35 44 42 38 38 37 42 44 32 39 44 44 38 41 46 39 31 35 31 37 38 37 33 36 44 
13 15 14 20 15 11 20 19 15 19 21 10 17 12 11 15 14 13 12 17 23 19 22 16 21 27 21 26 21 19 20 21 12 20 17 14 18 16 17 15 12 20 22 14 27 15 19 14 21 20 16 14 12 21 25 13 18 24 23 19 17 19 18 23 25 16 22 23 22 29 25 13 20 17 25 17 23 28 17 19 22 23 22 16 20 24 21 20 25 23 19 23 18 16 22 17 26 21 18 29 23 26 28 27 28 21 33 27 20 30 20 29 25 24 21 26 22 31 20 24 38 28 24 27 19 19 27 29 27 26 21 30 25 20 24 18 22 17 23 27 19 20 25 23 26 28 25 30 31 24 16 25 14 27 23 20 20 30 39 23 29 22 28 16 17 18 30 29 28 24 34 25 29 24 24 29 30 30 22 21 26 32 29 21 36 24 22 39 34 23 22 31 32 31 25 25 20 20 27 29 30 26 24 24 26 34 23 28 34 17 34 30 30 35 33 26 22 28 27 30 32 26 22 31 16 31 26 26 25 18 30 32 28 23 37 28 21 24 27 26 24 29 34 29 20 24 28 23 27 27 26 19 26 19 26 29 37 39 28 21 23 29 24 32 22 21 38 37 23 28 13 24 24 29 22 28 29 27 22 19 27 20 28 31 21 19 28 24 28 20 31 21 30 14 28 20 27 16 28 20 34 24 31 38 37 31 35 25 22 26 30 28 24 34 29 32 33 37 32 26 22 24 21 26 24 19 35 19 30 22 29 27 27 30 21 19 31 24 32 28 20 37 20 27 27 26 29 28 26 31 25 25 43 24 27 26 22 25 25 30 27 25 24 29 24 21 26 26 27 22 32 21 29 20 29 21 21 22 28 29 18 22 19 30 24 31 25 18 20 19 21 23 34 25 28 31 21 18 23 21 23 24 18 25 29 13 34 22 23 19 21 21 29 23 25 17 15 15 21 21 15 16 25 27 26 15 20 25 18 19 23 24 19 16 17 22 28 21 24 19 23 20 24 16 10 15 23 22 28 24 20 20 27 16 24 25 16 21 22 13 18 22 30 20 26 26 23 20 16 22 20 27 25 19 18 18 17 16 16 14 22 19 25 26 18 18 20 17 21 16 21 14 17 21 13 18 17 15 18 15 22 
14 14 17 13 10 14 16 10 13 12 14 11 16 13 15 17 12 10 23 10 13 16 13 15 17 21 7 13 21 9 18 16 13 13 11 12 18 19 21 15 20 13 20 15 19 21 22 16 14 15 26 25 10 25 17 21 24 15 29 20 20 17 13 19 13 18 21 24 18 15 14 14 20 12 27 19 12 11 17 25 13 28 18 21 15 25 23 24 16 14 20 16 11 10 20 19 18 16 21 16 18 21 13 25 17 21 21 18 17 18 17 16 13 16 20 15 20 20 16 22 15 21 19 19 28 20 13 18 21 14 20 17 18 21 18 20 23 16 23 28 20 24 16 20 25 19 26 20 25 23 18 19 20 31 31 19 25 24 17 18 27 26 28 23 19 21 19 27 22 16 15 18 24 21 17 22 20 24 25 19 26 24 19 19 16 28 17 21 18 25 14 21 11 24 23 20 32 21 17 27 19 22 32 19 29 32 19 26 18 23 24 19 18 18 19 22 30 15 14 21 17 19 29 19 25 27 29 21 26 31 18 29 25 26 19 15 20 19 23 32 25 19 32 19 18 29 22 26 22 16 19 23 29 27 17 17 22 23 27 19 18 21 23 18 16 18 18 33 22 22 20 18 19 23 23 21 26 14 18 22 26 22 22 30 20 12 25 13 21 31 28 15 23 20 19 21 24 21 23 22 24 8 33 32 25 6 25 30 17 21 18 27 24 13 24 21 22 25 18 22 18 23 28 25 19 19 19 24 24 19 21 18 20 19 25 22 26 28 16 27 20 25 20 27 18 23 29 24 15 18 15 18 25 14 16 20 26 24 16 24 22 21 26 28 25 24 11 20 14 26 18 23 10 19 17 20 19 23 25 15 22 23 14 23 21 18 17 13 16 19 18 18 19 17 19 12 13 15 19 8 13 21 15 19 13 14 15 21 20 22 20 17 15 23 12 17 17 18 19 16 26 13 26 24 16 20 16 30 15 19 23 19 20 16 23 14 12 18 17 17 20 20 14 19 13 28 15 16 21 16 21 21 15 16 16 22 24 17 17 10 22 9 21 14 13 14 18 20 18 17 10 15 13 17 26 11 16 21 16 12 8 12 13 13 17 15 18 19 27 14 12 8 23 16 16 14 8 16 13 16 13 
8 16 11 10 9 17 16 12 18 9 9 17 14 11 14 11 11 20 27 9 15 10 16 18 16 16 16 15 15 14 20 12 15 14 17 8 21 10 11 18 16 18 13 15 8 21 9 13 14 19 17 16 13 13 20 21 11 12 18 12 22 16 18 10 20 9 14 18 19 16 11 14 18 15 17 12 17 16 19 17 10 16 15 20 16 13 19 11 19 12 17 7 22 16 21 22 13 14 17 18 12 19 12 14 17 21 19 15 21 12 17 19 20 11 15 21 12 13 18 23 18 17 15 24 15 21 20 21 22 23 13 14 24 16 17 23 16 15 16 19 10 18 26 19 12 24 20 20 23 18 15 21 21 26 21 22 21 21 24 14 22 16 14 22 20 23 22 23 18 18 16 16 20 18 17 27 19 23 19 23 22 15 24 23 17 25 20 17 15 18 24 13 10 20 18 25 24 15 11 19 14 16 16 25 20 24 17 19 27 20 11 28 21 24 15 21 15 17 28 11 25 17 25 25 22 21 24 17 21 20 17 22 15 16 18 25 21 23 18 21 14 20 28 22 24 20 21 28 24 16 23 22 22 30 15 10 20 26 17 18 20 24 19 20 24 14 23 26 22 13 20 17 29 27 21 13 26 15 17 24 21 18 13 20 22 23 24 18 16 20 30 14 20 20 23 16 23 22 18 20 17 28 20 17 19 18 20 18 15 15 18 23 30 24 22 24 20 18 22 12 16 18 17 21 20 25 18 25 25 15 23 23 18 17 8 16 20 17 21 18 14 21 13 19 23 13 8 16 23 24 20 20 20 15 13 18 18 13 23 18 17 18 19 19 16 14 12 21 20 22 21 21 12 24 23 16 17 21 25 19 13 18 13 11 14 29 16 12 24 15 20 24 18 19 22 29 16 13 13 14 21 18 17 28 13 7 17 18 14 18 11 11 19 14 17 13 14 13 17 20 20 18 18 15 20 14 16 15 9 21 23 15 15 18 17 18 10 16 12 21 14 19 11 16 8 11 14 7 13 10 12 17 14 13 15 15 18 18 19 13 11 15 13 20 20 19 12 13 16 18 9 7 16 17 9 8 8 12 16 14 16 16 5 15 14 9 11 13 13 17 14 14 16 11 16 13 13 10 16 19 18 
11 16 14 13 11 8 11 16 14 9 21 7 7 14 8 17 16 10 9 20 15 7 11 14 8 8 11 7 18 10 14 13 16 7 21 17 13 18 14 7 14 16 10 21 13 21 9 10 11 17 8 15 14 18 17 17 5 15 16 11 9 14 13 17 13 16 11 19 14 13 24 7 10 15 9 14 12 11 11 21 24 17 19 12 17 11 11 17 16 17 14 10 11 17 19 17 18 14 18 21 16 15 20 20 17 19 20 12 19 17 19 14 22 23 10 16 16 17 12 20 12 22 14 19 19 10 17 14 17 11 19 15 20 13 16 17 22 16 15 14 17 17 14 23 17 21 18 10 15 23 25 20 14 15 14 29 18 19 16 13 16 22 27 14 14 20 20 16 11 19 19 21 23 20 15 10 19 16 24 23 21 20 18 18 20 11 21 13 21 18 24 18 15 15 15 16 24 21 18 31 21 9 13 15 17 20 9 21 24 17 22 19 22 26 20 19 17 16 20 14 18 18 22 13 20 13 18 14 24 16 19 11 17 17 22 23 15 24 22 23 19 18 16 22 23 17 27 20 22 22 24 23 15 26 19 17 16 17 19 17 19 19 9 19 18 20 26 18 19 15 23 17 21 18 16 16 19 19 14 21 26 19 12 28 17 12 19 23 22 15 23 13 16 19 15 16 10 14 13 24 21 15 20 20 18 21 20 16 13 13 24 14 17 21 22 16 24 19 14 21 15 14 19 32 24 16 17 24 20 15 16 17 24 16 19 18 20 18 15 10 20 20 26 19 19 19 19 15 16 18 17 16 12 16 18 20 16 23 28 16 14 26 17 20 19 14 14 16 16 22 18 19 13 14 15 14 21 13 13 26 23 17 28 16 12 13 17 18 21 14 17 17 15 16 9 18 14 19 11 16 14 11 12 19 18 16 14 16 22 7 16 16 14 18 14 9 14 10 14 17 21 17 13 20 12 19 19 14 18 14 21 21 13 10 10 16 13 13 11 14 7 13 17 11 10 8 14 13 16 16 15 10 9 17 11 17 12 11 13 12 12 17 21 21 12 13 17 23 13 15 13 10 19 8 16 5 20 7 13 11 21 16 14 14 12 6 10 13 10 13 12 10 6 12 13 18 14 7 12 11 12 
16 10 13 10 9 8 14 11 12 16 13 12 18 17 9 13 6 13 9 12 10 16 12 7 11 12 13 10 10 10 13 11 12 15 8 13 8 11 12 7 12 17 8 7 13 13 8 13 11 10 16 18 12 11 18 12 7 14 13 11 11 11 11 19 10 17 12 16 12 10 14 15 14 15 18 7 23 19 13 17 14 10 14 14 17 9 14 17 19 13 17 13 17 19 14 11 15 9 19 11 18 19 16 19 15 13 20 12 21 8 15 15 10 20 7 21 21 19 20 17 16 14 12 18 17 12 19 20 15 20 13 16 16 17 17 19 14 15 20 21 26 21 14 18 9 15 20 14 18 21 18 20 18 12 9 14 20 20 13 17 17 18 7 22 15 12 10 22 11 22 15 15 17 16 14 20 11 13 16 21 11 23 16 16 12 16 18 16 23 16 16 19 18 12 10 23 19 17 14 25 12 12 16 18 17 27 14 17 25 20 21 21 15 10 21 19 15 13 14 14 16 14 19 18 22 17 24 22 12 21 14 24 21 22 22 20 19 19 12 7 19 17 13 22 16 18 21 15 18 26 17 26 21 17 21 17 17 16 12 13 20 16 25 21 22 17 19 23 19 19 23 16 25 18 23 14 19 20 21 14 19 11 18 18 22 19 16 19 18 21 21 15 19 22 16 21 23 16 24 14 15 19 17 16 13 28 9 17 22 20 10 11 21 13 21 12 14 18 23 15 14 14 14 14 16 15 22 17 8 16 18 18 23 21 17 20 16 12 21 18 10 13 11 12 15 20 14 19 19 9 23 14 20 22 17 18 12 18 16 13 12 15 25 21 11 15 21 17 21 19 18 24 14 16 19 21 18 19 13 16 20 15 12 19 16 23 18 17 14 15 20 22 18 19 24 20 15 17 19 14 20 22 23 24 17 14 14 18 12 16 16 13 21 20 17 13 10 12 12 23 15 19 14 21 17 14 17 19 20 20 21 13 15 12 12 16 15 14 17 8 9 14 22 20 17 16 18 12 14 11 9 21 16 14 10 19 15 18 17 9 11 13 14 7 12 13 14 14 12 7 15 6 8 11 8 19 12 10 14 13 14 12 5 18 12 12 16 8 13 9 13 11 11 13 20 11 16 14 8 11 11 
9 11 14 13 5 16 7 8 11 10 11 23 14 8 16 16 13 13 17 12 8 11 18 12 18 17 9 6 11 16 13 14 14 10 11 10 12 14 12 12 17 7 14 11 15 13 16 11 14 12 6 15 16 11 11 17 12 6 9 22 11 10 22 15 20 15 9 10 12 15 17 15 15 16 11 17 17 22 9 15 16 7 20 11 14 21 19 13 14 9 14 11 22 15 12 16 20 7 10 16 20 9 14 19 15 16 16 17 14 21 9 16 17 8 19 20 16 17 25 15 17 12 16 13 20 19 18 12 17 9 21 17 17 14 16 18 14 21 14 16 13 8 14 16 19 17 23 17 17 22 16 12 10 15 19 10 27 15 17 13 11 15 18 14 16 21 20 22 24 13 15 18 14 23 12 16 25 17 16 15 15 19 26 17 18 12 22 12 20 17 18 16 13 17 18 15 17 21 17 13 14 15 19 14 12 20 19 17 14 15 17 14 20 19 14 15 15 20 13 15 22 21 21 19 15 11 18 19 18 14 18 8 28 18 12 15 12 15 14 18 19 16 16 21 20 24 12 20 15 29 12 18 24 12 20 20 22 13 15 18 10 20 15 19 14 22 13 24 14 19 10 15 17 15 18 22 19 22 19 17 26 27 27 15 15 19 17 11 13 12 18 14 18 20 18 17 18 22 8 15 16 18 17 15 21 14 21 22 16 19 24 20 25 14 20 11 20 18 16 23 19 13 10 16 15 15 21 17 23 23 14 21 16 21 14 19 23 18 10 11 15 20 10 20 19 16 14 14 17 27 15 15 14 19 11 15 18 13 20 18 23 19 21 14 21 12 16 13 18 10 17 16 21 16 22 8 21 21 12 17 13 10 10 19 17 23 13 9 16 14 13 14 15 10 13 18 13 13 15 17 15 8 10 9 8 16 15 16 15 17 12 11 18 13 8 15 16 21 20 8 13 12 15 21 19 13 10 12 15 15 13 12 22 10 19 13 14 7 14 11 15 20 16 14 16 16 9 15 15 15 7 18 12 17 5 9 17 12 20 10 12 11 14 15 8 17 7 11 11 12 11 13 8 13 8 13 14 19 11 6 12 6 11 8 18 6 10 7 11 15 15 14 12 13 14 13 13 13 7 12 14 
10 8 13 5 8 21 10 6 8 8 12 11 17 14 5 11 12 13 9 12 8 11 5 12 9 14 10 9 16 17 9 16 4 10 13 9 9 16 9 5 21 16 9 15 16 21 15 9 12 12 12 12 13 14 27 15 6 14 14 14 9 12 19 11 10 23 13 7 14 13 12 13 18 15 18 19 18 11 19 11 15 17 16 12 15 22 19 19 10 18 17 15 15 12 19 21 11 12 14 10 13 11 12 20 18 20 19 13 19 14 20 16 13 19 16 16 19 9 19 20 17 13 24 22 14 16 16 17 15 18 16 22 13 16 18 13 10 21 14 22 22 20 20 19 14 16 13 15 17 11 13 19 9 12 17 14 21 21 18 18 21 13 13 17 14 18 22 16 21 21 14 15 15 13 12 21 10 16 20 16 18 12 13 22 20 16 19 20 16 17 18 23 20 19 13 20 22 23 18 17 22 20 17 18 20 19 27 23 15 15 17 12 15 17 14 14 23 21 16 22 19 14 26 18 18 16 12 18 19 19 12 25 19 21 22 20 16 22 21 16 19 21 15 10 19 23 23 23 15 20 17 15 14 8 20 16 23 17 16 13 18 18 18 20 18 12 18 16 12 15 18 12 15 25 16 16 16 13 18 16 17 17 19 14 17 9 16 19 15 21 17 19 23 18 17 18 23 19 19 22 13 17 21 19 24 23 11 18 21 16 25 18 21 19 16 19 21 17 17 15 30 24 14 20 25 17 14 15 20 15 21 15 22 18 18 14 18 21 20 18 15 11 17 14 18 16 13 12 16 17 13 20 16 15 18 17 17 14 15 17 23 20 21 14 14 21 16 17 14 11 12 16 18 11 12 16 12 13 16 11 11 22 15 12 15 15 23 15 15 13 15 20 19 15 16 25 13 14 16 12 13 17 15 15 10 17 10 13 15 26 10 21 9 23 11 24 15 20 8 21 13 12 11 17 11 12 8 21 12 12 12 13 11 18 9 16 13 8 11 12 9 16 14 9 15 11 15 14 13 13 14 12 10 16 8 8 8 8 17 15 9 15 9 8 15 16 11 11 13 10 9 15 17 9 9 14 10 12 11 13 17 7 13 12 10 20 14 15 8 19 12 12 13 16 6 14 6 13 10 12 9 
10 13 11 10 13 13 5 14 12 14 14 6 10 5 9 14 9 9 17 7 9 14 7 9 12 12 12 13 7 15 12 17 12 6 2 18 17 10 17 16 13 18 12 12 7 19 15 14 19 13 10 12 13 12 11 11 14 9 8 10 14 14 10 11 15 10 11 15 13 17 15 13 16 10 8 13 16 15 15 16 13 13 14 15 22 13 10 19 12 18 12 16 13 16 12 11 13 21 14 12 12 16 24 11 16 8 15 14 17 7 23 13 19 31 17 11 17 17 15 19 19 15 10 20 18 20 13 17 14 17 15 14 23 21 17 16 15 21 16 19 18 19 19 11 11 17 16 12 17 22 14 28 16 14 18 22 18 7 25 17 16 17 24 12 14 16 14 14 16 12 15 15 23 24 20 21 14 14 17 23 21 19 19 18 20 21 18 17 20 14 14 14 16 26 17 16 18 13 11 16 15 19 16 11 18 13 24 21 15 14 19 19 18 23 15 20 25 19 21 15 24 17 16 20 24 13 19 13 25 15 16 13 8 13 18 18 22 24 11 21 21 20 16 19 20 15 14 20 13 22 15 20 17 20 26 18 17 21 20 22 15 20 17 17 19 22 27 17 14 14 16 15 16 20 18 25 21 15 32 18 11 13 24 24 26 23 19 17 10 20 19 21 21 19 16 17 18 19 14 20 15 20 13 15 17 22 17 20 11 14 24 20 21 16 13 16 21 14 16 18 25 15 18 26 24 15 15 16 16 19 22 17 24 26 16 18 18 16 10 11 19 18 19 16 14 17 21 23 21 23 22 10 17 17 17 17 15 15 16 14 14 11 21 12 8 15 9 17 20 17 15 14 17 16 15 9 16 18 21 11 23 18 15 16 15 20 9 18 10 14 17 15 11 15 14 18 16 20 16 21 20 13 15 9 17 16 12 19 15 13 17 18 14 21 8 24 14 12 17 16 16 13 13 19 16 12 15 12 15 11 11 13 8 15 19 14 17 16 18 14 14 17 11 17 17 12 17 15 9 13 13 11 16 12 9 14 15 10 13 11 13 16 12 17 16 10 12 8 14 14 13 16 19 10 12 12 17 8 12 15 17 13 7 12 13 10 5 14 20 17 10 8 12 14 13 13 10 13 2 9 10 
9 11 15 10 13 13 8 6 9 15 18 10 16 8 9 14 11 10 12 10 13 6 9 7 16 11 9 21 20 11 16 14 15 14 16 13 17 13 4 10 11 15 9 12 9 14 14 12 18 12 16 11 14 19 13 10 11 13 12 14 11 13 17 11 17 19 16 19 11 11 13 13 18 17 12 18 12 17 14 10 17 17 17 16 11 15 17 11 15 9 15 11 12 10 23 15 12 13 18 22 10 14 15 24 25 14 21 26 16 16 26 13 13 19 21 14 21 25 17 17 15 11 23 18 14 13 11 23 23 8 14 11 13 24 24 13 19 15 14 12 11 24 16 19 21 12 15 23 19 15 18 12 17 14 18 22 19 25 11 19 22 21 27 21 15 14 16 15 16 26 11 19 14 18 23 18 21 17 24 17 19 20 8 21 16 21 16 18 23 16 18 13 22 17 13 29 17 14 13 17 21 9 16 19 17 14 23 16 21 18 18 18 22 18 17 28 23 19 17 15 22 21 18 19 17 15 23 11 20 16 25 27 15 15 22 20 14 19 22 15 22 25 22 23 12 14 28 23 24 27 22 22 20 10 15 10 26 19 19 18 23 15 16 28 22 28 12 18 18 23 20 17 16 20 25 19 21 26 19 23 17 13 27 31 18 25 24 20 17 19 17 18 14 19 24 17 19 18 21 23 17 23 19 16 18 18 17 15 18 13 17 18 20 14 16 10 16 18 14 16 16 18 21 19 20 15 18 12 22 24 15 20 15 20 20 14 19 16 17 18 11 19 15 15 19 18 18 18 12 15 20 18 18 18 14 21 15 17 11 20 9 9 16 21 15 20 12 17 16 17 13 19 18 18 8 16 11 17 12 14 19 16 14 14 16 19 22 14 14 21 17 20 17 12 15 15 15 12 15 18 14 21 13 16 24 16 10 16 14 18 15 14 16 16 16 14 15 15 13 15 13 19 8 16 22 14 15 16 21 14 20 16 14 14 16 12 11 20 15 22 12 19 14 14 20 14 6 12 16 15 13 16 12 11 12 10 15 19 18 16 13 12 9 18 10 11 14 4 19 13 12 14 17 12 16 16 14 16 12 12 19 14 9 9 11 12 11 19 15 15 13 9 9 8 11 15 12 14 7 7 9 
17 9 8 14 10 13 10 11 13 14 9 12 13 13 12 14 6 7 15 8 11 20 8 13 11 15 18 14 11 6 9 8 14 7 15 10 6 12 16 13 13 13 15 14 16 11 11 21 20 12 23 12 11 19 17 9 19 10 21 4 14 12 20 8 13 15 16 15 14 5 12 17 7 21 13 12 12 14 7 18 17 22 17 23 19 18 18 21 13 20 14 11 20 14 12 16 10 13 15 7 14 14 12 10 19 18 15 18 20 17 18 19 18 20 13 18 19 23 18 19 20 20 21 11 21 19 21 16 12 20 22 16 14 11 14 20 14 22 16 13 25 18 15 18 16 20 11 16 20 20 19 11 14 17 14 18 16 20 19 17 23 16 15 18 15 15 15 18 13 17 12 21 10 18 18 17 14 25 23 15 17 16 25 21 18 31 16 23 28 17 18 9 17 14 20 24 16 16 17 11 20 23 20 31 13 25 17 17 20 23 23 22 19 25 15 29 21 16 26 15 6 26 18 30 24 8 22 25 25 14 20 22 22 17 25 24 18 18 17 17 20 25 13 20 15 28 17 20 20 16 21 23 14 21 21 15 28 22 27 28 24 20 30 21 24 20 19 16 21 13 19 18 19 18 18 20 23 12 17 25 14 24 23 18 22 13 26 16 20 23 10 24 20 15 15 27 12 16 19 19 24 13 15 20 14 17 17 20 20 16 19 17 23 16 18 29 23 17 18 16 17 22 20 21 24 17 17 22 15 22 22 15 17 16 25 23 22 19 17 27 20 23 28 16 18 17 20 26 20 14 16 16 21 16 15 21 17 20 20 22 17 15 20 19 21 12 23 19 18 24 17 21 18 16 20 21 24 23 25 10 16 14 17 18 20 21 11 18 17 15 16 10 15 10 14 20 13 19 23 11 23 14 26 15 15 19 12 14 17 15 17 20 17 18 19 24 10 9 16 24 8 16 18 13 18 14 7 18 18 19 12 19 12 18 10 12 17 5 15 17 16 14 11 15 15 12 14 13 19 17 23 7 14 16 10 18 9 21 18 12 12 13 13 5 10 13 13 13 23 19 17 12 11 14 15 17 11 20 11 14 13 15 15 11 16 14 12 15 15 14 12 10 15 10 8 13 11 18 13 10 8 
16 22 15 13 18 17 14 15 12 14 13 17 13 13 12 9 21 19 11 12 11 14 10 16 10 14 13 14 14 17 11 13 13 12 16 16 8 17 23 15 14 9 16 15 24 13 17 15 14 14 16 12 7 19 18 17 16 10 13 16 25 18 14 12 11 6 10 14 19 17 17 17 10 19 20 13 17 15 10 11 16 17 14 15 9 14 19 15 11 17 12 15 28 14 14 19 12 21 19 12 22 23 19 16 21 17 18 19 22 19 19 16 14 22 16 23 17 18 14 21 21 15 23 29 18 13 28 25 23 20 11 16 21 13 22 10 13 20 25 22 17 22 23 24 18 18 13 14 18 23 17 18 20 13 18 16 22 19 23 20 11 22 20 25 26 18 14 17 19 16 21 22 28 16 18 14 25 13 22 23 17 17 10 11 13 24 23 26 17 18 18 27 14 25 23 31 28 22 19 24 11 22 23 22 17 19 23 16 23 18 22 28 22 29 18 24 16 25 13 25 22 19 18 29 27 14 21 28 18 27 17 22 23 22 17 20 15 25 25 16 23 15 26 28 16 19 23 20 15 24 14 27 13 12 20 21 14 20 12 21 26 18 21 17 23 17 22 34 26 23 14 12 17 22 26 15 22 23 20 19 26 25 23 19 23 22 20 28 16 32 33 19 20 19 16 19 23 14 23 28 19 16 19 10 15 27 29 20 18 17 22 17 15 27 24 34 25 17 21 17 20 17 20 20 17 23 27 15 22 15 21 26 23 19 19 15 29 29 13 23 21 14 24 24 15 13 18 19 20 24 15 27 23 22 15 25 18 14 10 18 13 19 19 23 19 15 11 15 23 18 19 25 19 14 23 23 16 22 24 16 10 26 15 18 15 15 22 19 24 25 17 15 19 22 29 14 38 25 17 20 14 27 11 12 14 18 19 12 14 14 18 16 23 13 15 24 12 24 23 13 14 18 11 15 11 11 21 16 19 14 12 14 16 16 14 8 18 10 15 20 15 16 13 16 14 13 16 11 6 10 9 17 23 16 18 13 13 10 12 12 14 20 16 11 14 13 15 16 15 7 27 17 16 6 19 10 12 12 18 19 14 12 9 15 14 19 15 16 14 13 13 8 18 15 7 9 6 13 13 10 11 
12 13 17 19 9 32 12 12 12 12 12 13 10 16 17 11 15 10 19 13 16 13 10 14 16 14 15 22 18 15 13 14 19 17 17 7 18 13 26 19 19 9 11 18 15 15 19 13 20 14 14 7 16 10 16 20 11 13 16 10 23 12 14 14 20 17 9 21 24 19 20 19 19 14 23 18 24 12 16 16 15 15 13 20 13 14 11 20 14 23 15 17 12 19 16 14 19 14 19 15 10 11 22 10 24 23 20 20 21 24 12 13 15 19 21 22 18 14 13 21 16 14 12 20 27 18 16 29 18 15 28 21 27 22 16 24 18 16 27 22 17 16 9 20 16 14 16 23 16 19 14 21 22 19 25 16 20 19 21 22 13 24 21 24 18 32 20 24 20 22 19 24 20 19 15 26 24 21 19 20 21 23 29 14 23 19 30 32 17 20 25 31 26 16 19 26 28 17 12 25 23 23 30 25 26 21 26 14 20 21 29 29 26 21 22 22 23 26 20 23 18 25 25 22 11 28 12 23 20 29 17 24 23 22 21 22 22 23 20 25 25 22 26 22 18 25 23 28 21 17 19 17 21 17 21 18 25 29 22 23 23 29 19 19 29 25 13 24 14 19 22 17 23 19 16 23 19 18 23 25 22 21 23 19 18 30 35 16 27 24 21 19 28 22 29 15 26 23 23 21 27 23 30 23 20 24 20 25 22 22 26 19 27 21 20 29 27 27 24 25 19 15 19 20 15 25 24 15 30 20 30 28 24 20 20 25 17 18 24 26 25 22 16 24 32 22 13 19 12 22 19 25 25 18 26 28 27 23 13 17 21 18 25 17 25 19 14 28 25 15 26 23 20 17 25 15 14 19 17 11 24 21 30 14 30 16 16 14 15 18 13 20 14 22 19 19 18 22 13 16 20 16 17 17 19 17 21 20 20 13 20 18 23 26 13 14 20 18 20 21 22 17 15 18 21 23 16 19 19 22 13 16 19 20 14 28 24 19 21 18 13 19 15 21 16 18 21 15 20 20 17 13 16 17 11 15 11 19 19 16 11 16 20 19 14 20 20 20 16 16 14 14 16 18 10 13 16 17 14 9 20 13 12 13 6 19 9 21 16 13 15 17 12 21 14 16 16 13 10 12 14 
17 14 15 10 17 12 20 21 15 12 14 8 13 12 20 18 12 5 19 12 29 23 13 22 16 13 10 22 18 24 9 15 18 16 14 14 14 13 20 18 17 17 21 17 18 16 14 18 20 24 23 17 25 15 18 24 15 16 26 20 19 12 13 24 16 14 13 24 14 15 23 22 17 19 14 13 13 21 21 14 16 13 17 18 27 22 17 14 21 19 16 27 22 18 24 30 29 17 20 29 17 24 29 13 25 17 27 26 19 14 25 23 16 23 29 23 21 16 18 23 21 25 28 17 16 19 13 20 16 22 21 29 19 21 20 24 16 21 16 21 19 21 25 19 30 19 21 25 21 19 24 30 18 26 25 17 17 20 22 25 21 21 17 23 28 20 16 25 21 25 24 11 20 25 20 24 17 24 24 19 11 29 23 25 20 27 21 26 27 25 19 30 19 26 21 23 33 25 26 22 22 23 24 20 30 22 30 22 25 25 27 22 24 15 13 16 25 24 20 23 17 20 21 30 35 26 27 20 21 19 19 29 20 22 22 21 29 22 29 30 22 26 28 18 31 31 31 24 17 27 19 27 30 27 17 25 24 25 18 24 18 36 21 21 22 32 24 21 25 27 28 27 20 28 21 30 25 21 27 24 20 24 25 21 29 17 26 30 30 17 24 30 26 20 32 30 33 31 29 21 27 31 26 36 19 27 28 23 18 20 17 11 23 22 34 26 30 16 30 21 24 35 16 23 30 23 29 18 32 10 23 27 35 25 21 19 12 20 16 20 27 19 28 19 26 26 17 25 31 27 22 26 18 20 23 21 24 22 28 21 27 27 24 25 20 21 22 16 20 20 29 11 26 18 16 20 13 16 32 24 14 22 21 25 25 20 18 18 23 22 20 19 16 14 21 19 19 14 27 18 21 27 14 21 19 21 16 17 25 13 19 18 25 20 23 14 18 24 10 20 15 22 19 19 28 13 20 24 13 25 21 13 25 23 11 7 20 18 17 17 24 18 17 27 21 22 27 20 24 22 19 25 16 17 16 18 19 23 15 14 18 11 22 24 11 28 21 17 20 24 7 14 18 18 16 20 16 12 20 15 7 16 17 20 19 15 18 11 14 20 15 12 14 9 18 14 8 17 18 17 16 
19 13 21 24 24 14 12 21 20 15 28 17 16 17 25 21 14 20 11 23 18 21 18 9 22 17 24 24 23 19 18 21 20 24 17 16 19 16 21 21 22 13 20 15 16 18 21 22 15 28 25 14 19 21 21 20 29 18 15 25 29 17 22 25 21 19 11 20 17 21 32 28 24 29 21 24 30 19 28 24 22 20 14 19 27 22 21 23 21 22 19 23 20 20 20 22 20 25 23 26 20 25 19 31 30 21 23 21 22 16 13 24 26 22 19 22 27 23 21 31 22 33 28 17 27 25 29 19 32 20 21 20 26 16 32 27 19 18 25 31 24 27 28 20 30 23 25 15 27 29 18 24 23 29 29 33 25 36 30 21 22 24 25 27 20 22 19 26 28 32 29 17 24 31 26 17 25 28 15 19 24 17 15 18 28 29 22 26 35 26 14 20 28 29 32 26 22 29 25 30 31 32 29 25 25 33 35 16 28 28 19 25 29 32 28 23 15 28 33 23 34 29 27 26 26 22 33 29 25 20 33 21 28 25 28 23 30 33 25 37 25 25 25 33 33 22 31 24 29 31 28 34 26 27 28 24 25 21 23 29 24 31 17 31 48 24 25 36 36 28 25 31 19 26 20 32 34 24 27 28 26 24 35 30 27 23 27 32 29 36 21 28 19 26 20 32 25 15 27 29 27 25 25 28 30 23 31 42 33 26 26 28 27 26 32 32 30 29 29 33 19 19 33 24 35 19 21 21 38 23 25 30 32 30 23 33 23 26 19 20 20 15 23 34 29 28 22 22 18 34 22 21 21 23 34 20 21 25 17 26 36 23 32 27 24 28 21 20 24 22 18 30 27 28 20 18 23 32 16 18 27 23 20 23 16 25 33 26 28 23 28 19 17 27 27 26 18 29 32 26 22 38 28 19 28 20 17 24 18 22 25 21 33 24 28 24 23 23 25 21 21 22 19 29 22 16 24 16 21 18 19 19 26 31 21 21 15 19 24 24 21 22 21 19 18 15 26 19 23 12 19 27 23 19 25 22 17 30 25 11 26 24 11 23 20 21 12 25 20 17 20 19 23 16 22 15 17 12 18 18 14 17 19 9 15 10 15 12 20 22 23 12 14 13 14 16 18 14 19 11 22 
18 22 18 25 21 19 23 22 17 14 20 20 19 17 22 22 27 19 27 25 29 15 16 15 22 22 20 32 18 19 18 20 21 15 19 23 20 23 24 21 22 28 21 27 24 18 20 25 19 20 23 34 14 21 28 19 18 29 29 34 25 26 29 24 31 29 26 28 25 19 13 28 19 29 28 17 21 35 21 39 22 25 29 20 26 18 22 19 19 22 22 22 29 32 25 23 33 22 34 28 21 17 29 27 31 37 24 33 23 24 18 24 36 33 39 22 30 25 27 31 28 29 25 31 26 34 29 36 27 31 24 31 34 33 23 30 25 28 26 29 35 26 37 25 32 21 27 28 27 32 28 20 28 32 29 28 37 26 30 34 31 31 34 24 23 26 34 31 33 25 35 28 29 35 32 40 40 25 29 40 26 33 31 30 36 32 27 33 36 34 34 28 37 26 28 25 41 30 30 21 25 34 28 26 47 22 27 39 29 41 25 23 39 37 20 34 32 31 32 27 35 45 38 37 22 30 30 38 40 23 38 42 30 25 27 31 27 39 36 29 34 34 45 38 29 32 26 35 31 28 21 23 34 36 34 30 24 35 37 32 27 32 35 28 22 36 27 37 43 38 19 30 29 31 40 34 31 33 29 29 31 29 29 22 34 30 26 31 30 30 28 31 22 27 37 36 35 31 34 40 39 23 30 32 41 24 29 28 39 25 33 33 26 33 26 26 25 39 19 28 33 31 28 38 28 36 36 24 36 36 33 28 25 36 40 32 26 38 34 33 31 34 19 28 29 28 30 37 36 23 31 37 31 29 21 33 25 31 32 30 22 31 22 26 36 31 31 30 25 30 28 30 18 37 32 18 18 30 31 33 26 31 27 23 25 21 19 23 24 19 26 29 33 31 31 27 18 17 29 26 38 33 35 27 27 28 36 29 33 30 34 30 21 30 18 22 35 23 27 28 28 27 21 25 27 30 30 32 24 26 20 22 19 18 24 20 37 20 18 28 20 28 18 25 22 30 25 19 21 26 28 20 26 23 25 20 23 26 32 25 34 19 18 17 24 24 28 18 26 25 26 23 23 25 11 25 25 38 21 20 13 30 20 23 23 17 23 24 14 22 14 24 18 21 25 18 23 21 22 21 21 
14 25 23 25 30 23 20 19 21 25 24 35 28 20 30 28 30 26 21 25 22 20 29 29 18 24 24 25 26 26 22 22 23 21 34 27 29 28 38 25 25 22 22 29 27 29 23 35 28 31 23 29 26 28 27 37 23 23 35 31 26 31 36 25 23 36 37 34 37 30 36 22 37 25 35 35 29 33 24 29 35 28 29 40 26 29 32 34 32 36 30 29 38 28 30 21 22 28 33 35 34 27 33 28 42 40 36 34 35 32 27 30 42 36 31 38 38 23 31 43 34 34 30 32 45 35 25 32 42 28 32 38 31 36 29 37 38 33 33 30 30 30 48 38 24 48 38 24 37 45 39 32 40 30 45 23 34 43 28 37 37 37 40 30 32 35 33 33 46 49 43 42 37 29 32 22 43 45 34 35 40 36 41 51 46 25 31 48 41 41 42 32 30 37 49 35 29 38 40 34 47 27 35 45 48 42 30 38 40 27 38 40 46 48 40 36 31 30 32 44 32 47 42 37 31 48 47 37 43 38 34 24 43 32 39 43 34 42 44 33 39 37 28 35 42 37 34 44 40 33 36 33 32 40 30 32 34 34 37 40 36 39 35 29 36 36 35 37 33 40 40 47 48 45 38 31 41 45 34 41 38 39 36 42 23 38 28 42 29 35 40 47 44 47 33 34 33 41 40 40 34 36 41 35 41 33 37 31 46 36 33 39 27 37 32 37 35 39 34 39 42 38 31 42 30 48 34 27 36 34 30 36 43 45 28 38 33 39 39 35 37 43 33 27 36 28 35 45 43 35 32 40 25 39 34 37 39 46 30 34 29 50 39 31 34 33 27 20 30 33 29 44 39 34 24 37 27 35 30 30 32 23 36 37 29 27 33 47 31 39 42 22 29 31 37 30 31 38 28 33 19 34 45 30 33 25 29 35 30 32 28 31 41 27 28 36 40 32 31 33 26 23 31 35 30 40 33 30 39 27 29 27 21 25 39 34 31 23 26 34 30 29 27 31 30 25 28 35 36 38 33 29 34 26 38 31 24 24 31 28 20 28 25 23 28 39 26 35 24 28 29 31 31 27 27 25 21 19 27 22 17 24 24 23 28 33 32 21 32 23 27 25 35 27 22 13 33 21 16 21 22 
30 27 33 32 36 28 41 25 24 14 33 31 28 28 34 25 34 24 33 42 32 22 38 35 39 35 40 30 35 36 35 27 29 20 40 39 37 35 37 35 46 29 34 38 26 35 45 24 25 22 32 41 36 34 28 48 29 34 41 29 39 39 39 53 41 26 37 37 34 41 35 38 45 34 39 40 30 37 37 34 38 35 27 34 47 47 54 44 36 40 50 49 44 36 35 51 31 44 51 36 35 41 38 40 38 46 43 52 40 47 40 49 43 46 52 60 47 41 56 44 36 37 30 45 52 35 48 39 37 54 42 41 39 48 49 39 41 41 31 35 51 53 42 42 39 41 36 38 39 46 51 43 50 48 39 40 43 35 40 47 37 46 58 51 46 46 45 52 43 53 40 44 40 56 52 46 61 50 48 44 48 53 42 56 56 54 37 46 45 31 47 52 50 38 35 54 57 26 63 47 43 51 65 41 55 38 53 54 42 55 56 52 40 39 48 59 49 35 54 47 52 55 46 53 50 37 53 36 39 46 44 43 51 44 39 52 43 59 49 72 55 41 54 46 44 38 48 45 51 49 39 58 41 60 41 41 54 40 39 35 43 52 49 40 51 59 50 52 58 48 42 40 48 41 56 51 49 49 58 36 47 27 55 43 50 34 59 45 45 47 56 55 40 61 50 58 48 63 41 53 45 42 49 43 52 51 53 37 49 55 42 39 38 43 35 55 47 43 45 49 48 39 34 61 45 43 42 44 40 46 45 60 33 50 44 48 38 49 48 48 40 41 26 47 45 54 43 49 47 40 47 38 46 42 43 44 46 35 34 45 40 44 41 34 43 48 55 59 46 47 42 36 35 39 43 40 53 41 40 46 48 49 39 35 33 42 36 43 34 42 49 31 35 44 40 42 35 47 37 47 39 38 37 39 49 47 51 41 32 44 29 46 44 46 35 38 42 36 32 35 33 26 32 38 43 32 30 33 37 35 33 41 36 35 49 47 28 39 47 45 39 34 33 37 40 53 40 39 31 44 44 28 30 35 36 42 25 26 32 35 31 41 35 29 29 27 30 23 37 35 32 38 42 28 35 34 36 30 39 41 36 39 27 44 35 22 22 40 29 18 36 30 42 33 34 32 35 26 29 34 20 
46 29 55 48 47 46 50 41 45 60 40 39 41 39 48 27 46 48 48 52 50 44 39 58 45 39 46 57 39 41 40 36 37 37 48 45 43 48 50 42 60 54 47 40 46 60 39 50 48 39 54 48 61 62 60 46 55 56 48 48 43 47 64 49 65 39 60 40 48 58 53 50 56 54 53 46 56 45 45 58 55 49 47 46 61 63 59 53 51 52 56 51 54 64 45 45 67 59 45 59 50 55 56 53 68 58 61 57 54 51 54 76 58 55 61 52 64 58 60 59 63 72 57 53 63 58 66 66 66 56 65 57 55 55 61 54 60 64 48 56 72 77 62 52 70 49 50 68 57 57 63 75 53 57 60 64 45 52 57 66 53 65 59 59 66 72 72 59 73 72 57 78 67 57 56 51 62 63 74 61 58 76 78 66 64 64 69 56 64 60 59 64 65 72 66 61 76 67 54 67 62 64 57 74 72 63 74 67 68 77 77 81 60 63 70 87 62 60 66 64 72 67 69 58 73 76 65 62 81 57 67 71 71 73 45 79 77 57 76 88 66 59 75 62 69 83 81 72 60 77 48 49 75 61 63 76 64 72 61 61 61 76 73 71 68 56 64 63 61 77 65 59 60 69 65 59 72 78 84 80 73 64 71 68 60 76 78 69 57 68 66 86 87 77 64 56 57 77 71 69 74 66 57 74 62 72 71 60 75 88 55 82 78 61 74 77 85 65 58 75 49 62 60 45 69 72 59 65 62 66 69 56 75 42 76 72 70 53 68 64 69 58 65 67 72 53 72 48 74 68 55 69 64 64 70 62 73 68 51 67 64 71 67 49 58 60 49 58 65 65 63 66 78 63 55 72 64 62 51 44 65 52 71 65 60 60 70 67 44 52 52 56 57 74 64 63 59 52 47 58 64 61 53 72 50 48 55 75 56 55 59 53 50 48 57 73 53 50 38 55 54 51 52 57 49 54 63 52 55 52 65 45 58 42 52 40 56 52 46 33 46 39 52 50 43 43 58 47 58 52 47 51 55 58 52 41 53 51 53 60 52 52 48 65 48 42 48 56 49 41 54 49 38 47 38 46 42 44 37 41 43 46 33 40 44 41 36 44 44 34 46 33 44 54 45 29 38 48 40 48 29 
62 65 66 67 77 60 88 70 87 63 74 67 74 66 64 77 79 69 79 67 75 78 81 78 77 97 81 80 57 62 82 78 99 77 68 82 74 93 79 118 99 67 77 72 92 84 85 87 85 81 87 81 87 73 91 92 86 91 90 70 90 81 81 70 71 84 79 78 76 88 96 95 96 106 88 91 86 98 88 98 99 89 81 95 94 92 89 84 75 70 83 102 108 93 100 86 79 82 84 91 93 87 91 114 92 92 93 87 108 94 106 113 81 96 99 98 97 95 96 92 91 97 98 89 108 90 106 87 95 80 89 107 90 100 120 111 100 114 93 92 102 107 91 96 95 89 95 91 116 100 100 108 103 102 114 106 108 115 103 113 102 111 124 109 101 114 92 111 122 108 102 106 109 95 87 113 111 119 96 95 107 113 118 105 104 107 92 104 123 125 96 100 123 113 100 104 90 97 108 116 112 107 114 116 131 98 106 123 111 117 118 116 112 107 107 117 128 106 109 111 108 100 111 114 100 118 103 108 111 97 117 100 104 102 107 112 138 105 129 106 109 129 114 107 113 125 116 119 114 97 120 118 103 111 112 103 104 105 99 112 93 88 108 125 138 120 100 111 121 105 113 103 123 124 112 109 103 122 112 115 131 102 119 122 109 116 110 106 123 99 108 113 114 117 99 111 115 109 100 109 101 119 113 116 96 109 103 117 109 124 112 98 119 137 112 115 125 120 113 94 87 99 107 103 114 101 95 108 117 115 86 114 86 115 107 100 128 119 112 113 112 109 89 103 104 99 100 78 109 95 107 110 101 99 83 107 115 95 99 95 105 92 90 98 107 92 91 99 95 124 108 103 103 84 90 93 93 106 87 112 108 102 120 102 91 97 107 91 80 98 92 104 91 90 84 90 93 98 90 101 113 109 77 82 96 112 70 81 96 109 94 78 101 100 81 87 86 97 95 95 100 97 73 87 86 83 77 92 85 79 99 76 97 80 69 98 81 85 92 87 97 85 94 78 65 90 82 74 88 101 92 82 68 76 101 77 99 86 65 67 82 77 72 65 86 76 96 86 77 54 60 74 87 74 58 96 87 49 78 71 61 75 79 81 73 90 83 75 62 90 87 82 69 59 71 89 65 68 71 60 64 
510 557 543 527 535 520 551 544 511 561 549 530 522 568 542 510 560 550 570 554 567 545 579 560 584 607 586 585 592 632 552 561 594 636 572 585 658 594 624 592 592 585 589 593 628 591 570 650 621 659 616 637 601 608 618 665 654 678 639 589 637 674 749 682 642 675 738 671 674 626 602 676 650 607 692 650 684 665 691 733 707 704 679 736 735 686 708 721 662 704 702 736 723 671 735 677 751 669 693 705 737 720 742 724 721 721 709 717 715 713 747 751 718 767 731 779 745 748 767 729 814 764 738 783 717 772 790 809 756 701 817 793 796 774 754 752 782 768 772 788 770 752 815 817 775 837 762 812 781 811 759 833 793 774 814 854 845 776 793 824 813 817 846 787 821 806 791 826 834 820 795 870 844 830 848 792 793 863 791 792 819 816 852 808 802 845 790 809 833 819 825 869 849 834 862 833 802 828 812 804 902 790 841 893 834 836 834 793 848 802 771 843 827 867 846 866 890 902 854 862 830 840 851 834 867 858 872 865 837 857 803 843 840 891 830 867 811 888 910 836 854 872 823 875 797 904 838 887 862 803 870 840 820 822 853 867 862 857 878 808 888 901 874 892 882 849 866 788 853 858 882 826 884 840 857 840 825 859 851 835 849 881 879 854 859 840 817 849 842 852 902 851 865 876 834 864 820 864 826 811 857 862 876 837 855 848 796 852 791 805 816 834 890 834 881 855 838 812 805 833 833 796 812 829 826 781 879 762 843 810 796 850 801 800 794 836 786 798 715 827 803 794 817 809 791 852 767 795 815 778 805 821 779 871 792 787 785 806 712 801 786 789 759 777 766 817 803 790 779 744 744 690 749 781 737 769 771 739 757 713 729 749 727 727 789 778 723 742 753 713 751 708 715 720 707 769 713 691 738 681 672 715 669 682 678 720 711 758 691 729 648 695 709 687 683 659 712 700 683 684 648 662 720 673 707 717 642 668 629 634 669 609 650 688 660 665 624 600 613 629 640 636 605 651 631 640 626 589 630 672 662 627 629 576 602 609 592 610 617 612 561 606 580 577 610 603 615 592 611 554 579 568 561 592 584 580 552 537 571 540 597 575 563 514 564 524 543 577 538 547 511 555 515 509 518 499 516 487 559 525 515 
