# Format: McCode with text headers
# URL: http://www.mccode.org
# Creator:  3.7.12, git
# Instrument: /opt/homebrew/Caskroom/miniconda/base/envs/mcstas/share/mcstas/resources/examples/TUDelft/SESANS_Delft/SESANS_Delft.instr
# Ncount: 1000000
# Trace: no
# Gravitation: no
# Seed: 1234
# Directory: /Users/ldq/Work/McStasBench/benchmark/refcache/T1_SESANS_Delft_work/ref_20260724_153324_94648_23
# Param: L0=2.165
# Param: DL=0.02
# Param: By=0.00468
# Date: Fri Jul 24 15:33:33 2026 (1784925213)
# type: array_2d(501, 21)
# Source: SESANS_Delft (/opt/homebrew/Caskroom/miniconda/base/envs/mcstas/share/mcstas/resources/examples/TUDelft/SESANS_Delft/SESANS_Delft.instr)
# component: px3
# position: 0 0 2.16
# title: Pol-wavelength monitor
# Ncount: 1000000
# filename: pxAfterSecondFoil.dat
# statistics: X0=2.16499; dX=0.0107979; Y0=0.000801254; dY=0.699894;
# signal: Min=1.02715e-11; Max=2.04639e-10; Mean=5.12644e-11;
# values: 5.39353e-07 6.52801e-10 682627
# xvar: Wa
# yvar: Po
# xlabel: Wavelength [AA]
# ylabel: Polarisation projection
# zvar: I
# zlabel: Signal per bin
# xylimits: 2.145 2.185 -1 1
# variables: I I_err N
# Data [px3/pxAfterSecondFoil.dat] I:
9.797399289e-11 1.114058835e-10 1.161467116e-10 1.066653161e-10 1.098255335e-10 1.129862126e-10 1.121959153e-10 1.042949996e-10 1.193069047e-10 1.003442915e-10 1.1614657e-10 1.090356865e-10 1.106156516e-10 1.224675571e-10 9.323336387e-11 1.066650619e-10 1.011344634e-10 1.121958687e-10 1.208872691e-10 1.129862624e-10 1.145663019e-10 1.121959496e-10 1.058752884e-10 1.145663545e-10 1.272082319e-10 1.145665187e-10 1.050848575e-10 1.287884848e-10 1.232577031e-10 1.240479558e-10 1.256280247e-10 1.066653216e-10 1.137762217e-10 1.303687228e-10 1.106159527e-10 1.193070204e-10 1.264180982e-10 1.18516975e-10 1.319486825e-10 1.335291913e-10 1.358994827e-10 1.058753596e-10 1.121960325e-10 1.287884008e-10 1.493312203e-10 1.20887377e-10 1.137762268e-10 1.177269553e-10 1.287881716e-10 1.572324769e-10 1.19307097e-10 1.319490388e-10 1.121961294e-10 1.319489801e-10 1.485411012e-10 1.366897774e-10 1.335290799e-10 1.501215484e-10 1.145663604e-10 1.295784569e-10 1.169367618e-10 1.303686848e-10 1.675042096e-10 1.485413346e-10 1.445909831e-10 1.29578703e-10 1.580226005e-10 1.335290723e-10 1.438004888e-10 1.374797768e-10 1.351094435e-10 1.42220322e-10 1.390599767e-10 1.38269775e-10 1.366896241e-10 1.153564755e-10 1.414303464e-10 1.438005647e-10 1.382696348e-10 1.477512071e-10 1.343191514e-10 1.398499426e-10 1.256280096e-10 1.303687964e-10 1.335291514e-10 1.430103746e-10 1.461707773e-10 1.485411601e-10 1.501215974e-10 1.611831755e-10 1.4301045e-10 1.200971734e-10 1.501216234e-10 1.45380956e-10 1.588127151e-10 1.445908041e-10 1.406401684e-10 1.540719639e-10 1.358996111e-10 1.564426065e-10 1.517017106e-10 1.25628135e-10 1.524919772e-10 1.619731562e-10 1.603930182e-10 1.493315488e-10 1.374795494e-10 1.564423932e-10 1.532818269e-10 1.477511548e-10 1.596028661e-10 1.619733533e-10 1.47751191e-10 1.461709206e-10 1.540721165e-10 1.643434181e-10 1.501212704e-10 1.422204194e-10 1.635536108e-10 1.414303358e-10 1.872569143e-10 1.461707056e-10 1.572325268e-10 1.509117422e-10 1.754050007e-10 1.445906806e-10 1.698743695e-10 1.493314187e-10 1.60393018e-10 1.4143013e-10 1.572323746e-10 1.6434347e-10 1.572327143e-10 1.71454592e-10 1.746149403e-10 1.627631623e-10 1.69874416e-10 1.611830627e-10 1.485412387e-10 1.540722724e-10 1.588128315e-10 1.564422477e-10 1.690842022e-10 1.651336355e-10 1.6513358e-10 1.643435135e-10 1.485412044e-10 1.445906724e-10 1.706644284e-10 1.651335474e-10 1.588127263e-10 1.572325641e-10 1.493313172e-10 1.651335187e-10 1.690842588e-10 1.517018723e-10 1.793557124e-10 1.517018199e-10 1.548621397e-10 1.572323924e-10 1.667140495e-10 1.84886476e-10 1.706645505e-10 1.60393007e-10 1.52491842e-10 1.706644986e-10 1.556524188e-10 1.706644217e-10 1.825162719e-10 1.777753995e-10 1.682939762e-10 1.761951712e-10 1.61183199e-10 1.777753469e-10 1.675040149e-10 1.580224759e-10 1.603930382e-10 1.904174356e-10 1.532821375e-10 1.540722697e-10 1.675041057e-10 1.738247333e-10 1.706643545e-10 1.493313194e-10 1.619731266e-10 1.919974411e-10 1.548621585e-10 1.833062988e-10 1.611830886e-10 1.596028131e-10 1.706643887e-10 1.698743475e-10 1.675039396e-10 1.675038381e-10 1.777753552e-10 1.793558271e-10 1.730347116e-10 1.556519663e-10 1.540721342e-10 1.706645523e-10 1.927875923e-10 1.793556136e-10 1.888370598e-10 1.809358552e-10 1.70664432e-10 1.730346728e-10 1.690842128e-10 1.532818063e-10 1.667140761e-10 1.761951992e-10 1.675039906e-10 1.817261049e-10 1.682938865e-10 1.864664374e-10 1.596028492e-10 1.580224988e-10 1.738247103e-10 1.675039572e-10 1.825159916e-10 1.793555654e-10 1.840965627e-10 1.840963497e-10 1.80145572e-10 1.714546036e-10 1.722444835e-10 1.864664272e-10 1.817259783e-10 1.690841409e-10 1.769854479e-10 1.509114445e-10 1.754051547e-10 1.682942922e-10 1.912073738e-10 1.706643414e-10 1.801459718e-10 1.738249106e-10 1.596027012e-10 1.572322958e-10 1.825163392e-10 1.738248041e-10 1.63553444e-10 1.864666943e-10 1.896271791e-10 1.698742304e-10 1.635534195e-10 1.912074476e-10 1.730347618e-10 1.667141138e-10 1.517016854e-10 1.619731769e-10 1.690843143e-10 1.509119027e-10 1.603930656e-10 1.501212222e-10 1.651335578e-10 1.667140129e-10 1.991084232e-10 1.746149498e-10 1.880467004e-10 1.698743395e-10 1.888369734e-10 1.880468873e-10 1.682940414e-10 1.817259691e-10 1.951580637e-10 1.872570994e-10 1.714542592e-10 1.80145993e-10 1.880471403e-10 1.611832644e-10 1.651336391e-10 1.58022798e-10 1.682942079e-10 1.785653353e-10 1.88836925e-10 1.80145684e-10 1.833059162e-10 1.793554235e-10 1.864663205e-10 1.722448058e-10 1.540724049e-10 1.880470284e-10 1.769855398e-10 1.722448355e-10 1.761950369e-10 1.801457127e-10 1.635534384e-10 1.785656099e-10 1.596027797e-10 1.801460157e-10 1.761952974e-10 1.564423793e-10 1.627631741e-10 1.682941323e-10 1.611829338e-10 1.904173831e-10 1.777756387e-10 1.817261615e-10 1.730346016e-10 1.75405158e-10 1.777754099e-10 1.714545553e-10 1.7777554e-10 1.493313505e-10 1.919977096e-10 1.706644553e-10 1.81725772e-10 1.809356996e-10 1.588125523e-10 1.453807534e-10 1.754051231e-10 1.659236299e-10 1.825163192e-10 1.777753028e-10 1.817260654e-10 1.754051376e-10 1.817260627e-10 1.690842907e-10 1.596028507e-10 1.848865613e-10 1.509115919e-10 1.445906696e-10 1.540721396e-10 1.698744888e-10 1.74614713e-10 1.896272667e-10 1.70664478e-10 1.611829407e-10 1.825158666e-10 1.793555892e-10 1.730347838e-10 1.690840451e-10 1.777756215e-10 1.453808183e-10 1.722445191e-10 1.77775489e-10 1.730348261e-10 1.659237373e-10 1.517018512e-10 1.667136939e-10 1.722448697e-10 1.754050101e-10 1.738248888e-10 1.517015424e-10 1.588127433e-10 1.675041763e-10 1.532821517e-10 1.809359462e-10 1.730347416e-10 1.63553526e-10 1.635533174e-10 1.722446572e-10 1.548622278e-10 1.6197308e-10 1.825161462e-10 1.951579382e-10 1.509114947e-10 1.596026481e-10 1.509118328e-10 1.651337297e-10 1.509116475e-10 1.793556356e-10 1.651335045e-10 1.65133603e-10 1.659237489e-10 1.580227219e-10 1.461709342e-10 1.698743016e-10 1.58812545e-10 1.445908056e-10 1.627631952e-10 1.619731011e-10 1.501215093e-10 1.461709255e-10 1.461710261e-10 1.461708176e-10 1.414303502e-10 1.59602827e-10 1.422205302e-10 1.532821746e-10 1.438005968e-10 1.635534557e-10 1.485411533e-10 1.532819332e-10 1.667137504e-10 1.840965003e-10 1.532823055e-10 1.619730426e-10 1.698743629e-10 1.58022702e-10 1.556521694e-10 1.406403378e-10 1.42220181e-10 1.41430326e-10 1.493313257e-10 1.588128562e-10 1.477511578e-10 1.445907053e-10 1.335290208e-10 1.469609841e-10 1.382698693e-10 1.453808871e-10 1.366895843e-10 1.358993578e-10 1.422203345e-10 1.390598526e-10 1.390599367e-10 1.564424674e-10 1.29578597e-10 1.398501525e-10 1.358995484e-10 1.374796169e-10 1.517016244e-10 1.548622661e-10 1.596026542e-10 1.493312118e-10 1.248379023e-10 1.493315016e-10 1.477512354e-10 1.453809707e-10 1.303686755e-10 1.335291089e-10 1.39850049e-10 1.461709066e-10 1.240477748e-10 1.335291004e-10 1.327390532e-10 1.327391698e-10 1.272082901e-10 1.33528962e-10 1.461710776e-10 1.208874099e-10 1.27208063e-10 1.374796161e-10 1.272082222e-10 1.453807143e-10 1.224673915e-10 1.327391225e-10 1.38269763e-10 1.200971412e-10 1.256279075e-10 1.335291336e-10 1.272084254e-10 1.327389557e-10 1.438005815e-10 1.200972544e-10 1.358996494e-10 1.200973704e-10 1.335291542e-10 1.422204031e-10 1.311588035e-10 1.303687668e-10 1.17726933e-10 1.382697832e-10 1.279982654e-10 1.200970905e-10 1.374793896e-10 1.200971093e-10 1.28788404e-10 1.042948613e-10 1.177268745e-10 1.382695772e-10 1.177268626e-10 1.193070129e-10 1.287883963e-10 1.335292019e-10 1.287885e-10 1.153566492e-10 1.327388695e-10 1.200972205e-10 1.121958784e-10 1.01134542e-10 1.295785123e-10 1.232576077e-10 1.129862885e-10 1.16146551e-10 1.114058219e-10 1.082452022e-10 1.264178223e-10 1.208872329e-10 1.074554225e-10 1.287884455e-10 1.082455231e-10 1.058752493e-10 9.718383114e-11 1.082455484e-10 9.955422546e-11 1.177268671e-10 1.035048754e-10 1.10615839e-10 1.145663217e-10 1.066651645e-10 1.121961412e-10 1.106157694e-10 1.153564445e-10 1.240477302e-10 1.145663041e-10 9.323345566e-11 1.106156882e-10 9.560360238e-11 1.074553141e-10 
4.108590376e-11 5.293753017e-11 4.266607902e-11 4.81970032e-11 5.688817179e-11 4.503644881e-11 5.846831747e-11 4.8196852e-11 4.898707876e-11 4.187603293e-11 4.424626295e-11 3.713533312e-11 4.819692004e-11 4.582654677e-11 7.585080931e-11 5.925843492e-11 4.187597514e-11 5.846834029e-11 4.029575379e-11 4.898693136e-11 5.530787586e-11 5.767810261e-11 5.846831378e-11 4.977715497e-11 5.846846757e-11 5.293758841e-11 4.18759836e-11 4.266608167e-11 5.05672536e-11 4.898701438e-11 4.582656328e-11 4.661657509e-11 5.37277129e-11 4.740682551e-11 4.424635582e-11 4.81968309e-11 5.05672138e-11 6.478937278e-11 5.451786548e-11 5.68881429e-11 6.004862589e-11 5.293754648e-11 5.846831901e-11 5.530785935e-11 5.609789308e-11 5.530798065e-11 5.609813657e-11 5.925854683e-11 5.609807778e-11 5.293757922e-11 4.42463668e-11 7.269036536e-11 4.819684202e-11 5.688813779e-11 6.004866925e-11 5.925844355e-11 5.135736405e-11 5.688816072e-11 6.557930703e-11 5.056712276e-11 5.056722614e-11 4.740688386e-11 5.767822945e-11 5.846839414e-11 4.740680729e-11 5.293758431e-11 5.530789773e-11 5.45177925e-11 5.688811258e-11 5.056725189e-11 4.977704966e-11 5.76782787e-11 4.42462291e-11 5.84684987e-11 6.004859758e-11 5.056719765e-11 5.056730649e-11 6.32089613e-11 5.609811974e-11 6.320900003e-11 5.925847672e-11 5.29375532e-11 5.688804828e-11 5.767822272e-11 7.980138625e-11 7.348057915e-11 6.478927126e-11 5.609798673e-11 5.925846719e-11 6.399905638e-11 5.135724094e-11 6.32090956e-11 6.715946034e-11 5.688802625e-11 7.269036804e-11 6.953008426e-11 6.715953544e-11 5.925846835e-11 6.320903495e-11 5.372765079e-11 6.55793236e-11 6.399920668e-11 5.609808552e-11 6.636937143e-11 5.451779092e-11 4.977711416e-11 8.059153337e-11 6.399913053e-11 5.609799782e-11 6.873982514e-11 7.032023486e-11 6.320900896e-11 7.743092587e-11 6.478930368e-11 6.873992525e-11 6.557943236e-11 7.427073065e-11 7.111016611e-11 6.557934678e-11 6.083872707e-11 6.004850232e-11 7.74311028e-11 6.399916159e-11 7.98012177e-11 6.873985311e-11 6.794965932e-11 7.585070772e-11 7.585071862e-11 5.29376417e-11 6.320909841e-11 7.427065836e-11 6.478927689e-11 6.557938629e-11 6.952992734e-11 6.399922955e-11 5.53079642e-11 7.585088726e-11 6.399915246e-11 7.506071988e-11 7.032011084e-11 7.269049069e-11 5.135727492e-11 6.241889737e-11 6.636951685e-11 5.846840535e-11 7.111014504e-11 6.478938214e-11 7.111025765e-11 6.952983622e-11 6.873981545e-11 5.846844094e-11 7.506069177e-11 6.794975065e-11 7.190037719e-11 6.004862267e-11 6.636952069e-11 7.585079994e-11 5.925852691e-11 6.320898183e-11 7.03199741e-11 7.269027511e-11 7.822111381e-11 7.901140554e-11 7.901133593e-11 7.190041224e-11 7.585077491e-11 6.952991485e-11 6.241895874e-11 6.557945146e-11 7.6640977e-11 7.111026247e-11 7.190026354e-11 6.874005945e-11 7.427065409e-11 7.269037905e-11 6.873973951e-11 6.320899354e-11 7.269025614e-11 7.427064475e-11 6.794977856e-11 7.269040317e-11 9.007280787e-11 7.585097235e-11 7.506083954e-11 7.269036901e-11 8.533216375e-11 8.138154695e-11 6.004861932e-11 7.348052142e-11 7.269035553e-11 7.664094741e-11 8.138172256e-11 7.82213115e-11 6.715961841e-11 6.952997432e-11 7.90114916e-11 7.585084081e-11 6.557933567e-11 7.032006876e-11 6.715970266e-11 6.478911851e-11 6.952995924e-11 7.901125325e-11 8.138167768e-11 7.664092948e-11 7.585086382e-11 6.478911925e-11 8.217153793e-11 7.111013718e-11 7.901127965e-11 6.399915765e-11 8.375210838e-11 7.348047539e-11 7.427068528e-11 6.557938452e-11 8.454217539e-11 7.506078964e-11 7.74310765e-11 8.375200471e-11 6.873991999e-11 6.636961198e-11 7.190022199e-11 9.086303277e-11 7.664102267e-11 7.585091179e-11 7.3480594e-11 8.375197426e-11 8.21717083e-11 6.794960086e-11 7.822130901e-11 7.427064547e-11 5.451773408e-11 6.873976803e-11 6.16288879e-11 8.533231564e-11 6.083869071e-11 7.901144139e-11 7.190016106e-11 8.375208914e-11 7.901137014e-11 7.348051456e-11 7.032009521e-11 7.269036594e-11 7.585083227e-11 7.111016145e-11 7.190023967e-11 9.639366011e-11 7.664093703e-11 7.032007095e-11 6.715945584e-11 6.478925235e-11 6.478924215e-11 7.743108611e-11 7.190041895e-11 8.059153391e-11 8.138155719e-11 5.925856435e-11 8.13816683e-11 7.111019257e-11 7.664088154e-11 7.822122815e-11 6.320913395e-11 7.743108267e-11 7.427062271e-11 7.901128852e-11 8.138177491e-11 6.794967879e-11 6.004866879e-11 7.031990404e-11 8.375191748e-11 8.61223495e-11 6.873978612e-11 7.427060258e-11 7.19002533e-11 8.138166177e-11 6.873977808e-11 6.953005315e-11 6.71596582e-11 8.454203321e-11 6.952978917e-11 7.111012895e-11 6.952987261e-11 6.557940605e-11 8.928279245e-11 7.743112029e-11 7.111017954e-11 8.059133722e-11 7.427059806e-11 6.715951021e-11 6.636954287e-11 7.348058048e-11 8.53322521e-11 8.454201558e-11 8.691237691e-11 6.952995172e-11 7.34804229e-11 7.743113443e-11 6.636944724e-11 7.427066991e-11 7.19002739e-11 7.190033763e-11 7.269032748e-11 7.111011287e-11 8.217173288e-11 7.664083376e-11 6.399914707e-11 6.320905812e-11 7.901125079e-11 6.320909691e-11 7.585086091e-11 7.190031226e-11 7.190016925e-11 7.664109149e-11 8.217172867e-11 8.059149983e-11 7.427075273e-11 7.190029393e-11 7.980141511e-11 6.320911139e-11 4.661667838e-11 6.873982485e-11 6.636946357e-11 7.743094675e-11 7.585089154e-11 6.952986653e-11 5.767830815e-11 7.269045898e-11 6.952996202e-11 7.743098609e-11 7.42705183e-11 7.901135002e-11 7.585084309e-11 7.743128889e-11 5.293754711e-11 8.05916799e-11 8.375205659e-11 6.715948486e-11 7.032005815e-11 6.478919259e-11 8.138150856e-11 6.952988212e-11 5.846841521e-11 6.873978406e-11 7.032002832e-11 7.585090156e-11 7.822118144e-11 5.530775196e-11 6.715954543e-11 6.79497556e-11 7.111012897e-11 6.399907586e-11 7.585102486e-11 5.846832112e-11 6.715961039e-11 6.399902153e-11 6.557930029e-11 7.032011223e-11 6.557933535e-11 6.952983354e-11 6.63693689e-11 6.478917674e-11 6.794966602e-11 6.873976867e-11 5.846842158e-11 6.320906394e-11 8.059152763e-11 6.083859435e-11 6.241899835e-11 6.162882319e-11 5.767831141e-11 7.901115708e-11 5.688811228e-11 7.190024171e-11 7.743115441e-11 6.715966745e-11 6.320897756e-11 6.478924999e-11 5.925852619e-11 7.427055876e-11 6.320893965e-11 7.822114767e-11 6.636949943e-11 6.952979516e-11 6.71596304e-11 6.241889958e-11 5.53079127e-11 6.794972113e-11 6.162879716e-11 6.241888655e-11 6.636957082e-11 7.032001254e-11 5.609816208e-11 5.767811408e-11 5.767828285e-11 6.320908269e-11 5.846823775e-11 6.636956228e-11 5.214738303e-11 5.135729166e-11 6.399924456e-11 5.767827918e-11 4.977699383e-11 5.372772209e-11 8.296194573e-11 5.372756904e-11 6.63694562e-11 6.24189235e-11 5.214745256e-11 6.9529908e-11 5.293749025e-11 5.925841937e-11 6.162884233e-11 6.557947511e-11 6.873981588e-11 5.68883028e-11 5.372771898e-11 6.39992198e-11 5.135728986e-11 6.399917571e-11 7.348047919e-11 6.794980166e-11 5.846843202e-11 5.53077449e-11 5.372764849e-11 4.424645864e-11 6.873990599e-11 6.083878775e-11 5.609804253e-11 5.29375855e-11 5.530797509e-11 5.767824646e-11 4.424636412e-11 5.372761389e-11 5.688808225e-11 4.819691366e-11 5.372772065e-11 5.92584765e-11 5.056727083e-11 5.135731011e-11 5.688812723e-11 6.557926984e-11 5.609808503e-11 5.846842588e-11 5.293767031e-11 4.345632713e-11 5.846825899e-11 6.320911645e-11 5.530791837e-11 5.846839813e-11 6.636954426e-11 5.530789042e-11 4.345619786e-11 6.636950155e-11 3.871548561e-11 4.898708607e-11 4.345609827e-11 5.372758343e-11 6.557926142e-11 5.767812674e-11 4.424633093e-11 4.582657088e-11 6.557940295e-11 5.451775832e-11 5.372766679e-11 4.50363996e-11 4.898691682e-11 5.60979595e-11 4.97770731e-11 4.898708071e-11 5.372779823e-11 6.873983593e-11 4.424617057e-11 3.634529348e-11 4.898704379e-11 3.555501884e-11 5.530794255e-11 4.740665186e-11 4.58265593e-11 4.345633482e-11 4.50364621e-11 5.530799872e-11 5.530791423e-11 5.530796585e-11 4.424640278e-11 5.21474826e-11 4.977727719e-11 4.345624769e-11 4.977703919e-11 4.740682231e-11 5.135738127e-11 5.451777593e-11 4.740663871e-11 5.372758367e-11 5.609790644e-11 4.977708038e-11 3.555521743e-11 4.345625964e-11 4.18760329e-11 3.792549483e-11 4.187596219e-11 5.293768038e-11 
3.871557905e-11 3.792534279e-11 3.160455876e-11 3.476496518e-11 3.47649712e-11 4.108582093e-11 4.582652935e-11 4.108587183e-11 3.476493463e-11 4.108586937e-11 4.18759843e-11 4.582649464e-11 3.318471709e-11 3.634508616e-11 3.871556931e-11 3.160447564e-11 4.424635049e-11 3.476503693e-11 3.713539528e-11 4.424626684e-11 4.582670695e-11 3.792544116e-11 3.871548588e-11 3.713534503e-11 3.23946699e-11 5.293766044e-11 4.187608782e-11 3.713522852e-11 3.555507312e-11 4.266604395e-11 4.345617695e-11 4.661666673e-11 3.792556437e-11 3.555511622e-11 3.713526255e-11 4.503647763e-11 3.081443671e-11 3.160445655e-11 3.634514781e-11 4.345620399e-11 4.187599214e-11 4.266599532e-11 3.950569686e-11 4.345624956e-11 3.160458712e-11 3.792546235e-11 4.582653825e-11 4.345622471e-11 4.898696528e-11 4.345621211e-11 4.977715071e-11 4.108584754e-11 5.37276483e-11 3.555506565e-11 3.318477405e-11 4.740687702e-11 4.266610859e-11 4.424636373e-11 4.108593196e-11 3.318465778e-11 4.503640327e-11 4.424639952e-11 4.89870136e-11 4.345619789e-11 3.555509067e-11 4.187593297e-11 3.634522633e-11 4.81969274e-11 3.95057731e-11 4.503646782e-11 3.950569318e-11 5.056710012e-11 4.898708551e-11 4.424626493e-11 5.767825857e-11 3.792547633e-11 4.661663364e-11 4.345624872e-11 5.293761418e-11 5.451791899e-11 4.108590201e-11 4.345621769e-11 4.819695871e-11 5.372759015e-11 5.135726535e-11 4.582657362e-11 3.239451872e-11 5.13573375e-11 4.898704381e-11 4.266610702e-11 4.898704455e-11 4.819686099e-11 4.661655394e-11 4.10860497e-11 4.740673922e-11 3.871555292e-11 5.372774396e-11 4.740678804e-11 4.898703414e-11 5.056727847e-11 5.056722049e-11 4.977710419e-11 5.056710111e-11 4.582658501e-11 5.451783392e-11 5.293756952e-11 6.162879281e-11 4.58266293e-11 5.056729316e-11 5.530785578e-11 5.767819359e-11 5.372770882e-11 5.293756281e-11 6.71596358e-11 5.214746353e-11 6.004850267e-11 5.135729225e-11 5.056721557e-11 4.819691151e-11 4.187596777e-11 4.345628412e-11 5.135730823e-11 5.846846637e-11 4.977700429e-11 4.977714694e-11 5.135741998e-11 5.05672823e-11 6.004857839e-11 4.5826613e-11 5.135718804e-11 7.031998316e-11 4.50363836e-11 5.609810512e-11 4.898687866e-11 6.241907869e-11 7.348056977e-11 4.97772443e-11 5.214744376e-11 4.345615512e-11 5.214762005e-11 5.214743316e-11 4.740670561e-11 5.372778902e-11 5.135736174e-11 6.241897652e-11 4.819686889e-11 5.609790175e-11 4.977724987e-11 3.871547649e-11 5.846832167e-11 5.767827433e-11 6.794973441e-11 4.345619749e-11 5.688820196e-11 4.108588566e-11 5.214750112e-11 6.873991981e-11 6.083877308e-11 5.056724739e-11 6.162877632e-11 5.530790223e-11 5.530791737e-11 6.320894439e-11 5.214746858e-11 6.004862618e-11 5.135710146e-11 4.661670222e-11 4.977700973e-11 5.846836082e-11 6.083857446e-11 4.345615502e-11 6.320911739e-11 6.162877867e-11 6.320907623e-11 4.819701601e-11 6.557938776e-11 6.162875583e-11 6.162876753e-11 5.056722462e-11 5.688810363e-11 6.241902692e-11 5.609813733e-11 5.293756163e-11 6.478926726e-11 5.530805398e-11 6.004849407e-11 5.214739991e-11 5.293753901e-11 5.846842306e-11 6.320911832e-11 5.688829805e-11 5.925842732e-11 5.53079169e-11 5.76782519e-11 5.135740944e-11 5.293772496e-11 6.241888019e-11 6.320892237e-11 4.108580502e-11 6.478913313e-11 6.320906456e-11 5.293760194e-11 5.688807186e-11 5.76781449e-11 5.767822731e-11 6.557940508e-11 6.24190039e-11 6.162876026e-11 6.715959885e-11 4.661666882e-11 5.372772091e-11 5.925843316e-11 5.530796425e-11 6.320913869e-11 4.819691714e-11 6.478928852e-11 6.004869172e-11 5.767824726e-11 6.399907222e-11 4.740682793e-11 6.478934228e-11 5.372770245e-11 5.846825185e-11 6.715967479e-11 4.977714694e-11 6.873982277e-11 6.399916651e-11 5.846844524e-11 5.451783858e-11 5.925862491e-11 5.767813949e-11 6.320892134e-11 6.083873218e-11 5.530790747e-11 5.530794629e-11 4.582643321e-11 5.056724497e-11 7.506057216e-11 5.05672581e-11 7.032015263e-11 5.451775239e-11 5.451769381e-11 4.89871081e-11 7.111023475e-11 5.530781128e-11 6.478925171e-11 5.767823708e-11 6.083874167e-11 5.530787662e-11 7.427059776e-11 6.636946954e-11 4.819686791e-11 5.925840316e-11 4.898709599e-11 6.004847631e-11 5.451772292e-11 5.925837542e-11 4.424643656e-11 5.214754694e-11 4.266611725e-11 5.688811719e-11 4.89869699e-11 5.135726273e-11 4.977710022e-11 7.190026041e-11 6.478923829e-11 6.241888479e-11 5.372785091e-11 6.399912399e-11 6.00486294e-11 6.715956313e-11 4.819694509e-11 5.767812509e-11 5.76782369e-11 6.952997248e-11 6.241889478e-11 6.399911666e-11 5.135729719e-11 6.399918446e-11 6.873982518e-11 6.636952146e-11 5.688817408e-11 7.980142789e-11 4.898693498e-11 5.76782854e-11 4.582658751e-11 5.846846559e-11 6.083881661e-11 5.056725975e-11 6.794979987e-11 5.609810247e-11 6.873962369e-11 4.740675093e-11 5.530785854e-11 7.111017982e-11 5.688812024e-11 5.767828028e-11 5.372775681e-11 6.083875628e-11 5.688817249e-11 5.84684406e-11 6.399922788e-11 4.977715324e-11 5.45177864e-11 5.214748363e-11 6.873984371e-11 5.13573136e-11 5.530790583e-11 5.293754181e-11 5.451775873e-11 6.399924538e-11 6.004860524e-11 6.478922002e-11 5.293757438e-11 5.530795022e-11 5.846835604e-11 6.399923147e-11 4.898688604e-11 4.819689433e-11 6.004857798e-11 5.609796483e-11 4.977715913e-11 4.89871209e-11 6.557943134e-11 5.530802788e-11 5.451767814e-11 5.767813627e-11 5.293762054e-11 6.320900901e-11 5.45177246e-11 5.609807894e-11 5.925845559e-11 6.241900109e-11 5.214757598e-11 4.108590345e-11 5.214724031e-11 5.135745081e-11 5.45177105e-11 4.266599282e-11 6.241886249e-11 5.451775593e-11 5.609807082e-11 5.925849274e-11 6.320891548e-11 4.977723495e-11 5.609801263e-11 4.819688106e-11 5.214746747e-11 4.740684688e-11 5.293763449e-11 5.372760715e-11 6.083885265e-11 5.925835808e-11 5.451769203e-11 4.029575405e-11 6.557936429e-11 6.399899821e-11 6.162895523e-11 4.029581878e-11 5.214744365e-11 5.05673114e-11 4.81969704e-11 6.873981043e-11 5.056721335e-11 4.819685994e-11 3.871554371e-11 4.819686352e-11 5.13572144e-11 5.372763023e-11 5.135732542e-11 6.557940081e-11 5.688809672e-11 5.846821275e-11 4.424629959e-11 4.819685996e-11 4.661663062e-11 6.478937647e-11 5.214736186e-11 4.74066537e-11 3.950562463e-11 5.451778774e-11 5.135736863e-11 5.293767188e-11 5.530779846e-11 4.582652556e-11 5.135722773e-11 3.871553864e-11 4.424627138e-11 5.056722602e-11 4.582653793e-11 5.293768728e-11 4.977714403e-11 4.819691165e-11 5.372766848e-11 5.767824955e-11 4.819697621e-11 5.530788101e-11 4.977707237e-11 4.661673138e-11 4.503643474e-11 4.898697361e-11 5.135729958e-11 3.792532775e-11 4.187598284e-11 4.266616522e-11 5.530790495e-11 5.293754944e-11 5.767830967e-11 5.60979761e-11 5.609805864e-11 5.767824476e-11 3.476492159e-11 4.819689024e-11 6.004864493e-11 6.00484305e-11 4.029574972e-11 4.898698798e-11 4.898707908e-11 4.661671831e-11 5.056724268e-11 5.609808774e-11 4.661666022e-11 4.819686978e-11 5.530790898e-11 4.58265728e-11 4.345626855e-11 4.740688096e-11 5.451770008e-11 4.503639011e-11 5.372771856e-11 3.713525944e-11 4.582664321e-11 4.977721295e-11 4.345622408e-11 4.582662692e-11 5.056724992e-11 4.424634665e-11 4.187609286e-11 4.503636132e-11 4.266613339e-11 4.582654808e-11 3.239450834e-11 4.187601935e-11 4.108576161e-11 4.029567348e-11 3.950566017e-11 4.424628361e-11 3.713533361e-11 4.740682499e-11 4.424639122e-11 4.345624574e-11 4.345626972e-11 3.318482536e-11 4.661671739e-11 5.846839692e-11 4.108587008e-11 4.582663016e-11 4.424630244e-11 3.871554127e-11 3.871558297e-11 3.871553435e-11 4.187598649e-11 3.713526737e-11 3.792545957e-11 3.950561227e-11 4.503651665e-11 4.503642216e-11 3.476499275e-11 4.10859165e-11 3.7135364e-11 3.476488422e-11 4.424646005e-11 3.950566819e-11 4.266608325e-11 3.950567533e-11 4.029574071e-11 4.740680585e-11 3.792554439e-11 3.634521552e-11 4.661668115e-11 3.002430176e-11 3.950563243e-11 4.898703866e-11 4.582666286e-11 5.21474912e-11 2.844407746e-11 4.029575811e-11 3.792537308e-11 3.318478529e-11 4.187589496e-11 4.187612589e-11 3.160453444e-11 3.081444781e-11 4.345624575e-11 4.503652814e-11 3.555503442e-11 2.607371654e-11 3.476495817e-11 3.239463995e-11 4.029574699e-11 3.713528894e-11 
3.081443116e-11 3.792548918e-11 3.318475466e-11 2.686378983e-11 2.844408818e-11 3.00243294e-11 2.686384632e-11 3.476505016e-11 4.029578848e-11 4.582660683e-11 3.47649235e-11 4.02958268e-11 3.08143768e-11 2.765389818e-11 3.160449581e-11 2.528365201e-11 2.686374888e-11 3.081430157e-11 3.318485747e-11 4.424626278e-11 3.160446975e-11 2.449338834e-11 3.31847433e-11 2.68638447e-11 3.476503254e-11 4.740666402e-11 3.476493302e-11 3.63452329e-11 3.318465041e-11 3.239462882e-11 4.187596318e-11 3.081437837e-11 4.187590969e-11 4.345632535e-11 4.345611123e-11 3.081439665e-11 3.47649443e-11 3.634516046e-11 4.740687141e-11 4.661667758e-11 3.160448846e-11 3.002422652e-11 3.871558347e-11 3.555512808e-11 3.318484964e-11 3.555506261e-11 2.844409122e-11 3.950562889e-11 3.160455176e-11 3.239465607e-11 3.792539687e-11 3.476487051e-11 4.187606479e-11 4.029578758e-11 3.792541879e-11 5.372776906e-11 4.424626247e-11 3.713533622e-11 3.713540241e-11 3.23946096e-11 3.950570255e-11 3.713533697e-11 3.713529324e-11 4.266617641e-11 4.582660645e-11 4.187599104e-11 4.108584136e-11 3.713522827e-11 3.555507657e-11 3.713529774e-11 4.898709634e-11 4.345610272e-11 4.18760911e-11 4.582641789e-11 4.661675998e-11 3.002437121e-11 3.476501799e-11 5.214759315e-11 4.029573463e-11 4.266611867e-11 4.819693028e-11 3.555508036e-11 3.634523471e-11 4.266610652e-11 4.266601096e-11 3.63451042e-11 4.740684095e-11 3.160452473e-11 4.424640563e-11 3.950563058e-11 3.713537037e-11 4.424630161e-11 4.740674279e-11 3.318469134e-11 4.582668126e-11 4.661667381e-11 3.950570641e-11 4.187588808e-11 5.056710073e-11 5.688821622e-11 4.661678987e-11 4.582659269e-11 4.582658664e-11 3.634523239e-11 3.476499968e-11 3.792541009e-11 4.819692086e-11 4.740685632e-11 4.977715336e-11 2.844402987e-11 4.424626212e-11 4.66166794e-11 4.582646859e-11 3.71353136e-11 4.661669997e-11 4.10859415e-11 4.345625357e-11 4.345624183e-11 3.79254365e-11 3.634523607e-11 5.688812816e-11 4.977713287e-11 5.056708254e-11 5.451786504e-11 4.266609165e-11 4.740674385e-11 4.345622969e-11 5.688817622e-11 4.108588471e-11 4.424640386e-11 4.819694081e-11 4.58265445e-11 3.95057328e-11 4.582662582e-11 4.819682611e-11 4.582654994e-11 5.135739111e-11 4.661664997e-11 4.740687752e-11 4.029572418e-11 4.740672849e-11 4.819677395e-11 5.135732443e-11 4.108572048e-11 4.266611484e-11 4.345620795e-11 4.661659013e-11 5.451786718e-11 4.424635459e-11 5.056724684e-11 4.424634585e-11 4.187597952e-11 4.661658858e-11 5.214734191e-11 6.004858995e-11 3.950552994e-11 5.293758825e-11 3.713524225e-11 5.214751875e-11 5.688815119e-11 5.451767797e-11 4.108598878e-11 5.609812517e-11 4.582663236e-11 6.162878948e-11 5.056732834e-11 6.320907308e-11 4.187596046e-11 5.767822086e-11 4.345619749e-11 4.26660774e-11 5.688810365e-11 5.293750282e-11 6.004864204e-11 5.1357239e-11 5.530794862e-11 5.21473548e-11 5.056729004e-11 4.029569597e-11 4.898702524e-11 4.977707076e-11 5.609797981e-11 6.241885246e-11 5.372772163e-11 5.609800794e-11 5.846834752e-11 4.345628929e-11 5.135738042e-11 4.977715214e-11 4.582661303e-11 6.083870352e-11 4.89869351e-11 5.451776636e-11 5.530781611e-11 5.688806423e-11 4.661660446e-11 5.530792513e-11 4.819697811e-11 4.34562334e-11 5.451787397e-11 5.293756884e-11 4.740679633e-11 4.97770822e-11 6.162874034e-11 6.083862814e-11 4.029574426e-11 4.582646699e-11 5.372778235e-11 5.688819356e-11 3.397487102e-11 4.424641352e-11 5.925843403e-11 4.819698815e-11 4.424629089e-11 4.187602293e-11 5.293757499e-11 4.661668088e-11 5.451777205e-11 3.634517836e-11 4.58265817e-11 5.60981516e-11 4.503648041e-11 4.503653107e-11 4.187596867e-11 6.399908251e-11 5.609807594e-11 4.108577512e-11 4.819687076e-11 5.214739486e-11 5.372772673e-11 5.056729057e-11 4.819691932e-11 4.187605928e-11 5.767824442e-11 4.266610237e-11 5.372764718e-11 4.977708941e-11 4.661666314e-11 5.056718203e-11 5.609802165e-11 5.293756215e-11 4.898708336e-11 4.977720375e-11 4.661663983e-11 4.740670609e-11 5.925846411e-11 4.424633587e-11 6.162887825e-11 4.661670593e-11 4.266602763e-11 4.898706503e-11 5.530794478e-11 5.056727066e-11 5.214741005e-11 5.135748199e-11 4.187597724e-11 4.819680467e-11 4.819685437e-11 4.661660158e-11 5.609808418e-11 4.819698025e-11 5.29375685e-11 5.214731602e-11 5.372759587e-11 5.135723439e-11 3.39748368e-11 6.004862945e-11 5.21473814e-11 5.846830853e-11 5.451772152e-11 3.476500092e-11 5.688817325e-11 4.345616544e-11 4.898708957e-11 4.187608929e-11 5.372776651e-11 3.950552489e-11 5.767808508e-11 4.58265739e-11 3.950568811e-11 4.819691976e-11 5.60980543e-11 4.58265093e-11 4.898707253e-11 5.609810202e-11 5.293763135e-11 4.661672145e-11 5.530791941e-11 3.950562803e-11 5.135741937e-11 5.530801334e-11 4.977724825e-11 4.424629605e-11 4.582660163e-11 5.293761028e-11 5.135736207e-11 4.582650343e-11 5.372769765e-11 4.740670346e-11 5.135734488e-11 5.135736554e-11 4.50365127e-11 5.609815374e-11 5.13573299e-11 4.187611669e-11 4.503647051e-11 4.582646672e-11 5.056729783e-11 5.293765335e-11 4.50364643e-11 4.898696539e-11 4.345621823e-11 4.582660055e-11 4.108597262e-11 5.37276561e-11 4.108580624e-11 6.63694636e-11 5.214739321e-11 4.266607658e-11 5.451763991e-11 5.293767703e-11 4.740674919e-11 5.293759801e-11 5.135738862e-11 5.214749939e-11 4.740686937e-11 5.13573987e-11 4.3456239e-11 5.688823376e-11 3.871559155e-11 6.162874772e-11 6.241886646e-11 4.582659791e-11 5.609793855e-11 4.661671228e-11 4.187588572e-11 4.819698156e-11 4.187597242e-11 4.977707325e-11 5.056708976e-11 5.372769646e-11 3.95056274e-11 4.898693042e-11 5.293749433e-11 4.898696584e-11 5.13572942e-11 4.661665331e-11 4.819686799e-11 5.530796102e-11 4.97770967e-11 4.661654444e-11 4.740689628e-11 4.819694422e-11 4.029581429e-11 4.345609039e-11 4.424641079e-11 4.977710718e-11 5.767824264e-11 4.582651094e-11 5.688808733e-11 4.819690492e-11 4.424637694e-11 4.266600323e-11 6.004843103e-11 6.39991607e-11 4.582653374e-11 4.029573951e-11 4.503640852e-11 3.871547283e-11 4.108582944e-11 4.424631718e-11 4.740665687e-11 5.609805978e-11 4.89870141e-11 4.819685636e-11 4.819693946e-11 6.083871461e-11 4.10859102e-11 4.898701304e-11 3.713535254e-11 4.266613376e-11 4.108585298e-11 4.898705989e-11 4.029588019e-11 4.661659828e-11 5.530802543e-11 4.503645703e-11 3.397487961e-11 4.740687609e-11 4.187588315e-11 4.819679746e-11 5.214752794e-11 3.713527433e-11 4.898702009e-11 4.819681534e-11 4.108591806e-11 4.898700859e-11 5.056722368e-11 3.87155445e-11 4.661674859e-11 3.871558468e-11 3.792540897e-11 3.555510271e-11 3.871552178e-11 4.424633149e-11 3.476491095e-11 4.029559407e-11 4.345618251e-11 5.135739118e-11 3.55551166e-11 3.555506994e-11 5.135720897e-11 4.187602964e-11 4.345618562e-11 4.029571795e-11 3.713530152e-11 4.187596395e-11 3.397484966e-11 4.89870554e-11 3.713524249e-11 3.318467205e-11 3.318479582e-11 4.345626571e-11 4.582656692e-11 3.397481699e-11 2.923419277e-11 4.661663202e-11 4.740683486e-11 3.555518545e-11 4.187592502e-11 4.977712071e-11 3.239462245e-11 3.71353013e-11 4.424634432e-11 3.002426991e-11 2.607368876e-11 4.108578365e-11 2.449348278e-11 3.871556215e-11 4.266603e-11 4.029572541e-11 4.345615391e-11 3.713528142e-11 3.318475486e-11 3.634523647e-11 3.555511695e-11 3.792559274e-11 3.002432128e-11 4.661678733e-11 3.555510507e-11 3.634523199e-11 3.397492708e-11 4.345626337e-11 2.92340645e-11 3.792545101e-11 3.002435098e-11 3.792552897e-11 3.397480316e-11 4.582645585e-11 3.476499664e-11 4.345618092e-11 3.79254212e-11 4.187605824e-11 3.00241692e-11 3.081435814e-11 3.634520854e-11 4.503632218e-11 2.923415031e-11 3.871551248e-11 3.160455398e-11 2.528360745e-11 2.765399327e-11 4.898710253e-11 4.187596783e-11 3.713538968e-11 4.819694649e-11 3.792545445e-11 3.318472438e-11 3.318470494e-11 3.002437449e-11 2.844407673e-11 2.212312757e-11 3.555512523e-11 3.239464842e-11 3.397480107e-11 3.160449533e-11 3.16044882e-11 4.345632393e-11 3.081446391e-11 3.476497632e-11 2.212324345e-11 4.029577955e-11 3.160455354e-11 4.108575518e-11 2.844405519e-11 2.133305203e-11 3.792554117e-11 3.555510412e-11 2.291332781e-11 3.397476726e-11 2.054280042e-11 
3.239463527e-11 2.13330257e-11 3.081442332e-11 2.21231387e-11 2.528365468e-11 2.765392841e-11 3.002426481e-11 3.081443195e-11 1.422199212e-11 3.555514766e-11 2.528356602e-11 2.686385656e-11 2.923419888e-11 2.923422747e-11 2.686378049e-11 3.713538497e-11 3.476489593e-11 3.002425732e-11 2.449345271e-11 3.792549488e-11 3.397486062e-11 2.370338452e-11 3.397476709e-11 3.476493953e-11 3.792540482e-11 3.160452928e-11 3.555516421e-11 3.871539546e-11 3.476495981e-11 3.555492588e-11 2.054299031e-11 4.108587872e-11 2.686382221e-11 3.1604509e-11 3.318482512e-11 3.239472761e-11 3.871550982e-11 4.029573392e-11 3.634535025e-11 2.844413533e-11 3.318471771e-11 3.318464104e-11 3.397478408e-11 2.370332697e-11 3.318473043e-11 3.950560383e-11 2.3703382e-11 4.187600389e-11 3.634521963e-11 3.476491775e-11 3.318480145e-11 4.187602998e-11 2.923421159e-11 2.844403563e-11 3.476495366e-11 3.634523407e-11 4.108581306e-11 3.081454261e-11 3.555504065e-11 2.84439665e-11 4.108580983e-11 3.3184757e-11 3.397489163e-11 4.02958637e-11 3.318471494e-11 3.318468619e-11 3.160446959e-11 3.397486827e-11 3.792543025e-11 2.84440835e-11 3.160436455e-11 4.424634087e-11 3.555504018e-11 2.054290411e-11 3.713524931e-11 3.002439405e-11 3.950560781e-11 3.081439933e-11 4.029562435e-11 4.266612255e-11 3.160451071e-11 3.634511829e-11 3.55551315e-11 4.582647882e-11 3.950556684e-11 3.792540846e-11 4.503647883e-11 2.92341956e-11 3.792537369e-11 3.239468215e-11 3.239467644e-11 4.34562638e-11 3.160456102e-11 3.871547761e-11 3.871543621e-11 3.871546532e-11 3.950567037e-11 2.923417672e-11 3.555499235e-11 4.819690039e-11 3.634509509e-11 3.397474625e-11 3.39748997e-11 4.029569698e-11 4.18760079e-11 3.634507553e-11 4.02957682e-11 3.713521544e-11 5.135746948e-11 4.503639404e-11 4.345621033e-11 4.266607652e-11 3.397470179e-11 3.555505773e-11 4.108600831e-11 4.108583546e-11 3.476499435e-11 3.95056209e-11 3.318466861e-11 4.661668454e-11 4.108591363e-11 3.31847155e-11 2.291325008e-11 4.345623739e-11 4.819684565e-11 3.713535222e-11 4.187599516e-11 3.871548157e-11 4.503652854e-11 3.47649697e-11 3.081443726e-11 3.871560144e-11 3.634518278e-11 3.555505005e-11 3.871554042e-11 5.214741057e-11 4.345619541e-11 4.503649836e-11 4.108591631e-11 4.740676333e-11 3.397496261e-11 4.503645607e-11 4.345624226e-11 4.898697483e-11 3.950560174e-11 4.740683156e-11 3.9505645e-11 4.108590013e-11 3.950559919e-11 4.345616187e-11 4.582650706e-11 3.397487639e-11 4.029583531e-11 4.661669217e-11 4.187596059e-11 4.187599866e-11 4.740686762e-11 3.950559216e-11 5.688816417e-11 3.318473727e-11 3.081441671e-11 4.977697369e-11 5.056731393e-11 5.13572574e-11 4.345623961e-11 4.424622417e-11 3.318478996e-11 4.582650585e-11 4.187607884e-11 4.977710931e-11 4.740674862e-11 4.740676117e-11 3.713536928e-11 4.740669835e-11 4.266608503e-11 4.503647852e-11 5.372759598e-11 4.582659217e-11 4.187599373e-11 3.713536136e-11 4.503647928e-11 4.0295838e-11 3.081441257e-11 4.661664869e-11 4.661652792e-11 3.950570867e-11 4.424633026e-11 4.18760542e-11 4.503645213e-11 4.661666996e-11 5.451777614e-11 4.740672644e-11 3.318477358e-11 5.214748349e-11 5.214746489e-11 4.898707406e-11 4.424646755e-11 4.661666311e-11 4.819686778e-11 3.871560046e-11 4.740671128e-11 3.871550367e-11 4.108593003e-11 4.898692235e-11 4.108592925e-11 4.740670276e-11 4.898695106e-11 4.503631347e-11 4.977717353e-11 5.135740023e-11 4.02957987e-11 4.898703077e-11 5.451783873e-11 5.135730199e-11 5.688803403e-11 4.661662085e-11 5.372776222e-11 5.214749001e-11 5.056727885e-11 3.9505604e-11 4.582661073e-11 4.187590269e-11 4.661666152e-11 5.530804992e-11 5.372767467e-11 5.135723797e-11 4.424624769e-11 3.002423979e-11 5.29376405e-11 5.214733665e-11 4.108577696e-11 5.056733379e-11 4.582658891e-11 4.503644167e-11 4.819693344e-11 4.029572908e-11 5.451784196e-11 5.214751983e-11 4.819689202e-11 4.503637855e-11 4.977707462e-11 4.740681301e-11 5.135743943e-11 4.661678068e-11 4.345620803e-11 4.503647143e-11 4.89870224e-11 5.214748706e-11 4.582668725e-11 5.372772443e-11 4.108594268e-11 4.898698801e-11 4.187597886e-11 4.424624662e-11 4.582664021e-11 4.029579493e-11 4.661667599e-11 4.503634388e-11 4.819685842e-11 4.661667138e-11 4.81969801e-11 4.503647458e-11 5.293757846e-11 4.108582565e-11 4.187595989e-11 5.451785175e-11 4.582653474e-11 5.29376085e-11 4.582647303e-11 4.424629612e-11 4.345630618e-11 4.424613718e-11 4.108593461e-11 4.108586049e-11 4.503639922e-11 4.50364743e-11 5.609799884e-11 4.108593615e-11 5.372766723e-11 3.397486857e-11 5.056709815e-11 5.372781507e-11 4.503644213e-11 4.187602752e-11 5.135733962e-11 4.503636332e-11 4.187601046e-11 5.609785487e-11 3.555506797e-11 4.108583207e-11 5.846836074e-11 4.661666635e-11 4.819684168e-11 5.372772971e-11 4.6616626e-11 4.819682667e-11 4.266612837e-11 4.503637653e-11 5.451777022e-11 3.792549177e-11 3.87155832e-11 5.056718387e-11 3.79253512e-11 5.056728348e-11 3.555501344e-11 4.898704595e-11 3.871555308e-11 4.029575684e-11 4.029562523e-11 3.871551483e-11 3.792553422e-11 3.634521144e-11 4.266615788e-11 4.977713701e-11 5.530790472e-11 4.34561655e-11 4.18760008e-11 4.582650617e-11 4.661664291e-11 4.58265784e-11 5.056732433e-11 4.661668612e-11 4.740670313e-11 4.266611219e-11 4.108586913e-11 5.135729336e-11 4.819686485e-11 4.898699445e-11 5.135739545e-11 3.871549589e-11 4.661663532e-11 4.345611567e-11 3.476500773e-11 4.582668976e-11 4.740677226e-11 2.844402559e-11 3.871550363e-11 4.187597732e-11 4.0295695e-11 5.056729002e-11 3.713534518e-11 3.871541382e-11 3.792544222e-11 4.424625377e-11 4.345607386e-11 4.661672115e-11 5.609798317e-11 4.266607493e-11 4.66166782e-11 4.029584786e-11 4.661653804e-11 3.634517893e-11 4.108587584e-11 4.503637313e-11 3.476492981e-11 4.187615698e-11 4.503637398e-11 4.34562223e-11 4.266608096e-11 3.555499288e-11 3.713523224e-11 5.293752426e-11 3.160445948e-11 4.661668586e-11 4.582652363e-11 4.424631595e-11 4.424625e-11 5.056719367e-11 3.713514672e-11 4.503654512e-11 3.239462249e-11 3.871558883e-11 4.108580533e-11 4.582650703e-11 3.555507334e-11 3.871557298e-11 4.108594542e-11 4.819694458e-11 3.713527079e-11 3.63451758e-11 3.713521693e-11 5.056721085e-11 2.923417582e-11 3.792546905e-11 4.029569758e-11 4.266609993e-11 4.503648309e-11 4.424638666e-11 3.397487979e-11 3.634516943e-11 3.792553889e-11 4.029576315e-11 3.476496634e-11 4.582658454e-11 4.108582629e-11 3.792550468e-11 4.424627799e-11 4.029578053e-11 3.555508597e-11 3.555515294e-11 3.713540881e-11 3.318476037e-11 2.923419775e-11 3.634519368e-11 4.108588493e-11 3.63452864e-11 4.108593454e-11 3.950566416e-11 3.555510197e-11 4.503640693e-11 3.397485829e-11 3.634522524e-11 4.345612617e-11 3.871546724e-11 3.397484462e-11 3.950556598e-11 2.923417771e-11 4.029565264e-11 3.476501185e-11 3.318479566e-11 4.108586882e-11 3.476495105e-11 3.555497316e-11 4.424629695e-11 4.97770695e-11 3.792538583e-11 3.713539696e-11 3.00242841e-11 3.397485126e-11 2.765401634e-11 4.424635281e-11 3.950564775e-11 3.792548028e-11 4.029563383e-11 3.55551381e-11 3.318470485e-11 3.476491961e-11 3.792552051e-11 2.923414237e-11 4.266602713e-11 4.10857777e-11 2.607378931e-11 2.528364144e-11 3.160453606e-11 3.87155039e-11 3.318467077e-11 4.187588565e-11 3.318465334e-11 3.476498929e-11 3.55550791e-11 3.239460154e-11 3.081438563e-11 3.318477378e-11 3.47649759e-11 3.555511275e-11 3.239461682e-11 2.923422086e-11 2.923407012e-11 3.950567455e-11 3.002429581e-11 3.160456075e-11 3.081442088e-11 2.844407779e-11 3.5555074e-11 3.16044874e-11 3.713528898e-11 3.713522657e-11 3.239464318e-11 2.923417862e-11 2.607378859e-11 3.160457663e-11 2.84439786e-11 2.92342381e-11 3.002436647e-11 3.950567755e-11 4.266601054e-11 3.160449303e-11 3.634520364e-11 3.318474668e-11 3.239448801e-11 3.397495758e-11 2.923413989e-11 3.555517217e-11 3.713525861e-11 3.318473699e-11 2.133298946e-11 3.002430297e-11 3.239454912e-11 3.002429662e-11 2.291321598e-11 2.844411748e-11 2.528357189e-11 2.844402713e-11 2.844411998e-11 2.449345279e-11 2.923421893e-11 3.160448659e-11 2.37033426e-11 4.108575763e-11 2.370340853e-11 4.108595535e-11 
1.81726403e-11 3.002435456e-11 2.765396284e-11 3.081441232e-11 2.291327684e-11 2.923418153e-11 3.397491164e-11 3.160463004e-11 3.160455927e-11 2.054291764e-11 3.476503675e-11 2.291329267e-11 2.765393408e-11 2.528361378e-11 2.212314058e-11 2.133308191e-11 3.634520035e-11 2.607381803e-11 2.449351727e-11 2.370345315e-11 3.160447658e-11 2.449347237e-11 2.765400866e-11 2.291331771e-11 2.844409571e-11 3.318473108e-11 3.318478684e-11 3.239460697e-11 2.923411548e-11 3.79253747e-11 3.397484525e-11 2.686384125e-11 2.291327494e-11 3.792545988e-11 3.239463184e-11 3.081431064e-11 3.95056442e-11 2.607372942e-11 3.397485507e-11 2.607378709e-11 2.923415117e-11 3.160450704e-11 2.765402949e-11 2.686381048e-11 2.607365501e-11 2.923412558e-11 3.318468663e-11 3.318468945e-11 3.713529717e-11 3.713523324e-11 3.476495428e-11 2.44934889e-11 3.239462627e-11 2.686388206e-11 2.84440214e-11 2.765399212e-11 3.002423644e-11 3.476495309e-11 2.765392519e-11 2.923416119e-11 2.528366271e-11 3.555501069e-11 3.16044743e-11 3.476495218e-11 3.081446521e-11 3.476490043e-11 3.792543952e-11 3.476490184e-11 3.239471342e-11 2.370334074e-11 2.765404959e-11 2.607371968e-11 2.29133655e-11 3.160463402e-11 3.00243405e-11 3.002438214e-11 3.002421777e-11 2.607374447e-11 3.239470624e-11 2.370342618e-11 2.923408361e-11 3.239473416e-11 2.44934942e-11 4.503638622e-11 4.345616168e-11 3.792552851e-11 3.871545496e-11 3.555519168e-11 2.607371569e-11 2.844412828e-11 3.318477657e-11 3.397499343e-11 3.476502547e-11 4.108588633e-11 3.634530042e-11 2.370344603e-11 3.713534196e-11 3.160458316e-11 3.002437204e-11 4.424635911e-11 3.397498576e-11 3.476489208e-11 4.81968722e-11 3.081444851e-11 3.555510426e-11 4.740680595e-11 3.239461655e-11 4.029582943e-11 4.740686333e-11 3.160444571e-11 3.792549373e-11 3.634512937e-11 3.555515367e-11 4.424646823e-11 4.898686874e-11 3.634523052e-11 4.029576333e-11 3.318477288e-11 4.345622229e-11 4.266603723e-11 3.950562318e-11 3.792534982e-11 4.582658159e-11 3.713527079e-11 3.871558714e-11 3.397492105e-11 3.634519988e-11 3.871552126e-11 3.713526455e-11 3.555510988e-11 2.923419741e-11 3.555516126e-11 4.740678377e-11 3.871546284e-11 3.634525568e-11 4.108592594e-11 2.686378802e-11 3.555514268e-11 3.555491538e-11 3.239473599e-11 4.582653808e-11 4.582656362e-11 4.50362849e-11 2.607380554e-11 3.950556985e-11 4.740672509e-11 4.187607963e-11 3.950569559e-11 3.002424814e-11 3.713540928e-11 3.871557678e-11 3.950561222e-11 3.476499514e-11 3.792532019e-11 3.713537834e-11 5.214744616e-11 4.58265974e-11 4.345629873e-11 4.424626647e-11 3.397487494e-11 3.713525377e-11 4.029578813e-11 5.293758978e-11 4.582669793e-11 3.555511352e-11 3.871558579e-11 3.318468617e-11 4.345623922e-11 3.713530339e-11 4.740672968e-11 3.634517534e-11 3.634516039e-11 3.634518076e-11 3.476497822e-11 3.476502679e-11 3.555507563e-11 4.108588822e-11 3.239469178e-11 3.318473537e-11 3.160451342e-11 3.792535928e-11 4.108591176e-11 4.345626272e-11 3.555508288e-11 4.740682883e-11 4.424639287e-11 3.950571179e-11 4.187612564e-11 4.108591475e-11 3.081442008e-11 4.266617096e-11 3.555501949e-11 4.187595097e-11 4.266609283e-11 4.740678604e-11 4.345632509e-11 4.345631703e-11 4.740683998e-11 3.318466961e-11 4.582654649e-11 4.345632603e-11 4.108596742e-11 4.345620482e-11 4.029569562e-11 4.66167556e-11 3.95056117e-11 5.530781431e-11 4.582647675e-11 3.871557964e-11 5.372777667e-11 3.31848231e-11 4.187603392e-11 3.555500536e-11 2.449347941e-11 3.95054923e-11 5.056726598e-11 4.108594241e-11 4.503655865e-11 5.056733774e-11 4.503653994e-11 4.424641023e-11 3.792545188e-11 2.686394022e-11 4.42462862e-11 3.555508912e-11 3.71351532e-11 4.503650313e-11 4.187589204e-11 4.503653177e-11 3.792528536e-11 3.555503216e-11 4.187594713e-11 3.160456142e-11 4.187594685e-11 4.029583147e-11 4.108596908e-11 3.634523896e-11 4.029585597e-11 5.29375501e-11 5.214753389e-11 5.214757749e-11 4.187596106e-11 4.266616832e-11 4.898701934e-11 3.713533692e-11 4.503643824e-11 4.740688862e-11 3.713534071e-11 4.898721288e-11 4.424635375e-11 3.950564561e-11 5.372761509e-11 4.187597982e-11 4.819691627e-11 4.740680932e-11 3.713519687e-11 3.713527163e-11 4.108583174e-11 3.950558601e-11 4.266606586e-11 4.424640398e-11 4.661671748e-11 4.740692087e-11 4.187600477e-11 4.266597086e-11 4.661668112e-11 5.056723675e-11 3.318471511e-11 4.345626746e-11 4.582653051e-11 4.740672779e-11 4.345615206e-11 4.108579779e-11 3.950563485e-11 5.135736568e-11 5.688820985e-11 4.582655042e-11 4.266617434e-11 4.503644851e-11 4.266604216e-11 6.004857807e-11 3.00243141e-11 4.187588551e-11 3.397485659e-11 4.661661019e-11 4.898705818e-11 4.661660881e-11 4.345623973e-11 4.503649999e-11 3.634519085e-11 3.950561543e-11 3.950565273e-11 4.582651373e-11 4.187594544e-11 4.582653841e-11 4.10858372e-11 3.950563324e-11 3.950571015e-11 3.792544361e-11 4.898713046e-11 4.74068607e-11 4.42462841e-11 4.819692563e-11 4.266617894e-11 4.345627663e-11 5.135737596e-11 3.792544182e-11 4.187589935e-11 4.029583198e-11 4.345613493e-11 3.397485467e-11 4.661673265e-11 6.083872844e-11 3.792540972e-11 4.26660865e-11 4.4246218e-11 5.372775165e-11 4.582660181e-11 4.266612267e-11 4.819687391e-11 3.634534906e-11 3.792546628e-11 3.792542211e-11 4.029571777e-11 4.582661386e-11 3.634512544e-11 5.135741707e-11 3.871558927e-11 4.029577765e-11 3.476493373e-11 4.582648299e-11 4.029575057e-11 3.871554876e-11 3.950561262e-11 3.160451925e-11 4.503629838e-11 4.740658105e-11 3.476491214e-11 3.476495478e-11 4.740687096e-11 4.819693109e-11 5.056725937e-11 3.239461473e-11 3.239474021e-11 3.713536234e-11 4.50365357e-11 3.87154843e-11 4.424634911e-11 4.266609757e-11 5.214745941e-11 4.819689729e-11 3.476504763e-11 4.42463427e-11 5.056722991e-11 3.95056674e-11 4.740680067e-11 4.266613587e-11 4.187600323e-11 2.607374493e-11 4.266618535e-11 3.476493982e-11 3.634516657e-11 3.476508492e-11 4.740677513e-11 3.397489854e-11 4.661658019e-11 4.661656744e-11 3.634522293e-11 4.424635365e-11 3.555499641e-11 3.081422731e-11 3.476492727e-11 4.266609881e-11 4.42463606e-11 3.160448504e-11 4.977715877e-11 3.318473714e-11 3.555518795e-11 3.792546446e-11 2.923414619e-11 4.266612452e-11 4.108586007e-11 4.503648291e-11 4.108584828e-11 3.239454973e-11 2.76539255e-11 4.187604863e-11 3.39748551e-11 3.397478049e-11 2.765405053e-11 4.187605005e-11 3.476496363e-11 3.16044899e-11 2.923420861e-11 3.160458884e-11 3.792535091e-11 3.160439897e-11 3.871552457e-11 3.160452123e-11 3.160447624e-11 3.634518276e-11 4.740674349e-11 4.266613107e-11 3.555502758e-11 4.503646183e-11 3.318471387e-11 2.844411787e-11 3.792548843e-11 2.607369655e-11 3.239452649e-11 3.634532848e-11 3.871549098e-11 3.950560111e-11 4.108594624e-11 2.607375468e-11 3.318468542e-11 3.555513796e-11 3.397491523e-11 2.528364645e-11 3.081446516e-11 3.476501816e-11 3.476511249e-11 3.634507238e-11 4.108585207e-11 3.397491308e-11 3.871553098e-11 3.397490498e-11 3.476492511e-11 2.923420691e-11 2.923422398e-11 3.476498103e-11 2.686378982e-11 3.081451426e-11 3.950561147e-11 3.713527518e-11 2.607372872e-11 2.449348576e-11 3.16044725e-11 3.476502349e-11 3.160455328e-11 3.31847955e-11 3.002426848e-11 3.002433107e-11 3.318474147e-11 2.844408452e-11 3.239460188e-11 3.476502009e-11 3.397482341e-11 3.239459306e-11 3.871557456e-11 2.528358409e-11 3.239458072e-11 2.844400162e-11 3.476487565e-11 3.476487935e-11 3.397485504e-11 3.713534931e-11 2.765397117e-11 3.397484915e-11 2.686383575e-11 2.844407585e-11 2.923437206e-11 2.76540249e-11 2.212313073e-11 1.975275336e-11 2.923411291e-11 4.187608912e-11 3.555499321e-11 3.160456635e-11 3.476496242e-11 2.765397788e-11 2.528368578e-11 2.607376703e-11 2.923420938e-11 3.397487233e-11 3.239460991e-11 4.266621887e-11 2.923416001e-11 3.713529667e-11 1.896270416e-11 2.054292025e-11 3.318475651e-11 2.212314456e-11 2.528362969e-11 3.397492008e-11 3.081435663e-11 3.002433482e-11 2.765398415e-11 2.054295495e-11 2.923416259e-11 2.370341027e-11 2.528361474e-11 3.2394486e-11 2.528363735e-11 3.2394647e-11 2.923434886e-11 2.765394031e-11 3.239472619e-11 3.002417988e-11 2.607367679e-11 2.765396323e-11 
2.607375066e-11 1.659239761e-11 2.291324444e-11 3.397482253e-11 2.68637984e-11 2.765404045e-11 2.370345635e-11 3.634517217e-11 2.765395827e-11 2.528366683e-11 2.923431443e-11 2.844409541e-11 1.975269592e-11 2.449349332e-11 2.686379541e-11 2.765393235e-11 2.449358385e-11 1.817258176e-11 3.555501989e-11 2.212317946e-11 3.871549685e-11 2.765400032e-11 3.160458666e-11 2.449352196e-11 2.92341187e-11 2.686376902e-11 3.476508775e-11 1.817260513e-11 2.765381956e-11 3.239469281e-11 2.686385652e-11 2.607374394e-11 3.634514524e-11 3.39748484e-11 2.765399441e-11 3.002425993e-11 3.318470171e-11 3.476505461e-11 3.160451373e-11 3.47648294e-11 2.923415547e-11 2.370343961e-11 3.002428917e-11 2.92342904e-11 2.686382744e-11 2.923420116e-11 3.713532048e-11 3.160459791e-11 2.528361401e-11 2.44934403e-11 3.555506818e-11 3.713530645e-11 3.081445939e-11 2.607373894e-11 2.686384067e-11 2.765394295e-11 2.844410579e-11 2.686382024e-11 2.449347223e-11 2.686382422e-11 3.318465366e-11 2.844408627e-11 3.00243557e-11 2.37034006e-11 3.16045488e-11 4.424628011e-11 3.555515285e-11 3.081443071e-11 2.133306441e-11 2.528362783e-11 3.871543609e-11 3.160455458e-11 3.239464725e-11 3.081448911e-11 3.950565559e-11 3.713523514e-11 2.686381986e-11 3.318480962e-11 3.476496751e-11 2.923422425e-11 3.239462853e-11 3.397483899e-11 3.002430597e-11 2.765397085e-11 3.555509116e-11 2.765394503e-11 3.871558693e-11 3.871552197e-11 4.029570222e-11 3.239463116e-11 3.318467182e-11 3.792542189e-11 2.686382197e-11 2.52835995e-11 3.950569372e-11 2.76539279e-11 3.081442727e-11 3.397480658e-11 4.029587389e-11 3.950568475e-11 3.160449718e-11 2.528362597e-11 2.923414198e-11 3.318478653e-11 4.503643359e-11 4.58265369e-11 3.239462209e-11 2.370343133e-11 3.081439003e-11 2.528368259e-11 3.555515911e-11 3.950572019e-11 3.792538375e-11 3.160450089e-11 3.081444444e-11 4.187597769e-11 3.634519409e-11 3.950560144e-11 3.081439109e-11 3.634508785e-11 4.266610695e-11 3.397487775e-11 3.397482638e-11 2.844402875e-11 3.160455158e-11 3.397490821e-11 3.160447582e-11 3.634521766e-11 3.318471517e-11 2.449340962e-11 2.765396835e-11 3.871546932e-11 4.187597325e-11 3.239461737e-11 3.318480652e-11 3.476498772e-11 3.555502646e-11 3.713521834e-11 4.266615624e-11 4.424631209e-11 3.871559728e-11 3.555512997e-11 4.108587857e-11 4.424638379e-11 3.71352613e-11 3.555498622e-11 3.160459134e-11 3.476500294e-11 2.765388425e-11 3.555516434e-11 3.792535993e-11 4.740668374e-11 3.397488973e-11 3.239469832e-11 3.239467483e-11 5.293748307e-11 4.345620033e-11 3.555506627e-11 3.002433109e-11 3.792547634e-11 3.792546868e-11 3.792551534e-11 4.10858694e-11 3.87156076e-11 3.476509521e-11 4.345628315e-11 3.950562862e-11 5.056714645e-11 4.029575598e-11 3.792541548e-11 2.844404103e-11 3.160460262e-11 3.950568541e-11 4.898704125e-11 3.634512249e-11 3.713534327e-11 3.792533655e-11 4.740695532e-11 4.582666147e-11 4.81968333e-11 3.634523978e-11 4.898714767e-11 3.792528954e-11 3.713532932e-11 3.79254866e-11 4.108608901e-11 3.871560726e-11 4.266608421e-11 3.950564522e-11 3.318487053e-11 3.950567508e-11 4.108584586e-11 3.397488189e-11 3.713538195e-11 4.029569912e-11 3.792540723e-11 3.002438442e-11 3.318475382e-11 4.345615323e-11 3.713534054e-11 4.029577618e-11 4.108587721e-11 4.187603469e-11 3.634516191e-11 3.792536305e-11 3.634521611e-11 3.634523851e-11 2.84440732e-11 4.187598711e-11 4.187598782e-11 4.345622983e-11 4.187595478e-11 3.634514655e-11 5.214739262e-11 4.029576725e-11 4.345619754e-11 4.266602532e-11 3.871559089e-11 2.923425981e-11 4.345626167e-11 4.029582269e-11 4.582654092e-11 5.609803758e-11 4.89869849e-11 5.056722672e-11 4.424628549e-11 3.871553698e-11 3.397499089e-11 4.661670438e-11 3.713531978e-11 3.634524956e-11 4.503640143e-11 4.661669021e-11 4.819689503e-11 4.266620849e-11 3.871558079e-11 3.950569806e-11 3.318478135e-11 4.977724227e-11 4.503651795e-11 3.634519259e-11 3.871550116e-11 4.029572095e-11 3.634515829e-11 3.792542341e-11 4.345623863e-11 4.898703432e-11 5.21474951e-11 5.530798736e-11 4.424635593e-11 4.108594061e-11 4.029582166e-11 3.871537428e-11 4.503634549e-11 3.318477265e-11 4.108587555e-11 4.345622001e-11 4.266617216e-11 3.950559897e-11 3.95055993e-11 3.397488343e-11 4.108581636e-11 3.792550481e-11 3.713534067e-11 3.634519703e-11 3.950574072e-11 4.42464395e-11 4.26661971e-11 3.792538e-11 4.819695766e-11 4.424630819e-11 3.871552115e-11 4.503641902e-11 4.345622316e-11 4.582661027e-11 3.55551009e-11 3.792543263e-11 4.3456228e-11 4.029578309e-11 3.318478715e-11 3.397482532e-11 3.397481972e-11 4.898701122e-11 4.661665647e-11 4.345618821e-11 3.239462005e-11 4.819696179e-11 3.239460434e-11 4.58264653e-11 4.345620413e-11 4.819691091e-11 3.871548284e-11 5.846837291e-11 3.950563663e-11 4.503648404e-11 4.02957866e-11 3.792544723e-11 2.765396729e-11 3.871562631e-11 4.503645533e-11 3.476495144e-11 4.582646044e-11 5.056731582e-11 4.819681646e-11 4.029575947e-11 4.029580265e-11 4.345619507e-11 4.1876094e-11 4.34563581e-11 5.056725667e-11 3.950561667e-11 3.239461367e-11 3.792548589e-11 4.108591018e-11 4.345619446e-11 4.503638486e-11 3.634529359e-11 3.239461738e-11 3.002434364e-11 3.871553701e-11 4.661667222e-11 3.239464356e-11 4.503655763e-11 4.740681784e-11 3.397492267e-11 3.081444586e-11 4.503639584e-11 3.002425805e-11 2.528369587e-11 4.424632322e-11 3.871560608e-11 4.582652561e-11 3.950562258e-11 3.476502382e-11 3.239458602e-11 4.977715818e-11 4.029579016e-11 3.792531981e-11 3.23946027e-11 3.318478859e-11 2.686385906e-11 4.187599258e-11 3.792532902e-11 4.266616706e-11 5.135735147e-11 4.187591699e-11 3.871556271e-11 2.528360339e-11 4.187595412e-11 3.318476988e-11 3.87154963e-11 3.950567905e-11 3.950572143e-11 4.187603112e-11 3.713538121e-11 3.081442479e-11 4.266618907e-11 3.792541192e-11 3.792546309e-11 4.503640835e-11 3.792543188e-11 3.239465126e-11 3.47649007e-11 3.476499514e-11 3.634532475e-11 2.528365744e-11 3.397478188e-11 2.844396528e-11 3.792548727e-11 4.029570347e-11 3.79255075e-11 3.002418449e-11 2.844403938e-11 3.239453754e-11 3.318470587e-11 4.187605765e-11 4.187610284e-11 3.239471568e-11 4.345623862e-11 3.239462696e-11 4.345620834e-11 3.002428349e-11 3.555506725e-11 3.713534179e-11 2.765400805e-11 3.239464926e-11 3.476482125e-11 3.318482833e-11 3.634529095e-11 4.424637077e-11 3.634522986e-11 3.239454418e-11 3.31847692e-11 4.345612368e-11 4.029570013e-11 3.634517803e-11 3.476504667e-11 3.950567342e-11 4.029574284e-11 3.555502424e-11 3.318476083e-11 4.266606334e-11 3.792537822e-11 3.239461142e-11 2.844407173e-11 3.950569797e-11 3.950553499e-11 3.318480191e-11 3.239461021e-11 3.002429395e-11 2.60737234e-11 3.555507915e-11 4.34562046e-11 3.239472336e-11 3.476503651e-11 2.37033016e-11 4.345626167e-11 3.713529609e-11 2.686381007e-11 3.713536461e-11 3.634517869e-11 3.318476994e-11 4.582644018e-11 3.555508078e-11 3.318484299e-11 3.160456805e-11 2.92342206e-11 4.029571025e-11 3.476495075e-11 2.844404008e-11 2.607367833e-11 3.871561765e-11 3.476502483e-11 2.607371553e-11 3.634521957e-11 2.528362882e-11 3.555513672e-11 2.765402033e-11 4.029559464e-11 3.792533688e-11 2.765393636e-11 2.291328076e-11 2.054292796e-11 3.318469067e-11 2.844404022e-11 2.68638648e-11 2.212324516e-11 3.318471319e-11 3.792547675e-11 4.187601003e-11 3.081438138e-11 3.3974945e-11 3.555511701e-11 2.607377929e-11 2.054295373e-11 3.002429217e-11 3.002419311e-11 2.607374333e-11 2.92341189e-11 2.844401528e-11 2.291332371e-11 3.31847856e-11 3.08143801e-11 3.002432301e-11 3.950564049e-11 2.923410922e-11 2.212309346e-11 2.923425917e-11 1.501218098e-11 2.84440088e-11 2.84439882e-11 2.765395386e-11 2.607374352e-11 2.686391792e-11 2.133308173e-11 2.92341903e-11 2.528364526e-11 2.607365706e-11 2.370345966e-11 1.975283099e-11 2.607371559e-11 3.239465944e-11 2.212307771e-11 2.923415813e-11 2.607375711e-11 2.844410209e-11 2.133307992e-11 2.686380575e-11 3.002434022e-11 2.212312845e-11 2.449346555e-11 2.44934576e-11 2.844403574e-11 1.975284755e-11 2.686388151e-11 2.29133459e-11 2.212318901e-11 1.817262091e-11 2.291331849e-11 2.686387473e-11 2.686386256e-11 
2.84440693e-11 1.81727016e-11 2.765396609e-11 1.817267904e-11 2.923417753e-11 2.133309038e-11 2.054298058e-11 2.844407121e-11 2.76539968e-11 2.370330522e-11 2.923415528e-11 2.765395373e-11 2.449343207e-11 2.054291853e-11 2.212319159e-11 2.054298756e-11 3.397487651e-11 2.923422785e-11 2.291333234e-11 3.239465508e-11 3.002428601e-11 2.528362828e-11 2.212311943e-11 2.528360366e-11 3.160448967e-11 3.002427121e-11 2.923417263e-11 2.528361854e-11 3.239466618e-11 2.291329594e-11 2.686387759e-11 2.92340835e-11 2.686378472e-11 3.318481309e-11 1.89627755e-11 2.054299353e-11 3.239465197e-11 2.686378876e-11 3.239450974e-11 2.449346549e-11 2.370343044e-11 2.607373058e-11 2.844406959e-11 2.054298866e-11 3.792545192e-11 2.923418665e-11 1.58023094e-11 2.607372403e-11 2.923418565e-11 1.580219639e-11 2.68638456e-11 1.42220131e-11 3.397472925e-11 2.29132601e-11 2.765392655e-11 3.871551906e-11 1.580223691e-11 2.52835331e-11 3.160445904e-11 2.686381237e-11 2.370341135e-11 3.160449726e-11 3.23945914e-11 3.55551955e-11 3.160453134e-11 3.160451218e-11 3.318483154e-11 3.792554609e-11 2.765405098e-11 2.84441621e-11 3.555503614e-11 3.239462901e-11 3.397483178e-11 3.239458022e-11 2.844417899e-11 3.476497636e-11 3.634515397e-11 3.160452306e-11 3.160460072e-11 3.318476455e-11 2.844409673e-11 3.476490152e-11 3.713523504e-11 2.923422242e-11 2.844407187e-11 2.92341341e-11 3.397494477e-11 3.476502771e-11 2.133310597e-11 2.054299651e-11 3.713532295e-11 3.476505533e-11 3.160449884e-11 2.844406689e-11 3.634507223e-11 2.291325733e-11 2.844412339e-11 3.002432154e-11 3.081436972e-11 3.713533479e-11 2.765401065e-11 3.950569328e-11 3.871553219e-11 3.871550395e-11 3.318475084e-11 3.476494452e-11 4.10858809e-11 3.634517141e-11 3.713541135e-11 3.08144903e-11 3.713525e-11 2.765399161e-11 2.449351663e-11 4.266607986e-11 3.16044573e-11 3.397487248e-11 3.950558667e-11 3.00242806e-11 3.634514875e-11 3.950560998e-11 4.108594106e-11 3.871545926e-11 3.239463319e-11 3.555508956e-11 3.555511157e-11 4.029576432e-11 3.6345197e-11 4.345614231e-11 3.160450783e-11 3.397483273e-11 4.819682453e-11 3.160452928e-11 3.397487967e-11 3.634525558e-11 3.002426934e-11 4.029588623e-11 3.476496977e-11 4.187596021e-11 3.397482443e-11 3.318475832e-11 4.661666877e-11 4.108594053e-11 3.318479818e-11 4.819693402e-11 3.476493308e-11 4.187594159e-11 4.187605945e-11 3.555522591e-11 3.318475429e-11 4.266613247e-11 3.239461544e-11 3.160452926e-11 4.50364265e-11 2.607373573e-11 4.503640699e-11 3.634518072e-11 4.10858422e-11 4.34561422e-11 4.187602657e-11 4.503643207e-11 4.345630922e-11 3.713542873e-11 3.950567024e-11 3.713538289e-11 3.555512751e-11 3.239469044e-11 3.555515751e-11 3.081452174e-11 3.871559432e-11 3.23946673e-11 3.318479186e-11 5.135720547e-11 3.871546089e-11 3.002420875e-11 4.187596612e-11 3.634510629e-11 4.345627522e-11 3.397484579e-11 4.029577594e-11 3.160456808e-11 4.108584635e-11 5.135733004e-11 4.187600798e-11 4.029572437e-11 3.871556985e-11 4.108577418e-11 3.950573773e-11 4.18760008e-11 3.792546431e-11 3.634525267e-11 3.397483698e-11 4.266607729e-11 4.582655197e-11 3.871558838e-11 4.819682402e-11 4.029563242e-11 4.029566464e-11 2.923418808e-11 3.318478707e-11 3.397491311e-11 4.661668751e-11 3.634518012e-11 4.187599135e-11 4.029578586e-11 4.108589214e-11 3.239458156e-11 3.713538559e-11 4.029584002e-11 4.345608384e-11 4.029579764e-11 4.029570296e-11 3.871566481e-11 3.55551412e-11 3.47649419e-11 3.87154927e-11 3.792540365e-11 3.6345144e-11 4.029580054e-11 3.87154875e-11 3.79253258e-11 3.397484384e-11 3.792539037e-11 3.950565491e-11 3.871560059e-11 4.266610578e-11 3.397485973e-11 4.661673301e-11 3.9505589e-11 4.187607887e-11 4.582664285e-11 3.476492326e-11 3.476481582e-11 5.135726512e-11 2.84441316e-11 4.029573327e-11 3.950577312e-11 4.266617779e-11 4.74068365e-11 3.871550009e-11 4.503639662e-11 3.871549506e-11 4.187600798e-11 4.266601641e-11 4.26660133e-11 3.555495235e-11 4.424638936e-11 3.713530009e-11 3.634525661e-11 4.266609781e-11 3.871549189e-11 3.871560521e-11 4.424635041e-11 3.160455569e-11 4.582649108e-11 2.923418086e-11 3.871557616e-11 4.266617405e-11 2.844402135e-11 3.318466939e-11 3.871553992e-11 3.713524505e-11 4.898710249e-11 4.582649285e-11 3.397482979e-11 3.397482778e-11 3.87156374e-11 3.397476416e-11 3.002432737e-11 3.634528401e-11 4.187603207e-11 3.397486785e-11 3.950575534e-11 3.39748805e-11 4.187599123e-11 5.056729817e-11 3.002425928e-11 3.476501081e-11 4.029580848e-11 3.713531858e-11 5.214744921e-11 5.609808443e-11 4.029571417e-11 3.792536638e-11 4.108592042e-11 3.634506887e-11 3.160449879e-11 4.819686282e-11 4.187602578e-11 4.819681237e-11 4.345614207e-11 3.71351715e-11 4.266610148e-11 4.108590507e-11 4.029566856e-11 3.871547281e-11 5.688812753e-11 3.950562183e-11 4.108594728e-11 3.476500944e-11 3.87156159e-11 4.50365805e-11 3.397480969e-11 3.871549927e-11 4.424632575e-11 3.081434634e-11 4.187591685e-11 3.950564259e-11 4.345619782e-11 3.239471085e-11 3.39748692e-11 3.476497602e-11 3.239471173e-11 2.765405197e-11 3.47649715e-11 4.18760018e-11 4.029577705e-11 3.63451512e-11 3.002427172e-11 3.476491959e-11 3.47649903e-11 3.871553777e-11 4.266607018e-11 3.713528684e-11 3.950567771e-11 2.607375451e-11 3.634516264e-11 3.634520162e-11 3.397477263e-11 3.160448827e-11 4.266617023e-11 3.318469571e-11 3.871548712e-11 5.135744964e-11 4.266603622e-11 3.476500825e-11 3.160454591e-11 4.10858135e-11 3.79255161e-11 3.713524922e-11 3.555501731e-11 4.582658411e-11 3.555513648e-11 4.503651466e-11 3.555500907e-11 4.424626912e-11 4.029578935e-11 3.239468227e-11 2.84440077e-11 4.424633683e-11 3.318478509e-11 3.871558521e-11 3.634528388e-11 3.634511919e-11 4.02957748e-11 3.713517948e-11 3.081438838e-11 3.476502522e-11 3.871557635e-11 4.187611465e-11 3.634518342e-11 4.10858175e-11 3.713528697e-11 4.187599749e-11 2.528364387e-11 4.345627346e-11 4.10858801e-11 3.950562661e-11 4.345619207e-11 3.792532153e-11 4.740684896e-11 2.92340694e-11 3.55550315e-11 4.10859036e-11 3.792543197e-11 3.792537464e-11 2.923414487e-11 3.792550311e-11 3.239474437e-11 4.108593392e-11 3.950570082e-11 4.266602e-11 3.63451211e-11 2.765404377e-11 3.792538447e-11 3.71353866e-11 3.871549897e-11 3.55550369e-11 3.160449663e-11 3.239452156e-11 3.476501111e-11 3.160443443e-11 3.081430115e-11 4.266621075e-11 2.607377552e-11 3.63452617e-11 3.239463229e-11 3.476502821e-11 3.79253486e-11 3.160457549e-11 2.923424837e-11 3.634516849e-11 4.029574174e-11 3.397479784e-11 3.239466197e-11 2.765392252e-11 2.686390424e-11 3.79255253e-11 3.476497603e-11 2.923424152e-11 3.55551062e-11 3.713526078e-11 2.765399261e-11 2.923415772e-11 3.23945782e-11 3.239461216e-11 2.84440553e-11 3.160446449e-11 3.55549897e-11 3.081434271e-11 3.002426875e-11 2.765397985e-11 3.002431905e-11 2.370339229e-11 2.449345708e-11 3.792557338e-11 3.39748882e-11 3.081439548e-11 3.476493501e-11 3.713521461e-11 2.844411777e-11 2.765401185e-11 3.081441723e-11 2.686383729e-11 3.476499261e-11 3.160446713e-11 3.160458948e-11 3.002434759e-11 2.291318202e-11 3.081451474e-11 3.555500031e-11 2.133301515e-11 2.370337687e-11 3.713520171e-11 3.081444032e-11 3.16045677e-11 3.160443556e-11 2.370330546e-11 2.449346879e-11 2.923420187e-11 3.081446617e-11 3.318482204e-11 3.002426834e-11 2.686378727e-11 2.370328998e-11 2.449352358e-11 3.239466135e-11 2.054293289e-11 1.65922936e-11 3.792533629e-11 3.476497413e-11 3.160456511e-11 2.449353426e-11 3.397490468e-11 2.291333904e-11 2.68637522e-11 3.555510771e-11 3.002433285e-11 4.34562322e-11 3.318480555e-11 2.44933939e-11 2.370337319e-11 3.160447412e-11 2.133301347e-11 2.370321821e-11 2.528356656e-11 3.160446886e-11 2.923416533e-11 2.449348861e-11 1.817262077e-11 1.896268356e-11 2.449345223e-11 2.923422889e-11 2.686383521e-11 2.607370087e-11 2.449348986e-11 2.449350203e-11 2.607375995e-11 2.844405078e-11 2.370341655e-11 3.397484776e-11 2.44934931e-11 2.844403485e-11 2.844409936e-11 1.975283067e-11 2.686371426e-11 2.449349712e-11 2.844403707e-11 1.97528715e-11 2.765397116e-11 2.844408077e-11 1.975277341e-11 
2.370335527e-11 2.054286092e-11 1.896276838e-11 3.160451761e-11 2.686380397e-11 2.133302946e-11 3.555513931e-11 1.975283023e-11 2.133304218e-11 2.212321691e-11 2.212323099e-11 1.580220372e-11 2.212323368e-11 2.212319883e-11 2.844407241e-11 1.97528535e-11 2.449344106e-11 2.528360168e-11 2.84440475e-11 2.765394089e-11 2.370328601e-11 3.002432247e-11 2.52835619e-11 2.686384084e-11 1.659240681e-11 2.370333927e-11 2.449355646e-11 2.923423499e-11 2.05429604e-11 2.054290739e-11 3.160457413e-11 2.68638257e-11 3.08144252e-11 1.343187678e-11 3.160451563e-11 2.923420578e-11 2.844404057e-11 2.05430351e-11 3.476503859e-11 2.370334191e-11 3.713520647e-11 2.686376687e-11 3.239461338e-11 3.081435858e-11 3.081439259e-11 3.160454844e-11 2.528363827e-11 3.160452085e-11 2.765397277e-11 2.686381056e-11 3.239467714e-11 3.397491052e-11 2.765405381e-11 2.370339285e-11 2.607370202e-11 3.318469182e-11 3.634525889e-11 3.397478267e-11 3.476496877e-11 3.239460182e-11 3.555513246e-11 2.765396937e-11 3.555508466e-11 3.00243827e-11 2.923425117e-11 3.318465691e-11 2.212317736e-11 3.476497978e-11 3.081445349e-11 2.291326244e-11 3.160442523e-11 2.765391071e-11 3.002425964e-11 2.84440685e-11 3.239470335e-11 3.318473543e-11 2.054295575e-11 3.476494583e-11 2.765389694e-11 3.950567431e-11 2.765389565e-11 3.160450196e-11 3.713536959e-11 2.923410438e-11 4.266606703e-11 3.55550857e-11 3.713523614e-11 3.23946356e-11 3.713527698e-11 2.844405518e-11 2.686389409e-11 2.765397692e-11 3.792553459e-11 2.686388145e-11 4.108582261e-11 2.449351812e-11 3.79254019e-11 2.449349503e-11 3.55550551e-11 3.713533079e-11 2.92341981e-11 3.081437774e-11 3.239456788e-11 3.002432199e-11 3.081441821e-11 3.792542812e-11 3.397487033e-11 2.923426117e-11 2.923427868e-11 2.68637856e-11 2.449350121e-11 3.081442165e-11 2.844401312e-11 4.345622334e-11 3.871555577e-11 3.002441039e-11 4.029574751e-11 4.029572893e-11 3.871560459e-11 2.84440465e-11 2.765390542e-11 3.792547385e-11 2.923422686e-11 3.792551255e-11 3.002420453e-11 3.160446274e-11 3.160451189e-11 3.318479447e-11 3.555491771e-11 3.002430127e-11 3.476505418e-11 3.792547833e-11 3.081439102e-11 3.239466068e-11 4.029580377e-11 2.923419412e-11 3.555512728e-11 3.081444501e-11 3.318470142e-11 4.108585906e-11 3.002422795e-11 3.239454643e-11 2.923411636e-11 2.686384045e-11 3.08144791e-11 3.871551609e-11 3.555499786e-11 3.476508121e-11 3.950568339e-11 4.108576747e-11 3.397488342e-11 3.2394668e-11 3.555504368e-11 3.160456552e-11 3.239466155e-11 4.345622869e-11 3.476493623e-11 3.950554555e-11 3.239465285e-11 4.5036311e-11 3.160454524e-11 3.081437708e-11 2.844403964e-11 3.792541679e-11 3.55550125e-11 3.950564549e-11 3.871556651e-11 3.634528456e-11 4.582656941e-11 3.634504643e-11 3.713531967e-11 3.555509192e-11 3.792543307e-11 3.792532675e-11 4.898703593e-11 4.74067832e-11 3.318480276e-11 3.871543101e-11 4.424632848e-11 3.792546188e-11 4.26661115e-11 3.792538908e-11 3.555512317e-11 3.713538913e-11 3.397496119e-11 4.266607507e-11 4.34562155e-11 4.582647903e-11 4.187604031e-11 5.688817648e-11 4.029577774e-11 3.23946465e-11 5.214740493e-11 4.4246371e-11 3.239462088e-11 4.977708473e-11 3.634515681e-11 3.397493019e-11 3.792543942e-11 3.713533294e-11 4.029577323e-11 4.582658775e-11 4.819698137e-11 4.266603291e-11 3.3974784e-11 4.424624755e-11 3.713537846e-11 3.160454135e-11 3.792547073e-11 3.792544829e-11 3.871551647e-11 3.950573948e-11 3.634513285e-11 4.661673684e-11 4.266609132e-11 4.029573544e-11 3.555501702e-11 4.819696038e-11 3.792544975e-11 3.239463242e-11 4.02956807e-11 3.476502691e-11 4.108590398e-11 3.871559398e-11 3.476499254e-11 4.50364249e-11 4.187600185e-11 4.10858879e-11 3.555514794e-11 3.160451184e-11 3.081433182e-11 3.713531387e-11 3.95057397e-11 3.002423723e-11 3.00242914e-11 4.424630132e-11 2.844411807e-11 3.792534344e-11 4.740681095e-11 3.318481044e-11 3.634515193e-11 4.029578043e-11 3.792544151e-11 4.819702783e-11 3.71353436e-11 4.266620659e-11 3.713534343e-11 4.345627125e-11 4.187599616e-11 3.31847436e-11 3.871552593e-11 3.634515419e-11 4.661668641e-11 3.713532788e-11 3.950569939e-11 3.713537989e-11 3.950561416e-11 4.74067317e-11 4.582655349e-11 3.950556369e-11 3.713532628e-11 4.819677782e-11 3.713527683e-11 3.792543923e-11 3.239469813e-11 4.108583881e-11 3.318473658e-11 3.555516019e-11 4.740683552e-11 4.424629848e-11 3.002430275e-11 3.239466395e-11 3.87154952e-11 4.345618593e-11 5.214730065e-11 2.923424728e-11 3.08143754e-11 2.7653855e-11 3.555508945e-11 4.266609332e-11 3.79254066e-11 4.029566433e-11 4.029578898e-11 4.740676926e-11 3.160454902e-11 3.95055115e-11 4.582650013e-11 4.58265878e-11 3.871553019e-11 4.108588957e-11 2.844408287e-11 4.108595833e-11 3.318469619e-11 3.950574633e-11 3.792544735e-11 2.844402561e-11 3.871537783e-11 3.950564039e-11 2.84439765e-11 4.187599861e-11 4.029573427e-11 3.634520422e-11 3.476503448e-11 3.476495723e-11 3.239464835e-11 3.397486766e-11 4.029586639e-11 3.476495339e-11 3.792539054e-11 4.424627875e-11 3.47649339e-11 3.081441876e-11 3.555511328e-11 3.16045007e-11 4.029592967e-11 3.950557755e-11 3.792545163e-11 3.634529213e-11 4.187600624e-11 3.950577921e-11 3.634523513e-11 3.2394618e-11 4.819693286e-11 4.1876e-11 3.476497572e-11 3.476488127e-11 3.792543003e-11 2.054296124e-11 4.898691721e-11 3.239472001e-11 3.713528693e-11 5.372772862e-11 2.844396826e-11 4.345623972e-11 3.160462335e-11 4.424635046e-11 4.266617247e-11 3.713537211e-11 3.792542562e-11 3.713535235e-11 3.160450076e-11 3.871553564e-11 3.555498807e-11 3.239472204e-11 3.555495604e-11 2.765397967e-11 4.108580019e-11 3.318474337e-11 4.187590468e-11 3.792532575e-11 3.476497015e-11 3.476496109e-11 3.08144577e-11 3.713531408e-11 3.002439592e-11 3.239464888e-11 3.397496134e-11 2.844410847e-11 3.081444729e-11 4.26661716e-11 3.792532177e-11 3.397484534e-11 2.528367484e-11 3.160461761e-11 3.63451509e-11 3.871551925e-11 3.081441096e-11 3.950564891e-11 4.503642106e-11 3.081448263e-11 3.318469373e-11 2.844408779e-11 2.291326165e-11 3.397491703e-11 2.765399317e-11 3.160448803e-11 4.029572294e-11 3.555518792e-11 2.92342023e-11 2.844414359e-11 1.896268303e-11 2.449359733e-11 3.002428421e-11 3.713524078e-11 3.318468005e-11 3.634525357e-11 3.397490019e-11 3.160446584e-11 3.318472664e-11 3.239468882e-11 3.476499413e-11 3.002439505e-11 3.1604483e-11 3.397491943e-11 4.108587738e-11 4.108590753e-11 2.528354101e-11 2.449350093e-11 3.713524479e-11 3.871553053e-11 3.397492007e-11 2.528364388e-11 2.844400976e-11 3.871549605e-11 3.081442456e-11 3.476499428e-11 2.528360654e-11 3.476500022e-11 4.345620268e-11 3.081442462e-11 3.081446026e-11 3.476498285e-11 3.871547334e-11 3.002421664e-11 4.108586392e-11 3.871564336e-11 3.081442241e-11 2.844410446e-11 2.370328341e-11 3.397483521e-11 3.555517314e-11 2.765387933e-11 2.607378348e-11 2.686368796e-11 3.318481558e-11 3.002433502e-11 2.84440991e-11 2.765392228e-11 3.397477488e-11 3.002436402e-11 3.713537973e-11 3.713536278e-11 2.686384747e-11 3.08143436e-11 2.686376263e-11 3.002432206e-11 3.792539747e-11 2.212315019e-11 2.291333911e-11 3.160461072e-11 3.31847562e-11 3.31847286e-11 2.844398546e-11 3.318461122e-11 2.133305168e-11 2.923408972e-11 2.607374116e-11 2.686389251e-11 2.449354386e-11 3.871549815e-11 2.528367446e-11 3.318465867e-11 2.844415118e-11 2.844411973e-11 2.449351887e-11 2.291330318e-11 3.002424622e-11 3.160455519e-11 2.686385302e-11 2.212316725e-11 2.923415508e-11 2.686382976e-11 3.16046e-11 3.318478506e-11 2.44934355e-11 3.002426564e-11 2.528359931e-11 2.686382393e-11 2.133306798e-11 2.449348286e-11 3.160453004e-11 1.975280696e-11 3.160456276e-11 2.212321402e-11 2.765387276e-11 2.686381029e-11 2.449345224e-11 2.686392589e-11 3.318469493e-11 1.97528541e-11 2.76539348e-11 1.975288928e-11 2.212318264e-11 2.923419392e-11 2.686384528e-11 3.081447506e-11 2.844408539e-11 1.817260222e-11 2.923408105e-11 3.002439212e-11 3.239470235e-11 1.896274779e-11 2.765393961e-11 1.580221858e-11 2.686385991e-11 1.2641852e-11 2.133309032e-11 2.449350028e-11 1.738242051e-11 2.133299426e-11 1.580221687e-11 
1.896277079e-11 2.528368478e-11 1.896269287e-11 2.528358034e-11 2.923424935e-11 2.76539618e-11 2.133305484e-11 1.896268576e-11 1.659231669e-11 2.291330675e-11 2.212319299e-11 2.212317955e-11 2.05427963e-11 3.239463467e-11 2.212314761e-11 2.686382552e-11 2.923421164e-11 1.817259475e-11 2.212314461e-11 2.765389344e-11 2.84441764e-11 2.923420331e-11 2.44934949e-11 2.8443986e-11 3.713538392e-11 2.528352987e-11 2.607375181e-11 2.844405917e-11 2.528362049e-11 2.9234293e-11 2.686385041e-11 2.60737634e-11 3.318472214e-11 2.370345423e-11 2.528357864e-11 2.370339245e-11 2.449342159e-11 2.528359598e-11 2.765399136e-11 3.318470832e-11 2.607378926e-11 2.212312741e-11 2.765387856e-11 3.397480846e-11 2.13330665e-11 4.187597917e-11 3.476506975e-11 3.00243563e-11 2.291330025e-11 3.871556129e-11 2.133309587e-11 2.923415001e-11 2.449355653e-11 2.686393816e-11 3.713533495e-11 2.844404407e-11 2.607368922e-11 2.92341403e-11 4.029573796e-11 2.686389721e-11 3.713525941e-11 3.397485183e-11 2.923416056e-11 3.476496433e-11 2.449343641e-11 2.844401855e-11 3.160449429e-11 3.476484857e-11 2.133311348e-11 3.476495939e-11 2.844402291e-11 2.528356857e-11 3.555494828e-11 2.765397191e-11 2.686387411e-11 3.318461568e-11 4.187595051e-11 3.476502527e-11 2.370339849e-11 2.528354355e-11 3.397480044e-11 3.08143994e-11 2.370345123e-11 2.765389733e-11 2.923414464e-11 2.37033892e-11 3.160461081e-11 3.63452535e-11 2.607372284e-11 2.607378682e-11 2.449350114e-11 2.212325269e-11 3.002435902e-11 2.291331767e-11 3.081430832e-11 2.923413729e-11 4.266606467e-11 3.476493318e-11 3.160455872e-11 2.844404964e-11 3.081446259e-11 3.55550298e-11 3.871545537e-11 3.555497988e-11 3.792543904e-11 2.923420396e-11 3.634524974e-11 3.792547039e-11 2.923422108e-11 3.239467522e-11 3.239465624e-11 3.555506857e-11 3.318476741e-11 3.160457993e-11 3.713536218e-11 3.713524309e-11 2.449346517e-11 3.002423319e-11 3.318472417e-11 3.318470613e-11 2.686384247e-11 3.871557655e-11 3.081452933e-11 3.792551929e-11 3.397495268e-11 3.397493196e-11 2.370337419e-11 2.686372472e-11 4.029581004e-11 3.792535801e-11 3.634529155e-11 3.239473554e-11 3.002423119e-11 3.002427215e-11 3.081446077e-11 3.476497109e-11 3.160456403e-11 2.923412208e-11 3.160457776e-11 3.47649969e-11 3.081433902e-11 4.187590266e-11 3.792540153e-11 3.713529064e-11 3.71354076e-11 3.713526296e-11 2.3703334e-11 3.081440244e-11 3.555508491e-11 3.555509141e-11 2.765387923e-11 2.765389217e-11 2.68638186e-11 3.160454781e-11 4.029585727e-11 3.476496006e-11 2.765397809e-11 2.370330847e-11 3.081450192e-11 3.55551127e-11 4.029569798e-11 3.555509629e-11 3.634523226e-11 4.582661478e-11 3.634516226e-11 3.79254482e-11 3.634513999e-11 3.634520589e-11 4.345636883e-11 3.792543953e-11 3.397482052e-11 3.792550768e-11 3.397483275e-11 3.397486176e-11 3.318482187e-11 3.081436003e-11 3.318476815e-11 3.476500031e-11 3.713525361e-11 3.476496321e-11 2.765384878e-11 4.42463452e-11 4.582660275e-11 3.318468839e-11 2.92342144e-11 3.081444836e-11 3.792546457e-11 4.108575608e-11 5.135734166e-11 5.214745555e-11 2.686386595e-11 3.555517755e-11 3.397482869e-11 3.160455469e-11 3.002428153e-11 4.108596892e-11 4.345615229e-11 4.345618294e-11 4.34563282e-11 4.187586774e-11 3.555514348e-11 4.345620169e-11 3.7135252e-11 4.503645142e-11 4.108592275e-11 3.950561501e-11 4.345613723e-11 3.160451456e-11 3.397490665e-11 4.029584368e-11 3.950565859e-11 2.923425309e-11 3.950567306e-11 3.713530152e-11 4.108590265e-11 4.029579856e-11 3.871546254e-11 3.792545787e-11 4.266618509e-11 4.029580951e-11 3.871546066e-11 4.187600017e-11 4.345625206e-11 3.476505194e-11 4.108584891e-11 3.318470091e-11 4.029587614e-11 3.634523387e-11 3.792540067e-11 3.239461042e-11 3.160449788e-11 5.846833976e-11 3.47650094e-11 3.081446352e-11 3.792545608e-11 3.160457998e-11 3.002429766e-11 4.029562684e-11 3.634519857e-11 4.266607476e-11 3.871553981e-11 4.108596448e-11 3.318475873e-11 4.029579863e-11 3.950570416e-11 4.582654516e-11 3.397486306e-11 4.661658916e-11 3.397479e-11 3.713531379e-11 3.318474909e-11 3.950561939e-11 3.081436482e-11 3.318481774e-11 3.555512895e-11 3.476501493e-11 3.713528556e-11 3.555512119e-11 2.765401993e-11 3.002427992e-11 3.792540889e-11 4.029567053e-11 3.239474566e-11 3.476499119e-11 4.819687348e-11 3.239468875e-11 3.555507973e-11 3.318473269e-11 3.081444887e-11 3.239470125e-11 3.871564848e-11 3.792538922e-11 3.318479356e-11 4.187605262e-11 3.318470491e-11 3.555511391e-11 4.977701342e-11 4.977707159e-11 3.555514383e-11 4.89870445e-11 4.345626677e-11 3.871550598e-11 3.871549258e-11 4.108595904e-11 4.187592287e-11 4.661668032e-11 3.318467758e-11 3.476506251e-11 3.318472986e-11 3.713526401e-11 3.792543494e-11 4.029579978e-11 3.71352733e-11 4.187596635e-11 3.79254031e-11 4.266594864e-11 4.424631078e-11 3.239465667e-11 4.108589361e-11 4.108592266e-11 4.424626755e-11 4.424628961e-11 4.266604491e-11 4.029573533e-11 3.002429901e-11 4.503650394e-11 2.607361753e-11 3.871551099e-11 3.16044943e-11 3.39748178e-11 2.370348251e-11 3.555507995e-11 3.871557592e-11 3.16044761e-11 3.081445494e-11 3.87155817e-11 4.582652549e-11 3.871564172e-11 2.84440133e-11 3.476501661e-11 3.476491312e-11 4.108591466e-11 3.950568184e-11 2.923426098e-11 3.634519801e-11 3.871551632e-11 4.740677653e-11 3.002428713e-11 4.819690073e-11 3.713529832e-11 3.871558697e-11 3.634519976e-11 3.239464027e-11 3.555512333e-11 3.634522899e-11 3.792554722e-11 3.318479423e-11 3.160456939e-11 3.555522678e-11 3.871550421e-11 2.923411728e-11 3.792541325e-11 3.713533603e-11 3.713538758e-11 3.792544883e-11 3.239457881e-11 3.160450009e-11 3.1604566e-11 4.029567262e-11 4.108599077e-11 3.39748672e-11 3.002433419e-11 4.424632125e-11 3.871554337e-11 3.87155542e-11 3.634521484e-11 3.950565874e-11 3.081439678e-11 3.239462938e-11 3.555515712e-11 3.55550474e-11 3.081433394e-11 3.792547735e-11 3.239448795e-11 3.002430844e-11 3.634523123e-11 3.871567871e-11 3.476494763e-11 4.108587626e-11 3.397490523e-11 4.02957178e-11 3.47648957e-11 3.634524414e-11 2.76538799e-11 2.370344353e-11 3.476497805e-11 3.792540548e-11 3.318476318e-11 2.607369703e-11 4.345626089e-11 3.871558742e-11 3.476491826e-11 2.844407602e-11 3.239460472e-11 2.291325062e-11 2.844406845e-11 3.871548962e-11 3.555499799e-11 3.239460927e-11 2.923420747e-11 3.239465865e-11 3.634520654e-11 2.528360735e-11 3.318476701e-11 2.449352291e-11 2.844411655e-11 3.397489137e-11 2.528356893e-11 3.555515966e-11 2.449343641e-11 2.607369787e-11 3.634511472e-11 3.160454946e-11 3.318462289e-11 2.765399354e-11 2.765399809e-11 2.844401404e-11 3.081439409e-11 3.081440414e-11 3.397478801e-11 2.765398074e-11 3.87155148e-11 3.002428846e-11 3.397498228e-11 2.528357544e-11 3.23946427e-11 4.029575714e-11 3.002433922e-11 3.55550509e-11 3.239473844e-11 2.449345637e-11 2.923411214e-11 3.239460101e-11 3.002431266e-11 3.792553184e-11 2.449356242e-11 3.002430876e-11 3.713534381e-11 2.76538875e-11 3.476501015e-11 3.318477714e-11 2.844397447e-11 2.686393049e-11 2.923416057e-11 3.871556433e-11 4.029581681e-11 2.686375603e-11 2.686385837e-11 3.002430173e-11 1.896272883e-11 2.212317228e-11 3.318469032e-11 3.476503165e-11 2.765403301e-11 2.607364769e-11 3.081439365e-11 2.370347645e-11 2.607378297e-11 2.686370952e-11 2.765392044e-11 2.449355104e-11 3.002423816e-11 3.002431254e-11 2.528359354e-11 3.239467089e-11 3.634526541e-11 2.212317618e-11 2.528364453e-11 2.686386917e-11 3.08142681e-11 2.528361547e-11 2.133306153e-11 2.528369473e-11 1.738251425e-11 2.686385215e-11 2.686375915e-11 2.370339911e-11 2.370337813e-11 2.765401905e-11 2.923415027e-11 2.765400864e-11 2.449348902e-11 2.686389414e-11 2.528350682e-11 2.528374511e-11 2.29132922e-11 3.397475391e-11 2.765386346e-11 2.133306224e-11 2.370343598e-11 2.765396412e-11 2.923425004e-11 2.765396225e-11 2.607362469e-11 2.76539937e-11 3.002425994e-11 2.528359501e-11 3.002428379e-11 2.37034359e-11 2.449349659e-11 1.975279789e-11 3.081440591e-11 1.738251083e-11 2.3703382e-11 2.054293776e-11 1.501215295e-11 2.133299897e-11 2.291317828e-11 2.449351076e-11 1.027149874e-11 1.89627195e-11 
1.659240371e-11 2.923410516e-11 2.686373449e-11 2.212323285e-11 2.923410057e-11 2.686389768e-11 1.975281419e-11 2.370343787e-11 1.896275119e-11 1.975284848e-11 1.738243448e-11 2.370342051e-11 2.528358357e-11 2.370341764e-11 2.133311744e-11 2.054293571e-11 2.686389785e-11 2.607375844e-11 2.686371867e-11 2.370331259e-11 2.607375906e-11 2.607375006e-11 2.370345115e-11 2.76539422e-11 3.002431944e-11 2.133299725e-11 2.923417159e-11 2.212318853e-11 2.054293331e-11 2.291318826e-11 1.738249318e-11 2.212319915e-11 2.686378782e-11 2.44934644e-11 3.634518582e-11 2.054292332e-11 3.160451298e-11 2.212315777e-11 3.081446539e-11 2.449354404e-11 3.002425297e-11 2.133307011e-11 4.029588277e-11 3.002428545e-11 3.239455907e-11 2.29132535e-11 3.002425506e-11 2.133309721e-11 2.212315459e-11 3.318475365e-11 2.765391735e-11 2.212310543e-11 3.318476103e-11 3.555506513e-11 2.923416684e-11 3.239475748e-11 2.370339316e-11 2.528364635e-11 3.476499559e-11 3.160437569e-11 3.476492117e-11 4.029579178e-11 2.528363303e-11 2.686398116e-11 3.476495216e-11 3.555505264e-11 3.792544752e-11 2.686379205e-11 2.607367144e-11 2.528365142e-11 3.239462265e-11 2.686381658e-11 2.291326836e-11 2.607380561e-11 3.002419933e-11 2.370340899e-11 3.871552139e-11 2.370342295e-11 3.002425127e-11 3.47649773e-11 3.239463079e-11 2.686384491e-11 2.92342261e-11 3.713520251e-11 1.975286368e-11 3.160459508e-11 3.476505877e-11 2.449343483e-11 3.002432375e-11 2.923416973e-11 3.555517275e-11 3.318476065e-11 3.555505736e-11 3.476494289e-11 2.844398587e-11 2.4493465e-11 2.923410942e-11 3.002424044e-11 2.60737e-11 3.081441069e-11 3.713514266e-11 3.318482961e-11 3.081442965e-11 3.713520352e-11 2.607373047e-11 3.476491649e-11 2.923425231e-11 2.923410779e-11 3.476497214e-11 2.844400891e-11 3.160454678e-11 3.713537118e-11 3.792543271e-11 3.476493255e-11 3.476503015e-11 3.160448603e-11 2.686382193e-11 2.607368506e-11 2.765401412e-11 3.081430023e-11 2.449351164e-11 3.318472665e-11 3.950567274e-11 3.871555134e-11 2.765406106e-11 3.239461015e-11 4.661670089e-11 3.476501624e-11 3.318469577e-11 4.424629294e-11 4.029569649e-11 3.002429569e-11 3.318478853e-11 3.476499864e-11 3.081441754e-11 3.792539775e-11 3.239455193e-11 4.424631661e-11 4.029571263e-11 2.844413216e-11 2.291319875e-11 3.318480025e-11 2.607380166e-11 2.133306156e-11 3.476505149e-11 3.871554457e-11 3.792550687e-11 3.476502199e-11 3.871555236e-11 3.397481288e-11 3.081442424e-11 3.63451412e-11 3.397489705e-11 3.713523008e-11 3.23946188e-11 3.713534809e-11 3.002432689e-11 3.63452035e-11 2.765394668e-11 4.345621719e-11 3.792541313e-11 3.39748006e-11 4.898703685e-11 3.239453926e-11 3.397486117e-11 3.476501877e-11 3.713530998e-11 3.634516498e-11 2.844399097e-11 3.634528271e-11 3.871553972e-11 4.18759555e-11 2.844408006e-11 2.844408882e-11 3.871553652e-11 3.239458295e-11 2.923418455e-11 2.765396892e-11 4.424629417e-11 3.950574087e-11 3.08144309e-11 3.634522191e-11 2.765395745e-11 3.397483763e-11 3.792551899e-11 3.950556716e-11 3.318470572e-11 3.634526709e-11 4.503647798e-11 2.528359519e-11 4.108593713e-11 3.713527633e-11 3.555516133e-11 4.187598799e-11 4.108585545e-11 4.503642227e-11 3.31847631e-11 4.582658183e-11 3.634511775e-11 3.476488845e-11 4.187605447e-11 3.239457284e-11 3.871542508e-11 4.34562173e-11 4.503647846e-11 4.029562539e-11 3.634515327e-11 3.397482934e-11 3.634517196e-11 3.160448675e-11 2.923414158e-11 3.476496677e-11 4.503646318e-11 4.187588219e-11 4.503648314e-11 3.081436679e-11 3.476504581e-11 4.187592677e-11 3.871562009e-11 4.108582297e-11 3.792534687e-11 3.318476883e-11 3.634516652e-11 3.634531425e-11 3.555508683e-11 4.345625799e-11 3.318466777e-11 4.345620938e-11 4.108595427e-11 3.397487089e-11 3.318475037e-11 3.871560195e-11 3.002433059e-11 3.318480911e-11 3.081438508e-11 3.555509262e-11 4.582660535e-11 4.58267061e-11 4.029571295e-11 4.661661992e-11 3.634525751e-11 2.923405308e-11 3.397489273e-11 4.503658389e-11 4.503640676e-11 4.898699871e-11 3.397484252e-11 4.108592117e-11 3.871562675e-11 2.844408628e-11 2.686380987e-11 4.108580866e-11 4.424633997e-11 3.79254113e-11 4.266609229e-11 4.503643472e-11 3.950563124e-11 3.160451714e-11 4.108584959e-11 3.397502936e-11 3.871540779e-11 5.609789518e-11 3.792547918e-11 4.582653792e-11 4.424631889e-11 2.844412027e-11 4.345634787e-11 4.582655493e-11 4.029574801e-11 3.950559891e-11 4.740669907e-11 4.187600496e-11 3.081441574e-11 3.081446017e-11 3.476498593e-11 3.160447942e-11 4.187595061e-11 3.081447664e-11 3.002429324e-11 3.160461038e-11 3.950569481e-11 4.34561522e-11 3.9505677e-11 3.081451317e-11 3.002426217e-11 3.871554526e-11 4.582643427e-11 2.765395033e-11 3.239466627e-11 3.476506689e-11 4.187597415e-11 3.871551236e-11 3.397492312e-11 3.792535453e-11 3.239476788e-11 3.871551435e-11 3.397478038e-11 4.898711013e-11 3.55551212e-11 4.266592476e-11 3.634518423e-11 2.68638389e-11 3.397487918e-11 3.95057565e-11 4.898690575e-11 3.318469526e-11 4.345632133e-11 3.871555433e-11 4.661662805e-11 3.713538646e-11 3.792545149e-11 3.792541806e-11 4.503650173e-11 3.476502801e-11 3.555506436e-11 3.318474005e-11 3.160453445e-11 4.108580939e-11 3.081445515e-11 4.266612255e-11 3.71353661e-11 3.476499732e-11 3.634523966e-11 4.582662836e-11 4.108572092e-11 3.555503744e-11 4.029582647e-11 3.634512908e-11 4.977714939e-11 3.871547617e-11 3.081446368e-11 4.345620458e-11 3.397487777e-11 3.871565423e-11 3.634517239e-11 3.160450928e-11 3.63452442e-11 3.713534086e-11 2.844410765e-11 4.424626153e-11 3.634518243e-11 2.528362668e-11 3.792540511e-11 3.476499503e-11 3.634515288e-11 3.16046078e-11 3.476506049e-11 3.002436937e-11 4.187599581e-11 2.844413871e-11 3.713530391e-11 3.950561263e-11 3.160446884e-11 3.00243038e-11 3.081435886e-11 3.002424438e-11 3.476498351e-11 3.792539827e-11 3.555509526e-11 2.607372206e-11 2.607373856e-11 2.923416436e-11 2.686381859e-11 3.476500465e-11 2.686379876e-11 3.318478971e-11 2.607370413e-11 2.449347813e-11 3.397486906e-11 3.397491692e-11 3.081434516e-11 2.765391161e-11 3.634522324e-11 2.765400907e-11 2.686383811e-11 2.370342178e-11 3.397485819e-11 3.555509257e-11 2.923420168e-11 3.160443678e-11 3.002426972e-11 3.239462824e-11 3.31847722e-11 3.002429226e-11 3.002427697e-11 3.792551434e-11 3.081432901e-11 4.266607898e-11 2.449345929e-11 3.239463931e-11 4.266610955e-11 2.528363612e-11 4.187595377e-11 2.923415926e-11 3.31847652e-11 3.713528712e-11 3.95056932e-11 2.765394152e-11 3.002425652e-11 3.081435402e-11 3.318467816e-11 5.293763703e-11 3.555508906e-11 3.002433706e-11 2.844406359e-11 2.054288606e-11 3.160450225e-11 3.713536073e-11 3.318478616e-11 2.449342741e-11 4.187592991e-11 3.555508708e-11 3.00242407e-11 3.160456749e-11 3.081439056e-11 3.397482093e-11 3.318470458e-11 2.68639011e-11 3.081436106e-11 3.31846572e-11 3.08144314e-11 3.31847397e-11 2.844401336e-11 2.686377892e-11 3.555499538e-11 2.765395345e-11 3.239463329e-11 1.817256762e-11 3.160457461e-11 3.081435613e-11 2.844402876e-11 2.844411064e-11 3.23947034e-11 2.686391978e-11 3.081449329e-11 2.92341399e-11 3.002415114e-11 2.370334516e-11 3.160458607e-11 3.002433454e-11 2.054297844e-11 2.449344375e-11 2.607368428e-11 2.844416036e-11 3.002429919e-11 3.318465788e-11 2.37034339e-11 2.370342975e-11 2.844411832e-11 2.686387062e-11 2.844409377e-11 2.528361974e-11 3.002434422e-11 2.449343676e-11 1.975277309e-11 2.923419537e-11 2.528370779e-11 3.239465579e-11 3.160452654e-11 2.133302025e-11 2.68638582e-11 2.21232377e-11 2.686385496e-11 2.528357129e-11 2.686389428e-11 2.291328145e-11 2.844399015e-11 2.765386074e-11 2.923420677e-11 2.52835816e-11 2.212312536e-11 2.607373933e-11 2.291330082e-11 2.686392461e-11 2.686384684e-11 2.68638438e-11 2.291322452e-11 2.291326005e-11 2.054289247e-11 3.160445686e-11 2.528364786e-11 2.923409921e-11 2.607378999e-11 1.975284581e-11 2.054289805e-11 3.002434322e-11 2.449344568e-11 2.449346879e-11 2.607371421e-11 1.422208103e-11 2.449358601e-11 2.449344519e-11 1.896269493e-11 1.501212441e-11 2.054301604e-11 1.501214316e-11 1.975285271e-11 1.738245694e-11 1.975277428e-11 2.370341602e-11 1.975278369e-11 
2.686392354e-11 2.607366614e-11 3.555512921e-11 1.975289284e-11 2.607367599e-11 2.686389658e-11 3.397482208e-11 2.370337375e-11 2.686384411e-11 2.054291126e-11 3.081443142e-11 2.21232266e-11 1.975288731e-11 2.449352777e-11 2.133298481e-11 2.607370123e-11 3.160465909e-11 2.054294851e-11 2.449349293e-11 1.975291057e-11 1.659241364e-11 1.817256699e-11 3.239465485e-11 2.765399099e-11 2.449345497e-11 2.844407122e-11 2.923417963e-11 2.528364351e-11 3.239464191e-11 2.686385445e-11 2.133301102e-11 1.659237819e-11 2.370340881e-11 2.449355346e-11 3.00242342e-11 2.370340608e-11 2.528365843e-11 3.47649289e-11 2.923420994e-11 1.659238316e-11 2.765389467e-11 2.765389102e-11 2.370333012e-11 2.29132238e-11 3.476493229e-11 2.765396612e-11 2.765403694e-11 2.686382611e-11 2.607374276e-11 2.449353947e-11 2.923412287e-11 2.449341704e-11 3.002434393e-11 1.975276312e-11 2.844411414e-11 2.054292704e-11 2.923416624e-11 2.923414653e-11 3.318481539e-11 3.160452313e-11 3.081448822e-11 3.55551397e-11 3.476501584e-11 2.844406755e-11 3.950568469e-11 2.449348658e-11 3.634523696e-11 2.844402565e-11 3.47650547e-11 3.160458516e-11 2.844403538e-11 2.449347683e-11 2.212322721e-11 3.160454604e-11 2.765388461e-11 2.765393388e-11 3.081444392e-11 3.081448971e-11 3.476503774e-11 3.002430766e-11 3.318469807e-11 3.476507436e-11 2.212319762e-11 3.87154748e-11 2.923409359e-11 3.555520687e-11 2.686381094e-11 4.108585357e-11 1.896269577e-11 3.555515685e-11 3.00242491e-11 3.713537579e-11 3.397483206e-11 3.00242857e-11 3.00242324e-11 3.160458479e-11 3.160446958e-11 2.844404665e-11 2.923410963e-11 3.239452045e-11 3.634512812e-11 3.476505417e-11 4.10858346e-11 3.239450077e-11 3.397479452e-11 3.160455087e-11 3.160461316e-11 3.081435095e-11 2.133312132e-11 2.92341628e-11 3.634516327e-11 3.71353238e-11 2.76539292e-11 3.476491166e-11 3.63453458e-11 3.713536537e-11 3.792548646e-11 3.87154961e-11 4.582656516e-11 2.607380095e-11 3.002428034e-11 2.686388053e-11 3.87155332e-11 3.160444453e-11 2.844403342e-11 3.950568694e-11 4.187593157e-11 3.950568295e-11 3.239459325e-11 2.844415826e-11 2.923422966e-11 3.950569101e-11 3.081436259e-11 4.108582682e-11 3.871555809e-11 3.476501846e-11 3.950568056e-11 3.23945384e-11 2.686375184e-11 2.370345891e-11 3.871551555e-11 3.555502433e-11 4.582663065e-11 4.266612272e-11 3.08144416e-11 2.76540564e-11 3.555518864e-11 2.607381541e-11 3.476508414e-11 2.92342946e-11 4.108588015e-11 3.950564429e-11 3.476497896e-11 2.686379823e-11 3.792542568e-11 4.424630547e-11 3.081440193e-11 3.871556007e-11 3.713528015e-11 3.713529845e-11 4.266605742e-11 4.187586459e-11 3.318471483e-11 3.081448555e-11 3.634520325e-11 4.424636148e-11 4.108594023e-11 3.713531881e-11 3.397488688e-11 3.397483817e-11 4.02957269e-11 2.844403913e-11 4.029579463e-11 3.555518217e-11 3.950560203e-11 4.02956433e-11 3.555506505e-11 4.424630038e-11 4.898710182e-11 3.318479736e-11 3.555512554e-11 3.002428751e-11 2.765403775e-11 3.792550163e-11 3.555505726e-11 3.792552589e-11 4.740673039e-11 3.239456721e-11 3.950569026e-11 3.476499319e-11 3.63451683e-11 4.108586404e-11 3.160448138e-11 3.476493718e-11 2.923422503e-11 3.160440459e-11 3.871556663e-11 3.081435947e-11 3.476500785e-11 3.950562323e-11 4.424620838e-11 3.476508436e-11 3.634516828e-11 3.318475963e-11 4.582659903e-11 4.345625658e-11 3.71354357e-11 3.555511739e-11 4.740675429e-11 3.713527136e-11 3.160453854e-11 3.555505558e-11 3.871555529e-11 3.081442028e-11 4.108581981e-11 4.424632845e-11 3.792544293e-11 4.582651739e-11 2.686386364e-11 3.713530421e-11 3.713526626e-11 4.345632534e-11 3.871561167e-11 3.239468551e-11 3.318478939e-11 3.081432929e-11 3.318470297e-11 3.160449627e-11 3.555501839e-11 4.108587371e-11 3.476497532e-11 3.081451411e-11 4.345620407e-11 4.187597327e-11 3.792540324e-11 4.187602125e-11 3.47648264e-11 5.214752488e-11 4.582662881e-11 3.239461689e-11 3.555491461e-11 4.266609015e-11 3.002428044e-11 3.318485496e-11 3.081434678e-11 4.345624854e-11 4.187600646e-11 3.792536237e-11 3.476501864e-11 3.476491367e-11 4.74068631e-11 3.634523009e-11 4.029580621e-11 4.266609491e-11 3.47649376e-11 3.081442297e-11 3.871560109e-11 4.582651663e-11 3.713532274e-11 4.503649105e-11 3.239463561e-11 4.187603457e-11 4.029573922e-11 3.871557283e-11 3.47650076e-11 3.871542531e-11 4.661666475e-11 4.029576954e-11 3.713531316e-11 3.476512596e-11 3.397495476e-11 3.871560384e-11 5.135752673e-11 3.792548202e-11 3.081425283e-11 3.871556966e-11 4.503649219e-11 4.108589196e-11 3.950572493e-11 3.397488425e-11 3.47649854e-11 4.503632376e-11 5.29374209e-11 2.923412839e-11 3.713542362e-11 3.950568222e-11 3.239463153e-11 3.476493118e-11 4.503646477e-11 3.002434561e-11 4.187588706e-11 4.029583512e-11 3.713533419e-11 3.239458319e-11 2.765400197e-11 3.871546082e-11 4.187590186e-11 3.476496494e-11 3.476487476e-11 3.871548408e-11 3.160438744e-11 4.108597765e-11 4.582661885e-11 3.713539194e-11 4.26660167e-11 2.607371384e-11 3.792544331e-11 3.476506813e-11 2.765398645e-11 3.713533214e-11 4.029584114e-11 3.713524984e-11 4.661651295e-11 3.318472423e-11 3.239458492e-11 4.029579404e-11 3.950557414e-11 4.029577966e-11 3.713531086e-11 3.792542771e-11 3.713534492e-11 4.108573752e-11 3.634519661e-11 3.555506014e-11 2.686393393e-11 3.713532802e-11 4.424636055e-11 3.318479926e-11 4.503632758e-11 3.555502748e-11 3.713532595e-11 3.160452961e-11 3.318483041e-11 3.476496583e-11 3.397491571e-11 4.42461823e-11 3.160449474e-11 3.476502184e-11 3.081436043e-11 3.476497732e-11 2.84440087e-11 3.555514468e-11 3.318477903e-11 3.871552031e-11 3.7925379e-11 4.661656059e-11 2.923409705e-11 3.792541124e-11 3.713534189e-11 4.266606937e-11 3.634523032e-11 3.318483318e-11 3.47649978e-11 3.71352932e-11 3.397496608e-11 3.239465025e-11 3.871555142e-11 4.898712943e-11 3.555509326e-11 3.239464344e-11 4.187601693e-11 3.713528368e-11 3.792544387e-11 3.397475791e-11 3.792535092e-11 3.318468895e-11 3.081441254e-11 3.950558272e-11 4.58265078e-11 3.081442514e-11 4.187589599e-11 3.950569981e-11 4.029577949e-11 3.081434601e-11 4.424634124e-11 3.713522208e-11 2.607379581e-11 3.476498629e-11 3.634517545e-11 4.424636107e-11 2.686375501e-11 3.871560159e-11 4.108589925e-11 4.819690118e-11 3.23946573e-11 3.47649767e-11 3.397483073e-11 2.92342564e-11 3.476488595e-11 2.686387072e-11 3.792551022e-11 2.923407743e-11 3.239458853e-11 3.16045532e-11 2.844404687e-11 3.713527883e-11 2.449336995e-11 3.002426572e-11 3.47649074e-11 2.92342029e-11 3.318471699e-11 3.713522887e-11 2.686374408e-11 2.607371455e-11 3.792545943e-11 3.397478727e-11 3.002432128e-11 4.582650013e-11 3.081438865e-11 3.239460945e-11 3.47649254e-11 2.607360996e-11 2.765391105e-11 2.370341289e-11 2.686391633e-11 2.370348786e-11 2.923414903e-11 2.449353457e-11 3.871555586e-11 3.160459728e-11 3.16045137e-11 3.397480758e-11 3.081447845e-11 3.397488984e-11 3.081452051e-11 3.792546192e-11 2.21232528e-11 2.607368444e-11 2.844399723e-11 2.765390692e-11 3.002428446e-11 2.212317858e-11 3.39748123e-11 3.871549741e-11 2.765393574e-11 2.607372886e-11 2.765398136e-11 3.08144248e-11 2.528369207e-11 2.291330643e-11 2.607374493e-11 4.266609576e-11 3.634517066e-11 2.528359489e-11 2.528362577e-11 2.844399759e-11 3.397488174e-11 2.686384835e-11 3.713528896e-11 3.792541217e-11 3.318475432e-11 2.686388088e-11 2.370341988e-11 3.002429083e-11 2.686388768e-11 2.133303496e-11 2.765397092e-11 3.08144735e-11 2.449352056e-11 2.844406247e-11 2.212321247e-11 2.21231943e-11 2.054296542e-11 3.318468551e-11 3.397492755e-11 3.476496285e-11 2.607370455e-11 2.765398039e-11 2.844409837e-11 2.291328097e-11 2.133300314e-11 2.844411423e-11 2.686390673e-11 1.817264653e-11 2.37033337e-11 2.765387435e-11 2.370339794e-11 2.29132661e-11 2.765398402e-11 2.449352728e-11 3.081438177e-11 2.686383714e-11 2.449345505e-11 2.054291021e-11 2.449349929e-11 2.6073819e-11 2.370338283e-11 2.60737356e-11 2.449351461e-11 2.528359352e-11 2.212320295e-11 2.054291813e-11 2.844406211e-11 2.449353912e-11 2.133300364e-11 2.29132746e-11 2.370338944e-11 2.686375569e-11 2.528353319e-11 2.054293862e-11 1.975287881e-11 
1.422205205e-11 3.081430126e-11 2.370343454e-11 2.212305692e-11 2.449344957e-11 2.05429096e-11 2.133300337e-11 1.422193619e-11 2.133307956e-11 2.528362908e-11 2.133308052e-11 2.370344872e-11 2.607370182e-11 2.528363667e-11 2.686389511e-11 2.686388909e-11 1.975280172e-11 3.002428865e-11 2.765396336e-11 2.29132608e-11 2.765403561e-11 2.370332049e-11 2.765397384e-11 3.002434337e-11 2.054284013e-11 1.817259366e-11 3.476491627e-11 2.449344322e-11 1.738253537e-11 3.318479993e-11 2.212316989e-11 3.002429521e-11 2.686381465e-11 2.923413491e-11 2.05429524e-11 2.291316432e-11 2.054290135e-11 2.212319986e-11 2.05428716e-11 1.817259097e-11 2.212318182e-11 2.370338525e-11 3.002432272e-11 2.054287812e-11 3.23947598e-11 2.528364142e-11 2.212321966e-11 2.76540058e-11 3.397481743e-11 2.765383069e-11 2.765401386e-11 2.765400479e-11 2.607376511e-11 3.239463186e-11 3.002437351e-11 3.16045173e-11 3.476502803e-11 2.765390752e-11 2.844402827e-11 2.212321565e-11 2.686392905e-11 4.029577307e-11 3.476490525e-11 3.239470928e-11 2.449355735e-11 3.634518612e-11 3.792536714e-11 3.239470329e-11 3.63452053e-11 3.318476406e-11 2.449350595e-11 4.187597889e-11 3.555508228e-11 3.160450211e-11 2.844407029e-11 4.345628152e-11 3.476488894e-11 2.923416349e-11 2.607383848e-11 3.950570221e-11 2.923411762e-11 2.923427301e-11 3.871559197e-11 3.3184746e-11 3.555516913e-11 2.686380884e-11 3.634525058e-11 1.896270133e-11 3.713531592e-11 2.844418312e-11 2.686377432e-11 2.291321263e-11 3.318478133e-11 3.00243793e-11 2.844408466e-11 2.923405513e-11 2.844400361e-11 3.002415962e-11 2.765392897e-11 2.844402528e-11 2.449346253e-11 3.318485658e-11 3.081433281e-11 3.16044529e-11 3.239467682e-11 3.792542217e-11 3.634516776e-11 3.002431434e-11 4.187592301e-11 3.239467366e-11 2.212319568e-11 3.239467628e-11 3.002430911e-11 3.397479968e-11 3.318471781e-11 3.871559442e-11 3.713523031e-11 3.397490988e-11 3.160454539e-11 3.476497612e-11 4.266613398e-11 2.607364041e-11 2.923415377e-11 2.765394202e-11 2.607367341e-11 3.476492402e-11 3.397483822e-11 2.844404672e-11 3.318474715e-11 2.686382501e-11 3.002426475e-11 3.318474134e-11 3.79253211e-11 3.634531976e-11 3.397486848e-11 3.081440063e-11 3.792540505e-11 3.23946789e-11 3.160457463e-11 3.555511977e-11 4.187594581e-11 4.187591287e-11 3.950569449e-11 3.160455514e-11 2.528365768e-11 3.555509699e-11 3.476498304e-11 2.844409694e-11 3.792536672e-11 3.792538247e-11 3.39749757e-11 4.108588079e-11 3.634507448e-11 3.634512691e-11 4.266614286e-11 3.555499597e-11 2.76539223e-11 3.950573258e-11 3.713537096e-11 4.029579884e-11 3.555505093e-11 3.634515839e-11 4.503654312e-11 4.029579384e-11 3.239460139e-11 4.187592826e-11 3.950567588e-11 3.239466423e-11 3.871558981e-11 4.029572113e-11 2.923419983e-11 3.950562717e-11 4.977710048e-11 3.950560537e-11 4.108593146e-11 3.002430823e-11 4.108594986e-11 3.555505646e-11 3.160461595e-11 4.187605793e-11 4.345623472e-11 3.713537466e-11 3.318462808e-11 3.081441914e-11 3.318470058e-11 2.528359737e-11 3.950558505e-11 4.108592923e-11 3.713536924e-11 3.555505706e-11 3.950562708e-11 3.476506111e-11 4.345628175e-11 3.081443958e-11 2.923417158e-11 3.871555333e-11 4.029579082e-11 3.950560308e-11 3.397478128e-11 3.871558063e-11 4.503651012e-11 3.871559584e-11 3.87155353e-11 4.10858767e-11 2.765393564e-11 3.871567637e-11 3.871568349e-11 3.871549511e-11 4.34562771e-11 3.476498571e-11 3.002435894e-11 3.081436997e-11 3.871549154e-11 4.108597534e-11 3.555512235e-11 5.135723679e-11 5.056709646e-11 4.424635954e-11 3.555504855e-11 3.634514831e-11 3.318468435e-11 4.266611667e-11 3.476491351e-11 4.02956175e-11 3.63451293e-11 3.081442522e-11 4.503636191e-11 3.634511176e-11 3.871554408e-11 4.187615943e-11 4.819692141e-11 3.081432656e-11 4.029583486e-11 2.686387071e-11 4.108571333e-11 4.108582568e-11 3.476491445e-11 4.266609861e-11 4.266614025e-11 3.239464387e-11 3.792534024e-11 3.08144861e-11 3.555507131e-11 2.923416104e-11 3.5555142e-11 3.55550594e-11 4.108587192e-11 3.555507085e-11 4.108573994e-11 3.239464446e-11 3.634519198e-11 4.029570986e-11 3.555515297e-11 4.108578286e-11 4.503648169e-11 3.792546914e-11 3.31847767e-11 4.424633666e-11 4.187593919e-11 3.47649639e-11 3.08144915e-11 3.792549256e-11 4.029577752e-11 3.95056478e-11 3.239469779e-11 3.950567216e-11 3.871550403e-11 3.16045843e-11 3.713526792e-11 3.318490325e-11 3.160443929e-11 3.318471898e-11 4.661671878e-11 4.42462992e-11 3.555518076e-11 4.187596613e-11 4.108585074e-11 4.1085809e-11 4.424635392e-11 4.266609152e-11 3.792550899e-11 5.056724507e-11 3.081442985e-11 3.792540759e-11 3.397483934e-11 4.029587817e-11 3.476504656e-11 3.160447395e-11 3.239460215e-11 5.530794466e-11 3.318479305e-11 4.029576446e-11 3.79254133e-11 3.871556256e-11 3.160454971e-11 2.923417901e-11 4.108595597e-11 2.844412443e-11 3.397482527e-11 3.318464471e-11 3.397481349e-11 3.71352858e-11 3.713533454e-11 4.029571454e-11 3.555505913e-11 3.160437844e-11 3.081440158e-11 3.792541315e-11 4.424624132e-11 4.187611367e-11 3.555509579e-11 3.002428009e-11 3.318475691e-11 3.713531582e-11 4.108597607e-11 4.187603966e-11 3.476503991e-11 4.424638001e-11 3.239460726e-11 4.029571181e-11 3.87155345e-11 2.923413237e-11 3.871547853e-11 5.372776722e-11 3.792541696e-11 3.002441411e-11 3.871552599e-11 3.792541984e-11 3.634522434e-11 2.686386492e-11 3.318457483e-11 3.555507697e-11 4.266614265e-11 3.476483486e-11 3.792537937e-11 3.55550035e-11 3.555507678e-11 4.029587725e-11 3.555510716e-11 3.160454254e-11 3.555514566e-11 3.79253794e-11 3.318479741e-11 4.029571226e-11 3.634517551e-11 4.977716242e-11 3.081438559e-11 3.950563381e-11 3.476500032e-11 3.476489404e-11 2.923409211e-11 4.345629398e-11 3.950563407e-11 3.002426858e-11 3.002426696e-11 2.370343981e-11 3.318485236e-11 2.686393396e-11 3.634522074e-11 3.397494814e-11 3.160457434e-11 3.397485663e-11 3.476496988e-11 3.555507144e-11 3.318482983e-11 3.634499176e-11 2.686384633e-11 3.397493226e-11 3.713533974e-11 2.844414026e-11 4.029581409e-11 2.528362075e-11 3.397490343e-11 2.923411444e-11 3.476505742e-11 4.424642666e-11 3.002426928e-11 3.081441337e-11 3.950562201e-11 3.239462595e-11 2.765395199e-11 2.528355842e-11 3.476506195e-11 3.002431732e-11 3.476494964e-11 3.081445564e-11 3.160453755e-11 3.160458982e-11 4.424632561e-11 3.318461437e-11 3.476500219e-11 3.792546607e-11 3.318481257e-11 2.607373318e-11 2.765389646e-11 3.23944663e-11 2.84439221e-11 3.00242498e-11 3.476498403e-11 3.634526727e-11 3.555508688e-11 4.424638773e-11 2.528361768e-11 2.923419221e-11 3.160458672e-11 3.318476219e-11 3.239450961e-11 3.871552136e-11 2.686379371e-11 3.792542468e-11 3.16044572e-11 3.318470851e-11 3.476506392e-11 2.686382633e-11 2.054298476e-11 2.449352006e-11 3.318472709e-11 3.239463296e-11 3.160459496e-11 2.528364616e-11 2.528362587e-11 2.607362153e-11 3.397486855e-11 3.081441672e-11 3.634514842e-11 3.002437353e-11 3.792545973e-11 2.844403439e-11 2.765394429e-11 3.71353086e-11 2.607367071e-11 3.081444233e-11 3.239458358e-11 1.896276181e-11 3.160443844e-11 2.68638311e-11 3.239457952e-11 3.239462589e-11 2.686389908e-11 3.555511602e-11 3.002433048e-11 3.239462095e-11 2.84441545e-11 3.55551235e-11 3.239470851e-11 2.212325662e-11 2.686376041e-11 2.291334969e-11 2.449345741e-11 2.765390662e-11 2.44935197e-11 2.212313256e-11 2.291328002e-11 2.76540451e-11 3.002435514e-11 1.659237167e-11 2.765400204e-11 3.160457399e-11 3.160451625e-11 3.318483938e-11 3.634511706e-11 2.370330773e-11 2.686385455e-11 3.634521286e-11 2.212312259e-11 2.923412465e-11 2.923407954e-11 3.081436741e-11 2.844412134e-11 3.318476236e-11 2.212317127e-11 2.765397417e-11 2.291338085e-11 2.686388713e-11 2.212315748e-11 2.765394236e-11 2.291327353e-11 2.370337202e-11 2.370344034e-11 1.659240291e-11 2.686383906e-11 2.607367157e-11 3.397493116e-11 2.133302261e-11 2.686383952e-11 2.133300571e-11 2.370338065e-11 3.002430112e-11 2.291331997e-11 2.212315601e-11 1.896276153e-11 2.370336039e-11 2.370336885e-11 2.370336009e-11 2.607370459e-11 1.896276385e-11 1.975279779e-11 2.291327152e-11 2.133294349e-11 2.844403237e-11 1.896269671e-11 
1.817253426e-11 2.686386393e-11 2.212316992e-11 2.528361008e-11 2.923403154e-11 2.449341907e-11 2.13330096e-11 2.765397349e-11 3.081448549e-11 2.844405725e-11 2.844411404e-11 2.844414544e-11 2.686379758e-11 2.370338491e-11 2.212321977e-11 2.370346103e-11 3.318476207e-11 1.975279325e-11 3.634524871e-11 2.212312338e-11 3.634507279e-11 2.607380612e-11 2.923421137e-11 2.923417013e-11 2.686381247e-11 2.370335181e-11 2.212310294e-11 3.239465197e-11 2.44935017e-11 2.528356755e-11 2.449348702e-11 2.528365028e-11 3.160451569e-11 2.291319968e-11 3.713532405e-11 3.002427977e-11 3.634508344e-11 2.133309075e-11 3.081443338e-11 3.47649726e-11 2.607371642e-11 3.555500726e-11 2.923424677e-11 2.765393291e-11 2.844412006e-11 3.081429975e-11 2.21230794e-11 2.923411536e-11 3.476503529e-11 2.76539053e-11 3.476493011e-11 2.528362135e-11 2.449355007e-11 3.239461672e-11 2.607381362e-11 4.029581639e-11 3.713530134e-11 2.844404623e-11 3.318469655e-11 2.923420587e-11 4.503648606e-11 3.160455011e-11 3.002429137e-11 2.923420093e-11 2.765403632e-11 2.686383533e-11 4.18759555e-11 2.370328261e-11 3.081441247e-11 3.476497514e-11 2.923420676e-11 3.555507539e-11 3.555511685e-11 2.528352915e-11 2.68638486e-11 3.318466556e-11 3.081436533e-11 3.0814339e-11 2.370341343e-11 3.555508645e-11 3.871547455e-11 3.08144139e-11 3.397487541e-11 1.817262363e-11 4.029577323e-11 4.582651949e-11 3.397480518e-11 2.923415772e-11 2.844410119e-11 3.002425728e-11 3.476504861e-11 4.02957513e-11 3.397487673e-11 3.476503458e-11 3.792547213e-11 3.002433118e-11 2.92342688e-11 2.68638319e-11 3.476501296e-11 3.081451026e-11 3.239466965e-11 2.765390236e-11 3.792544171e-11 3.397497844e-11 3.792543755e-11 3.871558398e-11 3.318470711e-11 3.713533336e-11 3.239464336e-11 3.00243595e-11 4.029573732e-11 3.555505044e-11 3.081428497e-11 4.029579251e-11 3.555497306e-11 3.71352847e-11 4.029579812e-11 3.397492825e-11 3.950565351e-11 2.686384544e-11 4.345628487e-11 3.397483972e-11 3.792541724e-11 3.476498285e-11 4.187590355e-11 2.923423826e-11 3.397491263e-11 4.503647684e-11 3.318473663e-11 3.002433078e-11 2.844412909e-11 3.476498624e-11 3.160446969e-11 4.029579624e-11 3.871552302e-11 2.528367604e-11 3.160447259e-11 3.476487462e-11 3.87155196e-11 3.634515319e-11 4.345623035e-11 2.133303045e-11 3.160447995e-11 4.503637377e-11 4.029580701e-11 3.397492413e-11 3.397486271e-11 4.108587645e-11 3.397490309e-11 3.792545139e-11 3.081443454e-11 3.318479701e-11 4.26660125e-11 4.424627314e-11 3.318482208e-11 3.713523376e-11 3.871561418e-11 4.10860136e-11 4.424633369e-11 4.029582671e-11 3.318474557e-11 2.607382496e-11 4.819695477e-11 3.476502642e-11 3.31847296e-11 3.160455824e-11 4.503643103e-11 3.792541376e-11 4.582657242e-11 3.713524381e-11 3.634526037e-11 3.081436867e-11 3.634523571e-11 3.792541766e-11 3.160444804e-11 3.160461128e-11 3.318476404e-11 3.476492872e-11 3.397485887e-11 4.345615983e-11 3.397474041e-11 3.31847982e-11 3.476506149e-11 4.029581059e-11 3.950571996e-11 4.108580449e-11 3.318471349e-11 4.108583495e-11 4.582660477e-11 4.503638963e-11 4.029567598e-11 4.819691771e-11 3.634506627e-11 3.871555641e-11 4.819688561e-11 3.634523554e-11 3.397486853e-11 4.187600656e-11 2.686370396e-11 3.476491972e-11 4.582666103e-11 4.266603462e-11 3.713520773e-11 4.187601621e-11 3.713525133e-11 3.792543432e-11 3.71352586e-11 3.792546859e-11 3.634527007e-11 3.397484435e-11 4.108586574e-11 4.108585041e-11 3.950564761e-11 5.451780808e-11 3.160455661e-11 3.871549458e-11 3.23946356e-11 4.108590824e-11 4.029580416e-11 4.740691045e-11 4.108584062e-11 3.871562803e-11 3.318472725e-11 3.555510131e-11 4.424634607e-11 3.63452313e-11 3.239459744e-11 3.87156145e-11 3.31846589e-11 3.71353465e-11 3.081446734e-11 3.950569324e-11 3.634516538e-11 4.266613154e-11 3.555515529e-11 4.266618891e-11 4.819690765e-11 4.10859281e-11 4.661676927e-11 3.871552073e-11 4.661662973e-11 4.345615266e-11 4.029573203e-11 3.239477551e-11 3.239462228e-11 4.424627992e-11 3.871553703e-11 4.345616618e-11 3.634516446e-11 3.950574467e-11 3.318469256e-11 2.923417251e-11 4.187599406e-11 3.476499751e-11 3.39749163e-11 4.266607433e-11 4.503650208e-11 4.503648946e-11 4.108576661e-11 2.844409589e-11 3.792537194e-11 4.029579013e-11 3.950567644e-11 4.187608298e-11 4.108591756e-11 3.792548337e-11 3.318476493e-11 4.582660519e-11 3.55551224e-11 4.029570713e-11 4.424633883e-11 5.214742323e-11 3.713535827e-11 4.898693097e-11 3.476495861e-11 3.79254789e-11 3.160451619e-11 3.871563629e-11 4.424639474e-11 5.056735343e-11 3.476492565e-11 3.476496517e-11 3.792543709e-11 5.293756306e-11 4.898710799e-11 3.555514631e-11 4.108595248e-11 3.792539817e-11 4.424635632e-11 4.345622506e-11 3.950554349e-11 3.950566807e-11 3.871548178e-11 3.871549393e-11 4.18760602e-11 3.081436842e-11 3.950557683e-11 4.424640336e-11 3.476493042e-11 3.871559074e-11 4.819679469e-11 4.266603207e-11 4.108575838e-11 5.214743413e-11 3.555511403e-11 4.582661511e-11 3.871559241e-11 3.397491567e-11 3.160451649e-11 3.713528083e-11 3.397484246e-11 4.345623845e-11 4.029574994e-11 3.950568725e-11 3.39748672e-11 4.345619701e-11 3.713527135e-11 3.239467482e-11 4.661665517e-11 3.713543298e-11 4.503642308e-11 3.476494444e-11 4.029579418e-11 3.713536243e-11 3.950570906e-11 4.108592823e-11 4.266594559e-11 4.58266229e-11 4.187598172e-11 3.71353833e-11 4.108586632e-11 3.792539962e-11 5.056722182e-11 3.950564888e-11 4.108598552e-11 4.187594556e-11 3.792541274e-11 3.160455699e-11 4.266599617e-11 3.318474201e-11 3.792548902e-11 3.318481492e-11 3.950569733e-11 3.792541857e-11 4.029577454e-11 3.081441379e-11 3.239461595e-11 3.476505055e-11 3.713529553e-11 3.713531089e-11 3.002428476e-11 4.503650813e-11 2.844405526e-11 4.424628538e-11 3.634526029e-11 2.923413224e-11 4.50364241e-11 3.555502742e-11 2.92342382e-11 4.029577991e-11 4.424645793e-11 3.397496009e-11 3.397491235e-11 3.318473065e-11 3.713532286e-11 2.607374939e-11 4.029571045e-11 3.002428129e-11 2.923421503e-11 3.713529293e-11 3.081450427e-11 3.555507842e-11 3.081440417e-11 3.318481524e-11 4.503653203e-11 3.002432204e-11 3.47649476e-11 3.239453229e-11 4.582651698e-11 3.555515226e-11 3.476503351e-11 3.160456657e-11 3.397493577e-11 2.923412299e-11 3.950571233e-11 3.397491091e-11 4.661671377e-11 3.318473543e-11 3.634522978e-11 2.449349996e-11 2.844407698e-11 3.713513385e-11 3.081443895e-11 2.92341201e-11 3.081449007e-11 3.239472476e-11 3.397488503e-11 2.686382168e-11 4.34562318e-11 3.081448741e-11 3.239461114e-11 3.792539927e-11 3.160459032e-11 2.923426212e-11 2.923416163e-11 4.266612538e-11 2.844413829e-11 3.555502684e-11 2.686385682e-11 3.55551353e-11 3.160451421e-11 2.765393388e-11 2.370334836e-11 4.266612337e-11 2.765394267e-11 3.002427044e-11 3.318472985e-11 3.476495829e-11 3.160457174e-11 3.476499402e-11 3.476502383e-11 2.528365567e-11 3.002419505e-11 2.923415889e-11 3.634518741e-11 2.528369832e-11 2.52836589e-11 4.187594591e-11 2.765391796e-11 3.713530148e-11 2.607377302e-11 3.00243774e-11 3.239459598e-11 2.765399283e-11 3.555501272e-11 3.160454418e-11 3.23947025e-11 2.212320727e-11 3.318475569e-11 3.00243031e-11 3.239457226e-11 2.765401064e-11 2.449352713e-11 2.528366464e-11 3.002423432e-11 3.081440229e-11 2.765395157e-11 2.765385291e-11 4.740682244e-11 2.37034082e-11 3.39748559e-11 3.239472331e-11 3.871556329e-11 2.528360461e-11 2.528356853e-11 2.212315874e-11 3.713515207e-11 3.081449931e-11 3.081439114e-11 3.397495234e-11 3.71353229e-11 2.844408796e-11 3.002429548e-11 3.160456639e-11 2.686383589e-11 2.686385766e-11 2.686384836e-11 3.160447647e-11 3.634516745e-11 2.8444066e-11 2.76540188e-11 3.476489405e-11 2.923415382e-11 1.659236539e-11 2.370332111e-11 3.239465939e-11 2.44935965e-11 2.60737576e-11 2.923413352e-11 2.844408437e-11 3.318476339e-11 3.239462718e-11 2.133307101e-11 2.607371898e-11 1.896271771e-11 2.607361516e-11 1.975284224e-11 2.923416872e-11 2.607375343e-11 2.686392556e-11 1.580212889e-11 1.975275997e-11 3.239467861e-11 2.528370133e-11 2.68638786e-11 2.054296814e-11 1.817254294e-11 2.607377562e-11 2.449348705e-11 2.923419928e-11 2.765398911e-11 
3.634518462e-11 3.081439533e-11 2.923410833e-11 2.923422835e-11 2.528357608e-11 2.212308064e-11 3.239457298e-11 2.528374564e-11 2.844402702e-11 2.607371801e-11 2.923421578e-11 2.765400178e-11 2.370341353e-11 3.08143e-11 2.370340196e-11 2.054296601e-11 1.896269148e-11 2.29133305e-11 2.291316872e-11 1.817251912e-11 2.765393458e-11 3.002432345e-11 2.686381459e-11 2.449349751e-11 3.318478312e-11 3.081436499e-11 3.160454604e-11 3.397495458e-11 2.449348842e-11 2.607374449e-11 2.449358034e-11 2.765397729e-11 2.765396554e-11 3.634516951e-11 2.133305707e-11 2.765389201e-11 2.76539402e-11 3.002425853e-11 2.84440204e-11 2.923420009e-11 3.002430735e-11 2.212308106e-11 2.370340345e-11 2.528368001e-11 2.607372886e-11 2.844401342e-11 2.844404796e-11 2.844405329e-11 2.686386662e-11 3.318474204e-11 3.318464501e-11 4.029568134e-11 2.370340351e-11 3.871549718e-11 2.923412467e-11 2.449347533e-11 2.607370988e-11 3.318485829e-11 3.476499437e-11 4.266616385e-11 2.923420105e-11 2.212317259e-11 3.318470816e-11 2.449356843e-11 3.318475461e-11 4.266603226e-11 3.081448911e-11 3.397489295e-11 3.476488076e-11 3.081441856e-11 3.476499228e-11 2.765395796e-11 3.081444317e-11 2.449355386e-11 3.47649162e-11 3.79253936e-11 3.239464645e-11 3.634514978e-11 3.47649497e-11 4.661668732e-11 5.135734292e-11 3.239469847e-11 3.555508656e-11 2.449347314e-11 3.871553328e-11 2.844411624e-11 3.160454164e-11 3.318476767e-11 2.449352369e-11 3.476506228e-11 3.318473254e-11 4.187600074e-11 3.6345208e-11 3.950566228e-11 3.950562316e-11 4.187599549e-11 3.160452049e-11 3.239455696e-11 3.239464893e-11 4.029582196e-11 3.318477226e-11 3.239468334e-11 3.713523504e-11 3.871543888e-11 3.634524209e-11 3.713528886e-11 3.555506151e-11 4.029575676e-11 3.397481807e-11 3.318470738e-11 2.844413411e-11 3.31847907e-11 3.950555176e-11 4.108592039e-11 2.923414283e-11 2.765398371e-11 4.029573676e-11 4.108589927e-11 3.95056363e-11 4.266607825e-11 4.582659313e-11 4.345615912e-11 2.923419607e-11 4.582662658e-11 3.634516796e-11 4.187608844e-11 4.029578393e-11 4.108577166e-11 3.397483716e-11 2.686385604e-11 3.713538964e-11 4.266614606e-11 4.108600647e-11 3.160456231e-11 3.239456135e-11 3.397488222e-11 3.318474345e-11 3.397486758e-11 3.002424329e-11 4.029573648e-11 3.792539857e-11 3.634511147e-11 3.239469696e-11 4.108593993e-11 3.081443419e-11 4.661670201e-11 4.187603772e-11 3.792537273e-11 3.397492092e-11 3.397491586e-11 3.555511402e-11 4.029575709e-11 4.187609172e-11 4.266599619e-11 4.424645229e-11 3.476500096e-11 4.108585349e-11 3.792538639e-11 4.819692606e-11 4.108585286e-11 4.503640344e-11 3.634520391e-11 3.160436867e-11 3.239461111e-11 4.266608763e-11 2.291332472e-11 2.923425838e-11 4.503662627e-11 3.871547556e-11 4.582655824e-11 3.950570191e-11 3.634527038e-11 4.029569962e-11 3.555510511e-11 2.765396367e-11 2.923416711e-11 3.555515842e-11 3.397488026e-11 5.135738569e-11 4.108588922e-11 4.187591601e-11 3.634519972e-11 3.713538424e-11 3.713538153e-11 3.318479991e-11 3.63451751e-11 3.476491973e-11 3.792547585e-11 4.108589289e-11 3.871557803e-11 2.528369784e-11 4.819691289e-11 4.58265956e-11 4.187602828e-11 4.661667452e-11 4.424632178e-11 4.345620722e-11 3.476500241e-11 4.266612052e-11 3.318482882e-11 3.318481689e-11 4.266610641e-11 3.39749861e-11 4.819697127e-11 3.476493849e-11 3.634513934e-11 4.819699169e-11 4.898699347e-11 3.318484367e-11 4.661660127e-11 4.187591878e-11 3.397473959e-11 3.871559431e-11 3.871543286e-11 3.081439e-11 4.108591974e-11 4.661667977e-11 3.397483638e-11 5.056722462e-11 4.187602644e-11 4.819699477e-11 3.950569089e-11 4.977717543e-11 4.661670729e-11 4.503643706e-11 4.740681697e-11 4.503642766e-11 4.424636593e-11 3.950572188e-11 4.108576864e-11 4.345620791e-11 3.634522779e-11 3.792537493e-11 4.266616688e-11 4.740680416e-11 3.555505407e-11 4.424632917e-11 4.424623792e-11 4.740677609e-11 4.187599727e-11 4.582654513e-11 4.503642054e-11 3.476489516e-11 4.503641446e-11 3.239463861e-11 3.950560824e-11 3.71352291e-11 4.898707376e-11 3.634515008e-11 4.108585873e-11 3.634523943e-11 3.792541694e-11 4.424626116e-11 4.819694757e-11 3.476500693e-11 3.634524702e-11 4.819698308e-11 4.029578226e-11 3.71352593e-11 4.029577481e-11 4.582651015e-11 4.977709681e-11 5.056724593e-11 5.056731974e-11 4.266616662e-11 4.345635155e-11 3.634526836e-11 4.424638253e-11 4.02959217e-11 3.555508323e-11 4.424627774e-11 4.029578653e-11 3.397484213e-11 3.792546393e-11 3.081444367e-11 4.108592358e-11 3.713539181e-11 4.266611489e-11 4.819682754e-11 3.397477391e-11 4.582650189e-11 3.634524854e-11 4.66166792e-11 4.582661813e-11 4.266606852e-11 4.029570923e-11 4.108582407e-11 3.871558944e-11 4.582637422e-11 3.950567852e-11 4.89871055e-11 4.424631095e-11 6.557940755e-11 4.661664209e-11 3.713530871e-11 3.871554003e-11 4.266619295e-11 3.397486118e-11 4.108587482e-11 3.318474413e-11 3.634512982e-11 4.740672213e-11 4.108595776e-11 4.108598216e-11 5.214749392e-11 4.582649518e-11 4.898700217e-11 3.555509939e-11 4.266599415e-11 4.424633188e-11 4.187604367e-11 3.950557106e-11 3.476497644e-11 4.345621983e-11 4.582660217e-11 3.634523853e-11 4.819699418e-11 3.95056218e-11 4.977712295e-11 3.792545327e-11 3.713539171e-11 3.239454545e-11 4.661656952e-11 3.634521122e-11 3.397493457e-11 3.713537392e-11 3.713533613e-11 3.634528277e-11 3.713533588e-11 4.266603346e-11 3.950564266e-11 4.503647948e-11 3.871550893e-11 3.950565743e-11 3.71352466e-11 3.713528955e-11 3.160451037e-11 4.345621838e-11 3.555505547e-11 3.950565511e-11 2.765395163e-11 4.34562393e-11 3.555501921e-11 4.740661906e-11 3.476495651e-11 3.555517678e-11 4.582645614e-11 3.950573213e-11 3.318481536e-11 4.424635147e-11 4.187601982e-11 3.713527688e-11 3.792539809e-11 4.029569605e-11 4.187606447e-11 3.950564042e-11 4.266610179e-11 3.3184753e-11 4.108579398e-11 4.187598946e-11 3.950563289e-11 3.950569358e-11 4.029584624e-11 3.397496153e-11 4.898697203e-11 3.634529685e-11 4.424627959e-11 4.424631014e-11 3.318476553e-11 3.713530902e-11 3.792534152e-11 3.239461539e-11 4.345619382e-11 4.029582225e-11 3.0024342e-11 3.792540973e-11 3.79254879e-11 3.081445436e-11 2.607373468e-11 3.476491439e-11 3.160454802e-11 3.160449085e-11 4.3456179e-11 4.10858606e-11 3.792541642e-11 3.634516482e-11 3.950560065e-11 3.634507841e-11 2.765404651e-11 4.266610995e-11 3.871556062e-11 3.081447594e-11 3.160450549e-11 3.47649766e-11 4.345623866e-11 4.187611512e-11 3.397486635e-11 3.634517849e-11 3.79254513e-11 2.844398594e-11 3.950568042e-11 3.081436272e-11 3.39749199e-11 2.844406157e-11 3.47649843e-11 3.476497381e-11 3.160458367e-11 3.871552301e-11 3.792548867e-11 2.686382245e-11 2.844391542e-11 3.713528593e-11 4.108597193e-11 3.081434717e-11 3.476499736e-11 3.950569299e-11 4.266610085e-11 3.160450656e-11 3.634512097e-11 2.844399409e-11 2.528364669e-11 3.239470343e-11 2.607365027e-11 3.239464833e-11 4.424619659e-11 3.16045484e-11 3.634521516e-11 2.765391059e-11 2.765398127e-11 3.160450372e-11 3.950567417e-11 2.528361342e-11 3.555510159e-11 3.555509607e-11 3.47650971e-11 3.318482789e-11 2.765394648e-11 2.765392758e-11 2.370340072e-11 3.476484675e-11 2.133306752e-11 2.2913335e-11 3.713543185e-11 3.950568498e-11 2.449344489e-11 3.792551679e-11 3.713532018e-11 2.923412013e-11 2.528367212e-11 3.713529233e-11 3.002424039e-11 3.239461434e-11 2.212315751e-11 2.923424352e-11 2.2123214e-11 3.634519753e-11 2.765391609e-11 2.449341101e-11 3.160455702e-11 3.081441327e-11 2.765404519e-11 2.844403975e-11 2.449344487e-11 3.160458829e-11 3.871563266e-11 2.528357236e-11 2.44935284e-11 2.686384343e-11 2.528359488e-11 2.449350521e-11 2.528370099e-11 3.31846782e-11 3.792551669e-11 2.291320401e-11 3.318477276e-11 2.844414332e-11 2.528361044e-11 2.686380801e-11 2.607378762e-11 2.449348096e-11 2.7653971e-11 2.844404865e-11 2.370330653e-11 2.13330578e-11 2.686381045e-11 2.05428837e-11 3.081438576e-11 3.39749206e-11 2.686385822e-11 3.002434812e-11 3.002424277e-11 2.054295657e-11 2.370341651e-11 2.607374271e-11 2.607375823e-11 3.397476247e-11 2.5283654e-11 2.291326626e-11 2.686392316e-11 2.686380034e-11 3.081437462e-11 
3.002438001e-11 2.291333079e-11 3.16046248e-11 2.528363444e-11 3.081453922e-11 3.081437001e-11 3.318469732e-11 3.792526764e-11 2.844408742e-11 2.607378714e-11 3.23947197e-11 2.765385395e-11 3.555508184e-11 1.817261659e-11 2.370334659e-11 2.449349435e-11 2.449351225e-11 2.844405655e-11 3.239451323e-11 2.449349559e-11 2.133311852e-11 1.896268424e-11 3.318471863e-11 2.212315057e-11 2.528359902e-11 2.923426722e-11 3.239461954e-11 2.686384965e-11 2.92341331e-11 2.607385187e-11 3.476501931e-11 2.923417473e-11 3.7135371e-11 3.160448113e-11 2.054293273e-11 3.476503617e-11 4.26661196e-11 3.002431516e-11 3.63451849e-11 3.160449655e-11 3.871554316e-11 3.160449182e-11 2.686388847e-11 2.054292682e-11 2.844416583e-11 2.686384592e-11 2.607373603e-11 3.713533205e-11 2.449352145e-11 2.923420368e-11 4.503644513e-11 2.607374486e-11 3.555510159e-11 3.555501898e-11 3.950570007e-11 3.23945787e-11 3.160461846e-11 3.002428377e-11 3.239459224e-11 2.607374301e-11 3.476501127e-11 3.160457663e-11 3.871563241e-11 2.686390856e-11 3.555513687e-11 3.081438596e-11 2.370338805e-11 2.844410034e-11 3.871546366e-11 3.397485257e-11 2.370346195e-11 3.318488633e-11 4.029574226e-11 2.923419442e-11 4.503653964e-11 3.397483368e-11 2.449344576e-11 3.397489627e-11 3.792547802e-11 3.555517796e-11 3.950557001e-11 2.370344593e-11 2.291321768e-11 3.95056685e-11 4.661669418e-11 4.187597689e-11 3.081441064e-11 3.081446251e-11 3.160442777e-11 4.424631447e-11 3.871551279e-11 3.081446344e-11 3.950563863e-11 4.187598319e-11 3.239465571e-11 3.476503902e-11 4.503645217e-11 3.002429894e-11 3.950569206e-11 3.160452786e-11 3.713536056e-11 3.792527813e-11 4.187601318e-11 3.555516453e-11 3.792550367e-11 3.318477462e-11 3.239467969e-11 2.92341189e-11 3.79254911e-11 3.792545155e-11 3.476495771e-11 3.239463339e-11 3.318470453e-11 4.108584325e-11 4.029576369e-11 4.266610399e-11 2.765396795e-11 4.740690191e-11 3.555515125e-11 4.345628147e-11 4.029572184e-11 3.871550586e-11 3.239459721e-11 3.476495196e-11 3.555507918e-11 3.792539137e-11 2.449348502e-11 3.95056687e-11 4.740683238e-11 4.187605156e-11 3.713532001e-11 4.89871157e-11 4.345620393e-11 4.58265864e-11 3.634525933e-11 4.108598141e-11 3.713522954e-11 3.081436844e-11 3.002425928e-11 3.160449236e-11 3.31847975e-11 3.476500553e-11 5.372765953e-11 3.63452576e-11 3.792538019e-11 4.819697363e-11 3.871562741e-11 5.056719966e-11 5.05673549e-11 5.135740106e-11 3.950562948e-11 4.108588744e-11 4.66165898e-11 4.029578811e-11 4.266612489e-11 4.503634283e-11 4.582645929e-11 4.029581812e-11 3.792553653e-11 4.108583422e-11 3.792535885e-11 4.740662273e-11 3.476490465e-11 3.634521977e-11 3.713532888e-11 3.397488436e-11 3.950573034e-11 4.582655325e-11 4.819708407e-11 3.950565198e-11 4.977715841e-11 3.950555462e-11 4.187601879e-11 3.792531839e-11 4.029585467e-11 4.345622745e-11 4.029584574e-11 3.792543358e-11 3.397493103e-11 5.214735479e-11 3.555510655e-11 3.39749897e-11 3.792542676e-11 4.187590521e-11 4.503644229e-11 4.503645285e-11 3.239458608e-11 3.239464912e-11 4.424628087e-11 4.424626541e-11 3.713521258e-11 5.05672837e-11 4.503642666e-11 5.056727451e-11 3.16044195e-11 3.792541781e-11 4.029580296e-11 5.056719125e-11 3.950560102e-11 3.555503749e-11 4.66167556e-11 4.10859499e-11 3.792545548e-11 4.345618571e-11 5.135736231e-11 4.029579238e-11 4.266613288e-11 4.345619295e-11 5.056720587e-11 4.34561984e-11 4.029577064e-11 3.31847381e-11 4.108590512e-11 4.819679108e-11 4.503645106e-11 3.871554269e-11 3.555505438e-11 4.661662266e-11 3.318475767e-11 3.239469727e-11 4.266600571e-11 4.108587603e-11 3.555501344e-11 3.792535996e-11 3.871550139e-11 5.13573109e-11 5.056727151e-11 4.108590049e-11 5.214741231e-11 3.63451378e-11 4.977731564e-11 4.345626751e-11 3.555509753e-11 3.79253964e-11 3.476490588e-11 5.37276044e-11 3.160439521e-11 5.846836419e-11 4.819682894e-11 4.582654337e-11 3.792542298e-11 4.108588887e-11 4.187591578e-11 4.50364903e-11 4.898706871e-11 5.056716089e-11 4.740692218e-11 3.634527463e-11 4.187594007e-11 4.424628502e-11 4.503638569e-11 4.977721551e-11 4.345623641e-11 4.661668162e-11 4.108578976e-11 4.977705693e-11 4.977704946e-11 4.266608168e-11 4.582656179e-11 3.792552814e-11 4.424639667e-11 3.555501981e-11 4.661674332e-11 4.02957931e-11 5.214742011e-11 4.108586541e-11 3.792539561e-11 4.503644878e-11 4.108581963e-11 5.372775077e-11 4.424633839e-11 3.397482479e-11 3.792538302e-11 4.029577785e-11 4.42463245e-11 3.71352471e-11 4.108574707e-11 4.740675619e-11 4.977708089e-11 4.582655028e-11 3.950564584e-11 4.266612226e-11 3.555510742e-11 4.108589437e-11 4.42464466e-11 4.187603083e-11 4.661661959e-11 3.476506988e-11 4.029582506e-11 4.819690929e-11 5.056727254e-11 4.029565541e-11 4.4246324e-11 4.42463639e-11 4.345638299e-11 4.898706968e-11 4.424632479e-11 4.582658211e-11 4.819692603e-11 3.081444175e-11 4.108587198e-11 4.108591096e-11 5.767840801e-11 4.977715926e-11 3.555509894e-11 4.424627267e-11 3.4764914e-11 4.898689297e-11 4.661675202e-11 4.898689968e-11 4.029574622e-11 3.950564777e-11 5.056728243e-11 3.95057521e-11 4.187594954e-11 4.266602767e-11 4.266611761e-11 4.345623804e-11 4.187594983e-11 4.977706073e-11 3.160454808e-11 4.108587119e-11 4.503642184e-11 4.740670669e-11 3.318473367e-11 3.950564815e-11 3.555514667e-11 4.108581507e-11 3.39748862e-11 4.58264407e-11 3.397490257e-11 4.029584189e-11 4.266611535e-11 4.187599593e-11 4.029573969e-11 3.87155939e-11 4.503649289e-11 4.029569621e-11 3.713535058e-11 4.582643348e-11 4.97772578e-11 3.871554487e-11 3.634527927e-11 4.266605724e-11 4.108587419e-11 3.555502384e-11 4.424637913e-11 4.266605382e-11 4.661669464e-11 4.266601667e-11 3.634527884e-11 3.634509752e-11 4.503638233e-11 3.871560211e-11 3.95055573e-11 4.108593726e-11 3.318475409e-11 4.108588861e-11 4.187596735e-11 4.582652788e-11 4.898698182e-11 3.634529763e-11 3.792538019e-11 4.029576548e-11 3.871551934e-11 4.661665146e-11 3.792536774e-11 4.187604024e-11 3.160451716e-11 4.661674396e-11 3.713549819e-11 3.318474383e-11 3.792557701e-11 4.661673904e-11 3.318470837e-11 3.871560585e-11 3.713538524e-11 3.318473812e-11 3.318475943e-11 3.555503424e-11 4.266605542e-11 3.08144917e-11 2.923422888e-11 2.844412233e-11 2.212316984e-11 3.555512207e-11 3.160454676e-11 4.187598242e-11 3.792545713e-11 2.686381299e-11 3.713537445e-11 3.239462916e-11 4.18760944e-11 3.002435223e-11 4.187611667e-11 3.792547943e-11 4.187601033e-11 3.23947063e-11 3.160453155e-11 3.634520889e-11 4.266615811e-11 4.266615022e-11 3.634517653e-11 2.923421001e-11 3.318474428e-11 4.029572104e-11 3.160453049e-11 3.713522332e-11 3.713524215e-11 4.503632528e-11 3.318470946e-11 3.634526665e-11 2.60737711e-11 3.318480036e-11 3.713532723e-11 3.239461893e-11 3.713538914e-11 4.266607635e-11 3.871557464e-11 3.002430831e-11 3.239469801e-11 3.160456392e-11 2.844400346e-11 3.239469746e-11 3.160452386e-11 3.476492214e-11 2.607380254e-11 3.397479839e-11 3.397475727e-11 3.950564918e-11 3.634516874e-11 2.291330191e-11 3.634520733e-11 3.002436142e-11 2.212316298e-11 3.476489322e-11 2.844406128e-11 3.476503534e-11 3.239464706e-11 2.528360693e-11 3.634515585e-11 2.844400298e-11 2.765396087e-11 3.318470727e-11 3.081437031e-11 2.528365705e-11 3.081442363e-11 3.081431517e-11 3.23945872e-11 3.55551029e-11 3.002434358e-11 3.476499977e-11 3.397491266e-11 3.634519719e-11 3.239469804e-11 2.212312688e-11 2.528366119e-11 3.476494252e-11 2.291318023e-11 3.397478815e-11 2.370342703e-11 3.081445857e-11 3.08144831e-11 2.607382319e-11 3.239463653e-11 2.528369672e-11 2.686390631e-11 3.239452615e-11 2.844405357e-11 3.08144581e-11 3.47649975e-11 3.871553692e-11 3.318476441e-11 2.844409857e-11 4.029578941e-11 2.212313711e-11 3.081448623e-11 2.054297241e-11 3.6345095e-11 2.686386771e-11 2.686390301e-11 2.212313921e-11 1.896272372e-11 2.923420466e-11 2.686398294e-11 3.792543615e-11 2.449341407e-11 2.212315425e-11 3.081437968e-11 2.923424533e-11 2.291327542e-11 3.318479033e-11 3.081442599e-11 2.765399859e-11 2.607374519e-11 2.844411759e-11 2.923414425e-11 3.002427888e-11 2.370344733e-11 3.634523214e-11 3.318478132e-11 
2.923416265e-11 3.318479956e-11 3.950570545e-11 3.555507391e-11 3.79253565e-11 2.054300021e-11 2.844404074e-11 3.555496444e-11 1.97527932e-11 4.187590913e-11 3.318476134e-11 2.844402679e-11 2.923412247e-11 2.765396735e-11 3.713526199e-11 2.528354399e-11 2.923417446e-11 2.528357216e-11 3.08144305e-11 3.47649155e-11 3.081445271e-11 3.476495055e-11 2.449356565e-11 3.555513186e-11 2.765395312e-11 3.871561363e-11 2.92340414e-11 2.607378046e-11 2.923421277e-11 3.792541057e-11 2.607373276e-11 3.160439364e-11 3.318464705e-11 3.318477727e-11 3.081453807e-11 2.765396264e-11 3.081441828e-11 3.476496261e-11 2.607368661e-11 3.081447152e-11 3.792545615e-11 3.555502021e-11 2.923415454e-11 4.187601561e-11 2.923420017e-11 3.47649846e-11 4.266609865e-11 3.634517461e-11 3.397488524e-11 4.424643827e-11 3.476493992e-11 3.713526692e-11 3.634512357e-11 3.002425271e-11 3.397491182e-11 3.713522761e-11 3.318483871e-11 3.318465922e-11 3.792536705e-11 2.923429945e-11 3.397487659e-11 3.713525133e-11 3.713536507e-11 3.476498492e-11 3.713537282e-11 3.476504537e-11 3.476512189e-11 2.844407872e-11 3.002428832e-11 3.239459609e-11 2.528368312e-11 2.84439891e-11 3.792545118e-11 3.397486883e-11 3.95056163e-11 3.634520016e-11 4.661665407e-11 3.160461529e-11 2.923410898e-11 2.449344814e-11 4.029569487e-11 3.239457571e-11 4.582654978e-11 4.661665947e-11 3.79253257e-11 2.449351287e-11 3.081439329e-11 4.029574079e-11 2.765394622e-11 3.634529294e-11 4.266610167e-11 4.345615929e-11 4.503643459e-11 3.397484574e-11 4.187605623e-11 3.555506183e-11 3.950556745e-11 3.397482797e-11 3.871560606e-11 2.60738116e-11 3.160457653e-11 3.634525879e-11 3.555504319e-11 3.871553351e-11 4.898708728e-11 3.555506594e-11 3.792540884e-11 3.160453879e-11 4.108599258e-11 3.16045647e-11 4.5036401e-11 3.871544813e-11 4.108592623e-11 4.187590727e-11 3.397487049e-11 5.056713771e-11 3.950558581e-11 3.160446222e-11 3.713531973e-11 4.977719749e-11 5.056725328e-11 3.713532606e-11 4.503646053e-11 3.871553903e-11 4.582643251e-11 4.18759777e-11 4.582658808e-11 4.02957969e-11 4.74068653e-11 3.871563832e-11 4.66166651e-11 4.345611345e-11 4.503643737e-11 3.239466061e-11 4.10858767e-11 4.187597555e-11 4.108593823e-11 4.661660204e-11 3.634521199e-11 2.844406565e-11 4.34561979e-11 3.160438534e-11 3.397480545e-11 4.424633227e-11 4.187603213e-11 3.950571166e-11 4.582658666e-11 4.02957771e-11 3.950570186e-11 4.108584259e-11 4.661658972e-11 4.503634328e-11 4.345618181e-11 4.266608212e-11 4.345608024e-11 4.345625696e-11 3.6345194e-11 3.792540634e-11 4.029574724e-11 4.503645251e-11 4.661672253e-11 4.898693606e-11 4.582645565e-11 4.740667135e-11 4.345611608e-11 4.503656081e-11 5.530789024e-11 4.345624683e-11 4.503629397e-11 5.846829884e-11 4.266618861e-11 3.634521671e-11 5.056732408e-11 4.345611876e-11 4.503652372e-11 4.108588971e-11 4.977714756e-11 4.740674452e-11 4.582658772e-11 4.266620527e-11 4.661653725e-11 4.582653817e-11 5.925851996e-11 3.950563386e-11 4.108579963e-11 5.451781377e-11 4.503646038e-11 4.34562121e-11 5.530791516e-11 4.02957322e-11 4.582649404e-11 4.187606587e-11 4.266616593e-11 4.266609526e-11 3.950566548e-11 4.740675781e-11 4.503639971e-11 4.108591453e-11 5.056714332e-11 5.372773717e-11 4.977711397e-11 2.923427604e-11 3.792540307e-11 5.293762925e-11 5.688820996e-11 4.029571205e-11 3.871546617e-11 5.135736761e-11 5.293742835e-11 3.950564371e-11 4.74068052e-11 5.37277013e-11 4.582652918e-11 4.187599702e-11 5.530793774e-11 4.108576183e-11 3.950561186e-11 5.056727186e-11 5.293750503e-11 4.424640166e-11 5.688829776e-11 4.89871123e-11 5.056712294e-11 5.293754739e-11 5.056721863e-11 4.424624446e-11 4.58265798e-11 4.740684931e-11 4.187605671e-11 5.767819957e-11 5.214746439e-11 5.767806484e-11 4.187605283e-11 4.187601316e-11 4.266606545e-11 5.056722667e-11 4.898702809e-11 4.977694025e-11 4.977724221e-11 4.582666618e-11 6.478922193e-11 4.187602941e-11 4.26661086e-11 4.187606107e-11 5.214750658e-11 4.977717148e-11 4.34562592e-11 4.977710856e-11 4.266618672e-11 4.740679551e-11 4.582660221e-11 5.214754397e-11 3.476494659e-11 4.819695668e-11 4.819695703e-11 4.661656264e-11 4.977710928e-11 5.056707895e-11 5.609801005e-11 4.18760139e-11 5.135728322e-11 4.345614699e-11 4.424636584e-11 4.898692299e-11 5.135733464e-11 4.424632453e-11 4.582650965e-11 4.42463123e-11 5.135737602e-11 4.424638122e-11 4.34562146e-11 4.26660799e-11 4.66167931e-11 5.214741431e-11 4.108581029e-11 4.345616365e-11 3.950564621e-11 3.950571126e-11 4.187602762e-11 4.187598817e-11 4.424637679e-11 4.898717158e-11 5.135728398e-11 4.503643742e-11 3.950564237e-11 4.898705131e-11 4.503638329e-11 3.555512104e-11 4.819701844e-11 4.740675649e-11 5.846834236e-11 3.871541124e-11 4.503649442e-11 5.530784499e-11 4.266621397e-11 4.819683061e-11 4.187590059e-11 4.661667042e-11 4.266611366e-11 4.74068649e-11 4.819675857e-11 4.819680926e-11 4.66166346e-11 4.740679166e-11 3.318476038e-11 5.372767241e-11 4.424643073e-11 4.108584489e-11 4.740671753e-11 4.661678394e-11 4.661674478e-11 4.266610819e-11 5.609813798e-11 4.89871428e-11 4.66167765e-11 4.503647143e-11 4.503651052e-11 4.740681735e-11 4.819696147e-11 4.582660014e-11 3.239474659e-11 3.397482648e-11 3.792548803e-11 3.871549731e-11 4.26660218e-11 4.661654841e-11 4.42462371e-11 4.345626711e-11 4.424629203e-11 2.844397414e-11 3.476504155e-11 5.21473755e-11 3.318463508e-11 5.530800934e-11 4.187598026e-11 4.029575169e-11 5.056727869e-11 4.266612462e-11 3.239459224e-11 3.397488965e-11 4.740679436e-11 3.95055961e-11 3.713524617e-11 3.871541343e-11 3.476505608e-11 3.55550477e-11 3.555510943e-11 3.23947001e-11 5.609802199e-11 3.160454751e-11 4.424627013e-11 4.503655929e-11 5.056720631e-11 5.688819569e-11 3.871559344e-11 4.10858774e-11 4.187607651e-11 4.424637587e-11 3.950572003e-11 4.50364304e-11 4.18760209e-11 4.819697096e-11 4.424629027e-11 3.950568195e-11 4.582665873e-11 4.1875922e-11 3.002434381e-11 3.318469505e-11 4.345614188e-11 4.81968076e-11 3.713524878e-11 4.424644323e-11 3.713531948e-11 3.397484597e-11 3.950553109e-11 4.58266112e-11 4.10858481e-11 4.661675475e-11 4.029575153e-11 4.108584678e-11 5.056725694e-11 4.266613131e-11 4.108587342e-11 4.108595709e-11 5.609808471e-11 4.74068522e-11 4.029573621e-11 4.029575027e-11 4.4246381e-11 4.266605712e-11 3.634519984e-11 4.819682156e-11 3.318469995e-11 3.950562519e-11 2.765398548e-11 4.187605276e-11 3.318474051e-11 4.029577052e-11 3.555503585e-11 4.029579189e-11 4.2665982e-11 3.792539703e-11 3.318468404e-11 4.029584492e-11 3.318476547e-11 3.713529126e-11 3.555512358e-11 3.476490407e-11 2.607375797e-11 4.582654369e-11 3.792541847e-11 3.160450775e-11 5.056722091e-11 4.5036437e-11 4.108588711e-11 4.582647201e-11 3.476504214e-11 3.713530331e-11 3.160450891e-11 3.713527997e-11 2.607375956e-11 3.476500822e-11 4.029576041e-11 4.503649389e-11 3.871543743e-11 3.55550366e-11 2.133295746e-11 3.871545975e-11 3.634507106e-11 4.029580619e-11 4.029578194e-11 3.634517179e-11 3.555488618e-11 3.792536212e-11 3.792543751e-11 3.081435564e-11 2.528365802e-11 3.081436372e-11 3.476498725e-11 3.555505093e-11 3.792545403e-11 3.55551392e-11 3.318476888e-11 3.476494612e-11 3.002425538e-11 3.476497285e-11 3.081435168e-11 3.239463676e-11 2.765391807e-11 4.029575392e-11 4.503640756e-11 4.582658951e-11 3.239457558e-11 2.528351078e-11 3.318477454e-11 4.503656549e-11 2.844412779e-11 4.503653602e-11 4.582650465e-11 2.92341984e-11 2.844408125e-11 3.160453467e-11 3.792543776e-11 3.634521512e-11 3.160442253e-11 2.923417973e-11 4.345627889e-11 2.528369017e-11 3.792544921e-11 2.844412233e-11 3.160449944e-11 4.740677541e-11 3.397490886e-11 3.634525975e-11 2.844410278e-11 3.002428099e-11 3.002427463e-11 3.476495492e-11 3.713542623e-11 3.63451572e-11 3.397490849e-11 2.370337242e-11 3.160448988e-11 2.686379866e-11 3.397493284e-11 3.002439077e-11 2.370332553e-11 3.081440875e-11 3.081436747e-11 2.923418466e-11 3.08145139e-11 3.239478517e-11 2.291317865e-11 2.212316164e-11 3.397485803e-11 2.686388565e-11 2.923421336e-11 2.528362601e-11 2.844412195e-11 2.844409906e-11 2.054291208e-11 
2.686383019e-11 2.765399477e-11 1.975279106e-11 2.686393328e-11 2.528359111e-11 3.239458219e-11 4.424633719e-11 2.607378557e-11 4.02957225e-11 3.476504075e-11 3.239458236e-11 3.318464501e-11 3.160455834e-11 3.239466561e-11 4.108587833e-11 3.713528545e-11 3.160444968e-11 3.16044721e-11 3.63450722e-11 3.476499726e-11 3.160446237e-11 2.449348963e-11 2.923412375e-11 3.950567033e-11 4.029589105e-11 3.555503474e-11 4.029571723e-11 3.792545275e-11 3.634526991e-11 3.31848294e-11 2.686388896e-11 4.266603207e-11 2.765395051e-11 2.92342215e-11 2.844408271e-11 3.87156357e-11 3.871556106e-11 3.318473334e-11 3.002431872e-11 4.029569172e-11 3.871547577e-11 3.239464719e-11 2.923425421e-11 2.291327941e-11 4.187604066e-11 3.555510493e-11 4.029578429e-11 3.239465359e-11 4.108591249e-11 3.555512279e-11 3.002426176e-11 3.476494195e-11 4.266622871e-11 3.950565753e-11 3.397477463e-11 4.424632425e-11 3.318477684e-11 3.476492677e-11 3.555502186e-11 3.634519619e-11 3.792557351e-11 3.871555042e-11 3.555519192e-11 3.792555687e-11 3.239461482e-11 2.765394688e-11 3.87154914e-11 4.740683032e-11 3.476499506e-11 3.555511646e-11 4.108584565e-11 3.792544088e-11 4.345621482e-11 3.634519459e-11 4.582656331e-11 3.476498543e-11 4.661659523e-11 4.108581525e-11 4.34563016e-11 5.372770456e-11 4.582651403e-11 3.950566276e-11 3.634522831e-11 4.661663974e-11 3.476496898e-11 3.47649516e-11 4.424628534e-11 5.293748067e-11 4.187613076e-11 3.871544883e-11 4.819686837e-11 4.029566614e-11 4.10857606e-11 3.871552929e-11 4.029569719e-11 3.871567859e-11 3.713533411e-11 3.871564378e-11 4.187612944e-11 4.345624796e-11 4.187601126e-11 4.503641613e-11 3.950574246e-11 4.2666129e-11 4.740677528e-11 3.7135297e-11 6.162862348e-11 4.187605708e-11 3.555511804e-11 4.503647284e-11 4.661670548e-11 5.135730073e-11 4.582644556e-11 3.871552982e-11 4.740685272e-11 4.266607093e-11 4.108587244e-11 4.898701398e-11 4.661668542e-11 4.819683463e-11 4.819682866e-11 4.898702264e-11 5.372765811e-11 3.397474875e-11 5.372761782e-11 4.187605932e-11 5.688813955e-11 5.451796175e-11 4.345614199e-11 4.108595294e-11 5.372765532e-11 4.977708626e-11 3.79253838e-11 4.266613578e-11 4.029568865e-11 4.503645993e-11 4.266593404e-11 4.187588904e-11 5.530795607e-11 4.740678943e-11 4.18760088e-11 5.84683567e-11 4.661668264e-11 4.187600281e-11 5.056719965e-11 5.214749442e-11 4.108580159e-11 5.056728135e-11 5.135749284e-11 6.478922612e-11 4.582653124e-11 6.004849622e-11 4.740669015e-11 4.503648649e-11 5.925847266e-11 4.50363912e-11 4.345627384e-11 5.293752907e-11 4.503652345e-11 6.004856045e-11 4.34564126e-11 4.187602049e-11 5.135731047e-11 4.26660945e-11 4.898704835e-11 5.056729241e-11 4.898698305e-11 5.214744679e-11 5.925850486e-11 4.029578047e-11 4.503640083e-11 5.530791847e-11 4.819697845e-11 4.424624947e-11 4.266604403e-11 3.792555664e-11 4.266621721e-11 5.135738975e-11 4.503642642e-11 5.056723672e-11 3.318471336e-11 4.977707992e-11 4.977715234e-11 4.582660343e-11 4.819705007e-11 4.345622768e-11 5.293762938e-11 4.740676345e-11 5.056708843e-11 4.819689885e-11 4.661678764e-11 4.977708602e-11 4.424639295e-11 4.819690512e-11 5.451783909e-11 4.503637208e-11 5.056721199e-11 4.740677134e-11 4.266605788e-11 4.582648462e-11 4.424640101e-11 4.266621254e-11 3.87155485e-11 4.977712396e-11 5.609796626e-11 4.740680809e-11 4.345616359e-11 4.029577095e-11 5.688819639e-11 5.372767344e-11 6.004859095e-11 3.950566762e-11 4.898705273e-11 6.004852159e-11 5.767827445e-11 6.87398596e-11 5.13574397e-11 4.345617608e-11 5.372779444e-11 5.767841118e-11 4.898706224e-11 5.530793279e-11 4.661674336e-11 4.661671189e-11 5.372759576e-11 4.582644621e-11 5.767826089e-11 5.056718251e-11 4.503646892e-11 5.056720528e-11 6.162879063e-11 5.688822024e-11 4.582652574e-11 5.925857631e-11 3.792546592e-11 5.135726031e-11 4.661657047e-11 4.029573474e-11 4.977711997e-11 4.582654713e-11 5.135739781e-11 6.399909421e-11 4.661668355e-11 5.135729031e-11 4.345627507e-11 5.530787582e-11 4.898690733e-11 4.740684344e-11 4.108597753e-11 4.266611367e-11 5.609806228e-11 6.083878324e-11 4.345613765e-11 4.187592011e-11 5.13573512e-11 6.083875998e-11 3.713531528e-11 6.241894636e-11 5.056723917e-11 5.925854254e-11 5.135733886e-11 6.399900506e-11 4.108584205e-11 6.24188896e-11 3.950552885e-11 5.214741532e-11 4.977713176e-11 4.582658513e-11 4.108576356e-11 5.293757839e-11 5.451771608e-11 4.819686089e-11 6.004852069e-11 4.898687362e-11 6.004858038e-11 5.846841417e-11 4.661664323e-11 5.214745633e-11 5.609799127e-11 5.135732213e-11 5.29375878e-11 5.214746196e-11 5.135734442e-11 6.320904994e-11 5.609802281e-11 3.79252812e-11 5.60980743e-11 5.530792187e-11 5.293756472e-11 5.767828764e-11 6.004859523e-11 4.740681716e-11 4.898698888e-11 5.135742204e-11 4.740679255e-11 4.661669405e-11 5.056716959e-11 4.503655651e-11 4.977715348e-11 5.056729258e-11 5.767828526e-11 4.108575782e-11 4.819691717e-11 5.214755046e-11 5.688813339e-11 5.688811176e-11 3.871547103e-11 5.372771011e-11 5.214750136e-11 4.661662811e-11 4.740677878e-11 5.767830581e-11 3.634522556e-11 5.846840534e-11 6.083864861e-11 5.68880968e-11 5.293746845e-11 5.214740004e-11 4.029585091e-11 3.950568906e-11 5.372754882e-11 6.478913562e-11 2.765389351e-11 4.89869672e-11 6.63694175e-11 4.34561824e-11 4.26661378e-11 4.108582717e-11 4.503643505e-11 6.241903139e-11 4.266615042e-11 5.056724564e-11 5.214729444e-11 4.819693772e-11 4.345627428e-11 4.424629322e-11 4.740686987e-11 5.214737513e-11 5.214740099e-11 5.293756046e-11 4.266607094e-11 5.135725719e-11 4.819694109e-11 4.187596419e-11 5.530795588e-11 5.92584976e-11 5.135733964e-11 5.135737115e-11 4.582657559e-11 4.424631263e-11 4.503645938e-11 4.582662275e-11 4.424636319e-11 5.293759907e-11 4.898711131e-11 5.2937578e-11 4.582656713e-11 4.898706134e-11 3.397488708e-11 4.819694879e-11 4.187593685e-11 4.819697584e-11 4.977723274e-11 4.187599388e-11 4.424634254e-11 3.792536318e-11 4.503641151e-11 4.977713651e-11 5.056733409e-11 4.819693142e-11 5.609805364e-11 4.661665096e-11 3.5555004e-11 5.846839176e-11 4.977711206e-11 5.372769427e-11 3.792545648e-11 4.582663101e-11 4.661649576e-11 4.345629594e-11 4.582653953e-11 4.5036402e-11 4.582651386e-11 4.108595285e-11 5.451795825e-11 4.345627385e-11 4.345616217e-11 4.898710086e-11 3.87155683e-11 3.871549634e-11 3.950576865e-11 5.13572946e-11 4.345624091e-11 4.582645702e-11 4.18759964e-11 6.083877326e-11 5.767839898e-11 4.108600009e-11 5.530795775e-11 4.819696513e-11 4.10858612e-11 4.582649612e-11 4.424632359e-11 4.740680266e-11 4.266610236e-11 4.977707864e-11 3.397476211e-11 4.108592637e-11 4.977701524e-11 4.187602365e-11 3.002426686e-11 4.187601725e-11 4.503647351e-11 3.634517731e-11 3.95056093e-11 4.503646963e-11 4.187610936e-11 3.713538262e-11 4.503638746e-11 4.424637392e-11 4.661659839e-11 3.318472838e-11 3.47649404e-11 4.029574052e-11 4.029575543e-11 3.871563943e-11 4.26660338e-11 4.42462636e-11 3.239465081e-11 2.76538832e-11 4.266614888e-11 3.476490265e-11 4.187599808e-11 3.002422715e-11 2.765394086e-11 3.08144142e-11 3.239471436e-11 2.844402933e-11 3.634518898e-11 3.792535134e-11 4.108595597e-11 3.871557599e-11 3.871552655e-11 4.740677556e-11 3.634529566e-11 4.740666217e-11 4.108584817e-11 4.977733944e-11 4.345624766e-11 3.397480925e-11 4.503653326e-11 3.555515124e-11 4.187583221e-11 3.634517461e-11 4.029576267e-11 4.424638074e-11 3.871554008e-11 3.081437098e-11 3.63452566e-11 4.503634374e-11 2.607369517e-11 3.871544454e-11 2.923417056e-11 4.266615154e-11 4.266615196e-11 3.950560439e-11 3.555507966e-11 3.476498264e-11 3.555511806e-11 3.713533594e-11 4.187589118e-11 3.160454642e-11 2.686386398e-11 3.792527438e-11 4.108577813e-11 3.397497931e-11 2.844401383e-11 3.081446176e-11 3.39747806e-11 4.187595097e-11 3.318472427e-11 3.318464894e-11 2.449362689e-11 3.555506948e-11 3.081443878e-11 3.476491545e-11 3.634520785e-11 3.713535033e-11 3.871552964e-11 2.686381994e-11 3.871546381e-11 3.397484211e-11 3.160452667e-11 3.160451869e-11 3.634521099e-11 3.555504681e-11 2.844408844e-11 1.97528463e-11 2.607363011e-11 3.397485095e-11 3.476505239e-11 
3.318474858e-11 5.293752369e-11 3.555499917e-11 4.345617067e-11 3.476488282e-11 3.3974838e-11 3.00243446e-11 3.160452705e-11 3.792540361e-11 3.871544515e-11 5.372769212e-11 4.029578766e-11 4.898714656e-11 3.871563066e-11 3.792550314e-11 4.26662313e-11 4.345615093e-11 3.871548303e-11 5.135732251e-11 3.397491893e-11 3.081428523e-11 4.266596327e-11 4.187599079e-11 4.18760267e-11 4.029577401e-11 4.266611608e-11 3.476497779e-11 4.582665612e-11 4.819676636e-11 3.792551262e-11 3.871554925e-11 3.31846619e-11 4.187601952e-11 2.923415998e-11 3.160455005e-11 3.397488806e-11 5.135728623e-11 5.056722366e-11 3.31847651e-11 3.081442295e-11 3.871540775e-11 3.871538806e-11 3.792545509e-11 3.95056137e-11 4.345619879e-11 4.029560951e-11 4.661674991e-11 4.424630798e-11 3.792550236e-11 4.661666278e-11 4.819701482e-11 4.582660678e-11 4.819693267e-11 3.792541504e-11 4.740678819e-11 4.898696854e-11 5.451765795e-11 4.977716111e-11 3.950564636e-11 4.424628682e-11 4.582645051e-11 4.108583543e-11 4.503642937e-11 4.26660058e-11 4.661668621e-11 4.108594835e-11 4.029577013e-11 4.424633365e-11 3.634507512e-11 4.582659903e-11 5.214747603e-11 4.898695021e-11 4.345619516e-11 4.740676823e-11 4.661672758e-11 5.056723539e-11 3.8715568e-11 4.029572111e-11 3.713532694e-11 5.609791288e-11 5.609804205e-11 6.399928216e-11 4.345624831e-11 4.819697222e-11 4.424631311e-11 5.293756873e-11 4.34562644e-11 4.74067079e-11 4.81969709e-11 5.451786925e-11 4.740669921e-11 6.399922878e-11 4.898697722e-11 4.740674919e-11 4.10859242e-11 4.661673472e-11 4.661646278e-11 4.187591846e-11 4.424635212e-11 3.713537398e-11 4.819694682e-11 5.767816364e-11 6.004855347e-11 5.135736577e-11 4.819681973e-11 4.740674136e-11 3.634524123e-11 4.424645981e-11 5.925849429e-11 5.609808602e-11 5.925842304e-11 5.609811933e-11 5.293765e-11 4.819693401e-11 5.056735383e-11 5.056720945e-11 6.557947088e-11 6.241877624e-11 5.609810571e-11 5.214744405e-11 4.977710818e-11 5.530779541e-11 5.53078879e-11 4.582658724e-11 4.819690784e-11 4.898686797e-11 5.530792112e-11 5.451775111e-11 6.162883456e-11 4.42463996e-11 4.977704568e-11 5.372765603e-11 4.977721353e-11 5.056728206e-11 5.45177491e-11 4.898705543e-11 5.135733895e-11 4.977710789e-11 5.451766665e-11 5.846845844e-11 5.688816061e-11 5.530789943e-11 6.478927406e-11 5.293747901e-11 5.45178038e-11 5.2937727e-11 6.004858389e-11 5.13572795e-11 5.5307957e-11 5.451770836e-11 5.372767921e-11 5.056733201e-11 4.34560859e-11 5.056714575e-11 5.846830991e-11 4.108586859e-11 5.767835233e-11 5.925823998e-11 5.530783261e-11 5.293757019e-11 5.609795745e-11 5.846847353e-11 5.767808177e-11 5.767818668e-11 5.372764753e-11 5.135730398e-11 4.81969869e-11 5.767829628e-11 5.609796191e-11 6.004853721e-11 5.056720966e-11 6.557943494e-11 4.740682235e-11 5.214751936e-11 6.241885123e-11 5.767820562e-11 5.530807331e-11 7.269045624e-11 4.819691768e-11 5.925832524e-11 5.6097994e-11 4.97769835e-11 5.056731874e-11 5.451767541e-11 6.953001712e-11 6.478927523e-11 4.898706347e-11 6.004857907e-11 6.004868028e-11 4.898698778e-11 5.214750945e-11 5.372771943e-11 6.004860915e-11 5.056721397e-11 6.320905432e-11 5.767832624e-11 5.609791904e-11 6.083869062e-11 6.162886998e-11 6.715954317e-11 4.740677294e-11 4.50364187e-11 5.451773149e-11 5.372784404e-11 5.846830659e-11 5.214751391e-11 6.162895558e-11 5.293756496e-11 4.97771638e-11 6.004854117e-11 6.8739864e-11 5.372769357e-11 5.767826478e-11 6.162885284e-11 6.083856461e-11 5.688811401e-11 6.162880361e-11 4.977705546e-11 6.478925314e-11 5.925840658e-11 5.451771215e-11 5.451776074e-11 6.24188992e-11 5.372774856e-11 4.66167101e-11 6.557941887e-11 5.609796188e-11 6.399921215e-11 6.004863107e-11 3.555505598e-11 6.004844483e-11 6.715957181e-11 5.293744327e-11 6.162879738e-11 4.819689124e-11 7.427077585e-11 5.056728829e-11 5.9258447e-11 5.214751856e-11 4.977718971e-11 5.767831363e-11 5.846833161e-11 5.45176861e-11 5.846826609e-11 6.004870958e-11 5.609811238e-11 6.557938309e-11 6.715966458e-11 6.874000186e-11 6.162870242e-11 4.898696284e-11 6.004856115e-11 5.767821683e-11 5.530805704e-11 5.214748818e-11 6.083868387e-11 5.688804059e-11 6.873987812e-11 4.977708283e-11 5.688809123e-11 6.16288008e-11 4.58263489e-11 5.372759468e-11 6.320884065e-11 6.636973341e-11 5.451786056e-11 5.609804343e-11 6.952975679e-11 4.977710889e-11 4.819698433e-11 6.241896651e-11 4.819693535e-11 6.715970715e-11 6.320896821e-11 5.530802891e-11 6.004853864e-11 5.135733094e-11 5.846827637e-11 5.293750847e-11 6.478916845e-11 6.083871572e-11 4.819692738e-11 5.767837278e-11 5.76781618e-11 6.004863546e-11 5.056717656e-11 5.214751775e-11 6.715983742e-11 5.135738071e-11 4.424634779e-11 6.794963694e-11 5.530803431e-11 5.846836443e-11 6.715967429e-11 5.056733145e-11 6.004855392e-11 5.609808333e-11 6.241896027e-11 5.767830648e-11 5.451780311e-11 5.135731806e-11 5.293747408e-11 6.083876644e-11 5.135743232e-11 6.32092119e-11 6.794963961e-11 6.320912807e-11 5.846832793e-11 5.609803464e-11 6.478928536e-11 5.846845049e-11 6.399925479e-11 6.241899223e-11 5.767828307e-11 5.37277297e-11 6.083878147e-11 6.95300005e-11 5.609805319e-11 5.688815136e-11 5.2147502e-11 5.135741228e-11 6.320891354e-11 5.451778316e-11 5.214745799e-11 6.953006182e-11 4.42462647e-11 4.819691372e-11 5.925839359e-11 7.032003343e-11 4.661669114e-11 4.424636816e-11 4.740669593e-11 5.056722906e-11 6.478926594e-11 6.241887907e-11 7.190051496e-11 6.004867114e-11 5.609795638e-11 4.819683807e-11 5.767833972e-11 4.977707845e-11 5.451776198e-11 5.214745922e-11 6.004864741e-11 4.898694507e-11 5.214747049e-11 4.266609972e-11 6.08387723e-11 4.819697945e-11 6.004862388e-11 5.609808587e-11 6.241897194e-11 5.846841219e-11 4.661672656e-11 5.846834034e-11 5.451776911e-11 5.293767027e-11 6.162868432e-11 4.345623311e-11 5.530798433e-11 5.135730744e-11 5.056720873e-11 5.056721737e-11 5.451782378e-11 4.582658839e-11 5.451774475e-11 6.873989504e-11 5.056715272e-11 3.87156009e-11 5.767826168e-11 5.135728745e-11 4.187592654e-11 4.582666056e-11 4.345619986e-11 4.740658472e-11 5.767833123e-11 4.74067679e-11 6.399912177e-11 5.451787182e-11 4.97770012e-11 5.688813217e-11 6.083877992e-11 4.5036412e-11 4.503636404e-11 6.399904597e-11 5.21474585e-11 4.582648487e-11 4.108581294e-11 4.819699536e-11 3.950556073e-11 5.609805085e-11 5.056734763e-11 5.609807517e-11 5.372772069e-11 4.819693258e-11 5.372771412e-11 4.661666151e-11 5.135729096e-11 5.451775097e-11 5.293751883e-11 5.530791389e-11 4.503640039e-11 4.58264901e-11 4.898702537e-11 4.661661428e-11 4.582651206e-11 5.530793841e-11 4.819682488e-11 4.424638749e-11 5.13573412e-11 4.661666371e-11 4.029573604e-11 4.819697392e-11 3.79254092e-11 3.713528673e-11 5.135728588e-11 4.97771821e-11 3.950559496e-11 4.266606202e-11 6.162884423e-11 5.451786855e-11 5.451784902e-11 4.898699402e-11 5.372768378e-11 4.582660634e-11 4.977724973e-11 3.555508933e-11 3.555509598e-11 5.609815767e-11 3.71353095e-11 4.187598826e-11 4.819686749e-11 3.55551606e-11 4.26660977e-11 5.13573677e-11 5.293766707e-11 4.424638957e-11 3.713522461e-11 4.661660761e-11 3.713534979e-11 4.424648416e-11 3.871549671e-11 5.056723673e-11 5.767820693e-11 4.266611996e-11 4.66166969e-11 4.187600541e-11 3.397481393e-11 3.871556785e-11 3.476491823e-11 4.898704721e-11 3.950559813e-11 3.713534885e-11 3.713537368e-11 4.424634838e-11 4.819690571e-11 3.397480505e-11 3.871556378e-11 4.503647566e-11 4.582660627e-11 4.108592976e-11 4.345626913e-11 4.661666071e-11 3.63451811e-11 3.634516665e-11 3.792542277e-11 4.029576228e-11 4.108587673e-11 4.898695051e-11 4.503643259e-11 4.266610853e-11 4.503643433e-11 4.187598629e-11 3.634518174e-11 3.397478597e-11 4.029566046e-11 3.950569933e-11 4.187606558e-11 4.977715005e-11 4.187611116e-11 3.555507854e-11 3.476497576e-11 4.108575577e-11 4.10858795e-11 3.318479232e-11 4.108578934e-11 4.3456212e-11 3.476498211e-11 4.740685949e-11 4.187598576e-11 4.266612794e-11 4.029575415e-11 2.607366934e-11 4.029583183e-11 3.476498364e-11 4.977717057e-11 4.42464448e-11 3.634519613e-11 3.397489064e-11 2.844414519e-11 3.87156072e-11 
4.029570017e-11 5.21474605e-11 4.740676583e-11 4.977708916e-11 4.582655229e-11 3.713532541e-11 4.424624111e-11 4.108587973e-11 3.397491082e-11 4.108590617e-11 4.187599175e-11 3.792546267e-11 4.977696249e-11 4.50365377e-11 5.609799627e-11 4.029583351e-11 5.372768518e-11 5.451771622e-11 6.399920549e-11 3.871552955e-11 6.399914163e-11 4.898688909e-11 4.898694812e-11 4.582658096e-11 5.451787949e-11 6.004856154e-11 4.42463425e-11 5.451784612e-11 6.004855908e-11 5.135734704e-11 4.503641435e-11 4.345612986e-11 4.977718806e-11 4.582659174e-11 6.083890238e-11 5.5307954e-11 5.37276462e-11 6.79496716e-11 6.794962259e-11 5.135734492e-11 4.661658973e-11 5.135741164e-11 4.740670298e-11 5.767814432e-11 6.320908709e-11 6.715940555e-11 5.056727079e-11 5.609805201e-11 4.503640411e-11 4.740676431e-11 4.740678176e-11 6.083865777e-11 3.871556955e-11 5.60979901e-11 5.45177807e-11 4.740675517e-11 5.609804721e-11 5.688805247e-11 6.162889733e-11 4.42463683e-11 5.056728708e-11 4.424633913e-11 7.190012306e-11 6.320902309e-11 5.451780285e-11 4.503652907e-11 6.241887912e-11 5.609795546e-11 6.715961681e-11 6.715962345e-11 5.056734258e-11 6.399911769e-11 5.530784468e-11 6.71596156e-11 6.162881607e-11 5.214744839e-11 5.846831975e-11 6.083862185e-11 5.53078951e-11 5.530796298e-11 5.609795393e-11 5.451768215e-11 6.478923937e-11 5.056729896e-11 6.39992715e-11 5.530792584e-11 5.767826352e-11 6.478922071e-11 5.214747069e-11 5.451778954e-11 5.530788745e-11 6.557944656e-11 7.427060528e-11 5.53080163e-11 6.873999262e-11 6.794954714e-11 5.688817552e-11 5.68882707e-11 6.636933318e-11 5.609804469e-11 6.952987045e-11 5.925853308e-11 5.530789931e-11 5.214740939e-11 7.190039888e-11 5.293762262e-11 5.451783132e-11 5.925843048e-11 6.71596953e-11 6.399895789e-11 5.451781378e-11 6.794969687e-11 5.846836279e-11 6.4789288e-11 6.952993962e-11 7.901139736e-11 6.79496354e-11 7.427052302e-11 6.478914954e-11 7.26902733e-11 5.688820858e-11 6.794969867e-11 6.241884298e-11 6.557947138e-11 5.846845222e-11 7.664099694e-11 6.636940718e-11 7.82211939e-11 6.715952713e-11 5.688812184e-11 7.032011863e-11 6.399913233e-11 7.743108227e-11 7.822102908e-11 7.506081635e-11 5.530788422e-11 6.320907255e-11 6.162888968e-11 6.320912631e-11 6.241892443e-11 7.901127764e-11 7.11101248e-11 6.79497769e-11 8.849273444e-11 6.399916688e-11 6.636954589e-11 6.083865281e-11 7.980137674e-11 7.585078125e-11 7.506081984e-11 5.135735167e-11 7.111016352e-11 8.059156463e-11 5.92585113e-11 6.952994028e-11 7.11103336e-11 6.478932737e-11 7.031992907e-11 7.269050105e-11 6.71596343e-11 8.217175237e-11 7.111029335e-11 6.636951699e-11 7.585099947e-11 6.636941371e-11 6.794980902e-11 6.636947984e-11 7.980142695e-11 6.636955857e-11 7.585088741e-11 7.111009971e-11 8.612231692e-11 6.953005139e-11 6.636966983e-11 5.925868447e-11 7.190018169e-11 8.612230879e-11 8.296183603e-11 7.743113282e-11 7.269042209e-11 7.348060433e-11 6.39990384e-11 7.822107778e-11 7.585093964e-11 7.506071423e-11 6.873996159e-11 5.925853748e-11 6.557945481e-11 8.059147962e-11 7.664103329e-11 7.269044238e-11 7.111018786e-11 7.427063655e-11 6.715967379e-11 5.925857957e-11 7.506082081e-11 7.269033737e-11 7.269029009e-11 6.320905773e-11 6.95298934e-11 8.375194857e-11 6.953010349e-11 8.375185776e-11 6.636937011e-11 7.506079222e-11 7.348060572e-11 9.718397096e-11 8.217181984e-11 7.980138786e-11 7.032022655e-11 7.427045017e-11 7.348051992e-11 7.743099025e-11 7.190027824e-11 7.032000016e-11 7.031998064e-11 8.454206542e-11 7.031999735e-11 7.348061978e-11 7.901125683e-11 7.269049608e-11 6.478933716e-11 7.348051496e-11 9.007304166e-11 6.79497234e-11 6.952977612e-11 7.901133876e-11 7.901123101e-11 7.585079128e-11 6.399921579e-11 7.031999895e-11 6.083888866e-11 8.296179546e-11 8.84926548e-11 6.320911191e-11 8.296180902e-11 8.138149071e-11 8.612214245e-11 7.03200477e-11 6.636951227e-11 6.241873836e-11 6.794961945e-11 9.323327193e-11 8.691243045e-11 7.111028353e-11 7.822123833e-11 7.743113478e-11 7.110998488e-11 7.111013016e-11 7.743107084e-11 7.743108263e-11 7.822125694e-11 7.506074149e-11 6.478930012e-11 7.74311822e-11 7.901132875e-11 8.454224288e-11 6.557929003e-11 6.873986887e-11 5.68881413e-11 7.031998538e-11 8.13815468e-11 7.269036814e-11 8.691259522e-11 8.217175503e-11 6.715966215e-11 7.506069978e-11 6.794972638e-11 6.557945716e-11 6.715967223e-11 7.269029716e-11 7.664098013e-11 7.980137278e-11 7.743101743e-11 7.427053497e-11 7.032006187e-11 8.138160136e-11 9.007285243e-11 6.162880889e-11 8.217175991e-11 7.980125733e-11 7.269034496e-11 9.560370195e-11 6.794971369e-11 6.794972359e-11 7.348053499e-11 7.348046199e-11 6.873978651e-11 8.296202447e-11 7.743120677e-11 7.585071888e-11 7.19003482e-11 8.612241611e-11 8.217175193e-11 7.506075858e-11 6.715963054e-11 6.873979768e-11 8.770258983e-11 6.636953709e-11 6.715958546e-11 6.715958267e-11 6.478920051e-11 6.715964016e-11 7.980145509e-11 7.348040884e-11 7.427068045e-11 8.059149086e-11 7.111020898e-11 7.743099893e-11 6.873984763e-11 8.217188639e-11 7.190026903e-11 8.375202205e-11 7.901133791e-11 8.138163643e-11 6.873990996e-11 7.111027424e-11 7.901131172e-11 8.375205129e-11 7.980144306e-11 7.664113526e-11 7.664107263e-11 6.873975282e-11 6.557948624e-11 7.427070559e-11 7.269030129e-11 7.348059523e-11 6.63695788e-11 5.767823036e-11 6.715971753e-11 7.269041208e-11 7.743100683e-11 7.901132102e-11 7.506085306e-11 6.320922971e-11 7.032022244e-11 6.478931641e-11 7.506074822e-11 7.269043233e-11 8.138168759e-11 7.901138549e-11 7.585100543e-11 5.135734894e-11 6.004842992e-11 6.162884941e-11 6.241879741e-11 6.794974867e-11 6.241896004e-11 7.190042702e-11 6.00485664e-11 6.952995311e-11 7.111006184e-11 6.320896814e-11 6.083879475e-11 7.822116153e-11 6.71595149e-11 7.348055069e-11 6.952996523e-11 5.451777221e-11 6.952993623e-11 6.636954654e-11 6.399933391e-11 6.320898774e-11 5.767825709e-11 5.609807297e-11 8.059147675e-11 7.269048359e-11 6.162883752e-11 7.111032491e-11 6.715960308e-11 6.478931643e-11 6.952997958e-11 7.190029617e-11 6.162877056e-11 6.399911053e-11 5.688829168e-11 6.557937495e-11 6.399918353e-11 7.506071988e-11 5.688817309e-11 6.557935595e-11 6.952998661e-11 6.557932501e-11 5.372772695e-11 6.478938018e-11 6.715953692e-11 6.794970289e-11 5.530788377e-11 6.241892371e-11 6.953003902e-11 6.873984272e-11 5.767836778e-11 5.846834812e-11 6.004858565e-11 6.083876504e-11 6.399921674e-11 4.977718053e-11 7.743130248e-11 6.557935033e-11 4.74066672e-11 6.71596113e-11 6.478930489e-11 5.767826817e-11 5.451771142e-11 6.715972921e-11 7.190036814e-11 6.004855888e-11 6.004862951e-11 6.399919162e-11 7.111027601e-11 5.767819793e-11 5.767825984e-11 7.901157305e-11 5.609807196e-11 5.372767876e-11 6.241891745e-11 6.399909135e-11 6.241889251e-11 5.846832282e-11 5.846825674e-11 4.819686853e-11 6.399909913e-11 5.451776267e-11 5.135743496e-11 5.925849244e-11 5.846829917e-11 5.214740952e-11 6.557940981e-11 5.530794102e-11 5.767823117e-11 6.162894294e-11 5.925845806e-11 6.399904681e-11 5.530794696e-11 5.8468362e-11 6.241904027e-11 5.92585506e-11 5.767828376e-11 5.293763389e-11 5.293753293e-11 5.609796128e-11 6.952987639e-11 5.767829421e-11 5.05672203e-11 5.609804486e-11 6.241896253e-11 6.162884228e-11 4.97771206e-11 5.293757548e-11 5.530789823e-11 7.348035839e-11 5.846842495e-11 5.214749862e-11 4.740683268e-11 6.162872303e-11 6.636959547e-11 5.609806796e-11 5.530787677e-11 6.162865192e-11 5.21474837e-11 5.372758894e-11 6.004870813e-11 4.266613056e-11 4.819683662e-11 5.293760283e-11 3.239456396e-11 4.819689701e-11 5.056716016e-11 4.345633774e-11 4.345638714e-11 4.503647833e-11 4.266603241e-11 5.767825217e-11 5.688812378e-11 4.424638554e-11 5.214742318e-11 4.582651073e-11 4.582663528e-11 4.108590803e-11 4.266612669e-11 5.530792138e-11 4.424642424e-11 5.056729675e-11 5.372781282e-11 5.056715128e-11 4.266601198e-11 5.214753854e-11 5.056716072e-11 5.135734404e-11 5.925856679e-11 5.372771612e-11 4.898702664e-11 5.451785804e-11 4.187601374e-11 4.424630716e-11 5.056720509e-11 5.135731829e-11 4.18759958e-11 5.45177466e-11 4.029577253e-11 5.135737023e-11 
1.074553515e-10 8.454211043e-11 1.287885646e-10 9.876400286e-11 9.24432637e-11 1.153566255e-10 1.027145393e-10 1.11406105e-10 1.066651901e-10 1.153564784e-10 9.481365559e-11 1.027143896e-10 1.121961747e-10 1.121960537e-10 1.066653636e-10 1.035048103e-10 1.082455869e-10 1.177269922e-10 1.098257421e-10 1.145663596e-10 1.074552619e-10 1.153565226e-10 1.082456211e-10 1.279983083e-10 1.121960434e-10 1.287882351e-10 1.177267316e-10 1.287884819e-10 1.224676433e-10 1.303685079e-10 1.121961514e-10 1.082455537e-10 1.200971877e-10 1.185168928e-10 1.272082856e-10 1.137763101e-10 1.279982135e-10 1.20096996e-10 1.200971524e-10 1.256279988e-10 1.232575647e-10 1.453808537e-10 1.161466211e-10 1.36689672e-10 1.15356674e-10 1.145664514e-10 1.153565814e-10 1.272078732e-10 1.366895768e-10 1.153565236e-10 1.224674772e-10 1.319488418e-10 1.042948009e-10 1.295785105e-10 1.40640085e-10 1.366894577e-10 1.232576857e-10 1.335292004e-10 1.39059836e-10 1.28788229e-10 1.319489549e-10 1.327389203e-10 1.445905338e-10 1.335290008e-10 1.272079791e-10 1.358994299e-10 1.366896409e-10 1.501212629e-10 1.366895495e-10 1.358993865e-10 1.295784537e-10 1.161464991e-10 1.311588885e-10 1.39060051e-10 1.461708311e-10 1.327389233e-10 1.517014912e-10 1.240479019e-10 1.532819843e-10 1.493312255e-10 1.414304365e-10 1.540720797e-10 1.398498348e-10 1.572324306e-10 1.477512304e-10 1.453807001e-10 1.358995834e-10 1.619730855e-10 1.390599642e-10 1.453809028e-10 1.469610261e-10 1.35899388e-10 1.453809236e-10 1.422204763e-10 1.279983676e-10 1.477510752e-10 1.477512056e-10 1.382698523e-10 1.279983636e-10 1.272081921e-10 1.42220285e-10 1.485412807e-10 1.351092743e-10 1.540719273e-10 1.564423261e-10 1.66713631e-10 1.445905922e-10 1.754049494e-10 1.398499538e-10 1.461708995e-10 1.366895918e-10 1.532821261e-10 1.438004336e-10 1.690840251e-10 1.287882987e-10 1.461705532e-10 1.580224191e-10 1.295786422e-10 1.627632676e-10 1.714543939e-10 1.493314259e-10 1.564423645e-10 1.406402281e-10 1.667135858e-10 1.517017959e-10 1.46961096e-10 1.540719805e-10 1.532820219e-10 1.611831596e-10 1.41430316e-10 1.603926304e-10 1.888368462e-10 1.706641734e-10 1.43010419e-10 1.532820426e-10 1.611828923e-10 1.682940563e-10 1.627632673e-10 1.627633812e-10 1.84096332e-10 1.556518127e-10 1.619730916e-10 1.754052085e-10 1.651334535e-10 1.627634021e-10 1.611829583e-10 1.477512644e-10 1.588128273e-10 1.690842813e-10 1.675039272e-10 1.730348267e-10 1.833059173e-10 1.580225722e-10 1.675041119e-10 1.730346691e-10 1.761948747e-10 1.706643722e-10 1.817258498e-10 1.548621398e-10 1.59602788e-10 1.422203043e-10 1.706646375e-10 1.698743935e-10 1.41430159e-10 1.572326019e-10 1.856766106e-10 1.540721083e-10 1.730347247e-10 1.501214303e-10 1.548622861e-10 1.643436905e-10 1.603929711e-10 1.785656044e-10 1.714545554e-10 1.667137121e-10 1.722444786e-10 1.714545986e-10 1.698744495e-10 1.540719917e-10 1.532821409e-10 1.611831975e-10 1.714542956e-10 1.912074471e-10 1.904172243e-10 1.627634522e-10 1.643436029e-10 1.6276321e-10 1.706643459e-10 1.509115838e-10 1.746149949e-10 1.406402942e-10 1.659238771e-10 1.83306356e-10 1.66714074e-10 1.746150222e-10 1.635535848e-10 1.754050415e-10 1.51701743e-10 1.78565697e-10 1.53281657e-10 1.698744529e-10 1.493312786e-10 1.698743226e-10 1.690843777e-10 1.706642994e-10 1.738250292e-10 1.611829824e-10 1.501216229e-10 1.706644611e-10 1.714546081e-10 1.761953276e-10 1.904172826e-10 1.746149997e-10 1.817258886e-10 1.643436506e-10 1.777755521e-10 1.87256927e-10 1.746149703e-10 1.643436277e-10 1.63553564e-10 1.501216595e-10 1.769853607e-10 1.833062142e-10 1.777754421e-10 1.817258417e-10 1.66713742e-10 1.761951199e-10 1.714547173e-10 1.935776704e-10 1.872568016e-10 1.532820079e-10 1.682940188e-10 1.785656276e-10 1.967382456e-10 1.998985856e-10 1.959481617e-10 1.761951649e-10 1.801460437e-10 1.769852628e-10 1.659236368e-10 1.825161778e-10 2.04639246e-10 1.919974063e-10 1.682940177e-10 1.943677437e-10 1.690840304e-10 1.785656141e-10 1.943679122e-10 1.856767157e-10 1.540720134e-10 1.833061388e-10 1.848863319e-10 1.698744161e-10 1.777755663e-10 1.801456697e-10 1.635534358e-10 1.635534382e-10 1.754053011e-10 1.714546393e-10 1.730347209e-10 1.777753269e-10 1.833062739e-10 1.801458595e-10 1.840963977e-10 1.801458935e-10 1.754051954e-10 1.801457414e-10 1.833062921e-10 1.951578316e-10 1.880467478e-10 1.793557661e-10 1.61183162e-10 1.888369504e-10 1.611831362e-10 1.722448158e-10 1.793556738e-10 1.809358575e-10 1.627633349e-10 1.769852291e-10 1.643433933e-10 1.690839097e-10 1.588128632e-10 1.698742959e-10 1.793555117e-10 1.659239926e-10 1.714544033e-10 1.864665332e-10 1.848864622e-10 1.761953085e-10 1.730347038e-10 1.880469844e-10 1.777754772e-10 1.848864399e-10 1.785656687e-10 1.825162223e-10 1.667138934e-10 1.627633239e-10 1.769855167e-10 1.722448062e-10 1.840964404e-10 1.951580656e-10 1.856766486e-10 1.801456851e-10 1.698743037e-10 1.880468739e-10 1.588126577e-10 1.785654468e-10 1.698745039e-10 1.698743374e-10 1.572325142e-10 1.730347304e-10 1.880468609e-10 1.848867052e-10 1.777753614e-10 1.659238488e-10 1.943677961e-10 1.667138422e-10 1.596026833e-10 1.769854589e-10 1.682940963e-10 1.572325858e-10 1.580226239e-10 1.477512021e-10 1.706641649e-10 1.848862929e-10 1.564423419e-10 1.888368022e-10 1.588128025e-10 1.682941526e-10 1.588128176e-10 1.572322716e-10 1.690841912e-10 1.564422676e-10 1.769854333e-10 1.722447069e-10 1.627633676e-10 1.761952399e-10 1.67504006e-10 1.690842562e-10 1.517016773e-10 1.588127333e-10 1.603929152e-10 1.706645376e-10 1.77775425e-10 1.698742386e-10 1.73034579e-10 1.714544643e-10 1.611830527e-10 1.493310942e-10 1.761952029e-10 1.698741373e-10 1.698743328e-10 1.611832182e-10 1.777755359e-10 1.572324439e-10 1.706645807e-10 1.524919025e-10 1.517017485e-10 1.596028098e-10 1.698741093e-10 1.643435575e-10 1.643434675e-10 1.698743343e-10 1.651336021e-10 1.556523834e-10 1.667139396e-10 1.485414279e-10 1.596029522e-10 1.66714152e-10 1.682941985e-10 1.445905756e-10 1.517017599e-10 1.572327267e-10 1.659236554e-10 1.667140453e-10 1.509115532e-10 1.358994628e-10 1.659239946e-10 1.501214364e-10 1.643435559e-10 1.509115626e-10 1.603931312e-10 1.548621829e-10 1.343191855e-10 1.659233604e-10 1.603930846e-10 1.422204276e-10 1.564425153e-10 1.327391623e-10 1.556522118e-10 1.390600878e-10 1.509115963e-10 1.461709041e-10 1.682939497e-10 1.46171049e-10 1.572323368e-10 1.232577009e-10 1.406400874e-10 1.690839782e-10 1.509115073e-10 1.34319189e-10 1.493313478e-10 1.596028631e-10 1.532818279e-10 1.469610085e-10 1.351093828e-10 1.509115697e-10 1.564425197e-10 1.398498582e-10 1.611831515e-10 1.31948892e-10 1.406401059e-10 1.311586468e-10 1.48541205e-10 1.295786748e-10 1.39059974e-10 1.295784515e-10 1.493313541e-10 1.161466962e-10 1.461708437e-10 1.295784923e-10 1.311588953e-10 1.36689688e-10 1.422200812e-10 1.524918559e-10 1.651335492e-10 1.279982464e-10 1.509116466e-10 1.319488842e-10 1.295786769e-10 1.295785996e-10 1.327390436e-10 1.374796507e-10 1.43010509e-10 1.438005429e-10 1.438003534e-10 1.438005878e-10 1.564421287e-10 1.264181623e-10 1.453807701e-10 1.264181817e-10 1.461708202e-10 1.248379634e-10 1.256278127e-10 1.279981251e-10 1.20097233e-10 1.382698325e-10 1.216774287e-10 1.272084068e-10 1.319490632e-10 1.453805722e-10 1.335290577e-10 1.311586958e-10 1.327389089e-10 1.295786947e-10 1.374796753e-10 1.114060529e-10 1.461710665e-10 1.114058135e-10 1.121959612e-10 1.240476782e-10 1.193070049e-10 1.272083102e-10 1.145663418e-10 1.248380576e-10 1.390598108e-10 1.366894859e-10 1.295785309e-10 1.414302063e-10 9.481355324e-11 1.216774988e-10 1.30368452e-10 1.343192819e-10 1.287883642e-10 1.098257529e-10 1.129861963e-10 9.95544241e-11 1.12986168e-10 1.082454673e-10 1.153565862e-10 1.343193179e-10 1.200972041e-10 9.402357398e-11 1.137763419e-10 1.27208075e-10 1.074555763e-10 1.256278956e-10 1.114059574e-10 1.145665094e-10 1.129861986e-10 1.129861013e-10 1.090356742e-10 1.035049892e-10 1.074555306e-10 8.21717789e-11 1.0903574e-10 9.87641048e-11 1.177268756e-10 1.200972083e-10 1.114059766e-10 9.086300843e-11 
# Errors [px3/pxAfterSecondFoil.dat] I_err:
8.798324293e-12 9.382067878e-12 9.579619314e-12 9.180288729e-12 9.315280169e-12 9.448381754e-12 9.415272064e-12 9.077714526e-12 9.709058213e-12 8.904116024e-12 9.57960764e-12 9.281734025e-12 9.348728861e-12 9.836830902e-12 8.582826833e-12 9.180266853e-12 8.93910811e-12 9.415268151e-12 9.773156455e-12 9.448385919e-12 9.51421352e-12 9.415274939e-12 9.146231866e-12 9.514217882e-12 1.002541314e-11 9.51423152e-12 9.112012761e-12 1.008749266e-11 9.868514219e-12 9.900104659e-12 9.962950422e-12 9.180289204e-12 9.481351807e-12 1.014919131e-11 9.34875431e-12 9.709067624e-12 9.994228191e-12 9.676870491e-12 1.02104956e-11 1.027147626e-11 1.036223841e-11 9.146238023e-12 9.415281897e-12 1.008748607e-11 1.086224794e-11 9.773165179e-12 9.481352237e-12 9.644567969e-12 1.008746813e-11 1.114591477e-11 9.709073861e-12 1.021052318e-11 9.41529003e-12 1.021051863e-11 1.083347323e-11 1.039233133e-11 1.027146768e-11 1.08909618e-11 9.514218379e-12 1.011837754e-11 9.612142612e-12 1.014918835e-11 1.150423635e-11 1.083349025e-11 1.068847303e-11 1.011839676e-11 1.117388524e-11 1.02714671e-11 1.065920141e-11 1.042231498e-11 1.033207738e-11 1.060047692e-11 1.048204013e-11 1.045221253e-11 1.039231968e-11 9.546969844e-12 1.057100041e-11 1.065920703e-11 1.045220193e-11 1.080463834e-11 1.030180864e-11 1.051176539e-11 9.962949221e-12 1.014919704e-11 1.027147318e-11 1.062987743e-11 1.074668928e-11 1.083347753e-11 1.089096536e-11 1.128507953e-11 1.062988303e-11 9.74116707e-12 1.089096724e-11 1.071762627e-11 1.120178524e-11 1.06884598e-11 1.05414263e-11 1.10333225e-11 1.03622482e-11 1.111789193e-11 1.094812793e-11 9.962959171e-12 1.097661271e-11 1.131269594e-11 1.125738297e-11 1.086227185e-11 1.042229774e-11 1.111787677e-11 1.100499382e-11 1.080463452e-11 1.122961847e-11 1.131270971e-11 1.080463716e-11 1.074669981e-11 1.103333343e-11 1.139516579e-11 1.089094163e-11 1.060048418e-11 1.136776178e-11 1.057099961e-11 1.216364368e-11 1.074668401e-11 1.11459183e-11 1.091959043e-11 1.177241283e-11 1.068845067e-11 1.158533585e-11 1.086226238e-11 1.125738296e-11 1.057098424e-11 1.114590752e-11 1.139516938e-11 1.11459316e-11 1.163909611e-11 1.174587198e-11 1.134024687e-11 1.158533901e-11 1.128507163e-11 1.083348326e-11 1.10333446e-11 1.120179344e-11 1.111786643e-11 1.155835811e-11 1.142253241e-11 1.142252857e-11 1.13951724e-11 1.083348076e-11 1.068845006e-11 1.161224352e-11 1.142252632e-11 1.120178602e-11 1.114592095e-11 1.086225499e-11 1.142252433e-11 1.155836198e-11 1.09481396e-11 1.190425674e-11 1.094813582e-11 1.106158141e-11 1.114590878e-11 1.147706848e-11 1.208640704e-11 1.161225183e-11 1.125738219e-11 1.097660298e-11 1.16122483e-11 1.108977566e-11 1.161224307e-11 1.200868904e-11 1.18516933e-11 1.153131324e-11 1.179890136e-11 1.128508117e-11 1.185168979e-11 1.150422297e-11 1.117387643e-11 1.125738438e-11 1.226586529e-11 1.100501612e-11 1.10333444e-11 1.150422921e-11 1.171926113e-11 1.161223849e-11 1.086225516e-11 1.131269387e-11 1.231664159e-11 1.106158275e-11 1.203464811e-11 1.128507345e-11 1.122961475e-11 1.161224082e-11 1.158533434e-11 1.150421781e-11 1.150421083e-11 1.185169035e-11 1.190426435e-11 1.169260224e-11 1.108974342e-11 1.10333347e-11 1.161225196e-11 1.234196091e-11 1.190425018e-11 1.221485397e-11 1.195657786e-11 1.161224377e-11 1.169259962e-11 1.155835884e-11 1.100499234e-11 1.147707031e-11 1.179890324e-11 1.150422131e-11 1.198266451e-11 1.153130709e-11 1.213793121e-11 1.122961729e-11 1.117387805e-11 1.171925958e-11 1.150421901e-11 1.20086706e-11 1.190424699e-11 1.206056683e-11 1.206055287e-11 1.193043195e-11 1.163909689e-11 1.166586845e-11 1.213793055e-11 1.198265616e-11 1.155835392e-11 1.182533765e-11 1.091956889e-11 1.177242317e-11 1.15313349e-11 1.229127551e-11 1.161223761e-11 1.193045843e-11 1.171927308e-11 1.122960687e-11 1.114590193e-11 1.200869348e-11 1.17192659e-11 1.136775018e-11 1.213794794e-11 1.224038178e-11 1.158532635e-11 1.136774848e-11 1.229128026e-11 1.169260563e-11 1.147707291e-11 1.094812612e-11 1.131269738e-11 1.155836577e-11 1.091960204e-11 1.12573863e-11 1.089093813e-11 1.142252704e-11 1.147706596e-11 1.254265171e-11 1.174587262e-11 1.218925714e-11 1.158533379e-11 1.221484839e-11 1.218926926e-11 1.153131771e-11 1.198265556e-11 1.241761023e-11 1.21636557e-11 1.163907352e-11 1.193045984e-11 1.218928565e-11 1.128508575e-11 1.142253266e-11 1.11738992e-11 1.153132912e-11 1.187798942e-11 1.221484525e-11 1.193043937e-11 1.203462299e-11 1.190423756e-11 1.21379236e-11 1.166589028e-11 1.103335408e-11 1.21892784e-11 1.182534379e-11 1.166589229e-11 1.179889237e-11 1.193044127e-11 1.136774979e-11 1.187800769e-11 1.12296124e-11 1.193046134e-11 1.179890981e-11 1.111787578e-11 1.134024769e-11 1.153132394e-11 1.12850626e-11 1.226586191e-11 1.185170924e-11 1.198266824e-11 1.169259481e-11 1.177242339e-11 1.185169399e-11 1.163909361e-11 1.185170267e-11 1.086225742e-11 1.231665881e-11 1.161224535e-11 1.198264256e-11 1.195656758e-11 1.120177375e-11 1.071761134e-11 1.177242105e-11 1.144981825e-11 1.200869216e-11 1.185168685e-11 1.19826619e-11 1.177242203e-11 1.198266172e-11 1.155836416e-11 1.122961739e-11 1.208641261e-11 1.091957956e-11 1.068844985e-11 1.103333509e-11 1.158534398e-11 1.174585669e-11 1.224038743e-11 1.16122469e-11 1.128506308e-11 1.200866238e-11 1.190424856e-11 1.169260712e-11 1.155834737e-11 1.18517081e-11 1.071761612e-11 1.166587086e-11 1.185169926e-11 1.169260997e-11 1.144982566e-11 1.094813808e-11 1.1477044e-11 1.166589461e-11 1.177241347e-11 1.171927161e-11 1.094811579e-11 1.120178722e-11 1.150423406e-11 1.100501714e-11 1.195658387e-11 1.169260427e-11 1.136775588e-11 1.136774138e-11 1.166588022e-11 1.10615877e-11 1.131269062e-11 1.200868078e-11 1.241760225e-11 1.091957252e-11 1.122960314e-11 1.091959699e-11 1.142253893e-11 1.091958358e-11 1.190425164e-11 1.142252335e-11 1.142253017e-11 1.144982646e-11 1.117389382e-11 1.074670082e-11 1.158533121e-11 1.120177324e-11 1.068845991e-11 1.134024916e-11 1.131269209e-11 1.089095896e-11 1.074670018e-11 1.074670757e-11 1.074669224e-11 1.057100069e-11 1.122961572e-11 1.060049245e-11 1.100501878e-11 1.065920941e-11 1.1367751e-11 1.083347703e-11 1.100500145e-11 1.147704789e-11 1.206056273e-11 1.100502818e-11 1.131268801e-11 1.158533539e-11 1.117389241e-11 1.108975789e-11 1.054143899e-11 1.060046641e-11 1.057099888e-11 1.086225562e-11 1.120179519e-11 1.080463473e-11 1.068845249e-11 1.027146314e-11 1.077570217e-11 1.045221966e-11 1.07176212e-11 1.039231665e-11 1.036222889e-11 1.060047786e-11 1.048203079e-11 1.048203712e-11 1.111788204e-11 1.011838848e-11 1.051178117e-11 1.036224342e-11 1.042230286e-11 1.094812171e-11 1.106159044e-11 1.122960357e-11 1.086224733e-11 9.931570256e-12 1.086226841e-11 1.080464041e-11 1.071762736e-11 1.014918763e-11 1.027146991e-11 1.051177339e-11 1.074669878e-11 9.900090212e-12 1.027146927e-11 1.024104029e-11 1.024104928e-11 1.002541772e-11 1.027145862e-11 1.074671136e-11 9.77316784e-12 1.002539982e-11 1.04223028e-11 1.002541237e-11 1.071760845e-11 9.836817603e-12 1.024104564e-11 1.045221162e-11 9.741164463e-12 9.962941123e-12 1.027147181e-11 1.002542838e-11 1.024103277e-11 1.065920828e-11 9.74117364e-12 1.036225112e-11 9.741183055e-12 1.02714734e-11 1.060048297e-11 1.017989743e-11 1.014919473e-11 9.64456614e-12 1.045221315e-11 1.00564935e-11 9.741160347e-12 1.042228563e-11 9.741161871e-12 1.008748632e-11 9.077702491e-12 9.644561353e-12 1.045219758e-11 9.644560374e-12 9.709067013e-12 1.008748572e-11 1.027147707e-11 1.008749384e-11 9.546984219e-12 1.024102611e-11 9.741170896e-12 9.415268968e-12 8.939115055e-12 1.011838187e-11 9.868506581e-12 9.448388097e-12 9.579606067e-12 9.382062697e-12 9.248011738e-12 9.994206385e-12 9.773153533e-12 9.214226461e-12 1.008748958e-11 9.248039158e-12 9.146228494e-12 8.762770952e-12 9.248041316e-12 8.868995312e-12 9.644560742e-12 9.04326295e-12 9.348744699e-12 9.514215162e-12 9.180275683e-12 9.415291019e-12 9.348738814e-12 9.546967278e-12 9.900086649e-12 9.514213698e-12 8.582835283e-12 9.348731957e-12 8.691236581e-12 9.214217167e-12 
5.69758972e-12 6.467348647e-12 5.806117941e-12 6.170993913e-12 6.704335341e-12 5.96522337e-12 6.796803847e-12 6.170974553e-12 6.221365224e-12 5.7521155e-12 5.912655594e-12 5.416745051e-12 6.170983264e-12 6.017320387e-12 7.741490808e-12 6.842574671e-12 5.752107562e-12 6.7968065e-12 5.642534151e-12 6.221346504e-12 6.610555556e-12 6.750711298e-12 6.796803419e-12 6.27133205e-12 6.796821296e-12 6.467355762e-12 5.752108724e-12 5.806118301e-12 6.320906701e-12 6.221357048e-12 6.017322555e-12 6.068961146e-12 6.515442216e-12 6.120194857e-12 5.912668003e-12 6.170971851e-12 6.320901726e-12 7.15478931e-12 6.563179744e-12 6.704331936e-12 6.888049789e-12 6.46735064e-12 6.796804026e-12 6.610553582e-12 6.657595058e-12 6.61056808e-12 6.657623954e-12 6.842587594e-12 6.657616977e-12 6.467354639e-12 5.91266947e-12 7.578494471e-12 6.170973275e-12 6.704331333e-12 6.888054762e-12 6.842575667e-12 6.37009702e-12 6.704334036e-12 7.198264107e-12 6.320890345e-12 6.320903268e-12 6.120202389e-12 6.750726144e-12 6.79681276e-12 6.120192504e-12 6.467355261e-12 6.61055817e-12 6.563170958e-12 6.704328362e-12 6.320906487e-12 6.271318781e-12 6.750731908e-12 5.912651071e-12 6.796824915e-12 6.888046541e-12 6.320899707e-12 6.320913312e-12 7.066976713e-12 6.657621957e-12 7.066981043e-12 6.842579497e-12 6.46735146e-12 6.704320786e-12 6.750725356e-12 7.940534716e-12 7.619581108e-12 7.154778099e-12 6.657606172e-12 6.842578398e-12 7.111006265e-12 6.370081749e-12 7.066991728e-12 7.284466239e-12 6.704318189e-12 7.578494751e-12 7.411931887e-12 7.284474386e-12 6.842578531e-12 7.066984947e-12 6.515434684e-12 7.198265926e-12 7.111022965e-12 6.657617895e-12 7.241492105e-12 6.563170769e-12 6.271326907e-12 7.979750876e-12 7.111014504e-12 6.657607487e-12 7.369682818e-12 7.453929987e-12 7.066982042e-12 7.82170468e-12 7.154781679e-12 7.369693551e-12 7.198277864e-12 7.660440957e-12 7.495669657e-12 7.198268471e-12 6.933216409e-12 6.888035615e-12 7.821722553e-12 7.111017955e-12 7.940517944e-12 7.369685816e-12 7.327200203e-12 7.74148044e-12 7.741481552e-12 6.467362273e-12 7.066992043e-12 7.660433501e-12 7.154778721e-12 7.198272807e-12 7.411915159e-12 7.111025506e-12 6.610566114e-12 7.741498764e-12 7.11101694e-12 7.70106737e-12 7.453916841e-12 7.578507538e-12 6.370085965e-12 7.022674622e-12 7.241507972e-12 6.796814064e-12 7.495667437e-12 7.154790343e-12 7.495679306e-12 7.411905446e-12 7.369681779e-12 6.796818201e-12 7.701064485e-12 7.327210052e-12 7.537207516e-12 6.888049419e-12 7.241508391e-12 7.741489852e-12 6.842585293e-12 7.066979009e-12 7.453902347e-12 7.578485062e-12 7.861517734e-12 7.901140555e-12 7.901133594e-12 7.537211191e-12 7.741487297e-12 7.411913827e-12 7.022681527e-12 7.198279961e-12 7.78171221e-12 7.495679814e-12 7.537195603e-12 7.369707939e-12 7.660433061e-12 7.578495898e-12 7.369673637e-12 7.066980317e-12 7.578483084e-12 7.660432098e-12 7.327213061e-12 7.578498413e-12 8.436091386e-12 7.741507448e-12 7.701079646e-12 7.578494852e-12 8.211091286e-12 8.018762092e-12 6.888049035e-12 7.619575122e-12 7.578493446e-12 7.781709204e-12 8.018779395e-12 7.861537602e-12 7.284483384e-12 7.411920167e-12 7.901149161e-12 7.741494024e-12 7.198267251e-12 7.453912381e-12 7.284492523e-12 7.154761231e-12 7.411918559e-12 7.901125326e-12 8.018774973e-12 7.781707384e-12 7.741496372e-12 7.154761313e-12 8.057582219e-12 7.495666607e-12 7.901127965e-12 7.111017517e-12 8.134723882e-12 7.619570349e-12 7.660436277e-12 7.198272612e-12 8.173000581e-12 7.701074526e-12 7.821719895e-12 8.134713812e-12 7.369692987e-12 7.241518352e-12 7.537191247e-12 8.473021496e-12 7.781716847e-12 7.741501267e-12 7.619582649e-12 8.134710855e-12 8.057598925e-12 7.327193899e-12 7.861537352e-12 7.660432171e-12 6.563163926e-12 7.369676695e-12 6.978097441e-12 8.211105902e-12 6.933212264e-12 7.901144139e-12 7.53718486e-12 8.134722013e-12 7.901137014e-12 7.619574411e-12 7.453915185e-12 7.578494531e-12 7.741493152e-12 7.495669166e-12 7.537193101e-12 8.727071932e-12 7.781708151e-12 7.453912614e-12 7.284465751e-12 7.154776011e-12 7.154774885e-12 7.821720867e-12 7.537211894e-12 7.97975093e-12 8.018763101e-12 6.842589617e-12 8.018774048e-12 7.495672446e-12 7.781702517e-12 7.861529226e-12 7.066996016e-12 7.821720519e-12 7.660429824e-12 7.901128852e-12 8.018784553e-12 7.327202303e-12 6.88805471e-12 7.453894922e-12 8.13470534e-12 8.24902501e-12 7.369678634e-12 7.660427748e-12 7.537194529e-12 8.018773405e-12 7.369677773e-12 7.41192857e-12 7.284487701e-12 8.172986837e-12 7.41190043e-12 7.49566574e-12 7.411909325e-12 7.198274976e-12 8.399018605e-12 7.82172432e-12 7.495671073e-12 7.979731454e-12 7.660427282e-12 7.284471649e-12 7.241510811e-12 7.619581246e-12 8.211099787e-12 8.172985133e-12 8.286769994e-12 7.411917758e-12 7.619564906e-12 7.821725748e-12 7.241500377e-12 7.660434693e-12 7.537196689e-12 7.537203369e-12 7.578490522e-12 7.495664045e-12 8.057601336e-12 7.781697666e-12 7.111016342e-12 7.066987538e-12 7.901125079e-12 7.066991875e-12 7.741496075e-12 7.537200711e-12 7.537185719e-12 7.781723834e-12 8.057600923e-12 7.979747555e-12 7.660443234e-12 7.537198789e-12 7.940537587e-12 7.066993493e-12 6.068974593e-12 7.369682787e-12 7.241502158e-12 7.821706789e-12 7.741499201e-12 7.411908677e-12 6.750735354e-12 7.578504231e-12 7.411918856e-12 7.821710763e-12 7.660419055e-12 7.901135002e-12 7.741494256e-12 7.82174135e-12 6.467350716e-12 7.979765384e-12 8.134718851e-12 7.284468899e-12 7.453911256e-12 7.154769412e-12 8.018758309e-12 7.411910339e-12 6.79681521e-12 7.369678414e-12 7.453908095e-12 7.741500223e-12 7.86152453e-12 6.610540747e-12 7.284475469e-12 7.327210585e-12 7.495665742e-12 7.11100843e-12 7.741512807e-12 6.796804272e-12 7.284482514e-12 7.111002393e-12 7.198263368e-12 7.453916989e-12 7.198267215e-12 7.41190516e-12 7.241491829e-12 7.154767661e-12 7.327200926e-12 7.369676763e-12 6.79681595e-12 7.066988188e-12 7.979750307e-12 6.933201283e-12 7.022685984e-12 6.978090114e-12 6.750735736e-12 7.901115709e-12 6.704328327e-12 7.537193315e-12 7.821727766e-12 7.284488703e-12 7.066978531e-12 7.15477575e-12 6.84258521e-12 7.660423228e-12 7.066974292e-12 7.861521137e-12 7.241506071e-12 7.411901069e-12 7.284484685e-12 7.022674871e-12 6.610559958e-12 7.327206869e-12 6.978087167e-12 7.022673405e-12 7.24151386e-12 7.453906421e-12 6.657626982e-12 6.75071264e-12 6.750732393e-12 7.066990285e-12 6.796794581e-12 7.241512929e-12 6.418899128e-12 6.370088041e-12 7.111027173e-12 6.750731964e-12 6.271311748e-12 6.51544333e-12 8.096256889e-12 6.515424769e-12 7.241501355e-12 7.022677563e-12 6.418907687e-12 7.411913097e-12 6.46734377e-12 6.842572876e-12 6.978092282e-12 7.198282557e-12 7.369681825e-12 6.704350781e-12 6.515442953e-12 7.111024423e-12 6.370087818e-12 7.111019524e-12 7.619570743e-12 7.327215553e-12 6.796817164e-12 6.610539903e-12 6.515434404e-12 5.912681743e-12 7.369691486e-12 6.933223324e-12 6.657612793e-12 6.467355406e-12 6.610567416e-12 6.750728135e-12 5.912669112e-12 6.515430209e-12 6.704324789e-12 6.170982448e-12 6.515443156e-12 6.842579472e-12 6.320908855e-12 6.370090329e-12 6.704330089e-12 7.198260025e-12 6.657617838e-12 6.79681645e-12 6.467365768e-12 5.859649955e-12 6.79679705e-12 7.066994059e-12 6.610560636e-12 6.796813224e-12 7.241510963e-12 6.610557296e-12 5.859632525e-12 7.241506303e-12 5.53078366e-12 6.221366153e-12 5.859619096e-12 6.515426514e-12 7.198259101e-12 6.750714122e-12 5.912664678e-12 6.017323553e-12 7.198274635e-12 6.563166844e-12 6.515436623e-12 5.965216851e-12 6.221344658e-12 6.65760294e-12 6.271321734e-12 6.221365472e-12 6.515452563e-12 7.369683975e-12 5.912643249e-12 5.358821168e-12 6.221360784e-12 5.300229271e-12 6.610563526e-12 6.120172438e-12 6.017322032e-12 5.859650993e-12 5.96522513e-12 6.61057024e-12 6.610560142e-12 6.610566311e-12 5.912674279e-12 6.418911385e-12 6.271347447e-12 5.859639243e-12 6.271317462e-12 6.120194444e-12 6.370099156e-12 6.563168965e-12 6.120170741e-12 6.515426544e-12 6.657596643e-12 6.271322651e-12 5.300258875e-12 5.859640854e-12 5.752115496e-12 5.474073662e-12 5.752105783e-12 6.467366998e-12 
5.530797007e-12 5.474051718e-12 4.997119506e-12 5.241015698e-12 5.241016605e-12 5.697578233e-12 6.017318099e-12 5.697585292e-12 5.241011092e-12 5.697584951e-12 5.75210882e-12 6.017313542e-12 5.120513015e-12 5.3587906e-12 5.530795616e-12 4.997106364e-12 5.912667291e-12 5.241026514e-12 5.416754116e-12 5.912656113e-12 6.017341419e-12 5.474065916e-12 5.530783698e-12 5.416746788e-12 5.059197463e-12 6.467364562e-12 5.752123039e-12 5.416729793e-12 5.300237363e-12 5.806113169e-12 5.859629705e-12 6.068973076e-12 5.4740837e-12 5.300243789e-12 5.416734757e-12 5.965227188e-12 4.93425886e-12 4.997103346e-12 5.35879969e-12 5.859633351e-12 5.752109896e-12 5.806106551e-12 5.586949229e-12 5.859639496e-12 4.99712399e-12 5.474068974e-12 6.017319268e-12 5.859636144e-12 6.221350812e-12 5.859634446e-12 6.271331513e-12 5.697581923e-12 6.515434382e-12 5.300236249e-12 5.120521803e-12 6.120201506e-12 5.806121965e-12 5.91266906e-12 5.697593631e-12 5.120503863e-12 5.965217338e-12 5.912673843e-12 6.221356948e-12 5.859632529e-12 5.300239979e-12 5.752101769e-12 5.358811267e-12 6.170984208e-12 5.586960012e-12 5.965225888e-12 5.586948709e-12 6.320887515e-12 6.221366081e-12 5.912655858e-12 6.750729552e-12 5.474070993e-12 6.068968767e-12 5.859639383e-12 6.46735891e-12 6.563186187e-12 5.697589476e-12 5.859635199e-12 6.170988215e-12 6.51542733e-12 6.370084777e-12 6.017323913e-12 5.059173854e-12 6.370093727e-12 6.221360785e-12 5.80612175e-12 6.22136088e-12 6.170975705e-12 6.068958392e-12 5.697609958e-12 6.120183716e-12 5.530793274e-12 6.515445982e-12 6.12019002e-12 6.221359558e-12 6.320909809e-12 6.320902561e-12 6.271325651e-12 6.320887639e-12 6.017325408e-12 6.563175945e-12 6.467353454e-12 6.978086675e-12 6.017331224e-12 6.320911645e-12 6.610553155e-12 6.750721946e-12 6.51544172e-12 6.467352635e-12 7.284485271e-12 6.418909037e-12 6.888035654e-12 6.370088115e-12 6.320901946e-12 6.170982172e-12 5.752106549e-12 5.859644156e-12 6.370090096e-12 6.796821157e-12 6.271313065e-12 6.271331038e-12 6.370103957e-12 6.320910287e-12 6.88804434e-12 6.017329084e-12 6.370075188e-12 7.453903307e-12 5.965214732e-12 6.657620223e-12 6.221339811e-12 7.022695022e-12 7.619580136e-12 6.271343304e-12 6.418906604e-12 5.859626761e-12 6.418928303e-12 6.418905299e-12 6.120179379e-12 6.515451446e-12 6.370096733e-12 7.022683527e-12 6.170976715e-12 6.657596087e-12 6.271344005e-12 5.530782356e-12 6.796804335e-12 6.750731397e-12 7.327208301e-12 5.859632475e-12 6.704338897e-12 5.69758721e-12 6.418913664e-12 7.369692968e-12 6.933221651e-12 6.320905924e-12 6.978084808e-12 6.610558708e-12 6.610560517e-12 7.066974823e-12 6.418909658e-12 6.888049822e-12 6.370064449e-12 6.068977696e-12 6.27131375e-12 6.796808887e-12 6.933199017e-12 5.859626749e-12 7.066994164e-12 6.978085074e-12 7.066989563e-12 6.170995552e-12 7.198272968e-12 6.978082488e-12 6.978083812e-12 6.320903078e-12 6.704327308e-12 7.022689198e-12 6.657624045e-12 6.46735249e-12 7.154777657e-12 6.610576845e-12 6.888034668e-12 6.418901206e-12 6.467349727e-12 6.796816122e-12 7.066994268e-12 6.70435022e-12 6.842573793e-12 6.610560461e-12 6.750728771e-12 6.370102649e-12 6.467372445e-12 7.02267269e-12 7.06697236e-12 5.697576028e-12 7.154762845e-12 7.066988258e-12 6.467357415e-12 6.704323564e-12 6.750716248e-12 6.750725893e-12 7.198274869e-12 7.022686608e-12 6.978082989e-12 7.284481263e-12 6.068973348e-12 6.515443186e-12 6.842574467e-12 6.61056612e-12 7.066996546e-12 6.170982893e-12 7.154780005e-12 6.88805734e-12 6.750728227e-12 7.111008025e-12 6.120195169e-12 7.154785942e-12 6.515440948e-12 6.796796219e-12 7.2844895e-12 6.271331037e-12 7.369682564e-12 7.111018501e-12 6.796818701e-12 6.563176507e-12 6.842596609e-12 6.750715615e-12 7.066972246e-12 6.933216991e-12 6.610559334e-12 6.610563974e-12 6.017305476e-12 6.320905622e-12 7.701052213e-12 6.320907262e-12 7.453921271e-12 6.56316613e-12 6.563159078e-12 6.22136895e-12 7.495676893e-12 6.610547837e-12 7.15477594e-12 6.750727037e-12 6.933218073e-12 6.610555646e-12 7.660427251e-12 7.241502809e-12 6.170976589e-12 6.842571004e-12 6.221367412e-12 6.88803263e-12 6.563162582e-12 6.8425678e-12 5.912678792e-12 6.418919305e-12 5.806123143e-12 6.704328906e-12 6.221351399e-12 6.370084453e-12 6.271325152e-12 7.537195275e-12 7.154774458e-12 7.022673208e-12 6.515458951e-12 7.111013777e-12 6.888050191e-12 7.284477388e-12 6.170986472e-12 6.750713929e-12 6.750727015e-12 7.411919971e-12 7.022674331e-12 7.111012962e-12 6.370088727e-12 7.111020496e-12 7.369682822e-12 7.241508475e-12 6.70433561e-12 7.940538859e-12 6.221346965e-12 6.750732692e-12 6.017325737e-12 6.796821066e-12 6.933226613e-12 6.320907469e-12 7.327215359e-12 6.657619907e-12 7.36966122e-12 6.120185229e-12 6.610553485e-12 7.495671102e-12 6.704329266e-12 6.750732092e-12 6.51544754e-12 6.933219737e-12 6.704335423e-12 6.796818161e-12 7.111025321e-12 6.271331831e-12 6.563170224e-12 6.418911511e-12 7.369684809e-12 6.370090761e-12 6.610559137e-12 6.467350069e-12 6.563166893e-12 7.111027265e-12 6.88804742e-12 7.15477244e-12 6.467354049e-12 6.610564444e-12 6.796808331e-12 7.111025719e-12 6.221340749e-12 6.170979973e-12 6.888044293e-12 6.657603573e-12 6.271332573e-12 6.221370575e-12 7.198277752e-12 6.610573725e-12 6.563157191e-12 6.750715238e-12 6.467359688e-12 7.066982048e-12 6.563162785e-12 6.657617115e-12 6.842577058e-12 7.022686292e-12 6.418922878e-12 5.697589677e-12 6.418881561e-12 6.370107781e-12 6.563161087e-12 5.806106211e-12 7.022670699e-12 6.563166556e-12 6.657616151e-12 6.842581348e-12 7.06697159e-12 6.271342126e-12 6.657609245e-12 6.170978274e-12 6.418909522e-12 6.120197616e-12 6.467361391e-12 6.515429391e-12 6.93323072e-12 6.842565798e-12 6.563158863e-12 5.642534187e-12 7.198270392e-12 7.110999801e-12 6.978105065e-12 5.642543251e-12 6.41890659e-12 6.320913925e-12 6.170989713e-12 7.369681241e-12 6.320901669e-12 6.170975569e-12 5.530791959e-12 6.170976029e-12 6.370078458e-12 6.51543219e-12 6.370092228e-12 7.198274401e-12 6.704326494e-12 6.796791674e-12 5.91266049e-12 6.170975572e-12 6.068968374e-12 7.154789718e-12 6.418896522e-12 6.120172677e-12 5.586939014e-12 6.563170386e-12 6.370097588e-12 6.467365959e-12 6.610546304e-12 6.017317602e-12 6.370080111e-12 5.530791234e-12 5.91265672e-12 6.320903253e-12 6.017319226e-12 6.467367841e-12 6.271330671e-12 6.17098219e-12 6.515436829e-12 6.750728496e-12 6.170990456e-12 6.610556171e-12 6.271321642e-12 6.068981493e-12 5.965221506e-12 6.22135187e-12 6.370089023e-12 5.474049547e-12 5.752108619e-12 5.806129671e-12 6.610559032e-12 6.467351002e-12 6.750735533e-12 6.65760491e-12 6.657614705e-12 6.750727936e-12 5.241009127e-12 6.170979449e-12 6.888051973e-12 6.888027376e-12 5.642533581e-12 6.221353695e-12 6.221365264e-12 6.068979791e-12 6.320905335e-12 6.657618159e-12 6.068972228e-12 6.17097683e-12 6.610559515e-12 6.017323805e-12 5.859642056e-12 6.120202015e-12 6.563159832e-12 5.965215595e-12 6.515442902e-12 5.416734303e-12 6.017333051e-12 6.271339354e-12 5.85963606e-12 6.017330912e-12 6.32090624e-12 5.912666778e-12 5.752123731e-12 5.965211781e-12 5.806125339e-12 6.017320559e-12 5.059172232e-12 5.752113635e-12 5.697570007e-12 5.642522905e-12 5.586944041e-12 5.912658354e-12 5.416745121e-12 6.12019479e-12 5.912672735e-12 5.859638981e-12 5.859642215e-12 5.120529722e-12 6.068979671e-12 6.796813084e-12 5.69758505e-12 6.017331337e-12 5.91266087e-12 5.530791611e-12 5.530797567e-12 5.530790621e-12 5.752109121e-12 5.41673546e-12 5.474068573e-12 5.586937267e-12 5.965232356e-12 5.96521984e-12 5.241019855e-12 5.697591486e-12 5.416749555e-12 5.241003493e-12 5.912681931e-12 5.586945175e-12 5.806118516e-12 5.586946185e-12 5.642532319e-12 6.120192318e-12 5.474080816e-12 5.358809673e-12 6.068974952e-12 4.8705849e-12 5.586940117e-12 6.221360131e-12 6.01733563e-12 6.418912442e-12 4.740679577e-12 5.642534755e-12 5.47405609e-12 5.120523539e-12 5.752096549e-12 5.752128268e-12 4.997115662e-12 4.934260639e-12 5.859638982e-12 5.965233877e-12 5.300231594e-12 4.538851458e-12 5.241014641e-12 5.059192786e-12 5.642533199e-12 5.416738606e-12 
4.934257972e-12 5.474072847e-12 5.120518811e-12 4.607101947e-12 4.740681364e-12 4.870589384e-12 4.607111635e-12 5.24102851e-12 5.642539008e-12 6.017328274e-12 5.241009415e-12 5.642544374e-12 4.934249267e-12 4.674361942e-12 4.997109554e-12 4.469560448e-12 4.607094925e-12 4.934237222e-12 5.120534676e-12 5.912655571e-12 4.997105433e-12 4.399142412e-12 5.12051706e-12 4.607111359e-12 5.241025853e-12 6.120174009e-12 5.241010849e-12 5.358812235e-12 5.120502726e-12 5.059191048e-12 5.752105918e-12 4.934249519e-12 5.752098571e-12 5.859649716e-12 5.859620844e-12 4.934252447e-12 5.24101255e-12 5.358801555e-12 6.120200782e-12 6.068974488e-12 4.997108391e-12 4.870572695e-12 5.53079764e-12 5.300245557e-12 5.120533468e-12 5.300235796e-12 4.740681871e-12 5.586939617e-12 4.9971184e-12 5.059195304e-12 5.474059523e-12 5.241001426e-12 5.752119876e-12 5.642538882e-12 5.474062687e-12 6.515449026e-12 5.912655529e-12 5.416745503e-12 5.416755157e-12 5.059188047e-12 5.586950034e-12 5.416745612e-12 5.416739233e-12 5.806131194e-12 6.017328224e-12 5.752109746e-12 5.697581066e-12 5.416729756e-12 5.300237878e-12 5.416739889e-12 6.221367458e-12 5.859619696e-12 5.75212349e-12 6.017303465e-12 6.068985216e-12 4.870596166e-12 5.241023659e-12 6.418924992e-12 5.642531468e-12 5.806123336e-12 6.170984576e-12 5.300238443e-12 5.358812502e-12 5.806121683e-12 5.806108679e-12 5.35879326e-12 6.12019685e-12 4.997114127e-12 5.91267466e-12 5.586939856e-12 5.416750484e-12 5.91266076e-12 6.120184178e-12 5.120509042e-12 6.017338047e-12 6.068973998e-12 5.58695058e-12 5.752095603e-12 6.320887592e-12 6.704340577e-12 6.068989107e-12 6.017326417e-12 6.017325622e-12 5.358812161e-12 5.241020899e-12 5.474061432e-12 6.17098337e-12 6.120198834e-12 6.271331846e-12 4.740671645e-12 5.912655483e-12 6.068974724e-12 6.017310122e-12 5.416742203e-12 6.068977403e-12 5.697594954e-12 5.859640036e-12 5.859638454e-12 5.474065243e-12 5.358812703e-12 6.704330199e-12 6.271329265e-12 6.320885318e-12 6.563179692e-12 5.806119659e-12 6.120184314e-12 5.859636816e-12 6.704335862e-12 5.697587079e-12 5.912674424e-12 6.170985923e-12 6.017320089e-12 5.586954311e-12 6.017330767e-12 6.170971238e-12 6.017320803e-12 6.370100376e-12 6.068970894e-12 6.120201571e-12 5.642530004e-12 6.120182332e-12 6.17096456e-12 6.370092105e-12 5.697564304e-12 5.806122815e-12 5.859633885e-12 6.068963103e-12 6.563179949e-12 5.912667839e-12 6.320905855e-12 5.912666672e-12 5.752108163e-12 6.068962901e-12 6.418894066e-12 6.888045666e-12 5.586925624e-12 6.467355742e-12 5.416731795e-12 6.418915834e-12 6.704332912e-12 6.563157171e-12 5.69760151e-12 6.657622602e-12 6.017331626e-12 6.978086298e-12 6.320916042e-12 7.06698921e-12 5.752105546e-12 6.750725139e-12 5.859632475e-12 5.806117721e-12 6.704327311e-12 6.467345305e-12 6.888051641e-12 6.370081509e-12 6.610564252e-12 6.418895654e-12 6.320911255e-12 5.642526055e-12 6.221358427e-12 6.27132144e-12 6.65760535e-12 7.022669569e-12 6.515443274e-12 6.657608689e-12 6.79680734e-12 5.859644853e-12 6.37009905e-12 6.271331692e-12 6.017329087e-12 6.933213724e-12 6.22134698e-12 6.563167812e-12 6.610548413e-12 6.704322665e-12 6.068964968e-12 6.610561444e-12 6.1709907e-12 5.859637316e-12 6.563180766e-12 6.467353371e-12 6.120191089e-12 6.271322881e-12 6.978080734e-12 6.933205134e-12 5.642532816e-12 6.017309912e-12 6.515450637e-12 6.704337906e-12 5.181119259e-12 5.912675713e-12 6.842574568e-12 6.170991985e-12 5.912659327e-12 5.752114126e-12 6.467354123e-12 6.068974917e-12 6.563168497e-12 5.358804194e-12 6.017324973e-12 6.657625739e-12 5.965227555e-12 5.965234265e-12 5.752106672e-12 7.111009169e-12 6.657616759e-12 5.69757188e-12 6.170976955e-12 6.418900584e-12 6.515443893e-12 6.320911322e-12 6.170983172e-12 5.752119119e-12 6.750727896e-12 5.806121119e-12 6.515434246e-12 6.27132379e-12 6.068972608e-12 6.320897754e-12 6.657610316e-12 6.467352554e-12 6.221365808e-12 6.271338194e-12 6.068969573e-12 6.12017944e-12 6.842578041e-12 5.912665338e-12 6.978096348e-12 6.068978179e-12 5.806110947e-12 6.22136348e-12 6.610563793e-12 6.320908833e-12 6.418902454e-12 6.370111648e-12 5.75210785e-12 6.170968493e-12 6.170974857e-12 6.068964594e-12 6.657617737e-12 6.170990974e-12 6.467353329e-12 6.418890879e-12 6.515428024e-12 6.370080938e-12 5.18111404e-12 6.888050197e-12 6.418898928e-12 6.796802809e-12 6.563162413e-12 5.241021086e-12 6.704335513e-12 5.859628153e-12 6.221366597e-12 5.752123241e-12 6.515448716e-12 5.586924909e-12 6.750709247e-12 6.017323949e-12 5.586947993e-12 6.170983228e-12 6.657614191e-12 6.017315467e-12 6.221364433e-12 6.657619854e-12 6.467361008e-12 6.0689802e-12 6.610560761e-12 5.586939495e-12 6.370103881e-12 6.610571988e-12 6.271343801e-12 5.912660016e-12 6.017327591e-12 6.467358434e-12 6.370096773e-12 6.017314696e-12 6.515440366e-12 6.120179101e-12 6.370094642e-12 6.370097204e-12 5.965231832e-12 6.657625992e-12 6.370092784e-12 5.752127005e-12 5.965226244e-12 6.017309876e-12 6.320912229e-12 6.467363696e-12 5.965225422e-12 6.221350826e-12 5.859635271e-12 6.017327448e-12 5.697599268e-12 6.515435327e-12 5.697576196e-12 7.241502162e-12 6.418900381e-12 5.806117609e-12 6.563152589e-12 6.467366589e-12 6.120185004e-12 6.467356935e-12 6.370100067e-12 6.418913451e-12 6.120200519e-12 6.370101318e-12 5.859638071e-12 6.704342644e-12 5.530798793e-12 6.978081569e-12 7.022671145e-12 6.017327101e-12 6.657600454e-12 6.068979005e-12 5.752095279e-12 6.170991142e-12 5.752107187e-12 6.271321754e-12 6.320886221e-12 6.515440222e-12 5.586939406e-12 6.221346386e-12 6.467344268e-12 6.221350883e-12 6.370088356e-12 6.068971328e-12 6.170976601e-12 6.610565733e-12 6.271324708e-12 6.068957155e-12 6.120203993e-12 6.170986361e-12 5.642542623e-12 5.859618034e-12 5.912675349e-12 6.271326028e-12 6.750727688e-12 6.017315682e-12 6.704325387e-12 6.170981329e-12 5.912670826e-12 5.806107627e-12 6.888027437e-12 7.111017856e-12 6.017318676e-12 5.642532152e-12 5.965218034e-12 5.530781833e-12 5.697579413e-12 5.912662841e-12 6.120173086e-12 6.657614842e-12 6.221357013e-12 6.170975111e-12 6.17098575e-12 6.933214989e-12 5.697590613e-12 6.221356877e-12 5.416747882e-12 5.80612539e-12 5.697582677e-12 6.221362828e-12 5.642551851e-12 6.068964165e-12 6.610573432e-12 5.965224459e-12 5.181120569e-12 6.120201386e-12 5.752094926e-12 6.17096757e-12 6.418916966e-12 5.416736475e-12 6.221357773e-12 6.170969859e-12 5.697591703e-12 6.221356313e-12 6.320902961e-12 5.530792072e-12 6.068983733e-12 5.530797811e-12 5.47406127e-12 5.300241774e-12 5.530788826e-12 5.912664752e-12 5.241007523e-12 5.642511786e-12 5.859630455e-12 6.370100385e-12 5.300243845e-12 5.300236889e-12 6.370077785e-12 5.752115048e-12 5.859630875e-12 5.642529133e-12 5.416740441e-12 5.752106025e-12 5.181116e-12 6.221362257e-12 5.41673183e-12 5.120506064e-12 5.120525164e-12 5.859641673e-12 6.017323033e-12 5.181111018e-12 4.806071686e-12 6.068968557e-12 6.120196063e-12 5.300254107e-12 5.752100677e-12 6.271327733e-12 5.059190053e-12 5.416740409e-12 5.912666466e-12 4.870579733e-12 4.538846622e-12 5.697573064e-12 4.399159373e-12 5.530794593e-12 5.806111269e-12 5.642530176e-12 5.859626598e-12 5.416737509e-12 5.120518842e-12 5.358812762e-12 5.300243896e-12 5.474087795e-12 4.870588068e-12 6.068988776e-12 5.300242126e-12 5.358812102e-12 5.181127808e-12 5.859641357e-12 4.806050598e-12 5.474067337e-12 4.870592886e-12 5.47407859e-12 5.18110891e-12 6.017308449e-12 5.241020441e-12 5.85963024e-12 5.474063035e-12 5.752118975e-12 4.870563396e-12 4.93424628e-12 5.358808645e-12 5.965206598e-12 4.806064706e-12 5.530787497e-12 4.997118751e-12 4.46955257e-12 4.674378015e-12 6.221368244e-12 5.752106557e-12 5.4167533e-12 6.170986651e-12 5.474067835e-12 5.12051414e-12 5.12051114e-12 4.870596698e-12 4.740679456e-12 4.180878126e-12 5.300245131e-12 5.059194109e-12 5.18110859e-12 4.997109477e-12 4.99710835e-12 5.859649524e-12 4.934263217e-12 5.241017378e-12 4.180900026e-12 5.642537757e-12 4.997118681e-12 5.697569115e-12 4.740675866e-12 4.105547777e-12 5.474080351e-12 5.300241984e-12 4.254898157e-12 5.181103435e-12 4.028774624e-12 
5.059192055e-12 4.105542711e-12 4.934256717e-12 4.180880231e-12 4.469560919e-12 4.674367052e-12 4.870578906e-12 4.934258099e-12 3.35215569e-12 5.300248474e-12 4.469545247e-12 4.607113391e-12 4.806072691e-12 4.806077391e-12 4.607100346e-12 5.416752613e-12 5.241005258e-12 4.870577691e-12 4.399153972e-12 5.47407367e-12 5.181117672e-12 4.327626131e-12 5.18110341e-12 5.241011831e-12 5.47406067e-12 4.997114845e-12 5.300250941e-12 5.53077078e-12 5.241014888e-12 5.300215413e-12 4.028811864e-12 5.697586247e-12 4.607107501e-12 4.997111639e-12 5.120529685e-12 5.059206476e-12 5.530787117e-12 5.642531368e-12 5.358829539e-12 4.740689221e-12 5.12051311e-12 5.120501281e-12 5.181106e-12 4.327615624e-12 5.120515074e-12 5.586936074e-12 4.32762567e-12 5.75211151e-12 5.358810279e-12 5.241008548e-12 5.120526032e-12 5.752115094e-12 4.806074781e-12 4.740672606e-12 5.241013962e-12 5.358812409e-12 5.697577142e-12 4.934275819e-12 5.300232523e-12 4.740661084e-12 5.697576694e-12 5.120519173e-12 5.1811224e-12 5.642549542e-12 5.120512683e-12 5.120508248e-12 4.997105407e-12 5.181118839e-12 5.474064341e-12 4.740680583e-12 4.9970888e-12 5.912666006e-12 5.300232452e-12 4.028794958e-12 5.416732825e-12 4.870599872e-12 5.586936635e-12 4.934252876e-12 5.642516026e-12 5.806123865e-12 4.997111909e-12 5.358795337e-12 5.300246065e-12 6.017311465e-12 5.586930842e-12 5.474061196e-12 5.965227346e-12 4.806072151e-12 5.474056178e-12 5.059199376e-12 5.059198485e-12 5.859641416e-12 4.997119863e-12 5.530782517e-12 5.530776602e-12 5.53078076e-12 5.586945483e-12 4.806069047e-12 5.300225323e-12 6.170980749e-12 5.358791917e-12 5.181100231e-12 5.181123632e-12 5.642526195e-12 5.752112061e-12 5.358789033e-12 5.642536169e-12 5.416727885e-12 6.370110096e-12 5.965216116e-12 5.859634206e-12 5.806117601e-12 5.181093451e-12 5.300235068e-12 5.697604218e-12 5.697580248e-12 5.241020095e-12 5.586938487e-12 5.120505535e-12 6.068975394e-12 5.697591089e-12 5.120512769e-12 4.254883722e-12 5.859637855e-12 6.170973741e-12 5.416747836e-12 5.752110311e-12 5.530783082e-12 5.96523393e-12 5.241016379e-12 4.93425895e-12 5.530800206e-12 5.358804847e-12 5.300233924e-12 5.530791489e-12 6.418902518e-12 5.859632194e-12 5.965229933e-12 5.69759146e-12 6.12018683e-12 5.181133225e-12 5.965224332e-12 5.859638511e-12 6.221352025e-12 5.586935777e-12 6.120195637e-12 5.586941895e-12 5.697589216e-12 5.586935417e-12 5.859627672e-12 6.017315173e-12 5.181120078e-12 5.642545566e-12 6.068976388e-12 5.752105563e-12 5.752110792e-12 6.120200293e-12 5.586934423e-12 6.704334443e-12 5.120516128e-12 4.934255658e-12 6.271309211e-12 6.320914242e-12 6.370083791e-12 5.859638154e-12 5.912650411e-12 5.120524259e-12 6.017315014e-12 5.752121806e-12 6.271326297e-12 6.12018493e-12 6.12018655e-12 5.416750324e-12 6.12017844e-12 5.806118759e-12 5.965227306e-12 6.515428036e-12 6.017326348e-12 5.752110115e-12 5.416749169e-12 5.965227406e-12 5.642545943e-12 4.934254996e-12 6.068970728e-12 6.068955004e-12 5.5869509e-12 5.912664588e-12 5.752118422e-12 5.96522381e-12 6.068973497e-12 6.56316899e-12 6.120182066e-12 5.120521732e-12 6.418911494e-12 6.418909205e-12 6.221364628e-12 5.912682933e-12 6.068972605e-12 6.170976573e-12 5.530800066e-12 6.120180111e-12 5.530786238e-12 5.697593363e-12 6.22134536e-12 5.697593254e-12 6.12017901e-12 6.221349007e-12 5.965205443e-12 6.271334387e-12 6.370101507e-12 5.642540439e-12 6.221359129e-12 6.563176524e-12 6.370089322e-12 6.704319105e-12 6.068967102e-12 6.515448197e-12 6.418912297e-12 6.320909856e-12 5.586936097e-12 6.017328785e-12 5.75209761e-12 6.068972397e-12 6.610576359e-12 6.515437579e-12 6.370081382e-12 5.912653555e-12 4.870574848e-12 6.467362125e-12 6.41889342e-12 5.697572135e-12 6.320916724e-12 6.01732592e-12 5.965222424e-12 6.17098498e-12 5.64253069e-12 6.563176913e-12 6.418915968e-12 6.170979677e-12 5.965214065e-12 6.271321926e-12 6.120193243e-12 6.370106369e-12 6.06898791e-12 5.859633896e-12 5.965226366e-12 6.221358067e-12 6.418911934e-12 6.017338833e-12 6.515443614e-12 5.697595117e-12 6.2213537e-12 5.752108073e-12 5.912653412e-12 6.017332656e-12 5.642539911e-12 6.068974281e-12 5.965209471e-12 6.170975375e-12 6.068973681e-12 6.170990954e-12 5.965226783e-12 6.467354547e-12 5.697578888e-12 5.752105466e-12 6.563178091e-12 6.017318808e-12 6.467358217e-12 6.017310705e-12 5.912660026e-12 5.859647131e-12 5.912638787e-12 5.697593998e-12 5.69758372e-12 5.965216801e-12 5.965226746e-12 6.657607608e-12 5.697594211e-12 6.515436677e-12 5.181118885e-12 6.320887269e-12 6.515454605e-12 5.965222485e-12 5.752114756e-12 6.37009399e-12 5.965212046e-12 5.752112413e-12 6.657590523e-12 5.300236596e-12 5.697579779e-12 6.796808877e-12 6.068973026e-12 6.170973232e-12 6.515444254e-12 6.068967773e-12 6.17097131e-12 5.806124656e-12 5.965213796e-12 6.563168276e-12 5.474073221e-12 5.5307976e-12 6.320897984e-12 5.474052932e-12 6.320910436e-12 5.300228466e-12 6.221361058e-12 5.530793297e-12 5.642534578e-12 5.642516148e-12 5.530787833e-12 5.474079349e-12 5.358809071e-12 5.806128672e-12 6.271329786e-12 6.610559005e-12 5.859628162e-12 5.752111086e-12 6.017315057e-12 6.068969975e-12 6.017324541e-12 6.320915541e-12 6.0689756e-12 6.120179058e-12 5.806122455e-12 5.697584917e-12 6.370088252e-12 6.170976199e-12 6.221354517e-12 6.370100914e-12 5.530785127e-12 6.068968986e-12 5.859621443e-12 5.241022112e-12 6.017339163e-12 6.120187983e-12 4.740670932e-12 5.530786234e-12 5.752107861e-12 5.642525919e-12 6.320911253e-12 5.416746809e-12 5.530773403e-12 5.474066068e-12 5.912654366e-12 5.859615805e-12 6.068980161e-12 6.657605749e-12 5.806117385e-12 6.068974568e-12 5.642547323e-12 6.068956321e-12 5.358804278e-12 5.697585848e-12 5.965213346e-12 5.241010366e-12 5.752132539e-12 5.965213459e-12 5.85963582e-12 5.806118205e-12 5.300225401e-12 5.416730335e-12 6.467347925e-12 4.997103809e-12 6.068975566e-12 6.017317348e-12 5.912662676e-12 5.912653863e-12 6.320899209e-12 5.41671786e-12 5.965236126e-12 5.059190059e-12 5.530798404e-12 5.69757607e-12 6.017315168e-12 5.300237396e-12 5.530796141e-12 5.697595497e-12 6.170986406e-12 5.416735958e-12 5.358803817e-12 5.416728102e-12 6.320901357e-12 4.806068899e-12 5.474069942e-12 5.642526279e-12 5.806120787e-12 5.965227911e-12 5.912672125e-12 5.181120595e-12 5.358802877e-12 5.474080022e-12 5.642535462e-12 5.241015873e-12 6.017325347e-12 5.697578976e-12 5.474075085e-12 5.912657603e-12 5.642537895e-12 5.300239278e-12 5.300249262e-12 5.416756091e-12 5.120519693e-12 4.806072505e-12 5.358806454e-12 5.697587109e-12 5.358820124e-12 5.697593989e-12 5.586944604e-12 5.300241664e-12 5.965217823e-12 5.181117317e-12 5.358811106e-12 5.859622858e-12 5.530781035e-12 5.181115231e-12 5.58693072e-12 4.806069211e-12 5.642519987e-12 5.241022733e-12 5.120525139e-12 5.697584874e-12 5.241013568e-12 5.300222461e-12 5.912660137e-12 6.27132128e-12 5.47405793e-12 5.416754362e-12 4.870582036e-12 5.181116245e-12 4.674381915e-12 5.912667602e-12 5.586942284e-12 5.474071563e-12 5.642517352e-12 5.300247049e-12 5.120511126e-12 5.241008828e-12 5.474077369e-12 4.806063401e-12 5.806110879e-12 5.697572238e-12 4.538864125e-12 4.46955858e-12 4.997115918e-12 5.530786272e-12 5.120505867e-12 5.752095269e-12 5.120503179e-12 5.241019333e-12 5.300238254e-12 5.059186788e-12 4.934250682e-12 5.120521762e-12 5.241017315e-12 5.300243271e-12 5.059189174e-12 4.806076304e-12 4.806051523e-12 5.586946074e-12 4.870583935e-12 4.997119821e-12 4.934256326e-12 4.740679632e-12 5.300237494e-12 4.997108224e-12 5.416738611e-12 5.416729509e-12 5.059193291e-12 4.806069361e-12 4.538864e-12 4.997122332e-12 4.740663101e-12 4.806079138e-12 4.870595398e-12 5.586946498e-12 5.806108622e-12 4.997109115e-12 5.358807922e-12 5.120517581e-12 5.059169058e-12 5.181132458e-12 4.806062993e-12 5.300252129e-12 5.416734182e-12 5.120516086e-12 4.105535736e-12 4.870585097e-12 5.059178601e-12 4.870584067e-12 4.25487739e-12 4.740686247e-12 4.469546285e-12 4.740671189e-12 4.740686663e-12 4.399153986e-12 4.806075987e-12 4.997108096e-12 4.327618478e-12 5.697569456e-12 4.327630514e-12 5.697596874e-12 
3.789257444e-12 4.870593465e-12 4.674372871e-12 4.934254956e-12 4.254888691e-12 4.806069839e-12 5.181125453e-12 4.997130777e-12 4.997119587e-12 4.028797613e-12 5.241026487e-12 4.254891631e-12 4.67436801e-12 4.469553689e-12 4.180880585e-12 4.105553529e-12 5.358807437e-12 4.538869125e-12 4.399165567e-12 4.32763866e-12 4.997106513e-12 4.399157503e-12 4.674380616e-12 4.25489628e-12 4.740682618e-12 5.120515174e-12 5.120523778e-12 5.059187636e-12 4.80605898e-12 5.474056323e-12 5.181115329e-12 4.607110767e-12 4.254888338e-12 5.474068619e-12 5.05919152e-12 4.934238674e-12 5.586941782e-12 4.5388537e-12 5.181116825e-12 4.538863738e-12 4.806064847e-12 4.997111329e-12 4.674384137e-12 4.607105489e-12 4.538840746e-12 4.80606064e-12 5.120508315e-12 5.12050875e-12 5.416739806e-12 5.416730482e-12 5.241014055e-12 4.399160473e-12 5.059190651e-12 4.607117766e-12 4.740670233e-12 4.67437782e-12 4.870574304e-12 5.241013876e-12 4.674366508e-12 4.806066494e-12 4.469562338e-12 5.300228057e-12 4.997106153e-12 5.241013738e-12 4.934263424e-12 5.241005937e-12 5.474065679e-12 5.24100615e-12 5.05920426e-12 4.327618137e-12 4.674387534e-12 4.538852005e-12 4.254905155e-12 4.997131407e-12 4.870591185e-12 4.87059794e-12 4.870571276e-12 4.538856319e-12 5.059203139e-12 4.327633737e-12 4.80605374e-12 5.059207499e-12 4.399161423e-12 5.965215079e-12 5.859627646e-12 5.474078524e-12 5.53077928e-12 5.300255037e-12 4.538851309e-12 4.740688047e-12 5.120522193e-12 5.181137926e-12 5.241024787e-12 5.697587303e-12 5.35882219e-12 4.32763736e-12 5.41674634e-12 4.997123365e-12 4.870596301e-12 5.912668443e-12 5.181136756e-12 5.241004678e-12 6.170977139e-12 4.93426075e-12 5.300242005e-12 6.120192332e-12 5.059189131e-12 5.642544742e-12 6.12019974e-12 4.997101632e-12 5.474073503e-12 5.358796972e-12 5.300249371e-12 5.912683024e-12 6.221338551e-12 5.358811885e-12 5.642535487e-12 5.120521623e-12 5.859635819e-12 5.806112253e-12 5.586938809e-12 5.474052732e-12 6.017324959e-12 5.416735958e-12 5.530798163e-12 5.181126887e-12 5.358807367e-12 5.530788752e-12 5.416735048e-12 5.300242843e-12 4.806072449e-12 5.300250502e-12 6.120189468e-12 5.530780407e-12 5.358815594e-12 5.697592796e-12 4.607101637e-12 5.300247732e-12 5.300213848e-12 5.059207785e-12 6.017319246e-12 6.0173226e-12 5.96520166e-12 4.538866951e-12 5.586931268e-12 6.120181892e-12 5.752121914e-12 5.58694905e-12 4.870576203e-12 5.416756159e-12 5.530796684e-12 5.58693726e-12 5.241020215e-12 5.474048455e-12 5.416751646e-12 6.418906899e-12 6.017327035e-12 5.859646125e-12 5.912656064e-12 5.181119856e-12 5.416733476e-12 5.642538959e-12 6.46735593e-12 6.017340236e-12 5.300243386e-12 5.53079797e-12 5.120508245e-12 5.859638101e-12 5.416740714e-12 6.120182486e-12 5.358803749e-12 5.358801545e-12 5.358804548e-12 5.241017663e-12 5.241024987e-12 5.300237738e-12 5.697587564e-12 5.059200881e-12 5.120515835e-12 4.997112338e-12 5.474054097e-12 5.697590829e-12 5.859641271e-12 5.300238817e-12 6.120195285e-12 5.912672954e-12 5.586951341e-12 5.752128235e-12 5.697591243e-12 4.934256199e-12 5.806130452e-12 5.300229369e-12 5.752104242e-12 5.806119821e-12 6.120189762e-12 5.85964968e-12 5.859648594e-12 6.120196725e-12 5.120505689e-12 6.01732035e-12 5.859649806e-12 5.697598548e-12 5.859633463e-12 5.642526006e-12 6.068984645e-12 5.586937186e-12 6.610548199e-12 6.017311192e-12 5.530797091e-12 6.515449948e-12 5.120529373e-12 5.752115636e-12 5.300227262e-12 4.399158768e-12 5.586920301e-12 6.320908248e-12 5.69759508e-12 5.965237918e-12 6.320917218e-12 5.96523544e-12 5.912675274e-12 5.474067464e-12 4.607127739e-12 5.9126587e-12 5.300239748e-12 5.416718806e-12 5.965230565e-12 5.752096147e-12 5.965234358e-12 5.474043428e-12 5.300231257e-12 5.752103715e-12 4.997119927e-12 5.752103676e-12 5.642545028e-12 5.697598779e-12 5.358813129e-12 5.642548459e-12 6.467351082e-12 6.418917697e-12 6.418923064e-12 5.752105627e-12 5.806130093e-12 6.221357678e-12 5.416745605e-12 5.96522197e-12 6.120203004e-12 5.416746157e-12 6.221382257e-12 5.912667726e-12 5.586941982e-12 6.515430354e-12 5.752108204e-12 6.170982782e-12 6.120192767e-12 5.416725176e-12 5.41673608e-12 5.697579732e-12 5.586933553e-12 5.80611615e-12 5.91267444e-12 6.068979683e-12 6.120207168e-12 5.752111631e-12 5.806103221e-12 6.068974948e-12 6.320904594e-12 5.120512709e-12 5.859641909e-12 6.017318251e-12 6.120182241e-12 5.859626348e-12 5.697575024e-12 5.58694046e-12 6.370097223e-12 6.704339826e-12 6.017320866e-12 5.806130913e-12 5.965223331e-12 5.806112925e-12 6.888044303e-12 4.870586902e-12 5.75209525e-12 5.181117057e-12 6.068965715e-12 6.22136261e-12 6.068965535e-12 5.859638171e-12 5.965230149e-12 5.358806036e-12 5.586937714e-12 5.586942988e-12 6.017316049e-12 5.752103483e-12 6.017319289e-12 5.697580489e-12 5.586940233e-12 5.586951108e-12 5.474066269e-12 6.22137179e-12 6.120199399e-12 5.91265842e-12 6.17098398e-12 5.806131537e-12 5.859643146e-12 6.370098497e-12 5.474066011e-12 5.752097151e-12 5.642545099e-12 5.85962404e-12 5.181116765e-12 6.068981657e-12 6.933216565e-12 5.474061378e-12 5.806118959e-12 5.912649587e-12 6.515446914e-12 6.017327614e-12 5.80612388e-12 6.170977358e-12 5.358829362e-12 5.474069542e-12 5.474063167e-12 5.642529107e-12 6.017329196e-12 5.358796392e-12 6.370103596e-12 5.530798468e-12 5.642537492e-12 5.241010956e-12 6.017312012e-12 5.642533699e-12 5.53079268e-12 5.586937316e-12 4.997113259e-12 5.965203445e-12 6.120163298e-12 5.241007701e-12 5.24101413e-12 6.120200724e-12 6.17098468e-12 6.320907422e-12 5.059188848e-12 5.059208444e-12 5.416749312e-12 5.965234879e-12 5.530783471e-12 5.912667106e-12 5.806120465e-12 6.418908529e-12 6.170980352e-12 5.241028129e-12 5.91266625e-12 6.320903739e-12 5.586945064e-12 6.12019165e-12 5.806125677e-12 5.75211142e-12 4.5388564e-12 5.80613241e-12 5.241011875e-12 5.358802457e-12 5.24103375e-12 6.120188353e-12 5.181123456e-12 6.068961809e-12 6.06896015e-12 5.358810767e-12 5.912667714e-12 5.300225927e-12 4.934225331e-12 5.241009983e-12 5.806120634e-12 5.912668643e-12 4.99710785e-12 6.271332528e-12 5.120516109e-12 5.300254481e-12 5.47406928e-12 4.806064029e-12 5.806124132e-12 5.697583662e-12 5.965227887e-12 5.697582027e-12 5.059178696e-12 4.67436656e-12 5.752117657e-12 5.181116831e-12 5.181105453e-12 4.674387694e-12 5.752117852e-12 5.241015465e-12 4.997108618e-12 4.806074291e-12 4.997124263e-12 5.47405289e-12 4.997094242e-12 5.530789225e-12 4.997113573e-12 4.997106459e-12 5.358804843e-12 6.120184268e-12 5.806125024e-12 5.300230575e-12 5.965225095e-12 5.120512517e-12 4.740686312e-12 5.474072739e-12 4.538847977e-12 5.059175068e-12 5.358826329e-12 5.530784426e-12 5.586935689e-12 5.697595611e-12 4.538858097e-12 5.120508128e-12 5.300247029e-12 5.181126001e-12 4.469559464e-12 4.934263417e-12 5.241023685e-12 5.241037905e-12 5.358788568e-12 5.697582552e-12 5.181125672e-12 5.530790141e-12 5.181124437e-12 5.241009657e-12 4.80607401e-12 4.806076817e-12 5.241018087e-12 4.607101946e-12 4.934271279e-12 5.586937154e-12 5.416736599e-12 4.538853578e-12 4.399159908e-12 4.997105868e-12 5.241024489e-12 4.997118641e-12 5.120525114e-12 4.870579501e-12 4.870589655e-12 5.120516776e-12 4.740680754e-12 5.059186841e-12 5.241023977e-12 5.181111998e-12 5.059185463e-12 5.530796367e-12 4.469548441e-12 5.059183536e-12 4.740666938e-12 5.241002201e-12 5.241002759e-12 5.181116821e-12 5.416747411e-12 4.674374279e-12 5.181115923e-12 4.607109823e-12 4.740679308e-12 4.806101162e-12 4.674383361e-12 4.180878724e-12 3.950550672e-12 4.806058558e-12 5.752123217e-12 5.300225451e-12 4.997120707e-12 5.241015282e-12 4.674375414e-12 4.469566417e-12 4.538860246e-12 4.806074417e-12 5.181119459e-12 5.059188094e-12 5.806136972e-12 4.8060663e-12 5.416739733e-12 3.870745778e-12 4.028798123e-12 5.120519097e-12 4.180881338e-12 4.469556502e-12 5.181126739e-12 4.934246038e-12 4.870590264e-12 4.674376473e-12 4.028804929e-12 4.806066725e-12 4.327630831e-12 4.469553859e-12 5.059168743e-12 4.469557855e-12 5.059193887e-12 4.806097347e-12 4.674369062e-12 5.059206255e-12 4.87056513e-12 4.538844539e-12 4.674372937e-12 
4.538857397e-12 3.620758001e-12 4.254882676e-12 5.181111864e-12 4.607103417e-12 4.674385989e-12 4.327639245e-12 5.358803282e-12 4.674372098e-12 4.469563067e-12 4.806091687e-12 4.740682568e-12 3.950539184e-12 4.399161266e-12 4.607102905e-12 4.674367717e-12 4.399177525e-12 3.789245239e-12 5.300229427e-12 4.180887934e-12 5.530785265e-12 4.674379206e-12 4.997123918e-12 4.39916641e-12 4.80605951e-12 4.60709838e-12 5.241034175e-12 3.789250111e-12 4.674348653e-12 5.059201041e-12 4.607113386e-12 4.538856228e-12 5.358799311e-12 5.181115809e-12 4.674378208e-12 4.870578115e-12 5.120510641e-12 5.24102918e-12 4.997112386e-12 5.240995229e-12 4.806065554e-12 4.327636188e-12 4.870582857e-12 4.806087736e-12 4.607108398e-12 4.806073066e-12 5.416743206e-12 4.997125697e-12 4.46955373e-12 4.399151743e-12 5.300236626e-12 5.41674116e-12 4.934262493e-12 4.538855357e-12 4.607110667e-12 4.674369509e-12 4.740684299e-12 4.607107162e-12 4.399157477e-12 4.607107845e-12 5.120503228e-12 4.740681046e-12 4.87059365e-12 4.327629067e-12 4.997117932e-12 5.912657887e-12 5.300249248e-12 4.934257901e-12 4.10555016e-12 4.469556174e-12 5.530776585e-12 4.997118846e-12 5.059193926e-12 4.934267252e-12 5.586943393e-12 5.416730759e-12 4.607107098e-12 5.120527293e-12 5.24101605e-12 4.806076861e-12 5.059191002e-12 5.181114373e-12 4.870585584e-12 4.674374225e-12 5.300240052e-12 4.674369862e-12 5.530798133e-12 5.530788853e-12 5.64252693e-12 5.059191413e-12 5.120506029e-12 5.474063135e-12 4.607107459e-12 4.469551164e-12 5.586948785e-12 4.674366965e-12 4.934257349e-12 5.181109432e-12 5.642550968e-12 5.586947517e-12 4.997109771e-12 4.469555845e-12 4.806063337e-12 5.120523729e-12 5.965221354e-12 6.01731909e-12 5.059189998e-12 4.327634676e-12 4.934251387e-12 4.469565854e-12 5.300250182e-12 5.586952529e-12 5.47405763e-12 4.997110356e-12 4.934260099e-12 5.752107912e-12 5.358806514e-12 5.586935735e-12 4.934251556e-12 5.35879085e-12 5.806121741e-12 5.181120285e-12 5.18111245e-12 4.740671458e-12 4.997118372e-12 5.18112493e-12 4.997106393e-12 5.358809989e-12 5.120512718e-12 4.399146232e-12 4.674373803e-12 5.530781332e-12 5.752107302e-12 5.05918926e-12 5.120526814e-12 5.241019097e-12 5.300230408e-12 5.416728309e-12 5.806128449e-12 5.912662161e-12 5.530799611e-12 5.300245837e-12 5.697586226e-12 5.912671742e-12 5.416734574e-12 5.300224408e-12 4.997124659e-12 5.24102139e-12 4.674359587e-12 5.300250961e-12 5.474054192e-12 6.120176554e-12 5.181122112e-12 5.059201903e-12 5.059198233e-12 6.467342893e-12 5.859632858e-12 5.300236341e-12 4.870589658e-12 5.474070995e-12 5.474069888e-12 5.474076623e-12 5.697584955e-12 5.530801086e-12 5.241035301e-12 5.859644024e-12 5.586939579e-12 6.320893306e-12 5.642534457e-12 5.47406221e-12 4.740673505e-12 4.997126442e-12 5.586947609e-12 6.22136046e-12 5.358795957e-12 5.416746531e-12 5.474050817e-12 6.120211615e-12 6.017335448e-12 6.170972159e-12 5.35881325e-12 6.221373976e-12 5.474044032e-12 5.416744496e-12 5.474072474e-12 5.697615409e-12 5.530801037e-12 5.806118647e-12 5.586941926e-12 5.120536692e-12 5.586946149e-12 5.697581691e-12 5.181120915e-12 5.416752172e-12 5.642526496e-12 5.474061019e-12 4.870598309e-12 5.120518682e-12 5.859626507e-12 5.416746133e-12 5.642537286e-12 5.697586038e-12 5.752115741e-12 5.358801769e-12 5.474054641e-12 5.35880976e-12 5.358813063e-12 4.740678868e-12 5.752109205e-12 5.752109303e-12 5.859636835e-12 5.752104765e-12 5.358799505e-12 6.418900309e-12 5.642536035e-12 5.859632481e-12 5.806110634e-12 5.530798699e-12 4.806082708e-12 5.859641129e-12 5.642543798e-12 6.017319619e-12 6.657612207e-12 6.221353304e-12 6.32090334e-12 5.912658606e-12 5.530790998e-12 5.181137538e-12 6.068977977e-12 5.416743105e-12 5.358814693e-12 5.965217094e-12 6.068976132e-12 6.170980063e-12 5.80613556e-12 5.530797256e-12 5.586949399e-12 5.12052293e-12 6.271343048e-12 5.965232528e-12 5.358806292e-12 5.53078588e-12 5.642529552e-12 5.358801235e-12 5.474063354e-12 5.859638022e-12 6.22135958e-12 6.418912923e-12 6.610568883e-12 5.912668018e-12 5.69759483e-12 5.642543654e-12 5.530767755e-12 5.965209686e-12 5.120521587e-12 5.697585808e-12 5.859635511e-12 5.806130616e-12 5.586935386e-12 5.586935433e-12 5.181121151e-12 5.6975776e-12 5.474075103e-12 5.416746151e-12 5.358806947e-12 5.586955431e-12 5.912679186e-12 5.806134009e-12 5.474057088e-12 6.170988081e-12 5.912661639e-12 5.530788736e-12 5.965219424e-12 5.859635936e-12 6.017328725e-12 5.300241504e-12 5.474064685e-12 5.859636588e-12 5.642538254e-12 5.120523826e-12 5.181112289e-12 5.181111435e-12 6.221356647e-12 6.06897174e-12 5.859631223e-12 5.059189679e-12 6.17098861e-12 5.059187225e-12 6.017309689e-12 5.859633369e-12 6.170982096e-12 5.530783264e-12 6.796810292e-12 5.586940712e-12 5.965228036e-12 5.642538745e-12 5.474066793e-12 4.674373624e-12 5.530803759e-12 5.965224233e-12 5.241013627e-12 6.017309051e-12 6.320914478e-12 6.170970002e-12 5.642534946e-12 5.642540993e-12 5.859632148e-12 5.752123888e-12 5.859654131e-12 6.320907084e-12 5.586937889e-12 5.059188681e-12 5.474072372e-12 5.697590609e-12 5.859632067e-12 5.9652149e-12 5.358821184e-12 5.059189261e-12 4.870591694e-12 5.530791001e-12 6.06897379e-12 5.05919335e-12 5.965237784e-12 6.120193867e-12 5.181127135e-12 4.934260327e-12 5.965216354e-12 4.870577809e-12 4.469568201e-12 5.912663648e-12 5.530800869e-12 6.017317609e-12 5.586938724e-12 5.241024538e-12 5.059184363e-12 6.271332453e-12 5.642539243e-12 5.474048401e-12 5.059186969e-12 5.120524048e-12 4.607113821e-12 5.752109957e-12 5.474049731e-12 5.806129921e-12 6.370095459e-12 5.752099574e-12 5.530794673e-12 4.469551852e-12 5.752104674e-12 5.120521161e-12 5.530785186e-12 5.586946711e-12 5.586952704e-12 5.752115251e-12 5.416752065e-12 4.934256952e-12 5.806132917e-12 5.474061695e-12 5.474069082e-12 5.965218011e-12 5.474064577e-12 5.059194552e-12 5.241005977e-12 5.241020215e-12 5.358825779e-12 4.469561407e-12 5.181105664e-12 4.74066088e-12 5.474072571e-12 5.642527105e-12 5.474075491e-12 4.870565877e-12 4.74067323e-12 5.059176793e-12 5.120511283e-12 5.752118894e-12 5.752125102e-12 5.059204613e-12 5.859638021e-12 5.059190758e-12 5.859633937e-12 4.870581936e-12 5.300236488e-12 5.416746315e-12 4.674380514e-12 5.05919424e-12 5.240994e-12 5.12053018e-12 5.358820794e-12 5.912670001e-12 5.358811788e-12 5.05917783e-12 5.120521056e-12 5.859622522e-12 5.642526637e-12 5.358804145e-12 5.241027983e-12 5.586945914e-12 5.642532617e-12 5.300230077e-12 5.120519764e-12 5.806115807e-12 5.474056831e-12 5.05918833e-12 4.740678621e-12 5.586949386e-12 5.586926337e-12 5.120526103e-12 5.059188142e-12 4.870583633e-12 4.538852652e-12 5.300238262e-12 5.859633434e-12 5.059205813e-12 5.241026452e-12 4.327610992e-12 5.859641128e-12 5.416739648e-12 4.607105419e-12 5.416749644e-12 5.358804244e-12 5.12052117e-12 6.017306391e-12 5.300238506e-12 5.120532441e-12 4.997120976e-12 4.806076262e-12 5.642528054e-12 5.241013523e-12 4.740673347e-12 4.538844807e-12 5.530802522e-12 5.241024691e-12 4.538851282e-12 5.358810271e-12 4.469556349e-12 5.300246843e-12 4.674382589e-12 5.642511865e-12 5.474050865e-12 4.674368395e-12 4.25488942e-12 4.028799637e-12 5.120508938e-12 4.740673371e-12 4.607114805e-12 4.18090035e-12 5.120512413e-12 5.474071053e-12 5.752112354e-12 4.934250001e-12 5.181130541e-12 5.300243906e-12 4.53886238e-12 4.028804689e-12 4.870583345e-12 4.870567275e-12 4.538856121e-12 4.806059542e-12 4.740669214e-12 4.254897394e-12 5.120523586e-12 4.934249796e-12 4.870588348e-12 5.586941258e-12 4.806057952e-12 4.180871681e-12 4.806082602e-12 3.444030516e-12 4.740668134e-12 4.7406647e-12 4.674371354e-12 4.538856154e-12 4.607123915e-12 4.105553493e-12 4.80607128e-12 4.469559254e-12 4.538841103e-12 4.327639849e-12 3.950566199e-12 4.538851293e-12 5.05919583e-12 4.180868705e-12 4.806065992e-12 4.53885852e-12 4.740683682e-12 4.105553144e-12 4.607104679e-12 4.870591139e-12 4.180878293e-12 4.399156277e-12 4.399154851e-12 4.740672624e-12 3.95056951e-12 4.607117671e-12 4.254901515e-12 4.180889739e-12 3.789253401e-12 4.254896426e-12 4.607116508e-12 4.607114421e-12 
4.740678217e-12 3.789270227e-12 4.674373421e-12 3.789265523e-12 4.806069181e-12 4.105555158e-12 4.028809956e-12 4.740678535e-12 4.674378612e-12 4.327611653e-12 4.806065522e-12 4.674371331e-12 4.399150265e-12 4.028797786e-12 4.180890225e-12 4.028811325e-12 5.181120096e-12 4.806077454e-12 4.254898998e-12 5.05919515e-12 4.870582345e-12 4.469556253e-12 4.180876589e-12 4.4695519e-12 4.997108583e-12 4.870579945e-12 4.806068376e-12 4.469554531e-12 5.059196883e-12 4.254892239e-12 4.607116999e-12 4.806053723e-12 4.607101072e-12 5.120527827e-12 3.870760341e-12 4.028812496e-12 5.059194663e-12 4.607101764e-12 5.05917245e-12 4.399156267e-12 4.327634513e-12 4.538853901e-12 4.740678265e-12 4.02881154e-12 5.47406747e-12 4.806070681e-12 3.533503801e-12 4.538852761e-12 4.806070515e-12 3.533478532e-12 4.607111511e-12 3.352160634e-12 5.181097638e-12 4.254885582e-12 4.674366737e-12 5.530788437e-12 3.533487592e-12 4.469539428e-12 4.997103739e-12 4.607105813e-12 4.327631029e-12 4.997109783e-12 5.059185204e-12 5.300255607e-12 4.997115171e-12 4.997112141e-12 5.120530675e-12 5.474081062e-12 4.67438777e-12 4.740693684e-12 5.30023185e-12 5.059191078e-12 5.181113275e-12 5.059183458e-12 4.740696499e-12 5.241017384e-12 5.358800599e-12 4.997113861e-12 4.997126141e-12 5.120520338e-12 4.740682788e-12 5.241006101e-12 5.416730744e-12 4.80607656e-12 4.740678645e-12 4.80606204e-12 5.181130505e-12 5.241025124e-12 4.105558158e-12 4.028813079e-12 5.416743567e-12 5.241029289e-12 4.997110033e-12 4.740677816e-12 5.358788547e-12 4.254885068e-12 4.740687232e-12 4.87058811e-12 4.934248134e-12 5.416745294e-12 4.674380952e-12 5.586948723e-12 5.530790314e-12 5.530786278e-12 5.120518222e-12 5.241012583e-12 5.69758655e-12 5.35880317e-12 5.416756461e-12 4.934267442e-12 5.416732926e-12 4.674377735e-12 4.399165452e-12 5.806118054e-12 4.997103464e-12 5.181119481e-12 5.586933646e-12 4.870581468e-12 5.358799828e-12 5.586936943e-12 5.697594892e-12 5.530779895e-12 5.059191731e-12 5.300239815e-12 5.300243095e-12 5.642535625e-12 5.358806942e-12 5.859625034e-12 4.997111454e-12 5.181113419e-12 6.170971036e-12 4.997114845e-12 5.181120577e-12 5.35881558e-12 4.870579641e-12 5.642552697e-12 5.24101639e-12 5.752105511e-12 5.181112153e-12 5.120519376e-12 6.068973341e-12 5.697594818e-12 5.120525527e-12 6.170985055e-12 5.241010859e-12 5.752102953e-12 5.752119142e-12 5.30026014e-12 5.120518755e-12 5.806125215e-12 5.059188959e-12 4.997114842e-12 5.965220414e-12 4.538854799e-12 5.965217831e-12 5.358804543e-12 5.697581183e-12 5.85962502e-12 5.752114626e-12 5.965221153e-12 5.85964754e-12 5.416758996e-12 5.586945465e-12 5.41675231e-12 5.300245472e-12 5.059200672e-12 5.300249943e-12 4.934272476e-12 5.530799189e-12 5.059197058e-12 5.120524552e-12 6.37007735e-12 5.530780127e-12 4.870569812e-12 5.752106322e-12 5.358793568e-12 5.859642956e-12 5.181115411e-12 5.642537253e-12 4.99712098e-12 5.697581759e-12 6.370092801e-12 5.752112072e-12 5.642530031e-12 5.530795693e-12 5.69757175e-12 5.58695501e-12 5.752111086e-12 5.474069258e-12 5.35881515e-12 5.181114067e-12 5.806117705e-12 6.01732107e-12 5.53079834e-12 6.17097097e-12 5.642517156e-12 5.642521667e-12 4.806070916e-12 5.120523813e-12 5.181125677e-12 6.068975781e-12 5.358804455e-12 5.752109788e-12 5.642538642e-12 5.697588108e-12 5.059183668e-12 5.416752704e-12 5.642546225e-12 5.85961715e-12 5.642540292e-12 5.642527034e-12 5.530809259e-12 5.300247512e-12 5.241012188e-12 5.530784671e-12 5.474060503e-12 5.358799129e-12 5.642540697e-12 5.530783929e-12 5.474049265e-12 5.181115113e-12 5.474058585e-12 5.586943297e-12 5.530800085e-12 5.806121582e-12 5.181117537e-12 6.068981705e-12 5.586933975e-12 5.75212181e-12 6.017333003e-12 5.241009379e-12 5.240993181e-12 6.370084748e-12 4.740688601e-12 5.642531277e-12 5.586960015e-12 5.806131382e-12 6.120196276e-12 5.530785728e-12 5.965216457e-12 5.530785009e-12 5.752112072e-12 5.806109421e-12 5.806108998e-12 5.30021936e-12 5.912672485e-12 5.416740233e-12 5.358815731e-12 5.806120498e-12 5.530784555e-12 5.530800745e-12 5.91266728e-12 4.997119021e-12 6.017313074e-12 4.806069729e-12 5.530796595e-12 5.806130873e-12 4.740670225e-12 5.120505654e-12 5.530791417e-12 5.416732203e-12 6.221368238e-12 6.017313308e-12 5.181112971e-12 5.181112664e-12 5.530805344e-12 5.181102962e-12 4.870589054e-12 5.358819772e-12 5.752115382e-12 5.181118775e-12 5.5869575e-12 5.181120703e-12 5.752109771e-12 6.320912271e-12 4.87057801e-12 5.241022577e-12 5.642541809e-12 5.416742929e-12 6.418907274e-12 6.657617767e-12 5.642528602e-12 5.474055122e-12 5.69759203e-12 5.358788052e-12 4.997110024e-12 6.170975939e-12 5.752114518e-12 6.170969479e-12 5.859625002e-12 5.416721476e-12 5.806120997e-12 5.697589901e-12 5.642522217e-12 5.53078183e-12 6.704330125e-12 5.586938618e-12 5.697595755e-12 5.241022371e-12 5.530802272e-12 5.965240812e-12 5.181109906e-12 5.53078561e-12 5.912663985e-12 4.934244391e-12 5.752099554e-12 5.586941554e-12 5.859632519e-12 5.059203859e-12 5.18111898e-12 5.241017333e-12 5.059203996e-12 4.674387937e-12 5.241016651e-12 5.752111224e-12 5.642537408e-12 5.35880019e-12 4.870580027e-12 5.241008825e-12 5.241019484e-12 5.530791111e-12 5.806116737e-12 5.416738299e-12 5.586946521e-12 4.538858067e-12 5.358801877e-12 5.358807624e-12 5.181104254e-12 4.997108361e-12 5.806130353e-12 5.120509715e-12 5.530783875e-12 6.370107636e-12 5.806112117e-12 5.241022192e-12 4.997117475e-12 5.697577203e-12 5.474076733e-12 5.416732812e-12 5.300229043e-12 6.01732529e-12 5.300246809e-12 5.965232092e-12 5.300227815e-12 5.912656417e-12 5.642539131e-12 5.059199396e-12 4.740667951e-12 5.912665466e-12 5.120523508e-12 5.530797887e-12 5.358819753e-12 5.35879547e-12 5.642537092e-12 5.416722639e-12 4.934251122e-12 5.24102475e-12 5.530796622e-12 5.752126725e-12 5.35880494e-12 5.697577758e-12 5.416738319e-12 5.752110632e-12 4.469559009e-12 5.859642718e-12 5.697586439e-12 5.586939295e-12 5.859631744e-12 5.474048649e-12 6.120197884e-12 4.806051404e-12 5.300231159e-12 5.697589697e-12 5.47406459e-12 5.474056315e-12 4.806063812e-12 5.474074858e-12 5.059209093e-12 5.697593902e-12 5.586949789e-12 5.806109908e-12 5.358795752e-12 4.674386551e-12 5.474057733e-12 5.416752851e-12 5.530785568e-12 5.300231963e-12 4.997109682e-12 5.059174296e-12 5.241022622e-12 4.997099849e-12 4.934237154e-12 5.806135867e-12 4.538861725e-12 5.358816483e-12 5.05919159e-12 5.2410252e-12 5.474052555e-12 4.997122151e-12 4.806080828e-12 5.35880274e-12 5.642532464e-12 5.181108099e-12 5.059196226e-12 4.674366055e-12 4.607121569e-12 5.474078061e-12 5.241017334e-12 4.806079701e-12 5.300242294e-12 5.416734499e-12 4.674377903e-12 4.806065925e-12 5.059183143e-12 5.059188446e-12 4.740675884e-12 4.997104601e-12 5.300224928e-12 4.934243809e-12 4.870579545e-12 4.674375746e-12 4.870587705e-12 4.327627549e-12 4.399154758e-12 5.474085e-12 5.181121879e-12 4.93425226e-12 5.24101115e-12 5.416727764e-12 4.740686295e-12 4.674381156e-12 4.934255741e-12 4.607110087e-12 5.241019834e-12 4.997105019e-12 4.997124363e-12 4.870592335e-12 4.254871084e-12 4.934271356e-12 5.30022651e-12 4.105540681e-12 4.327624733e-12 5.416725882e-12 4.934259439e-12 4.997120921e-12 4.997100027e-12 4.327611697e-12 4.39915686e-12 4.806073182e-12 4.934263579e-12 5.12052921e-12 4.870579479e-12 4.607101509e-12 4.327608871e-12 4.399166701e-12 5.059196129e-12 4.028800603e-12 3.620735305e-12 5.47405078e-12 5.241017047e-12 4.99712051e-12 4.399168619e-12 5.181124391e-12 4.254900242e-12 4.607095494e-12 5.300242519e-12 4.870589943e-12 5.859637154e-12 5.120526664e-12 4.39914341e-12 4.327624063e-12 4.997106124e-12 4.105540358e-12 4.327595767e-12 4.469545342e-12 4.997105292e-12 4.806067175e-12 4.39916042e-12 3.789253372e-12 3.870741574e-12 4.399153886e-12 4.806077624e-12 4.60710973e-12 4.53884873e-12 4.399160644e-12 4.39916283e-12 4.538859015e-12 4.74067513e-12 4.327631978e-12 5.18111571e-12 4.399161226e-12 4.740672475e-12 4.740683227e-12 3.950566135e-12 4.607088988e-12 4.399161949e-12 4.740672845e-12 3.9505743e-12 4.674374278e-12 4.740680129e-12 3.950554681e-12 
4.32762079e-12 4.028786488e-12 3.870758887e-12 4.997113e-12 4.607104373e-12 4.105543434e-12 5.300247229e-12 3.950566047e-12 4.105545883e-12 4.180895011e-12 4.180897671e-12 3.533480171e-12 4.180898179e-12 4.180891593e-12 4.740678735e-12 3.950570699e-12 4.399151879e-12 4.469551551e-12 4.740674584e-12 4.67436916e-12 4.327608146e-12 4.87058826e-12 4.469544519e-12 4.607110696e-12 3.620760008e-12 4.32761787e-12 4.399172605e-12 4.806078628e-12 4.028805999e-12 4.028795601e-12 4.997121936e-12 4.6071081e-12 4.934257017e-12 3.25770863e-12 4.997112687e-12 4.806073825e-12 4.740673428e-12 4.028820647e-12 5.241026765e-12 4.327618352e-12 5.416726576e-12 4.60709801e-12 5.059188637e-12 4.93424635e-12 4.934251797e-12 4.997117874e-12 4.46955802e-12 4.997113513e-12 4.67437455e-12 4.607105503e-12 5.059198595e-12 5.181125282e-12 4.674388248e-12 4.327627651e-12 4.538848929e-12 5.120509116e-12 5.358816068e-12 5.181105785e-12 5.241016239e-12 5.059186831e-12 5.300246209e-12 4.674373975e-12 5.300239083e-12 4.870598031e-12 4.806081287e-12 5.120503729e-12 4.180887536e-12 5.241017899e-12 4.934261548e-12 4.254886018e-12 4.997098394e-12 4.674364061e-12 4.870578067e-12 4.740678084e-12 5.059202688e-12 5.120515846e-12 4.028805087e-12 5.241012781e-12 4.674361732e-12 5.586946041e-12 4.674361514e-12 4.997110526e-12 5.41675037e-12 4.806057154e-12 5.806116309e-12 5.300239238e-12 5.416730904e-12 5.059192107e-12 5.416736861e-12 4.740675864e-12 4.607119827e-12 4.674375251e-12 5.474079402e-12 4.60711766e-12 5.697578467e-12 4.399165719e-12 5.474060249e-12 4.399161573e-12 5.300234677e-12 5.416744711e-12 4.806072563e-12 4.934249419e-12 5.059181531e-12 4.870588183e-12 4.934255899e-12 5.474064034e-12 5.181119153e-12 4.806082932e-12 4.806085809e-12 4.607101222e-12 4.399162683e-12 4.934256449e-12 4.740668853e-12 5.85963596e-12 5.530793681e-12 4.870602522e-12 5.642533271e-12 5.642530669e-12 5.530800656e-12 4.740674417e-12 4.674363166e-12 5.474070634e-12 4.80607729e-12 5.47407622e-12 4.870569127e-12 4.997104324e-12 4.997112096e-12 5.120524955e-12 5.300214196e-12 4.870584821e-12 5.241029116e-12 5.474071281e-12 4.934251545e-12 5.059196024e-12 5.64254115e-12 4.806071908e-12 5.300245437e-12 4.93426019e-12 5.120510597e-12 5.697583521e-12 4.870572927e-12 5.059178182e-12 4.806059124e-12 4.607110629e-12 4.934265649e-12 5.530788013e-12 5.300226144e-12 5.241033191e-12 5.586947324e-12 5.697570819e-12 5.181121149e-12 5.059197167e-12 5.300232974e-12 4.997120575e-12 5.05919616e-12 5.859636681e-12 5.241011333e-12 5.586927831e-12 5.059194801e-12 5.965205116e-12 4.997117369e-12 4.934249313e-12 4.740673274e-12 5.474062398e-12 5.300228326e-12 5.586941965e-12 5.530795216e-12 5.358819852e-12 6.01732336e-12 5.358784743e-12 5.416743089e-12 5.300240166e-12 5.474064749e-12 5.474049403e-12 6.221359785e-12 6.120189395e-12 5.120526234e-12 5.530775859e-12 5.91266435e-12 5.474068907e-12 5.806122361e-12 5.474058399e-12 5.300244823e-12 5.416753221e-12 5.181133009e-12 5.806117403e-12 5.859634903e-12 6.017311493e-12 5.752116513e-12 6.704335894e-12 5.642537504e-12 5.059193809e-12 6.418901823e-12 5.912670033e-12 5.059189808e-12 6.2713232e-12 5.358801017e-12 5.181128281e-12 5.474065664e-12 5.416745024e-12 5.642536873e-12 6.017325768e-12 6.170991117e-12 5.806111666e-12 5.181105988e-12 5.912653536e-12 5.416751664e-12 4.997116754e-12 5.474070184e-12 5.474066944e-12 5.530788067e-12 5.586955257e-12 5.358797485e-12 6.068982203e-12 5.806119615e-12 5.642531582e-12 5.300229e-12 6.17098843e-12 5.474067155e-12 5.059191609e-12 5.642523917e-12 5.241025005e-12 5.69758975e-12 5.530799141e-12 5.241019823e-12 5.965220203e-12 5.75211123e-12 5.69758752e-12 5.300248516e-12 4.997112087e-12 4.934242065e-12 5.416742242e-12 5.586955288e-12 4.870574433e-12 4.87058322e-12 5.912660721e-12 4.740686345e-12 5.474051812e-12 6.120192977e-12 5.120527419e-12 5.358800297e-12 5.642537881e-12 5.474065967e-12 6.170997065e-12 5.416746578e-12 5.8061353e-12 5.416746553e-12 5.85964242e-12 5.752110449e-12 5.120517105e-12 5.53078942e-12 5.358800631e-12 6.068975638e-12 5.416744285e-12 5.586949587e-12 5.416751873e-12 5.586937534e-12 6.120182746e-12 6.017321269e-12 5.586930397e-12 5.416744053e-12 6.170965055e-12 5.41673684e-12 5.474065638e-12 5.059201873e-12 5.697580713e-12 5.120516022e-12 5.300250342e-12 6.120196149e-12 5.912660341e-12 4.870585061e-12 5.059196535e-12 5.530785028e-12 5.859630916e-12 6.418888989e-12 4.806080648e-12 4.934249044e-12 4.674354643e-12 5.300239798e-12 5.806119887e-12 5.474060927e-12 5.642521624e-12 5.642539078e-12 6.120187596e-12 4.997117966e-12 5.586923015e-12 6.017314263e-12 6.017325775e-12 5.530790028e-12 5.697587752e-12 4.740680478e-12 5.697597288e-12 5.120509789e-12 5.586956226e-12 5.474066809e-12 4.740670935e-12 5.530768262e-12 5.586941243e-12 4.740662751e-12 5.752110785e-12 5.642531417e-12 5.358808007e-12 5.241026145e-12 5.2410145e-12 5.059194099e-12 5.181118745e-12 5.642549917e-12 5.24101392e-12 5.474058609e-12 5.912657705e-12 5.241010982e-12 4.934255987e-12 5.300243349e-12 4.997110326e-12 5.642558779e-12 5.586932357e-12 5.474067428e-12 5.358820968e-12 5.752111834e-12 5.586960875e-12 5.358812564e-12 5.059189358e-12 6.170984906e-12 5.752110976e-12 5.241017287e-12 5.241003048e-12 5.474064309e-12 4.028806163e-12 6.221344707e-12 5.05920529e-12 5.416738313e-12 6.515444122e-12 4.740661377e-12 5.859638169e-12 4.997129718e-12 5.912667288e-12 5.806130657e-12 5.416750737e-12 5.474063672e-12 5.416747855e-12 4.997110336e-12 5.530790805e-12 5.300224685e-12 5.059205606e-12 5.30021991e-12 4.674375715e-12 5.697575357e-12 5.12051707e-12 5.752097883e-12 5.474049258e-12 5.241016448e-12 5.241015082e-12 4.934262223e-12 5.416742273e-12 4.870600174e-12 5.059194181e-12 5.181133032e-12 4.740684746e-12 4.934260555e-12 5.80613054e-12 5.474048684e-12 5.181115342e-12 4.469564483e-12 4.997128812e-12 5.358800145e-12 5.530788464e-12 4.934254737e-12 5.586942449e-12 5.965219695e-12 4.934266214e-12 5.12050941e-12 4.740681298e-12 4.254885871e-12 5.181126275e-12 4.674377997e-12 4.997108324e-12 5.642529831e-12 5.300254476e-12 4.806073253e-12 4.740690599e-12 3.870741466e-12 4.399179947e-12 4.870582053e-12 5.416731581e-12 5.1205073e-12 5.358815283e-12 5.181123706e-12 4.997104815e-12 5.120514488e-12 5.059200419e-12 5.241020063e-12 4.870600034e-12 4.997107527e-12 5.181126641e-12 5.697586061e-12 5.697590243e-12 4.469540826e-12 4.399162633e-12 5.416732167e-12 5.530790076e-12 5.181126738e-12 4.46955901e-12 4.740668294e-12 5.530785151e-12 4.934256915e-12 5.241020086e-12 4.469552409e-12 5.24102098e-12 5.859633175e-12 4.934256925e-12 4.934262633e-12 5.241018362e-12 5.530781906e-12 4.870571092e-12 5.697584195e-12 5.530806195e-12 4.934256571e-12 4.740684077e-12 4.32760767e-12 5.181113797e-12 5.300252274e-12 4.674358755e-12 4.53886311e-12 4.607084477e-12 5.120528212e-12 4.870590296e-12 4.740683184e-12 4.674366014e-12 5.181104596e-12 4.870595001e-12 5.416751849e-12 5.416749377e-12 4.607111833e-12 4.934243952e-12 4.607097284e-12 4.870588194e-12 5.47405961e-12 4.180882401e-12 4.254900254e-12 4.997127722e-12 5.12051905e-12 5.12051479e-12 4.740664244e-12 5.120496679e-12 4.10554771e-12 4.806054744e-12 4.538855744e-12 4.607119557e-12 4.399170344e-12 5.530785451e-12 4.469564416e-12 5.120504e-12 4.740691864e-12 4.740686622e-12 4.399165854e-12 4.254893583e-12 4.87057589e-12 4.997118943e-12 4.607112784e-12 4.180885625e-12 4.80606549e-12 4.607108795e-12 4.997126028e-12 5.120523502e-12 4.399150881e-12 4.87057904e-12 4.469551132e-12 4.607107796e-12 4.105550848e-12 4.399159388e-12 4.997114965e-12 3.950561393e-12 4.99712014e-12 4.180894465e-12 4.674357645e-12 4.607105456e-12 4.399153887e-12 4.607125281e-12 5.120509596e-12 3.950570821e-12 4.674368131e-12 3.950577857e-12 4.180888533e-12 4.806071875e-12 4.607111458e-12 4.934265002e-12 4.740680898e-12 3.789249504e-12 4.806053319e-12 4.870599559e-12 5.059202532e-12 3.870754683e-12 4.674368945e-12 3.533483494e-12 4.607113966e-12 3.160463e-12 4.105555146e-12 4.399162515e-12 3.705944506e-12 4.10553666e-12 3.533483111e-12 
3.870759378e-12 4.469566241e-12 3.870743475e-12 4.469547777e-12 4.806080988e-12 4.674372695e-12 4.105548319e-12 3.870742022e-12 3.620740342e-12 4.254894246e-12 4.18089049e-12 4.180887951e-12 4.028773815e-12 5.059191961e-12 4.180881915e-12 4.607108068e-12 4.806074789e-12 3.789247947e-12 4.180881347e-12 4.674361141e-12 4.740696066e-12 4.80607342e-12 4.39916155e-12 4.740664334e-12 5.41675246e-12 4.469538856e-12 4.538857597e-12 4.740676529e-12 4.469554875e-12 4.806088164e-12 4.607112338e-12 4.538859615e-12 5.120513794e-12 4.327638858e-12 4.469547478e-12 4.327627578e-12 4.399148382e-12 4.469550543e-12 4.674377692e-12 5.120511662e-12 4.538864116e-12 4.180878097e-12 4.674358625e-12 5.181109717e-12 4.105550562e-12 5.752108114e-12 5.241031462e-12 4.870593747e-12 4.254893039e-12 5.53079447e-12 4.105556214e-12 4.806064657e-12 4.399172619e-12 4.607127386e-12 5.416745318e-12 4.740674013e-12 4.538846702e-12 4.80606306e-12 5.642531934e-12 4.607120363e-12 5.416734299e-12 5.181116331e-12 4.806066391e-12 5.24101557e-12 4.399151044e-12 4.740669759e-12 4.997109313e-12 5.240998119e-12 4.105559604e-12 5.241014825e-12 4.740670485e-12 4.469545698e-12 5.300218753e-12 4.674374404e-12 4.607116401e-12 5.120497367e-12 5.752104179e-12 5.241024757e-12 4.327628682e-12 4.469541275e-12 5.181108494e-12 4.934252886e-12 4.32763831e-12 4.674361798e-12 4.806063774e-12 4.327626985e-12 4.997127737e-12 5.358815273e-12 4.538852555e-12 4.538863692e-12 4.399162671e-12 4.180901771e-12 4.870594188e-12 4.254896274e-12 4.934238302e-12 4.806062566e-12 5.806115988e-12 5.241010874e-12 4.997119499e-12 4.74067494e-12 4.934263004e-12 5.300230906e-12 5.530779338e-12 5.300223464e-12 5.47406561e-12 4.806073526e-12 5.35881472e-12 5.474070135e-12 4.80607634e-12 5.059198295e-12 5.059195331e-12 5.300236684e-12 5.120520779e-12 4.997122854e-12 5.416749288e-12 5.416731918e-12 4.39915621e-12 4.870573777e-12 5.120514107e-12 5.120511324e-12 4.607110976e-12 5.53079665e-12 4.934273692e-12 5.474077193e-12 5.181131711e-12 5.181128551e-12 4.327624245e-12 4.607090781e-12 5.642542027e-12 5.474053915e-12 5.358820883e-12 5.059207715e-12 4.870573453e-12 4.870580097e-12 4.934262714e-12 5.241016589e-12 4.99712034e-12 4.806060065e-12 4.997122511e-12 5.241020479e-12 4.934243219e-12 5.752097606e-12 5.474060196e-12 5.416738854e-12 5.416755914e-12 5.416734816e-12 4.327616906e-12 4.934253373e-12 5.300239121e-12 5.30024009e-12 4.674358739e-12 4.674360925e-12 4.607106882e-12 4.997117775e-12 5.642548641e-12 5.241014926e-12 4.674375449e-12 4.327612246e-12 4.934269303e-12 5.300243264e-12 5.642526336e-12 5.300240817e-12 5.358812142e-12 6.017329317e-12 5.358801821e-12 5.474066932e-12 5.358798537e-12 5.358808253e-12 5.859655578e-12 5.474065681e-12 5.181111556e-12 5.474075518e-12 5.181113422e-12 5.181117846e-12 5.120529183e-12 4.934246582e-12 5.120520894e-12 5.241020994e-12 5.416733453e-12 5.241015402e-12 4.674353591e-12 5.912666584e-12 6.017327738e-12 5.120508587e-12 4.806075242e-12 4.934260726e-12 5.474069295e-12 5.69756924e-12 6.370094243e-12 6.418908055e-12 4.607115002e-12 5.300252931e-12 5.181112803e-12 4.997118863e-12 4.870581618e-12 5.697598755e-12 5.85962638e-12 5.859630513e-12 5.859650099e-12 5.752092809e-12 5.300247852e-12 5.859633041e-12 5.416733218e-12 5.965223716e-12 5.697592353e-12 5.586937655e-12 5.859624349e-12 4.997112518e-12 5.181124692e-12 5.642546737e-12 5.586943817e-12 4.806081603e-12 5.586945863e-12 5.416740441e-12 5.697589565e-12 5.64254042e-12 5.530780364e-12 5.474068327e-12 5.806132375e-12 5.642541953e-12 5.530780094e-12 5.752111e-12 5.859639832e-12 5.241028778e-12 5.697582114e-12 5.120510518e-12 5.642551284e-12 5.35881238e-12 5.474060071e-12 5.059188175e-12 4.99710988e-12 6.796806439e-12 5.241022365e-12 4.934263155e-12 5.474068069e-12 4.997122862e-12 4.870584236e-12 5.642516375e-12 5.358807174e-12 5.806117361e-12 5.530791402e-12 5.69759814e-12 5.12051944e-12 5.642540429e-12 5.586950262e-12 6.017320176e-12 5.181118044e-12 6.068962977e-12 5.181106903e-12 5.416742231e-12 5.120517952e-12 5.586938273e-12 4.93424735e-12 5.120528545e-12 5.300245686e-12 5.241023198e-12 5.416738113e-12 5.300244528e-12 4.674382521e-12 4.870581357e-12 5.474061258e-12 5.642522492e-12 5.059209295e-12 5.241019619e-12 6.170977304e-12 5.059200408e-12 5.300238349e-12 5.120515422e-12 4.934260809e-12 5.059202359e-12 5.530806926e-12 5.474058418e-12 5.120524814e-12 5.752118204e-12 5.120511136e-12 5.300243444e-12 6.271314216e-12 6.271321544e-12 5.300247904e-12 6.221360873e-12 5.859641816e-12 5.530786569e-12 5.530784654e-12 5.697597386e-12 5.752100381e-12 6.068974845e-12 5.120506918e-12 5.241030371e-12 5.120514985e-12 5.416734969e-12 5.474065018e-12 5.642540591e-12 5.416736325e-12 5.752106355e-12 5.474060422e-12 5.806100198e-12 5.912661985e-12 5.059195397e-12 5.697588312e-12 5.697592341e-12 5.912656208e-12 5.912659156e-12 5.806113299e-12 5.642531566e-12 4.870584454e-12 5.965230672e-12 4.538834222e-12 5.530787285e-12 4.997109315e-12 5.181111142e-12 4.327644021e-12 5.300238381e-12 5.53079656e-12 4.997106437e-12 4.93426178e-12 5.530797385e-12 6.017317593e-12 5.530805961e-12 4.740668883e-12 5.241023452e-12 5.24100785e-12 5.697591232e-12 5.586947105e-12 4.8060829e-12 5.358807092e-12 5.530788047e-12 6.120188533e-12 4.870582526e-12 6.170980792e-12 5.416739974e-12 5.530798139e-12 5.35880735e-12 5.059192836e-12 5.300244849e-12 5.35881166e-12 5.474081225e-12 5.120524917e-12 4.997121188e-12 5.300260269e-12 5.530786316e-12 4.806059276e-12 5.474061888e-12 5.416745475e-12 5.416752994e-12 5.474067023e-12 5.059183238e-12 4.99711023e-12 4.997120652e-12 5.642522785e-12 5.697601785e-12 5.181118676e-12 4.870590161e-12 5.912663384e-12 5.530791911e-12 5.530793457e-12 5.358809573e-12 5.586943839e-12 4.934252468e-12 5.059191136e-12 5.300249885e-12 5.300233528e-12 4.934242405e-12 5.47407114e-12 5.059169048e-12 4.870585984e-12 5.358811989e-12 5.530811245e-12 5.241013052e-12 5.697585906e-12 5.181124475e-12 5.642529111e-12 5.241005223e-12 5.358813893e-12 4.674358852e-12 4.327636904e-12 5.241017639e-12 5.474060766e-12 5.120520126e-12 4.538848061e-12 5.859641024e-12 5.530798203e-12 5.241008624e-12 4.740679337e-12 5.059187285e-12 4.254883823e-12 4.740678076e-12 5.530784232e-12 5.300226163e-12 5.059187994e-12 4.806074103e-12 5.059195707e-12 5.35880835e-12 4.469552553e-12 5.120520717e-12 4.39916658e-12 4.740686092e-12 5.181122361e-12 4.469545761e-12 5.300250264e-12 4.399151045e-12 4.538848208e-12 5.358794812e-12 4.997118035e-12 5.120498479e-12 4.67437806e-12 4.674378829e-12 4.740669006e-12 4.934252037e-12 4.934253646e-12 5.181106599e-12 4.674375897e-12 5.530787829e-12 4.870582742e-12 5.181136225e-12 4.469546912e-12 5.059193216e-12 5.642534619e-12 4.870590978e-12 5.30023405e-12 5.059208168e-12 4.399154629e-12 4.806058432e-12 5.059186706e-12 4.870586668e-12 5.474079004e-12 4.399173676e-12 4.870586036e-12 5.416746609e-12 4.674360137e-12 5.241022478e-12 5.120522281e-12 4.740662412e-12 4.607126071e-12 4.806066392e-12 5.530794905e-12 5.642542976e-12 4.607096151e-12 4.607113703e-12 4.870584896e-12 3.870750813e-12 4.180886577e-12 5.120508884e-12 5.241025718e-12 4.674384732e-12 4.538839472e-12 4.934251966e-12 4.327642915e-12 4.538863021e-12 4.607088174e-12 4.674365704e-12 4.399171632e-12 4.870574583e-12 4.87058665e-12 4.469550111e-12 5.059197618e-12 5.35881703e-12 4.180887312e-12 4.469559125e-12 4.607115555e-12 4.934231862e-12 4.469553989e-12 4.105549606e-12 4.469568e-12 3.705964491e-12 4.607112635e-12 4.607096686e-12 4.327628794e-12 4.327624964e-12 4.674382372e-12 4.8060647e-12 4.674380612e-12 4.399160494e-12 4.607119837e-12 4.469534781e-12 4.469576905e-12 4.254891543e-12 5.181101399e-12 4.674356074e-12 4.105549742e-12 4.327635526e-12 4.674373087e-12 4.806081101e-12 4.674372771e-12 4.538835468e-12 4.674378087e-12 4.870578116e-12 4.469550371e-12 4.870581986e-12 4.327635511e-12 4.399161852e-12 3.950559577e-12 4.93425393e-12 3.70596376e-12 4.327625671e-12 4.028801558e-12 3.444024086e-12 4.105537567e-12 4.25487039e-12 4.399164399e-12 2.848801183e-12 3.870748909e-12 
3.620759333e-12 4.806057284e-12 4.607092457e-12 4.180898024e-12 4.806056529e-12 4.607120444e-12 3.950562839e-12 4.327635871e-12 3.870755379e-12 3.950569695e-12 3.705947484e-12 4.327632702e-12 4.469548349e-12 4.327632178e-12 4.105560365e-12 4.028801155e-12 4.607120473e-12 4.538858752e-12 4.607089744e-12 4.327612998e-12 4.538858859e-12 4.538857294e-12 4.327638296e-12 4.674369382e-12 4.870587768e-12 4.105537235e-12 4.806068204e-12 4.180889647e-12 4.028800684e-12 4.254872243e-12 3.705959998e-12 4.180891655e-12 4.607101604e-12 4.399156072e-12 5.358805294e-12 4.028798727e-12 4.997112268e-12 4.180883834e-12 4.934263454e-12 4.399170375e-12 4.870576986e-12 4.105551257e-12 5.642552211e-12 4.870582255e-12 5.059180155e-12 4.254884357e-12 4.870577325e-12 4.105556472e-12 4.180883233e-12 5.120518656e-12 4.674365181e-12 4.180873943e-12 5.120519795e-12 5.300236172e-12 4.806067423e-12 5.059211141e-12 4.327627709e-12 4.469559446e-12 5.241020283e-12 4.99709056e-12 5.241009064e-12 5.64253947e-12 4.469557093e-12 4.607134761e-12 5.241013735e-12 5.300234309e-12 5.474066834e-12 4.607102329e-12 4.538843606e-12 4.469560344e-12 5.059190084e-12 4.607106534e-12 4.254887118e-12 4.538866962e-12 4.870568283e-12 4.327630598e-12 5.53078877e-12 4.327633147e-12 4.870576709e-12 5.241017525e-12 5.059191355e-12 4.607111394e-12 4.806077166e-12 5.416725999e-12 3.950572737e-12 4.99712525e-12 5.241029808e-12 4.399150761e-12 4.870588467e-12 4.806067899e-12 5.300252215e-12 5.120519737e-12 5.300235014e-12 5.241012337e-12 4.740664312e-12 4.39915618e-12 4.806057983e-12 4.870574953e-12 4.538848579e-12 4.934254695e-12 5.41671727e-12 5.120530377e-12 4.93425773e-12 5.416726146e-12 4.538853883e-12 5.241008358e-12 4.806081475e-12 4.806057715e-12 5.241016747e-12 4.740668153e-12 4.997117612e-12 5.416750601e-12 5.474064697e-12 5.241010779e-12 5.241025493e-12 4.997108008e-12 4.607107452e-12 4.538845978e-12 4.674381539e-12 4.934237006e-12 4.399164555e-12 5.12051449e-12 5.586945818e-12 5.530793049e-12 4.674389473e-12 5.059188133e-12 6.068977523e-12 5.241023396e-12 5.120509725e-12 5.912659601e-12 5.642526127e-12 4.870583915e-12 5.120524038e-12 5.241020743e-12 4.934255792e-12 5.47405965e-12 5.05917904e-12 5.912662763e-12 5.642528387e-12 4.740688694e-12 4.25487419e-12 5.120525847e-12 4.538866275e-12 4.105549612e-12 5.24102871e-12 5.530792081e-12 5.474075401e-12 5.241024262e-12 5.530793194e-12 5.181110391e-12 4.934256864e-12 5.358798715e-12 5.181123228e-12 5.41673002e-12 5.059189483e-12 5.416747233e-12 4.870588977e-12 5.358807902e-12 4.674370139e-12 5.859635131e-12 5.47406187e-12 5.181108519e-12 6.221359902e-12 5.059177062e-12 5.181117757e-12 5.241023778e-12 5.416741675e-12 5.358802221e-12 4.740665162e-12 5.358819581e-12 5.530791389e-12 5.752104864e-12 4.74068001e-12 4.74068147e-12 5.530790931e-12 5.059183885e-12 4.806070335e-12 4.674373898e-12 5.912659766e-12 5.586955453e-12 4.934257931e-12 5.358810616e-12 4.674371959e-12 5.181114166e-12 5.47407715e-12 5.586930887e-12 5.12051126e-12 5.358817278e-12 5.965227233e-12 4.469550403e-12 5.697594347e-12 5.416736766e-12 5.300250513e-12 5.752109326e-12 5.69758302e-12 5.965219854e-12 5.120520113e-12 6.01732499e-12 5.358795259e-12 5.241004131e-12 5.752118459e-12 5.059182305e-12 5.530775012e-12 5.859635145e-12 5.965227298e-12 5.642516172e-12 5.358800495e-12 5.181112901e-12 5.358803252e-12 4.99710812e-12 4.806063271e-12 5.241015938e-12 5.965225274e-12 5.752094793e-12 5.965227917e-12 4.934247665e-12 5.241027854e-12 5.752100918e-12 5.53080287e-12 5.697578516e-12 5.474052306e-12 5.120520999e-12 5.358802448e-12 5.35882423e-12 5.300239407e-12 5.859640632e-12 5.120505405e-12 5.859634077e-12 5.697596725e-12 5.181119238e-12 5.120518149e-12 5.530800278e-12 4.870589577e-12 5.120527213e-12 4.934250594e-12 5.300240271e-12 6.017328078e-12 6.017341308e-12 5.642528432e-12 6.068966982e-12 5.358815864e-12 4.806048721e-12 5.181122569e-12 5.965241261e-12 5.9652178e-12 6.221355057e-12 5.181114912e-12 5.697592135e-12 5.530803821e-12 4.740681047e-12 4.607105384e-12 5.697576532e-12 5.912665886e-12 5.474061607e-12 5.806119746e-12 5.965221504e-12 5.586939949e-12 4.997112926e-12 5.697582208e-12 5.181143405e-12 5.530772542e-12 6.657595307e-12 5.474071404e-12 6.017319225e-12 5.912663068e-12 4.740686712e-12 5.859652752e-12 6.017321459e-12 5.642533342e-12 5.586935377e-12 6.120178534e-12 5.752111658e-12 4.934255503e-12 4.934262618e-12 5.241018826e-12 4.997106962e-12 5.752104192e-12 4.934265254e-12 4.870583519e-12 4.997127669e-12 5.58694894e-12 5.859626368e-12 5.58694642e-12 4.934271105e-12 4.870578478e-12 5.53079218e-12 6.017305615e-12 4.674370756e-12 5.059196897e-12 5.241031031e-12 5.752107425e-12 5.530787481e-12 5.181127204e-12 5.474053412e-12 5.059212766e-12 5.530787764e-12 5.181105435e-12 6.221369208e-12 5.300244531e-12 5.806096949e-12 5.35880506e-12 4.607110363e-12 5.181120502e-12 5.586957664e-12 6.221343252e-12 5.120509646e-12 5.859649173e-12 5.530793475e-12 6.068968039e-12 5.416752831e-12 5.474067407e-12 5.474062582e-12 5.96523038e-12 5.24102517e-12 5.300236058e-12 5.120516558e-12 4.997115663e-12 5.697576634e-12 4.934261813e-12 5.806123864e-12 5.416749861e-12 5.241020543e-12 5.358813233e-12 6.0173311e-12 5.697564364e-12 5.300232044e-12 5.642544327e-12 5.358796929e-12 6.271331346e-12 5.53078231e-12 4.93426318e-12 5.859633431e-12 5.181120288e-12 5.530807747e-12 5.358803315e-12 4.997111683e-12 5.358813902e-12 5.416746179e-12 4.740684608e-12 5.912655404e-12 5.358804795e-12 4.46955597e-12 5.474060712e-12 5.241020198e-12 5.358800438e-12 4.99712726e-12 5.241030066e-12 4.870595868e-12 5.752110401e-12 4.740689785e-12 5.41674079e-12 5.586937317e-12 4.997105289e-12 4.870585232e-12 4.934246396e-12 4.870575592e-12 5.241018462e-12 5.474059725e-12 5.300240664e-12 4.538852419e-12 4.53885529e-12 4.806067015e-12 4.607106879e-12 5.241021648e-12 4.60710348e-12 5.12052422e-12 4.538849298e-12 4.399158537e-12 5.18111896e-12 5.181126257e-12 4.934244201e-12 4.674364211e-12 5.358810812e-12 4.674380685e-12 4.607110227e-12 4.327632933e-12 5.181117302e-12 5.300240263e-12 4.806073152e-12 4.997100219e-12 4.870579703e-12 5.059190957e-12 5.120521518e-12 4.87058336e-12 4.870580879e-12 5.474076478e-12 4.934241615e-12 5.806117935e-12 4.399155153e-12 5.059192687e-12 5.806122096e-12 4.469557639e-12 5.752104626e-12 4.806066178e-12 5.120520438e-12 5.41673834e-12 5.586948712e-12 4.674369268e-12 4.870577562e-12 4.934245621e-12 5.120507008e-12 6.467361702e-12 5.300239738e-12 4.870590626e-12 4.740677265e-12 4.028791418e-12 4.997110572e-12 5.416749078e-12 5.120523673e-12 4.399149427e-12 5.752101349e-12 5.300239444e-12 4.870574995e-12 4.997120887e-12 4.934251471e-12 5.18111162e-12 5.120511085e-12 4.607121031e-12 4.934246747e-12 5.120503774e-12 4.934258011e-12 5.120516504e-12 4.740668894e-12 4.607100076e-12 5.300225775e-12 4.674371284e-12 5.059191746e-12 3.789242289e-12 4.997122013e-12 4.934245957e-12 4.74067146e-12 4.740685106e-12 5.059202695e-12 4.607124234e-12 4.934267922e-12 4.806062995e-12 4.870560466e-12 4.327618944e-12 4.997123825e-12 4.870590218e-12 4.028809537e-12 4.399152362e-12 4.538845841e-12 4.740693394e-12 4.870584483e-12 5.120503878e-12 4.327635145e-12 4.327634388e-12 4.740686386e-12 4.607115803e-12 4.740682296e-12 4.469554743e-12 4.870591788e-12 4.399151107e-12 3.950554617e-12 4.806072114e-12 4.469570309e-12 5.05919526e-12 4.997114413e-12 4.105541662e-12 4.607113674e-12 4.18089894e-12 4.607113118e-12 4.469546178e-12 4.607119861e-12 4.254889548e-12 4.740665026e-12 4.674355613e-12 4.806073988e-12 4.469548e-12 4.18087771e-12 4.538855424e-12 4.254893145e-12 4.607125063e-12 4.607111725e-12 4.607111204e-12 4.254878976e-12 4.254885573e-12 4.028792676e-12 4.997103396e-12 4.469559715e-12 4.806056305e-12 4.538864243e-12 3.950569161e-12 4.02879377e-12 4.870591627e-12 4.39915271e-12 4.39915686e-12 4.538851053e-12 3.352176647e-12 4.399177913e-12 4.399152622e-12 3.870743895e-12 3.444017539e-12 4.028816911e-12 3.44402184e-12 3.950570541e-12 3.705952273e-12 3.950554855e-12 4.327631881e-12 3.950556738e-12 
4.607124878e-12 4.538842685e-12 5.300245725e-12 3.950578568e-12 4.538844399e-12 4.607120255e-12 5.181111795e-12 4.327624164e-12 4.607111257e-12 4.028796362e-12 4.934258014e-12 4.180896842e-12 3.950577461e-12 4.399167453e-12 4.10553484e-12 4.538848793e-12 4.99713537e-12 4.028803666e-12 4.399161196e-12 3.950582115e-12 3.620761499e-12 3.789242158e-12 5.059195114e-12 4.674377629e-12 4.399154377e-12 4.740678536e-12 4.806069527e-12 4.469558945e-12 5.059193093e-12 4.607113031e-12 4.105539885e-12 3.620753762e-12 4.327630566e-12 4.399172067e-12 4.870573941e-12 4.327630067e-12 4.469561582e-12 5.241010229e-12 4.806074508e-12 3.620754847e-12 4.674361348e-12 4.674360731e-12 4.327616198e-12 4.254878842e-12 5.24101074e-12 4.674373425e-12 4.674385396e-12 4.607108169e-12 4.538856023e-12 4.399169555e-12 4.806060194e-12 4.399147565e-12 4.870591741e-12 3.950552625e-12 4.74068569e-12 4.028799456e-12 4.806067325e-12 4.806064085e-12 5.120528183e-12 4.997113873e-12 4.934267109e-12 5.300247288e-12 5.241023336e-12 4.740677926e-12 5.586947508e-12 4.399160054e-12 5.358812834e-12 4.740670943e-12 5.241029194e-12 4.997123681e-12 4.740672564e-12 4.399158304e-12 4.180896957e-12 4.997117495e-12 4.674359648e-12 4.674367976e-12 4.934260016e-12 4.934267347e-12 5.241026637e-12 4.870585857e-12 5.12051008e-12 5.241032158e-12 4.180891365e-12 5.530782115e-12 4.806055381e-12 5.300257302e-12 4.607105568e-12 5.697582759e-12 3.870744066e-12 5.300249845e-12 4.870576357e-12 5.416751274e-12 5.181113316e-12 4.870582295e-12 4.870573648e-12 4.997123623e-12 4.997105406e-12 4.740674441e-12 4.806058017e-12 5.059174123e-12 5.358796787e-12 5.241029114e-12 5.697580129e-12 5.05917105e-12 5.181107593e-12 4.997118259e-12 4.997128108e-12 4.934245129e-12 4.105561113e-12 4.806066759e-12 5.358801969e-12 5.416743691e-12 4.674367185e-12 5.24100763e-12 5.358828882e-12 5.416749754e-12 5.474072454e-12 5.530785157e-12 6.017322801e-12 4.538866151e-12 4.870581426e-12 4.607117502e-12 5.530790458e-12 4.997101446e-12 4.740672238e-12 5.586947826e-12 5.752101577e-12 5.586947262e-12 5.059185492e-12 4.740693043e-12 4.806077751e-12 5.586948402e-12 4.934246993e-12 5.69757905e-12 5.530794013e-12 5.24102373e-12 5.586946924e-12 5.059176927e-12 4.607095432e-12 4.327639712e-12 5.530787937e-12 5.300230089e-12 6.017331401e-12 5.806123887e-12 4.934259645e-12 4.674388685e-12 5.300254583e-12 4.538868668e-12 5.241033632e-12 4.806088427e-12 5.697586445e-12 5.586941795e-12 5.241017776e-12 4.607103389e-12 5.474063681e-12 5.912661276e-12 4.934253292e-12 5.530794295e-12 5.416737323e-12 5.416739993e-12 5.806115001e-12 5.752092376e-12 5.120512667e-12 4.934266682e-12 5.358807864e-12 5.91266876e-12 5.697594777e-12 5.416742962e-12 5.181121677e-12 5.181114249e-12 5.642530386e-12 4.740673189e-12 5.642539869e-12 5.30025362e-12 5.586935819e-12 5.642518679e-12 5.300236159e-12 5.912660596e-12 6.221368153e-12 5.1205254e-12 5.300245177e-12 4.870582588e-12 4.674385533e-12 5.474074644e-12 5.300234998e-12 5.474078146e-12 6.120182577e-12 5.059181426e-12 5.586948295e-12 5.241019921e-12 5.358802712e-12 5.697584212e-12 4.997107272e-12 5.241011477e-12 4.80607699e-12 4.997095131e-12 5.530795233e-12 4.934246492e-12 5.24102213e-12 5.586938817e-12 5.912648302e-12 5.241033665e-12 5.358802708e-12 5.120519579e-12 6.017327249e-12 5.859640442e-12 5.416760013e-12 5.300243963e-12 6.120185663e-12 5.416736041e-12 4.997116309e-12 5.300234748e-12 5.530793614e-12 4.93425623e-12 5.697578078e-12 5.912664346e-12 5.474066171e-12 6.017316529e-12 4.607114605e-12 5.416740834e-12 5.416735297e-12 5.859649713e-12 5.530801667e-12 5.059199901e-12 5.120524172e-12 4.93424166e-12 5.120510836e-12 4.997109627e-12 5.300229204e-12 5.697585553e-12 5.241017227e-12 4.934271255e-12 5.859633362e-12 5.752107305e-12 5.474060442e-12 5.752113895e-12 5.240994776e-12 6.418916588e-12 6.017331159e-12 5.059189186e-12 5.300213733e-12 5.806119455e-12 4.870581442e-12 5.120534289e-12 4.93424446e-12 5.859639358e-12 5.752111863e-12 5.474054544e-12 5.241023758e-12 5.241007932e-12 6.12019971e-12 5.358811822e-12 5.642541491e-12 5.806120103e-12 5.24101154e-12 4.934256662e-12 5.530800156e-12 6.017316429e-12 5.416743536e-12 5.965228965e-12 5.059192108e-12 5.752115725e-12 5.642532111e-12 5.530796119e-12 5.241022093e-12 5.530775045e-12 6.068972818e-12 5.642536356e-12 5.416742139e-12 5.241039936e-12 5.181132028e-12 5.530800549e-12 6.370117197e-12 5.474071813e-12 4.934229416e-12 5.530795665e-12 5.965229116e-12 5.697588083e-12 5.586953199e-12 5.181121276e-12 5.241018746e-12 5.965206807e-12 6.467335298e-12 4.806061103e-12 5.416758251e-12 5.586947158e-12 5.059191472e-12 5.241010572e-12 5.965225484e-12 4.870592013e-12 5.752095463e-12 5.64254554e-12 5.416745206e-12 5.059183922e-12 4.674379486e-12 5.530780118e-12 5.752097495e-12 5.241015662e-12 5.241002067e-12 5.530783441e-12 4.997092419e-12 5.697599966e-12 6.017329852e-12 5.41675363e-12 5.80610946e-12 4.538850988e-12 5.474066226e-12 5.241031218e-12 4.674376863e-12 5.416744907e-12 5.642546382e-12 5.416732903e-12 6.068953055e-12 5.120514116e-12 5.059184192e-12 5.642539787e-12 5.586931875e-12 5.642537774e-12 5.416741804e-12 5.474063974e-12 5.416746771e-12 5.697566667e-12 5.358806885e-12 5.300235428e-12 4.607126661e-12 5.416744306e-12 5.912668635e-12 5.120525694e-12 5.965207312e-12 5.30023056e-12 5.416744004e-12 4.997114897e-12 5.1205305e-12 5.241015797e-12 5.181126074e-12 5.912644816e-12 4.997109384e-12 5.24102424e-12 4.934246646e-12 5.241017528e-12 4.740668117e-12 5.30024803e-12 5.120522572e-12 5.530788617e-12 5.474056945e-12 6.068959257e-12 4.80605595e-12 5.474061598e-12 5.416746329e-12 5.806116627e-12 5.358811856e-12 5.120530929e-12 5.241020616e-12 5.416739228e-12 5.181133754e-12 5.059194395e-12 5.53079306e-12 6.221371659e-12 5.300240365e-12 5.059193331e-12 5.752113302e-12 5.416737838e-12 5.474066307e-12 5.181102009e-12 5.474052891e-12 5.120508672e-12 4.934254991e-12 5.586933088e-12 6.01731527e-12 4.934257009e-12 5.752096689e-12 5.586949647e-12 5.64253775e-12 4.934244338e-12 5.912666056e-12 5.416728853e-12 4.538865257e-12 5.241018881e-12 5.358803765e-12 5.912668705e-12 4.607095976e-12 5.530800227e-12 5.697589095e-12 6.17098085e-12 5.059195496e-12 5.241017435e-12 5.181113114e-12 4.806082147e-12 5.241003753e-12 4.607115821e-12 5.474075885e-12 4.806052724e-12 5.059184755e-12 4.997118628e-12 4.740674478e-12 5.416737132e-12 4.399139108e-12 4.870579054e-12 5.241006987e-12 4.806073352e-12 5.120512999e-12 5.416729844e-12 4.607094102e-12 4.538851112e-12 5.474068553e-12 5.181106486e-12 4.870588067e-12 6.017314263e-12 4.934251165e-12 5.059188023e-12 5.241009701e-12 4.538832905e-12 4.674364118e-12 4.32763131e-12 4.607123642e-12 4.327644998e-12 4.806064495e-12 4.399168674e-12 5.530793694e-12 4.997125597e-12 4.997112382e-12 5.181109584e-12 4.934265544e-12 5.181122128e-12 4.934272279e-12 5.474068913e-12 4.180901794e-12 4.538845869e-12 4.740666205e-12 4.674363419e-12 4.870582094e-12 4.180887766e-12 5.181110304e-12 5.530785344e-12 4.674368291e-12 4.538853603e-12 4.674376002e-12 4.934256954e-12 4.469567529e-12 4.254894186e-12 4.5388564e-12 5.806120219e-12 5.35880306e-12 4.46955035e-12 4.469555809e-12 4.740666265e-12 5.181120893e-12 4.607111984e-12 5.416738609e-12 5.474061732e-12 5.120518759e-12 4.607117563e-12 4.327632586e-12 4.870583127e-12 4.607118728e-12 4.105544493e-12 4.674374236e-12 4.934264752e-12 4.399166158e-12 4.740677079e-12 4.180894171e-12 4.180890738e-12 4.028806983e-12 5.120508142e-12 5.181127879e-12 5.241015347e-12 4.538849371e-12 4.674375838e-12 4.740683063e-12 4.254889458e-12 4.105538368e-12 4.740685706e-12 4.607121996e-12 3.789258743e-12 4.327616853e-12 4.674357914e-12 4.32762858e-12 4.254886698e-12 4.674376452e-12 4.399167366e-12 4.934250064e-12 4.607110062e-12 4.399154392e-12 4.028796155e-12 4.399162338e-12 4.538869294e-12 4.327625823e-12 4.538854776e-12 4.399165089e-12 4.469550109e-12 4.180892372e-12 4.028797708e-12 4.740677018e-12 4.399169491e-12 4.105538464e-12 4.254888276e-12 4.327627029e-12 4.607096092e-12 4.469539443e-12 4.028801727e-12 3.950575761e-12 
3.352169816e-12 4.934237171e-12 4.327635263e-12 4.180864775e-12 4.399153407e-12 4.028796035e-12 4.105538413e-12 3.352142508e-12 4.105553076e-12 4.469556395e-12 4.105553261e-12 4.327637852e-12 4.538848895e-12 4.469557736e-12 4.607120002e-12 4.607118971e-12 3.950560345e-12 4.870582774e-12 4.674372959e-12 4.254885714e-12 4.674385171e-12 4.32761444e-12 4.67437473e-12 4.87059165e-12 4.028782412e-12 3.78924772e-12 5.241008325e-12 4.399152267e-12 3.705968993e-12 5.120525798e-12 4.180886125e-12 4.870583837e-12 4.607106204e-12 4.806062175e-12 4.02880443e-12 4.254867798e-12 4.028794417e-12 4.180891788e-12 4.028788583e-12 3.789247158e-12 4.180888379e-12 4.327626264e-12 4.870588301e-12 4.028789863e-12 5.059211503e-12 4.469558575e-12 4.18089553e-12 4.674380132e-12 5.181111086e-12 4.674350535e-12 4.674381495e-12 4.674379963e-12 4.538859913e-12 5.059191523e-12 4.87059654e-12 4.997112951e-12 5.241025173e-12 4.674363521e-12 4.740671378e-12 4.180894773e-12 4.607125824e-12 5.64253685e-12 5.241006663e-12 5.059203614e-12 4.399172766e-12 5.358805339e-12 5.474055233e-12 5.059202678e-12 5.358808167e-12 5.120520262e-12 4.399163534e-12 5.752108077e-12 5.300238729e-12 4.997110549e-12 4.740678382e-12 5.859643805e-12 5.241004205e-12 4.806066872e-12 4.538872685e-12 5.586949986e-12 4.806059332e-12 4.806084878e-12 5.530798853e-12 5.120517476e-12 5.300251676e-12 4.607105209e-12 5.358814843e-12 3.8707452e-12 5.416742541e-12 4.740697188e-12 4.607099288e-12 4.254876768e-12 5.120522927e-12 4.870597479e-12 4.740680777e-12 4.806049059e-12 4.740667268e-12 4.870561843e-12 4.674367145e-12 4.740670881e-12 4.399155736e-12 5.120534539e-12 4.934242223e-12 4.997102769e-12 5.059198545e-12 5.474063175e-12 5.358802632e-12 4.870586941e-12 5.752100401e-12 5.059198051e-12 4.180890999e-12 5.05919846e-12 4.870586093e-12 5.181108379e-12 5.120513126e-12 5.530799202e-12 5.416730054e-12 5.181125184e-12 4.997117392e-12 5.241017347e-12 5.806125419e-12 4.538838206e-12 4.806065275e-12 4.674369351e-12 4.53884395e-12 5.241009492e-12 5.181114256e-12 4.740674453e-12 5.120517654e-12 4.60710798e-12 4.870578896e-12 5.120516756e-12 5.474048587e-12 5.358825043e-12 5.181118871e-12 4.934253083e-12 5.474060705e-12 5.059198869e-12 4.997122016e-12 5.300244317e-12 5.752103533e-12 5.752099008e-12 5.586948894e-12 4.997118935e-12 4.469561449e-12 5.300240921e-12 5.241018391e-12 4.740682824e-12 5.474055172e-12 5.474057446e-12 5.181135222e-12 5.697586534e-12 5.358788879e-12 5.358796608e-12 5.806126628e-12 5.300225862e-12 4.674366018e-12 5.586954281e-12 5.416750569e-12 5.642540459e-12 5.300234055e-12 5.358801251e-12 5.965235861e-12 5.642539759e-12 5.059186765e-12 5.752101122e-12 5.586946262e-12 5.059196578e-12 5.530798544e-12 5.642529577e-12 4.806072847e-12 5.586939374e-12 6.271325184e-12 5.586936291e-12 5.697593561e-12 4.87058595e-12 5.697596112e-12 5.30023488e-12 4.997128548e-12 5.752118933e-12 5.859637495e-12 5.41675111e-12 5.120499281e-12 4.934256049e-12 5.120510468e-12 4.469550789e-12 5.586933417e-12 5.697593252e-12 5.416750318e-12 5.300234969e-12 5.586939362e-12 5.24103016e-12 5.859643836e-12 4.93425932e-12 4.806068203e-12 5.530793334e-12 5.642539336e-12 5.586935967e-12 5.181105573e-12 5.530797234e-12 5.96523149e-12 5.530799406e-12 5.530790758e-12 5.697585967e-12 4.674368274e-12 5.53081091e-12 5.530811928e-12 5.530785015e-12 5.859643209e-12 5.241018794e-12 4.870594176e-12 4.934248174e-12 5.530784505e-12 5.697599647e-12 5.300244702e-12 6.370081235e-12 6.320887059e-12 5.912668501e-12 5.300233701e-12 5.358799765e-12 5.120507963e-12 5.806123064e-12 5.241007909e-12 5.642515066e-12 5.358796961e-12 4.934257022e-12 5.96521186e-12 5.358794375e-12 5.530792012e-12 5.752132875e-12 6.170983439e-12 4.934241224e-12 5.642545502e-12 4.607115818e-12 5.697563313e-12 5.697578892e-12 5.24100805e-12 5.806120606e-12 5.806126273e-12 5.059193398e-12 5.47405135e-12 4.93426677e-12 5.300237093e-12 4.806066471e-12 5.30024763e-12 5.300235318e-12 5.697585305e-12 5.300237024e-12 5.697567002e-12 5.059193491e-12 5.358806203e-12 5.642527999e-12 5.300249266e-12 5.697572954e-12 5.965227725e-12 5.474069955e-12 5.120522213e-12 5.912665444e-12 5.752102623e-12 5.241015506e-12 4.934267634e-12 5.474073335e-12 5.642537474e-12 5.586942291e-12 5.059201819e-12 5.586945737e-12 5.530786291e-12 4.997123545e-12 5.41673554e-12 5.12054174e-12 4.997100616e-12 5.120513307e-12 6.068979852e-12 5.912660438e-12 5.300253408e-12 5.752106323e-12 5.697582367e-12 5.697576579e-12 5.912667749e-12 5.806119641e-12 5.474075706e-12 6.320905635e-12 4.934257762e-12 5.474061071e-12 5.181114427e-12 5.642551567e-12 5.241027967e-12 4.997106097e-12 5.059186883e-12 6.610563779e-12 5.120524735e-12 5.642535645e-12 5.474061895e-12 5.530794652e-12 4.997118075e-12 4.806069425e-12 5.69759696e-12 4.740687405e-12 5.181112281e-12 5.120501846e-12 5.181110484e-12 5.416738149e-12 5.416745257e-12 5.642528654e-12 5.300235278e-12 4.997090995e-12 4.934253236e-12 5.474061873e-12 5.912652704e-12 5.75212659e-12 5.300240743e-12 4.870581384e-12 5.120519159e-12 5.416742527e-12 5.697599747e-12 5.752116424e-12 5.241026964e-12 5.912671237e-12 5.059187681e-12 5.642528272e-12 5.530790643e-12 4.806061756e-12 5.530782648e-12 6.515448802e-12 5.474062423e-12 4.870603126e-12 5.530789427e-12 5.474062839e-12 5.358810974e-12 4.607114826e-12 5.120491064e-12 5.300237937e-12 5.806126599e-12 5.240996051e-12 5.474056998e-12 5.300226985e-12 5.300237909e-12 5.642551438e-12 5.300242437e-12 4.997116943e-12 5.300248177e-12 5.474057001e-12 5.120525408e-12 5.642528336e-12 5.358803774e-12 6.271332988e-12 4.934250675e-12 5.586940313e-12 5.241020996e-12 5.241004974e-12 4.806055138e-12 5.859645486e-12 5.58694035e-12 4.870579518e-12 4.870579255e-12 4.327636225e-12 5.120533887e-12 4.607126665e-12 5.358810444e-12 5.181131018e-12 4.99712197e-12 5.181117064e-12 5.241016407e-12 5.300237112e-12 5.120530411e-12 5.358776682e-12 4.607111637e-12 5.181128597e-12 5.416746016e-12 4.740690043e-12 5.642542594e-12 4.469554921e-12 5.1811242e-12 4.806058809e-12 5.241029604e-12 5.912677471e-12 4.870579632e-12 4.934255124e-12 5.586938644e-12 5.0591906e-12 4.674371038e-12 4.469543903e-12 5.241030286e-12 4.870587425e-12 5.241013356e-12 4.934261893e-12 4.997116152e-12 4.997124418e-12 5.912663967e-12 5.120497164e-12 5.241021278e-12 5.474069512e-12 5.120527748e-12 4.538854355e-12 4.67436165e-12 5.059165667e-12 4.740653684e-12 4.870576471e-12 5.241018539e-12 5.358817303e-12 5.300239414e-12 5.912672267e-12 4.469554379e-12 4.806071594e-12 4.997123928e-12 5.120519974e-12 5.059172431e-12 5.530788766e-12 4.607102614e-12 5.474063538e-12 4.997103449e-12 5.120511691e-12 5.241030584e-12 4.607108208e-12 4.028810775e-12 4.399166068e-12 5.120514558e-12 5.059191694e-12 4.99712523e-12 4.469559414e-12 4.469555827e-12 4.538834919e-12 5.181118881e-12 4.93425566e-12 5.35879978e-12 4.870596543e-12 5.474068596e-12 4.740672398e-12 4.674369735e-12 5.416741473e-12 4.53884348e-12 4.934259761e-12 5.059183982e-12 3.870757546e-12 4.997100482e-12 4.607109026e-12 5.059183348e-12 5.05919059e-12 4.607120684e-12 5.300243757e-12 4.870589559e-12 5.05918982e-12 4.740692417e-12 5.300244873e-12 5.059203494e-12 4.180902515e-12 4.607096902e-12 4.25490222e-12 4.399154815e-12 4.674363369e-12 4.399166004e-12 4.18087907e-12 4.254889282e-12 4.674386775e-12 4.87059356e-12 3.62075234e-12 4.674379496e-12 4.997121915e-12 4.997112785e-12 5.120531884e-12 5.358795156e-12 4.327612112e-12 4.607113048e-12 5.358809281e-12 4.180877186e-12 4.806060488e-12 4.806053072e-12 4.934247764e-12 4.74068689e-12 5.12052e-12 4.180886385e-12 4.674374786e-12 4.254908005e-12 4.607118635e-12 4.18088378e-12 4.674369409e-12 4.254888077e-12 4.327623848e-12 4.327636321e-12 3.620759158e-12 4.607110391e-12 4.53884363e-12 5.18112843e-12 4.105542115e-12 4.60711047e-12 4.105538863e-12 4.327625423e-12 4.870584796e-12 4.254896701e-12 4.180883502e-12 3.870757489e-12 4.327621725e-12 4.327623269e-12 4.32762167e-12 4.538849377e-12 3.870757962e-12 3.950559558e-12 4.254887705e-12 4.105526889e-12 4.740672062e-12 3.870744258e-12 
3.789235333e-12 4.607114655e-12 4.18088613e-12 4.469553035e-12 4.80604518e-12 4.39914793e-12 4.105539612e-12 4.674374671e-12 4.934266672e-12 4.740676208e-12 4.740685674e-12 4.740690907e-12 4.607103276e-12 4.327626202e-12 4.18089555e-12 4.3276401e-12 5.120519956e-12 3.95055865e-12 5.358814567e-12 4.180877335e-12 5.358788629e-12 4.538867051e-12 4.806074745e-12 4.806067965e-12 4.60710583e-12 4.327620159e-12 4.180873473e-12 5.059194663e-12 4.399162771e-12 4.469545518e-12 4.399160133e-12 4.469560141e-12 4.997112696e-12 4.254874364e-12 5.416743727e-12 4.870581333e-12 5.358790199e-12 4.10555523e-12 4.934258328e-12 5.241016816e-12 4.538851436e-12 5.300227545e-12 4.806080564e-12 4.674367812e-12 4.740686678e-12 4.93423693e-12 4.180869023e-12 4.806058961e-12 5.241026267e-12 4.674363145e-12 5.241010412e-12 4.469555027e-12 4.399171458e-12 5.059189158e-12 4.538868357e-12 5.642542916e-12 5.416740415e-12 4.740674372e-12 5.120509845e-12 4.806073839e-12 5.965228304e-12 4.997118139e-12 4.870583214e-12 4.806073028e-12 4.674385291e-12 4.607109751e-12 5.752104863e-12 4.327607525e-12 4.93425498e-12 5.241017199e-12 4.806073985e-12 5.300237701e-12 5.300243882e-12 4.469538728e-12 4.607112027e-12 5.120505063e-12 4.934247431e-12 4.934243214e-12 4.327631408e-12 5.30023935e-12 5.530782079e-12 4.934255209e-12 5.181119927e-12 3.789253968e-12 5.642536873e-12 6.017316805e-12 5.181109217e-12 4.806065924e-12 4.740683532e-12 4.870577684e-12 5.241028276e-12 5.642533803e-12 5.181120129e-12 5.24102616e-12 5.474070387e-12 4.870589673e-12 4.806084186e-12 4.607109163e-12 5.241022902e-12 4.934270639e-12 5.059197425e-12 4.674362648e-12 5.474065995e-12 5.18113564e-12 5.474065395e-12 5.530797711e-12 5.120511475e-12 5.416745086e-12 5.059193318e-12 4.870594267e-12 5.642531844e-12 5.300233982e-12 4.934234564e-12 5.642539572e-12 5.300222448e-12 5.416737987e-12 5.642540358e-12 5.181127985e-12 5.586943099e-12 4.607111485e-12 5.859644257e-12 5.181114484e-12 5.474062463e-12 5.241018362e-12 5.752097728e-12 4.806079164e-12 5.181125604e-12 5.965227082e-12 5.12051603e-12 4.870589607e-12 4.740688182e-12 5.241018873e-12 4.997105423e-12 5.642540095e-12 5.530789004e-12 4.469564695e-12 4.997105882e-12 5.241002046e-12 5.530788515e-12 5.358800483e-12 5.859636906e-12 4.105543625e-12 4.997107045e-12 5.965213431e-12 5.642541603e-12 5.181127357e-12 5.181117991e-12 5.697585933e-12 5.181124149e-12 5.474067392e-12 4.934258513e-12 5.120525347e-12 5.806108888e-12 5.912656955e-12 5.120529215e-12 5.416730557e-12 5.530802026e-12 5.697604952e-12 5.912665046e-12 5.642544362e-12 5.120517409e-12 4.538870332e-12 6.170987711e-12 5.241024931e-12 5.120514946e-12 4.997119425e-12 5.965221015e-12 5.474061961e-12 6.017323755e-12 5.416732023e-12 5.358816287e-12 4.934247967e-12 5.358812651e-12 5.474062525e-12 4.997102e-12 4.997127811e-12 5.12052026e-12 5.241010202e-12 5.181117405e-12 5.859627396e-12 5.18109934e-12 5.12052553e-12 5.241030217e-12 5.642542104e-12 5.586952496e-12 5.697575954e-12 5.120512459e-12 5.697580178e-12 6.017328003e-12 5.965215531e-12 5.642523256e-12 6.170982966e-12 5.358787668e-12 5.530793773e-12 6.170978857e-12 5.358812626e-12 5.181118878e-12 5.752111877e-12 4.607087222e-12 5.241008845e-12 6.01733539e-12 5.806111899e-12 5.416726761e-12 5.752113203e-12 5.41673312e-12 5.474064929e-12 5.416734181e-12 5.474069875e-12 5.358817717e-12 5.181115191e-12 5.697584448e-12 5.697582322e-12 5.586942264e-12 6.563172834e-12 4.997119167e-12 5.530784941e-12 5.059192107e-12 5.697590341e-12 5.642541203e-12 6.120205822e-12 5.697580964e-12 5.530804005e-12 5.120514583e-12 5.300241565e-12 5.9126667e-12 5.358812e-12 5.059186147e-12 5.530802072e-12 5.120504036e-12 5.416747002e-12 4.934263766e-12 5.586948718e-12 5.358802282e-12 5.806125087e-12 5.300249612e-12 5.806132895e-12 6.170981678e-12 5.697593095e-12 6.068986425e-12 5.530788676e-12 6.068968258e-12 5.85962643e-12 5.642531103e-12 5.059213957e-12 5.059190027e-12 5.912657861e-12 5.530791004e-12 5.859628252e-12 5.358802144e-12 5.586955991e-12 5.120509229e-12 4.806068356e-12 5.752110161e-12 5.241020572e-12 5.181126163e-12 5.806117302e-12 5.965230426e-12 5.965228754e-12 5.6975707e-12 4.740682649e-12 5.474055925e-12 5.642539239e-12 5.586946342e-12 5.752122374e-12 5.697591633e-12 5.474072009e-12 5.120520397e-12 6.017328058e-12 5.30024471e-12 5.642527616e-12 5.912665733e-12 6.418904076e-12 5.416748718e-12 6.221346455e-12 5.241014707e-12 5.474071364e-12 4.997112776e-12 5.530805185e-12 5.912673204e-12 6.320919178e-12 5.241009739e-12 5.241015697e-12 5.474065329e-12 6.467352665e-12 6.221368936e-12 5.300248274e-12 5.697596477e-12 5.474059711e-12 5.912668071e-12 5.859636192e-12 5.58692754e-12 5.586945158e-12 5.530783111e-12 5.530784848e-12 5.752119245e-12 4.934247926e-12 5.586932254e-12 5.912674356e-12 5.241010458e-12 5.530798677e-12 6.170967215e-12 5.806111552e-12 5.69756956e-12 6.418905418e-12 5.300243462e-12 6.017329361e-12 5.530798916e-12 5.181126068e-12 4.997112824e-12 5.416737423e-12 5.181114902e-12 5.859637997e-12 5.642533612e-12 5.58694787e-12 5.181118675e-12 5.859632409e-12 5.41673604e-12 5.059198232e-12 6.06897157e-12 5.416759616e-12 5.965219962e-12 5.241012572e-12 5.642539807e-12 5.416749325e-12 5.586950954e-12 5.697593113e-12 5.806099782e-12 6.017330383e-12 5.752108465e-12 5.41675237e-12 5.697584528e-12 5.47405992e-12 6.320902728e-12 5.586942445e-12 5.697601058e-12 5.752103498e-12 5.474061813e-12 4.997119227e-12 5.806106666e-12 5.12051686e-12 5.474072823e-12 5.12052811e-12 5.586949296e-12 5.474062655e-12 5.642537056e-12 4.934255191e-12 5.059189039e-12 5.241028568e-12 5.416739568e-12 5.416741807e-12 4.870582143e-12 5.965231227e-12 4.740675877e-12 5.912658591e-12 5.358816274e-12 4.806061734e-12 5.965220097e-12 5.30023055e-12 4.806079155e-12 5.642537809e-12 5.912681649e-12 5.181132842e-12 5.181125561e-12 5.120515107e-12 5.416743554e-12 4.538857176e-12 5.642528082e-12 4.870581579e-12 4.806075346e-12 5.416739188e-12 4.93426968e-12 5.300238154e-12 4.934253651e-12 5.12052816e-12 5.965234393e-12 4.87058819e-12 5.241013047e-12 5.059175972e-12 6.017316475e-12 5.300249161e-12 5.241026e-12 4.997120741e-12 5.181129132e-12 4.806060216e-12 5.586951417e-12 5.181125341e-12 6.0689792e-12 5.120515845e-12 5.358811775e-12 4.399162458e-12 4.740679496e-12 5.416715984e-12 4.93425922e-12 4.80605974e-12 4.934267405e-12 5.059206032e-12 5.181121394e-12 4.607107411e-12 5.859637101e-12 4.93426698e-12 5.059188286e-12 5.47405987e-12 4.997124497e-12 4.806083088e-12 4.806066566e-12 5.80612425e-12 4.740689715e-12 5.300230464e-12 4.607113436e-12 5.300246633e-12 4.997112463e-12 4.674367976e-12 4.327619529e-12 5.806123976e-12 4.674369462e-12 4.87057982e-12 5.120514984e-12 5.24101466e-12 4.997121558e-12 5.241020046e-12 5.24102454e-12 4.469561094e-12 4.870567589e-12 4.806066116e-12 5.358805529e-12 4.469568633e-12 4.469561666e-12 5.752103546e-12 4.674365285e-12 5.416740434e-12 4.53886129e-12 4.870597171e-12 5.059185919e-12 4.67437794e-12 5.300228359e-12 4.997117201e-12 5.059202555e-12 4.180893189e-12 5.120518972e-12 4.870585118e-12 5.059182215e-12 4.67438095e-12 4.399167339e-12 4.46956268e-12 4.87057396e-12 4.93425335e-12 4.674370966e-12 4.67435429e-12 6.12019446e-12 4.327630455e-12 5.181116952e-12 5.059205805e-12 5.530794756e-12 4.469552069e-12 4.46954569e-12 4.180884018e-12 5.416718641e-12 4.934268885e-12 4.934251565e-12 5.18113166e-12 5.416743559e-12 4.740681326e-12 4.870583882e-12 4.997120713e-12 4.607109847e-12 4.60711358e-12 4.607111986e-12 4.997106495e-12 5.358802586e-12 4.740677668e-12 4.67438233e-12 5.241004976e-12 4.806065282e-12 3.62075097e-12 4.327614553e-12 5.059195822e-12 4.399179798e-12 4.538858604e-12 4.806061946e-12 4.740680729e-12 5.120520159e-12 5.059190792e-12 4.105551431e-12 4.538851882e-12 3.870748545e-12 4.53883381e-12 3.950568448e-12 4.806067733e-12 4.53885788e-12 4.607125225e-12 3.53346344e-12 3.950551994e-12 5.059198825e-12 4.469569167e-12 4.607117171e-12 4.028807516e-12 3.789237143e-12 4.538861743e-12 4.39916014e-12 4.806072757e-12 4.674377312e-12 
5.358805118e-12 4.934252235e-12 4.806057805e-12 4.806077536e-12 4.469547025e-12 4.180869259e-12 5.059182328e-12 4.469576998e-12 4.740671171e-12 4.538851713e-12 4.806075469e-12 4.674379453e-12 4.327631427e-12 4.934236971e-12 4.327629315e-12 4.028807099e-12 3.870743189e-12 4.254898656e-12 4.254868615e-12 3.789232177e-12 4.674368095e-12 4.870588418e-12 4.607106194e-12 4.399162018e-12 5.120523204e-12 4.934247378e-12 4.997117496e-12 5.181132001e-12 4.399160385e-12 4.538856323e-12 4.399176894e-12 4.674375314e-12 4.674373328e-12 5.358802889e-12 4.105548748e-12 4.674360898e-12 4.674369045e-12 4.870577887e-12 4.740670068e-12 4.80607289e-12 4.870585806e-12 4.180869338e-12 4.327629587e-12 4.469565397e-12 4.538853603e-12 4.740668904e-12 4.74067466e-12 4.740675549e-12 4.607115117e-12 5.120516865e-12 5.120501892e-12 5.642524006e-12 4.327629598e-12 5.530785312e-12 4.806060491e-12 4.399158034e-12 4.538850299e-12 5.120534803e-12 5.241020099e-12 5.806129485e-12 4.806073048e-12 4.180886634e-12 5.120511637e-12 4.399174756e-12 5.120518804e-12 5.806111577e-12 4.934267252e-12 5.181122603e-12 5.241002971e-12 4.934255956e-12 5.241019783e-12 4.674372046e-12 4.934259896e-12 4.399172139e-12 5.241008315e-12 5.474059051e-12 5.059193802e-12 5.358799981e-12 5.241013364e-12 6.068975757e-12 6.370094399e-12 5.059201926e-12 5.300239367e-12 4.399157642e-12 5.530790469e-12 4.740686041e-12 4.9971168e-12 5.120520819e-12 4.39916672e-12 5.241030337e-12 5.120515398e-12 5.752111078e-12 5.358808564e-12 5.586944339e-12 5.586938807e-12 5.752110357e-12 4.997113455e-12 5.059179826e-12 5.059194188e-12 5.642543697e-12 5.120521528e-12 5.059199563e-12 5.416730744e-12 5.530776983e-12 5.358813591e-12 5.416738594e-12 5.300235632e-12 5.642534566e-12 5.181111183e-12 5.120511516e-12 4.740689018e-12 5.120524373e-12 5.586928709e-12 5.697592026e-12 4.806063477e-12 4.674376399e-12 5.642531766e-12 5.697589098e-12 5.586940665e-12 5.806117836e-12 6.017326474e-12 5.859627301e-12 4.806072229e-12 6.017330866e-12 5.358802661e-12 5.752123125e-12 5.642538371e-12 5.697571401e-12 5.181114095e-12 4.607113303e-12 5.416753294e-12 5.806127063e-12 5.697603962e-12 4.997120068e-12 5.05918051e-12 5.181120967e-12 5.120517083e-12 5.181118734e-12 4.870575415e-12 5.642531727e-12 5.474059769e-12 5.358794333e-12 5.05920169e-12 5.697594736e-12 4.934258458e-12 6.068977669e-12 5.752116157e-12 5.474056038e-12 5.181126867e-12 5.181126096e-12 5.30024346e-12 5.642534613e-12 5.752123576e-12 5.80610667e-12 5.912680894e-12 5.241021092e-12 5.697582748e-12 5.474058011e-12 6.170984036e-12 5.697582661e-12 5.96521736e-12 5.358807961e-12 4.997089451e-12 5.059188282e-12 5.806119113e-12 4.254897583e-12 4.806082472e-12 5.965246874e-12 5.530782223e-12 6.017321893e-12 5.586949944e-12 5.358817763e-12 5.642526565e-12 5.300242132e-12 4.674373012e-12 4.806067468e-12 5.300250079e-12 5.181120667e-12 6.370099704e-12 5.697587704e-12 5.752099439e-12 5.358807343e-12 5.416752507e-12 5.416752111e-12 5.120525794e-12 5.358803714e-12 5.241008847e-12 5.474070923e-12 5.697588213e-12 5.530796862e-12 4.469568549e-12 6.170982349e-12 6.017326799e-12 5.752114861e-12 6.068974089e-12 5.912663455e-12 5.859633787e-12 5.241021311e-12 5.806123589e-12 5.120530255e-12 5.120528415e-12 5.806121668e-12 5.181136808e-12 6.170989823e-12 5.241011675e-12 5.358798441e-12 6.170992439e-12 6.221354392e-12 5.120532546e-12 6.068964554e-12 5.75209982e-12 5.181099215e-12 5.530799187e-12 5.530776123e-12 4.934251381e-12 5.697591936e-12 6.068974773e-12 5.181113975e-12 6.320903077e-12 5.752114608e-12 6.170992833e-12 5.586948386e-12 6.271334627e-12 6.068978356e-12 5.965221814e-12 6.120193754e-12 5.965220569e-12 5.912669354e-12 5.586952767e-12 5.697570982e-12 5.85963388e-12 5.358811482e-12 5.474056356e-12 5.806129897e-12 6.1201921e-12 5.300234523e-12 5.912664443e-12 5.912652248e-12 6.120188477e-12 5.752110602e-12 6.017320171e-12 5.965219625e-12 5.241005142e-12 5.965218821e-12 5.059192578e-12 5.586936696e-12 5.416729878e-12 6.221364589e-12 5.358800024e-12 5.697583476e-12 5.358813198e-12 5.47406242e-12 5.912655354e-12 6.170986789e-12 5.241021993e-12 5.358814318e-12 6.170991336e-12 5.642538137e-12 5.416734283e-12 5.642537093e-12 6.017315579e-12 6.271324721e-12 6.320905742e-12 6.320914967e-12 5.806129861e-12 5.859653248e-12 5.358817464e-12 5.912671573e-12 5.642557663e-12 5.30023887e-12 5.91265757e-12 5.642538735e-12 5.181114853e-12 5.474069203e-12 4.934259975e-12 5.697592469e-12 5.416753611e-12 5.806122821e-12 6.170971421e-12 5.181104449e-12 6.017314495e-12 5.358814542e-12 6.068974699e-12 6.017329757e-12 5.806116512e-12 5.642527911e-12 5.697578668e-12 5.530798492e-12 6.01729773e-12 5.586946636e-12 6.22136862e-12 5.912662008e-12 7.198275141e-12 6.068969868e-12 5.41674149e-12 5.530791434e-12 5.806133444e-12 5.181117758e-12 5.697585707e-12 5.120517187e-12 5.358797038e-12 6.120181511e-12 5.697597209e-12 5.697600591e-12 6.418912777e-12 6.017313614e-12 6.221355497e-12 5.300241279e-12 5.806106392e-12 5.912664804e-12 5.752116975e-12 5.586931439e-12 5.241017396e-12 5.859635487e-12 6.017327661e-12 5.358813066e-12 6.170992757e-12 5.586938615e-12 6.271328015e-12 5.474067664e-12 5.416753596e-12 5.059178028e-12 6.06896042e-12 5.358809039e-12 5.181128949e-12 5.416751002e-12 5.41674549e-12 5.358819589e-12 5.416745453e-12 5.806111741e-12 5.586941565e-12 5.965227432e-12 5.530786991e-12 5.586943652e-12 5.41673243e-12 5.416738695e-12 4.997111856e-12 5.859635291e-12 5.300234732e-12 5.586943325e-12 4.674370976e-12 5.859638112e-12 5.300229327e-12 6.120168204e-12 5.241014391e-12 5.300252815e-12 6.017308487e-12 5.586954217e-12 5.120528178e-12 5.912667423e-12 5.752113699e-12 5.416736847e-12 5.474059699e-12 5.642526066e-12 5.752119831e-12 5.586941247e-12 5.806121039e-12 5.120518556e-12 5.697574496e-12 5.752109529e-12 5.586940182e-12 5.586948766e-12 5.642547097e-12 5.181133061e-12 6.22135167e-12 5.358821665e-12 5.912657817e-12 5.912661899e-12 5.12052049e-12 5.416741534e-12 5.474051534e-12 5.059188951e-12 5.859631979e-12 5.642543738e-12 4.870591428e-12 5.47406138e-12 5.474072663e-12 4.934261687e-12 4.538854616e-12 5.241008041e-12 4.997117808e-12 4.99710877e-12 5.859629982e-12 5.697583734e-12 5.474062345e-12 5.358802198e-12 5.586935623e-12 5.358789457e-12 4.674387013e-12 5.80612215e-12 5.530794375e-12 4.934265143e-12 4.997111085e-12 5.241017419e-12 5.859638025e-12 5.752126789e-12 5.181118546e-12 5.358804214e-12 5.47406738e-12 4.740664324e-12 5.586946904e-12 4.934247014e-12 5.181126712e-12 4.740676929e-12 5.241018581e-12 5.241016999e-12 4.997123446e-12 5.530789001e-12 5.474072773e-12 4.607107542e-12 4.74065257e-12 5.416738167e-12 5.697599173e-12 4.934244523e-12 5.24102055e-12 5.586948682e-12 5.806120911e-12 4.997111253e-12 5.358795733e-12 4.740665681e-12 4.469559507e-12 5.0592027e-12 4.538839921e-12 5.059194096e-12 5.912646726e-12 4.997117868e-12 5.358809621e-12 4.674364039e-12 4.674375986e-12 4.997110805e-12 5.586946021e-12 4.469553626e-12 5.300241607e-12 5.300240784e-12 5.241035585e-12 5.120530112e-12 4.674370106e-12 4.674366911e-12 4.327629088e-12 5.240997844e-12 4.105550758e-12 4.254899492e-12 5.416759452e-12 5.586947549e-12 4.399152567e-12 5.474076832e-12 5.416743163e-12 4.806059745e-12 4.469564002e-12 5.416739101e-12 4.870574945e-12 5.059188787e-12 4.180883786e-12 4.80608003e-12 4.180894461e-12 5.358807021e-12 4.674364968e-12 4.399146482e-12 4.997119232e-12 4.934255108e-12 4.674386791e-12 4.740673292e-12 4.399152564e-12 4.997124176e-12 5.530804666e-12 4.469546368e-12 4.399167566e-12 4.60711114e-12 4.469550349e-12 4.399163401e-12 4.469569105e-12 5.120507014e-12 5.474076817e-12 4.254875168e-12 5.120521605e-12 4.740690553e-12 4.469553099e-12 4.607105065e-12 4.538863831e-12 4.399159045e-12 4.674374251e-12 4.740674776e-12 4.327611892e-12 4.105548888e-12 4.607105484e-12 4.028790956e-12 4.934250702e-12 5.181126819e-12 4.607113677e-12 4.870592421e-12 4.870575331e-12 4.028805247e-12 4.327631971e-12 4.538856013e-12 4.538858715e-12 5.181102704e-12 4.4695608e-12 4.254886727e-12 4.607124813e-12 4.607103751e-12 4.934248918e-12 
4.870597594e-12 4.25489871e-12 4.997129949e-12 4.469557342e-12 4.934275276e-12 4.934248181e-12 5.120509964e-12 5.474040871e-12 4.740681237e-12 4.538863748e-12 5.059205242e-12 4.674354466e-12 5.300238663e-12 3.789252501e-12 4.327619206e-12 4.39916145e-12 4.399164666e-12 4.740676092e-12 5.059172996e-12 4.399161674e-12 4.105560573e-12 3.870741712e-12 5.120513253e-12 4.180882473e-12 4.469551079e-12 4.806083926e-12 5.059189598e-12 4.607112206e-12 4.806061877e-12 4.538875015e-12 5.241023859e-12 4.80606872e-12 5.416750575e-12 4.997107232e-12 4.028800572e-12 5.2410264e-12 5.806123462e-12 4.870587074e-12 5.358805158e-12 4.99710967e-12 5.53079188e-12 4.997108923e-12 4.607118863e-12 4.028799413e-12 4.740694305e-12 4.607111567e-12 4.53885485e-12 5.416744894e-12 4.399166318e-12 4.80607348e-12 5.965222882e-12 4.538856387e-12 5.300241607e-12 5.300229292e-12 5.586949683e-12 5.05918322e-12 4.997128945e-12 4.870581982e-12 5.059185335e-12 4.538856065e-12 5.241022646e-12 4.997122332e-12 5.530804631e-12 4.607122309e-12 5.300246866e-12 4.934250735e-12 4.327626775e-12 4.74068339e-12 5.530780524e-12 5.181116444e-12 4.327640267e-12 5.120539129e-12 5.642532537e-12 4.806071957e-12 5.965235401e-12 5.181113564e-12 4.399152724e-12 5.181123109e-12 5.474071236e-12 5.300252992e-12 5.586931291e-12 4.327637343e-12 4.254877706e-12 5.586945219e-12 6.068976649e-12 5.752107803e-12 4.934254687e-12 4.934262992e-12 4.997098795e-12 5.912662478e-12 5.530787541e-12 4.934263142e-12 5.586940994e-12 5.752108667e-12 5.059195248e-12 5.24102683e-12 5.965223816e-12 4.870584442e-12 5.586948551e-12 4.997114621e-12 5.416749053e-12 5.474042385e-12 5.752112786e-12 5.30025099e-12 5.474074938e-12 5.120521892e-12 5.059198993e-12 4.806059542e-12 5.474073124e-12 5.474067416e-12 5.241014572e-12 5.059191762e-12 5.120511077e-12 5.697581329e-12 5.642535537e-12 5.806121338e-12 4.674373735e-12 6.12020472e-12 5.300249009e-12 5.859643799e-12 5.642529677e-12 5.530786552e-12 5.059186112e-12 5.241013705e-12 5.300238266e-12 5.474058729e-12 4.399159775e-12 5.586945247e-12 6.120195744e-12 5.752118059e-12 5.416743137e-12 6.221369915e-12 5.859633343e-12 6.01732559e-12 5.358816133e-12 5.697600487e-12 5.416729941e-12 4.934247929e-12 4.870578009e-12 4.997109008e-12 5.120525423e-12 5.241021782e-12 6.515435743e-12 5.358815878e-12 5.474057116e-12 6.170990126e-12 5.530803916e-12 6.320899958e-12 6.320919363e-12 6.37010161e-12 5.586939701e-12 5.697587457e-12 6.068963061e-12 5.642538956e-12 5.806124183e-12 5.965209332e-12 6.017308901e-12 5.642543158e-12 5.474079681e-12 5.697580077e-12 5.474054035e-12 6.120168678e-12 5.241006573e-12 5.3588103e-12 5.416744432e-12 5.181121293e-12 5.586953964e-12 6.017321237e-12 6.171004266e-12 5.586942883e-12 6.271332482e-12 5.586929113e-12 5.752113557e-12 5.474048196e-12 5.642548277e-12 5.859636515e-12 5.642547027e-12 5.474064821e-12 5.181128409e-12 6.418895653e-12 5.300242346e-12 5.181137357e-12 5.474063838e-12 5.752097956e-12 5.965222506e-12 5.965223905e-12 5.059184373e-12 5.059194218e-12 5.912657988e-12 5.912655922e-12 5.416727468e-12 6.320910463e-12 5.965220437e-12 6.320909314e-12 4.997097487e-12 5.474062546e-12 5.642541036e-12 6.320898906e-12 5.586935675e-12 5.300232051e-12 6.068984646e-12 5.697596117e-12 5.474067983e-12 5.859630887e-12 6.370096804e-12 5.642539554e-12 5.80612527e-12 5.859631862e-12 6.320900734e-12 5.859632597e-12 5.642536511e-12 5.120516256e-12 5.697589908e-12 6.170966754e-12 5.965223668e-12 5.530791813e-12 5.30023457e-12 6.068967338e-12 5.120519276e-12 5.059201738e-12 5.806107965e-12 5.697585875e-12 5.300228467e-12 5.474054197e-12 5.530785913e-12 6.370090427e-12 6.320908939e-12 5.697589267e-12 6.418902732e-12 5.358798215e-12 6.271352291e-12 5.859641915e-12 5.300241002e-12 5.474059456e-12 5.241006758e-12 6.515429058e-12 4.997093647e-12 6.796809279e-12 6.170971601e-12 6.017319941e-12 5.474063292e-12 5.697587654e-12 5.752099408e-12 5.965228865e-12 6.221363948e-12 6.320895111e-12 6.120207337e-12 5.358818388e-12 5.752102744e-12 5.912658543e-12 5.96521501e-12 6.271339676e-12 5.859637723e-12 6.068975013e-12 5.697573911e-12 6.271319697e-12 6.271318756e-12 5.806118302e-12 6.01732236e-12 5.47407847e-12 5.912673462e-12 5.300229416e-12 6.068983047e-12 5.642539655e-12 6.418903693e-12 5.697584402e-12 5.474059341e-12 5.965223366e-12 5.697578054e-12 6.515446808e-12 5.912665675e-12 5.181112208e-12 5.474057524e-12 5.642537519e-12 5.912663819e-12 5.416732503e-12 5.69756799e-12 6.120185908e-12 6.271322716e-12 6.017320848e-12 5.586942013e-12 5.806123825e-12 5.300242476e-12 5.697588418e-12 5.912680135e-12 5.752115211e-12 6.068966938e-12 5.241031482e-12 5.64254413e-12 6.170981889e-12 6.320909068e-12 5.642520374e-12 5.912663752e-12 5.912669083e-12 5.859657487e-12 6.221364071e-12 5.912663857e-12 6.017325028e-12 6.170984031e-12 4.934259668e-12 5.697585313e-12 5.697590718e-12 6.750747042e-12 6.271332589e-12 5.300241212e-12 5.912656892e-12 5.241007982e-12 6.221341629e-12 6.068984179e-12 6.221342481e-12 5.64253309e-12 5.586942287e-12 6.320910304e-12 5.586957042e-12 5.752104045e-12 5.806110952e-12 5.806123192e-12 5.859637942e-12 5.752104085e-12 6.271320175e-12 4.997117818e-12 5.697585203e-12 5.965219798e-12 6.120179518e-12 5.120515573e-12 5.58694234e-12 5.300248327e-12 5.69757742e-12 5.181121573e-12 6.017306459e-12 5.181124069e-12 5.642546487e-12 5.806122885e-12 5.752110417e-12 5.642532176e-12 5.530799129e-12 5.965229208e-12 5.642526087e-12 5.416747597e-12 6.017305511e-12 6.271345005e-12 5.530792124e-12 5.358819072e-12 5.806114977e-12 5.697585619e-12 5.300230016e-12 5.912671118e-12 5.806114512e-12 6.068976709e-12 5.806109456e-12 5.35881901e-12 5.358792276e-12 5.965214564e-12 5.530800302e-12 5.586929492e-12 5.697594365e-12 5.120518724e-12 5.697587618e-12 5.752106491e-12 6.017317907e-12 6.221352913e-12 5.358821779e-12 5.474057116e-12 5.642535788e-12 5.530788477e-12 6.068971087e-12 5.474055318e-12 5.752116503e-12 4.99711293e-12 6.06898313e-12 5.416769128e-12 5.120517141e-12 5.474085524e-12 6.06898249e-12 5.120511669e-12 5.530800836e-12 5.416752653e-12 5.12051626e-12 5.120519549e-12 5.300231567e-12 5.806114729e-12 4.934267666e-12 4.806077622e-12 4.740687056e-12 4.180886115e-12 5.300244661e-12 4.99711761e-12 5.752108561e-12 5.47406822e-12 4.607105919e-12 5.416751079e-12 5.059191101e-12 5.752123944e-12 4.870593087e-12 5.752127003e-12 5.47407144e-12 5.752112396e-12 5.059203148e-12 4.997115205e-12 5.358808696e-12 5.806128704e-12 5.806127629e-12 5.358803924e-12 4.806074521e-12 5.12051721e-12 5.642529565e-12 4.997115036e-12 5.416729034e-12 5.416731781e-12 5.965207008e-12 5.120511838e-12 5.358817212e-12 4.538860955e-12 5.120525864e-12 5.416744191e-12 5.059189503e-12 5.416753222e-12 5.806117578e-12 5.530796377e-12 4.870585963e-12 5.059201853e-12 4.997120323e-12 4.740667244e-12 5.059201769e-12 4.997113989e-12 5.241009209e-12 4.538866428e-12 5.181108182e-12 5.181101912e-12 5.586942486e-12 5.358802777e-12 4.254893348e-12 5.358808466e-12 4.870594579e-12 4.180884819e-12 5.24100485e-12 4.74067688e-12 5.241026274e-12 5.059193897e-12 4.469552478e-12 5.358800876e-12 4.740667163e-12 4.674372538e-12 5.120511499e-12 4.934248229e-12 4.469561338e-12 4.934256767e-12 4.9342394e-12 5.059184548e-12 5.300241802e-12 4.870591684e-12 5.241020912e-12 5.181125608e-12 5.35880697e-12 5.059201858e-12 4.180877997e-12 4.469562071e-12 5.241012282e-12 4.254870753e-12 5.181106621e-12 4.327633892e-12 4.934262361e-12 4.934266289e-12 4.538870022e-12 5.059192252e-12 4.46956835e-12 4.607121923e-12 5.059175014e-12 4.740675596e-12 4.934262286e-12 5.24102057e-12 5.530790989e-12 5.120520316e-12 4.740683096e-12 5.642539139e-12 4.180879929e-12 4.93426679e-12 4.028808353e-12 5.358791903e-12 4.607115303e-12 4.607121357e-12 4.180880327e-12 3.870749772e-12 4.806073641e-12 4.607135065e-12 5.474065193e-12 4.399147032e-12 4.18088317e-12 4.934249729e-12 4.806080328e-12 4.254888428e-12 5.120524317e-12 4.934257145e-12 4.674378914e-12 4.538856444e-12 4.740686266e-12 4.80606371e-12 4.870581189e-12 4.327637597e-12 5.358812124e-12 5.120522925e-12 
4.806066734e-12 5.12052574e-12 5.586950444e-12 5.300237481e-12 5.474053697e-12 4.028813805e-12 4.740673457e-12 5.300221162e-12 3.95055864e-12 5.752098494e-12 5.120519843e-12 4.740671132e-12 4.806060129e-12 4.674373634e-12 5.416734675e-12 4.469541352e-12 4.806068677e-12 4.469546331e-12 4.934257868e-12 5.241008208e-12 4.934261424e-12 5.241013492e-12 4.399174256e-12 5.30024612e-12 4.674371228e-12 5.530801947e-12 4.806046801e-12 4.538862584e-12 4.806074974e-12 5.474061501e-12 4.538854281e-12 4.9970934e-12 5.120502207e-12 5.120522301e-12 4.934275092e-12 4.674372837e-12 4.93425591e-12 5.241015311e-12 4.538846248e-12 4.934264435e-12 5.47406808e-12 5.300229476e-12 4.806065402e-12 5.75211312e-12 4.806072903e-12 5.241018626e-12 5.806120612e-12 5.358803642e-12 5.181121426e-12 5.912679021e-12 5.24101189e-12 5.416735394e-12 5.358796116e-12 4.870576943e-12 5.18112548e-12 5.41672966e-12 5.120531781e-12 5.120504086e-12 5.47405522e-12 4.806089224e-12 5.181120107e-12 5.41673312e-12 5.41674971e-12 5.241018674e-12 5.416750841e-12 5.241027788e-12 5.241039322e-12 4.740679786e-12 4.87058272e-12 5.059185937e-12 4.469565947e-12 4.740664851e-12 5.474067362e-12 5.181118924e-12 5.586937837e-12 5.358807409e-12 6.068971427e-12 4.997128445e-12 4.806057912e-12 4.39915315e-12 5.642525901e-12 5.059182755e-12 6.017320782e-12 6.06897213e-12 5.47404925e-12 4.399164777e-12 4.934251908e-12 5.64253233e-12 4.674370062e-12 5.358821088e-12 5.806121023e-12 5.859627323e-12 5.965221486e-12 5.181115403e-12 5.7521187e-12 5.30023568e-12 5.586930928e-12 5.181112693e-12 5.530800866e-12 4.538868006e-12 4.997122317e-12 5.358816054e-12 5.300232902e-12 5.530790502e-12 6.221366307e-12 5.300236292e-12 5.474061251e-12 4.997116349e-12 5.697602036e-12 4.997120446e-12 5.965217037e-12 5.530778305e-12 5.697592836e-12 5.752098239e-12 5.181119177e-12 6.320892214e-12 5.586933524e-12 4.997104242e-12 5.416743097e-12 6.271337406e-12 6.32090666e-12 5.416744021e-12 5.965224923e-12 5.53079129e-12 6.017305383e-12 5.752107913e-12 6.017325811e-12 5.642540187e-12 6.120199993e-12 5.530805474e-12 6.068972863e-12 5.859621143e-12 5.965221855e-12 5.059196013e-12 5.697585967e-12 5.752107617e-12 5.6975945e-12 6.068964653e-12 5.358809153e-12 4.740677608e-12 5.85963253e-12 4.997092086e-12 5.181109259e-12 5.912664857e-12 5.752115389e-12 5.586951323e-12 6.017325625e-12 5.642537415e-12 5.586949936e-12 5.697581236e-12 6.068963049e-12 5.965209393e-12 5.859630361e-12 5.806118362e-12 5.859616664e-12 5.859640493e-12 5.3588065e-12 5.474060891e-12 5.642533234e-12 5.96522386e-12 6.06898034e-12 6.221347102e-12 6.017308422e-12 6.120174955e-12 5.859621497e-12 5.965238205e-12 6.610557274e-12 5.859639128e-12 5.965202861e-12 6.796801682e-12 5.806132853e-12 5.358809849e-12 6.32091551e-12 5.859621859e-12 5.965233292e-12 5.697587772e-12 6.271331116e-12 6.120184401e-12 6.017325764e-12 5.806135121e-12 6.068956219e-12 6.017319257e-12 6.842584491e-12 5.586940319e-12 5.69757528e-12 6.563173519e-12 5.965224902e-12 5.859634445e-12 6.610560252e-12 5.642531127e-12 6.017313464e-12 5.752120024e-12 5.806129767e-12 5.80612015e-12 5.586944791e-12 6.120186117e-12 5.965216866e-12 5.697591214e-12 6.320892915e-12 6.515445158e-12 6.271326884e-12 4.806085376e-12 5.474060418e-12 6.467360752e-12 6.704339839e-12 5.642528306e-12 5.530780882e-12 6.370097461e-12 6.467336207e-12 5.586941713e-12 6.120192235e-12 6.515440809e-12 6.017318078e-12 5.752110566e-12 6.610562951e-12 5.697570037e-12 5.586937208e-12 6.320908983e-12 6.467345576e-12 5.91267413e-12 6.704350186e-12 6.221369484e-12 6.320890368e-12 6.46735075e-12 6.32090233e-12 5.912653123e-12 6.017324724e-12 6.12019793e-12 5.752118765e-12 6.750722647e-12 6.418909142e-12 6.750706877e-12 5.752118232e-12 5.752112784e-12 5.806116094e-12 6.320903334e-12 6.22135879e-12 6.271304997e-12 6.27134304e-12 6.017336066e-12 7.154772651e-12 5.752115016e-12 5.806121967e-12 5.752119365e-12 6.418914336e-12 6.271334129e-12 5.859640796e-12 6.271326202e-12 5.806132597e-12 6.120190984e-12 6.017327666e-12 6.418918938e-12 5.241012896e-12 6.170987956e-12 6.170988e-12 6.068959524e-12 6.271326293e-12 6.320884869e-12 6.657608939e-12 5.752112885e-12 6.370086994e-12 5.859625666e-12 5.912669343e-12 6.221345441e-12 6.370093372e-12 5.912663822e-12 6.017315513e-12 5.912662188e-12 6.370098504e-12 5.912671398e-12 5.859634782e-12 5.80611806e-12 6.068989527e-12 6.418902978e-12 5.697576758e-12 5.859627912e-12 5.586942067e-12 5.586951266e-12 5.75211477e-12 5.752109352e-12 5.912670805e-12 6.221377013e-12 6.370087089e-12 5.965221862e-12 5.586941524e-12 6.221361738e-12 5.965214691e-12 5.300244507e-12 6.170995863e-12 6.120185946e-12 6.796806741e-12 5.530773035e-12 5.965229411e-12 6.610551865e-12 5.806136305e-12 6.170971814e-12 5.752097321e-12 6.068973555e-12 5.806122654e-12 6.120199941e-12 6.170962591e-12 6.17096908e-12 6.068968892e-12 6.120190487e-12 5.120519694e-12 6.515437305e-12 5.912678014e-12 5.697581555e-12 6.120180917e-12 6.068988335e-12 6.068983237e-12 5.80612191e-12 6.657624122e-12 6.221373358e-12 6.068987366e-12 5.965226367e-12 5.965231543e-12 6.120193804e-12 6.170988569e-12 6.017327395e-12 5.05920944e-12 5.181112465e-12 5.474072681e-12 5.53078533e-12 5.806110154e-12 6.068957671e-12 5.912652139e-12 5.859641862e-12 5.91265948e-12 4.740662357e-12 5.241027211e-12 6.418898201e-12 5.12050036e-12 6.610571509e-12 5.752108265e-12 5.642533856e-12 6.320909837e-12 5.806124146e-12 5.059185335e-12 5.1811221e-12 6.120190836e-12 5.586934979e-12 5.416732367e-12 5.530773347e-12 5.241029402e-12 5.300233574e-12 5.300242775e-12 5.05920218e-12 6.657610356e-12 4.997117728e-12 5.912656553e-12 5.965238003e-12 6.320900789e-12 6.704338157e-12 5.530799064e-12 5.697586064e-12 5.752121486e-12 5.912670683e-12 5.586952506e-12 5.965220931e-12 5.752113847e-12 6.170989784e-12 5.912659244e-12 5.586947121e-12 6.017335088e-12 5.752100262e-12 4.870591722e-12 5.120509614e-12 5.859624977e-12 6.170968868e-12 5.416732748e-12 5.912679684e-12 5.416743061e-12 5.181115439e-12 5.586925785e-12 6.017328847e-12 5.697582001e-12 6.068984535e-12 5.642533833e-12 5.697581818e-12 6.320907118e-12 5.806125057e-12 5.697585512e-12 5.697597115e-12 6.657617799e-12 6.120198303e-12 5.642531689e-12 5.642533658e-12 5.912671369e-12 5.80611496e-12 5.358807361e-12 6.170970656e-12 5.120510369e-12 5.586939093e-12 4.674376697e-12 5.752118223e-12 5.120516629e-12 5.642536493e-12 5.300231807e-12 5.642539485e-12 5.806104738e-12 5.474059546e-12 5.120507916e-12 5.642546911e-12 5.12052048e-12 5.416738945e-12 5.300244885e-12 5.241006486e-12 4.53885867e-12 6.017319982e-12 5.474062641e-12 4.997111441e-12 6.320902614e-12 5.965221805e-12 5.697587411e-12 6.01731057e-12 5.2410273e-12 5.416740702e-12 4.997111624e-12 5.416737298e-12 4.538858946e-12 5.241022187e-12 5.642535077e-12 5.965229341e-12 5.530776776e-12 5.300231919e-12 4.105529578e-12 5.530779965e-12 5.358788373e-12 5.642541487e-12 5.642538092e-12 5.358803226e-12 5.300209496e-12 5.474054508e-12 5.474065389e-12 4.93424588e-12 4.469561509e-12 4.934247174e-12 5.241019025e-12 5.300234055e-12 5.474067774e-12 5.300247213e-12 5.120521006e-12 5.241012825e-12 4.870577377e-12 5.241016854e-12 4.934245246e-12 5.059192288e-12 4.674365304e-12 5.642534168e-12 5.965217906e-12 6.017325999e-12 5.059182733e-12 4.469535482e-12 5.12052188e-12 5.965238825e-12 4.740687966e-12 5.965234922e-12 6.017314856e-12 4.806072611e-12 4.740680209e-12 4.997115698e-12 5.474065426e-12 5.358809614e-12 4.997097967e-12 4.806069543e-12 5.859643451e-12 4.469567193e-12 5.474067078e-12 4.740687055e-12 4.997110127e-12 6.12018839e-12 5.181125028e-12 5.358816195e-12 4.740683798e-12 4.870581531e-12 4.870580499e-12 5.241014151e-12 5.416758632e-12 5.358801075e-12 5.181124972e-12 4.327623922e-12 4.997108615e-12 4.607103463e-12 5.181128686e-12 4.870599339e-12 4.327615361e-12 4.934254384e-12 4.934247774e-12 4.806070354e-12 4.934271221e-12 5.059215465e-12 4.254870458e-12 4.180884565e-12 5.181117277e-12 4.60711838e-12 4.806075071e-12 4.469555852e-12 4.740686991e-12 4.740683177e-12 4.028796521e-12 
4.60710887e-12 4.674378268e-12 3.950558213e-12 4.607126548e-12 4.469549681e-12 5.059183765e-12 5.912665514e-12 4.538863473e-12 5.642529769e-12 5.24102709e-12 5.059183793e-12 5.120501892e-12 4.99711944e-12 5.059196794e-12 5.697586193e-12 5.416738097e-12 4.99710226e-12 4.997105805e-12 5.358788542e-12 5.241020535e-12 4.997104267e-12 4.399160602e-12 4.806060339e-12 5.586945478e-12 5.642553371e-12 5.300231642e-12 5.642529032e-12 5.474067589e-12 5.358817693e-12 5.120530344e-12 4.607118948e-12 5.806111552e-12 4.674370787e-12 4.806076409e-12 4.740680452e-12 5.530805101e-12 5.530794437e-12 5.120515522e-12 4.870587651e-12 5.642525459e-12 5.530782253e-12 5.059193918e-12 4.806081787e-12 4.254889169e-12 5.752116562e-12 5.300242105e-12 5.642538422e-12 5.059194916e-12 5.69759093e-12 5.300244768e-12 4.870578411e-12 5.241012196e-12 5.806138311e-12 5.586943667e-12 5.181104559e-12 5.912663784e-12 5.120522234e-12 5.241009907e-12 5.300229721e-12 5.358806823e-12 5.474085019e-12 5.530792918e-12 5.300255072e-12 5.474082617e-12 5.059188862e-12 4.674370174e-12 5.530784487e-12 6.120195477e-12 5.241020203e-12 5.300243824e-12 5.697581661e-12 5.474065875e-12 5.859634811e-12 5.358806588e-12 6.017322559e-12 5.241018751e-12 6.068963767e-12 5.697577445e-12 5.859646512e-12 6.515441204e-12 6.017316088e-12 5.586944406e-12 5.358811559e-12 6.068969562e-12 5.241016272e-12 5.241013651e-12 5.912658585e-12 6.467342599e-12 5.752128937e-12 5.530778405e-12 6.170976648e-12 5.642521877e-12 5.697569867e-12 5.530789899e-12 5.642526225e-12 5.530811227e-12 5.416745195e-12 5.530806254e-12 5.752128756e-12 5.859639279e-12 5.752112524e-12 5.965219042e-12 5.586955678e-12 5.806124741e-12 6.120188372e-12 5.416739781e-12 6.978067502e-12 5.752118817e-12 5.300244059e-12 5.965226553e-12 6.06897812e-12 6.370089166e-12 6.017307098e-12 5.530789974e-12 6.12019837e-12 5.80611684e-12 5.697585377e-12 6.221356997e-12 6.068975509e-12 6.170972328e-12 6.170971565e-12 6.221358097e-12 6.515435571e-12 5.181100612e-12 6.515430685e-12 5.752119124e-12 6.704331542e-12 6.563191334e-12 5.859624991e-12 5.69759654e-12 6.515435232e-12 6.271323392e-12 5.474057636e-12 5.806125665e-12 5.64252503e-12 5.965224843e-12 5.806098212e-12 5.752095735e-12 6.610565143e-12 6.120190199e-12 5.752112185e-12 6.796808408e-12 6.068975147e-12 5.752111362e-12 6.320899957e-12 6.41891284e-12 5.697575552e-12 6.320910169e-12 6.370112994e-12 7.154773114e-12 6.017318348e-12 6.888034914e-12 6.120177382e-12 5.965228361e-12 6.842579029e-12 5.965215739e-12 5.859642769e-12 6.467348513e-12 5.965233256e-12 6.888042283e-12 5.85966148e-12 5.75211379e-12 6.370090374e-12 5.806120048e-12 6.221361362e-12 6.320911552e-12 6.221353069e-12 6.418906976e-12 6.842582747e-12 5.642537887e-12 5.965217015e-12 6.610560648e-12 6.170990743e-12 5.912653792e-12 5.80611318e-12 5.474082584e-12 5.806136746e-12 6.370100207e-12 5.965220404e-12 6.32090459e-12 5.120512439e-12 6.271322594e-12 6.271331718e-12 6.017327827e-12 6.170999914e-12 5.859636546e-12 6.467360767e-12 6.120186845e-12 6.320886054e-12 6.170980552e-12 6.068988817e-12 6.271323362e-12 5.912672965e-12 6.170981354e-12 6.563176568e-12 5.965213207e-12 6.320901499e-12 6.120187863e-12 5.806115064e-12 6.017312226e-12 5.912674042e-12 5.806136111e-12 5.530792643e-12 6.271328142e-12 6.657603742e-12 6.120192608e-12 5.859627903e-12 5.642536554e-12 6.70433824e-12 6.51543743e-12 6.888045781e-12 5.586945094e-12 6.221361919e-12 6.888037825e-12 6.75073141e-12 7.369686512e-12 6.370106403e-12 5.859629588e-12 6.515452103e-12 6.750747413e-12 6.221363127e-12 6.61056236e-12 6.068983051e-12 6.068978955e-12 6.51542801e-12 6.017307183e-12 6.750729823e-12 6.320897814e-12 5.965226033e-12 6.32090066e-12 6.978086428e-12 6.704341051e-12 6.017317625e-12 6.842590998e-12 5.47406949e-12 6.370084153e-12 6.068960543e-12 5.642531483e-12 6.27132764e-12 6.017320435e-12 6.370101207e-12 7.111010469e-12 6.068975266e-12 6.370087874e-12 5.859642935e-12 6.610555551e-12 6.221343452e-12 6.120197171e-12 5.69759995e-12 5.806122656e-12 6.657615138e-12 6.93322281e-12 5.859624405e-12 5.752100002e-12 6.370095426e-12 6.933220158e-12 5.416742448e-12 7.022680134e-12 6.320904896e-12 6.842587098e-12 6.370093896e-12 7.111000563e-12 5.697581163e-12 7.022673748e-12 5.586925469e-12 6.418903102e-12 6.271329125e-12 6.017325424e-12 5.697570277e-12 6.467354537e-12 6.563161758e-12 6.170975691e-12 6.888037722e-12 6.221339172e-12 6.888044568e-12 6.796815089e-12 6.068970016e-12 6.418908151e-12 6.65760671e-12 6.370091819e-12 6.467355687e-12 6.418908843e-12 6.370094585e-12 7.066986623e-12 6.657610454e-12 5.474042828e-12 6.657616565e-12 6.610561055e-12 6.467352868e-12 6.750732954e-12 6.888046272e-12 6.120193779e-12 6.221353809e-12 6.370104212e-12 6.120190602e-12 6.068976632e-12 6.320896199e-12 5.965237635e-12 6.271331862e-12 6.320911573e-12 6.750732676e-12 5.697569481e-12 6.170982897e-12 6.418919737e-12 6.704330815e-12 6.704328267e-12 5.530781576e-12 6.515441878e-12 6.418913693e-12 6.068968047e-12 6.120188824e-12 6.750735081e-12 5.358811153e-12 6.796814063e-12 6.933207467e-12 6.704326503e-12 6.467341107e-12 6.418901222e-12 5.642547751e-12 5.586948126e-12 6.515422317e-12 7.15476312e-12 4.674361153e-12 6.221351056e-12 7.241497132e-12 5.85963044e-12 5.806125939e-12 5.697579098e-12 5.965221547e-12 7.022689701e-12 5.806127658e-12 6.320905705e-12 6.418888224e-12 6.170985528e-12 5.859642829e-12 5.912659638e-12 6.120200584e-12 6.418898156e-12 6.418901339e-12 6.467352348e-12 5.806116841e-12 6.370083765e-12 6.17098596e-12 5.752106057e-12 6.61056512e-12 6.842581909e-12 6.370093992e-12 6.3700979e-12 6.017324171e-12 5.912662233e-12 5.96522477e-12 6.017330363e-12 5.912668989e-12 6.467357064e-12 6.221369358e-12 6.46735449e-12 6.017323061e-12 6.221363011e-12 5.181121707e-12 6.170986946e-12 5.752102302e-12 6.170990409e-12 6.271341847e-12 5.752110135e-12 5.912666229e-12 5.474054661e-12 5.965218429e-12 6.271329723e-12 6.320916761e-12 6.170984722e-12 6.657614112e-12 6.068971023e-12 5.300227059e-12 6.796812483e-12 6.271326643e-12 6.515439956e-12 5.474068127e-12 6.017331448e-12 6.068950817e-12 5.859645749e-12 6.017319437e-12 5.965217171e-12 6.017316066e-12 5.697596527e-12 6.563190912e-12 5.85964277e-12 5.859627713e-12 6.221368031e-12 5.530795472e-12 5.530785192e-12 5.586959382e-12 6.370088405e-12 5.85963833e-12 6.017308602e-12 5.752110481e-12 6.933221672e-12 6.750745986e-12 5.697603079e-12 6.610565343e-12 6.170989038e-12 5.697583818e-12 6.017313736e-12 5.912663697e-12 6.120191907e-12 5.806121116e-12 6.271322432e-12 5.18110265e-12 5.697592855e-12 6.271314445e-12 5.752114225e-12 4.870579239e-12 5.752113346e-12 5.965226642e-12 5.35880404e-12 5.586936846e-12 5.965226128e-12 5.752125998e-12 5.41675227e-12 5.965215245e-12 5.912670423e-12 6.068964179e-12 5.120514756e-12 5.241011962e-12 5.642532293e-12 5.64253438e-12 5.530805633e-12 5.806111787e-12 5.91265568e-12 5.059194482e-12 4.67435941e-12 5.806127447e-12 5.241006271e-12 5.752110712e-12 4.870572798e-12 4.674369157e-12 4.934255257e-12 5.059204408e-12 4.740671556e-12 5.35880576e-12 5.474052951e-12 5.69759696e-12 5.530796571e-12 5.530789507e-12 6.120188408e-12 5.358821489e-12 6.12017377e-12 5.69758201e-12 6.27135529e-12 5.85963924e-12 5.181109838e-12 5.965234555e-12 5.300249008e-12 5.752087929e-12 5.358803641e-12 5.642535395e-12 5.912671334e-12 5.53079144e-12 4.934248336e-12 5.35881573e-12 5.965209453e-12 4.538847738e-12 5.530777791e-12 4.806068035e-12 5.806127809e-12 5.806127866e-12 5.586936152e-12 5.300238338e-12 5.24101833e-12 5.300244062e-12 5.416745461e-12 5.752096028e-12 4.997117555e-12 4.607114664e-12 5.474041843e-12 5.697572298e-12 5.181135772e-12 4.740668972e-12 4.934262873e-12 5.18110547e-12 5.752104241e-12 5.120514123e-12 5.120502499e-12 4.399185255e-12 5.300236821e-12 4.934259193e-12 5.241008202e-12 5.358808542e-12 5.41674756e-12 5.530789948e-12 4.607107112e-12 5.530780545e-12 5.181114849e-12 4.997114432e-12 4.997113171e-12 5.358809006e-12 5.300233441e-12 4.740681407e-12 3.950569259e-12 4.538836412e-12 5.181116197e-12 5.241028845e-12 
5.120517874e-12 6.467347855e-12 5.30022634e-12 5.859628858e-12 5.241003282e-12 5.181114222e-12 4.87059185e-12 4.997114492e-12 5.474060496e-12 5.530777879e-12 6.515439695e-12 5.642538893e-12 6.221373835e-12 5.53080438e-12 5.474074863e-12 5.806138663e-12 5.859626196e-12 5.530783291e-12 6.370091867e-12 5.181126564e-12 4.934234605e-12 5.806102189e-12 5.752109711e-12 5.752114644e-12 5.642536982e-12 5.806122983e-12 5.241017599e-12 6.017334746e-12 6.170963588e-12 5.47407623e-12 5.53079275e-12 5.120504499e-12 5.752113657e-12 4.806066296e-12 4.997118129e-12 5.181121856e-12 6.370087367e-12 6.320902957e-12 5.120520423e-12 4.934256658e-12 5.530772535e-12 5.530769723e-12 5.474067926e-12 5.586937468e-12 5.85963265e-12 5.642513947e-12 6.068983905e-12 5.91266161e-12 5.47407475e-12 6.068972561e-12 6.1709954e-12 6.017328266e-12 6.170984882e-12 5.474062147e-12 6.120190039e-12 6.221351227e-12 6.563154761e-12 6.271332822e-12 5.586942087e-12 5.912658782e-12 6.017307748e-12 5.697580244e-12 5.965220795e-12 5.806107977e-12 6.068975612e-12 5.697595904e-12 5.642536439e-12 5.912665041e-12 5.358788972e-12 6.017327249e-12 6.418910576e-12 6.221348899e-12 5.85963216e-12 6.120187462e-12 6.068980998e-12 6.320904424e-12 5.530795428e-12 5.642529574e-12 5.416744149e-12 6.657597408e-12 6.657612737e-12 7.111031352e-12 5.859639327e-12 6.170989946e-12 5.912662296e-12 6.467353358e-12 5.859641497e-12 6.120179674e-12 6.170989777e-12 6.563180198e-12 6.120178552e-12 7.111025421e-12 6.221352329e-12 6.120185005e-12 5.697592555e-12 6.068981927e-12 6.068946523e-12 5.752099775e-12 5.912667509e-12 5.41675101e-12 6.170986694e-12 6.750718441e-12 6.888041481e-12 6.370097233e-12 6.170970422e-12 6.120183993e-12 5.358813464e-12 5.912681899e-12 6.842581526e-12 6.657617955e-12 6.842573299e-12 6.657621908e-12 6.467363286e-12 6.170985054e-12 6.320919229e-12 6.320901181e-12 7.198282092e-12 7.022660994e-12 6.657620292e-12 6.41890664e-12 6.271326154e-12 6.61054594e-12 6.610556994e-12 6.0173257e-12 6.170981703e-12 6.221338454e-12 6.610560965e-12 6.563165976e-12 6.978091402e-12 5.912673854e-12 6.27131828e-12 6.515435319e-12 6.271339427e-12 6.320910257e-12 6.563165734e-12 6.221362262e-12 6.370093906e-12 6.271326117e-12 6.563155809e-12 6.796820234e-12 6.704334023e-12 6.610558372e-12 7.154778408e-12 6.467342396e-12 6.563172319e-12 6.467372693e-12 6.888044971e-12 6.370086533e-12 6.610565253e-12 6.56316083e-12 6.51543813e-12 6.320916501e-12 5.859617427e-12 6.32089322e-12 6.796802968e-12 5.697584842e-12 6.750740526e-12 6.842552162e-12 6.610550386e-12 6.467353536e-12 6.657602697e-12 6.796821989e-12 6.750708859e-12 6.750721138e-12 6.515434288e-12 6.370089569e-12 6.170991825e-12 6.750733965e-12 6.657603226e-12 6.888039617e-12 6.320901208e-12 7.198278147e-12 6.120194448e-12 6.418915909e-12 7.022669431e-12 6.750723355e-12 6.610579156e-12 7.578503946e-12 6.170982963e-12 6.842562006e-12 6.657607034e-12 6.271310447e-12 6.320914843e-12 6.563156863e-12 7.411924729e-12 7.154778538e-12 6.221363282e-12 6.888044418e-12 6.888056028e-12 6.22135367e-12 6.418914689e-12 6.515443008e-12 6.888047869e-12 6.320901747e-12 7.066987113e-12 6.750737472e-12 6.657598139e-12 6.933212254e-12 6.978095412e-12 7.284475224e-12 6.12018807e-12 5.965219382e-12 6.563163614e-12 6.515458119e-12 6.796802583e-12 6.418915238e-12 6.978105105e-12 6.467352897e-12 6.271333161e-12 6.888040071e-12 7.369686984e-12 6.515439872e-12 6.750730279e-12 6.978093471e-12 6.933197895e-12 6.704328532e-12 6.978087897e-12 6.271319512e-12 7.154776098e-12 6.842571399e-12 6.563161286e-12 6.563167135e-12 7.022674829e-12 6.51544654e-12 6.068978721e-12 7.198276384e-12 6.657603223e-12 7.111023573e-12 6.888050383e-12 5.300234808e-12 6.88802902e-12 7.28447833e-12 6.46733803e-12 6.978087191e-12 6.170979577e-12 7.660445619e-12 6.320911037e-12 6.842576066e-12 6.41891581e-12 6.271336426e-12 6.750735996e-12 6.796805492e-12 6.56315815e-12 6.796797874e-12 6.888059388e-12 6.657621083e-12 7.198272456e-12 7.284488393e-12 7.369701764e-12 6.97807644e-12 6.221350503e-12 6.888042362e-12 6.750724667e-12 6.61057721e-12 6.418912071e-12 6.933211485e-12 6.704319879e-12 7.369688498e-12 6.27132296e-12 6.704325846e-12 6.978087579e-12 6.017294405e-12 6.515427879e-12 7.066963224e-12 7.241531601e-12 6.563179152e-12 6.657612901e-12 7.411896979e-12 6.271326243e-12 6.170991497e-12 7.022682402e-12 6.170985225e-12 7.28449301e-12 7.066977485e-12 6.610573848e-12 6.888039781e-12 6.370092913e-12 6.79679907e-12 6.467345996e-12 7.154766746e-12 6.933215115e-12 6.170984204e-12 6.750742918e-12 6.750718226e-12 6.888050887e-12 6.32089707e-12 6.418915711e-12 7.284507139e-12 6.370099085e-12 5.91266693e-12 7.32719779e-12 6.610574494e-12 6.796809307e-12 7.284489446e-12 6.320916431e-12 6.888041533e-12 6.657617635e-12 7.0226817e-12 6.750735159e-12 6.563172237e-12 6.370091315e-12 6.467341794e-12 6.933220895e-12 6.370105487e-12 7.067004731e-12 7.327198078e-12 7.066995359e-12 6.796805063e-12 6.657611857e-12 7.154779655e-12 6.79681931e-12 7.11102831e-12 7.022685295e-12 6.750732419e-12 6.515444252e-12 6.933222608e-12 7.411922957e-12 6.657614059e-12 6.704332933e-12 6.418913772e-12 6.370103002e-12 7.066971374e-12 6.563169834e-12 6.418908355e-12 7.411929495e-12 5.912655828e-12 6.170982456e-12 6.842569899e-12 7.453908636e-12 6.068976253e-12 5.912669652e-12 6.120178129e-12 6.320903633e-12 7.154777512e-12 7.022672564e-12 7.537221959e-12 6.888054979e-12 6.65760257e-12 6.170972769e-12 6.750739049e-12 6.271322409e-12 6.563167284e-12 6.418908506e-12 6.888052258e-12 6.221348246e-12 6.418909893e-12 5.806120757e-12 6.933221563e-12 6.170990871e-12 6.888049558e-12 6.657617938e-12 7.022683013e-12 6.796814859e-12 6.068980864e-12 6.796806506e-12 6.563168143e-12 6.467365762e-12 6.97807439e-12 5.859637277e-12 6.61056852e-12 6.370089998e-12 6.320901092e-12 6.320902172e-12 6.563174725e-12 6.017325852e-12 6.56316521e-12 7.369690312e-12 6.32089409e-12 5.530800129e-12 6.750729915e-12 6.370087519e-12 5.752100886e-12 6.017335329e-12 5.859632794e-12 6.120163772e-12 6.750738056e-12 6.12018742e-12 7.111013531e-12 6.563180508e-12 6.271312676e-12 6.704330671e-12 6.933222431e-12 5.965218494e-12 5.965212142e-12 7.111005108e-12 6.418908417e-12 6.01731226e-12 5.697577125e-12 6.170992908e-12 5.586929978e-12 6.657613782e-12 6.320918454e-12 6.657616668e-12 6.515443161e-12 6.17098487e-12 6.515442364e-12 6.068972395e-12 6.370087954e-12 6.56316596e-12 6.467347261e-12 6.6105601e-12 5.965216957e-12 6.017312945e-12 6.221358444e-12 6.068966248e-12 6.01731583e-12 6.610563032e-12 6.170971081e-12 5.912672236e-12 6.370094185e-12 6.068972682e-12 5.642531665e-12 6.170990163e-12 5.474061303e-12 5.416738284e-12 6.370087324e-12 6.271335467e-12 5.586934819e-12 5.806115627e-12 6.978092497e-12 6.563180114e-12 6.563177764e-12 6.221354462e-12 6.515438685e-12 6.017328209e-12 6.271343988e-12 5.300239779e-12 5.300240771e-12 6.657626459e-12 5.416741605e-12 5.752109364e-12 6.170976536e-12 5.300250404e-12 5.806120482e-12 6.370097472e-12 6.467365372e-12 5.912672513e-12 5.416729222e-12 6.068965378e-12 5.416747482e-12 5.912685154e-12 5.530785244e-12 6.320904592e-12 6.750723508e-12 5.806123512e-12 6.068977004e-12 5.752111719e-12 5.181110552e-12 5.530795407e-12 5.24100862e-12 6.221361218e-12 5.586935267e-12 5.416747345e-12 5.416750966e-12 5.912667009e-12 6.17098143e-12 5.181109199e-12 5.530794826e-12 5.965226927e-12 6.0173282e-12 5.697593325e-12 5.859642135e-12 6.068972292e-12 5.358804599e-12 5.358802469e-12 5.474063261e-12 5.64253534e-12 5.697585971e-12 6.221348936e-12 5.965221222e-12 5.806121957e-12 5.965221453e-12 5.752109094e-12 5.358804692e-12 5.181106288e-12 5.642521082e-12 5.586949578e-12 5.752119984e-12 6.271331429e-12 5.752126246e-12 5.30023817e-12 5.241017293e-12 5.697569198e-12 5.697586355e-12 5.120524623e-12 5.697573853e-12 5.859634431e-12 5.24101825e-12 6.120199243e-12 5.75210902e-12 5.806124598e-12 5.642534201e-12 4.538843241e-12 5.642545078e-12 5.241018482e-12 6.271334015e-12 5.912679894e-12 5.358806814e-12 5.18112225e-12 4.740690866e-12 5.530801028e-12 
5.642526643e-12 6.418908664e-12 6.120187152e-12 6.271323758e-12 6.017321112e-12 5.416743925e-12 5.912652674e-12 5.697586388e-12 5.181125327e-12 5.697590054e-12 5.752109844e-12 5.47406902e-12 6.271307799e-12 5.965235143e-12 6.657607304e-12 5.642545314e-12 6.515438854e-12 6.563161776e-12 7.111022833e-12 5.530789937e-12 7.111015737e-12 6.221341137e-12 6.221348633e-12 6.017324877e-12 6.563181431e-12 6.888042408e-12 5.912666224e-12 6.563177414e-12 6.888042125e-12 6.370094909e-12 5.965218806e-12 5.859623355e-12 6.271336218e-12 6.017326291e-12 6.933236386e-12 6.610564895e-12 6.515434127e-12 7.327201527e-12 7.327196243e-12 6.370094647e-12 6.068963051e-12 6.370102923e-12 6.120179039e-12 6.750716179e-12 7.066990777e-12 7.284460297e-12 6.320908849e-12 6.657613919e-12 5.965217449e-12 6.120186956e-12 6.120189209e-12 6.933208511e-12 5.53079565e-12 6.657606571e-12 6.563169538e-12 6.120185776e-12 6.65761335e-12 6.704321279e-12 6.97809851e-12 5.912669672e-12 6.320910885e-12 5.912665773e-12 7.537180877e-12 7.066983621e-12 6.563172205e-12 5.965234e-12 7.022672569e-12 6.65760246e-12 7.284483212e-12 7.284483931e-12 6.320917823e-12 7.111013077e-12 6.610551829e-12 7.28448308e-12 6.978089309e-12 6.418907173e-12 6.796804113e-12 6.933204417e-12 6.610557855e-12 6.610565968e-12 6.657602279e-12 6.563157674e-12 7.154774577e-12 6.32091237e-12 7.111030166e-12 6.610561529e-12 6.750730131e-12 7.154772517e-12 6.418909919e-12 6.563170603e-12 6.610556941e-12 7.198279423e-12 7.660428026e-12 6.610572341e-12 7.369700774e-12 7.327188106e-12 6.70433578e-12 6.704346998e-12 7.241487933e-12 6.65761305e-12 7.411909095e-12 6.842586005e-12 6.610558358e-12 6.418902373e-12 7.537209791e-12 6.467359941e-12 6.563175632e-12 6.842574158e-12 7.284491724e-12 7.110995322e-12 6.563173521e-12 7.327204252e-12 6.796809116e-12 7.154779947e-12 7.411916468e-12 7.901139736e-12 7.327197623e-12 7.660419542e-12 7.154764657e-12 7.578484873e-12 6.704339676e-12 7.327204446e-12 7.022668503e-12 7.198282147e-12 6.796819513e-12 7.781714234e-12 7.241496006e-12 7.861525782e-12 7.284473484e-12 6.704329455e-12 7.453917668e-12 7.111014704e-12 7.821720479e-12 7.861509218e-12 7.701077267e-12 6.610556555e-12 7.066989151e-12 6.978097643e-12 7.066995162e-12 7.022677667e-12 7.901127764e-12 7.495665303e-12 7.327212883e-12 8.361777435e-12 7.111018542e-12 7.24151114e-12 6.933207946e-12 7.940533769e-12 7.741487945e-12 7.701077625e-12 6.370095484e-12 7.495669384e-12 7.979753971e-12 6.84258349e-12 7.411916538e-12 7.495687312e-12 7.154784296e-12 7.453897575e-12 7.578508617e-12 7.284485108e-12 8.057603246e-12 7.49568307e-12 7.241507987e-12 7.741510216e-12 7.241496718e-12 7.327216346e-12 7.241503934e-12 7.940538765e-12 7.241512523e-12 7.741498779e-12 7.495662658e-12 8.249021889e-12 7.411928382e-12 7.241524664e-12 6.842603486e-12 7.537187023e-12 8.24902111e-12 8.096246184e-12 7.821725585e-12 7.578500385e-12 7.619583719e-12 7.111004267e-12 7.861514112e-12 7.741504109e-12 7.70106679e-12 7.369697446e-12 6.842586513e-12 7.198280328e-12 7.979745553e-12 7.781717925e-12 7.5785025e-12 7.49567195e-12 7.660431252e-12 7.284489391e-12 6.842591374e-12 7.701077724e-12 7.578491553e-12 7.578486623e-12 7.066987495e-12 7.411911541e-12 8.13470836e-12 7.411933937e-12 8.134699539e-12 7.241491961e-12 7.701074791e-12 7.619583864e-12 8.76278356e-12 8.057609863e-12 7.940534875e-12 7.453929107e-12 7.660412028e-12 7.619574967e-12 7.821711183e-12 7.537197144e-12 7.45390511e-12 7.453903041e-12 8.172989951e-12 7.453904812e-12 7.619585322e-12 7.901125683e-12 7.578508099e-12 7.154785376e-12 7.619574453e-12 8.436113283e-12 7.327207113e-12 7.411899039e-12 7.901133876e-12 7.901123101e-12 7.741488968e-12 7.111023977e-12 7.453904982e-12 6.933234823e-12 8.096242225e-12 8.36176991e-12 7.066993552e-12 8.096243548e-12 8.018756551e-12 8.249005179e-12 7.453910148e-12 7.241507472e-12 7.022656732e-12 7.327195904e-12 8.582818369e-12 8.286775098e-12 7.495682034e-12 7.861530248e-12 7.821725783e-12 7.495650554e-12 7.495665868e-12 7.821719324e-12 7.821720515e-12 7.861532118e-12 7.701069586e-12 7.154781286e-12 7.821730574e-12 7.901132876e-12 8.173007106e-12 7.198262241e-12 7.369687507e-12 6.704331748e-12 7.453903543e-12 8.018762077e-12 7.578494761e-12 8.286790808e-12 8.057603507e-12 7.284488129e-12 7.701065307e-12 7.327207434e-12 7.198280586e-12 7.284489223e-12 7.578487361e-12 7.781712527e-12 7.940533375e-12 7.821713929e-12 7.660420775e-12 7.453911651e-12 8.018767453e-12 8.43609556e-12 6.978088495e-12 8.057603986e-12 7.940521888e-12 7.578492344e-12 8.691245632e-12 7.327206066e-12 7.327207134e-12 7.619576529e-12 7.619568959e-12 7.369678677e-12 8.096264574e-12 7.821733055e-12 7.741481578e-12 7.537204478e-12 8.249031391e-12 8.057603203e-12 7.70107134e-12 7.2844847e-12 7.369679874e-12 8.324361439e-12 7.24151018e-12 7.284479811e-12 7.284479508e-12 7.154770286e-12 7.284485744e-12 7.940541565e-12 7.619563448e-12 7.66043578e-12 7.979746666e-12 7.495674176e-12 7.82171206e-12 7.369685229e-12 8.057616388e-12 7.537196178e-12 8.134715497e-12 7.901133792e-12 8.018770908e-12 7.369691912e-12 7.495681055e-12 7.901131173e-12 8.134718337e-12 7.940540368e-12 7.781728278e-12 7.781721919e-12 7.369675064e-12 7.198283778e-12 7.660438373e-12 7.578487791e-12 7.619582776e-12 7.241514731e-12 6.75072625e-12 7.284494136e-12 7.578499342e-12 7.821712858e-12 7.901132102e-12 7.701081033e-12 7.067006723e-12 7.453928671e-12 7.154783084e-12 7.701070277e-12 7.578501453e-12 8.01877595e-12 7.90113855e-12 7.741510825e-12 6.370095145e-12 6.888027309e-12 6.978093084e-12 7.022663376e-12 7.327209837e-12 7.022681673e-12 7.53721274e-12 6.888042965e-12 7.411917906e-12 7.495658667e-12 7.066977478e-12 6.933224121e-12 7.861522529e-12 7.284472158e-12 7.619578157e-12 7.411919197e-12 6.563168516e-12 7.411916106e-12 7.241511211e-12 7.111037101e-12 7.066979669e-12 6.750729378e-12 6.657616406e-12 7.979745269e-12 7.578506797e-12 6.978091737e-12 7.495686396e-12 7.284481722e-12 7.154783087e-12 7.411920728e-12 7.537199023e-12 6.978084155e-12 7.111012282e-12 6.70434947e-12 7.198271562e-12 7.111020393e-12 7.701067369e-12 6.704335494e-12 7.198269477e-12 7.411921477e-12 7.198266081e-12 6.515443919e-12 7.154790128e-12 7.284474546e-12 7.327204901e-12 6.610556501e-12 7.022677586e-12 7.411927064e-12 7.369684703e-12 6.750742333e-12 6.796807411e-12 6.888045173e-12 6.933220736e-12 7.111024083e-12 6.271335269e-12 7.821742723e-12 7.19826886e-12 6.120174419e-12 7.284482613e-12 7.154781813e-12 6.750730675e-12 6.563161198e-12 7.284495403e-12 7.537206568e-12 6.888042101e-12 6.888050203e-12 7.111021291e-12 7.495681241e-12 6.750722454e-12 6.7507297e-12 7.901157305e-12 6.657616287e-12 6.515438075e-12 7.022676882e-12 7.11101015e-12 7.022674076e-12 6.79680447e-12 6.796796788e-12 6.17097667e-12 7.111011015e-12 6.563167368e-12 6.370105815e-12 6.842581313e-12 6.79680172e-12 6.418902389e-12 7.198275388e-12 6.610563343e-12 6.750726344e-12 6.978103673e-12 6.842577343e-12 7.111005201e-12 6.610564053e-12 6.796809024e-12 7.0226907e-12 6.842588028e-12 6.7507325e-12 6.467361318e-12 6.467348984e-12 6.657603151e-12 7.411909728e-12 6.750733723e-12 6.320902538e-12 6.65761307e-12 7.022681953e-12 6.978092276e-12 6.271327718e-12 6.467354182e-12 6.610558229e-12 7.619558217e-12 6.796816341e-12 6.418913357e-12 6.120195782e-12 6.978078774e-12 7.24151655e-12 6.657615812e-12 6.610555665e-12 6.978070722e-12 6.41891152e-12 6.515427183e-12 6.888059222e-12 5.806124954e-12 6.170972584e-12 6.467357524e-12 5.059180919e-12 6.170980316e-12 6.320895021e-12 5.859651386e-12 5.859658047e-12 5.96522728e-12 5.806111598e-12 6.750728803e-12 6.704329683e-12 5.912671975e-12 6.418904071e-12 6.017315655e-12 6.017332009e-12 5.697590311e-12 5.806124428e-12 6.610560996e-12 5.912677147e-12 6.320912094e-12 6.515454332e-12 6.320893911e-12 5.806108818e-12 6.41891827e-12 6.32089509e-12 6.370094537e-12 6.842589898e-12 6.515442606e-12 6.221358605e-12 6.563178849e-12 5.752112863e-12 5.912661501e-12 6.320900637e-12 6.370091344e-12 5.752110399e-12 6.563165434e-12 5.642536775e-12 6.370097786e-12 
9.214220374e-12 8.172994302e-12 1.008749891e-11 8.833720966e-12 8.546382753e-12 9.546982259e-12 9.008661043e-12 9.382086535e-12 9.180277891e-12 9.546970083e-12 8.655262988e-12 9.008647912e-12 9.41529383e-12 9.415283673e-12 9.180292822e-12 9.043257267e-12 9.24804461e-12 9.644570991e-12 9.315297863e-12 9.514218309e-12 9.214212688e-12 9.546973739e-12 9.24804753e-12 1.005649687e-11 9.415282806e-12 1.00874731e-11 9.644549642e-12 1.008749243e-11 9.83683783e-12 1.014917458e-11 9.415291877e-12 9.248041775e-12 9.741168231e-12 9.676863779e-12 1.002541737e-11 9.481359175e-12 1.005648942e-11 9.741152685e-12 9.741165372e-12 9.962948364e-12 9.868503141e-12 1.071761873e-11 9.579611855e-12 1.039232332e-11 9.54698627e-12 9.514225935e-12 9.546978605e-12 1.002538487e-11 1.039231609e-11 9.546973822e-12 9.836824487e-12 1.021050793e-11 9.077697236e-12 1.011838173e-11 1.054142004e-11 1.039230703e-11 9.868512826e-12 1.027147696e-11 1.048202953e-11 1.008747262e-11 1.021051668e-11 1.024103004e-11 1.068843982e-11 1.02714616e-11 1.002539321e-11 1.036223438e-11 1.039232096e-11 1.089094109e-11 1.039231401e-11 1.036223108e-11 1.011837729e-11 9.579601789e-12 1.017990403e-11 1.048204574e-11 1.074669323e-11 1.024103027e-11 1.09481121e-11 9.900100354e-12 1.100500512e-11 1.086224833e-11 1.057100714e-11 1.10333308e-11 1.051175729e-11 1.114591149e-11 1.080464004e-11 1.071760741e-11 1.036224609e-11 1.1312691e-11 1.04820392e-11 1.071762235e-11 1.077570525e-11 1.036223119e-11 1.071762388e-11 1.060048843e-11 1.005650153e-11 1.080462869e-11 1.080463823e-11 1.045221837e-11 1.005650121e-11 1.002540999e-11 1.060047417e-11 1.083348632e-11 1.033206444e-11 1.103331988e-11 1.1117872e-11 1.147703967e-11 1.068844414e-11 1.177240939e-11 1.051176623e-11 1.074669827e-11 1.039231722e-11 1.10050153e-11 1.065919732e-11 1.155834601e-11 1.008747808e-11 1.07466728e-11 1.117387241e-11 1.0118392e-11 1.13402542e-11 1.163908266e-11 1.08622629e-11 1.111787473e-11 1.054143077e-11 1.147703656e-11 1.094813408e-11 1.077571038e-11 1.103332369e-11 1.100500782e-11 1.128507841e-11 1.057099814e-11 1.125735575e-11 1.221484016e-11 1.161222618e-11 1.062988073e-11 1.10050093e-11 1.12850597e-11 1.153131873e-11 1.134025418e-11 1.134026212e-11 1.206055171e-11 1.108973248e-11 1.131269143e-11 1.177242678e-11 1.142251982e-11 1.134026358e-11 1.128506432e-11 1.080464253e-11 1.120179315e-11 1.155836352e-11 1.150421695e-11 1.169261002e-11 1.203462306e-11 1.117388324e-11 1.150422964e-11 1.169259937e-11 1.179888151e-11 1.16122397e-11 1.198264769e-11 1.106158141e-11 1.122961297e-11 1.060047561e-11 1.161225775e-11 1.158533748e-11 1.05709864e-11 1.114592363e-11 1.211220656e-11 1.103333284e-11 1.169260312e-11 1.089095323e-11 1.106159187e-11 1.139518467e-11 1.125737966e-11 1.187800732e-11 1.163909362e-11 1.147704526e-11 1.166586812e-11 1.163909655e-11 1.15853413e-11 1.103332449e-11 1.100501637e-11 1.128508107e-11 1.163907598e-11 1.229128022e-11 1.226585168e-11 1.134026707e-11 1.13951786e-11 1.134025019e-11 1.161223791e-11 1.091957897e-11 1.174587565e-11 1.054143573e-11 1.14498353e-11 1.203465186e-11 1.147707017e-11 1.174587748e-11 1.136775997e-11 1.177241558e-11 1.094813027e-11 1.187801348e-11 1.100498162e-11 1.158534153e-11 1.086225219e-11 1.158533264e-11 1.155837011e-11 1.161223474e-11 1.171928108e-11 1.128506601e-11 1.089096721e-11 1.161224575e-11 1.16390972e-11 1.179891184e-11 1.226585544e-11 1.174587597e-11 1.198265025e-11 1.139518191e-11 1.185170348e-11 1.216364451e-11 1.174587399e-11 1.139518032e-11 1.136775852e-11 1.089096986e-11 1.182533182e-11 1.203464255e-11 1.185169614e-11 1.198264715e-11 1.147704732e-11 1.179889793e-11 1.163910461e-11 1.236722372e-11 1.216363637e-11 1.100500682e-11 1.153131617e-11 1.187800886e-11 1.246777973e-11 1.25675164e-11 1.244272071e-11 1.179890094e-11 1.19304632e-11 1.182532529e-11 1.144981872e-11 1.200868285e-11 1.271566404e-11 1.231663936e-11 1.153131609e-11 1.239243471e-11 1.155834637e-11 1.187800797e-11 1.239244546e-11 1.211221342e-11 1.103332605e-11 1.20346376e-11 1.208639762e-11 1.158533902e-11 1.185170442e-11 1.193043843e-11 1.136774961e-11 1.136774978e-11 1.177243299e-11 1.163909931e-11 1.169260287e-11 1.185168846e-11 1.203464647e-11 1.1930451e-11 1.206055601e-11 1.193045325e-11 1.17724259e-11 1.193044317e-11 1.203464767e-11 1.241759546e-11 1.218926021e-11 1.19042603e-11 1.128507859e-11 1.22148469e-11 1.128507678e-11 1.166589096e-11 1.190425418e-11 1.195657801e-11 1.134025889e-11 1.182532303e-11 1.139516407e-11 1.155833812e-11 1.120179568e-11 1.158533082e-11 1.190424342e-11 1.144984328e-11 1.16390833e-11 1.213793745e-11 1.208640614e-11 1.179891056e-11 1.169260172e-11 1.218927555e-11 1.185169848e-11 1.208640468e-11 1.18780116e-11 1.200868578e-11 1.147705774e-11 1.134025813e-11 1.182534225e-11 1.166589031e-11 1.206055881e-11 1.241761035e-11 1.211220904e-11 1.193043945e-11 1.158533136e-11 1.218926839e-11 1.120178118e-11 1.187799684e-11 1.158534501e-11 1.158533365e-11 1.114591742e-11 1.169260351e-11 1.218926754e-11 1.208642202e-11 1.185169076e-11 1.144983335e-11 1.239243805e-11 1.147705421e-11 1.122960561e-11 1.182533839e-11 1.153132148e-11 1.114592249e-11 1.11738869e-11 1.080463798e-11 1.161222559e-11 1.208639507e-11 1.111787312e-11 1.221483731e-11 1.12017914e-11 1.153132533e-11 1.120179246e-11 1.114590022e-11 1.155835736e-11 1.111786784e-11 1.182533668e-11 1.166588358e-11 1.134026117e-11 1.179890596e-11 1.150422236e-11 1.15583618e-11 1.094812553e-11 1.120178652e-11 1.125737574e-11 1.161225096e-11 1.1851695e-11 1.158532691e-11 1.169259328e-11 1.163908744e-11 1.128507093e-11 1.086223878e-11 1.179890349e-11 1.158532001e-11 1.158533334e-11 1.128508251e-11 1.185170239e-11 1.114591243e-11 1.161225389e-11 1.097660733e-11 1.094813067e-11 1.122961451e-11 1.15853181e-11 1.139517545e-11 1.139516921e-11 1.158533344e-11 1.142253011e-11 1.108977314e-11 1.147706092e-11 1.083349706e-11 1.122962453e-11 1.147707554e-11 1.153132848e-11 1.068844291e-11 1.094813149e-11 1.114593248e-11 1.144982001e-11 1.147706819e-11 1.091957676e-11 1.03622369e-11 1.144984341e-11 1.089095368e-11 1.139517534e-11 1.091957743e-11 1.12573909e-11 1.106158449e-11 1.030181126e-11 1.144979965e-11 1.125738763e-11 1.060048479e-11 1.111788544e-11 1.02410487e-11 1.108976092e-11 1.048204851e-11 1.091957988e-11 1.07466986e-11 1.153131143e-11 1.074670926e-11 1.114590484e-11 9.868514043e-12 1.054142023e-11 1.15583428e-11 1.091957343e-11 1.030181153e-11 1.086225722e-11 1.122961826e-11 1.100499389e-11 1.077570396e-11 1.033207274e-11 1.091957795e-11 1.111788576e-11 1.051175905e-11 1.128507785e-11 1.021051181e-11 1.054142161e-11 1.017988527e-11 1.08334808e-11 1.011839455e-11 1.048203993e-11 1.011837712e-11 1.086225768e-11 9.579618044e-12 1.074669416e-11 1.01183803e-11 1.017990455e-11 1.039232454e-11 1.060045898e-11 1.097660397e-11 1.142252644e-11 1.0056492e-11 1.091958352e-11 1.021051121e-11 1.011839472e-11 1.011838868e-11 1.024103955e-11 1.042230542e-11 1.062988742e-11 1.065920542e-11 1.065919137e-11 1.065920875e-11 1.111785797e-11 9.99423326e-12 1.071761256e-11 9.994234799e-12 1.074669243e-11 9.931575116e-12 9.962933609e-12 1.005648247e-11 9.741171905e-12 1.045221688e-11 9.805046624e-12 1.002542692e-11 1.021052506e-11 1.071759798e-11 1.027146598e-11 1.017988907e-11 1.024102916e-11 1.01183961e-11 1.042230729e-11 9.382082144e-12 1.074671055e-11 9.38206199e-12 9.415275908e-12 9.900082505e-12 9.709066361e-12 1.002541931e-11 9.514216829e-12 9.931582608e-12 1.048202764e-11 1.039230917e-11 1.011838332e-11 1.057098993e-11 8.655253645e-12 9.805052274e-12 1.014917023e-11 1.030181866e-11 1.008748321e-11 9.315298779e-12 9.448380391e-12 8.869013008e-12 9.448378025e-12 9.248034392e-12 9.546979006e-12 1.030182141e-11 9.741169564e-12 8.619126895e-12 9.481361829e-12 1.002540077e-11 9.214239653e-12 9.962940179e-12 9.382074102e-12 9.514230749e-12 9.448380586e-12 9.448372445e-12 9.281732978e-12 9.043272893e-12 9.214235736e-12 8.057605848e-12 9.281738579e-12 8.833730083e-12 9.644561436e-12 9.741169904e-12 9.382075724e-12 8.473019225e-12 
# Events [px3/pxAfterSecondFoil.dat] N:
124 141 147 135 139 143 142 132 151 127 147 138 140 155 118 135 128 142 153 143 145 142 134 145 161 145 133 163 156 157 159 135 144 165 140 151 160 150 167 169 172 134 142 163 189 153 144 149 163 199 151 167 142 167 188 173 169 190 145 164 148 165 212 188 183 164 200 169 182 174 171 180 176 175 173 146 179 182 175 187 170 177 159 165 169 181 185 188 190 204 181 152 190 184 201 183 178 195 172 198 192 159 193 205 203 189 174 198 194 187 202 205 187 185 195 208 190 180 207 179 237 185 199 191 222 183 215 189 203 179 199 208 199 217 221 206 215 204 188 195 201 198 214 209 209 208 188 183 216 209 201 199 189 209 214 192 227 192 196 199 211 234 216 203 193 216 197 216 231 225 213 223 204 225 212 200 203 241 194 195 212 220 216 189 205 243 196 232 204 202 216 215 212 212 225 227 219 197 195 216 244 227 239 229 216 219 214 194 211 223 212 230 213 236 202 200 220 212 231 227 233 233 228 217 218 236 230 214 224 191 222 213 242 216 228 220 202 199 231 220 207 236 240 215 207 242 219 211 192 205 214 191 203 190 209 211 252 221 238 215 239 238 213 230 247 237 217 228 238 204 209 200 213 226 239 228 232 227 236 218 195 238 224 218 223 228 207 226 202 228 223 198 206 213 204 241 225 230 219 222 225 217 225 189 243 216 230 229 201 184 222 210 231 225 230 222 230 214 202 234 191 183 195 215 221 240 216 204 231 227 219 214 225 184 218 225 219 210 192 211 218 222 220 192 201 212 194 229 219 207 207 218 196 205 231 247 191 202 191 209 191 227 209 209 210 200 185 215 201 183 206 205 190 185 185 185 179 202 180 194 182 207 188 194 211 233 194 205 215 200 197 178 180 179 189 201 187 183 169 186 175 184 173 172 180 176 176 198 164 177 172 174 192 196 202 189 158 189 187 184 165 169 177 185 157 169 168 168 161 169 185 153 161 174 161 184 155 168 175 152 159 169 161 168 182 152 172 152 169 180 166 165 149 175 162 152 174 152 163 132 149 175 149 151 163 169 163 146 168 152 142 128 164 156 143 147 141 137 160 153 136 163 137 134 123 137 126 149 131 140 145 135 142 140 146 157 145 118 140 121 136 
52 67 54 61 72 57 74 61 62 53 56 47 61 58 96 75 53 74 51 62 70 73 74 63 74 67 53 54 64 62 58 59 68 60 56 61 64 82 69 72 76 67 74 70 71 70 71 75 71 67 56 92 61 72 76 75 65 72 83 64 64 60 73 74 60 67 70 69 72 64 63 73 56 74 76 64 64 80 71 80 75 67 72 73 101 93 82 71 75 81 65 80 85 72 92 88 85 75 80 68 83 81 71 84 69 63 102 81 71 87 89 80 98 82 87 83 94 90 83 77 76 98 81 101 87 86 96 96 67 80 94 82 83 88 81 70 96 81 95 89 92 65 79 84 74 90 82 90 88 87 74 95 86 91 76 84 96 75 80 89 92 99 100 100 91 96 88 79 83 97 90 91 87 94 92 87 80 92 94 86 92 114 96 95 92 108 103 76 93 92 97 103 99 85 88 100 96 83 89 85 82 88 100 103 97 96 82 104 90 100 81 106 93 94 83 107 95 98 106 87 84 91 115 97 96 93 106 104 86 99 94 69 87 78 108 77 100 91 106 100 93 89 92 96 90 91 122 97 89 85 82 82 98 91 102 103 75 103 90 97 99 80 98 94 100 103 86 76 89 106 109 87 94 91 103 87 88 85 107 88 90 88 83 113 98 90 102 94 85 84 93 108 107 110 88 93 98 84 94 91 91 92 90 104 97 81 80 100 80 96 91 91 97 104 102 94 91 101 80 59 87 84 98 96 88 73 92 88 98 94 100 96 98 67 102 106 85 89 82 103 88 74 87 89 96 99 70 85 86 90 81 96 74 85 81 83 89 83 88 84 82 86 87 74 80 102 77 79 78 73 100 72 91 98 85 80 82 75 94 80 99 84 88 85 79 70 86 78 79 84 89 71 73 73 80 74 84 66 65 81 73 63 68 105 68 84 79 66 88 67 75 78 83 87 72 68 81 65 81 93 86 74 70 68 56 87 77 71 67 70 73 56 68 72 61 68 75 64 65 72 83 71 74 67 55 74 80 70 74 84 70 55 84 49 62 55 68 83 73 56 58 83 69 68 57 62 71 63 62 68 87 56 46 62 45 70 60 58 55 57 70 70 70 56 66 63 55 63 60 65 69 60 68 71 63 45 55 53 48 53 67 
49 48 40 44 44 52 58 52 44 52 53 58 42 46 49 40 56 44 47 56 58 48 49 47 41 67 53 47 45 54 55 59 48 45 47 57 39 40 46 55 53 54 50 55 40 48 58 55 62 55 63 52 68 45 42 60 54 56 52 42 57 56 62 55 45 53 46 61 50 57 50 64 62 56 73 48 59 55 67 69 52 55 61 68 65 58 41 65 62 54 62 61 59 52 60 49 68 60 62 64 64 63 64 58 69 67 78 58 64 70 73 68 67 85 66 76 65 64 61 53 55 65 74 63 63 65 64 76 58 65 89 57 71 62 79 93 63 66 55 66 66 60 68 65 79 61 71 63 49 74 73 86 55 72 52 66 87 77 64 78 70 70 80 66 76 65 59 63 74 77 55 80 78 80 61 83 78 78 64 72 79 71 67 82 70 76 66 67 74 80 72 75 70 73 65 67 79 80 52 82 80 67 72 73 73 83 79 78 85 59 68 75 70 80 61 82 76 73 81 60 82 68 74 85 63 87 81 74 69 75 73 80 77 70 70 58 64 95 64 89 69 69 62 90 70 82 73 77 70 94 84 61 75 62 76 69 75 56 66 54 72 62 65 63 91 82 79 68 81 76 85 61 73 73 88 79 81 65 81 87 84 72 101 62 73 58 74 77 64 86 71 87 60 70 90 72 73 68 77 72 74 81 63 69 66 87 65 70 67 69 81 76 82 67 70 74 81 62 61 76 71 63 62 83 70 69 73 67 80 69 71 75 79 66 52 66 65 69 54 79 69 71 75 80 63 71 61 66 60 67 68 77 75 69 51 83 81 78 51 66 64 61 87 64 61 49 61 65 68 65 83 72 74 56 61 59 82 66 60 50 69 65 67 70 58 65 49 56 64 58 67 63 61 68 73 61 70 63 59 57 62 65 48 53 54 70 67 73 71 71 73 44 61 76 76 51 62 62 59 64 71 59 61 70 58 55 60 69 57 68 47 58 63 55 58 64 56 53 57 54 58 41 53 52 51 50 56 47 60 56 55 55 42 59 74 52 58 56 49 49 49 53 47 48 50 57 57 44 52 47 44 56 50 54 50 51 60 48 46 59 38 50 62 58 66 36 51 48 42 53 53 40 39 55 57 45 33 44 41 51 47 
39 48 42 34 36 38 34 44 51 58 44 51 39 35 40 32 34 39 42 56 40 31 42 34 44 60 44 46 42 41 53 39 53 55 55 39 44 46 60 59 40 38 49 45 42 45 36 50 40 41 48 44 53 51 48 68 56 47 47 41 50 47 47 54 58 53 52 47 45 47 62 55 53 58 59 38 44 66 51 54 61 45 46 54 54 46 60 40 56 50 47 56 60 42 58 59 50 53 64 72 59 58 58 46 44 48 61 60 63 36 56 59 58 47 59 52 55 55 48 46 72 63 64 69 54 60 55 72 52 56 61 58 50 58 61 58 65 59 60 51 60 61 65 52 54 55 59 69 56 64 56 53 59 66 76 50 67 47 66 72 69 52 71 58 78 64 80 53 73 55 54 72 67 76 65 70 66 64 51 62 63 71 79 68 71 74 55 65 63 58 77 62 69 70 72 59 70 61 55 69 67 60 63 78 77 51 58 68 72 43 56 75 61 56 53 67 59 69 46 58 71 57 57 53 81 71 52 61 66 68 64 61 53 73 54 68 63 59 64 71 67 62 63 59 60 75 56 78 59 54 62 70 64 66 65 53 61 61 59 71 61 67 66 68 65 43 76 66 74 69 44 72 55 62 53 68 50 73 58 50 61 71 58 62 71 67 59 70 50 65 70 63 56 58 67 65 58 68 60 65 65 57 71 65 53 57 58 64 67 57 62 55 58 52 68 52 84 66 54 69 67 60 67 65 66 60 65 55 72 49 78 79 58 71 59 53 61 53 63 64 68 50 62 67 62 65 59 61 70 63 59 60 61 51 55 56 63 73 58 72 61 56 54 76 81 58 51 57 49 52 56 60 71 62 61 61 77 52 62 47 54 52 62 51 59 70 57 43 60 53 61 66 47 62 61 52 62 64 49 59 49 48 45 49 56 44 51 55 65 45 45 65 53 55 51 47 53 43 62 47 42 42 55 58 43 37 59 60 45 53 63 41 47 56 38 33 52 31 49 54 51 55 47 42 46 45 48 38 59 45 46 43 55 37 48 38 48 43 58 44 55 48 53 38 39 46 57 37 49 40 32 35 62 53 47 61 48 42 42 38 36 28 45 41 43 40 40 55 39 44 28 51 40 52 36 27 48 45 29 43 26 
41 27 39 28 32 35 38 39 18 45 32 34 37 37 34 47 44 38 31 48 43 30 43 44 48 40 45 49 44 45 26 52 34 40 42 41 49 51 46 36 42 42 43 30 42 50 30 53 46 44 42 53 37 36 44 46 52 39 45 36 52 42 43 51 42 42 40 43 48 36 40 56 45 26 47 38 50 39 51 54 40 46 45 58 50 48 57 37 48 41 41 55 40 49 49 49 50 37 45 61 46 43 43 51 53 46 51 47 65 57 55 54 43 45 52 52 44 50 42 59 52 42 29 55 61 47 53 49 57 44 39 49 46 45 49 66 55 57 52 60 43 57 55 62 50 60 50 52 50 55 58 43 51 59 53 53 60 50 72 42 39 63 64 65 55 56 42 58 53 63 60 60 47 60 54 57 68 58 53 47 57 51 39 59 59 50 56 53 57 59 69 60 42 66 66 62 56 59 61 49 60 49 52 62 52 60 62 57 63 65 51 62 69 65 72 59 68 66 64 50 58 53 59 70 68 65 56 38 67 66 52 64 58 57 61 51 69 66 61 57 63 60 65 59 55 57 62 66 58 68 52 62 53 56 58 51 59 57 61 59 61 57 67 52 53 69 58 67 58 56 55 56 52 52 57 57 71 52 68 43 64 68 57 53 65 57 53 71 45 52 74 59 61 68 59 61 54 57 69 48 49 64 48 64 45 62 49 51 51 49 48 46 54 63 70 55 53 58 59 58 64 59 60 54 52 65 61 62 65 49 59 55 44 58 60 36 49 53 51 64 47 49 48 56 55 59 71 54 59 51 59 46 52 57 44 53 57 55 54 45 47 67 40 59 58 56 56 64 47 57 41 49 52 58 45 49 52 61 47 46 47 64 37 48 51 54 57 56 43 46 48 51 44 58 52 48 56 51 45 45 47 42 37 46 52 46 52 50 45 57 43 46 55 49 43 50 37 51 44 42 52 44 45 56 63 48 47 38 43 35 56 50 48 51 45 42 44 48 37 54 52 33 32 40 49 42 53 42 44 45 41 39 42 44 45 41 37 37 50 38 40 39 36 45 40 47 47 41 37 33 40 36 37 38 50 54 40 46 42 41 43 37 45 47 42 27 38 41 38 29 36 32 36 36 31 37 40 30 52 30 52 
23 38 35 39 29 37 43 40 40 26 44 29 35 32 28 27 46 33 31 30 40 31 35 29 36 42 42 41 37 48 43 34 29 48 41 39 50 33 43 33 37 40 35 34 33 37 42 42 47 47 44 31 41 34 36 35 38 44 35 37 32 45 40 44 39 44 48 44 41 30 35 33 29 40 38 38 38 33 41 30 37 41 31 57 55 48 49 45 33 36 42 43 44 52 46 30 47 40 38 56 43 44 61 39 45 60 41 51 60 40 48 46 45 56 62 46 51 42 55 54 50 48 58 47 49 43 46 49 47 45 37 45 60 49 46 52 34 45 45 41 58 58 57 33 50 60 53 50 38 47 49 50 44 48 47 66 58 55 56 43 47 51 67 58 45 49 42 55 47 60 46 46 46 44 44 45 52 41 42 40 48 52 55 45 60 56 50 53 52 39 54 45 53 54 60 55 55 60 42 58 55 52 55 51 59 50 70 58 49 68 42 53 45 31 50 64 52 57 64 57 56 48 34 56 45 47 57 53 57 48 45 53 40 53 51 52 46 51 67 66 66 53 54 62 47 57 60 47 62 56 50 68 53 61 60 47 47 52 50 54 56 59 60 53 54 59 64 42 55 58 60 55 52 50 65 72 58 54 57 54 76 38 53 43 59 62 59 55 57 46 50 50 58 53 58 52 50 50 48 62 60 56 61 54 55 65 48 53 51 55 43 59 77 48 54 56 68 58 54 61 46 48 48 51 58 46 65 49 51 44 58 51 49 50 40 57 60 44 44 60 61 64 41 41 47 57 49 56 54 66 61 44 56 64 50 60 54 53 33 54 44 46 44 60 43 59 59 46 56 45 39 44 54 56 40 63 42 45 48 37 54 52 57 52 41 35 53 43 43 35 53 44 40 37 40 48 40 49 40 40 46 60 54 45 57 42 36 48 33 41 46 49 50 52 33 42 45 43 32 39 44 44 46 52 43 49 43 44 37 37 44 34 39 50 47 33 31 40 44 40 42 38 38 42 36 41 44 43 41 49 32 41 36 44 44 43 47 35 43 34 36 37 35 28 25 37 53 45 40 44 35 32 33 37 43 41 54 37 47 24 26 42 28 32 43 39 38 35 26 37 30 32 41 32 41 37 35 41 38 33 35 
33 21 29 43 34 35 30 46 35 32 37 36 25 31 34 35 31 23 45 28 49 35 40 31 37 34 44 23 35 41 34 33 46 43 35 38 42 44 40 44 37 30 38 37 34 37 47 40 32 31 45 47 39 33 34 35 36 34 31 34 42 36 38 30 40 56 45 39 27 32 49 40 41 39 50 47 34 42 44 37 41 43 38 35 45 35 49 49 51 41 42 48 34 32 50 35 39 43 51 50 40 32 37 42 57 58 41 30 39 32 45 50 48 40 39 53 46 50 39 46 54 43 43 36 40 43 40 46 42 31 35 49 53 41 42 44 45 47 54 56 49 45 52 56 47 45 40 44 35 45 48 60 43 41 41 67 55 45 38 48 48 48 52 49 44 55 50 64 51 48 36 40 50 62 46 47 48 60 58 61 46 62 48 47 48 52 49 54 50 42 50 52 43 47 51 48 38 42 55 47 51 52 53 46 48 46 46 36 53 53 55 53 46 66 51 55 54 49 37 55 51 58 71 62 64 56 49 43 59 47 46 57 59 61 54 49 50 42 63 57 46 49 51 46 48 55 62 66 70 56 52 51 49 57 42 52 55 54 50 50 43 52 48 47 46 50 56 54 48 61 56 49 57 55 58 45 48 55 51 42 43 43 62 59 55 41 61 41 58 55 61 49 74 50 57 51 48 35 49 57 44 58 64 61 51 51 55 53 55 64 50 41 48 52 55 57 46 41 38 49 59 41 57 60 43 39 57 38 32 56 49 58 50 44 41 63 51 48 41 42 34 53 48 54 65 53 49 32 53 42 49 50 50 53 47 39 54 48 48 57 48 41 44 44 46 32 43 36 48 51 48 38 36 41 42 53 53 41 55 41 55 38 45 47 35 41 44 42 46 56 46 41 42 55 51 46 44 50 51 45 42 54 48 41 36 50 50 42 41 38 33 45 55 41 44 30 55 47 34 47 46 42 58 45 42 40 37 51 44 36 33 49 44 33 46 32 45 35 51 48 35 29 26 42 36 34 28 42 48 53 39 43 45 33 26 38 38 33 37 36 29 42 39 38 50 37 28 37 19 36 36 35 33 34 27 37 32 33 30 25 33 41 28 37 33 36 27 34 38 28 31 31 36 25 34 29 28 23 29 34 34 
36 23 35 23 37 27 26 36 35 30 37 35 31 26 28 26 43 37 29 41 38 32 28 32 40 38 37 32 41 29 34 37 34 42 24 26 41 34 41 31 30 33 36 26 48 37 20 33 37 20 34 18 43 29 35 49 20 32 40 34 30 40 41 45 40 40 42 48 35 36 45 41 43 41 36 44 46 40 40 42 36 44 47 37 36 37 43 44 27 26 47 44 40 36 46 29 36 38 39 47 35 50 49 49 42 44 52 46 47 39 47 35 31 54 40 43 50 38 46 50 52 49 41 45 45 51 46 55 40 43 61 40 43 46 38 51 44 53 43 42 59 52 42 61 44 53 53 45 42 54 41 40 57 33 57 46 52 55 53 57 55 47 50 47 45 41 45 39 49 41 42 65 49 38 53 46 55 43 51 40 52 65 53 51 49 52 50 53 48 46 43 54 58 49 61 51 51 37 42 43 59 46 53 51 52 41 47 51 55 51 51 49 45 44 49 48 46 51 49 48 43 48 50 49 54 43 59 50 53 58 44 44 65 36 51 50 54 60 49 57 49 53 54 54 45 56 47 46 54 49 49 56 40 58 37 49 54 36 42 49 47 62 58 43 43 49 43 38 46 53 43 50 43 53 64 38 44 51 47 66 71 51 48 52 46 40 61 53 61 55 47 54 52 51 49 72 50 52 44 49 57 43 49 56 39 53 50 55 41 43 44 41 35 44 53 51 46 38 44 44 49 54 47 50 33 46 46 43 40 54 42 49 65 54 44 40 52 48 47 45 58 45 57 45 56 51 41 36 56 42 49 46 46 51 47 39 44 49 53 46 52 47 53 32 55 52 50 55 48 60 37 45 52 48 48 37 48 41 52 50 54 46 35 48 47 49 45 40 41 44 40 39 54 33 46 41 44 48 40 37 46 51 43 41 35 34 48 44 37 45 47 35 37 41 41 36 40 45 39 38 35 38 30 31 48 43 39 44 47 36 35 39 34 44 40 40 38 29 39 45 27 30 47 39 40 40 30 31 37 39 42 38 34 30 31 41 26 21 48 44 40 31 43 29 34 45 38 55 42 31 30 40 27 30 32 40 37 31 23 24 31 37 34 33 31 31 33 36 30 43 31 36 36 25 34 31 36 25 35 36 25 
30 26 24 40 34 27 45 25 27 28 28 20 28 28 36 25 31 32 36 35 30 38 32 34 21 30 31 37 26 26 40 34 39 17 40 37 36 26 44 30 47 34 41 39 39 40 32 40 35 34 41 43 35 30 33 42 46 43 44 41 45 35 45 38 37 42 28 44 39 29 40 35 38 36 41 42 26 44 35 50 35 40 47 37 54 45 47 41 47 36 34 35 48 34 52 31 48 31 45 47 37 39 41 38 39 48 43 37 37 34 31 39 36 55 49 38 51 51 49 36 35 48 37 48 38 40 40 42 45 38 44 48 39 41 51 37 45 39 42 52 38 41 37 34 39 49 45 44 50 52 43 41 45 40 41 55 44 50 41 57 40 39 36 48 45 50 49 46 58 46 47 45 48 48 62 60 42 49 56 48 54 48 45 47 43 54 55 58 53 72 51 41 66 56 41 63 46 43 48 47 51 58 61 54 43 56 47 40 48 48 49 50 46 59 54 51 45 61 48 41 51 44 52 49 44 57 53 52 45 40 39 47 50 38 38 56 36 48 60 42 46 51 48 61 47 54 47 55 53 42 49 46 59 47 50 47 50 60 58 50 47 61 47 48 41 52 42 45 60 56 38 41 49 55 66 37 39 35 45 54 48 51 51 60 40 50 58 58 49 52 36 52 42 50 48 36 49 50 36 53 51 46 44 44 41 43 51 44 48 56 44 39 45 40 51 50 48 46 53 50 46 41 61 53 44 44 48 26 62 41 47 68 36 55 40 56 54 47 48 47 40 49 45 41 45 35 52 42 53 48 44 44 39 47 38 41 43 36 39 54 48 43 32 40 46 49 39 50 57 39 42 36 29 43 35 40 51 45 37 36 24 31 38 47 42 46 43 40 42 41 44 38 40 43 52 52 32 31 47 49 43 32 36 49 39 44 32 44 55 39 39 44 49 38 52 49 39 36 30 43 45 35 33 34 42 38 36 35 43 38 47 47 34 39 34 38 48 28 29 40 42 42 36 42 27 37 33 34 31 49 32 42 36 36 31 29 38 40 34 28 37 34 40 42 31 38 32 34 27 31 40 25 40 28 35 34 31 34 42 25 35 25 28 37 34 39 36 23 37 38 41 24 35 20 34 16 27 31 22 27 20 
24 32 24 32 37 35 27 24 21 29 28 28 26 41 28 34 37 23 28 35 36 37 31 36 47 32 33 36 32 37 34 33 42 30 32 30 31 32 35 42 33 28 35 43 27 53 44 38 29 49 27 37 31 34 47 36 33 37 51 34 47 43 37 44 31 36 40 44 27 44 36 32 45 35 34 42 53 44 30 32 43 39 30 35 37 30 40 46 33 33 31 28 38 29 39 37 54 44 40 36 39 45 49 45 48 37 46 48 37 41 41 45 42 40 47 47 31 38 42 42 34 49 39 48 43 43 30 34 51 48 46 41 38 38 39 44 40 37 40 44 39 53 48 47 47 47 30 39 45 45 35 35 34 40 51 44 35 30 39 45 51 45 46 58 46 48 46 46 55 48 43 48 43 43 42 39 42 44 47 44 35 56 58 42 37 39 48 52 65 66 34 45 43 40 38 52 55 55 55 53 45 55 47 57 52 50 55 40 43 51 50 37 50 47 52 51 49 48 54 51 49 53 55 44 52 42 51 46 48 41 40 74 44 39 48 40 38 51 46 54 49 52 42 51 50 58 43 59 43 47 42 50 39 42 45 44 47 45 35 38 48 51 41 44 61 41 45 42 39 41 49 48 42 53 42 45 63 63 45 62 55 49 49 52 53 59 42 44 42 47 48 51 47 53 48 54 56 41 52 52 56 56 54 51 38 57 33 49 40 43 30 45 49 40 39 49 58 49 36 44 44 52 50 37 46 49 60 38 61 47 49 46 41 45 46 48 42 40 45 49 37 48 47 47 48 41 40 40 51 52 43 38 56 49 49 46 50 39 41 45 45 39 48 41 38 46 49 44 52 43 51 44 46 35 30 44 48 42 33 55 49 44 36 41 29 36 49 45 41 37 41 46 32 42 31 36 43 32 45 31 33 46 40 42 35 35 36 39 39 43 35 49 38 43 32 41 51 38 45 41 31 37 41 38 48 31 38 47 35 44 42 36 34 37 49 51 34 34 38 24 28 42 44 35 33 39 30 33 34 35 31 38 38 32 41 46 28 32 34 39 32 27 32 22 34 34 30 30 35 37 35 31 34 32 32 29 43 35 27 30 35 37 35 33 35 38 32 38 30 31 25 39 22 30 26 19 27 29 31 13 24 
21 37 34 28 37 34 25 30 24 25 22 30 32 30 27 26 34 33 34 30 33 33 30 35 38 27 37 28 26 29 22 28 34 31 46 26 40 28 39 31 38 27 51 38 41 29 38 27 28 42 35 28 42 45 37 41 30 32 44 40 44 51 32 34 44 45 48 34 33 32 41 34 29 33 38 30 49 30 38 44 41 34 37 47 25 40 44 31 38 37 45 42 45 44 36 31 37 38 33 39 47 42 39 47 33 44 37 37 44 36 40 47 48 44 44 40 34 33 35 39 31 42 50 49 35 41 59 44 42 56 51 38 42 44 39 48 41 56 51 36 29 42 33 27 44 49 48 44 49 43 39 46 43 47 41 47 38 46 35 55 48 43 62 41 43 44 47 46 36 46 49 53 36 36 49 41 37 35 56 50 39 46 35 43 48 50 42 46 57 32 52 47 45 53 52 57 42 58 46 44 53 41 49 55 57 51 46 43 46 40 37 44 57 53 57 39 44 53 49 52 48 42 46 46 45 55 42 55 52 43 42 49 38 42 39 45 58 58 51 59 46 37 43 57 57 62 43 52 49 36 34 52 56 48 54 57 50 40 52 43 49 71 48 58 56 36 55 58 51 50 60 53 39 39 44 40 53 39 38 40 50 55 50 39 38 49 58 35 41 44 53 49 43 48 41 49 43 62 45 54 46 34 43 50 62 42 55 49 59 47 48 48 57 44 45 42 40 52 39 54 47 44 46 58 52 45 51 46 63 49 39 55 43 49 46 40 46 47 36 56 46 32 48 44 46 40 44 38 53 36 47 50 40 38 39 38 44 48 45 33 33 37 34 44 34 42 33 31 43 43 39 35 46 35 34 30 43 45 37 40 38 41 42 38 38 48 39 54 31 41 54 32 53 37 42 47 50 35 38 39 42 67 45 38 36 26 40 47 42 31 53 45 38 40 39 43 42 34 39 42 39 42 36 34 45 35 41 23 40 39 36 36 41 34 39 37 38 30 40 38 26 31 33 36 38 42 30 30 36 34 36 32 38 31 25 37 32 41 40 27 34 28 34 32 34 29 36 35 37 32 28 33 29 34 34 34 29 29 26 40 32 37 33 25 26 38 31 31 33 18 31 31 24 19 26 19 25 22 25 30 25 
34 33 45 25 33 34 43 30 34 26 39 28 25 31 27 33 40 26 31 25 21 23 41 35 31 36 37 32 41 34 27 21 30 31 38 30 32 44 37 21 35 35 30 29 44 35 35 34 33 31 37 31 38 25 36 26 37 37 42 40 39 45 44 36 50 31 46 36 44 40 36 31 28 40 35 35 39 39 44 38 42 44 28 49 37 45 34 52 24 45 38 47 43 38 38 40 40 36 37 41 46 44 52 41 43 40 40 39 27 37 46 47 35 44 46 47 48 49 58 33 38 34 49 40 36 50 53 50 41 36 37 50 39 52 49 44 50 41 34 30 49 45 58 54 39 35 45 33 44 37 52 50 44 34 48 56 39 49 47 47 54 53 42 39 46 56 52 47 43 43 51 36 51 45 50 51 45 56 62 42 45 38 35 48 45 48 60 41 50 44 46 52 40 44 37 40 49 39 44 50 56 44 46 42 58 55 47 45 60 47 40 45 49 39 52 56 48 58 34 47 47 55 49 41 42 39 42 40 45 52 44 39 55 53 48 53 44 66 58 41 45 54 38 42 39 55 53 48 44 44 60 46 51 54 44 39 49 58 47 57 41 53 51 49 44 49 59 51 47 44 43 49 65 48 39 49 57 52 50 43 44 57 67 37 47 50 41 44 57 38 53 51 47 41 35 49 53 44 44 49 40 52 58 47 54 33 48 44 35 47 51 47 59 42 41 51 50 51 47 48 47 52 46 45 34 47 56 42 57 45 47 40 42 44 43 56 40 44 39 44 36 45 42 49 48 59 37 48 47 54 46 42 44 47 43 41 49 62 45 41 53 47 48 43 48 42 39 50 58 39 53 50 51 39 56 47 33 44 46 56 34 49 52 61 41 44 43 37 44 34 48 37 41 40 36 47 31 38 44 37 42 47 34 33 48 43 38 58 39 41 44 33 35 30 34 30 37 31 49 40 40 43 39 43 39 48 28 33 36 35 38 28 43 49 35 33 35 39 32 29 33 54 46 32 32 36 43 34 47 48 42 34 30 38 34 27 35 39 31 36 28 28 26 42 43 44 33 35 36 29 27 36 34 23 30 35 30 29 35 31 39 34 31 26 31 33 30 33 31 32 28 26 36 31 27 29 30 34 32 26 25 
18 39 30 28 31 26 27 18 27 32 27 30 33 32 34 34 25 38 35 29 35 30 35 38 26 23 44 31 22 42 28 38 34 37 26 29 26 28 26 23 28 30 38 26 41 32 28 35 43 35 35 35 33 41 38 40 44 35 36 28 34 51 44 41 31 46 48 41 46 42 31 53 45 40 36 55 44 37 33 50 37 37 49 42 45 34 46 24 47 36 34 29 42 38 36 37 36 38 35 36 31 42 39 40 41 48 46 38 53 41 28 41 38 43 42 49 47 43 40 44 54 33 37 35 33 44 43 36 42 34 38 42 48 46 43 39 48 41 40 45 53 53 50 40 32 45 44 36 48 48 43 52 46 46 54 45 35 50 47 51 45 46 57 51 41 53 50 41 49 51 37 50 63 50 52 38 52 45 40 53 55 47 42 39 42 32 50 52 47 45 50 44 55 39 37 49 51 50 43 49 57 49 49 52 35 49 49 49 55 44 38 39 49 52 45 65 64 56 45 46 42 54 44 51 46 39 57 46 49 53 61 39 51 34 52 52 44 54 54 41 48 39 45 37 45 45 52 45 52 41 46 51 45 52 57 48 42 56 53 44 39 48 51 50 41 50 49 40 47 42 40 42 59 56 45 53 52 52 56 54 48 64 39 48 43 51 44 40 41 70 42 51 48 49 40 37 52 36 43 42 43 47 47 51 45 40 39 48 56 53 45 38 42 47 52 53 44 56 41 51 49 37 49 68 48 38 49 48 46 34 42 45 54 44 48 45 45 51 45 40 45 48 42 51 46 63 39 50 44 44 37 55 50 38 38 30 42 34 46 43 40 43 44 45 42 46 34 43 47 36 51 32 43 37 44 56 38 39 50 41 35 32 44 38 44 39 40 40 56 42 44 48 42 33 35 41 36 38 44 46 45 56 32 37 40 42 41 49 34 48 40 42 44 34 26 31 42 41 40 32 32 33 43 39 46 38 48 36 35 47 33 39 41 24 40 34 41 41 34 45 38 41 36 45 41 28 34 29 31 35 31 28 29 35 38 21 35 40 40 42 46 30 34 46 28 37 37 39 36 42 28 35 29 34 28 35 29 30 30 21 34 33 43 27 34 27 30 38 29 28 24 30 30 30 33 24 25 29 27 36 24 
23 34 28 32 37 31 27 35 39 36 36 36 34 30 28 30 42 25 46 28 46 33 37 37 34 30 28 41 31 32 31 32 40 29 47 38 46 27 39 44 33 45 37 35 36 39 28 37 44 35 44 32 31 41 33 51 47 36 42 37 57 40 38 37 35 34 53 30 39 44 37 45 45 32 34 42 39 39 30 45 49 39 43 23 51 58 43 37 36 38 44 51 43 44 48 38 37 34 44 39 41 35 48 43 48 49 42 47 41 38 51 45 39 51 45 47 51 43 50 34 55 43 48 44 53 37 43 57 42 38 36 44 40 51 49 32 40 44 49 46 55 27 40 57 51 43 43 52 43 48 39 42 54 56 42 47 49 52 56 51 42 33 61 44 42 40 57 48 58 47 46 39 46 48 40 40 42 44 43 55 43 42 44 51 50 52 42 52 58 57 51 61 46 49 61 46 43 53 34 44 58 54 47 53 47 48 47 48 46 43 52 52 50 69 40 49 41 52 51 60 52 49 42 45 56 46 41 49 42 47 39 50 46 54 45 54 61 52 59 49 59 55 51 41 41 56 49 55 46 50 42 37 53 44 43 54 57 57 52 36 48 51 50 53 52 48 42 58 45 51 56 66 47 62 44 48 40 49 56 64 44 44 48 67 62 45 52 48 56 55 50 50 49 49 53 39 50 56 44 49 61 54 52 66 45 58 49 43 40 47 43 55 51 50 43 55 47 41 59 47 57 44 51 47 50 52 54 58 53 47 52 48 64 50 52 53 48 40 54 42 48 42 50 48 51 39 41 44 47 47 38 57 36 56 46 37 57 45 37 51 56 43 43 42 47 33 51 38 37 47 39 45 39 42 57 38 44 41 58 45 44 40 43 37 50 43 59 42 46 31 36 47 39 37 39 41 43 34 55 39 41 48 40 37 37 54 36 45 34 45 40 35 30 54 35 38 42 44 40 44 44 32 38 37 46 32 32 53 35 47 33 38 41 35 45 40 41 28 42 38 41 35 31 32 38 39 35 35 60 30 43 41 49 32 32 28 47 39 39 43 47 36 38 40 34 34 34 40 46 36 35 44 37 21 30 41 31 33 37 36 42 41 27 33 24 33 25 37 33 34 20 25 41 32 34 26 23 33 31 37 35 
46 39 37 37 32 28 41 32 36 33 37 35 30 39 30 26 24 29 29 23 35 38 34 31 42 39 40 43 31 33 31 35 35 46 27 35 35 38 36 37 38 28 30 32 33 36 36 36 34 42 42 51 30 49 37 31 33 42 44 54 37 28 42 31 42 54 39 43 44 39 44 35 39 31 44 48 41 46 44 59 65 41 45 31 49 36 40 42 31 44 42 53 46 50 50 53 40 41 41 51 42 41 47 49 46 47 45 51 43 42 36 42 50 52 37 35 51 52 50 54 58 55 37 58 46 53 51 52 43 34 47 54 52 40 41 43 42 43 38 51 48 46 41 52 39 59 53 48 43 43 45 51 53 54 56 44 52 48 61 52 57 46 40 41 54 29 37 57 49 58 50 46 51 45 35 37 45 43 65 52 53 46 47 47 42 46 44 48 52 49 32 61 58 53 59 56 55 44 54 42 42 54 43 61 44 46 61 62 42 59 53 43 49 49 39 52 59 43 64 53 61 50 63 59 57 60 57 56 50 52 55 46 48 54 60 45 56 56 60 53 58 57 44 57 41 50 47 62 46 52 46 48 56 61 44 46 61 51 47 51 58 63 64 64 54 55 46 56 51 45 56 51 43 48 39 52 47 54 61 43 58 46 59 58 54 51 52 49 58 50 62 56 83 59 47 49 54 43 52 42 46 60 52 52 66 58 62 45 54 56 53 50 44 55 58 46 61 50 63 48 47 41 59 46 43 47 47 46 47 54 50 57 49 50 47 47 40 55 45 50 35 55 45 60 44 45 58 50 42 56 53 47 48 51 53 50 54 42 52 53 50 50 51 43 62 46 56 56 42 47 48 41 55 51 38 48 48 39 33 44 40 40 55 52 48 46 50 46 35 54 49 39 40 44 55 53 43 46 48 36 50 39 43 36 44 44 40 49 48 34 36 47 52 39 44 50 54 40 46 36 32 41 33 41 56 40 46 35 35 40 50 32 45 45 44 42 35 35 30 44 27 29 47 50 31 48 47 37 32 47 38 41 28 37 28 46 35 31 40 39 35 36 31 40 49 32 31 34 32 31 32 42 48 29 42 36 32 34 33 31 35 36 30 27 34 26 39 43 34 38 38 26 30 33 33 43 32 29 34 34 39 
38 29 40 32 39 39 42 48 36 33 41 35 45 23 30 31 31 36 41 31 27 24 42 28 32 37 41 34 37 33 44 37 47 40 26 44 54 38 46 40 49 40 34 26 36 34 33 47 31 37 57 33 45 45 50 41 40 38 41 33 44 40 49 34 45 39 30 36 49 43 30 42 51 37 57 43 31 43 48 45 50 30 29 50 59 53 39 39 40 56 49 39 50 53 41 44 57 38 50 40 47 48 53 45 48 42 41 37 48 48 44 41 42 52 51 54 35 60 45 55 51 49 41 44 45 48 31 50 60 53 47 62 55 58 46 52 47 39 38 40 42 44 68 46 48 61 49 64 64 65 50 52 59 51 54 57 58 51 48 52 48 60 44 46 47 43 50 58 61 50 63 50 53 48 51 55 51 48 43 66 45 43 48 53 57 57 41 41 56 56 47 64 57 64 40 48 51 64 50 45 59 52 48 55 65 51 54 55 64 55 51 42 52 61 57 49 45 59 42 41 54 52 45 48 49 65 64 52 66 46 63 55 45 48 44 68 40 74 61 58 48 52 53 57 62 64 60 46 53 56 57 63 55 59 52 63 63 54 58 48 56 45 59 51 66 52 48 57 52 68 56 43 48 51 56 47 52 60 63 58 50 54 45 52 56 53 59 44 51 61 64 51 56 56 55 62 56 58 61 39 52 52 73 63 45 56 44 62 59 62 51 50 64 50 53 54 54 55 53 63 40 52 57 60 42 50 45 52 43 58 43 51 54 53 51 49 57 51 47 58 63 49 46 54 52 45 56 54 59 54 46 46 57 49 50 52 42 52 53 58 62 46 48 51 49 59 48 53 40 59 47 42 48 59 42 49 47 42 42 45 54 39 37 36 28 45 40 53 48 34 47 41 53 38 53 48 53 41 40 46 54 54 46 37 42 51 40 47 47 57 42 46 33 42 47 41 47 54 49 38 41 40 36 41 40 44 33 43 43 50 46 29 46 38 28 44 36 44 41 32 46 36 35 42 39 32 39 39 41 45 38 44 43 46 41 28 32 44 29 43 30 39 39 33 41 32 34 41 36 39 44 49 42 36 51 28 39 26 46 34 34 28 24 37 34 48 31 28 39 37 29 42 39 35 33 36 37 38 30 46 42 
37 42 50 45 48 26 36 45 25 53 42 36 37 35 47 32 37 32 39 44 39 44 31 45 35 49 37 33 37 48 33 40 42 42 39 35 39 44 33 39 48 45 37 53 37 44 54 46 43 56 44 47 46 38 43 47 42 42 48 37 43 47 47 44 47 44 44 36 38 41 32 36 48 43 50 46 59 40 37 31 51 41 58 59 48 31 39 51 35 46 54 55 57 43 53 45 50 43 49 33 40 46 45 49 62 45 48 40 52 40 57 49 52 53 43 64 50 40 47 63 64 47 57 49 58 53 58 51 60 49 59 55 57 41 52 53 52 59 46 36 55 40 43 56 53 50 58 51 50 52 59 57 55 54 55 55 46 48 51 57 59 62 58 60 55 57 70 55 57 74 54 46 64 55 57 52 63 60 58 54 59 58 75 50 52 69 57 55 70 51 58 53 54 54 50 60 57 52 64 68 63 37 48 67 72 51 49 65 67 50 60 68 58 53 70 52 50 64 67 56 72 62 64 67 64 56 58 60 53 73 66 73 53 53 54 64 62 63 63 58 82 53 54 53 66 63 55 63 54 60 58 66 44 61 61 59 63 64 71 53 65 55 56 62 65 56 58 56 65 56 55 54 59 66 52 55 50 50 53 53 56 62 65 57 50 62 57 45 61 60 74 49 57 70 54 61 53 59 54 60 61 61 59 60 42 68 56 52 60 59 59 54 71 62 59 57 57 60 61 58 41 43 48 49 54 59 56 55 56 36 44 66 42 70 53 51 64 54 41 43 60 50 47 49 44 45 45 41 71 40 56 57 64 72 49 52 53 56 50 57 53 61 56 50 58 53 38 42 55 61 47 56 47 43 50 58 52 59 51 52 64 54 52 52 71 60 51 51 56 54 46 61 42 50 35 53 42 51 45 51 54 48 42 51 42 47 45 44 33 58 48 40 64 57 52 58 44 47 40 47 33 44 51 57 49 45 27 49 46 51 51 46 45 48 48 39 32 39 44 45 48 45 42 44 38 44 39 41 35 51 57 58 41 32 42 57 36 57 58 37 36 40 48 46 40 37 55 32 48 36 40 60 43 46 36 38 38 44 47 46 43 30 40 34 43 38 30 39 39 37 39 41 29 28 43 34 37 32 36 36 26 
34 35 25 34 32 41 56 33 51 44 41 42 40 41 52 47 40 40 46 44 40 31 37 50 51 45 51 48 46 42 34 54 35 37 36 49 49 42 38 51 49 41 37 29 53 45 51 41 52 45 38 44 54 50 43 56 42 44 45 46 48 49 45 48 41 35 49 60 44 45 52 48 55 46 58 44 59 52 55 68 58 50 46 59 44 44 56 67 53 49 61 51 52 49 51 49 47 49 53 55 53 57 50 54 60 47 78 53 45 57 59 65 58 49 60 54 52 62 59 61 61 62 68 43 68 53 72 69 55 52 68 63 48 54 51 57 54 53 70 60 53 74 59 53 64 66 52 64 65 82 58 76 60 57 75 57 55 67 57 76 55 53 65 54 62 64 62 66 75 51 57 70 61 56 54 48 54 65 57 64 42 63 63 58 61 55 67 60 64 61 59 63 56 61 69 57 64 60 54 58 56 54 49 63 71 60 55 51 72 68 76 50 62 76 73 87 65 55 68 73 62 70 59 59 68 58 73 64 57 64 78 72 58 75 48 65 59 51 63 58 65 81 59 65 55 70 62 60 52 54 71 77 55 53 65 77 47 79 64 75 65 81 52 79 50 66 63 58 52 67 69 61 76 62 76 74 59 66 71 65 67 66 65 80 71 48 71 70 67 73 76 60 62 65 60 59 64 57 63 64 73 52 61 66 72 72 49 68 66 59 60 73 46 74 77 72 67 66 51 50 68 82 35 62 84 55 54 52 57 79 54 64 66 61 55 56 60 66 66 67 54 65 61 53 70 75 65 65 58 56 57 58 56 67 62 67 58 62 43 61 53 61 63 53 56 48 57 63 64 61 71 59 45 74 63 68 48 58 59 55 58 57 58 52 69 55 55 62 49 49 50 65 55 58 53 77 73 52 70 61 52 58 56 60 54 63 43 52 63 53 38 53 57 46 50 57 53 47 57 56 59 42 44 51 51 49 54 56 41 35 54 44 53 38 35 39 41 36 46 48 52 49 49 60 46 60 52 63 55 43 57 45 53 46 51 56 49 39 46 57 33 49 37 54 54 50 45 44 45 47 53 40 34 48 52 43 36 39 43 53 42 42 31 45 39 44 46 47 49 34 49 43 40 40 46 45 36 25 33 43 44 
42 67 45 55 44 43 38 40 48 49 68 51 62 49 48 54 55 49 65 43 39 54 53 53 51 54 44 58 61 48 49 42 53 37 40 43 65 64 42 39 49 49 48 50 55 51 59 56 48 59 61 58 61 48 60 62 69 63 50 56 58 52 57 54 59 52 51 56 46 58 66 62 55 60 59 64 49 51 47 71 71 81 55 61 56 67 55 60 61 69 60 81 62 60 52 59 59 53 56 47 61 73 76 65 61 60 46 56 75 71 75 71 67 61 64 64 83 79 71 66 63 70 70 58 61 62 70 69 78 56 63 68 63 64 69 62 65 63 69 74 72 70 82 67 69 67 76 65 70 69 68 64 55 64 74 52 73 75 70 67 71 74 73 73 68 65 61 73 71 76 64 83 60 66 79 73 70 92 61 75 71 63 64 69 88 82 62 76 76 62 66 68 76 64 80 73 71 77 78 85 60 57 69 68 74 66 78 67 63 76 87 68 73 78 77 72 78 63 82 75 69 69 79 68 59 83 71 81 76 45 76 85 67 78 61 94 64 75 66 63 73 74 69 74 76 71 83 85 87 78 62 76 73 70 66 77 72 87 63 72 78 58 68 80 84 69 71 88 63 61 79 61 85 80 70 76 65 74 67 82 77 61 73 73 76 64 66 85 65 56 86 70 74 85 64 76 71 79 73 69 65 67 77 65 80 86 80 74 71 82 74 81 79 73 68 77 88 71 72 66 65 80 69 66 88 56 61 75 89 59 56 60 64 82 79 91 76 71 61 73 63 69 66 76 62 66 54 77 61 76 71 79 74 59 74 69 67 78 55 70 65 64 64 69 58 69 87 64 49 73 65 53 58 55 60 73 60 81 69 63 72 77 57 57 81 66 58 52 61 50 71 64 71 68 61 68 59 65 69 67 70 57 58 62 59 58 70 61 56 65 59 51 61 48 47 65 63 50 54 78 69 69 62 68 58 63 45 45 71 47 53 61 45 54 65 67 56 47 59 47 56 49 64 73 54 59 53 43 49 44 62 50 47 47 56 61 43 49 57 58 52 55 59 46 46 48 51 52 62 57 54 57 53 46 43 51 50 53 63 53 45 44 52 52 42 52 55 44 60 53 54 51 33 51 44 63 56 46 43 36 49 
51 66 60 63 58 47 56 52 43 52 53 48 63 57 71 51 68 69 81 49 81 62 62 58 69 76 56 69 76 65 57 55 63 58 77 70 68 86 86 65 59 65 60 73 80 85 64 71 57 60 60 77 49 71 69 60 71 72 78 56 64 56 91 80 69 57 79 71 85 85 64 81 70 85 78 66 74 77 70 70 71 69 82 64 81 70 73 82 66 69 70 83 94 70 87 86 72 72 84 71 88 75 70 66 91 67 69 75 85 81 69 86 74 82 88 100 86 94 82 92 72 86 79 83 74 97 84 99 85 72 89 81 98 99 95 70 80 78 80 79 100 90 86 112 81 84 77 101 96 95 65 90 102 75 88 90 82 89 92 85 104 90 84 96 84 86 84 101 84 96 90 109 88 84 75 91 109 105 98 92 93 81 99 96 95 87 75 83 102 97 92 90 94 85 75 95 92 92 80 88 106 88 106 84 95 93 123 104 101 89 94 93 98 91 89 89 107 89 93 100 92 82 93 114 86 88 100 100 96 81 89 77 105 112 80 105 103 109 89 84 79 86 118 110 90 99 98 90 90 98 98 99 95 82 98 100 107 83 87 72 89 103 92 110 104 85 95 86 83 85 92 97 101 98 94 89 103 114 78 104 101 92 121 86 86 93 93 87 105 98 96 91 109 104 95 85 87 111 84 85 85 82 85 101 93 94 102 90 98 87 104 91 106 100 103 87 90 100 106 101 97 97 87 83 94 92 93 84 73 85 92 98 100 95 80 89 82 95 92 103 100 96 65 76 78 79 86 79 91 76 88 90 80 77 99 85 93 88 69 88 84 81 80 73 71 102 92 78 90 85 82 88 91 78 81 72 83 81 95 72 83 88 83 68 82 85 86 70 79 88 87 73 74 76 77 81 63 98 83 60 85 82 73 69 85 91 76 76 81 90 73 73 100 71 68 79 81 79 74 74 61 81 69 65 75 74 66 83 70 73 78 75 81 70 74 79 75 73 67 67 71 88 73 64 71 79 78 63 67 70 93 74 66 60 78 84 71 70 78 66 68 76 54 61 67 41 61 64 55 55 57 54 73 72 56 66 58 58 52 54 70 56 64 68 64 54 66 64 65 75 68 62 69 53 56 64 65 53 69 51 65 
136 107 163 125 117 146 130 141 135 146 120 130 142 142 135 131 137 149 139 145 136 146 137 162 142 163 149 163 155 165 142 137 152 150 161 144 162 152 152 159 156 184 147 173 146 145 146 161 173 146 155 167 132 164 178 173 156 169 176 163 167 168 183 169 161 172 173 190 173 172 164 147 166 176 185 168 192 157 194 189 179 195 177 199 187 184 172 205 176 184 186 172 184 180 162 187 187 175 162 161 180 188 171 195 198 211 183 222 177 185 173 194 182 214 163 185 200 164 206 217 189 198 178 211 192 186 195 194 204 179 203 239 216 181 194 204 213 206 206 233 197 205 222 209 206 204 187 201 214 212 219 232 200 212 219 223 216 230 196 202 180 216 215 179 199 235 195 219 190 196 208 203 226 217 211 218 217 215 195 194 204 217 242 241 206 208 206 216 191 221 178 210 232 211 221 207 222 192 226 194 215 189 215 214 216 220 204 190 216 217 223 241 221 230 208 225 237 221 208 207 190 224 232 225 230 211 223 217 245 237 194 213 226 249 253 248 223 228 224 210 231 259 243 213 246 214 226 246 235 195 232 234 215 225 228 207 207 222 217 219 225 232 228 233 228 222 228 232 247 238 227 204 239 204 218 227 229 206 224 208 214 201 215 227 210 217 236 234 223 219 238 225 234 226 231 211 206 224 218 233 247 235 228 215 238 201 226 215 215 199 219 238 234 225 210 246 211 202 224 213 199 200 187 216 234 198 239 201 213 201 199 214 198 224 218 206 223 212 214 192 201 203 216 225 215 219 217 204 189 223 215 215 204 225 199 216 193 192 202 215 208 208 215 209 197 211 188 202 211 213 183 192 199 210 211 191 172 210 190 208 191 203 196 170 210 203 180 198 168 197 176 191 185 213 185 199 156 178 214 191 170 189 202 194 186 171 191 198 177 204 167 178 166 188 164 176 164 189 147 185 164 166 173 180 193 209 162 191 167 164 164 168 174 181 182 182 182 198 160 184 160 185 158 159 162 152 175 154 161 167 184 169 166 168 164 174 141 185 141 142 157 151 161 145 158 176 173 164 179 120 154 165 170 163 139 143 126 143 137 146 170 152 119 144 161 136 159 141 145 143 143 138 131 136 104 138 125 149 152 141 115 
