# Format: McCode with text headers
# URL: http://www.mccode.org
# Creator:  3.7.12, git
# Instrument: /opt/homebrew/Caskroom/miniconda/base/envs/mcstas/share/mcstas/resources/examples/TUDelft/SESANS_Delft/SESANS_Delft.instr
# Ncount: 1000000
# Trace: no
# Gravitation: no
# Seed: 1234
# Directory: /Users/ldq/Work/McStasBench/benchmark/refcache/T1_SESANS_Delft_work/ref_20260724_153324_94648_23
# Param: L0=2.165
# Param: DL=0.02
# Param: By=0.00468
# Date: Fri Jul 24 15:33:33 2026 (1784925213)
# type: array_2d(501, 21)
# Source: SESANS_Delft (/opt/homebrew/Caskroom/miniconda/base/envs/mcstas/share/mcstas/resources/examples/TUDelft/SESANS_Delft/SESANS_Delft.instr)
# component: px2
# position: 0 0 0.66
# title: Pol-wavelength monitor
# Ncount: 1000000
# filename: pxAfterFirstFoil.dat
# statistics: X0=2.16499; dX=0.0107979; Y0=0.000976612; dY=0.699828;
# signal: Min=1.3432e-11; Max=2.06219e-10; Mean=5.12644e-11;
# values: 5.39353e-07 6.52801e-10 682627
# xvar: Wa
# yvar: Po
# xlabel: Wavelength [AA]
# ylabel: Polarisation projection
# zvar: I
# zlabel: Signal per bin
# xylimits: 2.145 2.185 -1 1
# variables: I I_err N
# Data [px2/pxAfterFirstFoil.dat] I:
9.718395284e-11 1.216774462e-10 1.351091486e-10 1.232577282e-10 1.066650282e-10 1.193072026e-10 1.058751281e-10 1.272080956e-10 9.876401372e-11 1.121960662e-10 1.106157358e-10 1.09825513e-10 1.161465645e-10 1.153566371e-10 1.216774364e-10 1.106157425e-10 1.232576144e-10 9.87641089e-11 1.264180804e-10 1.074552603e-10 1.145663951e-10 1.193072198e-10 1.137762527e-10 1.185170471e-10 1.240476855e-10 1.279982969e-10 1.058750936e-10 1.137761539e-10 1.106159157e-10 1.335291257e-10 1.129861196e-10 1.169367236e-10 1.129862164e-10 1.145664158e-10 1.343191643e-10 1.390599018e-10 1.398499428e-10 1.232576823e-10 1.319488508e-10 1.240476343e-10 1.161466399e-10 1.272082265e-10 1.082454231e-10 1.098258233e-10 1.287884102e-10 1.200972623e-10 1.208874942e-10 1.272082541e-10 1.287884433e-10 1.303686458e-10 1.327389287e-10 1.216774101e-10 1.469611331e-10 1.30368702e-10 1.453808702e-10 1.295784605e-10 1.406400651e-10 1.34319168e-10 1.382698711e-10 1.279984167e-10 1.517016547e-10 1.29578687e-10 1.580227753e-10 1.422205642e-10 1.438006716e-10 1.493313641e-10 1.667139109e-10 1.43010617e-10 1.177268918e-10 1.224675975e-10 1.366895611e-10 1.501213943e-10 1.216774291e-10 1.311587557e-10 1.572323596e-10 1.343192181e-10 1.477510944e-10 1.295787132e-10 1.564424718e-10 1.501215296e-10 1.540718325e-10 1.485410464e-10 1.193072456e-10 1.477509595e-10 1.398498397e-10 1.517018451e-10 1.493314654e-10 1.477512862e-10 1.382698703e-10 1.540721033e-10 1.414300037e-10 1.485410487e-10 1.438006439e-10 1.287882859e-10 1.564423503e-10 1.509114395e-10 1.48541122e-10 1.406400261e-10 1.493314247e-10 1.469610818e-10 1.477510853e-10 1.55652306e-10 1.54072206e-10 1.422202413e-10 1.477512047e-10 1.248379337e-10 1.635536046e-10 1.501213774e-10 1.556525953e-10 1.406399231e-10 1.453809233e-10 1.485412577e-10 1.422201611e-10 1.43800669e-10 1.730348202e-10 1.667138859e-10 1.809358211e-10 1.58022652e-10 1.445906668e-10 1.548620257e-10 1.619731795e-10 1.540720844e-10 1.5644251e-10 1.351093549e-10 1.501214074e-10 1.469609806e-10 1.627632206e-10 1.596027004e-10 1.406403087e-10 1.256280661e-10 1.517017377e-10 1.738250911e-10 1.540720753e-10 1.414302017e-10 1.430105635e-10 1.619731423e-10 1.524917304e-10 1.453807817e-10 1.596027763e-10 1.698744371e-10 1.501215992e-10 1.746150432e-10 1.556523246e-10 1.572323849e-10 1.524920786e-10 1.68294293e-10 1.667139984e-10 1.722448199e-10 1.548623111e-10 1.93577705e-10 1.524916615e-10 1.667139505e-10 1.603929637e-10 1.564422363e-10 1.754048943e-10 1.627632469e-10 1.738249823e-10 1.730346264e-10 1.619734118e-10 1.635533357e-10 1.722445371e-10 1.809357748e-10 1.904169854e-10 1.414302896e-10 1.366894066e-10 1.57232338e-10 1.366894405e-10 1.643435064e-10 1.817258735e-10 1.706642559e-10 1.627631998e-10 1.72244667e-10 1.635533559e-10 1.493313764e-10 1.572324914e-10 1.469607572e-10 1.67504125e-10 1.927877876e-10 1.509117104e-10 1.667139788e-10 1.580227147e-10 1.667141354e-10 1.635535402e-10 1.84886511e-10 1.825161376e-10 1.959481049e-10 1.667138375e-10 1.801457837e-10 1.919974743e-10 1.872570426e-10 1.619731563e-10 1.769857714e-10 1.564422848e-10 1.730348969e-10 1.730349282e-10 1.635536092e-10 1.74614929e-10 1.453807481e-10 1.548620453e-10 1.643433744e-10 1.904174486e-10 1.66713785e-10 1.777752914e-10 1.825160022e-10 1.896271406e-10 1.493314764e-10 1.840964996e-10 1.556521727e-10 1.509116387e-10 1.682941148e-10 1.730348222e-10 1.785655281e-10 1.840960403e-10 1.68294061e-10 1.785651078e-10 2.046390687e-10 1.754047132e-10 1.840964314e-10 1.738248403e-10 1.856765753e-10 1.603930804e-10 1.706646536e-10 1.738246978e-10 1.667140422e-10 1.864667007e-10 1.588125394e-10 1.896272395e-10 1.643436809e-10 1.746152637e-10 1.714545073e-10 1.74615135e-10 1.580224955e-10 1.777754399e-10 1.856765986e-10 1.801456338e-10 1.80935942e-10 1.706645152e-10 1.880468001e-10 1.825162543e-10 1.722446333e-10 1.840963623e-10 1.65133662e-10 1.904169972e-10 1.64343732e-10 1.675038843e-10 1.825158597e-10 1.564422628e-10 1.635533532e-10 1.817261294e-10 1.84096354e-10 1.55652341e-10 1.730349646e-10 1.682940656e-10 1.572325374e-10 1.817260473e-10 1.667138187e-10 1.746149481e-10 1.793556249e-10 1.769851317e-10 1.761949226e-10 1.730345799e-10 1.754050937e-10 1.746146926e-10 1.777750469e-10 1.77775402e-10 1.761955255e-10 1.619730464e-10 1.793558113e-10 1.635534157e-10 1.87256781e-10 1.927876824e-10 1.603930119e-10 1.675039229e-10 1.706643236e-10 1.667138665e-10 1.754052872e-10 1.817257818e-10 1.761951956e-10 1.817259375e-10 1.912074467e-10 1.793556371e-10 1.801454754e-10 1.777755324e-10 1.809359237e-10 1.872568591e-10 1.682941314e-10 1.912074693e-10 1.769854059e-10 1.556522982e-10 1.777753439e-10 1.738250174e-10 1.651337212e-10 1.746151023e-10 1.667140958e-10 1.477512406e-10 2.014785542e-10 1.730346528e-10 1.651337063e-10 1.611830749e-10 1.627634479e-10 1.682941011e-10 1.67503865e-10 1.73824892e-10 1.603930544e-10 1.682939965e-10 1.817257895e-10 1.611830683e-10 1.714546713e-10 1.61183123e-10 1.730347324e-10 1.556522814e-10 1.572326474e-10 1.72244678e-10 1.627633128e-10 1.675039255e-10 1.722445422e-10 1.627633638e-10 1.746150461e-10 1.445906849e-10 1.777755807e-10 1.619735351e-10 1.556518823e-10 1.477510653e-10 1.619732988e-10 1.5486221e-10 1.746148936e-10 1.761950237e-10 1.343194854e-10 1.698743879e-10 1.627632764e-10 1.603928299e-10 1.738248693e-10 1.501215179e-10 1.627633245e-10 1.52492009e-10 1.532817183e-10 1.935774904e-10 1.52491739e-10 1.548621622e-10 1.667138707e-10 1.738249332e-10 1.659240367e-10 1.580226348e-10 1.840962528e-10 1.398500514e-10 1.840964776e-10 1.556521307e-10 1.501214185e-10 1.698743263e-10 1.706644116e-10 1.848863624e-10 1.627634692e-10 1.588129604e-10 1.777754312e-10 1.667136236e-10 1.438003477e-10 1.532821726e-10 1.422204226e-10 1.524919802e-10 1.509117304e-10 1.627633454e-10 1.643436149e-10 1.611832348e-10 1.453807127e-10 1.746151571e-10 1.517015851e-10 1.540718946e-10 1.738249256e-10 1.71454289e-10 1.603929339e-10 1.588126144e-10 1.556522066e-10 1.667136178e-10 1.295784849e-10 1.319490133e-10 1.619731675e-10 1.627634811e-10 1.588128624e-10 1.627631162e-10 1.540721722e-10 1.509115764e-10 1.4617101e-10 1.619732586e-10 1.580226576e-10 1.627631092e-10 1.382698682e-10 1.453809874e-10 1.406399597e-10 1.588129494e-10 1.493317203e-10 1.366897027e-10 1.453808186e-10 1.390598605e-10 1.358993149e-10 1.37479806e-10 1.580227083e-10 1.343193109e-10 1.461708128e-10 1.580225372e-10 1.453808028e-10 1.493313985e-10 1.485409384e-10 1.185168102e-10 1.438007239e-10 1.42220202e-10 1.619732161e-10 1.327389096e-10 1.548620709e-10 1.461708988e-10 1.485413492e-10 1.374796787e-10 1.343190954e-10 1.564425818e-10 1.374796822e-10 1.438007433e-10 1.60393026e-10 1.351093723e-10 1.477511055e-10 1.414302857e-10 1.382698082e-10 1.532820359e-10 1.185170898e-10 1.224673786e-10 1.366895094e-10 1.51701829e-10 1.430106072e-10 1.358993797e-10 1.477509958e-10 1.248378204e-10 1.232576517e-10 1.351094874e-10 1.21677448e-10 1.366896906e-10 1.264179784e-10 1.343191795e-10 1.477512779e-10 1.279985333e-10 1.414301541e-10 1.311587705e-10 1.272081382e-10 1.343191335e-10 1.351091725e-10 1.382699361e-10 1.374798491e-10 1.264181121e-10 1.256280274e-10 1.272083841e-10 1.240478251e-10 1.374796107e-10 1.445907832e-10 1.256277736e-10 1.335291937e-10 1.216776337e-10 1.216773201e-10 1.390599168e-10 1.224674847e-10 1.232576492e-10 1.319488093e-10 1.390596167e-10 1.169365876e-10 1.208873018e-10 1.177269609e-10 1.248379294e-10 1.074553275e-10 1.177269354e-10 1.335289939e-10 1.430104744e-10 1.390597998e-10 1.453809919e-10 1.232575398e-10 1.129862256e-10 1.438006347e-10 1.121961918e-10 1.264181113e-10 1.169366378e-10 1.208872052e-10 1.137762994e-10 1.200973412e-10 1.319488407e-10 9.95544793e-11 1.224676477e-10 1.145664599e-10 1.264180068e-10 1.137762687e-10 1.106158208e-10 1.027146336e-10 1.02714601e-10 1.161465481e-10 1.074554191e-10 1.295785857e-10 1.374799564e-10 1.129861782e-10 1.106158981e-10 1.121961163e-10 1.00344457e-10 9.244318354e-11 1.027148608e-10 1.074553172e-10 1.090354991e-10 1.042949461e-10 8.77023981e-11 
4.424642654e-11 4.582666668e-11 4.582660467e-11 4.89869695e-11 4.266600564e-11 4.424632457e-11 4.819689165e-11 6.162889286e-11 3.634529404e-11 4.34562889e-11 5.214733155e-11 4.819695591e-11 3.63451716e-11 4.898696461e-11 4.424634459e-11 4.266611002e-11 5.293759001e-11 4.977704473e-11 5.056708833e-11 5.451778155e-11 4.740668783e-11 3.792541084e-11 5.29376574e-11 5.76781607e-11 4.029580696e-11 5.530779772e-11 5.056713672e-11 5.609807844e-11 5.214749666e-11 4.187606051e-11 4.977721749e-11 6.162882522e-11 4.819687875e-11 4.898707447e-11 4.740666471e-11 4.89870819e-11 4.977712988e-11 5.372764115e-11 5.688804754e-11 5.056721543e-11 5.530781232e-11 4.503647553e-11 6.399913904e-11 4.819681452e-11 6.241899851e-11 5.293751384e-11 4.740663474e-11 5.372765868e-11 4.898696554e-11 4.424624022e-11 4.661659376e-11 5.767825929e-11 4.582659841e-11 6.083862316e-11 7.111023054e-11 7.032005422e-11 5.609808805e-11 4.503642508e-11 5.214748817e-11 4.345620543e-11 7.34805106e-11 5.372774757e-11 6.162880653e-11 4.58265963e-11 5.056727648e-11 5.609807365e-11 5.609808148e-11 7.111010538e-11 5.451772354e-11 7.111019092e-11 5.76781767e-11 6.241883446e-11 5.530793171e-11 4.26662056e-11 5.767829621e-11 5.13573303e-11 5.688805884e-11 6.004862069e-11 6.320901941e-11 6.241896616e-11 5.530795772e-11 5.29375338e-11 7.269053717e-11 5.530777599e-11 6.873997548e-11 4.977715726e-11 5.609792178e-11 6.873972774e-11 6.162886045e-11 6.794989724e-11 6.083876388e-11 5.609808203e-11 5.530779941e-11 6.083883563e-11 6.557940657e-11 5.846840099e-11 4.819685157e-11 6.004856674e-11 5.60979318e-11 5.68880402e-11 6.241874173e-11 6.083873385e-11 6.162881179e-11 5.60979265e-11 6.873978033e-11 6.478926094e-11 6.083876369e-11 6.399909815e-11 7.190029608e-11 5.451781114e-11 7.427056791e-11 6.320902107e-11 6.952977208e-11 7.427046586e-11 6.952992236e-11 7.980144126e-11 5.925850076e-11 7.506064909e-11 7.111014656e-11 6.004864514e-11 6.952990359e-11 8.138165682e-11 6.794963707e-11 6.004855078e-11 7.506073055e-11 6.162883788e-11 6.873975861e-11 7.269051981e-11 6.79497519e-11 6.162885276e-11 6.004847394e-11 6.557945132e-11 6.478927724e-11 6.320901998e-11 8.217192869e-11 6.241905199e-11 6.557926904e-11 5.451772954e-11 5.530795792e-11 7.269049564e-11 6.715948065e-11 4.977703123e-11 6.083858248e-11 6.873976682e-11 6.95299981e-11 6.557920401e-11 6.873979821e-11 5.925859381e-11 7.348053852e-11 7.348054188e-11 6.557938296e-11 7.585091169e-11 6.241884595e-11 5.925848468e-11 7.506076063e-11 5.925848306e-11 7.111017425e-11 7.585077913e-11 6.162885964e-11 7.269031138e-11 7.032021e-11 7.427059952e-11 7.585081274e-11 8.217172906e-11 7.585089072e-11 6.715963293e-11 6.320907857e-11 7.269035639e-11 7.980152756e-11 7.506070245e-11 6.636954604e-11 8.217168789e-11 8.53322702e-11 7.031997959e-11 7.19003166e-11 7.585092222e-11 7.506058413e-11 7.032008648e-11 7.506082079e-11 6.715945742e-11 6.873985276e-11 7.269032013e-11 7.743110832e-11 7.032006898e-11 6.95299685e-11 7.743108474e-11 7.822129321e-11 7.74311988e-11 7.348059579e-11 5.214752135e-11 6.873985654e-11 6.953005114e-11 8.691252851e-11 6.399926412e-11 6.794964377e-11 7.190030954e-11 7.348053635e-11 9.323345311e-11 5.767828059e-11 7.032000559e-11 7.66409904e-11 4.819691437e-11 7.032010513e-11 7.348046844e-11 8.375195729e-11 6.794968195e-11 6.794984666e-11 7.74309982e-11 6.636957271e-11 7.506064048e-11 8.770251187e-11 6.79497067e-11 7.506078967e-11 7.664083448e-11 7.269050186e-11 5.846840826e-11 6.557952561e-11 7.348040993e-11 7.901127604e-11 6.320913034e-11 9.244318467e-11 7.348063859e-11 7.032003339e-11 6.794975996e-11 7.111030549e-11 6.953003746e-11 6.715954281e-11 7.348046177e-11 8.296183305e-11 6.557933699e-11 6.478936061e-11 8.770258837e-11 7.111036494e-11 7.427082995e-11 6.478928851e-11 7.901131437e-11 7.269035604e-11 8.217175566e-11 7.269044958e-11 8.059149115e-11 6.399913075e-11 6.873990727e-11 6.63694605e-11 8.059132811e-11 6.636923827e-11 9.086305301e-11 7.42707587e-11 9.086313503e-11 6.55795002e-11 7.822123836e-11 6.320901642e-11 7.743115341e-11 7.348056398e-11 6.715957103e-11 6.715965558e-11 6.478936208e-11 7.585105727e-11 7.82212252e-11 6.715960326e-11 7.822122966e-11 7.348052208e-11 8.612220052e-11 7.585087009e-11 6.636960623e-11 7.032010247e-11 7.980154e-11 7.980142285e-11 8.05915048e-11 8.375204721e-11 6.636954654e-11 6.478919759e-11 8.454220241e-11 7.427052922e-11 7.585076306e-11 7.743100738e-11 7.743097199e-11 8.770252743e-11 6.873980806e-11 7.664091124e-11 7.743113431e-11 7.348043702e-11 8.217175589e-11 9.402322317e-11 7.980133277e-11 5.609823552e-11 8.059145614e-11 7.03199865e-11 6.794982067e-11 6.399926428e-11 9.007300797e-11 7.190024606e-11 6.399915671e-11 7.269047202e-11 7.585078951e-11 9.244322262e-11 6.794980653e-11 7.980122926e-11 7.664117739e-11 7.348046053e-11 7.66409972e-11 6.873967437e-11 7.743097337e-11 8.849277762e-11 6.478941864e-11 6.557927699e-11 7.427064724e-11 7.901130144e-11 7.26904584e-11 7.980154918e-11 7.82212069e-11 6.162878655e-11 6.636961383e-11 7.743117016e-11 7.190032503e-11 7.348045648e-11 8.296194043e-11 7.427078454e-11 6.557937385e-11 6.557938974e-11 6.794978876e-11 6.478932648e-11 7.901147713e-11 7.506092151e-11 8.37520116e-11 7.031995184e-11 6.557945663e-11 7.111036751e-11 5.925838624e-11 8.059144181e-11 7.26904008e-11 7.585080707e-11 7.585080866e-11 7.585080976e-11 7.031999418e-11 6.162868282e-11 7.269049778e-11 5.451780327e-11 6.241900863e-11 7.980138778e-11 7.26903846e-11 6.241899429e-11 5.925855025e-11 7.348049051e-11 6.952995632e-11 6.399916617e-11 7.111019653e-11 6.08387296e-11 7.427057258e-11 5.925851299e-11 7.190028942e-11 6.162882981e-11 7.1900116e-11 6.478923401e-11 6.004860738e-11 5.530774265e-11 7.111027914e-11 6.953003088e-11 5.925848217e-11 5.767823062e-11 8.138160764e-11 6.636948585e-11 7.427067735e-11 6.24189525e-11 7.190042537e-11 6.952983604e-11 7.901131349e-11 6.083865917e-11 7.111006558e-11 7.585079117e-11 5.609798824e-11 6.557944606e-11 7.111024915e-11 5.056720239e-11 7.66409315e-11 4.898703682e-11 6.715973167e-11 5.767817072e-11 7.822116636e-11 7.032009088e-11 6.636950269e-11 6.873982625e-11 6.55794859e-11 6.715964345e-11 6.715966272e-11 6.320914545e-11 8.138172228e-11 6.873989612e-11 5.767830673e-11 6.478940712e-11 6.715965311e-11 5.056728488e-11 6.399908226e-11 5.530786064e-11 5.530786272e-11 6.083879721e-11 6.873982879e-11 6.794976745e-11 6.162870617e-11 6.00484605e-11 6.241893378e-11 6.87397323e-11 6.162882635e-11 5.530804122e-11 5.925856851e-11 6.715974386e-11 7.111022106e-11 5.609795355e-11 6.241898487e-11 6.241896827e-11 5.767837015e-11 6.241884922e-11 6.004860778e-11 6.004854199e-11 5.609805745e-11 6.636953506e-11 5.372764793e-11 6.5579423e-11 5.056714226e-11 5.846836979e-11 5.609783075e-11 5.293754541e-11 5.135734374e-11 6.083859501e-11 7.031995211e-11 5.688815111e-11 6.241913294e-11 5.056728972e-11 5.846843919e-11 4.582655579e-11 7.190030425e-11 5.92584531e-11 4.977712214e-11 6.636946005e-11 5.767823857e-11 5.609794589e-11 4.503652398e-11 5.45177465e-11 5.925832995e-11 5.688809026e-11 5.688815583e-11 6.004854725e-11 5.609792738e-11 5.214749044e-11 5.925843089e-11 5.530782961e-11 4.740679035e-11 5.451772726e-11 5.451778713e-11 6.083867017e-11 6.715971021e-11 7.190029405e-11 5.135738273e-11 7.031997986e-11 5.214743451e-11 6.320909422e-11 6.320898208e-11 5.451772722e-11 4.661681152e-11 4.81969567e-11 4.740667002e-11 5.530790398e-11 4.503639942e-11 4.977718374e-11 4.582654218e-11 4.187592066e-11 6.47893163e-11 5.846831075e-11 4.977712006e-11 5.530790943e-11 5.767825782e-11 5.21474841e-11 5.925847583e-11 5.451787713e-11 5.135727244e-11 4.898701901e-11 5.214736665e-11 5.135744955e-11 4.898697585e-11 4.424641061e-11 5.767824035e-11 4.42462923e-11 5.293762775e-11 3.871553445e-11 5.135736811e-11 5.925843967e-11 3.634515445e-11 4.266620537e-11 4.029579873e-11 4.661668207e-11 4.977698626e-11 4.819683258e-11 4.81967935e-11 5.135731841e-11 5.135736321e-11 5.135734348e-11 4.266617915e-11 5.135725272e-11 5.056738018e-11 4.740674591e-11 5.056730527e-11 5.135734212e-11 
3.792542748e-11 4.187596392e-11 3.95056934e-11 4.187596049e-11 3.002428119e-11 4.187600567e-11 4.187598246e-11 3.8715593e-11 3.792542341e-11 3.871545001e-11 4.42464457e-11 4.029567931e-11 3.950568392e-11 4.898701536e-11 4.108583641e-11 3.634518567e-11 4.50363882e-11 3.081448354e-11 3.713519356e-11 3.239459474e-11 3.476495378e-11 2.686387039e-11 3.950574327e-11 4.187601795e-11 4.266616857e-11 3.555505178e-11 4.503649105e-11 4.266615835e-11 3.871559309e-11 3.950556437e-11 4.266622404e-11 3.555503314e-11 4.029578805e-11 4.582659234e-11 3.713537855e-11 4.266620312e-11 3.792550348e-11 3.555498782e-11 3.318472325e-11 3.318459827e-11 3.950564786e-11 4.503646548e-11 4.266609454e-11 3.713544547e-11 3.397484615e-11 4.266602908e-11 3.792549556e-11 3.792545916e-11 3.634519947e-11 4.266601519e-11 3.950565171e-11 4.740682207e-11 4.029576392e-11 4.424628783e-11 4.503633565e-11 4.898710384e-11 4.898704645e-11 4.740674669e-11 4.50364863e-11 4.029576084e-11 3.713528831e-11 4.266606964e-11 5.135743368e-11 4.187602509e-11 4.977712824e-11 5.451774878e-11 4.029582709e-11 4.977699595e-11 3.871558307e-11 5.372783702e-11 5.372773472e-11 4.58265056e-11 4.661663748e-11 4.266597182e-11 4.898701942e-11 5.530792514e-11 4.42462916e-11 5.530785712e-11 5.214748822e-11 3.950572034e-11 4.424636736e-11 4.819686088e-11 5.214755636e-11 5.530784623e-11 4.977708522e-11 5.135734709e-11 4.029575419e-11 5.372765635e-11 3.397489816e-11 4.582652881e-11 3.476494219e-11 5.37275482e-11 6.162872302e-11 5.135741749e-11 4.424628586e-11 3.950563379e-11 4.740679751e-11 4.503651451e-11 4.819696427e-11 4.977702866e-11 4.029575539e-11 4.503646003e-11 4.582659138e-11 5.372765783e-11 5.372764292e-11 5.846837315e-11 5.056723824e-11 5.135727574e-11 4.819694253e-11 5.293767443e-11 4.424626875e-11 4.977706055e-11 5.76782155e-11 5.451765707e-11 5.609809852e-11 5.688813423e-11 5.45177419e-11 5.135744041e-11 5.609806773e-11 6.08387319e-11 5.21475777e-11 4.582653004e-11 5.609803056e-11 5.925846242e-11 4.977715212e-11 5.530788615e-11 4.187588725e-11 5.056732783e-11 6.083872562e-11 4.58263332e-11 5.925859144e-11 5.767825425e-11 5.214738228e-11 4.740685486e-11 5.767836519e-11 5.293762065e-11 4.977720922e-11 5.451777315e-11 5.056721787e-11 3.950561208e-11 5.372768263e-11 6.399909679e-11 4.898703318e-11 5.530789318e-11 5.214736477e-11 6.478937123e-11 4.819684701e-11 5.056726282e-11 4.740681042e-11 4.424625569e-11 4.977707138e-11 5.451780879e-11 5.767823988e-11 6.399909314e-11 5.609800842e-11 5.767818033e-11 6.241904139e-11 5.609793252e-11 5.609803445e-11 5.451788158e-11 6.004858406e-11 6.004865589e-11 5.8468435e-11 5.609808194e-11 5.214748923e-11 5.60979732e-11 4.503645515e-11 4.34562383e-11 6.873973314e-11 5.13572967e-11 4.029573585e-11 5.925843449e-11 4.187615611e-11 6.39989766e-11 5.293756818e-11 5.688800217e-11 5.530806548e-11 5.688822469e-11 6.478930241e-11 4.108596748e-11 7.269050557e-11 6.004853291e-11 5.372763387e-11 6.004853802e-11 5.688830836e-11 4.66166507e-11 5.609798386e-11 6.241899376e-11 6.478926708e-11 5.135736687e-11 4.977728693e-11 6.478934769e-11 5.530802036e-11 4.819696752e-11 6.241894822e-11 6.478924086e-11 5.451778185e-11 5.451778314e-11 5.688816351e-11 5.846835587e-11 6.004861409e-11 4.819693545e-11 5.214742065e-11 6.241891319e-11 5.056721889e-11 5.214751301e-11 6.004860899e-11 4.266614809e-11 6.557943104e-11 6.320899176e-11 6.08386546e-11 5.609818693e-11 5.293755911e-11 6.083855383e-11 4.740668526e-11 6.004859428e-11 5.846833962e-11 5.767815642e-11 6.162882863e-11 6.557943575e-11 4.661678147e-11 6.478922655e-11 5.688805793e-11 4.582662117e-11 6.399900697e-11 6.004853047e-11 5.609794187e-11 5.609801913e-11 5.53079583e-11 5.846835849e-11 5.056732283e-11 6.715954673e-11 5.767825612e-11 6.715970635e-11 4.266622614e-11 6.32090456e-11 6.08387295e-11 5.767815521e-11 6.399937294e-11 7.03201234e-11 5.530793742e-11 5.767810777e-11 6.95298454e-11 5.530783512e-11 5.688825157e-11 5.056731159e-11 6.004857219e-11 6.952986524e-11 5.135742574e-11 6.083867484e-11 5.846838078e-11 5.29375541e-11 6.320909076e-11 5.76783027e-11 5.530793967e-11 5.293756278e-11 5.688818115e-11 7.031999192e-11 5.293760246e-11 4.977714846e-11 6.557942837e-11 5.767803993e-11 5.925855287e-11 6.320904123e-11 6.241897637e-11 6.399923637e-11 6.162883027e-11 6.004864649e-11 5.214739932e-11 6.399905418e-11 4.740679101e-11 6.47892904e-11 5.293750745e-11 6.873973798e-11 5.293745588e-11 5.135724539e-11 6.399917281e-11 6.162888484e-11 5.846832179e-11 5.767829284e-11 6.71595371e-11 4.819691459e-11 4.819685503e-11 5.530785467e-11 6.47891305e-11 4.740669944e-11 6.63695334e-11 5.60980952e-11 5.767840252e-11 5.530799106e-11 6.794981686e-11 5.135721041e-11 6.63693726e-11 6.794961818e-11 4.977722085e-11 5.925839793e-11 5.6098092e-11 5.293753173e-11 6.873980457e-11 5.214743502e-11 6.55794233e-11 5.767823888e-11 5.29376356e-11 5.056705368e-11 6.083879689e-11 7.190024731e-11 5.609800611e-11 5.925844547e-11 4.503636e-11 6.399918182e-11 5.451788555e-11 6.71594918e-11 6.953009656e-11 5.293748158e-11 6.320914317e-11 5.846838482e-11 5.925850418e-11 5.21474243e-11 6.399922012e-11 4.582657173e-11 4.898693718e-11 5.214753481e-11 5.530783983e-11 5.767815637e-11 5.60979683e-11 6.162883337e-11 5.451785965e-11 5.530790927e-11 6.083857286e-11 5.609798285e-11 6.083867392e-11 5.530796478e-11 5.688814113e-11 6.794965186e-11 5.214747958e-11 5.846829725e-11 5.688827528e-11 6.162888969e-11 6.004854861e-11 6.004852659e-11 6.162879404e-11 5.214737928e-11 6.399920591e-11 6.320896661e-11 5.056726149e-11 5.609796491e-11 5.293756601e-11 5.372759205e-11 6.00485975e-11 5.372770654e-11 5.846821673e-11 5.214755203e-11 6.636947545e-11 6.952998226e-11 5.056734688e-11 4.424631537e-11 3.4765064e-11 5.214734868e-11 4.819690332e-11 5.451783367e-11 5.530781898e-11 5.53080075e-11 4.582659011e-11 4.819676793e-11 4.977722155e-11 5.214750053e-11 4.89869287e-11 4.582648021e-11 4.66166899e-11 5.372780445e-11 5.293747826e-11 5.530794904e-11 5.293771188e-11 4.819695844e-11 4.108575751e-11 5.372776101e-11 5.451792953e-11 6.083886421e-11 5.214750491e-11 5.45177554e-11 4.18759951e-11 4.977713729e-11 4.661673991e-11 4.187602604e-11 6.320909471e-11 6.004860792e-11 5.135741274e-11 5.135744811e-11 3.634513569e-11 4.345613192e-11 5.688827778e-11 4.503656337e-11 5.214745411e-11 5.135743535e-11 4.81967282e-11 4.58265765e-11 4.50364562e-11 5.688808195e-11 5.135742944e-11 4.345616432e-11 4.266596754e-11 5.293754573e-11 4.266601953e-11 5.056708758e-11 4.582656816e-11 4.266607362e-11 4.345626816e-11 5.45177626e-11 5.056719995e-11 4.977709527e-11 4.34562395e-11 4.108584699e-11 3.950567133e-11 4.661668913e-11 6.162867057e-11 4.977712873e-11 4.424625257e-11 4.266610133e-11 4.977705866e-11 4.029571651e-11 4.661658215e-11 4.819697586e-11 4.819692437e-11 4.503643821e-11 6.083874812e-11 5.372780397e-11 5.214754791e-11 4.740671434e-11 4.740674673e-11 4.108586576e-11 5.056730298e-11 5.925858861e-11 4.424628681e-11 5.056725914e-11 5.451791234e-11 4.5036388e-11 4.503649691e-11 3.476501101e-11 4.661672923e-11 4.503630787e-11 4.424637146e-11 5.135739626e-11 4.819680312e-11 4.819695396e-11 3.950572826e-11 3.871548201e-11 4.819681075e-11 3.950564976e-11 4.582647015e-11 3.555510074e-11 3.792535704e-11 3.318478235e-11 3.871566033e-11 4.029579872e-11 3.871553847e-11 3.871555527e-11 4.740681009e-11 4.503640095e-11 3.397478681e-11 4.42463779e-11 4.18759966e-11 3.16045085e-11 4.740683151e-11 4.345617727e-11 4.108578554e-11 4.424626276e-11 3.792547919e-11 4.503632611e-11 4.503641275e-11 3.160464292e-11 3.47649526e-11 3.792542923e-11 4.029585761e-11 3.476499437e-11 3.476499043e-11 3.792535406e-11 3.871554121e-11 3.95056465e-11 4.26661682e-11 3.634507286e-11 2.844412565e-11 3.3974832e-11 4.029582379e-11 3.713531337e-11 4.503641262e-11 3.792541941e-11 3.002424011e-11 4.187605896e-11 3.634518025e-11 4.661667284e-11 3.792544254e-11 3.397481244e-11 3.555512314e-11 3.081443207e-11 3.002423056e-11 3.318476328e-11 3.792537891e-11 2.923422127e-11 4.187593058e-11 3.397487138e-11 3.871552482e-11 
3.081442e-11 2.686381889e-11 3.555507612e-11 2.844415539e-11 3.55550672e-11 3.160448514e-11 2.844397187e-11 2.844401668e-11 3.713530394e-11 3.713536399e-11 4.187598442e-11 3.002427709e-11 3.634527331e-11 3.081439599e-11 3.634527141e-11 3.081436572e-11 2.765398588e-11 2.765392571e-11 3.397488938e-11 2.528359447e-11 2.923418337e-11 3.002430775e-11 3.160457111e-11 3.160459034e-11 2.923423532e-11 3.476491802e-11 3.871551463e-11 3.31847779e-11 3.318462438e-11 2.844404669e-11 3.002434056e-11 2.765399585e-11 3.397484156e-11 3.00243193e-11 2.76540113e-11 3.081442667e-11 4.503647776e-11 3.792544755e-11 4.187603069e-11 3.002425431e-11 4.266602668e-11 4.345625377e-11 3.239458716e-11 4.503650462e-11 3.950558739e-11 3.950557957e-11 3.47650148e-11 3.871550243e-11 2.844405252e-11 4.42462479e-11 4.029579492e-11 2.528358358e-11 2.844413455e-11 3.318476408e-11 3.081443573e-11 3.476508416e-11 3.634516891e-11 3.555520445e-11 3.713526175e-11 3.476485454e-11 3.634521705e-11 4.029584775e-11 4.266611171e-11 4.029576868e-11 3.318474555e-11 3.239460396e-11 4.503649374e-11 3.160452273e-11 3.081440028e-11 4.108580754e-11 3.318480815e-11 3.792539607e-11 4.898707312e-11 3.713535038e-11 5.056731597e-11 4.819686929e-11 4.187599333e-11 3.239467564e-11 3.87155194e-11 4.661676571e-11 4.187601197e-11 5.451784708e-11 3.318481472e-11 4.108596008e-11 3.555505383e-11 4.582657263e-11 3.555506234e-11 3.555507173e-11 3.792538787e-11 4.424630147e-11 3.792532053e-11 3.871556301e-11 3.871547942e-11 3.397489989e-11 4.029584931e-11 4.819695777e-11 4.187593736e-11 4.108607437e-11 3.950574477e-11 5.45179361e-11 4.582659066e-11 5.056722649e-11 4.345607435e-11 5.056721516e-11 4.424640424e-11 4.266616438e-11 3.950561308e-11 5.530799879e-11 4.108588838e-11 3.634521732e-11 3.318467475e-11 4.977720135e-11 4.3456175e-11 4.187594569e-11 4.42464055e-11 5.451762522e-11 4.661674789e-11 4.503634102e-11 3.318479411e-11 3.950551031e-11 4.582658984e-11 4.108594683e-11 3.713535606e-11 6.320905747e-11 5.293753729e-11 4.661682898e-11 5.372764967e-11 5.29375789e-11 5.767824274e-11 4.819693481e-11 4.582646142e-11 6.241901186e-11 4.74066731e-11 4.345616142e-11 5.2937584e-11 3.95056724e-11 3.318480508e-11 4.266609182e-11 4.503651645e-11 4.819697529e-11 4.34560748e-11 4.740675801e-11 5.214748794e-11 6.162877396e-11 4.266617539e-11 5.293765355e-11 4.819694324e-11 4.977713904e-11 4.029575003e-11 4.977707948e-11 3.713539605e-11 4.819682881e-11 4.740681392e-11 5.293770572e-11 4.977719139e-11 5.451764281e-11 4.187602039e-11 4.740680089e-11 5.293755124e-11 4.661669554e-11 4.266616239e-11 4.74068103e-11 4.819695263e-11 4.187594222e-11 4.898703596e-11 5.530800255e-11 4.582660428e-11 5.293746459e-11 4.740679948e-11 6.083875211e-11 5.135729719e-11 4.029570407e-11 5.056730256e-11 6.004861634e-11 6.083875311e-11 4.50364616e-11 5.372765388e-11 4.740662398e-11 4.819689928e-11 4.18760013e-11 4.661664292e-11 5.135717573e-11 6.162889621e-11 5.214759511e-11 5.609800816e-11 3.555503948e-11 5.767822925e-11 4.345627092e-11 4.819696203e-11 4.977720194e-11 4.424637583e-11 5.293773024e-11 5.530794522e-11 6.241897755e-11 5.056708159e-11 5.293753975e-11 5.846831561e-11 3.950555298e-11 4.819677624e-11 4.740679941e-11 5.609809137e-11 5.372773301e-11 5.609802919e-11 4.977707093e-11 4.187601255e-11 5.688809188e-11 5.846844265e-11 5.135731003e-11 4.266617368e-11 4.89870901e-11 4.108581449e-11 5.293765245e-11 4.81969751e-11 4.424638482e-11 5.214741731e-11 5.767823154e-11 4.898695325e-11 5.451784923e-11 4.977707844e-11 4.266617969e-11 4.898704534e-11 4.424627136e-11 5.609798755e-11 6.794981771e-11 4.582646516e-11 4.661675407e-11 5.135729325e-11 4.187600502e-11 4.898696476e-11 3.871550404e-11 5.688808275e-11 5.68880405e-11 5.05671815e-11 6.320917928e-11 5.135732368e-11 4.898709963e-11 4.819684112e-11 4.503638257e-11 5.451786077e-11 5.056735005e-11 5.2937552e-11 5.135718963e-11 4.345624594e-11 5.925855614e-11 4.977706564e-11 4.661662755e-11 5.530780525e-11 4.66168063e-11 4.582659863e-11 5.056712337e-11 4.97771854e-11 5.135746457e-11 5.609800538e-11 5.767822502e-11 4.898691215e-11 5.372762284e-11 6.162885824e-11 5.293752894e-11 4.187598669e-11 4.424642216e-11 4.187601041e-11 4.661657425e-11 5.214750945e-11 6.794963572e-11 5.767825642e-11 3.950574598e-11 5.293761494e-11 4.81970093e-11 6.083869035e-11 4.898707482e-11 5.688813749e-11 4.424624699e-11 5.530799725e-11 5.451775858e-11 5.21473701e-11 4.89869755e-11 4.819690091e-11 5.214750081e-11 5.29376074e-11 4.97770354e-11 4.898696448e-11 3.871557805e-11 6.636954568e-11 3.792556903e-11 4.9777191e-11 4.187590555e-11 5.688803844e-11 5.925859432e-11 4.108593863e-11 5.846850192e-11 5.688806254e-11 3.792537675e-11 4.424635429e-11 4.81968332e-11 5.609796261e-11 4.029582533e-11 5.925843606e-11 4.424635012e-11 5.214745305e-11 4.503645502e-11 5.293756515e-11 5.056731528e-11 5.372774713e-11 5.05672094e-11 5.609801863e-11 3.792545187e-11 4.740672707e-11 5.767827341e-11 4.424629014e-11 4.424624638e-11 6.399915713e-11 5.530784377e-11 5.293752101e-11 4.977717155e-11 5.293768216e-11 4.898707039e-11 4.503656417e-11 5.135727648e-11 5.451785486e-11 5.214739427e-11 4.424633426e-11 4.819673372e-11 5.84684032e-11 4.582654933e-11 4.661654108e-11 4.977710529e-11 5.451781231e-11 4.503642039e-11 4.108582587e-11 4.345621523e-11 5.293759279e-11 5.372770083e-11 5.767811045e-11 4.898696688e-11 5.056730338e-11 5.609798375e-11 3.871554452e-11 3.950566613e-11 4.740668242e-11 4.740662881e-11 4.898701038e-11 4.661670402e-11 5.688814687e-11 4.977705714e-11 4.503654251e-11 4.187601739e-11 3.634512241e-11 4.977727484e-11 5.846842172e-11 4.503644388e-11 4.66167369e-11 4.187605771e-11 4.740657471e-11 4.424623816e-11 4.661666725e-11 4.108586587e-11 5.135746415e-11 5.609799019e-11 4.977713019e-11 4.266615153e-11 3.555511129e-11 3.950565522e-11 4.977712294e-11 3.871561998e-11 4.503633017e-11 4.977709448e-11 4.74068066e-11 5.293751716e-11 4.977721928e-11 4.029583237e-11 4.10857448e-11 4.424624339e-11 4.266611599e-11 4.898703236e-11 4.819695605e-11 3.792545912e-11 4.582659795e-11 5.530793452e-11 4.582663537e-11 3.555513808e-11 4.187595661e-11 4.187593825e-11 4.108594375e-11 4.661664112e-11 4.740676832e-11 5.056724669e-11 4.582665089e-11 4.819682992e-11 5.214754542e-11 3.950570707e-11 4.661670822e-11 5.530806077e-11 5.530796309e-11 4.345611075e-11 5.530795066e-11 5.293755029e-11 4.503641059e-11 5.135735277e-11 3.8715492e-11 3.634517183e-11 3.871562333e-11 4.266613214e-11 4.740679505e-11 3.792549268e-11 4.819695045e-11 3.63451897e-11 4.424629545e-11 4.661680139e-11 3.950561122e-11 5.372759318e-11 3.950565221e-11 4.819665985e-11 4.266600484e-11 4.108594421e-11 4.503638423e-11 2.765400353e-11 4.424631959e-11 4.503649163e-11 4.58265465e-11 3.634525595e-11 3.397487434e-11 4.266612279e-11 4.345615722e-11 3.397481373e-11 4.740671899e-11 4.819691907e-11 3.713532311e-11 5.451773483e-11 3.397482595e-11 3.081439506e-11 3.634523192e-11 4.582654206e-11 3.318474265e-11 4.266608984e-11 4.424628087e-11 3.950574765e-11 4.266605624e-11 3.871553178e-11 3.239463108e-11 3.160441162e-11 3.476493548e-11 3.081435211e-11 3.476502996e-11 3.713527267e-11 4.108576442e-11 5.21474437e-11 4.345623753e-11 3.239462191e-11 4.108601748e-11 4.345619761e-11 5.451775524e-11 4.661669863e-11 3.160455134e-11 3.555504401e-11 2.686386161e-11 4.661658784e-11 4.029583168e-11 3.950551975e-11 4.029575384e-11 3.239468534e-11 3.634526161e-11 3.476502631e-11 3.871554166e-11 3.397488237e-11 4.029565907e-11 3.239461015e-11 3.160448627e-11 3.476506604e-11 3.318480841e-11 3.555500862e-11 3.160457871e-11 3.792536066e-11 3.871547562e-11 3.160440005e-11 3.318473597e-11 3.792548515e-11 3.555513928e-11 2.765396993e-11 2.449347861e-11 3.871545658e-11 3.634515673e-11 3.713535831e-11 3.23946696e-11 3.71353753e-11 3.239466994e-11 2.686390833e-11 3.792544971e-11 3.713526678e-11 4.029578717e-11 3.397483777e-11 2.607374381e-11 2.60737445e-11 2.765394521e-11 3.002433663e-11 3.318479735e-11 3.239456251e-11 2.844401045e-11 2.686385256e-11 2.607371084e-11 3.397471731e-11 3.160451023e-11 
2.923413459e-11 2.370343348e-11 2.291332137e-11 2.607376512e-11 3.397487813e-11 2.449348617e-11 2.44935079e-11 3.239460458e-11 2.528361398e-11 3.160454854e-11 3.081448751e-11 3.160451752e-11 2.2913286e-11 2.054290896e-11 2.923415227e-11 3.397488419e-11 2.133300439e-11 3.239454092e-11 2.844414623e-11 3.002432055e-11 2.844406409e-11 2.923411166e-11 3.318477762e-11 2.686388785e-11 2.370337281e-11 4.029575231e-11 3.950568969e-11 3.476495993e-11 3.792547143e-11 3.160454896e-11 2.449352471e-11 3.002423327e-11 3.397486625e-11 3.713536012e-11 3.081440153e-11 3.160451491e-11 2.607371232e-11 4.108591009e-11 3.081436977e-11 2.923412782e-11 3.160449888e-11 2.765394839e-11 3.081440349e-11 3.871542828e-11 4.029586701e-11 3.713535242e-11 3.08144049e-11 3.634526262e-11 3.55550844e-11 4.266620355e-11 2.607380166e-11 3.55551613e-11 2.370339741e-11 2.923420114e-11 3.634525876e-11 3.634517646e-11 3.63452399e-11 4.187593416e-11 3.160449132e-11 3.871549678e-11 3.950575042e-11 4.582655663e-11 3.713531871e-11 3.950560072e-11 4.108588085e-11 2.844406305e-11 4.503641423e-11 3.950564379e-11 4.266610336e-11 3.002438155e-11 3.397487148e-11 3.081440663e-11 3.476505118e-11 4.345620979e-11 3.476486625e-11 3.555510436e-11 4.503632479e-11 3.002424137e-11 3.397495779e-11 4.029570946e-11 4.029575713e-11 3.476495119e-11 3.950563761e-11 3.397479713e-11 4.345627748e-11 3.792537314e-11 4.89870673e-11 4.029578212e-11 3.318483781e-11 3.792550368e-11 5.056730046e-11 2.528355089e-11 3.792547345e-11 3.713535309e-11 3.792546605e-11 3.47649739e-11 4.740675492e-11 2.607369058e-11 3.634518945e-11 4.108593458e-11 3.87155336e-11 2.923423011e-11 3.397470601e-11 4.424625775e-11 4.582663829e-11 4.029568337e-11 5.056723238e-11 3.081442706e-11 3.950554674e-11 3.081441754e-11 4.187598079e-11 3.950563563e-11 2.84441792e-11 4.503646831e-11 4.266609101e-11 4.029576649e-11 4.26661136e-11 4.266618325e-11 3.950566961e-11 4.977705041e-11 3.713544718e-11 4.345606253e-11 4.108594844e-11 3.792541147e-11 4.424638958e-11 4.187594161e-11 4.582653965e-11 3.634517982e-11 4.58265327e-11 3.871540702e-11 4.029585618e-11 4.819688758e-11 4.266614391e-11 4.029587688e-11 3.476500522e-11 4.029579147e-11 4.266609742e-11 4.740682404e-11 3.87155205e-11 4.898700259e-11 3.87155818e-11 2.923416428e-11 4.977714908e-11 3.871558723e-11 4.50364648e-11 3.318468955e-11 4.345622084e-11 3.95056974e-11 5.688808195e-11 4.661658928e-11 3.555507797e-11 5.530779306e-11 3.634521237e-11 4.108586228e-11 4.345621095e-11 4.503644462e-11 3.792553782e-11 4.424634892e-11 4.029581463e-11 3.792555625e-11 4.108599653e-11 3.555508226e-11 3.160451575e-11 3.634520107e-11 4.108596056e-11 4.740682189e-11 4.345610751e-11 5.530791579e-11 3.397488106e-11 3.871563288e-11 4.02957216e-11 5.293750138e-11 4.266615889e-11 3.95056488e-11 3.555502706e-11 5.135724861e-11 4.740682228e-11 4.424640609e-11 3.792548654e-11 4.74067881e-11 5.293741485e-11 4.898691853e-11 3.871564854e-11 4.819697149e-11 5.214759394e-11 4.424647196e-11 4.108582884e-11 4.345629843e-11 4.661666435e-11 4.661664702e-11 5.214751436e-11 4.66166236e-11 4.187595441e-11 3.79254108e-11 4.819696482e-11 4.898690135e-11 3.87155557e-11 3.792539773e-11 3.634521087e-11 5.214761572e-11 4.582654519e-11 4.819678002e-11 4.582649139e-11 4.977703304e-11 5.45178953e-11 4.819675945e-11 3.002431624e-11 4.34562405e-11 4.819675362e-11 5.688806067e-11 4.661673567e-11 4.977709456e-11 5.056726529e-11 5.135734766e-11 4.582675004e-11 4.503639706e-11 4.424643014e-11 5.372773178e-11 4.977712224e-11 5.293763844e-11 5.13573165e-11 4.582656314e-11 5.214741746e-11 5.214752135e-11 4.42462175e-11 4.187600085e-11 4.819683059e-11 4.740675896e-11 5.372761558e-11 4.661677253e-11 4.898689145e-11 4.029563364e-11 4.266611338e-11 3.79252619e-11 3.79255603e-11 5.846829712e-11 3.397480306e-11 4.424633787e-11 4.97771021e-11 4.424627608e-11 4.661663905e-11 5.29376086e-11 4.029581619e-11 5.214747906e-11 4.661668382e-11 5.372768317e-11 5.846833359e-11 4.50365062e-11 3.871552718e-11 3.239463555e-11 3.871555343e-11 4.819688888e-11 4.029579488e-11 4.582659084e-11 4.819683778e-11 3.634528565e-11 3.950563325e-11 5.135727782e-11 4.977711773e-11 4.345620913e-11 4.266604379e-11 4.50364108e-11 4.819695427e-11 4.187601739e-11 5.056730585e-11 4.582657093e-11 4.661665317e-11 4.977708844e-11 4.108595325e-11 5.05671579e-11 4.424633431e-11 3.71353542e-11 4.819697984e-11 4.5036372e-11 5.530790509e-11 3.792543869e-11 5.056725808e-11 4.661662126e-11 4.345621317e-11 4.740680458e-11 4.582660923e-11 5.293765447e-11 5.056733943e-11 4.582659762e-11 4.187597117e-11 4.977710426e-11 3.950556051e-11 4.503636929e-11 4.503645763e-11 4.266611683e-11 4.740662278e-11 5.056734266e-11 4.582650277e-11 5.214741028e-11 4.819691191e-11 3.713524172e-11 5.530795838e-11 3.555513683e-11 4.187601992e-11 4.345608231e-11 4.898703345e-11 3.950562035e-11 4.503638328e-11 4.819696449e-11 5.29374057e-11 3.318476132e-11 3.160453321e-11 4.424634263e-11 5.056724537e-11 4.424629352e-11 4.345631465e-11 5.609807493e-11 4.819694454e-11 4.503643875e-11 3.950578809e-11 3.318466037e-11 4.661666512e-11 4.029574368e-11 4.187600026e-11 4.345620162e-11 4.424635327e-11 4.108585507e-11 4.977709874e-11 3.87156113e-11 4.898697984e-11 4.108583799e-11 4.740658175e-11 5.13573591e-11 4.977716053e-11 3.950559886e-11 4.345624684e-11 4.740675907e-11 5.135734224e-11 3.476500886e-11 4.582654544e-11 5.214752586e-11 4.661663059e-11 4.819673142e-11 3.081444104e-11 3.792545944e-11 3.792535698e-11 4.740676954e-11 3.31846345e-11 4.187601516e-11 4.503632187e-11 4.740660612e-11 4.266612482e-11 4.108593068e-11 4.740672626e-11 6.004851778e-11 4.187596695e-11 4.345635155e-11 3.950565305e-11 4.582662149e-11 3.476498959e-11 6.083872103e-11 5.056729451e-11 4.266612293e-11 3.318472366e-11 3.476498873e-11 3.318465333e-11 4.424631057e-11 3.555510664e-11 4.582661114e-11 3.792538432e-11 3.713530202e-11 4.50364185e-11 4.10859088e-11 4.266616042e-11 3.871549002e-11 4.819690307e-11 4.424636333e-11 4.740685193e-11 3.87155139e-11 4.108588175e-11 4.424629077e-11 5.135742561e-11 4.345628435e-11 3.713531975e-11 4.187589166e-11 3.555501705e-11 3.871548182e-11 4.108586443e-11 4.977725649e-11 3.713528206e-11 3.397492179e-11 4.503648536e-11 3.002429202e-11 3.792544802e-11 4.029576747e-11 3.87155811e-11 4.108577284e-11 3.792551199e-11 4.503650523e-11 4.898699913e-11 4.266599952e-11 4.66167804e-11 3.397486727e-11 5.135730449e-11 4.424631619e-11 3.792542669e-11 4.66165396e-11 3.871564726e-11 3.476491269e-11 3.397475623e-11 4.108583593e-11 3.871552076e-11 3.713524078e-11 3.792536592e-11 3.55551778e-11 4.108585159e-11 4.74068163e-11 4.187608659e-11 3.239460932e-11 3.555513452e-11 3.950559459e-11 3.081439406e-11 3.634523476e-11 3.00242271e-11 2.52836598e-11 3.871551569e-11 3.950561883e-11 3.476495912e-11 3.239463098e-11 4.266597509e-11 3.002427702e-11 3.318479328e-11 4.503654676e-11 3.476487127e-11 3.792541601e-11 3.397491326e-11 2.844412837e-11 4.187598039e-11 4.10857811e-11 2.686374285e-11 2.844400569e-11 3.39747821e-11 3.160463868e-11 3.081430059e-11 4.266613124e-11 3.318476173e-11 3.792547859e-11 3.239471376e-11 2.923408507e-11 3.08144248e-11 4.02957436e-11 3.318480757e-11 3.160449532e-11 3.634523553e-11 4.819689692e-11 3.002433955e-11 3.950556026e-11 3.239469565e-11 3.713524374e-11 2.844404458e-11 3.081434451e-11 2.844396058e-11 3.634525082e-11 3.871555224e-11 3.081442163e-11 2.844404979e-11 3.555504358e-11 3.160451208e-11 2.92341594e-11 3.476493401e-11 2.84441691e-11 2.528368044e-11 3.160453234e-11 3.39749173e-11 3.23946765e-11 2.528362349e-11 2.370334728e-11 3.397488426e-11 3.239454214e-11 2.923417519e-11 3.476503303e-11 2.60737294e-11 3.160453213e-11 4.26661557e-11 3.397479172e-11 2.528361429e-11 3.081438554e-11 3.081440942e-11 3.239469585e-11 3.476496645e-11 3.476499715e-11 2.607379997e-11 3.397481384e-11 2.291334265e-11 2.686381766e-11 3.239463457e-11 2.923417821e-11 3.002437155e-11 1.580219878e-11 2.212308955e-11 3.160459939e-11 2.212306862e-11 3.63451963e-11 2.607373315e-11 2.21230579e-11 3.47650318e-11 
2.607370406e-11 2.528359994e-11 2.370343753e-11 2.370336541e-11 2.21231053e-11 2.607379652e-11 2.449346031e-11 2.686381143e-11 3.00242836e-11 3.239466181e-11 3.00242045e-11 1.975289702e-11 2.686380649e-11 2.449353032e-11 3.16045022e-11 2.370335792e-11 3.002425876e-11 3.160448291e-11 3.634519701e-11 3.081433927e-11 3.160459563e-11 2.923417992e-11 3.002432377e-11 2.212316993e-11 3.002428845e-11 3.002436556e-11 2.133302582e-11 3.002432359e-11 2.528362753e-11 2.607374235e-11 3.081437869e-11 3.239455383e-11 3.081436513e-11 3.555512335e-11 2.449351687e-11 3.002427604e-11 3.081448484e-11 2.923416445e-11 2.449345225e-11 3.318470019e-11 2.844405966e-11 3.081437645e-11 3.318474415e-11 2.923407176e-11 3.002427676e-11 4.18759511e-11 3.950570028e-11 3.081444886e-11 2.923422001e-11 2.370339018e-11 3.713536079e-11 4.108588287e-11 3.71353155e-11 4.345629311e-11 2.60737408e-11 4.029574909e-11 3.239469268e-11 2.923421608e-11 2.370338215e-11 2.528365697e-11 3.397489982e-11 2.686387032e-11 4.661656554e-11 4.266614349e-11 2.449349438e-11 3.555504807e-11 3.634517195e-11 3.476489034e-11 3.081443825e-11 3.239473264e-11 3.318478059e-11 2.370325136e-11 2.686380054e-11 2.844413521e-11 3.55550379e-11 3.318471447e-11 2.686384547e-11 3.160454465e-11 3.002434852e-11 3.160462999e-11 2.607365379e-11 3.239472736e-11 2.607378341e-11 2.844410929e-11 3.397486523e-11 3.634520957e-11 3.239475143e-11 3.950564715e-11 4.18759429e-11 2.765390595e-11 3.160449693e-11 3.713538508e-11 3.555510456e-11 3.397487219e-11 3.002430749e-11 3.397485584e-11 3.555515491e-11 4.266608773e-11 2.68637787e-11 4.187615295e-11 4.108588715e-11 2.844404926e-11 3.318478678e-11 3.239473021e-11 4.108592148e-11 4.266605513e-11 3.634515662e-11 3.555506289e-11 2.686383154e-11 4.108580053e-11 4.108588327e-11 3.792544028e-11 4.18760131e-11 3.713523028e-11 2.923422953e-11 3.634513207e-11 4.661659879e-11 3.871547994e-11 3.555500458e-11 3.792545502e-11 3.081443601e-11 3.160452339e-11 3.081438838e-11 3.397480638e-11 3.792531567e-11 3.476501901e-11 3.555510358e-11 3.871560472e-11 3.476501932e-11 3.081443009e-11 4.740678911e-11 4.345625237e-11 3.792535896e-11 4.582652005e-11 2.844405654e-11 2.686385409e-11 2.686376108e-11 3.634521801e-11 4.10859657e-11 3.239463616e-11 4.029576204e-11 3.792532875e-11 5.214747173e-11 3.634523157e-11 4.029575048e-11 4.582662624e-11 3.397482789e-11 4.66167201e-11 4.187598811e-11 2.844416967e-11 3.397485672e-11 3.397477785e-11 3.950560375e-11 4.424634695e-11 3.792538326e-11 4.582654218e-11 3.792550635e-11 3.476505025e-11 3.792541172e-11 3.555498883e-11 4.266606663e-11 4.029582366e-11 5.135740158e-11 4.898703939e-11 4.266601845e-11 3.397485996e-11 4.345623343e-11 5.609803514e-11 3.713526967e-11 4.740683114e-11 3.79254678e-11 3.634524352e-11 4.108585473e-11 4.266609172e-11 4.187584823e-11 5.609804502e-11 3.950562493e-11 4.029571129e-11 4.503638235e-11 3.634516457e-11 4.424641263e-11 4.424631557e-11 4.10858524e-11 4.029583506e-11 3.239458545e-11 4.187603056e-11 4.819687717e-11 5.609806476e-11 4.108586841e-11 3.792544248e-11 3.792538277e-11 3.871550448e-11 5.451777005e-11 3.160460377e-11 4.424627786e-11 4.8196863e-11 4.108588862e-11 4.582664131e-11 5.688823094e-11 3.79254397e-11 4.26661424e-11 3.950572449e-11 5.293754772e-11 4.029574868e-11 4.582651622e-11 4.740687748e-11 3.47650645e-11 4.187610789e-11 4.424641614e-11 4.02958498e-11 4.661661134e-11 4.97771122e-11 3.871551191e-11 4.819701503e-11 4.029576655e-11 4.10859001e-11 4.029583629e-11 4.740674125e-11 4.029580627e-11 3.79253008e-11 4.345621851e-11 4.187595336e-11 4.740685537e-11 3.1604588e-11 3.555513181e-11 3.634526105e-11 4.819693996e-11 3.239465724e-11 4.740675679e-11 4.187608772e-11 3.239465891e-11 4.740670151e-11 4.740681522e-11 4.345622711e-11 4.345625705e-11 4.503652902e-11 4.819681413e-11 5.056723904e-11 4.18759472e-11 3.713534088e-11 4.345619387e-11 4.503642466e-11 3.397493446e-11 3.555518403e-11 4.029585794e-11 4.977708312e-11 4.029586755e-11 4.187599024e-11 5.372768782e-11 4.898699349e-11 4.187590737e-11 3.792536603e-11 3.950557551e-11 4.661656567e-11 5.05672624e-11 4.187600813e-11 3.871545811e-11 4.74067283e-11 4.503651997e-11 3.555511843e-11 3.63451768e-11 4.345618607e-11 3.318479133e-11 5.530769306e-11 4.819684034e-11 3.792542847e-11 4.108585559e-11 4.582655496e-11 4.108588492e-11 4.266606305e-11 5.056711652e-11 4.819692451e-11 4.503643671e-11 4.029584121e-11 4.582659075e-11 3.160448913e-11 4.740680912e-11 3.792543797e-11 5.135732934e-11 3.239468827e-11 5.609800907e-11 4.02957231e-11 4.503643087e-11 3.950567706e-11 3.792539324e-11 4.898701234e-11 3.950571544e-11 4.266614198e-11 4.424626659e-11 4.345625964e-11 5.214736054e-11 4.108595988e-11 4.582664714e-11 4.898711869e-11 3.397486155e-11 3.950565012e-11 4.503641539e-11 3.555505867e-11 4.424629589e-11 5.135734252e-11 4.424629177e-11 4.898688231e-11 3.318477059e-11 5.135736773e-11 3.8715578e-11 4.503638974e-11 4.582652263e-11 4.582656931e-11 3.792545289e-11 4.345623708e-11 3.871559325e-11 4.266612838e-11 4.266614126e-11 3.950576628e-11 4.582650295e-11 4.108594189e-11 3.634524745e-11 4.187609404e-11 4.029566908e-11 4.977701897e-11 4.187599391e-11 3.792545579e-11 5.53078537e-11 3.950552392e-11 4.740672841e-11 3.476494104e-11 4.503645038e-11 3.634527182e-11 4.345619557e-11 3.950569539e-11 3.950567805e-11 5.214750887e-11 3.950561669e-11 3.871555446e-11 3.476504733e-11 3.476500755e-11 3.792543262e-11 3.713526186e-11 3.792546222e-11 4.740687367e-11 4.42462797e-11 3.634519036e-11 3.318474852e-11 3.318468882e-11 3.871562997e-11 4.424637369e-11 4.029591524e-11 3.160456718e-11 4.266606995e-11 4.187598671e-11 3.476497152e-11 4.187607178e-11 5.056735332e-11 4.661669513e-11 3.871560861e-11 3.555504057e-11 4.424641724e-11 4.740682204e-11 4.266611293e-11 4.424639501e-11 4.108582918e-11 3.950566053e-11 4.18759379e-11 3.634509579e-11 2.923422437e-11 3.871557246e-11 3.871551922e-11 3.713539692e-11 3.318475218e-11 3.79254402e-11 4.345626552e-11 4.661657129e-11 3.160453322e-11 3.95056437e-11 3.792546016e-11 3.871551714e-11 4.029575176e-11 3.397491269e-11 3.318481829e-11 3.634524663e-11 4.029584627e-11 4.424629625e-11 4.582651549e-11 4.187587605e-11 4.029560456e-11 4.58266427e-11 4.819687107e-11 3.318462248e-11 3.792538127e-11 3.79254213e-11 4.029559082e-11 4.108587591e-11 3.792554269e-11 4.108590009e-11 2.686385078e-11 4.029580114e-11 3.318478414e-11 3.318477027e-11 3.871551247e-11 3.713528642e-11 4.02957905e-11 3.634521697e-11 3.239463479e-11 3.713515643e-11 2.607367702e-11 4.029562767e-11 4.029568268e-11 4.74069495e-11 3.792547928e-11 2.607376791e-11 3.555501358e-11 4.266615221e-11 4.108587126e-11 4.029575531e-11 3.081442889e-11 4.187599936e-11 3.160456867e-11 3.002428233e-11 3.950568971e-11 3.713522738e-11 3.555510526e-11 3.555506847e-11 2.60737815e-11 2.923421727e-11 3.160449845e-11 3.39748301e-11 3.476498459e-11 3.002420049e-11 3.397489981e-11 3.160460214e-11 4.661672434e-11 2.844399465e-11 3.318479842e-11 3.397481617e-11 2.844415928e-11 4.187598569e-11 3.318479416e-11 2.68638517e-11 3.634529834e-11 3.792546527e-11 1.896276793e-11 4.029572117e-11 3.160453566e-11 2.844396261e-11 2.212311058e-11 3.476491838e-11 3.397487896e-11 3.002431468e-11 2.528366212e-11 2.76539484e-11 3.871563122e-11 3.239463348e-11 3.397484681e-11 2.68638411e-11 3.318469681e-11 2.528367284e-11 2.212315331e-11 4.187612308e-11 3.476493726e-11 2.765401878e-11 2.528361367e-11 4.029583821e-11 3.160456158e-11 3.239452999e-11 3.950563778e-11 3.476499369e-11 3.081436826e-11 3.397481653e-11 3.081435787e-11 2.923424221e-11 2.607372732e-11 2.370342985e-11 2.21231925e-11 3.55551519e-11 3.002428139e-11 2.607374155e-11 2.686383222e-11 3.160451981e-11 3.002418659e-11 2.765394814e-11 2.607378405e-11 3.081443691e-11 2.291323559e-11 2.054299365e-11 3.160449443e-11 2.370338193e-11 2.686379882e-11 2.844411731e-11 2.686393772e-11 2.37034089e-11 3.318486585e-11 2.844401814e-11 3.318473982e-11 2.054298832e-11 3.634510381e-11 3.239468853e-11 2.765399001e-11 2.686387614e-11 2.05428641e-11 2.370336208e-11 2.370326431e-11 
2.765382962e-11 2.449347267e-11 2.528360037e-11 2.686390407e-11 2.370346347e-11 2.054283976e-11 3.002421768e-11 2.449355467e-11 2.291329431e-11 2.370329525e-11 2.6863806e-11 2.449351766e-11 2.528355976e-11 2.212317397e-11 2.212318093e-11 2.528362785e-11 2.291327227e-11 2.844409937e-11 2.528364517e-11 2.844404142e-11 3.555511176e-11 2.449339053e-11 1.817252595e-11 2.686388688e-11 3.476500206e-11 2.449346908e-11 3.476499631e-11 3.002434267e-11 3.634517259e-11 2.528362229e-11 2.449353966e-11 2.291332334e-11 2.054294948e-11 2.765395453e-11 3.081447868e-11 2.765394602e-11 3.950558311e-11 2.21231142e-11 3.397497045e-11 3.555509026e-11 3.634517901e-11 2.607366086e-11 3.081443436e-11 3.318480377e-11 3.160445955e-11 2.449347435e-11 2.607371241e-11 3.160458535e-11 4.029566404e-11 2.370343188e-11 2.923411924e-11 3.713526742e-11 2.844408301e-11 2.449359957e-11 2.923416364e-11 3.160459246e-11 2.449346162e-11 3.081436165e-11 2.686392425e-11 3.634510132e-11 3.00243004e-11 3.002431755e-11 3.476497181e-11 2.449351745e-11 3.002440933e-11 3.476496226e-11 2.844408434e-11 2.76540108e-11 3.318464311e-11 3.002423781e-11 4.187587982e-11 2.92341875e-11 3.002436125e-11 2.449349581e-11 2.607373558e-11 2.686373865e-11 3.160452761e-11 2.844406732e-11 2.844417325e-11 3.239464553e-11 3.397480121e-11 3.871565761e-11 3.634512663e-11 4.029581647e-11 4.898711989e-11 2.844399031e-11 3.318484234e-11 3.397486116e-11 3.476498763e-11 2.844408458e-11 2.923410512e-11 2.686389567e-11 3.239464365e-11 3.318468458e-11 4.661668698e-11 3.634525126e-11 3.31847603e-11 4.187602298e-11 3.476498667e-11 2.686388366e-11 3.239471544e-11 3.239468083e-11 3.950564722e-11 4.108590694e-11 2.844407775e-11 4.266609369e-11 3.871551072e-11 3.239450595e-11 3.160461344e-11 2.92341015e-11 3.634518834e-11 2.765403931e-11 3.713535749e-11 3.792542959e-11 3.634515536e-11 3.555513155e-11 4.266610675e-11 2.765396001e-11 3.555510513e-11 3.081438113e-11 4.10858833e-11 3.081441563e-11 3.476501185e-11 4.029570326e-11 4.345630515e-11 4.503642454e-11 4.58266215e-11 3.555500911e-11 3.476481633e-11 3.555512419e-11 3.318468829e-11 3.634522082e-11 4.187607606e-11 2.923419138e-11 3.397489777e-11 3.634522946e-11 4.819688573e-11 4.108579303e-11 4.345616825e-11 2.844409169e-11 4.26660929e-11 3.634518378e-11 3.71353298e-11 3.476504388e-11 3.871548265e-11 4.661663817e-11 3.634510963e-11 3.713545151e-11 2.370351371e-11 3.08144082e-11 4.187597507e-11 3.792538852e-11 3.871544388e-11 4.029576806e-11 3.950567735e-11 4.898689335e-11 3.792528619e-11 2.844403946e-11 3.002430465e-11 4.503646417e-11 3.634519479e-11 4.108584848e-11 4.89870779e-11 2.370339718e-11 4.819695312e-11 3.792548258e-11 3.318472184e-11 3.792544671e-11 4.819695746e-11 3.555514736e-11 3.318487565e-11 4.345611544e-11 2.923411803e-11 3.950566962e-11 4.187590696e-11 3.002432938e-11 4.740680644e-11 3.476498754e-11 4.898709754e-11 3.555512878e-11 3.002426187e-11 4.582656931e-11 3.239458599e-11 3.47650365e-11 4.582666745e-11 4.582650145e-11 3.634528798e-11 4.42463546e-11 3.792540541e-11 4.582650419e-11 3.476496655e-11 3.871549902e-11 4.029565334e-11 4.187593304e-11 3.318479857e-11 4.503645202e-11 4.345618303e-11 3.871542899e-11 3.318475697e-11 4.187586904e-11 4.187603089e-11 3.160456158e-11 4.66166635e-11 4.819697823e-11 4.029571919e-11 4.187599171e-11 3.713530981e-11 4.187604362e-11 5.45177855e-11 3.555507154e-11 3.713542129e-11 4.661663142e-11 4.18760151e-11 4.424628622e-11 3.239468489e-11 3.792546023e-11 4.266604191e-11 3.397474512e-11 3.950560191e-11 3.713536272e-11 3.792541508e-11 4.661664662e-11 4.345622788e-11 4.898697757e-11 3.397477128e-11 4.345625128e-11 4.187605135e-11 3.634532266e-11 3.239463721e-11 4.582651284e-11 3.55551362e-11 3.39749259e-11 4.345623599e-11 4.108591399e-11 4.266612158e-11 4.34561022e-11 4.424625828e-11 4.661673105e-11 4.740678782e-11 4.977721083e-11 3.16045954e-11 4.187603385e-11 5.214735945e-11 4.10859492e-11 4.345627611e-11 3.871562103e-11 3.555512229e-11 5.056721831e-11 4.187599328e-11 3.397478844e-11 4.582659819e-11 5.056724393e-11 3.318481521e-11 4.819687662e-11 5.372758725e-11 4.108578558e-11 3.871554507e-11 3.950567097e-11 3.081437893e-11 4.740692764e-11 4.108597128e-11 4.503644942e-11 3.79253496e-11 4.345630865e-11 4.819690921e-11 4.424627483e-11 4.81968425e-11 3.397489122e-11 4.108594059e-11 4.187600963e-11 4.029576622e-11 4.029574868e-11 3.397481847e-11 4.661664286e-11 5.135725082e-11 5.214743829e-11 4.740668713e-11 3.87155227e-11 3.318478716e-11 4.503648235e-11 3.713537793e-11 4.187599371e-11 3.792542782e-11 3.397484113e-11 3.871552823e-11 3.239462717e-11 4.029578731e-11 4.187595902e-11 3.950559971e-11 4.187601282e-11 4.582656693e-11 3.71353169e-11 4.503642963e-11 3.792541384e-11 3.239468426e-11 3.713537637e-11 3.871564955e-11 4.424639856e-11 3.239465973e-11 3.871553403e-11 4.503645265e-11 4.108584228e-11 3.713540906e-11 4.740677018e-11 3.634521351e-11 3.871563777e-11 3.397482517e-11 3.79253803e-11 3.713532024e-11 4.108583969e-11 3.871554708e-11 4.266611558e-11 4.26660603e-11 4.740685376e-11 4.503652568e-11 4.424634485e-11 3.950567797e-11 4.661658682e-11 3.792536389e-11 3.950559569e-11 3.634522036e-11 3.397483557e-11 3.476499602e-11 3.792540775e-11 4.187595032e-11 3.792545123e-11 4.18759765e-11 4.187598015e-11 4.029573292e-11 3.3184732e-11 4.02958389e-11 3.476506936e-11 4.740685159e-11 3.081430462e-11 4.977700503e-11 3.871558267e-11 4.503642831e-11 3.871554926e-11 3.476496659e-11 3.87155536e-11 3.950567211e-11 4.18759632e-11 3.476489281e-11 3.002432381e-11 3.950571734e-11 4.029583666e-11 3.87154397e-11 4.503637127e-11 4.819695327e-11 3.63452788e-11 3.23947123e-11 4.029570401e-11 2.607369705e-11 3.63452121e-11 4.18759642e-11 4.2666128e-11 3.239467937e-11 3.318476927e-11 2.607367308e-11 4.503648229e-11 4.187602499e-11 3.160441611e-11 3.63452273e-11 4.029575951e-11 3.476489503e-11 3.239460109e-11 4.424641762e-11 3.792531035e-11 3.318474445e-11 4.740686927e-11 3.318477789e-11 3.397475646e-11 3.634521066e-11 3.160455099e-11 3.79254602e-11 3.476497463e-11 3.634525545e-11 3.160454311e-11 3.002425753e-11 3.476500386e-11 4.108590688e-11 3.239456603e-11 4.42462433e-11 3.634525232e-11 4.029574363e-11 3.871555697e-11 3.79253704e-11 3.871551734e-11 3.318470452e-11 3.871555546e-11 3.950561777e-11 3.002429857e-11 5.135724106e-11 3.002420175e-11 3.160463008e-11 4.345626019e-11 2.370331238e-11 3.318476387e-11 3.871561043e-11 4.503651e-11 3.713535286e-11 2.528362344e-11 3.16045595e-11 3.002429001e-11 3.555511954e-11 2.607370395e-11 3.160446596e-11 3.081436476e-11 3.002421244e-11 4.029577178e-11 3.4765056e-11 4.187606433e-11 3.871572996e-11 3.871543988e-11 2.844413524e-11 3.950554238e-11 3.713532832e-11 3.397477043e-11 3.081441213e-11 3.476500737e-11 2.844404482e-11 3.318471058e-11 3.476490368e-11 3.634525363e-11 3.318484207e-11 3.871551598e-11 3.2394636e-11 3.160462485e-11 3.555510634e-11 3.002424246e-11 2.686385212e-11 2.133307579e-11 3.476495261e-11 3.39749496e-11 2.923428138e-11 3.002431479e-11 3.476500044e-11 2.923420499e-11 3.239462115e-11 4.108593121e-11 3.792537466e-11 2.765393328e-11 3.002437919e-11 2.68638613e-11 2.686386451e-11 3.713530689e-11 3.555508473e-11 3.160458122e-11 2.923426549e-11 3.239467274e-11 3.397489118e-11 3.002427505e-11 3.871544869e-11 2.370340887e-11 3.634517866e-11 2.765399539e-11 3.002430356e-11 3.634521402e-11 2.844409616e-11 3.79253872e-11 2.844405513e-11 2.528365159e-11 2.844401224e-11 2.449358326e-11 2.765393266e-11 2.686378391e-11 2.686389688e-11 2.291333973e-11 3.160447073e-11 2.29133846e-11 3.318469869e-11 2.133301571e-11 2.528359574e-11 2.607378472e-11 2.84441044e-11 3.792543205e-11 2.765398646e-11 2.370328511e-11 2.370343665e-11 2.607367264e-11 2.133304877e-11 2.844405795e-11 3.239457455e-11 1.817260176e-11 1.501216815e-11 3.318472653e-11 2.528356197e-11 2.923415326e-11 2.528366715e-11 2.44935487e-11 2.212315903e-11 3.002431068e-11 2.844418824e-11 2.686387143e-11 3.002438088e-11 2.607371988e-11 2.212316021e-11 2.844402557e-11 1.896271146e-11 2.686378835e-11 2.5283696e-11 
1.58022068e-11 1.896275381e-11 2.52835056e-11 2.607369891e-11 2.607370236e-11 2.686385756e-11 2.844399303e-11 2.370345684e-11 3.081440096e-11 2.765400693e-11 3.397491183e-11 2.765394198e-11 2.607361522e-11 2.291321403e-11 2.528368127e-11 1.975281223e-11 2.528363885e-11 2.686391391e-11 2.607378797e-11 1.975283057e-11 3.160445311e-11 1.896267718e-11 3.476495334e-11 2.765393175e-11 2.686390007e-11 2.765392351e-11 2.291325124e-11 2.370345349e-11 2.291320786e-11 2.212318312e-11 2.133302245e-11 2.607377992e-11 2.291326607e-11 2.607370509e-11 2.765406078e-11 2.92342131e-11 2.923421705e-11 2.05429585e-11 3.160456464e-11 3.081441433e-11 2.054294151e-11 2.528352947e-11 3.634515497e-11 2.212317935e-11 2.686390562e-11 3.002425042e-11 2.923415758e-11 3.634514656e-11 2.29132623e-11 3.23946125e-11 3.00243296e-11 3.555514807e-11 3.318478266e-11 3.713519243e-11 2.923409574e-11 2.528359584e-11 2.765398518e-11 2.844399554e-11 3.950567012e-11 4.029576091e-11 2.844419661e-11 3.002429638e-11 2.76539522e-11 2.528365679e-11 3.6345278e-11 3.713537097e-11 2.370338015e-11 3.239466308e-11 3.239467917e-11 3.950570036e-11 2.607363822e-11 3.002425256e-11 2.054289108e-11 3.476493267e-11 2.92341885e-11 3.397493145e-11 3.239462163e-11 2.844411051e-11 3.634522311e-11 3.713523874e-11 3.63452217e-11 3.160453998e-11 2.686373946e-11 3.002437794e-11 2.844411963e-11 3.081452517e-11 3.318470116e-11 2.607369885e-11 3.002432471e-11 2.923418e-11 3.002433926e-11 3.002428264e-11 3.002424392e-11 2.923421013e-11 3.16045002e-11 2.686377477e-11 3.397485616e-11 2.844398923e-11 3.318475119e-11 3.081440722e-11 3.239468723e-11 3.002436329e-11 2.528365845e-11 3.476493255e-11 3.081438603e-11 2.686389121e-11 1.896264622e-11 3.397486428e-11 3.081439617e-11 3.002422886e-11 4.424644745e-11 3.002429379e-11 2.92341441e-11 3.0814454e-11 4.740690488e-11 3.239463763e-11 3.871553057e-11 3.555514229e-11 3.634519925e-11 3.871546932e-11 3.950543222e-11 3.318472113e-11 2.607373353e-11 3.081442285e-11 4.26659709e-11 3.950567839e-11 4.4246281e-11 4.266609048e-11 3.950565859e-11 3.002430689e-11 2.844397433e-11 3.476483241e-11 3.002431522e-11 3.081435417e-11 3.160452168e-11 4.345619504e-11 3.39747592e-11 3.160444399e-11 3.634517624e-11 3.950566268e-11 4.029586854e-11 4.029567741e-11 4.740681121e-11 3.476499849e-11 3.476503659e-11 3.950577746e-11 3.160452704e-11 2.844405058e-11 4.74068042e-11 3.713535917e-11 3.555510076e-11 3.160451124e-11 3.555510629e-11 3.555512622e-11 4.108589338e-11 3.397482465e-11 3.31846757e-11 3.950558002e-11 4.424635316e-11 3.713532279e-11 2.923424166e-11 4.029569901e-11 3.634520225e-11 3.713539068e-11 3.31847963e-11 4.503644622e-11 3.792538825e-11 4.187601832e-11 2.844414056e-11 4.02958333e-11 3.555511749e-11 4.345618195e-11 4.424645604e-11 3.634519752e-11 3.002433665e-11 4.029584611e-11 3.555512059e-11 3.792542816e-11 4.02957277e-11 2.765395758e-11 3.476495352e-11 3.08143401e-11 4.740678234e-11 3.23946856e-11 3.950574626e-11 3.87155775e-11 3.318474178e-11 3.476501052e-11 3.792547038e-11 3.713520012e-11 4.424636918e-11 3.476498658e-11 4.187600538e-11 3.397486966e-11 3.476487563e-11 4.424638542e-11 3.081439616e-11 3.476493152e-11 3.95056474e-11 3.871552099e-11 4.108589699e-11 3.871559974e-11 3.476498964e-11 3.476506153e-11 3.87154759e-11 4.977712277e-11 3.792545065e-11 3.160454895e-11 4.42463774e-11 4.266614983e-11 3.713526418e-11 3.476487894e-11 3.318466784e-11 3.871555522e-11 4.266613587e-11 3.792540978e-11 3.002436511e-11 3.634520597e-11 3.63452857e-11 3.950579672e-11 4.898699483e-11 3.397488793e-11 3.47649714e-11 4.187607123e-11 3.555507236e-11 4.424621669e-11 4.187609763e-11 3.555506454e-11 4.187596105e-11 3.634520424e-11 5.293743098e-11 4.898701435e-11 3.713525885e-11 3.634517364e-11 4.187599606e-11 3.318475573e-11 4.108590738e-11 4.740678748e-11 4.819691318e-11 3.397483425e-11 3.476497868e-11 4.661671251e-11 4.345631576e-11 4.424637167e-11 3.476486561e-11 4.661667655e-11 3.792559822e-11 4.74068838e-11 3.63452691e-11 3.397490657e-11 3.555518211e-11 4.345627605e-11 5.056712094e-11 3.871554542e-11 3.47649988e-11 2.923415828e-11 4.345629141e-11 4.50364417e-11 3.871554756e-11 3.160454451e-11 4.503641271e-11 4.187594311e-11 4.345630506e-11 4.740682977e-11 3.634523898e-11 3.476498311e-11 3.08144133e-11 3.713525559e-11 2.449360853e-11 4.345623891e-11 4.187599516e-11 3.713534478e-11 3.318470752e-11 5.372765063e-11 3.871553905e-11 3.871558009e-11 3.634510584e-11 4.345621978e-11 4.424621531e-11 4.42462623e-11 3.871554816e-11 3.081439215e-11 4.029580178e-11 4.503636632e-11 4.345617351e-11 3.476495907e-11 3.792543905e-11 3.397480992e-11 4.66166641e-11 3.397492677e-11 4.187601726e-11 4.42462364e-11 5.135739734e-11 4.345619235e-11 4.503645212e-11 5.214752321e-11 4.108590554e-11 4.66167056e-11 4.424633496e-11 4.187611055e-11 4.029556565e-11 5.056713146e-11 3.634521024e-11 3.713541956e-11 4.582670832e-11 4.977712146e-11 3.397490822e-11 4.266619503e-11 3.713528631e-11 3.002428314e-11 3.950565858e-11 3.476489237e-11 3.47650373e-11 5.293755453e-11 3.950563431e-11 4.582662008e-11 3.634520445e-11 4.029577676e-11 3.792545725e-11 3.081445635e-11 4.108597047e-11 3.634516645e-11 4.10859148e-11 4.424638524e-11 2.686383857e-11 2.607371203e-11 3.950562051e-11 3.476498346e-11 4.819692298e-11 3.79253943e-11 2.844408953e-11 4.18759934e-11 4.345625158e-11 3.555517452e-11 3.713537934e-11 2.370334457e-11 3.950573641e-11 2.291330582e-11 4.345620172e-11 3.871562506e-11 3.792554617e-11 3.792535611e-11 3.871563292e-11 3.476495702e-11 3.239456386e-11 3.476499325e-11 4.108591508e-11 3.23946783e-11 4.582648415e-11 3.397487591e-11 4.029577931e-11 3.081437616e-11 3.950563089e-11 3.871570088e-11 3.871563835e-11 4.66166322e-11 3.39747988e-11 4.187590214e-11 3.002435751e-11 3.555506347e-11 3.713530245e-11 3.634513789e-11 3.318486629e-11 3.318476446e-11 3.318478704e-11 3.950568674e-11 3.871563499e-11 3.239456838e-11 3.239463668e-11 3.081453683e-11 3.555507016e-11 3.239457208e-11 3.081450596e-11 4.424643567e-11 4.34562611e-11 4.108574685e-11 3.239462956e-11 2.765398151e-11 3.792542879e-11 3.555497893e-11 4.187596902e-11 3.713522658e-11 3.081442864e-11 2.68637663e-11 3.002427513e-11 3.871557081e-11 3.555502199e-11 3.950573412e-11 2.686379578e-11 3.081438292e-11 2.765404807e-11 3.239458484e-11 2.923425116e-11 4.266617782e-11 3.634513313e-11 3.318483208e-11 2.133296392e-11 3.002436333e-11 2.844399531e-11 3.8715646e-11 2.923412785e-11 3.476492909e-11 2.37033826e-11 3.871559398e-11 2.607376719e-11 2.607376494e-11 2.923411075e-11 3.318478903e-11 2.29132409e-11 3.239458584e-11 3.081436098e-11 2.133298626e-11 3.634513541e-11 3.555514987e-11 2.765402994e-11 3.792536577e-11 2.528366326e-11 3.476491847e-11 3.555506256e-11 4.108592812e-11 3.00242888e-11 2.686384776e-11 2.686376089e-11 2.765395386e-11 3.081437155e-11 4.029563636e-11 2.449352882e-11 2.607360393e-11 3.160453503e-11 3.950551221e-11 2.686393034e-11 3.23946414e-11 3.634517662e-11 2.923419903e-11 2.844418598e-11 3.318470368e-11 3.160464968e-11 2.765396205e-11 3.239461928e-11 3.397491894e-11 2.765391503e-11 2.370346197e-11 2.686387618e-11 3.081432033e-11 3.239462673e-11 2.370343181e-11 2.686384126e-11 2.686383466e-11 3.002429804e-11 3.081445236e-11 3.160450278e-11 3.634521574e-11 3.160450473e-11 2.686386441e-11 2.5283597e-11 2.60737421e-11 2.686389397e-11 2.449351785e-11 3.239463091e-11 3.081443054e-11 3.555501455e-11 2.923421263e-11 2.84440521e-11 2.765397157e-11 1.580222112e-11 3.239464876e-11 2.844412346e-11 1.659235601e-11 3.160454569e-11 3.318484571e-11 2.765391221e-11 2.60736869e-11 2.291337479e-11 2.607379919e-11 1.975283358e-11 2.686375453e-11 3.002423839e-11 2.370337117e-11 2.05429065e-11 2.765400213e-11 2.607374231e-11 3.002429722e-11 2.765392875e-11 2.844411347e-11 2.60736804e-11 2.449347627e-11 3.476496431e-11 2.765390507e-11 3.476500801e-11 2.212322372e-11 2.528364801e-11 2.13330675e-11 2.528360469e-11 2.133306193e-11 2.133312413e-11 2.528367943e-11 2.212320225e-11 2.212311216e-11 2.054297347e-11 2.607375481e-11 2.054296166e-11 
2.291323909e-11 2.370340146e-11 2.133309562e-11 2.449343185e-11 2.291328074e-11 3.081442903e-11 2.370331782e-11 2.291327021e-11 2.844414403e-11 2.054298696e-11 2.844406745e-11 3.397492782e-11 1.817261307e-11 2.05428893e-11 1.975283743e-11 2.449352519e-11 1.580225429e-11 2.686370106e-11 2.607374566e-11 2.528364646e-11 3.318476559e-11 3.239464379e-11 2.212324183e-11 2.133308636e-11 2.449347862e-11 1.97528049e-11 2.212323852e-11 3.397488588e-11 2.923409729e-11 2.528358398e-11 2.923419094e-11 2.449343571e-11 2.765392068e-11 3.002428433e-11 2.370341335e-11 1.896267213e-11 2.844413965e-11 2.291320106e-11 3.239459825e-11 2.449353628e-11 2.68637423e-11 2.212304987e-11 2.054289925e-11 2.607370767e-11 3.95055936e-11 2.844407364e-11 1.896270046e-11 2.923425195e-11 2.607374934e-11 3.160454915e-11 2.765397218e-11 2.291327114e-11 2.765392674e-11 2.686375801e-11 3.08143501e-11 2.765398485e-11 2.449351835e-11 2.765397812e-11 3.397480275e-11 2.528367181e-11 2.528364563e-11 3.002421442e-11 3.160447678e-11 3.160451756e-11 2.054293179e-11 2.133306223e-11 3.555505628e-11 2.686380076e-11 2.686386921e-11 2.844400213e-11 3.397489947e-11 3.318478155e-11 2.607368184e-11 2.528360503e-11 3.397487898e-11 3.160450016e-11 3.555508843e-11 3.555507348e-11 2.528361528e-11 2.370330886e-11 4.18759426e-11 2.528359679e-11 3.555502703e-11 3.002426788e-11 3.792541866e-11 3.792536688e-11 3.318465788e-11 3.713527704e-11 3.081438738e-11 3.002439162e-11 3.950569992e-11 3.713527856e-11 2.923418733e-11 3.318474587e-11 3.239467071e-11 3.160453113e-11 3.318477683e-11 3.476502421e-11 3.318465674e-11 3.397477056e-11 2.844409584e-11 2.449350728e-11 3.55551368e-11 2.449356017e-11 3.239464424e-11 3.555511388e-11 3.634520454e-11 3.081442363e-11 3.63452504e-11 3.555504215e-11 3.634525457e-11 3.792537388e-11 3.002431734e-11 3.397482551e-11 2.765397366e-11 3.081442261e-11 3.160440863e-11 3.002421793e-11 4.029585546e-11 3.476492248e-11 3.002419989e-11 3.555512347e-11 4.266614602e-11 3.081447651e-11 3.476502409e-11 3.71353298e-11 2.923423614e-11 3.713527221e-11 3.476502211e-11 2.607368439e-11 3.476493776e-11 3.318469564e-11 3.081446384e-11 2.370345078e-11 4.029573609e-11 4.661674242e-11 4.424640691e-11 3.00242671e-11 3.002423975e-11 3.002420455e-11 3.318465288e-11 4.34563175e-11 3.555513298e-11 3.160449025e-11 3.634517187e-11 3.08143861e-11 3.081437388e-11 3.634519492e-11 4.582665027e-11 4.345623637e-11 3.71352709e-11 3.950563639e-11 3.871558e-11 3.397490239e-11 2.765402933e-11 4.345626583e-11 3.792538244e-11 3.792544838e-11 3.16045019e-11 3.713530596e-11 3.318471386e-11 4.029573936e-11 4.108582261e-11 3.950568236e-11 3.792527195e-11 3.792551698e-11 3.95056282e-11 4.503659588e-11 4.02957213e-11 4.898701967e-11 3.476505724e-11 3.871552948e-11 3.713521807e-11 2.765385471e-11 2.765398625e-11 4.029575813e-11 2.765397853e-11 4.108579134e-11 3.950563057e-11 3.476495701e-11 3.239466216e-11 3.871561164e-11 4.345628986e-11 4.108593224e-11 4.029575543e-11 3.476498061e-11 3.871546329e-11 3.792547483e-11 3.871557576e-11 3.871550158e-11 3.476497448e-11 3.318473992e-11 5.214751136e-11 5.214745062e-11 2.607375717e-11 4.345629104e-11 3.081448426e-11 4.029570625e-11 4.345621178e-11 4.503645512e-11 4.02958207e-11 4.81968876e-11 3.318482587e-11 3.871551433e-11 4.898702978e-11 4.582645649e-11 4.424625794e-11 3.713537523e-11 4.740681907e-11 4.029584663e-11 3.47650133e-11 4.029577781e-11 4.029584832e-11 3.950563306e-11 4.582651302e-11 4.582656031e-11 4.029570617e-11 3.634528706e-11 3.318482164e-11 4.029565876e-11 3.318482019e-11 4.503648432e-11 5.135736807e-11 4.029579633e-11 4.266606104e-11 4.740656232e-11 3.87155602e-11 3.555511739e-11 3.239465335e-11 3.950557466e-11 3.634515576e-11 3.792536673e-11 3.239458117e-11 3.792542965e-11 3.871545206e-11 3.950571618e-11 2.291325716e-11 4.02958178e-11 4.108587044e-11 3.713532934e-11 5.056727178e-11 4.345612997e-11 3.239463238e-11 4.977700809e-11 3.397491497e-11 4.108586186e-11 3.55551358e-11 4.266616997e-11 4.029582322e-11 3.318480652e-11 3.950566625e-11 4.424640262e-11 4.108586263e-11 3.63451588e-11 4.187611759e-11 3.318483934e-11 3.871565497e-11 3.63451175e-11 4.266613463e-11 4.582660123e-11 4.503640714e-11 4.18759625e-11 3.23945436e-11 4.108599095e-11 4.424647169e-11 3.871558094e-11 3.79253713e-11 3.713533053e-11 3.792529536e-11 3.950564713e-11 3.950565573e-11 4.108585859e-11 4.187606656e-11 4.029581392e-11 2.765409313e-11 4.977719093e-11 4.029578613e-11 4.345611639e-11 2.212315442e-11 4.661674615e-11 3.00242351e-11 3.950552579e-11 3.713533985e-11 3.871545126e-11 4.266608797e-11 3.002432044e-11 4.424635066e-11 3.555515654e-11 3.871547421e-11 3.555504082e-11 5.451777271e-11 4.266615017e-11 3.871549781e-11 3.792540511e-11 3.002429956e-11 3.555521552e-11 3.634512831e-11 3.555514587e-11 3.950567115e-11 4.898696398e-11 4.108596616e-11 4.424635403e-11 4.108587116e-11 3.160456215e-11 3.555507742e-11 3.555513558e-11 5.135735498e-11 4.029578484e-11 3.713522811e-11 3.634508455e-11 3.318477235e-11 3.792537836e-11 4.187605936e-11 3.634528001e-11 4.740676343e-11 3.871565669e-11 4.108587865e-11 3.002427292e-11 3.713531436e-11 4.187597088e-11 3.634527846e-11 2.844406911e-11 3.160446966e-11 3.239462877e-11 3.397483977e-11 4.582657414e-11 3.397483475e-11 3.792537374e-11 4.58265519e-11 4.187605802e-11 3.397489318e-11 3.318474957e-11 3.5555078e-11 3.871553208e-11 3.713540561e-11 4.66166805e-11 4.50364523e-11 4.50364769e-11 3.160451986e-11 3.634523538e-11 3.634519602e-11 2.607376635e-11 3.476499249e-11 2.844409982e-11 3.397485513e-11 4.266605995e-11 3.002433552e-11 3.239453628e-11 2.370337486e-11 3.397484284e-11 3.871556347e-11 5.135731127e-11 3.634520202e-11 3.950570982e-11 3.397483968e-11 3.31847938e-11 3.634527163e-11 4.108587907e-11 3.555509909e-11 4.266612236e-11 4.187595599e-11 3.31847483e-11 3.081435072e-11 3.871560043e-11 3.71351544e-11 2.686375604e-11 2.765395269e-11 4.187602494e-11 3.950572435e-11 3.002431587e-11 3.87154441e-11 3.002428062e-11 3.00243563e-11 3.397485957e-11 3.002418834e-11 3.476510189e-11 3.002423008e-11 3.950573732e-11 3.871544814e-11 2.844401361e-11 3.160451991e-11 4.108597431e-11 3.318477884e-11 2.212322018e-11 2.765400661e-11 3.239466086e-11 3.081440329e-11 3.081442766e-11 3.239469994e-11 2.765405691e-11 2.923421732e-11 3.31846718e-11 2.528354843e-11 2.686388951e-11 3.318476229e-11 4.187603013e-11 2.923414914e-11 3.081432532e-11 4.266605437e-11 3.239458578e-11 3.160449402e-11 3.239465635e-11 3.871549762e-11 4.029584882e-11 3.002425513e-11 3.081439715e-11 3.23946618e-11 3.002434137e-11 3.476499163e-11 3.002427021e-11 2.528356716e-11 3.713532181e-11 3.160445025e-11 3.081438882e-11 3.16045892e-11 2.765395271e-11 2.765396321e-11 4.424637151e-11 2.923425805e-11 3.397493245e-11 2.212317016e-11 3.23946764e-11 3.555509248e-11 4.345615775e-11 3.871550419e-11 3.555506916e-11 2.528363274e-11 3.476491688e-11 2.370339935e-11 3.792551152e-11 2.449344836e-11 2.607372795e-11 3.397496805e-11 3.713533233e-11 1.817254615e-11 2.686384401e-11 3.713524803e-11 2.844402863e-11 2.844406401e-11 3.160454992e-11 3.08143489e-11 2.844403533e-11 2.44934558e-11 3.318477433e-11 3.476489355e-11 2.60737834e-11 2.607370261e-11 2.765396759e-11 3.713531504e-11 3.713515384e-11 3.476491008e-11 2.765393035e-11 2.528368779e-11 2.84440845e-11 3.081439498e-11 2.765401667e-11 3.476506099e-11 3.002427143e-11 3.160452741e-11 2.054290311e-11 2.370331044e-11 3.081442814e-11 2.844407612e-11 2.765398942e-11 3.476488778e-11 2.765402144e-11 3.002428591e-11 3.160460024e-11 2.449347315e-11 2.844403298e-11 2.844404903e-11 2.844409814e-11 3.002434366e-11 2.291323778e-11 2.133303081e-11 2.607372542e-11 2.291327404e-11 2.528363468e-11 2.528366701e-11 2.449352732e-11 2.370340919e-11 2.291320843e-11 2.370336025e-11 1.659239505e-11 1.896265539e-11 2.844403613e-11 3.081445082e-11 2.370344225e-11 2.449343082e-11 2.52835466e-11 2.370338958e-11 2.686378959e-11 2.686380405e-11 2.765393929e-11 2.449345404e-11 2.765399477e-11 3.081450131e-11 2.449352449e-11 2.686381918e-11 1.97527998e-11 2.133306707e-11 
2.528369489e-11 2.607369654e-11 2.133315282e-11 2.528362659e-11 2.212323601e-11 2.05429516e-11 3.239443537e-11 2.449348588e-11 2.054295037e-11 1.975285578e-11 2.528361696e-11 2.370340378e-11 2.923413043e-11 2.370345137e-11 3.002432228e-11 2.449350996e-11 2.607368719e-11 3.318476416e-11 2.686391113e-11 3.871551099e-11 2.844415164e-11 2.528359677e-11 3.160453112e-11 2.054287851e-11 2.686391029e-11 2.844396433e-11 2.528359014e-11 3.555511941e-11 2.449362035e-11 3.002435955e-11 2.133309619e-11 3.397480927e-11 3.160450044e-11 2.528364577e-11 2.528372962e-11 2.765381887e-11 3.318471838e-11 2.370335066e-11 2.607374028e-11 3.476498022e-11 3.002430429e-11 3.792543147e-11 2.370337412e-11 2.291331399e-11 2.054295317e-11 3.002424127e-11 2.291333242e-11 3.239457441e-11 3.555515012e-11 2.607370353e-11 2.291323713e-11 2.449339948e-11 3.634524491e-11 2.686383243e-11 2.370340278e-11 3.397478784e-11 2.8444082e-11 2.844406436e-11 3.239462025e-11 2.370343698e-11 3.555510393e-11 3.160459808e-11 2.291326087e-11 2.923425833e-11 1.975279416e-11 2.686391303e-11 3.081443322e-11 2.370331673e-11 3.555504139e-11 2.21231688e-11 2.291323467e-11 2.370329507e-11 2.923421782e-11 2.686381868e-11 3.63452181e-11 2.844395109e-11 3.39747195e-11 3.476498395e-11 3.002433002e-11 3.792537196e-11 2.68639156e-11 2.686385056e-11 3.318471941e-11 4.74067461e-11 2.92341536e-11 2.607372201e-11 2.844407408e-11 3.002429604e-11 2.449348108e-11 2.607365816e-11 2.923417107e-11 3.555503417e-11 4.108588629e-11 3.160457853e-11 4.187603964e-11 3.555506877e-11 3.318473732e-11 2.844406033e-11 3.713531715e-11 3.476503577e-11 2.92343021e-11 3.55550419e-11 3.713536699e-11 3.792546433e-11 2.528365912e-11 2.844408633e-11 3.002438937e-11 3.476500418e-11 3.239461784e-11 3.555505104e-11 2.686388046e-11 3.634515106e-11 2.528362999e-11 3.318477873e-11 3.081440348e-11 2.449346676e-11 2.528359037e-11 2.765393051e-11 3.397490493e-11 3.79254068e-11 3.31847186e-11 3.23946089e-11 3.002426927e-11 3.555513385e-11 3.002428433e-11 2.607375169e-11 2.607376055e-11 3.713536194e-11 3.555504299e-11 3.160456107e-11 2.92342666e-11 3.318473128e-11 3.081435524e-11 3.397487567e-11 4.345623942e-11 3.318486546e-11 3.239469485e-11 3.555512289e-11 3.55550439e-11 3.871556768e-11 2.923419398e-11 2.686376438e-11 3.713533511e-11 3.950574019e-11 3.555511272e-11 3.476496504e-11 3.002415439e-11 4.424629433e-11 3.950563129e-11 3.160446053e-11 3.39749059e-11 3.318471472e-11 3.87155088e-11 3.00243508e-11 4.029579113e-11 3.555508304e-11 3.871554626e-11 3.792547078e-11 3.318476513e-11 4.029578812e-11 3.318481738e-11 2.76539816e-11 4.898696711e-11 3.871552975e-11 3.081435892e-11 2.923422049e-11 4.029591893e-11 3.397479379e-11 3.950574544e-11 3.555498387e-11 4.108582438e-11 2.765402822e-11 4.266619101e-11 4.424634688e-11 3.871561212e-11 3.792542207e-11 2.68638104e-11 3.950571869e-11 3.871556171e-11 4.10859127e-11 3.634515993e-11 4.661675593e-11 3.555505528e-11 3.476490291e-11 4.661671212e-11 3.55550442e-11 3.239473029e-11 2.844404028e-11 3.39747593e-11 3.476496918e-11 3.792537355e-11 4.582644884e-11 3.79253698e-11 3.634525097e-11 3.713529112e-11 3.239467167e-11 3.634520291e-11 3.792539876e-11 3.634523724e-11 4.661670552e-11 4.582659612e-11 3.002432287e-11 3.160447198e-11 2.607379996e-11 3.555503778e-11 3.397490777e-11 3.397475183e-11 3.792530229e-11 3.634520723e-11 3.634526905e-11 3.397495003e-11 3.239465246e-11 2.923421768e-11 4.661667376e-11 3.160452959e-11 4.108587785e-11 3.160448659e-11 4.187595746e-11 4.345619048e-11 3.318466418e-11 4.187605073e-11 3.871561663e-11 3.634523819e-11 3.950564472e-11 3.318469546e-11 3.239458735e-11 4.345612275e-11 4.424638958e-11 3.239465167e-11 3.476494672e-11 2.844404867e-11 4.029585719e-11 3.081444186e-11 4.266612286e-11 4.503654013e-11 3.23946772e-11 3.792545774e-11 3.476498149e-11 4.0295724e-11 2.607365742e-11 3.002431193e-11 3.792539714e-11 3.792539002e-11 3.634525189e-11 3.950565948e-11 3.950570671e-11 4.02957031e-11 3.318478289e-11 3.792550002e-11 3.63450892e-11 4.42463959e-11 3.002431073e-11 3.713537592e-11 3.081440405e-11 4.108587472e-11 4.424632441e-11 3.318479635e-11 2.923413066e-11 3.39747741e-11 3.871555488e-11 4.108593871e-11 3.634526224e-11 3.555500746e-11 3.792552645e-11 4.108574236e-11 2.68638227e-11 4.029578742e-11 3.871560508e-11 4.029580964e-11 3.713538882e-11 3.555517038e-11 3.555506931e-11 4.582647455e-11 3.239467127e-11 3.160454341e-11 2.844396572e-11 2.686388533e-11 3.71353511e-11 4.582647423e-11 4.503642936e-11 4.503648723e-11 3.950566962e-11 3.95057e-11 3.950577348e-11 2.60737275e-11 3.239459939e-11 3.871551812e-11 3.239473299e-11 4.503652512e-11 3.634522567e-11 4.266613142e-11 5.372767403e-11 4.74067646e-11 5.05671243e-11 3.476496206e-11 4.582669392e-11 3.634518101e-11 3.55550142e-11 4.108588142e-11 3.318474838e-11 3.318478143e-11 4.26660201e-11 4.187602799e-11 4.029578398e-11 4.02958512e-11 3.397487371e-11 4.187590232e-11 3.634519983e-11 4.029571234e-11 3.239462883e-11 4.266621871e-11 4.108582696e-11 4.266609991e-11 3.634515845e-11 3.239467476e-11 3.39748053e-11 3.871548615e-11 4.108596396e-11 3.713533685e-11 2.607369426e-11 3.081451431e-11 3.713528099e-11 3.239450693e-11 3.79254759e-11 3.713522392e-11 3.160457756e-11 3.713539227e-11 2.607363797e-11 3.871556929e-11 3.792546669e-11 3.002433262e-11 3.871545914e-11 3.55551493e-11 3.792554378e-11 3.397489775e-11 4.424616344e-11 4.10858512e-11 4.740678137e-11 4.108577846e-11 4.424628267e-11 2.686385957e-11 3.081439044e-11 3.3974894e-11 3.950563209e-11 4.740676508e-11 3.318474733e-11 3.002423916e-11 4.661667145e-11 3.555507557e-11 4.187599277e-11 3.002429371e-11 4.503650398e-11 2.370340294e-11 3.871550115e-11 4.345616874e-11 3.555508753e-11 3.23945235e-11 4.108594483e-11 3.160441443e-11 2.528359637e-11 3.555512713e-11 2.923416358e-11 3.0814414e-11 3.397483954e-11 3.397499596e-11 3.397488216e-11 3.239464706e-11 2.923413133e-11 3.239461944e-11 3.239462554e-11 3.160440145e-11 3.160455555e-11 3.397490812e-11 4.187596852e-11 3.792541055e-11 2.84440082e-11 3.318483229e-11 3.160460613e-11 4.029572172e-11 3.397488179e-11 3.397476369e-11 3.476499741e-11 3.634526268e-11 2.528362194e-11 3.63452401e-11 3.950570509e-11 3.002424452e-11 3.476486106e-11 3.397489475e-11 2.528361243e-11 2.607373672e-11 3.713526258e-11 3.239468106e-11 2.370345063e-11 3.081447035e-11 3.239462416e-11 3.318477402e-11 3.002430818e-11 2.765390362e-11 3.555514823e-11 3.555509974e-11 4.266613472e-11 3.397494361e-11 3.634517905e-11 2.133306078e-11 3.318469196e-11 3.318477129e-11 2.607376853e-11 3.476499447e-11 3.634518598e-11 3.318480187e-11 2.528359825e-11 3.63451362e-11 3.318472926e-11 2.528359071e-11 2.528353008e-11 2.923408678e-11 3.160452504e-11 3.397489983e-11 3.239464701e-11 3.397492321e-11 2.686386201e-11 2.844411867e-11 2.923417936e-11 2.765400942e-11 3.397480432e-11 2.76539278e-11 3.318474656e-11 3.160448502e-11 2.291332834e-11 3.081440834e-11 3.318487658e-11 3.239466e-11 3.318474374e-11 3.239457093e-11 3.476504357e-11 2.449343051e-11 1.896268689e-11 2.92342103e-11 2.844407353e-11 2.449347661e-11 2.923418396e-11 2.291323307e-11 2.92342239e-11 3.634512433e-11 3.002432814e-11 2.133306147e-11 2.765393555e-11 2.291328729e-11 3.081441972e-11 2.449358075e-11 2.054300097e-11 3.555500574e-11 2.291329512e-11 2.449356245e-11 3.002429901e-11 3.16045272e-11 2.212314478e-11 2.133308856e-11 2.607370293e-11 2.528363368e-11 2.449355343e-11 2.212317467e-11 3.318476745e-11 3.792554093e-11 2.449345555e-11 3.318482038e-11 3.239446297e-11 3.002429785e-11 2.686377546e-11 2.765393128e-11 2.449352833e-11 2.844403754e-11 2.212321102e-11 1.81725349e-11 2.528361971e-11 2.449349574e-11 3.081437673e-11 2.607368312e-11 2.844409997e-11 2.291321765e-11 2.607379073e-11 2.054300652e-11 1.896274044e-11 2.212317298e-11 2.291326061e-11 2.133305643e-11 3.239461008e-11 2.528360898e-11 2.528370933e-11 2.844403721e-11 2.370348544e-11 1.817257946e-11 2.449350729e-11 1.975283472e-11 1.81726273e-11 2.844409866e-11 2.212323528e-11 2.370340231e-11 1.659239221e-11 1.975285241e-11 
2.844403128e-11 2.686383605e-11 2.133301956e-11 2.291321275e-11 2.607373078e-11 3.002428599e-11 2.765395179e-11 2.923418521e-11 1.975285437e-11 3.555506683e-11 2.923418045e-11 2.054284084e-11 1.975277215e-11 2.054291862e-11 2.054304701e-11 2.291330544e-11 2.765389613e-11 1.738247169e-11 2.68637962e-11 2.686383566e-11 2.133306068e-11 1.975284118e-11 1.975286255e-11 2.449350221e-11 2.291322515e-11 2.370337283e-11 2.370338545e-11 2.449356496e-11 2.528362142e-11 2.844407916e-11 3.160462158e-11 2.291324417e-11 2.923421716e-11 2.370339402e-11 2.686391099e-11 2.212319361e-11 2.528351147e-11 3.081444015e-11 3.00243456e-11 3.318475852e-11 2.13330213e-11 3.081439851e-11 2.686387435e-11 2.607377532e-11 2.607366731e-11 2.607364394e-11 2.844411206e-11 2.686375673e-11 3.397489703e-11 2.765400571e-11 2.686381604e-11 2.607377973e-11 1.73825521e-11 3.318473875e-11 2.844410065e-11 2.133299091e-11 2.370339494e-11 2.370338764e-11 3.239458064e-11 2.844406888e-11 3.081430578e-11 2.370337296e-11 2.607364991e-11 3.397492861e-11 3.160454459e-11 3.002429337e-11 3.081442664e-11 2.528352544e-11 3.002432287e-11 2.765393345e-11 1.817263067e-11 3.397480014e-11 2.291324441e-11 3.871551351e-11 3.160468191e-11 2.923423061e-11 2.686372234e-11 3.160452217e-11 2.054285142e-11 2.21231587e-11 3.555507784e-11 2.923418838e-11 3.8715651e-11 3.713524173e-11 3.081436068e-11 3.160453528e-11 2.844409691e-11 3.634521925e-11 1.975285396e-11 3.397489815e-11 2.92342023e-11 2.765396158e-11 3.239460195e-11 3.792539083e-11 2.449350544e-11 3.160452219e-11 3.555519786e-11 2.449343291e-11 2.765389339e-11 3.476493564e-11 2.765393663e-11 3.634518825e-11 3.634516909e-11 2.52835917e-11 2.923421559e-11 3.792537235e-11 3.081438756e-11 3.318476598e-11 3.950560175e-11 2.054295203e-11 2.686394506e-11 3.555499099e-11 3.08145163e-11 4.42462544e-11 4.108586002e-11 2.607364026e-11 3.318473881e-11 2.528361006e-11 3.634512687e-11 3.476502663e-11 3.318471631e-11 3.555505495e-11 3.397485534e-11 3.397482781e-11 3.081426771e-11 2.84441234e-11 3.871556281e-11 3.318481551e-11 2.291333163e-11 2.686378187e-11 3.002419589e-11 4.108581474e-11 3.871552563e-11 3.792542763e-11 3.4764951e-11 3.239469769e-11 4.266611759e-11 3.792547377e-11 2.923422083e-11 3.555505205e-11 3.5555168e-11 2.686377408e-11 3.239471573e-11 3.950567108e-11 3.792547648e-11 4.503656379e-11 3.318476309e-11 3.555518064e-11 4.819684021e-11 2.133305354e-11 3.002428884e-11 3.239461848e-11 2.844398197e-11 3.081441722e-11 3.555501404e-11 3.239462744e-11 4.029578859e-11 3.318476449e-11 3.555517954e-11 3.871555925e-11 2.923421682e-11 3.160456245e-11 3.871539115e-11 3.160451177e-11 3.476501605e-11 3.397489737e-11 2.923421085e-11 3.555510888e-11 3.871551896e-11 3.476485868e-11 3.239463538e-11 4.10858841e-11 3.081447747e-11 3.476489887e-11 5.056720554e-11 3.160451588e-11 3.871544897e-11 3.397484735e-11 3.002439678e-11 3.00242685e-11 4.582661268e-11 3.713524163e-11 3.634519316e-11 3.476494679e-11 2.607370601e-11 4.424618944e-11 3.792553319e-11 4.108593329e-11 4.424635059e-11 3.950564621e-11 3.555516434e-11 4.266617551e-11 3.239473392e-11 2.686384326e-11 3.318470058e-11 2.291335636e-11 3.081443362e-11 4.029584419e-11 2.844419538e-11 3.081452385e-11 3.871560216e-11 4.0295809e-11 3.713536812e-11 4.58266565e-11 3.871554927e-11 3.239464047e-11 3.555509199e-11 3.16045314e-11 4.345628853e-11 2.686388201e-11 4.345628571e-11 4.819690351e-11 4.187583918e-11 4.898707841e-11 4.582653773e-11 3.792549265e-11 3.318477528e-11 2.844409966e-11 3.713533691e-11 4.108589193e-11 4.108592307e-11 3.160445212e-11 4.02957814e-11 3.16046053e-11 3.713534489e-11 4.187593041e-11 3.239463121e-11 4.898709861e-11 3.634527783e-11 3.713531736e-11 3.239452964e-11 3.318475967e-11 4.424626835e-11 3.555505298e-11 3.55550864e-11 3.634517294e-11 3.239459214e-11 3.239455264e-11 4.187594196e-11 3.47649303e-11 3.871546381e-11 3.634520303e-11 3.950557921e-11 3.63451679e-11 3.081450824e-11 5.372772241e-11 3.555517076e-11 4.187597159e-11 3.081430673e-11 3.871556306e-11 3.950558858e-11 4.187605466e-11 3.318476808e-11 3.160460941e-11 3.555510669e-11 3.397472625e-11 4.740673887e-11 3.63452188e-11 4.661676437e-11 4.108580925e-11 3.634516076e-11 4.029576759e-11 4.266610333e-11 4.661673981e-11 4.424632848e-11 3.081452772e-11 3.634513909e-11 3.950555304e-11 4.977697506e-11 2.923415846e-11 3.634519152e-11 3.634522095e-11 3.871550148e-11 3.950562568e-11 4.266617625e-11 3.792547831e-11 3.792538785e-11 3.71351676e-11 3.239461326e-11 3.239460848e-11 3.871555549e-11 3.160461764e-11 4.898699666e-11 4.424642079e-11 3.950563259e-11 4.029579033e-11 4.424632904e-11 3.871562071e-11 3.318467625e-11 3.871566344e-11 4.029580367e-11 4.108588808e-11 3.476493482e-11 4.187609562e-11 3.713527649e-11 3.160452801e-11 3.318474719e-11 3.792556382e-11 3.476489324e-11 4.266612032e-11 3.002426439e-11 2.84440201e-11 3.397489062e-11 4.42462562e-11 3.950552376e-11 3.871544813e-11 4.029573308e-11 3.792555351e-11 3.239457087e-11 3.239459438e-11 3.634522252e-11 3.634520085e-11 4.266620986e-11 3.002431876e-11 3.713531584e-11 3.318474754e-11 4.819693062e-11 3.950563157e-11 3.792556027e-11 2.923421102e-11 4.187596946e-11 4.108590044e-11 3.555512153e-11 3.476512306e-11 3.476493733e-11 3.397481758e-11 3.871550774e-11 3.31847247e-11 3.081438328e-11 3.397478435e-11 5.056721648e-11 3.713532959e-11 3.950565729e-11 4.50365489e-11 2.923415814e-11 4.266613161e-11 3.792552785e-11 4.108576483e-11 3.08144052e-11 3.397485722e-11 3.160458662e-11 4.345609597e-11 3.239458863e-11 3.318473976e-11 4.661656609e-11 3.950566262e-11 2.765385714e-11 3.318472429e-11 4.187593368e-11 3.555509948e-11 3.634521671e-11 3.63451832e-11 3.555515216e-11 4.029576398e-11 3.08144326e-11 3.318465202e-11 4.108593496e-11 3.318488458e-11 4.029570648e-11 3.871552643e-11 2.844408265e-11 3.239463419e-11 3.239462368e-11 2.923414856e-11 3.160462196e-11 3.160453937e-11 3.081441312e-11 3.713527593e-11 3.555505129e-11 3.081437093e-11 3.160447814e-11 4.108580496e-11 4.108592278e-11 3.476507814e-11 2.528366588e-11 3.55550418e-11 3.47650005e-11 3.634519931e-11 2.607375284e-11 3.160456396e-11 3.397490202e-11 3.871554483e-11 4.26660553e-11 3.397485392e-11 2.686378388e-11 2.686378893e-11 3.081445572e-11 3.476501345e-11 3.318476964e-11 4.187587652e-11 3.476504609e-11 3.555514727e-11 3.397488274e-11 3.239466729e-11 2.923411325e-11 3.950570877e-11 3.555509492e-11 2.607378466e-11 3.950570311e-11 3.0814379e-11 3.318478461e-11 3.871549955e-11 3.397484617e-11 3.002428826e-11 2.291327573e-11 3.160457422e-11 3.160449943e-11 3.476494804e-11 2.765383529e-11 2.765398558e-11 1.896277467e-11 2.60737179e-11 3.002426285e-11 2.923421443e-11 2.923407742e-11 2.212319893e-11 3.397479644e-11 2.923417628e-11 2.528363546e-11 3.555508978e-11 3.397484539e-11 3.713531608e-11 3.476495969e-11 2.844402443e-11 3.002430881e-11 3.55550341e-11 3.555505485e-11 3.239456556e-11 3.081437248e-11 2.528365171e-11 2.607377654e-11 2.44933978e-11 2.923403594e-11 2.923415331e-11 3.081440475e-11 3.555510535e-11 3.081435403e-11 2.291329989e-11 2.844410563e-11 3.081445399e-11 2.52835852e-11 2.528359813e-11 2.528363692e-11 3.081430896e-11 3.002430261e-11 2.528366984e-11 2.607378057e-11 2.686385459e-11 2.765391561e-11 3.318468267e-11 2.92341179e-11 2.291330444e-11 2.054298375e-11 2.449340696e-11 3.002434336e-11 2.923419671e-11 2.528359798e-11 2.449342716e-11 2.291321428e-11 2.844409018e-11 2.528369882e-11 3.081438151e-11 3.634512914e-11 2.449348453e-11 2.054297554e-11 3.002430735e-11 2.923416483e-11 3.555506367e-11 2.68638407e-11 1.896272794e-11 2.765397487e-11 2.52835587e-11 2.212310637e-11 2.686383358e-11 3.318478454e-11 1.738246891e-11 2.212306516e-11 2.13330161e-11 2.765400047e-11 3.081447568e-11 2.765399202e-11 3.634521173e-11 2.370341638e-11 2.765404974e-11 2.923419084e-11 2.29132614e-11 2.607370659e-11 2.13330394e-11 3.002436615e-11 3.002425633e-11 2.133308086e-11 3.081444393e-11 2.370343525e-11 3.239467459e-11 2.370340567e-11 2.212320837e-11 2.607370916e-11 2.528366763e-11 1.738250652e-11 2.528365253e-11 2.528371503e-11 
1.659239438e-11 2.370338591e-11 2.765400909e-11 2.528362121e-11 2.370336884e-11 1.580221985e-11 3.081444484e-11 2.133311849e-11 2.291315122e-11 2.133300547e-11 1.738255634e-11 2.60737263e-11 3.318469315e-11 3.239461249e-11 2.291330131e-11 2.2123113e-11 2.133303239e-11 2.370340146e-11 2.449354407e-11 3.002423222e-11 2.37033977e-11 2.528354954e-11 3.555507389e-11 2.686387612e-11 3.081440269e-11 2.844411088e-11 2.607373797e-11 3.0814419e-11 2.686381527e-11 1.65923904e-11 1.975283235e-11 2.212306604e-11 3.397492885e-11 2.607364156e-11 3.160446923e-11 2.607376325e-11 3.081426912e-11 2.686390051e-11 2.370339418e-11 2.607383597e-11 2.76539534e-11 3.081438341e-11 2.133305274e-11 3.476495138e-11 3.239467114e-11 2.370333025e-11 2.212317084e-11 2.844412717e-11 3.002420607e-11 2.528356656e-11 3.002424147e-11 4.029564384e-11 2.765383575e-11 2.844404479e-11 2.44934391e-11 3.3184736e-11 3.318467458e-11 3.634508442e-11 2.607366143e-11 1.8962715e-11 2.923422116e-11 3.476488817e-11 2.528361192e-11 2.844411044e-11 2.686374022e-11 3.23945558e-11 2.528361696e-11 2.528364001e-11 2.686379753e-11 2.449354803e-11 2.607376278e-11 2.054299264e-11 2.133304934e-11 2.765393797e-11 2.133302727e-11 3.476501706e-11 3.555503459e-11 2.291330398e-11 3.713538252e-11 2.607376973e-11 2.686383451e-11 2.923410152e-11 3.081436469e-11 3.239468149e-11 3.16043845e-11 2.607372451e-11 2.607374125e-11 3.002438476e-11 1.975283308e-11 3.160443798e-11 3.239463893e-11 3.634519275e-11 3.555507256e-11 2.528358737e-11 3.871545901e-11 1.896261547e-11 3.239454646e-11 2.844399695e-11 2.844410753e-11 3.081441651e-11 3.002427298e-11 3.713525797e-11 3.634517083e-11 3.318470574e-11 3.318471233e-11 3.476498961e-11 3.002418796e-11 3.318476378e-11 3.08144218e-11 2.84441988e-11 3.318478529e-11 3.318475944e-11 2.528362059e-11 3.713531135e-11 2.844408538e-11 3.397488465e-11 2.765397856e-11 4.108594679e-11 3.634515932e-11 3.476488511e-11 2.844412931e-11 4.029576847e-11 3.555499043e-11 4.503649908e-11 2.844412027e-11 2.449351744e-11 4.029560535e-11 3.792541488e-11 3.476495669e-11 3.397486041e-11 3.318483468e-11 3.950568809e-11 3.634525456e-11 3.39749094e-11 3.31847389e-11 3.713534231e-11 3.476509329e-11 3.871552466e-11 3.476488565e-11 3.713522787e-11 3.555514875e-11 3.555512982e-11 2.923422185e-11 2.923409977e-11 3.476502666e-11 3.634522879e-11 3.318475847e-11 2.528359007e-11 4.26660698e-11 3.081446314e-11 3.397489155e-11 3.871553263e-11 3.00242805e-11 3.71352478e-11 3.555513953e-11 3.950566944e-11 3.713532982e-11 4.424625592e-11 4.266613408e-11 4.740677423e-11 4.029567181e-11 2.844395792e-11 4.029584652e-11 3.634520698e-11 3.792538775e-11 3.71353621e-11 2.054297234e-11 3.555505215e-11 3.713542024e-11 4.187603818e-11 3.160457112e-11 4.345633301e-11 4.02957193e-11 3.792541074e-11 3.397489306e-11 2.765395188e-11 3.713532493e-11 4.108588871e-11 3.160448244e-11 3.950570422e-11 3.002426786e-11 3.160442917e-11 3.555512706e-11 3.555507285e-11 3.397491542e-11 3.555498227e-11 3.634519651e-11 3.318472811e-11 3.476506291e-11 4.029565658e-11 3.397478496e-11 3.871549527e-11 3.634520093e-11 3.555498503e-11 4.187594116e-11 3.318482016e-11 4.740672956e-11 3.160455693e-11 2.686384403e-11 3.713522937e-11 4.187591573e-11 3.634518503e-11 4.424631658e-11 4.108581958e-11 2.370343883e-11 4.108587899e-11 4.108588502e-11 3.950574687e-11 5.214751681e-11 4.661661072e-11 3.792546388e-11 3.318481068e-11 3.397482574e-11 4.266618272e-11 3.476501173e-11 4.661666596e-11 3.555509761e-11 4.187599893e-11 3.39749231e-11 3.318481192e-11 4.187601058e-11 3.31847855e-11 3.871556676e-11 4.42463834e-11 3.713534768e-11 3.950564849e-11 4.266604666e-11 3.871556272e-11 3.713525593e-11 4.266612109e-11 3.476492211e-11 3.555513038e-11 4.029580602e-11 4.345625554e-11 3.397489471e-11 3.318469582e-11 4.187599427e-11 3.397480771e-11 3.318476668e-11 3.713536975e-11 3.397485881e-11 3.555505724e-11 3.476505021e-11 4.819691891e-11 4.029581599e-11 3.713528244e-11 4.029570068e-11 4.187594404e-11 4.740682619e-11 3.634517066e-11 4.582660432e-11 3.871541594e-11 3.318474258e-11 3.792553678e-11 4.108586368e-11 4.424636979e-11 3.16044657e-11 3.476506433e-11 3.871559239e-11 3.397490332e-11 4.424621323e-11 3.713532914e-11 3.634522386e-11 3.397489826e-11 3.871555058e-11 3.160456051e-11 4.108582095e-11 3.71353963e-11 4.503638487e-11 3.871564773e-11 2.923411829e-11 4.740682678e-11 3.634526456e-11 4.187598097e-11 3.476492045e-11 3.950556623e-11 3.713531833e-11 4.345623708e-11 4.029584023e-11 3.634529756e-11 3.713533154e-11 4.108593359e-11 3.555504577e-11 3.713528534e-11 4.108589454e-11 4.661663282e-11 4.029574365e-11 4.661664735e-11 3.239450428e-11 3.792533655e-11 4.187598971e-11 3.555511813e-11 3.476500943e-11 3.397481856e-11 4.424649789e-11 4.58263966e-11 3.871553172e-11 4.819691102e-11 3.002427929e-11 3.318474204e-11 2.607374444e-11 3.397478723e-11 3.555511223e-11 4.266617944e-11 4.108585793e-11 3.871547617e-11 4.266603302e-11 3.476480713e-11 3.713528293e-11 3.318473056e-11 4.029585982e-11 3.002431392e-11 4.029586214e-11 4.108585805e-11 4.02957902e-11 3.002431711e-11 4.503645453e-11 3.081439044e-11 3.713527372e-11 4.898699347e-11 4.108584471e-11 4.266603123e-11 3.713532407e-11 3.950572226e-11 4.108598129e-11 2.607372975e-11 4.029570975e-11 3.555508149e-11 3.476497921e-11 3.318485148e-11 2.844412381e-11 3.476478757e-11 3.792548995e-11 3.55550971e-11 3.950548783e-11 3.871555648e-11 4.029581733e-11 3.950575762e-11 3.476495302e-11 3.397481241e-11 3.555512872e-11 3.713529354e-11 4.108590753e-11 4.029568401e-11 3.713535347e-11 4.819690609e-11 2.212317309e-11 3.476502134e-11 3.476502053e-11 4.029585404e-11 3.476498237e-11 3.792551383e-11 3.239459442e-11 4.424621144e-11 3.555519901e-11 3.47650334e-11 2.370339132e-11 4.266606714e-11 3.634516184e-11 3.87154832e-11 3.397471618e-11 3.792543553e-11 4.108570286e-11 3.950572879e-11 3.792538347e-11 3.792546259e-11 2.686383217e-11 2.844411095e-11 2.607365393e-11 3.634518179e-11 2.765385648e-11 3.397488235e-11 3.397477398e-11 2.844404525e-11 4.58264017e-11 2.5283635e-11 3.476499707e-11 4.187609482e-11 3.397483952e-11 3.397492419e-11 4.345610625e-11 3.950569624e-11 2.686381576e-11 3.476494452e-11 3.239463553e-11 3.713521296e-11 3.792551515e-11 3.002435779e-11 3.318481022e-11 3.002425635e-11 3.871555479e-11 2.765399309e-11 3.002429249e-11 4.029572559e-11 4.345628333e-11 2.923417499e-11 4.02958635e-11 3.239476034e-11 3.239456231e-11 3.081440795e-11 3.081441569e-11 3.950563328e-11 3.160448152e-11 2.686393895e-11 3.476499263e-11 2.68639005e-11 2.449350493e-11 3.318466316e-11 3.634524456e-11 3.713512954e-11 2.844400982e-11 3.476491579e-11 3.555511241e-11 3.950571103e-11 2.686378831e-11 2.686387542e-11 3.002434617e-11 3.871548134e-11 3.160457388e-11 3.081435749e-11 3.239466023e-11 2.133305059e-11 2.528369813e-11 2.923415181e-11 2.92342586e-11 2.528359573e-11 3.634526648e-11 1.817258e-11 2.449359202e-11 2.686386632e-11 3.239461093e-11 2.370346195e-11 2.844403334e-11 3.081444141e-11 3.16045997e-11 3.318472778e-11 2.528365846e-11 2.765398475e-11 2.212318203e-11 3.002422473e-11 2.844396887e-11 2.607371997e-11 2.765389336e-11 2.133303944e-11 3.160459042e-11 3.239455945e-11 2.686386204e-11 2.607380645e-11 3.160457365e-11 3.476489534e-11 3.002422166e-11 2.449349875e-11 2.765403203e-11 3.634522379e-11 2.765395636e-11 2.923414931e-11 2.844410568e-11 3.08144469e-11 3.87155011e-11 3.160455464e-11 2.60737094e-11 3.239470781e-11 2.370339191e-11 2.133304923e-11 2.05429325e-11 2.528359392e-11 2.133302555e-11 1.975280843e-11 2.686381441e-11 1.97528849e-11 2.607371607e-11 2.844405326e-11 3.792549101e-11 2.291324827e-11 1.817260458e-11 1.817262209e-11 3.002430305e-11 2.133298839e-11 3.081440799e-11 1.975280231e-11 2.054295489e-11 2.133301223e-11 2.765403604e-11 2.133306699e-11 2.449348309e-11 2.370338542e-11 3.00242641e-11 2.844404497e-11 2.370346053e-11 2.528365863e-11 2.60737918e-11 1.896258643e-11 2.607369123e-11 2.844401608e-11 1.896260663e-11 2.291330233e-11 2.765399598e-11 1.975287197e-11 3.081440486e-11 2.449350852e-11 2.686381752e-11 
1.896270347e-11 2.923407283e-11 2.923416943e-11 2.370331664e-11 2.133305693e-11 1.73824613e-11 2.765393351e-11 1.896275816e-11 2.370342821e-11 1.817264257e-11 2.370351311e-11 2.291329228e-11 2.054300707e-11 2.686383801e-11 2.844405169e-11 2.054290111e-11 3.081446442e-11 2.607376713e-11 2.212317902e-11 2.054299285e-11 3.555501416e-11 3.239461273e-11 2.923420964e-11 3.160452783e-11 3.081438753e-11 2.291322894e-11 2.212317306e-11 2.449347572e-11 2.449353994e-11 2.133301422e-11 2.370337344e-11 2.607372183e-11 3.002424945e-11 2.449350968e-11 2.923418925e-11 2.686388125e-11 2.291324238e-11 3.397490136e-11 2.844391173e-11 2.449345877e-11 3.39748273e-11 3.002425378e-11 3.00243506e-11 2.84441056e-11 3.239477076e-11 2.765393102e-11 2.212317251e-11 2.686381031e-11 2.686381489e-11 2.370343072e-11 2.29132213e-11 3.160453971e-11 2.923408573e-11 2.528351218e-11 3.555513378e-11 3.397486259e-11 2.923427861e-11 3.555507002e-11 2.686389672e-11 2.844411831e-11 2.686390518e-11 2.607373372e-11 2.686387231e-11 2.291330098e-11 2.607370702e-11 2.44935382e-11 3.555509607e-11 2.923414503e-11 3.476506168e-11 3.16044914e-11 2.923420445e-11 3.160447984e-11 3.792538936e-11 3.239464507e-11 4.50364354e-11 3.239468559e-11 3.713524114e-11 3.634508708e-11 2.528356511e-11 3.239455981e-11 3.476505935e-11 3.792541668e-11 2.607377702e-11 3.713536555e-11 3.081439784e-11 3.002435608e-11 3.239474688e-11 3.555518592e-11 3.634523774e-11 2.765393451e-11 3.239461447e-11 2.449354726e-11 4.108586055e-11 3.081439196e-11 2.607367264e-11 2.923422074e-11 2.607373053e-11 3.318470026e-11 3.081443254e-11 3.397487033e-11 3.397479023e-11 2.923417041e-11 4.029567371e-11 3.476497227e-11 3.555505991e-11 3.634517305e-11 3.79254346e-11 2.923409859e-11 3.002433626e-11 2.765385498e-11 3.792531455e-11 3.397493366e-11 3.239462522e-11 3.950561401e-11 4.108581352e-11 3.081440914e-11 2.923419199e-11 3.476500476e-11 3.555503654e-11 3.239464106e-11 3.318477656e-11 3.002424995e-11 3.634521842e-11 4.029580598e-11 3.713536228e-11 3.95056931e-11 3.002425913e-11 3.160451003e-11 3.318476517e-11 3.634519306e-11 4.266612678e-11 3.713522436e-11 4.424633654e-11 3.555520728e-11 3.79254216e-11 3.713536218e-11 3.081430132e-11 2.844407467e-11 3.792540047e-11 2.844415617e-11 3.713535123e-11 4.503637656e-11 3.950558718e-11 3.081448335e-11 3.476501542e-11 3.555502614e-11 2.133304414e-11 2.92341487e-11 2.844403679e-11 4.740678965e-11 4.187608015e-11 4.266605609e-11 2.844412777e-11 3.950560694e-11 4.74067646e-11 3.792531361e-11 3.792543891e-11 4.345621119e-11 3.160457923e-11 4.266609989e-11 3.397479186e-11 3.555522154e-11 3.476496242e-11 3.792545313e-11 4.187607563e-11 3.634526388e-11 3.476496642e-11 3.081444793e-11 4.582660921e-11 3.871546882e-11 4.029583091e-11 3.002430153e-11 3.950567658e-11 3.239467357e-11 3.239464907e-11 4.187595616e-11 3.318478048e-11 4.345628935e-11 3.081441904e-11 3.634527269e-11 3.555510976e-11 3.713535033e-11 4.266603524e-11 3.239454179e-11 3.871554703e-11 3.397491151e-11 3.160454393e-11 4.34561989e-11 4.582663229e-11 3.555508243e-11 4.977725437e-11 4.50364246e-11 3.63451674e-11 4.503638339e-11 4.108596495e-11 3.55550655e-11 4.108600927e-11 4.029574787e-11 3.634522256e-11 4.266620277e-11 4.108587701e-11 4.10858048e-11 4.740678878e-11 3.476495145e-11 3.160453323e-11 4.108587594e-11 4.42463697e-11 4.108585238e-11 4.819694215e-11 4.02958084e-11 3.634521242e-11 3.792536566e-11 3.397481623e-11 4.42462428e-11 4.187609706e-11 3.318470616e-11 4.02957851e-11 4.740688808e-11 4.58265399e-11 3.239455147e-11 3.634528454e-11 4.187594087e-11 3.634526729e-11 4.661679036e-11 3.476489979e-11 3.634530655e-11 3.318467979e-11 4.424631297e-11 4.42463814e-11 3.31847262e-11 4.345622136e-11 3.555506863e-11 3.71352883e-11 3.71352359e-11 3.239465277e-11 4.503657141e-11 3.476498818e-11 3.713538031e-11 3.713527518e-11 4.108595919e-11 4.1085809e-11 4.977710664e-11 5.05672343e-11 4.029577517e-11 3.792545239e-11 4.819690363e-11 4.029574606e-11 3.476497865e-11 3.713522076e-11 3.160450888e-11 4.108588101e-11 2.765397095e-11 2.528359889e-11 3.713523159e-11 3.318470658e-11 3.160458752e-11 3.397483984e-11 4.108576748e-11 3.476498933e-11 3.95055647e-11 3.871553673e-11 3.002429285e-11 3.871556907e-11 3.16045731e-11 5.056723533e-11 3.950556978e-11 4.029582484e-11 3.081440191e-11 4.266609327e-11 3.476495084e-11 3.002431206e-11 3.002429702e-11 3.002422959e-11 2.923421712e-11 2.923416339e-11 4.266603458e-11 3.713527733e-11 4.503650225e-11 3.713536137e-11 3.002426913e-11 4.50364931e-11 3.792551943e-11 3.713531526e-11 4.503644448e-11 4.108591986e-11 4.108577676e-11 3.713532559e-11 4.029575132e-11 4.187606115e-11 3.871554113e-11 3.950559266e-11 3.555508234e-11 3.239462203e-11 4.503646839e-11 4.108598821e-11 4.187600206e-11 3.713539234e-11 2.68638804e-11 3.792548617e-11 3.397484553e-11 3.081436963e-11 2.607378106e-11 3.397480427e-11 3.397484876e-11 4.503647485e-11 4.266606278e-11 4.503643138e-11 3.555498825e-11 4.582643623e-11 4.187586205e-11 3.16045524e-11 4.345613303e-11 4.66166783e-11 3.318479803e-11 3.950570055e-11 3.950566056e-11 4.740685001e-11 3.55550654e-11 3.318479878e-11 3.318474516e-11 4.345618467e-11 2.92342381e-11 3.950558282e-11 3.871559543e-11 3.318488461e-11 3.555507893e-11 3.476501665e-11 4.108582603e-11 3.792538425e-11 3.16045249e-11 3.08142868e-11 4.187600613e-11 3.476494321e-11 4.266601122e-11 3.871553946e-11 3.950560917e-11 3.555498741e-11 4.108585482e-11 2.923420933e-11 3.87156388e-11 4.424630143e-11 3.792543434e-11 3.160448765e-11 3.239464187e-11 4.424632297e-11 3.950552986e-11 3.555506975e-11 3.634520611e-11 4.187599395e-11 3.002430357e-11 3.239437808e-11 3.239476814e-11 3.318474261e-11 3.160456425e-11 2.923427009e-11 3.950559192e-11 3.713523576e-11 4.029589617e-11 2.686394921e-11 2.765398849e-11 3.634528071e-11 3.002426519e-11 2.686380528e-11 4.18759429e-11 4.582671089e-11 3.555502253e-11 3.002431791e-11 4.029567051e-11 4.345620448e-11 4.345617342e-11 3.634519809e-11 2.92341583e-11 2.844409035e-11 3.87155107e-11 3.081441629e-11 3.713533676e-11 3.555518407e-11 3.002432579e-11 3.792544763e-11 3.23946632e-11 4.740676334e-11 3.792549301e-11 4.029563128e-11 3.397493785e-11 3.950567571e-11 3.792546231e-11 3.476487665e-11 3.081441188e-11 3.397481977e-11 4.10858005e-11 3.081432188e-11 3.002437301e-11 2.923414487e-11 3.871560321e-11 3.081442435e-11 3.555506144e-11 3.160451816e-11 3.081438878e-11 3.239468899e-11 2.5283575e-11 2.765397604e-11 2.923421585e-11 2.370330705e-11 3.792530252e-11 3.634523165e-11 3.397486678e-11 3.160463172e-11 3.397484364e-11 3.002424103e-11 3.634522844e-11 3.555496343e-11 3.476504877e-11 4.345623785e-11 3.397493676e-11 2.291315489e-11 2.291316707e-11 2.528365286e-11 3.397486488e-11 3.081437637e-11 3.555505741e-11 3.476504667e-11 2.291334972e-11 2.92340799e-11 3.713527983e-11 3.081445844e-11 3.634526749e-11 2.607359802e-11 2.686377089e-11 3.002436288e-11 3.081433915e-11 3.239457958e-11 2.686388121e-11 2.923418432e-11 3.318471386e-11 1.896273319e-11 2.370335865e-11 3.792544592e-11 2.528363897e-11 2.765394316e-11 3.239460824e-11 3.239472747e-11 2.449347515e-11 3.002433517e-11 3.318478053e-11 2.8444041e-11 3.31847814e-11 3.555506997e-11 2.844402653e-11 3.160463002e-11 2.52836881e-11 3.634519338e-11 3.081446846e-11 2.686378625e-11 2.212314998e-11 2.528359295e-11 3.397486864e-11 3.002428238e-11 2.923422074e-11 2.765383644e-11 2.844411738e-11 2.370342406e-11 2.449345554e-11 2.4493464e-11 2.370346537e-11 3.081439358e-11 2.528352958e-11 2.291335198e-11 2.765390365e-11 2.054300347e-11 2.92341687e-11 2.133298163e-11 2.291329876e-11 3.476502128e-11 2.765399334e-11 2.765397167e-11 2.844406478e-11 2.291333239e-11 2.291322502e-11 2.133307895e-11 2.449352551e-11 2.923410874e-11 2.291321413e-11 2.054301631e-11 2.607373923e-11 2.212313955e-11 2.923420523e-11 2.844407703e-11 2.528358122e-11 3.00242793e-11 3.634520174e-11 1.50121196e-11 1.580226859e-11 2.212327698e-11 2.528357973e-11 2.528357671e-11 2.686387338e-11 1.659236554e-11 1.73824608e-11 2.528363002e-11 1.817256233e-11 2.528364026e-11 
2.054299595e-11 2.054291669e-11 3.160456839e-11 3.476490951e-11 3.239465965e-11 2.449345584e-11 3.476491964e-11 1.738252863e-11 2.76539143e-11 2.449347555e-11 1.343197287e-11 2.528360392e-11 2.21231209e-11 1.896270023e-11 2.370337143e-11 3.081447802e-11 2.212314587e-11 1.975287244e-11 2.923414661e-11 1.738250897e-11 2.686387687e-11 2.686377356e-11 3.634506791e-11 2.528356291e-11 2.291325303e-11 2.923419222e-11 3.081445653e-11 1.896270949e-11 3.081440512e-11 2.528368476e-11 2.92340944e-11 2.528357498e-11 2.84440712e-11 3.081441453e-11 3.002435247e-11 2.686383956e-11 2.054292227e-11 2.212313797e-11 3.081437308e-11 2.844405652e-11 3.00242379e-11 1.975283004e-11 2.844417435e-11 3.081447473e-11 2.528364903e-11 2.923420273e-11 3.555511401e-11 2.844406082e-11 2.212313e-11 3.16045108e-11 2.212312845e-11 3.239452043e-11 2.765399486e-11 3.081447263e-11 3.318480635e-11 3.081436873e-11 2.923418081e-11 2.765391143e-11 2.765393837e-11 3.239452289e-11 3.63452136e-11 3.239464821e-11 3.713536307e-11 3.160453723e-11 2.607372139e-11 2.686385049e-11 1.975285668e-11 3.634520355e-11 4.029587416e-11 3.318467137e-11 2.923421066e-11 3.002439411e-11 2.765400376e-11 2.686391356e-11 3.792547259e-11 2.923413999e-11 3.002423449e-11 3.16044963e-11 3.397482475e-11 3.160451525e-11 4.108578264e-11 2.923422286e-11 4.029573846e-11 3.081441946e-11 3.318468174e-11 3.87155425e-11 3.081438703e-11 2.449350921e-11 3.476493506e-11 2.291334389e-11 3.002431826e-11 3.476499514e-11 3.713532444e-11 3.318476781e-11 3.792554219e-11 3.476503457e-11 3.081437975e-11 3.476494934e-11 2.607372901e-11 3.713523663e-11 3.792547034e-11 3.713530912e-11 3.47650132e-11 2.844399849e-11 4.266603955e-11 4.029574823e-11 4.424614041e-11 3.871556414e-11 2.844398625e-11 3.792542339e-11 3.002425975e-11 2.291329852e-11 3.16044926e-11 4.819690995e-11 3.634519161e-11 3.239467368e-11 2.76539549e-11 4.108587626e-11 3.555509754e-11 3.318479766e-11 3.476491063e-11 3.871553085e-11 2.923418207e-11 3.871540472e-11 2.686387495e-11 4.26660718e-11 3.397482128e-11 3.397475802e-11 3.318469913e-11 2.765395267e-11 3.002434255e-11 3.79253951e-11 3.081447983e-11 4.740676033e-11 4.187593159e-11 4.424624261e-11 3.634512352e-11 3.160451478e-11 3.397484849e-11 2.844408923e-11 3.476493376e-11 3.318460275e-11 3.555508881e-11 4.187592772e-11 3.555495292e-11 4.345623691e-11 3.555506281e-11 3.713536639e-11 3.871554494e-11 4.266613572e-11 3.476505408e-11 3.476494623e-11 2.765397285e-11 4.187594436e-11 3.476498733e-11 3.47650462e-11 4.50363614e-11 3.476510812e-11 2.923411908e-11 3.634514857e-11 3.634516274e-11 3.476484603e-11 3.6345236e-11 3.47649826e-11 3.318473329e-11 3.081446804e-11 4.108594996e-11 4.266616025e-11 3.950565501e-11 4.266610071e-11 3.318466589e-11 3.71353586e-11 3.71353492e-11 3.792540017e-11 3.634525502e-11 3.713533104e-11 3.792541351e-11 4.345618407e-11 3.555507853e-11 3.713526539e-11 3.950560362e-11 3.792535843e-11 4.424627345e-11 3.239471822e-11 4.345619214e-11 5.293759152e-11 2.84440207e-11 4.108570657e-11 3.792537178e-11 3.318473267e-11 3.239459493e-11 3.476499253e-11 3.871552474e-11 4.345629195e-11 4.582661962e-11 3.476498813e-11 3.239457947e-11 3.950569527e-11 3.397485516e-11 4.977712477e-11 3.081435904e-11 2.923417152e-11 4.582641147e-11 4.582667853e-11 5.60980782e-11 4.582656494e-11 3.081433372e-11 4.029576935e-11 5.372760606e-11 4.740679996e-11 3.871551083e-11 4.345630791e-11 4.187616141e-11 3.160455175e-11 3.950569058e-11 3.397486425e-11 4.345613702e-11 2.607371098e-11 3.397493129e-11 3.081445456e-11 4.187601718e-11 4.029579602e-11 3.634526599e-11 4.345621059e-11 4.5826502e-11 4.029568098e-11 3.476491694e-11 4.345614638e-11 4.740680785e-11 4.108589209e-11 3.871558017e-11 3.950566833e-11 4.187604899e-11 3.318475983e-11 3.55550865e-11 3.871550978e-11 3.792529144e-11 3.950567047e-11 4.740675196e-11 3.081445212e-11 4.108591049e-11 3.397482721e-11 4.029576963e-11 3.555514047e-11 3.397490723e-11 4.108587017e-11 4.108585712e-11 4.029584243e-11 3.476499041e-11 3.713531883e-11 3.871557894e-11 3.79253236e-11 2.923416717e-11 3.555513241e-11 3.318475034e-11 3.871550479e-11 3.95055334e-11 4.345624594e-11 3.950567867e-11 3.239465397e-11 3.555500921e-11 3.47649218e-11 3.950571082e-11 3.871552798e-11 3.397479231e-11 3.555507884e-11 4.58266643e-11 4.740678951e-11 4.108592815e-11 3.95057026e-11 3.79253804e-11 3.318475423e-11 4.187595794e-11 3.318476421e-11 4.266618473e-11 4.582648215e-11 3.871556233e-11 3.476497567e-11 5.609805097e-11 3.713529007e-11 3.634510034e-11 3.792553427e-11 3.239473356e-11 3.476498082e-11 4.661662167e-11 4.582660147e-11 3.950567514e-11 4.029579973e-11 4.424632122e-11 2.923412605e-11 4.740665831e-11 3.713530161e-11 5.135712452e-11 3.950561274e-11 3.713528319e-11 3.634515153e-11 3.397496445e-11 4.266604431e-11 4.108590505e-11 4.266613104e-11 4.187601645e-11 4.108591894e-11 3.792543628e-11 4.898708536e-11 3.23946932e-11 3.950557842e-11 4.108589492e-11 4.108575956e-11 2.844408583e-11 2.607372353e-11 3.950564541e-11 2.923421994e-11 2.92342167e-11 3.634522932e-11 3.239452533e-11 3.950567556e-11 2.923412569e-11 3.871551323e-11 4.187597599e-11 3.002437454e-11 2.765393951e-11 3.16045827e-11 3.950578371e-11 3.792550909e-11 4.029570579e-11 3.555508234e-11 4.0295819e-11 3.713538177e-11 3.792542354e-11 3.713532446e-11 3.792539615e-11 4.108586632e-11 3.950566502e-11 4.187610256e-11 3.318483586e-11 4.108589404e-11 4.740693896e-11 3.950565409e-11 3.713532483e-11 3.555503714e-11 4.582656094e-11 3.318476689e-11 3.160457051e-11 2.844410967e-11 3.239458738e-11 3.950571202e-11 3.4764951e-11 2.844408526e-11 3.871552686e-11 4.345624907e-11 3.79254065e-11 3.871562817e-11 4.266613781e-11 3.239460686e-11 2.844413384e-11 5.293758819e-11 3.318471103e-11 3.713533983e-11 2.765404417e-11 3.555509996e-11 4.029574028e-11 4.187606045e-11 4.187592933e-11 3.081434121e-11 3.239468814e-11 3.555509075e-11 3.318473412e-11 3.081434622e-11 3.950579944e-11 4.029582829e-11 3.318478321e-11 3.081442644e-11 3.950558446e-11 3.871548555e-11 3.002424553e-11 3.081442658e-11 3.792550778e-11 4.266606161e-11 3.397492896e-11 3.713521456e-11 3.792538428e-11 2.370341866e-11 3.871558886e-11 2.844406033e-11 3.555503671e-11 2.923420699e-11 3.00242655e-11 3.476494291e-11 3.476496483e-11 3.002430764e-11 3.555508645e-11 3.318482982e-11 3.555510075e-11 3.634520944e-11 3.95056943e-11 2.686387569e-11 4.345616447e-11 3.081442307e-11 3.397479507e-11 4.187593973e-11 3.397487951e-11 2.449350757e-11 3.950561059e-11 2.054290472e-11 3.397480578e-11 2.765402628e-11 3.160459475e-11 3.476500956e-11 2.844406081e-11 4.266602178e-11 3.634524928e-11 2.133299766e-11 2.923412911e-11 3.239454848e-11 3.318479018e-11 3.476503753e-11 3.002429339e-11 3.081449981e-11 3.002434453e-11 3.792542799e-11 4.029589743e-11 3.081441418e-11 3.002420496e-11 3.318471256e-11 3.47649851e-11 2.686381772e-11 2.291322751e-11 2.054295927e-11 2.449348111e-11 3.318466465e-11 3.002433749e-11 2.686390238e-11 3.081437172e-11 2.844407177e-11 2.370340709e-11 3.555501602e-11 3.160447739e-11 3.081444203e-11 2.449354084e-11 2.765391141e-11 3.23946502e-11 3.239481319e-11 3.160457525e-11 2.607374626e-11 3.239471689e-11 3.002416875e-11 2.528363525e-11 1.896273899e-11 2.686387043e-11 2.844408799e-11 3.5555075e-11 2.844406923e-11 2.844407722e-11 2.686383316e-11 2.765396774e-11 3.160460225e-11 2.686390834e-11 3.634518502e-11 3.555514728e-11 2.607375136e-11 2.054301224e-11 3.476485644e-11 2.449352618e-11 3.6345231e-11 2.449348224e-11 2.686380616e-11 3.239461016e-11 2.528364922e-11 2.370343988e-11 2.607374404e-11 2.844405612e-11 2.844401855e-11 3.318481468e-11 3.555510603e-11 2.133301959e-11 2.686381713e-11 3.476497243e-11 3.002426158e-11 2.370342799e-11 2.844410874e-11 3.318483318e-11 2.686376416e-11 2.765392824e-11 2.607370515e-11 2.844406139e-11 2.844415757e-11 2.370333863e-11 2.52836938e-11 2.528363107e-11 2.60737584e-11 2.370340366e-11 3.397480368e-11 2.133302897e-11 1.975284013e-11 2.054296959e-11 1.896271425e-11 2.52836168e-11 2.212319012e-11 2.449346567e-11 3.160453733e-11 2.370338342e-11 
2.291327463e-11 3.00242735e-11 3.318470281e-11 2.054294603e-11 3.081436811e-11 2.607373452e-11 2.686381624e-11 2.923415995e-11 1.975279421e-11 2.607363683e-11 2.923410752e-11 2.054289279e-11 2.449339871e-11 1.975283704e-11 2.054291029e-11 2.765402104e-11 2.844401061e-11 3.47649638e-11 2.212313612e-11 2.449342794e-11 3.160445241e-11 2.765392015e-11 2.054288661e-11 3.239467985e-11 2.923415215e-11 3.476489664e-11 2.607372783e-11 2.607372443e-11 2.528364425e-11 2.844406352e-11 4.108591628e-11 1.738245193e-11 3.239469346e-11 3.318478834e-11 2.765406769e-11 2.449348343e-11 3.239450376e-11 3.792534972e-11 3.397489122e-11 3.16046008e-11 2.607365259e-11 2.212312845e-11 2.607372324e-11 3.397479693e-11 2.449355024e-11 2.686382048e-11 2.370334808e-11 3.71354069e-11 3.002425063e-11 2.765400168e-11 3.318471345e-11 3.160453969e-11 3.081447084e-11 2.84441392e-11 3.239462959e-11 3.634525527e-11 3.16044681e-11 2.686393033e-11 3.476490137e-11 2.449350887e-11 3.634524162e-11 2.607364632e-11 2.607378171e-11 3.871557333e-11 3.081442381e-11 2.528363286e-11 3.713535253e-11 3.555506513e-11 3.239463591e-11 2.291323624e-11 3.002433932e-11 3.002425027e-11 3.713525214e-11 3.792540878e-11 3.634516405e-11 3.002436267e-11 2.291330393e-11 2.765390684e-11 2.686384177e-11 3.634524104e-11 2.528353361e-11 3.160454356e-11 2.44934937e-11 2.923408705e-11 3.397479797e-11 3.634523871e-11 3.950562026e-11 3.871553284e-11 3.79254124e-11 3.871562088e-11 4.029581654e-11 4.266619538e-11 3.318472338e-11 3.397481484e-11 4.108576734e-11 3.476498983e-11 3.081446397e-11 1.975276254e-11 3.713535557e-11 3.950559509e-11 3.081437572e-11 3.397486148e-11 3.871548983e-11 3.713526106e-11 3.950572295e-11 4.02957428e-11 3.081434142e-11 4.26661389e-11 2.923415916e-11 3.318481522e-11 3.871559409e-11 4.108591139e-11 3.002427851e-11 3.713543439e-11 2.923422439e-11 3.871555862e-11 4.029577979e-11 3.239464441e-11 3.79254013e-11 3.555509593e-11 3.71353781e-11 3.713519397e-11 4.582651543e-11 3.634518568e-11 4.42462824e-11 3.476491942e-11 4.108586521e-11 3.555498046e-11 3.634514986e-11 3.239470321e-11 2.528361511e-11 4.819682106e-11 3.318473087e-11 4.424626808e-11 3.871553163e-11 3.476502755e-11 4.424628653e-11 3.397493146e-11 3.792542904e-11 3.318477276e-11 3.081432179e-11 3.476488058e-11 4.582652938e-11 4.661661086e-11 3.634524446e-11 3.160447688e-11 3.397490642e-11 4.187597644e-11 2.528354369e-11 4.582659383e-11 3.318483414e-11 3.713536459e-11 3.634518025e-11 4.029575088e-11 3.476499387e-11 2.765385758e-11 3.555508713e-11 3.476475401e-11 3.950568207e-11 3.476503884e-11 4.582652897e-11 4.424641272e-11 4.5826659e-11 4.029586602e-11 2.765398713e-11 4.661656913e-11 3.634527297e-11 3.476500392e-11 3.713536081e-11 3.634520186e-11 4.187596961e-11 3.318485933e-11 4.661674407e-11 4.582658729e-11 3.555505818e-11 3.555505358e-11 3.555511e-11 4.187604755e-11 3.634511863e-11 5.056727196e-11 4.108599704e-11 3.160465126e-11 3.002430956e-11 4.108584201e-11 3.792539211e-11 3.634526964e-11 4.26659729e-11 3.160445216e-11 4.740682815e-11 4.740684279e-11 4.58265358e-11 4.582655e-11 4.424618078e-11 4.424625977e-11 4.661660172e-11 4.029581352e-11 4.108596709e-11 2.923413408e-11 3.950567012e-11 2.844404432e-11 3.4764953e-11 3.634529314e-11 4.503647759e-11 4.977712013e-11 3.31847363e-11 4.18760693e-11 3.713526253e-11 3.555509108e-11 3.555506707e-11 4.108591201e-11 4.503640989e-11 3.950571334e-11 4.898699637e-11 3.634519562e-11 3.950566808e-11 4.424634886e-11 4.898725256e-11 5.372762262e-11 3.318477229e-11 3.792540567e-11 4.108586371e-11 3.397485554e-11 5.293762829e-11 3.555507372e-11 4.582657202e-11 3.950559688e-11 4.029564866e-11 4.029564898e-11 4.187597785e-11 4.345627313e-11 4.108593463e-11 3.239461187e-11 3.160453173e-11 3.871567828e-11 4.424630164e-11 4.345623535e-11 3.397487314e-11 4.503644443e-11 4.977713965e-11 4.661661557e-11 4.108592579e-11 3.871553113e-11 3.634513205e-11 3.950578288e-11 3.555507736e-11 3.792545871e-11 4.424638795e-11 5.056720105e-11 2.923419225e-11 3.318469693e-11 4.424635108e-11 3.792545105e-11 5.056717338e-11 4.898699317e-11 4.424633699e-11 4.029575929e-11 2.607368821e-11 4.661669947e-11 3.871545321e-11 3.081447329e-11 4.029591035e-11 4.50364858e-11 4.187592236e-11 3.555501437e-11 3.555512611e-11 5.688810315e-11 2.844408915e-11 3.792544895e-11 3.792553572e-11 3.476494186e-11 4.266604911e-11 4.424630705e-11 3.871552207e-11 4.424630292e-11 4.266603548e-11 4.108593208e-11 3.79255176e-11 4.582658225e-11 4.029580004e-11 3.239463785e-11 3.55550529e-11 4.029571193e-11 3.318474812e-11 4.34561673e-11 3.318482639e-11 4.89870757e-11 4.187611332e-11 4.582646334e-11 3.871534646e-11 3.634521315e-11 4.424635326e-11 4.029577121e-11 4.187595113e-11 3.634515572e-11 3.634517636e-11 3.95056991e-11 3.397478228e-11 4.108593506e-11 2.686387644e-11 4.898699515e-11 4.582654013e-11 4.424636779e-11 3.397497426e-11 4.740665333e-11 3.950559918e-11 3.871551613e-11 4.108586161e-11 3.792535994e-11 3.950568972e-11 3.950567858e-11 2.923417167e-11 3.39748194e-11 4.187595541e-11 3.634524819e-11 3.950567354e-11 4.503635126e-11 5.214752807e-11 4.266607447e-11 4.345625726e-11 4.266599477e-11 3.871569266e-11 4.187590363e-11 3.318475499e-11 4.661664197e-11 3.713533954e-11 4.345619502e-11 3.239457611e-11 3.239449279e-11 3.476494819e-11 3.239451502e-11 3.239466406e-11 4.42462704e-11 3.397481365e-11 4.424648974e-11 3.634521876e-11 5.135740454e-11 3.239460507e-11 4.187595522e-11 3.476495765e-11 4.503638853e-11 3.634519991e-11 3.950562881e-11 4.424625384e-11 4.18759748e-11 3.792530873e-11 3.871564243e-11 3.476496551e-11 2.686386555e-11 4.187597009e-11 3.555511714e-11 3.318478324e-11 4.503646523e-11 3.318469683e-11 3.318465096e-11 3.634516078e-11 3.792542995e-11 4.503640595e-11 3.397494651e-11 3.950563823e-11 4.108594027e-11 2.686387899e-11 4.02958133e-11 4.029567957e-11 3.713534532e-11 4.345615414e-11 4.187591948e-11 3.713532519e-11 3.950566055e-11 3.160452887e-11 3.160457445e-11 4.029589629e-11 3.160459107e-11 3.713532717e-11 4.029574236e-11 3.318480385e-11 3.634516135e-11 4.1085808e-11 3.792550395e-11 4.1085867e-11 2.923430158e-11 3.002432985e-11 3.634520609e-11 3.871556669e-11 2.923419854e-11 3.871550416e-11 3.555517187e-11 3.239469285e-11 3.318476329e-11 3.476493291e-11 3.555505377e-11 4.029571436e-11 3.318477223e-11 3.002424005e-11 3.476498401e-11 3.792540278e-11 3.002429309e-11 2.291320865e-11 3.160445175e-11 2.844405569e-11 3.397490402e-11 3.95056332e-11 3.476504118e-11 3.397481546e-11 3.08144626e-11 3.555513201e-11 3.555506856e-11 3.792543685e-11 4.266599113e-11 2.528364298e-11 3.397494222e-11 3.792528132e-11 3.160448368e-11 4.187604913e-11 3.792545131e-11 3.239469856e-11 3.002423108e-11 3.79255559e-11 3.555510884e-11 3.16044391e-11 3.634516989e-11 3.160447685e-11 2.84440152e-11 3.23945886e-11 3.476493301e-11 3.634512785e-11 3.002434735e-11 2.765395247e-11 3.63451887e-11 3.16045478e-11 3.476509414e-11 3.318477002e-11 2.212317564e-11 2.923415204e-11 2.133302632e-11 3.160445907e-11 2.449349599e-11 3.39748626e-11 3.239460847e-11 3.0024258e-11 2.923414522e-11 4.029582602e-11 2.607373949e-11 3.160440957e-11 3.397482707e-11 2.84440673e-11 2.923411965e-11 3.239465666e-11 3.792541155e-11 2.528361455e-11 2.765396592e-11 3.160451845e-11 3.160453785e-11 1.8962784e-11 3.081438731e-11 3.634518322e-11 2.370340844e-11 3.476486063e-11 2.60737149e-11 2.765403993e-11 2.844396656e-11 3.081439966e-11 3.634514868e-11 2.29133808e-11 2.92342537e-11 3.555504079e-11 3.160445855e-11 2.607371814e-11 2.291321895e-11 2.212318062e-11 2.449351116e-11 2.370334297e-11 2.844399087e-11 3.002425062e-11 1.659240414e-11 2.054292834e-11 2.291330832e-11 2.607373137e-11 3.318485172e-11 2.844397058e-11 2.291331522e-11 3.555505982e-11 2.844401269e-11 2.923424438e-11 3.002428079e-11 2.844409847e-11 1.896265436e-11 2.13330787e-11 3.081437894e-11 2.449351859e-11 2.054293235e-11 2.607372024e-11 2.607378903e-11 2.844408732e-11 2.054293636e-11 2.528364967e-11 2.686387981e-11 3.002422121e-11 2.054294428e-11 2.291330098e-11 3.16045716e-11 2.370334096e-11 
2.765401423e-11 2.686385996e-11 2.84441519e-11 1.896274525e-11 2.054298452e-11 2.765396879e-11 2.607374427e-11 2.054301154e-11 2.844409718e-11 3.239462388e-11 3.318478727e-11 2.212311718e-11 2.844408951e-11 3.31847714e-11 2.370335729e-11 2.212314812e-11 3.002438129e-11 2.528365357e-11 2.923419297e-11 3.239460596e-11 2.844406586e-11 3.081434689e-11 2.686384168e-11 3.63451014e-11 2.923426305e-11 2.844408727e-11 3.634519884e-11 2.607370063e-11 2.44934823e-11 2.686382573e-11 3.239468671e-11 3.081437311e-11 3.397477599e-11 2.9234037e-11 3.160450494e-11 3.002432297e-11 3.08143095e-11 2.765396664e-11 2.686388489e-11 2.607376124e-11 3.476495783e-11 2.370331956e-11 3.160459248e-11 2.686384176e-11 2.291330197e-11 3.081431026e-11 3.476502314e-11 3.318476495e-11 2.765396865e-11 3.318479229e-11 3.397482872e-11 3.397491152e-11 2.765397388e-11 2.449353724e-11 2.923412097e-11 2.765396226e-11 2.923410585e-11 2.765392023e-11 3.160444084e-11 3.239463724e-11 2.05428756e-11 3.002438767e-11 3.713524273e-11 3.555503838e-11 3.239464844e-11 3.002432893e-11 3.318467876e-11 4.345613433e-11 3.239453269e-11 3.081447026e-11 3.634515618e-11 3.239451647e-11 3.871554786e-11 4.1085851e-11 3.002433102e-11 2.923408907e-11 4.266610034e-11 4.187606768e-11 3.397487398e-11 4.266600911e-11 3.002429104e-11 3.634517622e-11 3.239452019e-11 4.18759574e-11 3.397486945e-11 3.239467062e-11 3.634503379e-11 3.081439565e-11 3.318466843e-11 4.108589758e-11 3.950572825e-11 3.713541155e-11 3.713531673e-11 3.00243755e-11 3.47650096e-11 3.002425865e-11 2.7653885e-11 3.871552259e-11 4.108596157e-11 2.923419259e-11 3.397492581e-11 3.950569924e-11 3.634514299e-11 3.239462602e-11 3.95057006e-11 4.503637706e-11 3.555510538e-11 3.002436546e-11 4.029582911e-11 3.397482825e-11 3.871548988e-11 5.135742531e-11 3.634519981e-11 3.476497743e-11 3.792535191e-11 4.108585367e-11 3.950562775e-11 3.713526032e-11 3.397483984e-11 3.555499093e-11 3.713537127e-11 3.476485785e-11 3.397485415e-11 3.160456038e-11 3.871552186e-11 3.55551026e-11 3.950565424e-11 4.187600778e-11 4.582652982e-11 3.476503111e-11 4.503637316e-11 3.555503435e-11 4.503648329e-11 3.476508303e-11 4.266623134e-11 3.555512901e-11 3.318483407e-11 4.345625208e-11 2.765394253e-11 3.476506525e-11 3.950546111e-11 3.160454907e-11 2.923413195e-11 3.950564555e-11 3.555505805e-11 3.555517821e-11 3.476511397e-11 3.871559227e-11 4.266617206e-11 4.029569105e-11 3.713520922e-11 4.898693898e-11 4.424614768e-11 4.108580509e-11 4.108592118e-11 3.634515549e-11 4.345620607e-11 5.293750935e-11 5.056725211e-11 4.187596337e-11 2.765400605e-11 4.266601251e-11 4.819694346e-11 5.135730587e-11 4.02958162e-11 3.950568277e-11 4.266608803e-11 3.792553384e-11 3.397489457e-11 3.555493683e-11 3.160449805e-11 4.97771442e-11 4.661657317e-11 4.582653917e-11 4.424635192e-11 3.397479242e-11 3.318474243e-11 4.819691558e-11 3.713531752e-11 3.871559115e-11 2.923423004e-11 4.266610301e-11 4.503630454e-11 3.871555229e-11 4.424643742e-11 5.05673412e-11 3.871557491e-11 4.503646797e-11 3.39747429e-11 5.688810604e-11 3.713535755e-11 4.503643684e-11 3.792534948e-11 3.476510654e-11 3.318463076e-11 5.135738025e-11 3.555500928e-11 4.819683713e-11 4.108577002e-11 4.108576117e-11 3.555513487e-11 3.4764985e-11 4.029559832e-11 4.108581082e-11 4.266613871e-11 3.713530968e-11 4.977707702e-11 3.871548303e-11 3.713538799e-11 4.266596299e-11 3.16044896e-11 3.713530501e-11 4.661670771e-11 3.397487041e-11 3.950559195e-11 4.740671685e-11 5.056718451e-11 4.503639279e-11 4.108594857e-11 4.42462999e-11 4.66167858e-11 4.187609812e-11 4.740658703e-11 5.293752212e-11 4.819688011e-11 4.740670604e-11 5.214749375e-11 3.634512134e-11 4.89869195e-11 4.345618726e-11 4.029570403e-11 4.187609222e-11 5.056708213e-11 3.792534461e-11 4.029585322e-11 4.424633136e-11 4.661661839e-11 4.187587677e-11 4.345607554e-11 3.634528247e-11 4.740672724e-11 4.740671935e-11 4.029571126e-11 4.345613028e-11 4.819685362e-11 3.397484578e-11 5.609809576e-11 5.135738151e-11 5.13573894e-11 4.345616391e-11 4.81968608e-11 3.871548149e-11 4.266624093e-11 4.582659613e-11 4.187607608e-11 4.582653195e-11 4.740677817e-11 4.582654528e-11 4.89869998e-11 4.424631689e-11 3.871560674e-11 4.266615767e-11 4.345632284e-11 5.451790196e-11 4.582661827e-11 4.345634811e-11 3.397480247e-11 4.66167518e-11 4.187593691e-11 4.424632693e-11 4.503649561e-11 4.424631311e-11 4.81969191e-11 4.898701261e-11 3.950557892e-11 4.187606104e-11 4.582643454e-11 3.79254022e-11 4.819689039e-11 4.2666005e-11 5.609802907e-11 4.424621318e-11 4.503648737e-11 4.819694577e-11 4.187602333e-11 3.555511299e-11 4.029572878e-11 3.476510076e-11 4.819696332e-11 4.10857968e-11 4.503643773e-11 4.187593128e-11 4.819679107e-11 3.63452581e-11 3.634517361e-11 4.582650936e-11 4.42462665e-11 4.108594637e-11 5.214746662e-11 4.345628824e-11 3.713531178e-11 4.424633893e-11 4.503641494e-11 4.266609084e-11 4.187595933e-11 4.029572273e-11 3.792540881e-11 4.819695607e-11 3.792543125e-11 4.740687916e-11 4.187586705e-11 4.187598228e-11 4.108593073e-11 4.187596516e-11 4.029580452e-11 6.004848941e-11 4.187597833e-11 4.345624244e-11 3.555499894e-11 3.397487013e-11 4.345611888e-11 4.266616921e-11 2.923418109e-11 3.713535287e-11 3.871548245e-11 3.871562051e-11 5.214743432e-11 4.108588126e-11 4.503634408e-11 4.266607917e-11 4.740677196e-11 4.266609429e-11 4.819694465e-11 3.713542639e-11 3.713537363e-11 3.081444034e-11 4.424627503e-11 3.792539136e-11 4.187600536e-11 3.871550797e-11 3.55551598e-11 4.740673223e-11 4.424633095e-11 3.713533854e-11 4.187587947e-11 3.397486234e-11 4.582652508e-11 4.503635841e-11 3.555507487e-11 4.108585649e-11 3.397476821e-11 3.871554999e-11 3.871552253e-11 3.792543412e-11 4.345617254e-11 2.449354754e-11 4.740694041e-11 4.34562025e-11 3.318483744e-11 3.950549671e-11 3.87154901e-11 3.23946129e-11 4.582655847e-11 4.10859583e-11 4.819687303e-11 3.55550289e-11 3.950564141e-11 3.002431508e-11 3.476500191e-11 3.871561985e-11 3.002430941e-11 3.713532976e-11 3.713535665e-11 3.63452425e-11 3.792543282e-11 3.871550482e-11 3.713535602e-11 3.239459563e-11 3.634518855e-11 3.239464525e-11 4.108577787e-11 3.397480715e-11 2.765387956e-11 3.950562854e-11 3.476501742e-11 5.05671811e-11 3.476486833e-11 3.634522809e-11 4.108589571e-11 2.765401684e-11 4.661662667e-11 2.923408966e-11 4.029571119e-11 4.345625115e-11 2.686389267e-11 3.792537811e-11 3.397490384e-11 3.397481108e-11 3.160454138e-11 2.528372572e-11 2.844402748e-11 3.792544218e-11 3.713530764e-11 4.34561901e-11 4.424635474e-11 3.239464468e-11 3.555496469e-11 3.002421797e-11 3.002427817e-11 4.108587377e-11 3.476501512e-11 2.686382777e-11 3.318469388e-11 2.844409077e-11 3.239469481e-11 3.95056551e-11 3.713526959e-11 4.26660923e-11 3.476489074e-11 3.792535145e-11 3.002423534e-11 3.792542271e-11 3.713526879e-11 3.002419223e-11 4.029585539e-11 3.634527928e-11 2.291331278e-11 3.160454494e-11 4.345623346e-11 2.84440387e-11 2.528368236e-11 3.002431048e-11 3.950566224e-11 2.607375722e-11 2.923427671e-11 3.792548637e-11 3.318481255e-11 3.160452742e-11 3.081446619e-11 2.607373601e-11 2.765393504e-11 2.923420343e-11 3.713527514e-11 3.160455245e-11 3.397490282e-11 2.686385478e-11 3.555513866e-11 2.923423035e-11 3.239458439e-11 3.002427215e-11 3.476498953e-11 2.923423454e-11 3.397492056e-11 4.26660218e-11 3.239469744e-11 3.160454371e-11 2.528356123e-11 2.370345592e-11 2.212307215e-11 3.239468817e-11 3.239460728e-11 4.187610891e-11 2.291328077e-11 3.3974894e-11 4.02957136e-11 2.765390838e-11 3.318479092e-11 3.239464269e-11 2.607370834e-11 3.002427702e-11 2.133308065e-11 2.291326581e-11 2.686390969e-11 2.528356624e-11 2.686381102e-11 3.55550059e-11 2.844409564e-11 2.291333252e-11 2.765391328e-11 2.765398446e-11 3.950565538e-11 2.923412582e-11 3.160448178e-11 3.160441607e-11 3.160450751e-11 3.476494433e-11 2.686386033e-11 2.765400348e-11 2.686381071e-11 2.68639022e-11 2.923422791e-11 3.002433751e-11 2.212313525e-11 2.686383377e-11 2.68638191e-11 2.84441219e-11 2.528368975e-11 2.844403343e-11 3.08143785e-11 2.449354071e-11 2.291325481e-11 
2.054295342e-11 2.291323721e-11 2.528365065e-11 3.87155997e-11 2.370330903e-11 3.47650071e-11 3.634526359e-11 3.318470063e-11 2.844406464e-11 2.844408207e-11 3.160450052e-11 2.923425431e-11 3.318474396e-11 2.844404593e-11 2.528363347e-11 3.002433897e-11 2.923427948e-11 3.39749313e-11 3.00242879e-11 2.92342356e-11 3.081433431e-11 2.607375834e-11 2.7653986e-11 3.00242612e-11 3.950561405e-11 2.13330194e-11 3.081445154e-11 3.397487402e-11 4.345623708e-11 4.345618007e-11 2.370336358e-11 3.002425852e-11 3.081439034e-11 3.397499042e-11 2.923415399e-11 3.792542895e-11 2.765387332e-11 2.923421469e-11 4.266608316e-11 2.844407205e-11 4.108576028e-11 3.002428812e-11 2.528360033e-11 3.002433752e-11 4.108590768e-11 3.634519811e-11 4.18760368e-11 3.397475802e-11 3.71353048e-11 3.397484893e-11 3.95056924e-11 3.318467135e-11 2.370333072e-11 3.081440063e-11 3.871552606e-11 3.634532436e-11 3.08143832e-11 3.160453751e-11 5.135729977e-11 3.318476084e-11 2.686387046e-11 4.108582656e-11 3.31847958e-11 3.476505445e-11 3.713532003e-11 4.66165617e-11 3.239463484e-11 3.634513718e-11 3.871543779e-11 4.503640323e-11 2.765387833e-11 2.765389214e-11 3.792546149e-11 3.002432991e-11 3.713530029e-11 3.555514328e-11 3.634524703e-11 3.239463307e-11 2.686373784e-11 3.871559782e-11 3.871552936e-11 3.555511528e-11 3.63451891e-11 3.002436014e-11 3.555509012e-11 4.02957381e-11 3.950567141e-11 4.661658097e-11 4.50364232e-11 3.39748666e-11 4.029571936e-11 3.555509983e-11 3.792545051e-11 4.740665566e-11 4.108579268e-11 3.555519974e-11 3.792536302e-11 3.239456762e-11 3.792542896e-11 4.187605411e-11 4.424631296e-11 3.950563209e-11 3.397492071e-11 3.713543347e-11 4.266610243e-11 4.2666129e-11 3.79254399e-11 3.950565487e-11 4.187602354e-11 4.503652698e-11 4.029579009e-11 4.97771228e-11 4.503641323e-11 3.713529979e-11 3.713538112e-11 4.424630235e-11 4.503645113e-11 4.740686443e-11 3.476495137e-11 3.871556142e-11 4.50364291e-11 3.871548473e-11 3.555508623e-11 4.582666663e-11 4.424624367e-11 4.661666916e-11 4.898701128e-11 3.950576129e-11 4.424628359e-11 4.424627752e-11 4.108585829e-11 3.160457838e-11 4.108593402e-11 5.135726593e-11 4.266611449e-11 4.108583767e-11 3.950555278e-11 3.871551668e-11 4.345618014e-11 3.555504672e-11 4.740686535e-11 5.056727053e-11 4.503646918e-11 4.266607793e-11 4.661661045e-11 3.47650352e-11 4.819696974e-11 4.424630225e-11 3.318466607e-11 3.634516781e-11 4.029581523e-11 4.029566776e-11 4.898695302e-11 3.634519766e-11 4.187583641e-11 3.397485458e-11 4.977705673e-11 4.266614286e-11 3.318474385e-11 4.266614533e-11 4.424635083e-11 4.187610596e-11 3.871546037e-11 4.898710199e-11 4.898694493e-11 4.266601528e-11 4.34563207e-11 4.503634327e-11 4.503637058e-11 4.582669058e-11 4.424627245e-11 4.898697409e-11 3.555512981e-11 4.266608048e-11 5.609816248e-11 3.55550708e-11 6.004873354e-11 5.609814183e-11 5.135733471e-11 5.372769955e-11 3.950574143e-11 4.977713127e-11 4.661673143e-11 4.187601492e-11 3.950565246e-11 5.451794155e-11 3.23946193e-11 3.634524219e-11 4.266619715e-11 4.819690198e-11 4.266611412e-11 4.424618457e-11 5.846847119e-11 3.87154905e-11 5.451784018e-11 4.503645653e-11 4.424628176e-11 3.792544525e-11 3.634509893e-11 3.792548548e-11 4.108594641e-11 3.792531239e-11 3.397486877e-11 4.10858958e-11 4.740682673e-11 3.792537185e-11 3.792544071e-11 4.187591336e-11 3.792542932e-11 3.79254178e-11 4.029577731e-11 5.372766944e-11 4.661661004e-11 5.530780354e-11 4.898692545e-11 4.266607941e-11 5.056713065e-11 4.819688038e-11 4.424628232e-11 4.977718325e-11 4.582654041e-11 4.582657166e-11 4.977705193e-11 5.293755579e-11 4.424635713e-11 4.582644143e-11 4.424632189e-11 4.424628229e-11 4.740684105e-11 4.424624214e-11 4.5036418e-11 4.345627568e-11 3.713533201e-11 4.740672688e-11 5.135744059e-11 4.740676272e-11 5.056730234e-11 4.345624527e-11 3.713535846e-11 5.846838912e-11 4.819679653e-11 7.032015593e-11 4.187600841e-11 4.029584111e-11 4.582652012e-11 5.530791902e-11 4.345623847e-11 4.661676733e-11 4.977714519e-11 4.187595781e-11 4.661665898e-11 4.819675707e-11 3.63451964e-11 3.555512373e-11 4.345617201e-11 4.187607695e-11 4.898698916e-11 4.819689303e-11 4.661674834e-11 4.108577393e-11 4.029572836e-11 5.688809643e-11 4.740671518e-11 4.029575491e-11 5.135733398e-11 4.58265264e-11 4.345630085e-11 3.555507422e-11 5.056724998e-11 5.135742671e-11 4.503643935e-11 3.871548808e-11 5.056727138e-11 4.661658688e-11 5.451782611e-11 4.898701114e-11 5.609793086e-11 4.819679838e-11 5.29375075e-11 4.661666461e-11 3.318476985e-11 5.135724927e-11 5.293757752e-11 4.898702191e-11 4.582654421e-11 4.345618121e-11 4.029559359e-11 4.582645207e-11 5.846835788e-11 4.266612259e-11 4.819697819e-11 4.266614699e-11 4.661657598e-11 5.451780067e-11 3.397487052e-11 3.397480777e-11 3.555511649e-11 4.345620545e-11 4.108595215e-11 3.950574412e-11 4.661681235e-11 4.819678461e-11 4.819687464e-11 4.582649935e-11 6.162886354e-11 5.372768829e-11 4.187608327e-11 4.424631532e-11 4.18760448e-11 4.740681528e-11 5.530797297e-11 4.582664606e-11 4.819692839e-11 5.135741856e-11 4.977720473e-11 4.74068606e-11 5.68881711e-11 5.135737004e-11 4.740674766e-11 4.819690465e-11 3.397493634e-11 4.266603145e-11 4.029578933e-11 4.740672433e-11 5.451778708e-11 4.819692494e-11 6.24189728e-11 4.345624043e-11 4.977711575e-11 5.372763017e-11 3.792543304e-11 5.214746564e-11 3.713534936e-11 4.58264771e-11 3.950564911e-11 4.977721244e-11 4.26660961e-11 4.108584109e-11 3.555506034e-11 4.424631475e-11 4.424641631e-11 3.792539074e-11 3.634520252e-11 3.87155072e-11 5.056724789e-11 4.108580572e-11 4.740673078e-11 4.10859182e-11 4.187593492e-11 3.555510655e-11 4.266603587e-11 3.476505183e-11 4.503650602e-11 3.950570621e-11 5.214731602e-11 4.266610821e-11 5.135737567e-11 4.582649851e-11 4.503638733e-11 4.503650658e-11 3.871556505e-11 4.661666216e-11 4.187605293e-11 4.02957399e-11 4.187601958e-11 4.424635196e-11 5.056717913e-11 4.187589516e-11 4.503636703e-11 4.503651411e-11 4.424633904e-11 3.318475426e-11 5.609807913e-11 3.950563059e-11 4.740679535e-11 4.661664031e-11 3.002424029e-11 3.476491073e-11 4.108580328e-11 4.266611227e-11 3.713540897e-11 3.792553909e-11 3.081444073e-11 3.634514458e-11 3.634514724e-11 3.792530772e-11 4.819698979e-11 4.108582877e-11 4.108591761e-11 3.950561793e-11 4.029577669e-11 4.977718579e-11 3.713525312e-11 4.10858367e-11 4.187597897e-11 4.582658284e-11 3.871557269e-11 3.871550423e-11 4.345628085e-11 3.081441594e-11 3.318487602e-11 4.345615938e-11 4.10859139e-11 3.792542628e-11 4.26661791e-11 4.661666927e-11 3.871552875e-11 4.345625594e-11 3.397495816e-11 3.318467941e-11 4.108591073e-11 4.977711935e-11 4.345614801e-11 4.266610129e-11 3.792539759e-11 3.950564306e-11 4.108583286e-11 3.634517543e-11 3.555503705e-11 3.081447122e-11 3.713539796e-11 2.765401105e-11 3.792546931e-11 3.318472679e-11 2.844401182e-11 2.686389442e-11 4.26661496e-11 3.555517541e-11 3.47649492e-11 4.029571542e-11 4.029582083e-11 3.476491882e-11 3.002427803e-11 3.160443942e-11 4.108594288e-11 3.555501617e-11 3.476490183e-11 3.239472639e-11 4.029579347e-11 3.318480341e-11 3.47649223e-11 3.792550444e-11 4.266621781e-11 3.555505432e-11 2.765393986e-11 2.923423106e-11 4.187606372e-11 2.133303834e-11 2.844407633e-11 3.318470044e-11 2.765396451e-11 3.160452705e-11 2.449350822e-11 3.555512397e-11 3.792540995e-11 3.555516114e-11 3.318469694e-11 3.555505621e-11 4.029570204e-11 2.133302515e-11 2.844412607e-11 3.634518082e-11 2.686385792e-11 4.029580609e-11 2.844410073e-11 2.844408487e-11 4.424621074e-11 3.002420809e-11 3.950574987e-11 1.97528374e-11 3.160453769e-11 3.792532463e-11 4.503649346e-11 3.160449452e-11 3.555511495e-11 1.817261372e-11 3.002424996e-11 1.97528635e-11 2.765384252e-11 3.002432757e-11 3.871557973e-11 3.555514208e-11 2.844413635e-11 2.686385684e-11 2.607376679e-11 3.160450458e-11 3.239467021e-11 2.844406534e-11 3.63451796e-11 2.923418144e-11 3.081434268e-11 3.397486562e-11 3.160445399e-11 2.844403104e-11 2.923419985e-11 1.738244399e-11 2.765396498e-11 2.370334367e-11 2.449352492e-11 3.160453533e-11 2.449348041e-11 
3.160452571e-11 3.476485694e-11 2.449354795e-11 2.923423658e-11 3.318479179e-11 2.765399907e-11 3.713522638e-11 2.76539188e-11 3.239452912e-11 3.318478893e-11 2.765404115e-11 2.923414798e-11 2.765401182e-11 3.081442589e-11 3.950557821e-11 2.765396467e-11 3.476493894e-11 3.239462943e-11 3.318471354e-11 3.239466107e-11 4.424625477e-11 4.424634475e-11 3.4764883e-11 3.950579737e-11 4.029582239e-11 3.634524095e-11 3.63450888e-11 3.160445009e-11 3.950571177e-11 5.60981145e-11 3.713527929e-11 2.923430316e-11 3.950563621e-11 3.713526743e-11 3.397487703e-11 3.713530885e-11 3.081445647e-11 4.66167146e-11 3.713521567e-11 3.555496057e-11 3.792546055e-11 2.844403077e-11 3.318468679e-11 3.318471829e-11 4.187592048e-11 3.950575582e-11 3.713528069e-11 3.555509207e-11 3.318475371e-11 3.476494097e-11 4.58265977e-11 3.081441168e-11 3.23947101e-11 3.002430762e-11 3.318471042e-11 4.740679142e-11 4.345616642e-11 3.713528149e-11 4.582648233e-11 2.923409688e-11 4.029574209e-11 2.765396492e-11 4.108590865e-11 4.819687708e-11 3.871561759e-11 3.634523101e-11 4.108588432e-11 3.634520989e-11 4.029586541e-11 3.160454686e-11 3.476506215e-11 4.108587854e-11 3.318480354e-11 3.476507262e-11 3.397483264e-11 3.871553902e-11 4.029585603e-11 3.081443286e-11 2.844408237e-11 4.424626509e-11 3.713521737e-11 3.397490516e-11 3.160455377e-11 3.634521835e-11 4.661656375e-11 4.345617844e-11 4.424643123e-11 3.713518237e-11 4.424636197e-11 3.871563865e-11 3.71353255e-11 3.555517632e-11 4.108586485e-11 3.87156094e-11 4.187602745e-11 5.135739258e-11 4.266613755e-11 3.555509536e-11 4.029562892e-11 3.950574644e-11 5.214739574e-11 4.740669379e-11 3.950568428e-11 4.424633182e-11 4.661669836e-11 4.18759592e-11 4.977711992e-11 4.582650016e-11 5.372768565e-11 5.29376715e-11 4.187597306e-11 4.029569923e-11 4.740666598e-11 3.792545376e-11 3.634522045e-11 4.108585678e-11 3.871541533e-11 3.239450015e-11 5.135735056e-11 4.503649172e-11 4.740680559e-11 4.977717449e-11 3.95057202e-11 4.898697084e-11 4.424624697e-11 4.424635137e-11 4.661666578e-11 3.871544734e-11 4.345623479e-11 4.424643348e-11 4.898706419e-11 4.187607637e-11 3.555503043e-11 4.582652125e-11 4.424632413e-11 3.713528454e-11 4.898699414e-11 4.582649129e-11 4.740672353e-11 5.372781983e-11 4.819686748e-11 4.977710887e-11 5.609809267e-11 5.135736388e-11 4.029577501e-11 4.582661389e-11 4.740685659e-11 4.977718631e-11 4.424634197e-11 5.293756496e-11 4.582649053e-11 4.582650947e-11 4.345623673e-11 4.582653686e-11 4.661677659e-11 4.977709331e-11 5.688822794e-11 4.424631957e-11 5.609797326e-11 4.661652974e-11 5.925829173e-11 5.372778495e-11 4.187601315e-11 4.266602738e-11 5.293765261e-11 4.819684587e-11 5.925861147e-11 4.898701265e-11 4.02957675e-11 4.740681407e-11 4.740682396e-11 4.740670487e-11 5.05672616e-11 5.056731935e-11 5.451782044e-11 4.740680229e-11 4.108590366e-11 4.029562793e-11 5.135731225e-11 5.214740482e-11 6.162881745e-11 6.004858478e-11 5.767823627e-11 3.55551079e-11 3.871552637e-11 5.92584719e-11 4.108584197e-11 4.819685313e-11 3.713536612e-11 4.977711499e-11 5.293761113e-11 4.108589023e-11 4.740679651e-11 5.609810068e-11 5.372769199e-11 5.293764833e-11 5.056728595e-11 5.530789949e-11 5.056721374e-11 5.846825335e-11 4.582653774e-11 6.004860488e-11 4.898704431e-11 5.293762662e-11 5.372763852e-11 5.609803557e-11 5.60980532e-11 4.977703146e-11 5.372773689e-11 5.372774039e-11 6.083854604e-11 4.819684624e-11 4.661672681e-11 5.293754708e-11 4.582644331e-11 5.609805614e-11 4.898706575e-11 4.582650649e-11 4.345617069e-11 4.029576017e-11 4.424626211e-11 5.451778555e-11 5.214743587e-11 5.846835666e-11 5.688803848e-11 4.345621614e-11 5.45178241e-11 5.056720726e-11 6.083875779e-11 3.950556947e-11 4.58265188e-11 5.135728714e-11 5.451774719e-11 4.898701061e-11 5.451782522e-11 5.846831372e-11 4.345621592e-11 5.293736948e-11 5.767832924e-11 5.056721471e-11 4.819690513e-11 5.293766824e-11 5.688813791e-11 4.898705262e-11 5.688815661e-11 5.451780034e-11 5.214741327e-11 4.503641324e-11 5.372769061e-11 4.503636955e-11 4.977719305e-11 5.372764902e-11 4.424625258e-11 5.372756175e-11 4.266618012e-11 6.004859605e-11 4.819681644e-11 3.713527748e-11 5.214735556e-11 5.451788518e-11 5.214745532e-11 6.00485731e-11 5.2147405e-11 5.372767732e-11 4.977705493e-11 5.45177841e-11 6.873989977e-11 5.688819378e-11 5.21474419e-11 4.582665187e-11 5.056730866e-11 3.950566179e-11 4.819696563e-11 5.293762231e-11 6.320907322e-11 5.293766398e-11 4.898697645e-11 3.713531114e-11 4.819692833e-11 5.530783151e-11 6.083880733e-11 5.056736384e-11 5.609794617e-11 5.925863098e-11 5.056720233e-11 5.214745627e-11 4.582667529e-11 4.89870972e-11 4.977715059e-11 5.05672014e-11 4.740685823e-11 6.715966997e-11 5.214755088e-11 5.609802645e-11 4.898701283e-11 4.898703509e-11 4.10859213e-11 6.636937527e-11 4.898711445e-11 4.898702571e-11 6.794967269e-11 4.740677133e-11 5.214746118e-11 6.004859483e-11 5.056732413e-11 5.214737362e-11 4.819678588e-11 6.004857546e-11 4.819693148e-11 5.135738582e-11 5.135744457e-11 5.135733756e-11 3.555512818e-11 5.688801028e-11 4.582654216e-11 5.60980194e-11 6.39990404e-11 5.056724862e-11 4.345617063e-11 4.898705867e-11 4.345627523e-11 3.871557935e-11 5.767833246e-11 4.582654512e-11 5.214747278e-11 4.345621198e-11 5.056732596e-11 5.214738692e-11 6.083875981e-11 5.451767035e-11 4.977705382e-11 4.661660222e-11 4.898698809e-11 5.451779473e-11 3.950571841e-11 5.45178534e-11 6.004866315e-11 4.345622507e-11 3.950548871e-11 5.530798398e-11 5.135733291e-11 4.977706043e-11 4.740674996e-11 4.898697156e-11 4.898694489e-11 4.266617326e-11 5.135739759e-11 6.083870799e-11 5.372770686e-11 5.135729013e-11 4.977708585e-11 5.13573473e-11 5.530778973e-11 5.214744651e-11 4.740676517e-11 5.214753167e-11 4.424624327e-11 5.214739711e-11 4.266617046e-11 5.29375436e-11 4.819706497e-11 5.293761142e-11 5.372774912e-11 3.950556656e-11 4.187604911e-11 4.898699503e-11 3.950573652e-11 5.293765812e-11 5.29376109e-11 5.372757723e-11 4.582655237e-11 4.02956873e-11 4.977710351e-11 4.740681709e-11 4.661663456e-11 4.977716753e-11 4.819695268e-11 4.345618617e-11 4.108583969e-11 4.029580821e-11 4.266620386e-11 4.819687179e-11 3.792547545e-11 3.476500695e-11 4.108581594e-11 5.135736042e-11 4.029572163e-11 4.266611869e-11 3.476499393e-11 4.661665246e-11 5.214753891e-11 4.345625525e-11 3.476498452e-11 4.503638228e-11 3.8715597e-11 3.871548415e-11 4.503646158e-11 4.26661831e-11 4.503645688e-11 3.634510856e-11 4.66166217e-11 4.503642364e-11 4.424633921e-11 4.187587458e-11 3.713527065e-11 3.634519824e-11 3.397487832e-11 4.424637063e-11 5.135736208e-11 3.871566078e-11 3.871549366e-11 4.029576819e-11 3.792539526e-11 4.819696262e-11 4.187600686e-11 4.108599581e-11 4.345616293e-11 3.792541916e-11 3.792546678e-11 4.503659303e-11 3.713535501e-11 4.819690817e-11 4.424630243e-11 3.792535319e-11 3.239464197e-11 4.424632682e-11 4.108590549e-11 3.318469187e-11 4.661669926e-11 3.160449752e-11 4.424623648e-11 4.424634896e-11 3.792541034e-11 3.397483839e-11 3.950578218e-11 4.187587958e-11 3.002423767e-11 3.476493859e-11 2.923423773e-11 3.950559528e-11 4.503650747e-11 4.266602196e-11 3.318472818e-11 3.555511522e-11 3.713527602e-11 3.081442768e-11 4.503646784e-11 3.239463607e-11 3.397499598e-11 4.424644195e-11 3.634523439e-11 3.160456694e-11 3.871557808e-11 3.792547635e-11 3.476493402e-11 3.397489302e-11 3.239459977e-11 3.397471858e-11 3.160442178e-11 3.160456343e-11 2.528361144e-11 2.844415365e-11 3.318482426e-11 2.923423411e-11 2.370338179e-11 3.634512622e-11 4.266612454e-11 3.55550963e-11 3.634506674e-11 2.923422118e-11 3.792544083e-11 3.318467071e-11 3.002433508e-11 3.476495337e-11 4.582652995e-11 3.792542095e-11 3.160446735e-11 3.23946854e-11 3.318478389e-11 3.081442824e-11 3.713544586e-11 3.871552037e-11 3.318478855e-11 3.871554361e-11 3.555508491e-11 3.555514653e-11 3.476494584e-11 3.555507427e-11 4.108598334e-11 3.31847879e-11 3.239462356e-11 2.291331672e-11 3.239464826e-11 2.449354146e-11 3.002430231e-11 3.081446726e-11 2.607372236e-11 3.397482763e-11 2.923419308e-11 3.476500767e-11 3.871553663e-11 
3.476505016e-11 3.555509549e-11 3.634516123e-11 2.923415082e-11 3.792541623e-11 3.397485304e-11 3.002435386e-11 2.844407959e-11 3.87155124e-11 3.950563887e-11 3.081443298e-11 2.923425194e-11 3.950568571e-11 3.871558399e-11 3.634515729e-11 3.397493327e-11 4.977717271e-11 4.424636147e-11 3.555500131e-11 3.792546456e-11 3.634516139e-11 3.160453381e-11 2.765389637e-11 4.187588979e-11 2.923414133e-11 4.424637809e-11 3.476493414e-11 4.34562307e-11 3.950555288e-11 4.977726479e-11 2.765392347e-11 3.476488939e-11 4.977713537e-11 4.424636866e-11 3.950571953e-11 3.239457987e-11 4.108588264e-11 4.266612452e-11 3.792544994e-11 3.555515203e-11 4.819691976e-11 4.029581136e-11 6.08387166e-11 4.503641254e-11 4.50364165e-11 3.555512484e-11 4.266608535e-11 4.740683034e-11 4.740691663e-11 4.187584771e-11 4.4246264e-11 3.871558794e-11 3.239470425e-11 4.266607539e-11 4.503639529e-11 5.135737078e-11 4.029569783e-11 4.977715599e-11 3.871556694e-11 3.476488433e-11 4.740674515e-11 4.503643001e-11 5.214757209e-11 4.819690401e-11 4.503650839e-11 4.503641994e-11 4.345624766e-11 4.503637688e-11 3.476493468e-11 3.950555501e-11 4.187598127e-11 4.424628459e-11 4.503643957e-11 5.056737214e-11 4.02957956e-11 4.108592502e-11 5.214746565e-11 4.661675833e-11 4.977710864e-11 5.056728778e-11 5.530790185e-11 4.108592293e-11 4.819688213e-11 4.187599297e-11 5.609805609e-11 3.950564558e-11 5.293761579e-11 4.582651563e-11 4.108588733e-11 4.108600531e-11 4.977716845e-11 5.214762815e-11 4.582661419e-11 4.819687487e-11 4.740691609e-11 4.661672061e-11 4.819688011e-11 4.898700894e-11 5.372764087e-11 3.634514322e-11 4.977703912e-11 4.582665105e-11 4.187595347e-11 4.424617937e-11 6.083876654e-11 5.29375595e-11 5.372775375e-11 5.767820519e-11 5.372774845e-11 5.451777257e-11 4.977711669e-11 6.004863116e-11 5.451773419e-11 6.162885877e-11 5.293761818e-11 5.135727753e-11 5.214749501e-11 5.609806481e-11 5.293757374e-11 5.056724131e-11 5.056727176e-11 5.609788367e-11 5.37275855e-11 5.530776176e-11 5.056739548e-11 5.13573982e-11 4.740681579e-11 6.399916665e-11 5.60980837e-11 4.819682719e-11 5.68880236e-11 5.451776518e-11 5.530802686e-11 6.162892366e-11 5.135735738e-11 4.819673871e-11 5.530789107e-11 5.53077962e-11 4.187596615e-11 6.873992471e-11 6.320900609e-11 4.97770873e-11 5.135724178e-11 5.84684841e-11 4.582653095e-11 4.740672754e-11 5.609803721e-11 5.767818733e-11 5.609808714e-11 5.688815402e-11 5.530782458e-11 5.530794788e-11 4.97771307e-11 5.135720223e-11 5.451781561e-11 5.53079278e-11 5.293760486e-11 5.135735474e-11 5.609800949e-11 5.530786142e-11 5.688803808e-11 6.399917604e-11 6.162887621e-11 6.636950173e-11 5.056730046e-11 6.241910552e-11 6.873995077e-11 4.977706106e-11 5.21474321e-11 6.557926088e-11 6.241897137e-11 5.056733063e-11 5.846843584e-11 5.372780109e-11 5.214752156e-11 6.478928196e-11 4.819699663e-11 5.609803377e-11 4.898702052e-11 5.609822473e-11 5.846827097e-11 6.478919334e-11 4.661673938e-11 5.293752088e-11 5.451770745e-11 5.214749682e-11 5.451781013e-11 5.925842408e-11 5.925851886e-11 5.688815624e-11 5.451788715e-11 5.372773018e-11 4.503646012e-11 5.451783425e-11 4.819687638e-11 6.004852372e-11 6.004863423e-11 5.293754704e-11 4.89869324e-11 5.451776775e-11 5.609803339e-11 5.451779211e-11 6.557933133e-11 5.45178349e-11 6.004851984e-11 5.688814666e-11 5.76781998e-11 6.320913727e-11 4.898694254e-11 4.977711328e-11 5.135734989e-11 5.767835816e-11 5.530791859e-11 5.45177583e-11 5.451779571e-11 6.162892614e-11 6.399916238e-11 6.004863897e-11 6.083877162e-11 6.873975616e-11 5.13573749e-11 5.372758863e-11 6.241903024e-11 5.688817398e-11 6.241889558e-11 6.083863303e-11 5.214740946e-11 7.111018651e-11 6.557937637e-11 6.3209016e-11 5.214742198e-11 4.661672327e-11 5.846846445e-11 4.661678578e-11 5.609796169e-11 7.111018965e-11 5.293757827e-11 5.846846678e-11 5.846841102e-11 4.740682482e-11 6.636942713e-11 5.53079583e-11 5.609801016e-11 5.767813721e-11 6.241904567e-11 6.241893817e-11 6.399903499e-11 6.08386678e-11 5.925863681e-11 5.451790912e-11 4.503634324e-11 6.004869505e-11 6.004868136e-11 5.293752149e-11 6.162886083e-11 6.241900934e-11 6.794973176e-11 5.451784061e-11 4.898701502e-11 5.688822853e-11 6.794971955e-11 5.846837103e-11 5.925844723e-11 6.083882813e-11 6.636948689e-11 6.79496848e-11 5.451787514e-11 5.372768524e-11 6.004861417e-11 5.530795094e-11 4.819697504e-11 5.609808349e-11 5.530795758e-11 5.925856795e-11 6.715964814e-11 4.740677861e-11 5.135732984e-11 6.557933556e-11 5.925834486e-11 4.898713778e-11 5.372771441e-11 5.451791756e-11 6.083875559e-11 6.004871462e-11 6.004854677e-11 5.767829439e-11 6.320896331e-11 5.214736889e-11 5.214744736e-11 7.190035875e-11 5.846836175e-11 5.688816699e-11 5.293763731e-11 6.320896196e-11 6.004857562e-11 6.241882597e-11 5.214734128e-11 5.530798139e-11 4.898708281e-11 5.767821068e-11 6.32089507e-11 4.266616548e-11 6.162873075e-11 6.083873247e-11 5.688814421e-11 5.609809812e-11 6.00485682e-11 5.45177944e-11 6.478941333e-11 4.503635467e-11 6.399914532e-11 4.819691748e-11 6.953004341e-11 5.05672806e-11 7.032011569e-11 5.767834389e-11 5.688805798e-11 5.530780504e-11 6.320935096e-11 7.11102576e-11 5.372764778e-11 6.004849374e-11 5.53078813e-11 6.873987587e-11 6.715974191e-11 5.530786926e-11 5.60979761e-11 5.846842135e-11 6.478931832e-11 4.740678502e-11 5.451774078e-11 6.004863221e-11 6.004863807e-11 5.214745209e-11 6.162883012e-11 5.530795182e-11 4.187619413e-11 6.162875776e-11 5.135724813e-11 5.214745532e-11 5.451788474e-11 5.767822367e-11 5.056735074e-11 6.004849959e-11 5.767821447e-11 5.056712084e-11 6.162870266e-11 4.819681513e-11 6.241898844e-11 5.609805203e-11 5.846828941e-11 6.083868017e-11 3.634523797e-11 5.846836214e-11 6.162878748e-11 5.76784708e-11 5.688801302e-11 5.293755083e-11 5.056734658e-11 6.873982146e-11 5.688813224e-11 4.977709699e-11 5.135727092e-11 4.898701721e-11 5.29376188e-11 5.293757464e-11 6.004858117e-11 4.819686846e-11 5.372782766e-11 5.293757741e-11 5.451780284e-11 4.424639878e-11 5.372772754e-11 5.530782107e-11 6.320909265e-11 4.582655207e-11 4.187595481e-11 5.925844931e-11 5.372770407e-11 5.372774062e-11 5.688812519e-11 5.688816187e-11 5.135727201e-11 6.557928704e-11 4.898695673e-11 4.898712106e-11 3.713528693e-11 5.609806123e-11 4.977714398e-11 5.214737019e-11 5.846839518e-11 3.8715558e-11 4.898701201e-11 4.661653293e-11 5.846848063e-11 4.424626724e-11 4.819683158e-11 5.530784735e-11 4.3456263e-11 5.056725357e-11 3.871553316e-11 5.767830064e-11 4.108583726e-11 3.476497956e-11 4.108592373e-11 5.451779732e-11 3.950558412e-11 5.92584686e-11 5.214749597e-11 4.977718609e-11 4.345621138e-11 3.950569403e-11 4.345617947e-11 4.108596175e-11 5.4517805e-11 4.108588016e-11 4.97771909e-11 4.740679883e-11 4.266609857e-11 4.977708592e-11 5.293755215e-11 4.740664041e-11 4.819696601e-11 4.977712398e-11 4.819693612e-11 4.424634879e-11 3.318483937e-11 5.688820782e-11 3.397478632e-11 5.214753439e-11 4.582662484e-11 4.424631997e-11 3.71353648e-11 5.451771347e-11 4.977701561e-11 3.476489089e-11 3.397479502e-11 3.555512323e-11 4.26662053e-11 3.950559613e-11 4.5036448e-11 5.293747478e-11 3.950567324e-11 4.029585228e-11 3.634508448e-11 3.950569279e-11 5.056729615e-11 3.71352944e-11 5.451768044e-11 4.029581103e-11 4.740682763e-11 4.266612881e-11 4.740676584e-11 3.792535707e-11 3.871567295e-11 5.135730452e-11 3.792534959e-11 3.950569866e-11 4.819680635e-11 4.66167059e-11 3.713533188e-11 4.819676703e-11 4.424643302e-11 3.871547798e-11 4.345632256e-11 3.555506143e-11 5.056712391e-11 4.029586915e-11 4.18760146e-11 3.476502194e-11 4.108576936e-11 3.713540354e-11 3.792542133e-11 4.029574018e-11 5.293766823e-11 3.792536845e-11 4.266600763e-11 3.397477442e-11 4.424625092e-11 3.555502334e-11 4.029577012e-11 4.108581098e-11 3.555499256e-11 3.634516576e-11 4.108594715e-11 3.871564246e-11 3.002420168e-11 4.424636749e-11 3.39748771e-11 4.108591145e-11 3.002428896e-11 3.634514735e-11 3.476490369e-11 4.345616535e-11 4.266614807e-11 3.71353413e-11 3.555510195e-11 3.792535799e-11 3.397475191e-11 3.713530248e-11 2.923413061e-11 
4.582656423e-11 4.661666499e-11 4.582660088e-11 4.187599835e-11 5.53078758e-11 4.108591066e-11 4.740681956e-11 3.476490768e-11 4.740685577e-11 4.898707093e-11 5.135739818e-11 4.97771567e-11 5.688811019e-11 4.345611793e-11 4.1085699e-11 4.582668022e-11 4.898701928e-11 4.661657008e-11 6.00484655e-11 5.214756607e-11 4.977724783e-11 4.977703667e-11 4.740674282e-11 4.345626174e-11 5.530782669e-11 6.478925092e-11 5.767822481e-11 5.767827199e-11 4.740679209e-11 5.293748474e-11 4.97772221e-11 4.503656787e-11 4.266606362e-11 4.503639806e-11 4.661669945e-11 5.76783338e-11 6.794959912e-11 5.37275801e-11 5.214741677e-11 4.977723785e-11 5.609794576e-11 4.898700554e-11 4.108595573e-11 6.320885254e-11 5.925845861e-11 5.214752283e-11 5.767835453e-11 5.530778876e-11 6.557949447e-11 6.004869289e-11 5.846835156e-11 6.162879439e-11 5.530790823e-11 5.767817002e-11 5.767829775e-11 5.846834989e-11 4.108591557e-11 7.269036467e-11 6.004863316e-11 4.898703362e-11 4.424629498e-11 6.004844501e-11 6.399915985e-11 5.925852456e-11 6.004863575e-11 5.688807677e-11 5.135736474e-11 5.925848363e-11 6.320907906e-11 5.056734002e-11 5.530787616e-11 5.925851047e-11 6.320901091e-11 5.767819073e-11 6.873983368e-11 4.740678913e-11 6.083861951e-11 6.39991408e-11 7.190014544e-11 6.873986821e-11 7.506078945e-11 5.135754051e-11 6.320905146e-11 5.846829447e-11 6.162881058e-11 5.530783095e-11 6.083871237e-11 6.715954273e-11 5.530793125e-11 6.79497599e-11 5.846845093e-11 5.293769228e-11 6.715975144e-11 5.214757704e-11 7.427057496e-11 5.214753655e-11 6.320895235e-11 5.451778147e-11 5.056729827e-11 5.688833912e-11 6.399911777e-11 4.898687684e-11 6.162884736e-11 5.925855433e-11 6.794971607e-11 6.3209076e-11 5.767819195e-11 5.925864757e-11 6.715966708e-11 7.032005362e-11 6.241885655e-11 7.032020179e-11 7.110996759e-11 7.111021274e-11 5.609807819e-11 7.585088128e-11 6.241883823e-11 6.162866794e-11 6.952999331e-11 6.241906262e-11 6.320891317e-11 6.715956534e-11 7.111013981e-11 6.636944217e-11 6.873988773e-11 6.320912878e-11 5.688815603e-11 6.794975269e-11 6.715954407e-11 5.9258574e-11 8.533226315e-11 5.451773469e-11 7.822115939e-11 7.427048795e-11 5.846837156e-11 6.952986091e-11 6.79497288e-11 6.794972896e-11 6.004855882e-11 6.952991005e-11 7.269037048e-11 6.399922701e-11 7.901150584e-11 7.74310454e-11 6.3209033e-11 8.849260694e-11 6.320897177e-11 7.427069717e-11 7.190033093e-11 8.05914335e-11 7.190025064e-11 7.664085784e-11 7.031996541e-11 6.24189249e-11 6.241905324e-11 7.585093561e-11 7.269037279e-11 5.925841649e-11 6.557929417e-11 7.111008541e-11 6.873988411e-11 6.873991039e-11 5.293759308e-11 6.241888276e-11 7.031992571e-11 7.111024384e-11 7.822112725e-11 6.87398288e-11 9.40235059e-11 7.111025251e-11 6.636939326e-11 7.664083067e-11 7.269044763e-11 7.901119295e-11 5.609799284e-11 7.348051874e-11 8.454215875e-11 7.032022277e-11 6.083883377e-11 8.928277432e-11 6.478920535e-11 7.585072366e-11 7.111023225e-11 8.217166043e-11 7.427065251e-11 7.664093244e-11 5.925841447e-11 7.585076877e-11 6.557934394e-11 6.557932787e-11 6.399911578e-11 7.427064359e-11 7.032019503e-11 7.822111909e-11 7.743107643e-11 7.111022892e-11 6.873969352e-11 7.190013601e-11 8.691247267e-11 7.269043422e-11 7.506081478e-11 7.032009797e-11 5.451781251e-11 7.822122639e-11 7.111013378e-11 7.03200002e-11 7.980141517e-11 6.873980287e-11 8.691242805e-11 6.083877256e-11 7.190036155e-11 7.822123908e-11 7.822118088e-11 7.980146688e-11 6.478922484e-11 6.557943075e-11 7.664099971e-11 7.664088286e-11 8.296181995e-11 7.269062559e-11 8.138166245e-11 6.794987064e-11 5.925845832e-11 7.664102713e-11 6.715967252e-11 7.980133708e-11 9.165316287e-11 7.111021318e-11 6.873986856e-11 7.111022053e-11 7.901131332e-11 6.557933555e-11 7.031993236e-11 8.375201858e-11 7.585094878e-11 6.873973141e-11 6.557934473e-11 7.74310794e-11 7.901139044e-11 6.557936341e-11 8.375198759e-11 8.454218016e-11 6.715953939e-11 7.348057626e-11 6.478933298e-11 8.296198493e-11 6.399907876e-11 7.348030572e-11 7.269042868e-11 7.664093992e-11 7.11102308e-11 7.111029964e-11 7.111017903e-11 7.190028853e-11 7.032007166e-11 8.059134402e-11 7.90112678e-11 6.399918806e-11 7.585063912e-11 6.557945496e-11 7.506073762e-11 8.612217131e-11 7.269050804e-11 8.217169111e-11 7.664102879e-11 5.925851752e-11 7.348042265e-11 6.953001131e-11 7.980135986e-11 6.953005572e-11 7.980142249e-11 6.241888249e-11 8.217192859e-11 6.95299662e-11 7.348062564e-11 7.269036567e-11 5.530774111e-11 7.50606532e-11 7.901132122e-11 6.715954138e-11 7.585082652e-11 7.427046455e-11 7.822111733e-11 7.111003526e-11 7.980149579e-11 7.585081999e-11 8.138153479e-11 7.743103658e-11 6.320895825e-11 8.454220258e-11 7.427060457e-11 7.427055248e-11 7.506069055e-11 7.26904142e-11 9.165322681e-11 6.794963885e-11 7.980140741e-11 6.874001524e-11 8.375182889e-11 8.691245736e-11 7.6641076e-11 8.375185241e-11 1.042949165e-10 7.901140421e-11 7.190036052e-11 7.269040672e-11 7.427059695e-11 7.269039493e-11 7.190024002e-11 7.19003805e-11 6.636958121e-11 7.348051252e-11 8.69125685e-11 7.980143317e-11 7.34804568e-11 7.11100373e-11 8.217172594e-11 7.506068243e-11 8.138157856e-11 8.928282406e-11 8.059139661e-11 6.162872714e-11 7.111002347e-11 7.822118554e-11 6.478931942e-11 6.636945804e-11 6.873986995e-11 6.004860949e-11 6.873985767e-11 7.58508868e-11 7.427060858e-11 8.217162873e-11 6.162886075e-11 6.953000731e-11 8.296171971e-11 7.822115258e-11 6.557952124e-11 6.794980823e-11 6.320909288e-11 6.557933932e-11 6.478925853e-11 6.715964185e-11 6.715970025e-11 8.059145788e-11 7.190020663e-11 5.767819819e-11 8.217177141e-11 6.715961961e-11 6.320896607e-11 6.71596133e-11 8.13816837e-11 6.715962443e-11 8.059155238e-11 6.162886184e-11 6.478923099e-11 6.794964283e-11 6.241897275e-11 6.715949405e-11 6.636942663e-11 6.952981054e-11 6.794956008e-11 6.794978904e-11 6.557945699e-11 8.059141257e-11 7.348059949e-11 6.715978291e-11 6.873976554e-11 5.688810373e-11 7.664114675e-11 8.533231911e-11 7.348045889e-11 7.111024939e-11 6.794967819e-11 5.451773224e-11 5.846834247e-11 6.794972057e-11 6.715964524e-11 5.372771584e-11 6.399919447e-11 6.636951361e-11 6.79497253e-11 5.609802239e-11 6.794955353e-11 7.111014169e-11 7.822128983e-11 6.162889375e-11 6.557926137e-11 6.794976597e-11 6.715963963e-11 7.03201813e-11 7.269065643e-11 7.031994252e-11 5.767829306e-11 5.530801454e-11 6.557927903e-11 7.506074902e-11 7.111019643e-11 6.715963457e-11 6.952995763e-11 6.636945723e-11 7.506066578e-11 6.715968122e-11 5.451771977e-11 5.846835336e-11 6.63694237e-11 6.083860758e-11 5.92586464e-11 6.557952822e-11 6.794979183e-11 5.688813493e-11 4.582657341e-11 5.214748055e-11 5.451783267e-11 6.478924278e-11 5.688801673e-11 4.977724615e-11 5.925852601e-11 6.320903659e-11 5.372767849e-11 6.636972275e-11 4.582657502e-11 7.111014229e-11 6.478911059e-11 6.3999148e-11 5.056720505e-11 5.846837237e-11 6.399909269e-11 6.873976595e-11 5.925847871e-11 6.083874325e-11 5.688815286e-11 5.846829755e-11 5.135731195e-11 4.740674626e-11 5.846816407e-11 5.530795112e-11 6.083862136e-11 5.609803895e-11 5.056727898e-11 6.083870844e-11 5.214761085e-11 5.135726599e-11 6.004859366e-11 5.293752891e-11 5.530796381e-11 6.399913456e-11 4.819683796e-11 4.7406716e-11 6.953008478e-11 5.530796527e-11 6.478935051e-11 6.794975263e-11 5.37276806e-11 4.97770641e-11 5.451790989e-11 4.819678043e-11 4.740683288e-11 5.925846984e-11 5.925846441e-11 5.609808591e-11 5.135736575e-11 5.293755408e-11 5.293755686e-11 5.688812815e-11 5.688812923e-11 6.715961306e-11 6.083863986e-11 4.740685686e-11 5.925861504e-11 5.135734262e-11 6.478924242e-11 4.345617483e-11 4.898699396e-11 5.293744719e-11 4.661679172e-11 6.636955857e-11 5.056726684e-11 4.661658749e-11 5.2937549e-11 4.977716032e-11 4.42464113e-11 4.740676096e-11 3.555520924e-11 4.187590541e-11 4.740681087e-11 4.503649738e-11 5.21474894e-11 5.135728712e-11 4.582653584e-11 3.950566215e-11 4.740666444e-11 5.135732862e-11 4.029577847e-11 4.503651907e-11 4.898698661e-11 4.661671078e-11 4.503650396e-11 3.39749616e-11 4.819685978e-11 4.582660391e-11 4.345625001e-11 
1.106158563e-10 1.137763691e-10 1.114059715e-10 9.639380778e-11 1.208871349e-10 1.098257139e-10 1.074554586e-10 1.208874408e-10 1.185169432e-10 1.019245361e-10 1.035048343e-10 1.074554162e-10 1.129860492e-10 1.169368808e-10 1.224676632e-10 1.114058371e-10 1.050850835e-10 1.082453529e-10 1.224675203e-10 1.13776232e-10 1.106156471e-10 1.137760332e-10 1.137764153e-10 1.161466041e-10 1.35899715e-10 1.374796864e-10 1.216773215e-10 1.240478224e-10 1.193068784e-10 1.248378074e-10 1.137762523e-10 1.216773602e-10 1.16936685e-10 1.066653129e-10 1.137762844e-10 9.086287755e-11 1.358995248e-10 1.303686528e-10 1.335292429e-10 1.398501549e-10 1.232578412e-10 1.248377205e-10 1.15356577e-10 1.090355141e-10 1.17726929e-10 1.295785353e-10 1.114059142e-10 1.137761992e-10 1.208872472e-10 1.469608922e-10 1.264183589e-10 1.287883057e-10 1.256279554e-10 1.185169855e-10 1.279983317e-10 1.295784952e-10 1.445907647e-10 1.335293319e-10 1.27208097e-10 1.351090082e-10 1.193072195e-10 1.374798292e-10 1.517015023e-10 1.279983718e-10 1.430105356e-10 1.22467445e-10 1.461709062e-10 1.27998366e-10 1.366895752e-10 1.319489466e-10 1.366895563e-10 1.485414116e-10 1.58022672e-10 1.358995178e-10 1.351094641e-10 1.12195965e-10 1.216775596e-10 1.445907149e-10 1.343193225e-10 1.675040342e-10 1.295784727e-10 1.445905765e-10 1.208871258e-10 1.445906902e-10 1.548622325e-10 1.438004353e-10 1.406400336e-10 1.343190946e-10 1.366897597e-10 1.382697385e-10 1.327388956e-10 1.627632798e-10 1.572325112e-10 1.374799289e-10 1.295783985e-10 1.335290565e-10 1.627634679e-10 1.343191975e-10 1.430106576e-10 1.390600971e-10 1.35109488e-10 1.43800721e-10 1.619729682e-10 1.738246399e-10 1.501214955e-10 1.319487499e-10 1.438005206e-10 1.390600635e-10 1.509116906e-10 1.351093188e-10 1.548623026e-10 1.540722465e-10 1.493312362e-10 1.517017173e-10 1.358993614e-10 1.619730695e-10 1.524916913e-10 1.469610825e-10 1.675042143e-10 1.580224721e-10 1.967384424e-10 1.556522244e-10 1.517017538e-10 1.501214142e-10 1.335291499e-10 1.485411274e-10 1.635535564e-10 1.809359028e-10 1.477511727e-10 1.556524098e-10 1.714544008e-10 1.532818995e-10 1.667137404e-10 1.517015978e-10 1.596027007e-10 1.651335573e-10 1.698744908e-10 1.738247463e-10 1.722447477e-10 1.532820659e-10 1.682938782e-10 1.556519124e-10 1.64343403e-10 1.501214565e-10 1.627633467e-10 1.517014352e-10 1.635535967e-10 1.382698285e-10 1.469610331e-10 1.71454588e-10 1.706646078e-10 1.667138301e-10 1.698743067e-10 1.603930392e-10 1.75405213e-10 1.714545857e-10 1.596029128e-10 1.540720706e-10 1.675039937e-10 1.769852157e-10 1.698743077e-10 1.706645059e-10 1.801458677e-10 1.675040849e-10 1.667140385e-10 1.785654847e-10 1.730348245e-10 1.754052131e-10 1.53282141e-10 1.588125638e-10 1.746150695e-10 1.738248441e-10 1.627633159e-10 1.667140028e-10 1.619731025e-10 1.58022484e-10 1.746149178e-10 1.667137452e-10 1.722447618e-10 1.556524176e-10 1.524916549e-10 1.532819853e-10 1.738248759e-10 1.74614888e-10 1.477512064e-10 1.635533242e-10 1.730348017e-10 1.477511505e-10 1.864666494e-10 1.548623056e-10 1.651336105e-10 1.690839514e-10 1.690843767e-10 1.690841435e-10 1.698743613e-10 1.793558123e-10 1.998985121e-10 1.682940296e-10 1.667138091e-10 1.414300887e-10 1.975281069e-10 1.698746224e-10 1.714546485e-10 1.872566288e-10 1.785654064e-10 1.643434816e-10 1.840962248e-10 1.777752828e-10 1.667138471e-10 1.690842491e-10 1.493314384e-10 1.580226021e-10 1.611830724e-10 1.880465122e-10 1.67504126e-10 1.801455217e-10 1.959480401e-10 1.69084416e-10 1.872570161e-10 1.70664535e-10 1.611832313e-10 1.840962902e-10 1.746150122e-10 1.659235755e-10 1.817260041e-10 2.062193436e-10 1.769853283e-10 1.722446319e-10 1.67503955e-10 1.675040765e-10 1.714545994e-10 1.888372911e-10 1.809360498e-10 1.603928199e-10 1.738248265e-10 1.643436424e-10 1.927876317e-10 2.030589425e-10 1.833063876e-10 2.030589067e-10 1.722444796e-10 1.651334263e-10 1.809361764e-10 1.80935863e-10 1.785654424e-10 1.769852666e-10 2.038492712e-10 1.888373086e-10 1.714544807e-10 1.698742611e-10 1.75405024e-10 1.880468137e-10 1.809357436e-10 1.785656357e-10 1.58812796e-10 1.83306311e-10 1.872568257e-10 1.79355871e-10 1.817258343e-10 1.596027928e-10 1.785655265e-10 1.919974804e-10 1.833064102e-10 1.682940164e-10 1.698743467e-10 1.896273542e-10 1.809356383e-10 1.714546494e-10 1.69874331e-10 1.888371064e-10 1.90417183e-10 1.596028152e-10 1.88837052e-10 1.580224653e-10 1.840963897e-10 1.746150892e-10 1.722446294e-10 1.690842299e-10 1.698741937e-10 1.809356833e-10 1.667138214e-10 1.833065808e-10 1.730347008e-10 1.738247897e-10 1.769853832e-10 1.588127255e-10 1.69083982e-10 1.777754374e-10 1.754051913e-10 1.722447832e-10 1.75405171e-10 1.833062251e-10 1.81725999e-10 1.76985411e-10 1.817261379e-10 1.730346962e-10 1.738249647e-10 1.919976178e-10 1.635533792e-10 1.580227034e-10 1.825161095e-10 1.769854821e-10 1.769853911e-10 1.706645197e-10 1.5960284e-10 1.730349353e-10 1.532820227e-10 1.556522807e-10 1.777752697e-10 1.730349747e-10 1.746149775e-10 1.722444983e-10 1.80145878e-10 1.777753385e-10 1.89627202e-10 1.848863803e-10 1.714546145e-10 1.675041027e-10 1.572325525e-10 1.682942653e-10 1.714546578e-10 1.690842929e-10 1.485413652e-10 1.809357719e-10 1.919975052e-10 1.659235446e-10 1.769852577e-10 1.722447094e-10 1.714544435e-10 1.596029505e-10 1.67503996e-10 1.659234988e-10 1.667139722e-10 1.62763399e-10 1.714547761e-10 1.485412633e-10 1.532817349e-10 1.64343647e-10 1.517018649e-10 1.769849689e-10 1.485411672e-10 1.730347857e-10 1.643434153e-10 1.667135882e-10 1.74615158e-10 1.722446368e-10 1.564425446e-10 1.675043438e-10 1.564425321e-10 1.517017115e-10 1.540719516e-10 1.722447607e-10 1.659236774e-10 1.643434563e-10 1.611831867e-10 1.746152048e-10 1.864665501e-10 1.596029052e-10 1.53282014e-10 1.722445596e-10 1.698744371e-10 1.69084297e-10 1.722444827e-10 1.611831269e-10 1.430104484e-10 1.761950632e-10 1.461709245e-10 1.611832581e-10 1.414300266e-10 1.453808109e-10 1.619729692e-10 1.351090825e-10 1.517018065e-10 1.627632523e-10 1.635534314e-10 1.501217098e-10 1.39059812e-10 1.398501357e-10 1.469609409e-10 1.50911471e-10 1.39849863e-10 1.675040613e-10 1.327392361e-10 1.382697498e-10 1.564422255e-10 1.556523019e-10 1.580225965e-10 1.564423147e-10 1.46170745e-10 1.343189619e-10 1.588126738e-10 1.390600538e-10 1.3984984e-10 1.524918531e-10 1.414302589e-10 1.54862337e-10 1.453806983e-10 1.406402554e-10 1.390597493e-10 1.366895054e-10 1.453809081e-10 1.564423218e-10 1.540720575e-10 1.53281837e-10 1.43800689e-10 1.430105327e-10 1.706643653e-10 1.493313262e-10 1.406400223e-10 1.58022435e-10 1.414302314e-10 1.485411913e-10 1.517018158e-10 1.580225379e-10 1.248378164e-10 1.532816852e-10 1.603929736e-10 1.145665581e-10 1.374797358e-10 1.532818581e-10 1.208873111e-10 1.335292262e-10 1.343192267e-10 1.596029909e-10 1.430106521e-10 1.224675899e-10 1.311589958e-10 1.374797108e-10 1.438004655e-10 1.279983114e-10 1.588126025e-10 1.335291569e-10 1.335290513e-10 1.469612073e-10 1.517016605e-10 1.343191972e-10 1.224674594e-10 1.343190407e-10 1.485411274e-10 1.224673913e-10 1.185169767e-10 1.327389537e-10 1.256281988e-10 1.517015529e-10 1.177268741e-10 1.303684669e-10 1.295786226e-10 1.374797672e-10 1.287884831e-10 1.366895812e-10 1.18516984e-10 1.358992683e-10 1.287881642e-10 1.177269238e-10 1.193071049e-10 1.248380231e-10 1.224675414e-10 1.27998267e-10 1.358994707e-10 1.153562636e-10 1.39849985e-10 1.169367421e-10 1.28788517e-10 1.248376936e-10 1.264182109e-10 1.106158199e-10 1.121958187e-10 1.240477536e-10 1.185168831e-10 1.193070655e-10 1.240478283e-10 1.256279655e-10 1.27998444e-10 1.264181738e-10 1.161466469e-10 1.445907372e-10 1.08245497e-10 1.177268113e-10 1.106158645e-10 1.058750574e-10 1.216773512e-10 1.042950624e-10 1.058752485e-10 1.295785965e-10 1.177269158e-10 1.216774767e-10 1.200971472e-10 1.13776237e-10 1.042949162e-10 1.035048504e-10 1.027146009e-10 1.050849971e-10 1.177266817e-10 1.137762829e-10 1.145663667e-10 1.216774666e-10 1.035046989e-10 9.63937351e-11 1.232576091e-10 9.323325816e-11 1.161468311e-10 
# Errors [px2/pxAfterFirstFoil.dat] I_err:
8.762781925e-12 9.80504804e-12 1.033205482e-11 9.868516233e-12 9.180263951e-12 9.709082453e-12 9.146218025e-12 1.002540239e-11 8.833721937e-12 9.415284727e-12 9.348735975e-12 9.315278433e-12 9.579607183e-12 9.546983216e-12 9.805047249e-12 9.348736544e-12 9.86850712e-12 8.83373045e-12 9.994226785e-12 9.214212553e-12 9.514221257e-12 9.709083855e-12 9.481354389e-12 9.67687637e-12 9.900083085e-12 1.005649597e-11 9.146215044e-12 9.481346156e-12 9.348751182e-12 1.027147121e-11 9.448373976e-12 9.61213947e-12 9.448382071e-12 9.514222978e-12 1.030180963e-11 1.048203449e-11 1.05117654e-11 9.868512552e-12 1.021050862e-11 9.900078999e-12 9.579613399e-12 1.00254127e-11 9.248030612e-12 9.315304752e-12 1.008748681e-11 9.741174281e-12 9.773174652e-12 1.002541488e-11 1.00874894e-11 1.014918531e-11 1.024103069e-11 9.805045124e-12 1.077571309e-11 1.014918969e-11 1.071761995e-11 1.011837782e-11 1.054141855e-11 1.030180992e-11 1.045221979e-11 1.005650538e-11 1.09481239e-11 1.01183955e-11 1.11738976e-11 1.060049498e-11 1.065921496e-11 1.086225841e-11 1.147705894e-11 1.062989545e-11 9.644562771e-12 9.836834148e-12 1.039231489e-11 1.089095062e-11 9.80504666e-12 1.017989372e-11 1.114590646e-11 1.030181376e-11 1.08046301e-11 1.011839755e-11 1.111788235e-11 1.089096044e-11 1.103331309e-11 1.083346923e-11 9.709085951e-12 1.080462023e-11 1.051175765e-11 1.094813764e-11 1.086226578e-11 1.080464413e-11 1.045221973e-11 1.103333248e-11 1.05709748e-11 1.08334694e-11 1.065921291e-11 1.008747708e-11 1.111787372e-11 1.091956853e-11 1.083347475e-11 1.054141563e-11 1.086226282e-11 1.077570934e-11 1.080462943e-11 1.108976762e-11 1.103333984e-11 1.060047091e-11 1.080463816e-11 9.931572749e-12 1.136776134e-11 1.089094939e-11 1.108978824e-11 1.054140791e-11 1.071762386e-11 1.083348464e-11 1.060046494e-11 1.065921476e-11 1.169260958e-11 1.147705722e-11 1.195657561e-11 1.117388888e-11 1.068844965e-11 1.106157327e-11 1.131269757e-11 1.103333113e-11 1.111788507e-11 1.03320706e-11 1.089095157e-11 1.077570191e-11 1.134025093e-11 1.122960681e-11 1.054143682e-11 9.962953701e-12 1.094812989e-11 1.171928525e-11 1.103333048e-11 1.05709896e-11 1.062989147e-11 1.131269497e-11 1.097659494e-11 1.071761342e-11 1.122961215e-11 1.158534045e-11 1.089096549e-11 1.17458789e-11 1.108976895e-11 1.114590825e-11 1.097662001e-11 1.153133495e-11 1.147706496e-11 1.166589123e-11 1.106159365e-11 1.236722592e-11 1.097658998e-11 1.147706167e-11 1.125737914e-11 1.111786562e-11 1.177240569e-11 1.134025276e-11 1.171927791e-11 1.169259648e-11 1.131271379e-11 1.136774265e-11 1.166587208e-11 1.195657255e-11 1.22658363e-11 1.057099616e-11 1.039230314e-11 1.114590492e-11 1.039230572e-11 1.13951719e-11 1.198264925e-11 1.161223178e-11 1.134024948e-11 1.166588088e-11 1.136774406e-11 1.08622593e-11 1.11459158e-11 1.077568553e-11 1.150423054e-11 1.234197341e-11 1.091958813e-11 1.147706361e-11 1.117389332e-11 1.147707439e-11 1.136775687e-11 1.208640933e-11 1.200868021e-11 1.244271711e-11 1.147705389e-11 1.193044597e-11 1.231664372e-11 1.216365202e-11 1.131269595e-11 1.182535927e-11 1.111786906e-11 1.169261476e-11 1.169261687e-11 1.136776167e-11 1.174587122e-11 1.071761095e-11 1.106157467e-11 1.139516276e-11 1.226586613e-11 1.147705027e-11 1.18516861e-11 1.20086713e-11 1.22403793e-11 1.086226657e-11 1.206056269e-11 1.108975813e-11 1.091958294e-11 1.153132274e-11 1.169260971e-11 1.187800224e-11 1.20605326e-11 1.153131905e-11 1.187797429e-11 1.271565303e-11 1.177239354e-11 1.206055822e-11 1.171926834e-11 1.211220426e-11 1.125738734e-11 1.161225884e-11 1.171925874e-11 1.147706798e-11 1.213794835e-11 1.120177284e-11 1.224038568e-11 1.1395184e-11 1.174589373e-11 1.163909036e-11 1.174588507e-11 1.117387782e-11 1.1851696e-11 1.211220578e-11 1.193043605e-11 1.195658359e-11 1.161224943e-11 1.21892636e-11 1.200868789e-11 1.16658786e-11 1.206055369e-11 1.142253425e-11 1.226583705e-11 1.139518755e-11 1.150421401e-11 1.200866193e-11 1.11178675e-11 1.136774387e-11 1.198266612e-11 1.206055315e-11 1.108977012e-11 1.169261934e-11 1.153131937e-11 1.114591906e-11 1.198266071e-11 1.14770526e-11 1.17458725e-11 1.190425093e-11 1.182531652e-11 1.179888472e-11 1.169259334e-11 1.177241908e-11 1.174585531e-11 1.185166979e-11 1.185169347e-11 1.179892508e-11 1.131268827e-11 1.19042633e-11 1.136774821e-11 1.216363503e-11 1.234196667e-11 1.125738253e-11 1.150421666e-11 1.16122364e-11 1.147705588e-11 1.177243206e-11 1.19826432e-11 1.1798903e-11 1.198265347e-11 1.22912802e-11 1.190425174e-11 1.193042556e-11 1.185170216e-11 1.195658239e-11 1.21636401e-11 1.153132388e-11 1.229128165e-11 1.182533484e-11 1.108976707e-11 1.185168959e-11 1.171928029e-11 1.142253835e-11 1.174588287e-11 1.147707167e-11 1.080464079e-11 1.261707648e-11 1.169259826e-11 1.142253731e-11 1.128507248e-11 1.134026677e-11 1.15313218e-11 1.150421268e-11 1.171927183e-11 1.125738551e-11 1.153131463e-11 1.198264371e-11 1.128507202e-11 1.163910149e-11 1.128507585e-11 1.169260364e-11 1.108976587e-11 1.114592686e-11 1.166588162e-11 1.134025736e-11 1.150421684e-11 1.166587243e-11 1.134026091e-11 1.17458791e-11 1.068845099e-11 1.185170538e-11 1.13127224e-11 1.108973744e-11 1.080462797e-11 1.13127059e-11 1.106158643e-11 1.174586884e-11 1.179889148e-11 1.030183426e-11 1.15853371e-11 1.134025482e-11 1.125736976e-11 1.17192703e-11 1.089095958e-11 1.134025817e-11 1.097661499e-11 1.100498602e-11 1.236721222e-11 1.097659556e-11 1.106158301e-11 1.147705617e-11 1.17192746e-11 1.144984632e-11 1.117388766e-11 1.206054652e-11 1.051177357e-11 1.206056125e-11 1.108975514e-11 1.089095237e-11 1.15853329e-11 1.161224238e-11 1.208639961e-11 1.134026825e-11 1.120180254e-11 1.185169542e-11 1.147703916e-11 1.065919095e-11 1.100501864e-11 1.060048442e-11 1.097661292e-11 1.091958958e-11 1.134025962e-11 1.139517943e-11 1.128508368e-11 1.071760833e-11 1.174588656e-11 1.094811888e-11 1.103331754e-11 1.17192741e-11 1.163907554e-11 1.125737705e-11 1.120177813e-11 1.108976054e-11 1.147703876e-11 1.011837973e-11 1.02105212e-11 1.131269673e-11 1.134026908e-11 1.120179563e-11 1.134024366e-11 1.103333742e-11 1.091957843e-11 1.074670639e-11 1.131270309e-11 1.117388928e-11 1.134024317e-11 1.045221958e-11 1.071762858e-11 1.054141066e-11 1.120180176e-11 1.086228432e-11 1.039232565e-11 1.071761614e-11 1.048203138e-11 1.036222562e-11 1.04223172e-11 1.117389286e-11 1.030182088e-11 1.074669189e-11 1.117388077e-11 1.071761498e-11 1.086226091e-11 1.083346136e-11 9.676857035e-12 1.065921883e-11 1.060046798e-11 1.131270012e-11 1.024102921e-11 1.10615765e-11 1.074669821e-11 1.083349132e-11 1.042230754e-11 1.030180435e-11 1.111789017e-11 1.042230781e-11 1.065922027e-11 1.125738352e-11 1.033207194e-11 1.080463091e-11 1.057099587e-11 1.045221504e-11 1.100500882e-11 9.676879861e-12 9.836816563e-12 1.039231096e-11 1.094813648e-11 1.062989472e-11 1.036223056e-11 1.080462289e-11 9.931563734e-12 9.868510103e-12 1.033208074e-11 9.80504818e-12 1.039232474e-11 9.994218721e-12 1.03018108e-11 1.080464352e-11 1.005651454e-11 1.057098604e-11 1.017989487e-11 1.002540575e-11 1.030180727e-11 1.033205665e-11 1.045222471e-11 1.042232046e-11 9.994229297e-12 9.962950637e-12 1.002542513e-11 9.900094224e-12 1.042230239e-11 1.068845826e-11 9.962930509e-12 1.027147644e-11 9.805063141e-12 9.805037874e-12 1.048203562e-11 9.836825088e-12 9.868509901e-12 1.021050541e-11 1.048201301e-11 9.612128291e-12 9.773159101e-12 9.644568426e-12 9.931572406e-12 9.214218319e-12 9.644566342e-12 1.027146107e-11 1.062988484e-11 1.04820268e-11 1.071762892e-11 9.868501147e-12 9.448382841e-12 1.065921222e-11 9.415295261e-12 9.99422923e-12 9.612132417e-12 9.773151289e-12 9.481358287e-12 9.741180686e-12 1.021050784e-11 8.869017926e-12 9.836838183e-12 9.514226634e-12 9.994220969e-12 9.481355723e-12 9.348743158e-12 9.008669313e-12 9.008666454e-12 9.579605833e-12 9.214226171e-12 1.011838759e-11 1.04223286e-11 9.448378879e-12 9.348749689e-12 9.415288925e-12 8.904130709e-12 8.546375342e-12 9.008689241e-12 9.214217431e-12 9.281718069e-12 9.077709875e-12 8.324343241e-12 
5.912677453e-12 6.017336132e-12 6.017327989e-12 6.221351348e-12 5.806107955e-12 5.912663827e-12 6.17097963e-12 6.978098003e-12 5.358821251e-12 5.8596448e-12 6.418892792e-12 6.170987857e-12 5.358803198e-12 6.221350727e-12 5.912666503e-12 5.80612216e-12 6.467355958e-12 6.27131816e-12 6.320886042e-12 6.56316964e-12 6.120177082e-12 5.47406154e-12 6.46736419e-12 6.750718097e-12 5.642541596e-12 6.610546216e-12 6.32089209e-12 6.657617055e-12 6.418913115e-12 5.752119288e-12 6.271339926e-12 6.978090344e-12 6.170977979e-12 6.221364679e-12 6.120174098e-12 6.221365623e-12 6.271328888e-12 6.515433515e-12 6.704320698e-12 6.320901929e-12 6.610547961e-12 5.96522691e-12 7.11101545e-12 6.170969755e-12 7.022686001e-12 6.467346652e-12 6.120170228e-12 6.51543564e-12 6.221350845e-12 5.912652556e-12 6.068963576e-12 6.750729636e-12 6.017327168e-12 6.933204567e-12 7.495676449e-12 7.45391084e-12 6.657618196e-12 5.965220227e-12 6.41891207e-12 5.859633545e-12 7.619574001e-12 6.515446419e-12 6.978088228e-12 6.017326891e-12 6.320909561e-12 6.657616488e-12 6.657617416e-12 7.495663256e-12 6.563162657e-12 7.495672273e-12 6.75071997e-12 7.022667545e-12 6.61056223e-12 5.806135166e-12 6.750733957e-12 6.370092833e-12 6.704322029e-12 6.888049193e-12 7.06698321e-12 7.022682362e-12 6.610565339e-12 6.46734909e-12 7.578512383e-12 6.610543619e-12 7.369698936e-12 6.271332338e-12 6.657598463e-12 7.369672375e-12 6.978094333e-12 7.327225859e-12 6.933220603e-12 6.657617482e-12 6.610546418e-12 6.93322878e-12 7.198275033e-12 6.796813556e-12 6.170974498e-12 6.888043003e-12 6.657599652e-12 6.704319833e-12 7.022657112e-12 6.933217181e-12 6.978088824e-12 6.657599024e-12 7.369678013e-12 7.154776959e-12 6.933220582e-12 7.111010906e-12 7.537199014e-12 6.563173203e-12 7.660424172e-12 7.066983395e-12 7.411898608e-12 7.660413646e-12 7.411914629e-12 7.940540189e-12 6.842582273e-12 7.701060106e-12 7.495667597e-12 6.888051997e-12 7.411912627e-12 8.018772917e-12 7.327197803e-12 6.888041173e-12 7.701068464e-12 6.978091778e-12 7.369675686e-12 7.578510573e-12 7.327210186e-12 6.978093462e-12 6.888032359e-12 7.198279945e-12 7.15477876e-12 7.066983273e-12 8.057620536e-12 7.022692019e-12 7.198259937e-12 6.563163379e-12 6.610565363e-12 7.578508053e-12 7.284468443e-12 6.27131646e-12 6.933199931e-12 7.369676565e-12 7.411922702e-12 7.198252799e-12 7.369679931e-12 6.842593019e-12 7.619576895e-12 7.619577244e-12 7.198272442e-12 7.741501258e-12 7.022668838e-12 6.842580417e-12 7.70107155e-12 6.84258023e-12 7.495670515e-12 7.741487728e-12 6.978094242e-12 7.578488843e-12 7.453927352e-12 7.660427432e-12 7.741491158e-12 8.057600961e-12 7.741499117e-12 7.284484959e-12 7.066989824e-12 7.578493535e-12 7.940548776e-12 7.701065581e-12 7.241511157e-12 8.057596924e-12 8.211101529e-12 7.453902929e-12 7.537201165e-12 7.741502332e-12 7.701053441e-12 7.45391426e-12 7.701077723e-12 7.284465923e-12 7.369685779e-12 7.578489755e-12 7.82172311e-12 7.453912404e-12 7.411919547e-12 7.821720728e-12 7.861535764e-12 7.82173225e-12 7.619582834e-12 6.418916154e-12 7.369686184e-12 7.411928356e-12 8.286784447e-12 7.111029347e-12 7.327198527e-12 7.537200425e-12 7.61957667e-12 8.582835047e-12 6.750732129e-12 7.453905685e-12 7.781713569e-12 6.170982538e-12 7.453916237e-12 7.619569628e-12 8.134709207e-12 7.327202643e-12 7.327220405e-12 7.821711986e-12 7.241514067e-12 7.701059224e-12 8.32435404e-12 7.327205312e-12 7.701074529e-12 7.781697738e-12 7.578508702e-12 6.796814401e-12 7.1982881e-12 7.619563561e-12 7.901127605e-12 7.066995612e-12 8.546375447e-12 7.619587272e-12 7.453908632e-12 7.327211055e-12 7.495684349e-12 7.411926898e-12 7.284475185e-12 7.619568936e-12 8.096245893e-12 7.198267395e-12 7.154787966e-12 8.3243613e-12 7.495690615e-12 7.660451199e-12 7.154780003e-12 7.901131438e-12 7.578493499e-12 8.057603569e-12 7.578503252e-12 7.979746695e-12 7.111014528e-12 7.369691623e-12 7.241501824e-12 7.979730552e-12 7.241477577e-12 8.473023383e-12 7.660443851e-12 8.473031031e-12 7.198285311e-12 7.861530251e-12 7.066982876e-12 7.821727664e-12 7.619579535e-12 7.284478246e-12 7.284487417e-12 7.154788128e-12 7.741516116e-12 7.861528929e-12 7.284481742e-12 7.861529376e-12 7.61957519e-12 8.24901074e-12 7.741497011e-12 7.241517724e-12 7.453915955e-12 7.940550014e-12 7.940538357e-12 7.979748047e-12 8.13471794e-12 7.241511211e-12 7.154769964e-12 8.173003194e-12 7.660420182e-12 7.741486088e-12 7.821712914e-12 7.821709338e-12 8.324355517e-12 7.369680987e-12 7.781705533e-12 7.821725736e-12 7.61956637e-12 8.057603592e-12 8.619094737e-12 7.940529394e-12 6.657635697e-12 7.979743229e-12 7.453903661e-12 7.327217601e-12 7.111029364e-12 8.436110127e-12 7.53719377e-12 7.111017413e-12 7.57850559e-12 7.741488788e-12 8.546378955e-12 7.327216078e-12 7.940519095e-12 7.781732555e-12 7.619568809e-12 7.78171426e-12 7.369666653e-12 7.821709478e-12 8.361781515e-12 7.154794374e-12 7.19826081e-12 7.660432354e-12 7.901130145e-12 7.578504171e-12 7.940550928e-12 7.861527089e-12 6.978085966e-12 7.241518553e-12 7.821729357e-12 7.537202048e-12 7.619568388e-12 8.096256372e-12 7.660446515e-12 7.198271441e-12 7.198273186e-12 7.327214161e-12 7.154784197e-12 7.901147713e-12 7.701088056e-12 8.134714482e-12 7.453899988e-12 7.198280527e-12 7.495690886e-12 6.84256905e-12 7.97974181e-12 7.578498166e-12 7.741490579e-12 7.741490742e-12 7.741490854e-12 7.453904476e-12 6.978074221e-12 7.578508276e-12 6.563172255e-12 7.02268714e-12 7.940534867e-12 7.578496477e-12 7.022685527e-12 6.842587989e-12 7.619571916e-12 7.411918248e-12 7.111018463e-12 7.495672864e-12 6.933216696e-12 7.660424654e-12 6.842583685e-12 7.537198316e-12 6.978090864e-12 7.537180137e-12 7.154773985e-12 6.888047665e-12 6.610539634e-12 7.495681572e-12 7.411926196e-12 6.842580127e-12 6.75072628e-12 8.018768072e-12 7.241504589e-12 7.66043546e-12 7.022680825e-12 7.537212567e-12 7.411905427e-12 7.90113135e-12 6.933208671e-12 7.49565906e-12 7.741488957e-12 6.657606351e-12 7.198279368e-12 7.495678411e-12 6.320900299e-12 7.78170759e-12 6.221359898e-12 7.28449567e-12 6.75071927e-12 7.861523015e-12 7.453914726e-12 7.241506427e-12 7.369682937e-12 7.198283741e-12 7.2844861e-12 7.284488191e-12 7.066997302e-12 8.018779368e-12 7.369690428e-12 6.750735188e-12 7.154793102e-12 7.284487148e-12 6.32091061e-12 7.111009141e-12 6.610553736e-12 6.610553985e-12 6.933224401e-12 7.369683209e-12 7.327211863e-12 6.978076865e-12 6.888030817e-12 7.022678719e-12 7.369672865e-12 6.978090472e-12 6.61057532e-12 6.842590096e-12 7.284496991e-12 7.49567545e-12 6.657602234e-12 7.022684467e-12 7.0226826e-12 6.750742612e-12 7.022669205e-12 6.888047711e-12 6.888040165e-12 6.657614565e-12 7.241509958e-12 6.515434337e-12 7.198276837e-12 6.320892783e-12 6.79680993e-12 6.65758766e-12 6.467350509e-12 6.3700945e-12 6.933201359e-12 7.453900017e-12 6.704332903e-12 7.022701126e-12 6.320911216e-12 6.796817997e-12 6.017321572e-12 7.537199871e-12 6.84257677e-12 6.271327913e-12 7.241501775e-12 6.750727211e-12 6.657601325e-12 5.965233326e-12 6.563165422e-12 6.84256255e-12 6.704325732e-12 6.70433346e-12 6.888040768e-12 6.657599128e-12 6.418912349e-12 6.842574205e-12 6.610550027e-12 6.120190318e-12 6.563163105e-12 6.563170313e-12 6.933209924e-12 7.284493341e-12 7.537198801e-12 6.370099337e-12 7.453902958e-12 6.418905466e-12 7.066991574e-12 7.066979036e-12 6.5631631e-12 6.068991926e-12 6.170987959e-12 6.120174783e-12 6.610558916e-12 5.965216828e-12 6.271335674e-12 6.017319785e-12 5.752100078e-12 7.154783073e-12 6.796803066e-12 6.271327651e-12 6.610559568e-12 6.750729464e-12 6.418911569e-12 6.842579394e-12 6.563181147e-12 6.370085657e-12 6.221357636e-12 6.418897112e-12 6.370107624e-12 6.221352155e-12 5.912675325e-12 6.750727419e-12 5.912659516e-12 6.467360568e-12 5.530790636e-12 6.370097524e-12 6.842575219e-12 5.358800669e-12 5.806135134e-12 5.642540444e-12 6.068975072e-12 6.271310794e-12 6.170972067e-12 6.170967063e-12 6.370091358e-12 6.370096915e-12 6.370094468e-12 5.806131567e-12 6.370083211e-12 6.320922522e-12 6.120184581e-12 6.32091316e-12 6.370094299e-12 
5.474063942e-12 5.75210602e-12 5.586948739e-12 5.75210555e-12 4.870581563e-12 5.752111756e-12 5.752108568e-12 5.530799e-12 5.474063355e-12 5.530778573e-12 5.912680014e-12 5.642523721e-12 5.586947399e-12 6.221357172e-12 5.697580379e-12 5.358805273e-12 5.965215342e-12 4.93426636e-12 5.416724693e-12 5.059185725e-12 5.24101398e-12 4.607115763e-12 5.586955793e-12 5.752113442e-12 5.806130127e-12 5.300234181e-12 5.965228964e-12 5.806128736e-12 5.530799014e-12 5.586930492e-12 5.806137676e-12 5.300231403e-12 5.642538949e-12 6.01732637e-12 5.416751676e-12 5.806134829e-12 5.474074911e-12 5.300224647e-12 5.120513965e-12 5.120494681e-12 5.586942299e-12 5.965225578e-12 5.806120052e-12 5.416761438e-12 5.181115466e-12 5.806111144e-12 5.474073767e-12 5.474068514e-12 5.358807307e-12 5.806109254e-12 5.586942845e-12 6.120194412e-12 5.642535569e-12 5.912658917e-12 5.965208382e-12 6.221368409e-12 6.221361121e-12 6.120184681e-12 5.965228336e-12 5.642535138e-12 5.416738514e-12 5.806116665e-12 6.370105656e-12 5.752114422e-12 6.271328682e-12 6.563165695e-12 5.642544415e-12 6.271312014e-12 5.530797582e-12 6.515457267e-12 6.515444862e-12 6.017314981e-12 6.068969267e-12 5.806103353e-12 6.221357688e-12 6.610561445e-12 5.912659422e-12 6.610553315e-12 6.418912077e-12 5.586952551e-12 5.912669546e-12 6.17097569e-12 6.418920464e-12 6.610552014e-12 6.271323261e-12 6.370094916e-12 5.642534206e-12 6.515435358e-12 5.181123396e-12 6.017318029e-12 5.241012232e-12 6.515422243e-12 6.978078773e-12 6.370103648e-12 5.912658654e-12 5.58694031e-12 6.120191242e-12 5.965232073e-12 6.170988927e-12 6.271316136e-12 5.642534375e-12 5.965224857e-12 6.017326245e-12 6.515435537e-12 6.51543373e-12 6.79681032e-12 6.32090478e-12 6.370086066e-12 6.170986144e-12 6.467366271e-12 5.912656369e-12 6.271320154e-12 6.75072451e-12 6.563154655e-12 6.657619439e-12 6.704330915e-12 6.563164868e-12 6.370106491e-12 6.657615785e-12 6.933216959e-12 6.418923091e-12 6.01731819e-12 6.657611374e-12 6.842577846e-12 6.27133169e-12 6.610556785e-12 5.75209549e-12 6.320915978e-12 6.933216244e-12 6.017292345e-12 6.842592744e-12 6.750729046e-12 6.418899036e-12 6.120198646e-12 6.75074203e-12 6.467359701e-12 6.271338884e-12 6.563168629e-12 6.320902233e-12 5.58693724e-12 6.515438545e-12 7.111010755e-12 6.221359436e-12 6.610557626e-12 6.418896881e-12 7.154789139e-12 6.170973914e-12 6.320907853e-12 6.120192909e-12 5.912654624e-12 6.271321517e-12 6.56317292e-12 6.750727364e-12 7.111010349e-12 6.657608745e-12 6.750720395e-12 7.022690826e-12 6.657599738e-12 6.657611835e-12 6.563181683e-12 6.888044991e-12 6.88805323e-12 6.796817511e-12 6.657617471e-12 6.4189122e-12 6.657604567e-12 5.96522421e-12 5.859637978e-12 7.369672954e-12 6.370088666e-12 5.642531639e-12 6.842574621e-12 5.75213242e-12 7.1109974e-12 6.467353291e-12 6.704315351e-12 6.610578219e-12 6.704341575e-12 7.154781539e-12 5.697598556e-12 7.578509089e-12 6.888039123e-12 6.515432632e-12 6.88803971e-12 6.704351436e-12 6.068970989e-12 6.657605831e-12 7.022685468e-12 7.154777638e-12 6.370097369e-12 6.271348674e-12 7.154786539e-12 6.610572826e-12 6.170989344e-12 7.022680343e-12 7.154774742e-12 6.563169677e-12 6.563169832e-12 6.704334365e-12 6.796808312e-12 6.888048435e-12 6.170985237e-12 6.418903759e-12 7.022676402e-12 6.320902362e-12 6.418915127e-12 6.88804785e-12 5.80612734e-12 7.198277719e-12 7.066980119e-12 6.93320815e-12 6.657629932e-12 6.467352183e-12 6.933196666e-12 6.120176751e-12 6.888046163e-12 6.796806422e-12 6.750717596e-12 6.97809073e-12 7.198278236e-12 6.068988013e-12 7.154773162e-12 6.704321923e-12 6.017330156e-12 7.111000774e-12 6.888038843e-12 6.657600848e-12 6.657610017e-12 6.610565408e-12 6.796808617e-12 6.320915354e-12 7.28447561e-12 6.750729265e-12 7.284492923e-12 5.806137961e-12 7.066986138e-12 6.933216686e-12 6.750717454e-12 7.111041438e-12 7.453918173e-12 6.610562913e-12 6.750711902e-12 7.411906424e-12 6.610550686e-12 6.704344742e-12 6.320913949e-12 6.888043629e-12 7.411908538e-12 6.370104672e-12 6.933210456e-12 6.796811208e-12 6.467351571e-12 7.066991187e-12 6.750734717e-12 6.610563182e-12 6.467352631e-12 6.704336443e-12 7.453904236e-12 6.467357479e-12 6.271331228e-12 7.198277426e-12 6.750703962e-12 6.84258829e-12 7.06698565e-12 7.02268351e-12 7.111026264e-12 6.978090916e-12 6.888052151e-12 6.418901134e-12 7.11100602e-12 6.120190403e-12 7.154780212e-12 6.467345871e-12 7.369673473e-12 6.467339572e-12 6.370082302e-12 7.111019201e-12 6.978097095e-12 6.79680435e-12 6.750733562e-12 7.284474566e-12 6.170982567e-12 6.170974941e-12 6.610553022e-12 7.154762555e-12 6.120178582e-12 7.241509777e-12 6.657619044e-12 6.7507464e-12 6.610569325e-12 7.327217191e-12 6.370077963e-12 7.241492233e-12 7.327195768e-12 6.271340349e-12 6.842570399e-12 6.657618665e-12 6.467348837e-12 7.369680612e-12 6.418905528e-12 7.198276869e-12 6.750727247e-12 6.467361527e-12 6.320881711e-12 6.933224366e-12 7.537193902e-12 6.657608472e-12 6.842575889e-12 5.965211607e-12 7.111020203e-12 6.563182161e-12 7.284469652e-12 7.411933197e-12 6.467342711e-12 7.066997047e-12 6.796811677e-12 6.842582669e-12 6.418904208e-12 7.111024458e-12 6.017323665e-12 6.221347243e-12 6.418917811e-12 6.610551249e-12 6.75071759e-12 6.657603984e-12 6.978091267e-12 6.563179043e-12 6.610559549e-12 6.933198834e-12 6.657605712e-12 6.933210352e-12 6.610566183e-12 6.704331727e-12 7.327199399e-12 6.418911013e-12 6.796801497e-12 6.704347537e-12 6.978097644e-12 6.888040924e-12 6.888038399e-12 6.978086814e-12 6.418898666e-12 7.111022879e-12 7.066977306e-12 6.320907687e-12 6.657603583e-12 6.467353026e-12 6.515427561e-12 6.888046533e-12 6.515441444e-12 6.796792137e-12 6.418919931e-12 7.241503455e-12 7.411921014e-12 6.32091836e-12 5.912662598e-12 5.241030595e-12 6.4188949e-12 6.170981124e-12 6.563175916e-12 6.610548757e-12 6.61057129e-12 6.017326078e-12 6.170963789e-12 6.271340438e-12 6.418913591e-12 6.221346167e-12 6.017311647e-12 6.068976092e-12 6.515453318e-12 6.467342305e-12 6.610564302e-12 6.467370846e-12 6.170988181e-12 5.697569439e-12 6.515448049e-12 6.563187455e-12 6.933232036e-12 6.418914131e-12 6.563166492e-12 5.752110304e-12 6.271329822e-12 6.068982603e-12 5.752114553e-12 7.066991629e-12 6.888047727e-12 6.370103059e-12 6.370107446e-12 5.358797904e-12 5.859623633e-12 6.704347832e-12 5.965238544e-12 6.418907878e-12 6.370105863e-12 6.170958702e-12 6.017324291e-12 5.965224349e-12 6.704324753e-12 6.37010513e-12 5.859628002e-12 5.806102771e-12 6.467350548e-12 5.806109845e-12 6.320885948e-12 6.017323196e-12 5.806117206e-12 5.859642003e-12 6.56316736e-12 6.320899995e-12 6.271324528e-12 5.85963814e-12 5.697581846e-12 5.586945619e-12 6.068975991e-12 6.978072833e-12 6.271328744e-12 5.912654206e-12 5.806120976e-12 6.271319915e-12 5.64252893e-12 6.068962064e-12 6.170990411e-12 6.17098382e-12 5.965221966e-12 6.933218807e-12 6.515453259e-12 6.418919423e-12 6.120180506e-12 6.120184686e-12 5.697584451e-12 6.320912872e-12 6.842592417e-12 5.912658781e-12 6.320907393e-12 6.563185386e-12 5.965215316e-12 5.965229741e-12 5.241022608e-12 6.068981212e-12 5.965204702e-12 5.912670094e-12 6.370101015e-12 6.170968294e-12 6.170987608e-12 5.58695367e-12 5.530783144e-12 6.170969272e-12 5.586942569e-12 6.017310327e-12 5.30024148e-12 5.474053775e-12 5.120523084e-12 5.530808619e-12 5.642540443e-12 5.53079121e-12 5.530793611e-12 6.120192866e-12 5.965217032e-12 5.181106416e-12 5.912670954e-12 5.752110509e-12 4.99711156e-12 6.120195631e-12 5.859629748e-12 5.697573326e-12 5.912655568e-12 5.474071405e-12 5.965207117e-12 5.965218594e-12 4.997132813e-12 5.241013802e-12 5.474064194e-12 5.642548688e-12 5.241020099e-12 5.241019504e-12 5.474053344e-12 5.530791602e-12 5.586942107e-12 5.806130076e-12 5.358788639e-12 4.740687609e-12 5.181113307e-12 5.642543952e-12 5.416742169e-12 5.965218577e-12 5.474062776e-12 4.870574899e-12 5.752119075e-12 5.358804474e-12 6.068973871e-12 5.474066116e-12 5.181110324e-12 5.30024482e-12 4.934258118e-12 4.87057335e-12 5.120520142e-12 5.474056931e-12 4.806076371e-12 5.752101441e-12 5.181119313e-12 5.53078926e-12 
4.934256186e-12 4.607106932e-12 5.30023781e-12 4.740692565e-12 5.300236481e-12 4.997107866e-12 4.74066198e-12 4.740669447e-12 5.416740795e-12 5.416749553e-12 5.752108837e-12 4.870580898e-12 5.358818194e-12 4.934252342e-12 5.358817914e-12 4.934247493e-12 4.674376765e-12 4.674366596e-12 5.181122059e-12 4.469550276e-12 4.806070141e-12 4.870585872e-12 4.997121459e-12 4.9971245e-12 4.806078681e-12 5.241008588e-12 5.530787805e-12 5.120522398e-12 5.120498709e-12 4.740674448e-12 4.870591195e-12 4.674378452e-12 5.181114765e-12 4.870587746e-12 4.674381062e-12 4.934257254e-12 5.965227204e-12 5.474066838e-12 5.752115192e-12 4.870577202e-12 5.806110818e-12 5.859640063e-12 5.059184542e-12 5.965230763e-12 5.586933749e-12 5.586932642e-12 5.241023179e-12 5.530786062e-12 4.74067542e-12 5.912653583e-12 5.642539909e-12 4.469548351e-12 4.740689091e-12 5.120520266e-12 4.934258705e-12 5.241033636e-12 5.358802802e-12 5.300256941e-12 5.41673464e-12 5.240999018e-12 5.358809899e-12 5.642547308e-12 5.806122389e-12 5.642536235e-12 5.120517406e-12 5.059187166e-12 5.965229321e-12 4.997113809e-12 4.934253027e-12 5.697576377e-12 5.120527066e-12 5.474059408e-12 6.221364509e-12 5.416747567e-12 6.320914497e-12 6.170976767e-12 5.75211006e-12 5.059198361e-12 5.530788486e-12 6.068985962e-12 5.75211262e-12 6.563177529e-12 5.12052808e-12 5.69759753e-12 5.300234488e-12 6.017323783e-12 5.300235756e-12 5.300237155e-12 5.474058224e-12 5.912660741e-12 5.474048505e-12 5.530794717e-12 5.530782774e-12 5.181123661e-12 5.642547527e-12 6.170988096e-12 5.752102372e-12 5.697613378e-12 5.586956005e-12 6.563188246e-12 6.01732615e-12 6.320903311e-12 5.859615871e-12 6.320901895e-12 5.912674474e-12 5.806129557e-12 5.586937381e-12 6.610570248e-12 5.697587587e-12 5.358809939e-12 5.120506482e-12 6.271337892e-12 5.859629443e-12 5.752103516e-12 5.912674643e-12 6.563150821e-12 6.068983641e-12 5.965209093e-12 5.1205249e-12 5.586922847e-12 6.017326042e-12 5.697595692e-12 5.416748396e-12 7.066987465e-12 6.467349517e-12 6.068994198e-12 6.515434548e-12 6.4673546e-12 6.750727699e-12 6.170985156e-12 6.017309181e-12 7.022687504e-12 6.120175181e-12 5.859627611e-12 6.467355224e-12 5.58694577e-12 5.120526592e-12 5.806119683e-12 5.96523233e-12 6.170990339e-12 5.859615931e-12 6.120186143e-12 6.418912042e-12 6.97808454e-12 5.806131056e-12 6.46736372e-12 6.170986235e-12 6.271330041e-12 5.642533624e-12 6.271322538e-12 5.416754229e-12 6.170971583e-12 6.12019336e-12 6.467370094e-12 6.271336638e-12 6.563152939e-12 5.752113777e-12 6.120191679e-12 6.467351221e-12 6.068976826e-12 5.806129286e-12 6.120192893e-12 6.170987437e-12 5.75210304e-12 6.221359789e-12 6.610570698e-12 6.017327938e-12 6.467340636e-12 6.120191496e-12 6.933219262e-12 6.370088727e-12 5.642527189e-12 6.320912821e-12 6.888048693e-12 6.933219375e-12 5.965225065e-12 6.515435058e-12 6.12016884e-12 6.170980606e-12 5.752111155e-12 6.068969976e-12 6.370073661e-12 6.978098382e-12 6.418925234e-12 6.657608715e-12 5.300232348e-12 6.75072612e-12 5.859642376e-12 6.17098864e-12 6.271337967e-12 5.912670678e-12 6.46737309e-12 6.610563845e-12 7.022683643e-12 6.3208852e-12 6.467349817e-12 6.796803632e-12 5.586928882e-12 6.170964853e-12 6.120191488e-12 6.65761859e-12 6.515444653e-12 6.657611211e-12 6.271321461e-12 5.7521127e-12 6.704325923e-12 6.7968184e-12 6.370090319e-12 5.806130822e-12 6.221366664e-12 5.69757734e-12 6.467363586e-12 6.170990314e-12 5.912671879e-12 6.418903348e-12 6.750726388e-12 6.221349284e-12 6.563177789e-12 6.271322407e-12 5.80613164e-12 6.22136098e-12 5.912656717e-12 6.657606269e-12 7.327217283e-12 6.017309672e-12 6.068984445e-12 6.370088237e-12 5.752111665e-12 6.221350747e-12 5.530786293e-12 6.704324847e-12 6.704319868e-12 6.320897688e-12 7.067001084e-12 6.370092012e-12 6.221367875e-12 6.17097316e-12 5.965214596e-12 6.563179177e-12 6.320918757e-12 6.467351314e-12 6.370075386e-12 5.859639007e-12 6.842588668e-12 6.271320795e-12 6.068967975e-12 6.610547116e-12 6.068991245e-12 6.017327196e-12 6.320890422e-12 6.271335882e-12 6.370109487e-12 6.657608385e-12 6.750725625e-12 6.221344065e-12 6.515431294e-12 6.978094083e-12 6.467348496e-12 5.752109148e-12 5.912676868e-12 5.752112406e-12 6.068961036e-12 6.418914689e-12 7.327197658e-12 6.7507293e-12 5.586956176e-12 6.467359003e-12 6.170994693e-12 6.933212224e-12 6.221364723e-12 6.704331298e-12 5.912653461e-12 6.610570064e-12 6.563166876e-12 6.418897537e-12 6.221352111e-12 6.170980816e-12 6.418913626e-12 6.467358082e-12 6.271316985e-12 6.22135071e-12 5.530796865e-12 7.241511117e-12 5.474084373e-12 6.271336588e-12 5.752098003e-12 6.704319625e-12 6.842593077e-12 5.697594555e-12 6.796825289e-12 6.704322465e-12 5.474056619e-12 5.9126678e-12 6.170972146e-12 6.657603309e-12 5.642544168e-12 6.842574803e-12 5.912667242e-12 6.418907747e-12 5.965224192e-12 6.46735292e-12 6.320914411e-12 6.515446366e-12 6.320901175e-12 6.657609957e-12 5.474067462e-12 6.120182149e-12 6.750731288e-12 5.912659227e-12 5.91265338e-12 7.11101746e-12 6.61055172e-12 6.467347527e-12 6.271334138e-12 6.467367215e-12 6.221364162e-12 5.96523865e-12 6.370086158e-12 6.563178466e-12 6.418900512e-12 5.912665123e-12 6.170959409e-12 6.796813814e-12 6.017320723e-12 6.068956718e-12 6.27132579e-12 6.563173344e-12 5.965219605e-12 5.697578918e-12 5.859634867e-12 6.467356297e-12 6.515440752e-12 6.750712216e-12 6.221351016e-12 6.320912923e-12 6.657605818e-12 5.530792075e-12 5.586944884e-12 6.120176384e-12 6.120169463e-12 6.22135654e-12 6.068977931e-12 6.704332403e-12 6.271319723e-12 5.965235781e-12 5.752113365e-12 5.358795945e-12 6.271347151e-12 6.796815967e-12 5.965222717e-12 6.068982211e-12 5.752118903e-12 6.120162479e-12 5.912652281e-12 6.068973144e-12 5.697584465e-12 6.370109435e-12 6.657606582e-12 6.271328927e-12 5.806127809e-12 5.300243053e-12 5.586943341e-12 6.271328014e-12 5.530802855e-12 5.965207656e-12 6.271324428e-12 6.120192415e-12 6.467347058e-12 6.271340152e-12 5.642545154e-12 5.697567677e-12 5.91265298e-12 5.806122971e-12 6.221359331e-12 6.170987875e-12 5.474068508e-12 6.017327107e-12 6.610562567e-12 6.017332021e-12 5.300247047e-12 5.752105016e-12 5.752102495e-12 5.697595266e-12 6.068969741e-12 6.120187474e-12 6.320905837e-12 6.017334058e-12 6.170971726e-12 6.418919117e-12 5.586950674e-12 6.068978476e-12 6.610577656e-12 6.610565981e-12 5.859620779e-12 6.610564495e-12 6.467351105e-12 5.965218308e-12 6.37009562e-12 5.530784571e-12 5.358803232e-12 5.530803333e-12 5.806125169e-12 6.120190924e-12 5.474073352e-12 6.170987158e-12 5.358805866e-12 5.912659937e-12 6.068990607e-12 5.586937118e-12 6.515427698e-12 5.586942914e-12 6.170949951e-12 5.806107847e-12 5.697595328e-12 5.965214816e-12 4.674379749e-12 5.912663162e-12 5.965229041e-12 6.017320351e-12 5.358815634e-12 5.181119765e-12 5.806123897e-12 5.859627044e-12 5.181110522e-12 6.120181105e-12 6.17098314e-12 5.416743589e-12 6.563164016e-12 5.181112385e-12 4.934252192e-12 5.358812091e-12 6.017319768e-12 5.12051696e-12 5.806119413e-12 5.912657988e-12 5.586956412e-12 5.806114841e-12 5.530790254e-12 5.059191401e-12 4.997096241e-12 5.241011222e-12 4.934245315e-12 5.241025464e-12 5.416736233e-12 5.697570397e-12 6.418906597e-12 5.859637874e-12 5.059189969e-12 5.69760549e-12 5.859632491e-12 6.563166474e-12 6.068977229e-12 4.997118334e-12 5.300233024e-12 4.607114258e-12 6.068962805e-12 5.642545057e-12 5.586924183e-12 5.642534158e-12 5.059199875e-12 5.358816469e-12 5.241024913e-12 5.530791666e-12 5.181120989e-12 5.642520887e-12 5.059188133e-12 4.997108046e-12 5.241030903e-12 5.120527106e-12 5.300227748e-12 4.99712266e-12 5.474054297e-12 5.530782231e-12 4.997094413e-12 5.120515928e-12 5.474072265e-12 5.300247226e-12 4.674374069e-12 4.399158624e-12 5.530779512e-12 5.358801006e-12 5.416748724e-12 5.059197417e-12 5.416751203e-12 5.05919747e-12 4.60712227e-12 5.47406715e-12 5.416735374e-12 5.642538825e-12 5.181114188e-12 4.538856205e-12 4.538856324e-12 4.674369891e-12 4.870590557e-12 5.1205254e-12 5.059180693e-12 4.740668409e-12 4.607112705e-12 4.538850465e-12 5.181095817e-12 4.997111833e-12 
4.806062122e-12 4.327635068e-12 4.25489696e-12 4.538859915e-12 5.181120342e-12 4.399159981e-12 4.399163884e-12 5.059187262e-12 4.469553724e-12 4.997117891e-12 4.934266995e-12 4.997112985e-12 4.254890393e-12 4.02879591e-12 4.806065029e-12 5.181121266e-12 4.105538609e-12 5.05917732e-12 4.740691039e-12 4.870587948e-12 4.740677349e-12 4.806058352e-12 5.120522354e-12 4.607118759e-12 4.327623993e-12 5.642533944e-12 5.586948216e-12 5.241014907e-12 5.474070285e-12 4.997117958e-12 4.399166903e-12 4.87057379e-12 5.181118531e-12 5.416748988e-12 4.934253227e-12 4.997112573e-12 4.538850723e-12 5.697590598e-12 4.934248142e-12 4.806061008e-12 4.997110039e-12 4.674370429e-12 4.934253542e-12 5.53077547e-12 5.642550004e-12 5.416747865e-12 4.934253768e-12 5.358816618e-12 5.300239045e-12 5.806134887e-12 4.538866275e-12 5.300250508e-12 4.327628483e-12 4.806073062e-12 5.358816049e-12 5.358803914e-12 5.358813268e-12 5.752101932e-12 4.997108843e-12 5.530785255e-12 5.586956804e-12 6.017321682e-12 5.416742948e-12 5.586935633e-12 5.697586543e-12 4.740677176e-12 5.965218789e-12 5.586941724e-12 5.806121253e-12 4.870597843e-12 5.181119328e-12 4.934254045e-12 5.241028663e-12 5.859634134e-12 5.241000784e-12 5.30024202e-12 5.965206944e-12 4.870575104e-12 5.18113249e-12 5.642527943e-12 5.642534618e-12 5.241013589e-12 5.58694085e-12 5.18110799e-12 5.85964326e-12 5.474056098e-12 6.221363769e-12 5.642538118e-12 5.120531643e-12 5.474074939e-12 6.320912558e-12 4.469542572e-12 5.474070577e-12 5.416747964e-12 5.474069509e-12 5.241017013e-12 6.120185744e-12 4.538846938e-12 5.35880583e-12 5.697593993e-12 5.530790515e-12 4.806077826e-12 5.181094095e-12 5.912654898e-12 6.017332404e-12 5.64252429e-12 6.320904048e-12 4.934257316e-12 5.586928e-12 4.934255792e-12 5.752108338e-12 5.58694057e-12 4.740696534e-12 5.965225953e-12 5.806119573e-12 5.64253593e-12 5.806122647e-12 5.806132124e-12 5.586945376e-12 6.271318876e-12 5.416761688e-12 5.859614277e-12 5.697595916e-12 5.47406163e-12 5.912672514e-12 5.752102956e-12 6.017319452e-12 5.35880441e-12 6.01731854e-12 5.530772432e-12 5.642548489e-12 6.170979109e-12 5.806126771e-12 5.642551386e-12 5.241021734e-12 5.642539426e-12 5.806120444e-12 6.120194667e-12 5.530788644e-12 6.221355551e-12 5.5307974e-12 4.806067003e-12 6.271331307e-12 5.530798176e-12 5.965225487e-12 5.120508766e-12 5.859635624e-12 5.586949306e-12 6.704324753e-12 6.068962992e-12 5.300238086e-12 6.610545659e-12 5.358809209e-12 5.697583968e-12 5.859634289e-12 5.965222815e-12 5.474079868e-12 5.912667082e-12 5.64254267e-12 5.474082528e-12 5.697602584e-12 5.300238726e-12 4.997112705e-12 5.358807543e-12 5.697597597e-12 6.120194389e-12 5.859620342e-12 6.610560328e-12 5.181120789e-12 5.530804697e-12 5.642529643e-12 6.467345129e-12 5.80612881e-12 5.586942432e-12 5.300230497e-12 6.370082701e-12 6.12019444e-12 5.912674721e-12 5.474072466e-12 6.120190027e-12 6.467334558e-12 6.221344875e-12 5.530806934e-12 6.170989851e-12 6.41892509e-12 5.912683524e-12 5.69757933e-12 5.859646085e-12 6.068972766e-12 6.06897051e-12 6.418915293e-12 6.068967461e-12 5.752104713e-12 5.474061533e-12 6.170988998e-12 6.221342693e-12 5.530793672e-12 5.474059647e-12 5.358808988e-12 6.41892777e-12 6.017320179e-12 6.170965338e-12 6.017313115e-12 6.271316687e-12 6.563183335e-12 6.170962704e-12 4.87058725e-12 5.859638274e-12 6.170961957e-12 6.704322245e-12 6.068982051e-12 6.271324438e-12 6.320908162e-12 6.370094987e-12 6.017347077e-12 5.965216516e-12 5.912677935e-12 6.515444505e-12 6.271327925e-12 6.467361875e-12 6.370091122e-12 6.017322537e-12 6.418903366e-12 6.418916154e-12 5.91264952e-12 5.752111093e-12 6.170971812e-12 6.120186266e-12 6.515430414e-12 6.068986849e-12 6.221341436e-12 5.642517326e-12 5.806122617e-12 5.474040043e-12 5.474083113e-12 6.796801482e-12 5.181108894e-12 5.912665605e-12 6.271325389e-12 5.912657348e-12 6.068969473e-12 6.467358228e-12 5.642542888e-12 6.418910948e-12 6.0689753e-12 6.51543861e-12 6.796805722e-12 5.965230971e-12 5.530789597e-12 5.0591921e-12 5.530793347e-12 6.170979274e-12 5.642539905e-12 6.017326174e-12 6.170972732e-12 5.358820013e-12 5.586940234e-12 6.370086324e-12 6.271327357e-12 5.859634044e-12 5.806113146e-12 5.965218335e-12 6.170987647e-12 5.752113365e-12 6.320913231e-12 6.01732356e-12 6.06897131e-12 6.271323667e-12 5.697596582e-12 6.320894738e-12 5.912665129e-12 5.416748124e-12 6.170990921e-12 5.965213196e-12 6.610559049e-12 5.474065559e-12 6.320907261e-12 6.068967156e-12 5.859634588e-12 6.120192154e-12 6.017328589e-12 6.467363833e-12 6.32091743e-12 6.017327064e-12 5.752107016e-12 6.27132566e-12 5.586929947e-12 5.965212838e-12 5.965224539e-12 5.806123086e-12 6.120168684e-12 6.320917832e-12 6.017314609e-12 6.418902482e-12 6.170982224e-12 5.416731718e-12 6.610565418e-12 5.30024686e-12 5.752113713e-12 5.859616944e-12 6.22135947e-12 5.586938409e-12 5.96521469e-12 6.170988956e-12 6.467333441e-12 5.12051984e-12 4.997115467e-12 5.912666241e-12 6.320905672e-12 5.912659679e-12 5.859648273e-12 6.657616639e-12 6.170986402e-12 5.965222038e-12 5.586962131e-12 5.120504263e-12 6.068972866e-12 5.642532735e-12 5.752111012e-12 5.859633032e-12 5.912667663e-12 5.697582967e-12 6.271324965e-12 5.530801614e-12 6.221352661e-12 5.697580599e-12 6.120163388e-12 6.370096405e-12 6.271332749e-12 5.58693537e-12 5.859639129e-12 6.12018628e-12 6.370094315e-12 5.241022283e-12 6.017320212e-12 6.41891671e-12 6.06896837e-12 6.170959115e-12 4.934259555e-12 5.474068555e-12 5.474053765e-12 6.120187631e-12 5.120500271e-12 5.752113059e-12 5.965206557e-12 6.120166534e-12 5.806124173e-12 5.697593453e-12 6.120182044e-12 6.888037388e-12 5.752106437e-12 5.859653248e-12 5.586943034e-12 6.017330198e-12 5.241019378e-12 6.933215719e-12 6.320911814e-12 5.806123916e-12 5.120514028e-12 5.241019248e-12 5.120503176e-12 5.912661957e-12 5.30024236e-12 6.017328839e-12 5.474057712e-12 5.416740514e-12 5.965219355e-12 5.697590419e-12 5.806129018e-12 5.530784289e-12 6.170981092e-12 5.912669008e-12 6.120198268e-12 5.5307877e-12 5.697586668e-12 5.912659311e-12 6.370104655e-12 5.859644186e-12 5.4167431e-12 5.752096095e-12 5.300229004e-12 5.530783118e-12 5.697584266e-12 6.271344839e-12 5.416737602e-12 5.181127001e-12 5.965228212e-12 4.87058332e-12 5.474066906e-12 5.642536066e-12 5.530797301e-12 5.697571564e-12 5.474076139e-12 5.965230843e-12 6.221355111e-12 5.806107122e-12 6.068987874e-12 5.181118686e-12 6.370089632e-12 5.912662708e-12 5.474063828e-12 6.068956525e-12 5.530806752e-12 5.241007784e-12 5.181101752e-12 5.697580314e-12 5.530788681e-12 5.416731582e-12 5.474055056e-12 5.300252968e-12 5.697582486e-12 6.120193668e-12 5.75212287e-12 5.059188003e-12 5.300246516e-12 5.586934766e-12 4.934252032e-12 5.35881251e-12 4.870572788e-12 4.469561825e-12 5.530787957e-12 5.586938195e-12 5.241014785e-12 5.059191386e-12 5.806103798e-12 4.870580887e-12 5.120524771e-12 5.965236344e-12 5.241001541e-12 5.474062287e-12 5.1811257e-12 4.740688063e-12 5.752108282e-12 5.69757271e-12 4.607093892e-12 4.740667616e-12 5.181105697e-12 4.997132143e-12 4.934237064e-12 5.806125047e-12 5.120519903e-12 5.474071318e-12 5.059204313e-12 4.806053981e-12 4.934256954e-12 5.642532724e-12 5.120526976e-12 4.997109475e-12 5.358812623e-12 6.170980304e-12 4.870591031e-12 5.586929912e-12 5.059201486e-12 5.416732013e-12 4.740674098e-12 4.934244098e-12 4.740660097e-12 5.358814878e-12 5.530793178e-12 4.934256447e-12 4.740674966e-12 5.30023296e-12 4.997112125e-12 4.8060662e-12 5.241010999e-12 4.74069485e-12 4.469565473e-12 4.99711533e-12 5.181126316e-12 5.059198494e-12 4.469555406e-12 4.327619331e-12 5.181121277e-12 5.05917751e-12 4.806068797e-12 5.241025927e-12 4.538853697e-12 4.997115296e-12 5.806128375e-12 5.181107165e-12 4.46955378e-12 4.934250668e-12 4.934254491e-12 5.059201517e-12 5.24101589e-12 5.241020518e-12 4.53886598e-12 5.181110539e-12 4.254900912e-12 4.60710672e-12 5.059191945e-12 4.806069293e-12 4.870596222e-12 3.533479066e-12 4.180870941e-12 4.99712593e-12 4.180866987e-12 5.35880684e-12 4.538854349e-12 4.18086496e-12 5.241025742e-12 
4.538849286e-12 4.469551244e-12 4.327635809e-12 4.327622642e-12 4.180873919e-12 4.53886538e-12 4.399155337e-12 4.607105652e-12 4.870581954e-12 5.0591962e-12 4.870569123e-12 3.950579404e-12 4.607104805e-12 4.399167911e-12 4.997110564e-12 4.327621273e-12 4.870577925e-12 4.997107514e-12 5.358806944e-12 4.934243258e-12 4.997125336e-12 4.806069574e-12 4.870588471e-12 4.180886132e-12 4.870582741e-12 4.87059525e-12 4.105542734e-12 4.870588441e-12 4.469556121e-12 4.538855951e-12 4.934249571e-12 5.059179337e-12 4.9342474e-12 5.300244851e-12 4.399165495e-12 4.870580727e-12 4.934266567e-12 4.80606703e-12 4.39915389e-12 5.120510407e-12 4.74067661e-12 4.934249212e-12 5.12051719e-12 4.806051793e-12 4.870580844e-12 5.752104259e-12 5.586949713e-12 4.934260807e-12 4.806076165e-12 4.327627163e-12 5.416749086e-12 5.697586823e-12 5.416742479e-12 5.859645368e-12 4.538855681e-12 5.642533492e-12 5.059201021e-12 4.806075519e-12 4.327625698e-12 4.469561325e-12 5.181123649e-12 4.607115751e-12 6.068959902e-12 5.806126714e-12 4.399161455e-12 5.300233629e-12 5.35880325e-12 5.241004416e-12 4.934259107e-12 5.059207263e-12 5.120522814e-12 4.327601819e-12 4.607103785e-12 4.740689202e-12 5.300232112e-12 5.12051261e-12 4.607111491e-12 4.997117275e-12 4.870592485e-12 4.997130769e-12 4.538840534e-12 5.059206437e-12 4.538863098e-12 4.740684883e-12 5.181118374e-12 5.358808796e-12 5.059210196e-12 5.5869422e-12 5.752103133e-12 4.674363255e-12 4.997109731e-12 5.416752629e-12 5.30024205e-12 5.181119437e-12 4.870585829e-12 5.181116944e-12 5.300249556e-12 5.806119126e-12 4.607100038e-12 5.752131985e-12 5.697587417e-12 4.740674877e-12 5.120523768e-12 5.059206883e-12 5.697592177e-12 5.806114689e-12 5.358800989e-12 5.300235838e-12 4.607109101e-12 5.697575405e-12 5.697586879e-12 5.474065788e-12 5.752112775e-12 5.416730049e-12 4.80607773e-12 5.358797369e-12 6.068964231e-12 5.530782849e-12 5.300227146e-12 5.474067917e-12 4.93425875e-12 4.997113914e-12 4.934251122e-12 5.181109401e-12 5.474047803e-12 5.241023813e-12 5.300241904e-12 5.530800675e-12 5.241023859e-12 4.934257801e-12 6.120190158e-12 5.859639874e-12 5.474054051e-12 6.017316878e-12 4.740676091e-12 4.607112968e-12 4.607097018e-12 5.35881004e-12 5.69759831e-12 5.059192194e-12 5.642535306e-12 5.474049691e-12 6.418910047e-12 5.358812041e-12 5.642533688e-12 6.017330821e-12 5.181112681e-12 6.068980024e-12 5.752109343e-12 4.740694945e-12 5.181117077e-12 5.18110505e-12 5.586936062e-12 5.912666819e-12 5.474057559e-12 6.017319784e-12 5.474075326e-12 5.241028523e-12 5.474061666e-12 5.300224798e-12 5.806116254e-12 5.642543935e-12 6.370101675e-12 6.221360225e-12 5.806109698e-12 5.181117571e-12 5.85963732e-12 6.657611917e-12 5.416735794e-12 6.120195584e-12 5.474069762e-12 5.358813802e-12 5.697582921e-12 5.806119669e-12 5.752090129e-12 6.65761309e-12 5.586939057e-12 5.642528199e-12 5.965214567e-12 5.358802161e-12 5.912675595e-12 5.912662625e-12 5.697582597e-12 5.64254553e-12 5.059184276e-12 5.752115174e-12 6.170977776e-12 6.657615433e-12 5.697584818e-12 5.474066107e-12 5.474057487e-12 5.530786355e-12 6.563168257e-12 4.997126624e-12 5.912657586e-12 6.170975962e-12 5.697587621e-12 6.017332801e-12 6.704342312e-12 5.474065706e-12 5.806126565e-12 5.586953137e-12 6.467350791e-12 5.642533436e-12 6.017316376e-12 6.120201566e-12 5.241030671e-12 5.752125795e-12 5.912676063e-12 5.642547595e-12 6.068965865e-12 6.27132666e-12 5.530787416e-12 6.170995427e-12 5.642535938e-12 5.697589212e-12 5.642545703e-12 6.120183979e-12 5.642541499e-12 5.474045657e-12 5.859635309e-12 5.75210457e-12 6.120198712e-12 4.99712413e-12 5.300246113e-12 5.358816386e-12 6.170985815e-12 5.059195487e-12 6.120185985e-12 5.752123025e-12 5.059195748e-12 6.120178849e-12 6.120193528e-12 5.859636469e-12 5.859640506e-12 5.965233994e-12 6.170969704e-12 6.320904881e-12 5.752103724e-12 5.416746181e-12 5.859631986e-12 5.965220171e-12 5.181128932e-12 5.300253897e-12 5.642548735e-12 6.271322997e-12 5.64255008e-12 5.752109635e-12 6.515439174e-12 6.221354395e-12 5.752098252e-12 5.474055072e-12 5.586932069e-12 6.068959919e-12 6.320907801e-12 5.752112094e-12 5.530779731e-12 6.120182308e-12 5.965232795e-12 5.300244117e-12 5.358803965e-12 5.859630934e-12 5.120524471e-12 6.610533707e-12 6.170973061e-12 5.474064084e-12 5.69758304e-12 6.017321462e-12 5.697587107e-12 5.806115768e-12 6.320889566e-12 6.170983837e-12 5.965221767e-12 5.642546392e-12 6.017326161e-12 4.997108497e-12 6.120192741e-12 5.474065455e-12 6.370092714e-12 5.059200332e-12 6.657608823e-12 5.642529854e-12 5.965220994e-12 5.586946429e-12 5.474059e-12 6.221356789e-12 5.586951856e-12 5.806126508e-12 5.91265608e-12 5.859640855e-12 6.41889636e-12 5.697597502e-12 6.017333566e-12 6.221370295e-12 5.181117815e-12 5.586942619e-12 5.965218943e-12 5.300235209e-12 5.912659995e-12 6.370094349e-12 5.912659445e-12 6.221340275e-12 5.12052127e-12 6.370097476e-12 5.530796857e-12 5.965215546e-12 6.017317217e-12 6.017323346e-12 5.474067609e-12 5.859637812e-12 5.530799035e-12 5.806124658e-12 5.806126411e-12 5.586959047e-12 6.017314633e-12 5.697595007e-12 5.358814381e-12 5.752123894e-12 5.642522289e-12 6.271314915e-12 5.75211014e-12 5.474068028e-12 6.610552907e-12 5.586924772e-12 6.120182322e-12 5.241012059e-12 5.965223579e-12 5.358817974e-12 5.859632216e-12 5.586949022e-12 5.586946569e-12 6.418914618e-12 5.586937891e-12 5.530793495e-12 5.241028082e-12 5.241022086e-12 5.474064683e-12 5.416734656e-12 5.474068955e-12 6.120201074e-12 5.912657831e-12 5.358805963e-12 5.120517865e-12 5.120508653e-12 5.530804282e-12 5.912670391e-12 5.642556759e-12 4.997120837e-12 5.806116707e-12 5.752109151e-12 5.241016654e-12 5.752120836e-12 6.320919166e-12 6.068976772e-12 5.530801231e-12 5.30023251e-12 5.912676211e-12 6.12019441e-12 5.806122555e-12 5.91267324e-12 5.697579378e-12 5.586944092e-12 5.752102447e-12 5.358792021e-12 4.806076881e-12 5.530796067e-12 5.530788461e-12 5.416754357e-12 5.120518429e-12 5.474065777e-12 5.859641647e-12 6.06896065e-12 4.997115469e-12 5.586941711e-12 5.474068658e-12 5.530788163e-12 5.642533866e-12 5.181125613e-12 5.12052863e-12 5.35881426e-12 5.642547101e-12 5.912660043e-12 6.01731628e-12 5.752093951e-12 5.642513254e-12 6.017332984e-12 6.170976995e-12 5.120498416e-12 5.474057273e-12 5.47406305e-12 5.642511331e-12 5.697585858e-12 5.47408057e-12 5.697589211e-12 4.607112401e-12 5.642540781e-12 5.120523361e-12 5.120521221e-12 5.530787496e-12 5.416738239e-12 5.642539292e-12 5.358809887e-12 5.059191981e-12 5.416719278e-12 4.538844578e-12 5.64251649e-12 5.642524193e-12 6.120210864e-12 5.474071419e-12 4.538860399e-12 5.300228488e-12 5.8061279e-12 5.697585213e-12 5.642534363e-12 4.934257609e-12 5.752110888e-12 4.997121073e-12 4.870581749e-12 5.586948218e-12 5.416729627e-12 5.300242154e-12 5.300236669e-12 4.538862765e-12 4.806075714e-12 4.99710997e-12 5.181113018e-12 5.241018624e-12 4.870568473e-12 5.181123648e-12 4.997126365e-12 6.068980576e-12 4.740665775e-12 5.120525564e-12 5.181110894e-12 4.740693214e-12 5.752109011e-12 5.120524907e-12 4.607112559e-12 5.358821884e-12 5.474069397e-12 3.870758796e-12 5.642529583e-12 4.997115854e-12 4.740660435e-12 4.180874915e-12 5.241008642e-12 5.181120469e-12 4.870586996e-12 4.469562235e-12 4.67437043e-12 5.530804461e-12 5.059191776e-12 5.181115566e-12 4.607110741e-12 5.120509886e-12 4.469564129e-12 4.180882992e-12 5.752127882e-12 5.241011488e-12 4.674382326e-12 4.469553671e-12 5.642545972e-12 4.997119953e-12 5.059175613e-12 5.586940875e-12 5.241019995e-12 4.9342479e-12 5.181110949e-12 4.934246236e-12 4.806079814e-12 4.538853335e-12 4.327634406e-12 4.180890397e-12 5.300249107e-12 4.870581596e-12 4.538855811e-12 4.607109217e-12 4.997113349e-12 4.870566217e-12 4.674370387e-12 4.538863209e-12 4.934258893e-12 4.254881033e-12 4.028812519e-12 4.997109335e-12 4.327625658e-12 4.607103489e-12 4.740686219e-12 4.607127311e-12 4.327630582e-12 5.120535969e-12 4.74066969e-12 5.120516522e-12 4.028811474e-12 5.358793203e-12 5.059200373e-12 4.674377464e-12 4.607116749e-12 4.028787112e-12 4.327622034e-12 4.327604184e-12 
4.674350353e-12 4.399157557e-12 4.46955132e-12 4.60712154e-12 4.327640545e-12 4.028782338e-12 4.870571261e-12 4.399172284e-12 4.254891936e-12 4.327609832e-12 4.607104721e-12 4.399165638e-12 4.46954414e-12 4.180886896e-12 4.180888211e-12 4.469556177e-12 4.254887843e-12 4.740683228e-12 4.469559239e-12 4.74067357e-12 5.300243124e-12 4.399142804e-12 3.789233601e-12 4.607118591e-12 5.241021258e-12 4.399156912e-12 5.241020391e-12 4.870591537e-12 5.358803344e-12 4.469555194e-12 4.399169589e-12 4.254897327e-12 4.028803857e-12 4.674371467e-12 4.934265582e-12 4.674370028e-12 5.586933143e-12 4.180875601e-12 5.18113442e-12 5.300239919e-12 5.35880429e-12 4.538841766e-12 4.934258485e-12 5.120526389e-12 4.997103821e-12 4.399157859e-12 4.538850738e-12 4.997123711e-12 5.642521583e-12 4.327634776e-12 4.806059598e-12 5.416735466e-12 4.740680502e-12 4.399180349e-12 4.806066897e-12 4.997124835e-12 4.399155573e-12 4.934246841e-12 4.607125e-12 5.358792836e-12 4.87058468e-12 4.870587462e-12 5.241016698e-12 4.399165599e-12 4.870602351e-12 5.241015258e-12 4.740680724e-12 4.674380977e-12 5.120501599e-12 4.870574527e-12 5.752094469e-12 4.80607082e-12 4.87059455e-12 4.399161712e-12 4.538854771e-12 4.607093171e-12 4.997114581e-12 4.740677888e-12 4.740695543e-12 5.059193657e-12 5.181108612e-12 5.53080823e-12 5.358796568e-12 5.642542927e-12 6.221370447e-12 4.740665052e-12 5.120532341e-12 5.181117754e-12 5.241019083e-12 4.740680764e-12 4.806057277e-12 4.607120098e-12 5.059193364e-12 5.120507998e-12 6.068975712e-12 5.358814943e-12 5.120519682e-12 5.752114133e-12 5.241018937e-12 4.60711804e-12 5.059204576e-12 5.05919917e-12 5.586942209e-12 5.697590161e-12 4.740679625e-12 5.806119936e-12 5.530787246e-12 5.059171859e-12 4.997128152e-12 4.806056683e-12 5.358805666e-12 4.674385797e-12 5.416748605e-12 5.474064246e-12 5.358800804e-12 5.300246073e-12 5.806121715e-12 4.674372393e-12 5.300242135e-12 4.934249962e-12 5.697586882e-12 4.934255486e-12 5.241022733e-12 5.642527075e-12 5.859646991e-12 5.965220156e-12 6.0173302e-12 5.300227822e-12 5.240993259e-12 5.300244976e-12 5.120508571e-12 5.358810455e-12 5.752121424e-12 4.806071458e-12 5.181123337e-12 5.358811729e-12 6.170978872e-12 5.697574364e-12 5.859628532e-12 4.740681949e-12 5.80611983e-12 5.358804993e-12 5.416744565e-12 5.241027562e-12 5.530783236e-12 6.068969357e-12 5.358794061e-12 5.416762319e-12 4.327649717e-12 4.934254297e-12 5.752107552e-12 5.474058318e-12 5.530777698e-12 5.642536148e-12 5.58694647e-12 6.221341677e-12 5.474043548e-12 4.740673243e-12 4.870585368e-12 5.965225405e-12 5.358806617e-12 5.697582054e-12 6.221365116e-12 4.327628442e-12 6.1709875e-12 5.474071894e-12 5.120513748e-12 5.474066718e-12 6.170988056e-12 5.30024843e-12 5.120537481e-12 5.859621411e-12 4.8060594e-12 5.586945377e-12 5.752098196e-12 4.870589381e-12 6.120192395e-12 5.241019069e-12 6.22136761e-12 5.300245661e-12 4.87057843e-12 6.017323346e-12 5.059184359e-12 5.241026451e-12 6.017336233e-12 6.017314436e-12 5.358820357e-12 5.91266784e-12 5.474060757e-12 6.017314797e-12 5.241015904e-12 5.530785575e-12 5.642520085e-12 5.752101779e-12 5.120525588e-12 5.965223795e-12 5.859630525e-12 5.530775571e-12 5.120519169e-12 5.752092988e-12 5.75211522e-12 4.997119952e-12 6.068972655e-12 6.170990715e-12 5.642529306e-12 5.752109838e-12 5.41674165e-12 5.752116967e-12 6.563170116e-12 5.300237127e-12 5.416757911e-12 6.068968478e-12 5.752113051e-12 5.912658703e-12 5.059199805e-12 5.474068669e-12 5.80611289e-12 5.181100059e-12 5.586935802e-12 5.416749367e-12 5.474062151e-12 6.068970457e-12 5.859636572e-12 6.221352373e-12 5.181104048e-12 5.859639728e-12 5.75211803e-12 5.358825471e-12 5.059192359e-12 6.017315931e-12 5.300246766e-12 5.181127626e-12 5.859637666e-12 5.697591139e-12 5.806123733e-12 5.859619626e-12 5.912654969e-12 6.06898145e-12 6.120189991e-12 6.271339086e-12 4.9971253e-12 5.752115626e-12 6.418896225e-12 5.697596021e-12 5.859643076e-12 5.530803004e-12 5.300244693e-12 6.320902289e-12 5.752110053e-12 5.181106666e-12 6.017327139e-12 6.320905492e-12 5.120528154e-12 6.170977706e-12 6.515426979e-12 5.697573332e-12 5.530792153e-12 5.586945569e-12 4.93424961e-12 6.120208042e-12 5.697599083e-12 5.96522345e-12 5.4740527e-12 5.859647463e-12 6.170981878e-12 5.912657181e-12 6.170973336e-12 5.181122338e-12 5.697594827e-12 5.752112299e-12 5.642535891e-12 5.642533435e-12 5.181111245e-12 6.068969968e-12 6.370082975e-12 6.41890593e-12 6.120176992e-12 5.530788957e-12 5.120523827e-12 5.965227812e-12 5.416751586e-12 5.752110112e-12 5.474063991e-12 5.181114699e-12 5.530789747e-12 5.059190791e-12 5.642538845e-12 5.752105348e-12 5.58693549e-12 5.752112737e-12 6.017323035e-12 5.416742684e-12 5.965220829e-12 5.474061973e-12 5.059199706e-12 5.416751359e-12 5.530807079e-12 5.912673715e-12 5.059195875e-12 5.530790576e-12 5.965223879e-12 5.697581194e-12 5.416756127e-12 6.120187714e-12 5.358809377e-12 5.530805397e-12 5.181112267e-12 5.474057131e-12 5.416743171e-12 5.697580836e-12 5.530792441e-12 5.806122915e-12 5.806115393e-12 6.120198504e-12 5.965233552e-12 5.912666537e-12 5.586946558e-12 6.068962672e-12 5.474054763e-12 5.586934923e-12 5.358810387e-12 5.181113852e-12 5.241020348e-12 5.474061094e-12 5.752104152e-12 5.474067369e-12 5.752107748e-12 5.75210825e-12 5.642531228e-12 5.120515316e-12 5.642546069e-12 5.241031403e-12 6.120198223e-12 4.93423771e-12 6.271313159e-12 5.530797524e-12 5.965220655e-12 5.530792752e-12 5.24101591e-12 5.530793372e-12 5.586945729e-12 5.752105921e-12 5.241004788e-12 4.870588477e-12 5.586952126e-12 5.642545755e-12 5.5307771e-12 5.965213099e-12 6.170987519e-12 5.358819003e-12 5.059204085e-12 5.64252718e-12 4.538848066e-12 5.358809169e-12 5.752106058e-12 5.806124606e-12 5.059198943e-12 5.120521066e-12 4.538843892e-12 5.965227804e-12 5.752114408e-12 4.997096952e-12 5.358811411e-12 5.642534952e-12 5.241005122e-12 5.059186717e-12 5.912676262e-12 5.474047035e-12 5.120517236e-12 6.120200506e-12 5.120522397e-12 5.181101788e-12 5.358808956e-12 4.997118278e-12 5.474068664e-12 5.241017122e-12 5.358815561e-12 4.997117032e-12 4.870577726e-12 5.24102153e-12 5.697590153e-12 5.059181242e-12 5.912652968e-12 5.358815099e-12 5.642532729e-12 5.530793853e-12 5.474055703e-12 5.530788192e-12 5.120511075e-12 5.530793638e-12 5.586938044e-12 4.870584383e-12 6.370081765e-12 4.870568676e-12 4.997130783e-12 5.859640929e-12 4.32761296e-12 5.120520233e-12 5.53080149e-12 5.965231474e-12 5.416747929e-12 4.469555397e-12 4.997119623e-12 4.870582995e-12 5.300244283e-12 4.538849267e-12 4.997104834e-12 4.934247341e-12 4.87057041e-12 5.64253667e-12 5.24102939e-12 5.752119813e-12 5.530818566e-12 5.530777127e-12 4.740689207e-12 5.586927383e-12 5.41674435e-12 5.181103918e-12 4.934254926e-12 5.241022059e-12 4.740674137e-12 5.120512011e-12 5.241006426e-12 5.358815293e-12 5.1205323e-12 5.530787997e-12 5.059192169e-12 4.997129956e-12 5.300242315e-12 4.870575281e-12 4.607112631e-12 4.10555235e-12 5.241013802e-12 5.181131241e-12 4.806086254e-12 4.870587013e-12 5.241021014e-12 4.806073694e-12 5.059189851e-12 5.697593527e-12 5.474056318e-12 4.674367874e-12 4.870597461e-12 4.607114204e-12 4.607114755e-12 5.416741224e-12 5.300239094e-12 4.997123058e-12 4.806083641e-12 5.059197907e-12 5.181122333e-12 4.870580567e-12 5.530778385e-12 4.327630576e-12 5.358804238e-12 4.674378373e-12 4.870585192e-12 5.358809453e-12 4.740682694e-12 5.474058127e-12 4.740675855e-12 4.469560373e-12 4.740668708e-12 4.399177419e-12 4.67436777e-12 4.607100932e-12 4.607120307e-12 4.25490037e-12 4.997105589e-12 4.254908702e-12 5.120510175e-12 4.105540787e-12 4.4695505e-12 4.538863326e-12 4.740684067e-12 5.474064602e-12 4.674376863e-12 4.327607982e-12 4.327635649e-12 4.538843815e-12 4.10554715e-12 4.740676325e-12 5.059182572e-12 3.789249409e-12 3.444027572e-12 5.120514472e-12 4.469544531e-12 4.806065191e-12 4.469563124e-12 4.399171212e-12 4.180884073e-12 4.870586347e-12 4.740698041e-12 4.607115942e-12 4.870597734e-12 4.538852038e-12 4.180884294e-12 4.740670928e-12 3.870747269e-12 4.607101694e-12 4.469568225e-12 
3.53348086e-12 3.870755913e-12 4.469534566e-12 4.538848388e-12 4.53884899e-12 4.607113563e-12 4.740665505e-12 4.327639335e-12 4.934253136e-12 4.674380323e-12 5.181125482e-12 4.674369346e-12 4.53883382e-12 4.254877029e-12 4.469565619e-12 3.950562446e-12 4.469558122e-12 4.607123227e-12 4.538863892e-12 3.950566114e-12 4.997102801e-12 3.87074027e-12 5.241013913e-12 4.674367617e-12 4.607120854e-12 4.674366223e-12 4.254883938e-12 4.327638723e-12 4.254875883e-12 4.180888625e-12 4.105542085e-12 4.53886249e-12 4.254886691e-12 4.538849465e-12 4.674389426e-12 4.806075029e-12 4.806075677e-12 4.028805625e-12 4.997120437e-12 4.934255277e-12 4.028802293e-12 4.469538785e-12 5.358800746e-12 4.180887913e-12 4.607121806e-12 4.870576572e-12 4.806065901e-12 5.358799506e-12 4.254885993e-12 5.059188499e-12 4.870589417e-12 5.300248536e-12 5.120523133e-12 5.416724528e-12 4.806055735e-12 4.469550518e-12 4.674376647e-12 4.740665923e-12 5.586945448e-12 5.642535148e-12 4.740699435e-12 4.870584027e-12 4.674371073e-12 4.469561293e-12 5.358818886e-12 5.416750571e-12 4.327625332e-12 5.059196399e-12 5.059198912e-12 5.586949724e-12 4.538837824e-12 4.870576919e-12 4.028792404e-12 5.241010797e-12 4.806070984e-12 5.181128474e-12 5.059189925e-12 4.740685085e-12 5.358810792e-12 5.416731283e-12 5.358810584e-12 4.997116538e-12 4.607093309e-12 4.870597257e-12 4.740686604e-12 4.934273026e-12 5.120510557e-12 4.538848378e-12 4.870588623e-12 4.806069587e-12 4.870590983e-12 4.870581799e-12 4.870575518e-12 4.806074541e-12 4.997110248e-12 4.607099364e-12 5.181116992e-12 4.740664872e-12 5.120518277e-12 4.934254139e-12 5.059200171e-12 4.870594882e-12 4.469561585e-12 5.24101078e-12 4.934250746e-12 4.607119333e-12 3.870733951e-12 5.18111823e-12 4.93425237e-12 4.870573075e-12 5.912680248e-12 4.870583607e-12 4.806063685e-12 4.93426163e-12 6.120205103e-12 5.059192424e-12 5.530790082e-12 5.300247674e-12 5.358807275e-12 5.530781332e-12 5.586911804e-12 5.120513638e-12 4.538854415e-12 4.934256642e-12 5.806103227e-12 5.586946617e-12 5.912658005e-12 5.8061195e-12 5.586943817e-12 4.870585732e-12 4.740662389e-12 5.240995683e-12 4.870587083e-12 4.934245644e-12 4.997113644e-12 5.859632144e-12 5.181102206e-12 4.99710136e-12 5.358803882e-12 5.586944396e-12 5.642550219e-12 5.642523455e-12 6.12019301e-12 5.241020719e-12 5.241026464e-12 5.586960627e-12 4.997114491e-12 4.740675097e-12 6.120192106e-12 5.416748849e-12 5.300241484e-12 4.997111994e-12 5.300242307e-12 5.300245279e-12 5.69758828e-12 5.181112187e-12 5.120506628e-12 5.586932705e-12 5.912667648e-12 5.416743544e-12 4.806079724e-12 5.64252648e-12 5.358807717e-12 5.416753446e-12 5.120525237e-12 5.965223027e-12 5.474058279e-12 5.752113492e-12 4.740690094e-12 5.642545285e-12 5.300243977e-12 5.85963038e-12 5.912681396e-12 5.35880702e-12 4.87059056e-12 5.642547079e-12 5.30024444e-12 5.474064039e-12 5.642530498e-12 4.674371982e-12 5.241013941e-12 4.934243391e-12 6.120189284e-12 5.059199916e-12 5.586956216e-12 5.530796786e-12 5.120516825e-12 5.241022533e-12 5.474070134e-12 5.41672565e-12 5.912669789e-12 5.241018925e-12 5.752111715e-12 5.181119051e-12 5.241002198e-12 5.912671959e-12 4.934252368e-12 5.241010624e-12 5.586942235e-12 5.530788713e-12 5.697588781e-12 5.530799964e-12 5.241019386e-12 5.241030224e-12 5.530782272e-12 6.271327993e-12 5.474067286e-12 4.997117956e-12 5.912670887e-12 5.806127576e-12 5.416734994e-12 5.241002698e-12 5.120505415e-12 5.530793604e-12 5.806125677e-12 5.474061386e-12 4.870595176e-12 5.358808265e-12 5.358820021e-12 5.586963351e-12 6.221354566e-12 5.181121837e-12 5.241016636e-12 5.752120761e-12 5.30023725e-12 5.912649412e-12 5.752124386e-12 5.300236085e-12 5.752105626e-12 5.35880801e-12 6.467336529e-12 6.221357044e-12 5.416734216e-12 5.358803499e-12 5.752110436e-12 5.120518977e-12 5.697590222e-12 6.120189947e-12 6.170982386e-12 5.181113651e-12 5.241017733e-12 6.068979035e-12 5.859648422e-12 5.912670122e-12 5.241000687e-12 6.068974354e-12 5.474088585e-12 6.120202382e-12 5.358817574e-12 5.18112468e-12 5.300253611e-12 5.859643067e-12 6.320890117e-12 5.530792204e-12 5.241020766e-12 4.806066016e-12 5.859645139e-12 5.965222428e-12 5.530792509e-12 4.997117254e-12 5.965218589e-12 5.752103162e-12 5.859646979e-12 6.120195407e-12 5.358813133e-12 5.241018401e-12 4.934255112e-12 5.416733742e-12 4.399181959e-12 5.85963806e-12 5.752110311e-12 5.41674675e-12 5.120511538e-12 6.515434664e-12 5.530791294e-12 5.530797156e-12 5.358793503e-12 5.85963548e-12 5.912649227e-12 5.912655506e-12 5.530792595e-12 4.934251726e-12 5.642540871e-12 5.965212444e-12 5.859629241e-12 5.241014777e-12 5.474065611e-12 5.18110994e-12 6.068972733e-12 5.181127759e-12 5.752113348e-12 5.912652045e-12 6.370101149e-12 5.859631781e-12 5.965223808e-12 6.418916383e-12 5.697589966e-12 6.068978136e-12 5.912665216e-12 5.752126161e-12 5.642507806e-12 6.320891433e-12 5.358808895e-12 5.416757659e-12 6.017341599e-12 6.271327827e-12 5.181124931e-12 5.806133727e-12 5.416738222e-12 4.87058188e-12 5.586943816e-12 5.241004722e-12 5.241026571e-12 6.467351623e-12 5.586940384e-12 6.017330013e-12 5.358808041e-12 5.642537367e-12 5.474068238e-12 4.934262006e-12 5.69759897e-12 5.358802439e-12 5.69759125e-12 5.912671935e-12 4.607110307e-12 4.538850673e-12 5.586938431e-12 5.241018454e-12 6.170983641e-12 5.474059152e-12 4.740681589e-12 5.75211007e-12 5.859639768e-12 5.300252479e-12 5.416751793e-12 4.327618837e-12 5.586954822e-12 4.254894073e-12 5.859633045e-12 5.53080358e-12 5.474081073e-12 5.47405364e-12 5.530804703e-12 5.241014467e-12 5.059180904e-12 5.24101993e-12 5.697591289e-12 5.059198776e-12 6.017312165e-12 5.181120003e-12 5.642537724e-12 4.934249166e-12 5.5869399e-12 5.530814412e-12 5.530805479e-12 6.06896858e-12 5.181108244e-12 5.752097534e-12 4.870593944e-12 5.300235925e-12 5.416740577e-12 5.358798227e-12 5.120536036e-12 5.120520323e-12 5.120523808e-12 5.586947798e-12 5.530804998e-12 5.059181609e-12 5.059192276e-12 4.934274894e-12 5.300236922e-12 5.059182188e-12 4.934269949e-12 5.912678674e-12 5.859641052e-12 5.697567961e-12 5.059191164e-12 4.674376027e-12 5.474064131e-12 5.300223322e-12 5.752106721e-12 5.41672951e-12 4.93425757e-12 4.607097912e-12 4.87058058e-12 5.530795831e-12 5.300229742e-12 5.586954498e-12 4.607102968e-12 4.934250247e-12 4.674387278e-12 5.05918418e-12 4.806081285e-12 5.806131385e-12 5.358797526e-12 5.120530759e-12 4.105530821e-12 4.870594888e-12 4.740665885e-12 5.530806572e-12 4.806061014e-12 5.241010257e-12 4.32762578e-12 5.53079914e-12 4.538860275e-12 4.538859883e-12 4.806058203e-12 5.120524116e-12 4.254882018e-12 5.059184336e-12 4.934246735e-12 4.105535121e-12 5.358797862e-12 5.300248804e-12 4.674384213e-12 5.474055034e-12 4.469562436e-12 5.241008657e-12 5.300235788e-12 5.697593098e-12 4.870582797e-12 4.607111883e-12 4.607096985e-12 4.674371353e-12 4.934248428e-12 5.642517707e-12 4.399167642e-12 4.538831855e-12 4.997115755e-12 5.586923116e-12 4.607126046e-12 5.059193013e-12 5.358803938e-12 4.806072716e-12 4.740697663e-12 5.120510945e-12 4.997133882e-12 4.674372738e-12 5.059189558e-12 5.181126566e-12 4.674364789e-12 4.327640271e-12 4.607116757e-12 4.934240226e-12 5.059190721e-12 4.327634764e-12 4.607110767e-12 4.607109636e-12 4.870584297e-12 4.934261367e-12 4.997110656e-12 5.358809705e-12 4.997110964e-12 4.607114738e-12 4.469550723e-12 4.538855907e-12 4.607119807e-12 4.399165671e-12 5.059191375e-12 4.934257874e-12 5.300228632e-12 4.806074952e-12 4.740675351e-12 4.674374346e-12 3.533484061e-12 5.059194162e-12 4.740687243e-12 3.620748923e-12 4.997117439e-12 5.120532861e-12 4.674364313e-12 4.538846298e-12 4.254906881e-12 4.538865844e-12 3.950566716e-12 4.607095895e-12 4.870574621e-12 4.327623693e-12 4.028795427e-12 4.674379513e-12 4.538855943e-12 4.870584165e-12 4.674367109e-12 4.740685579e-12 4.538845166e-12 4.399158203e-12 5.241015567e-12 4.674363107e-12 5.241022155e-12 4.180896297e-12 4.469559741e-12 4.105550755e-12 4.469552083e-12 4.105549684e-12 4.105561654e-12 4.469565295e-12 4.18089224e-12 4.180875215e-12 4.028808561e-12 4.53885812e-12 4.028806245e-12 
4.254881681e-12 4.327629224e-12 4.105556166e-12 4.399150226e-12 4.254889416e-12 4.934257631e-12 4.327613952e-12 4.25488746e-12 4.740690672e-12 4.028811207e-12 4.740677908e-12 5.18112792e-12 3.789251767e-12 4.028792054e-12 3.950567486e-12 4.399166989e-12 3.533491479e-12 4.607086725e-12 4.538856526e-12 4.469559466e-12 5.120520498e-12 5.059193387e-12 4.180899721e-12 4.105554384e-12 4.399158625e-12 3.95056098e-12 4.180899095e-12 5.181121525e-12 4.80605599e-12 4.469548422e-12 4.806071386e-12 4.399150919e-12 4.674365745e-12 4.870582073e-12 4.327631395e-12 3.87073924e-12 4.740689942e-12 4.25487462e-12 5.059186274e-12 4.399168982e-12 4.607093797e-12 4.180863444e-12 4.028794006e-12 4.538849914e-12 5.586934626e-12 4.74067894e-12 3.870745022e-12 4.806081415e-12 4.538857167e-12 4.997117987e-12 4.67437445e-12 4.254887634e-12 4.674366769e-12 4.607096491e-12 4.934244993e-12 4.674376592e-12 4.399165761e-12 4.674375454e-12 5.181108847e-12 4.469563948e-12 4.469559319e-12 4.870570731e-12 4.997106544e-12 4.997112992e-12 4.028800388e-12 4.105549741e-12 5.300234852e-12 4.607103823e-12 4.607115561e-12 4.740667022e-12 5.181123597e-12 5.120522961e-12 4.538845417e-12 4.469552142e-12 5.181120471e-12 4.997110242e-12 5.300239645e-12 5.300237417e-12 4.469553954e-12 4.327612317e-12 5.752103092e-12 4.469550687e-12 5.300230493e-12 4.870579404e-12 5.474062668e-12 5.474055194e-12 5.120503879e-12 5.41673687e-12 4.934250962e-12 4.870599477e-12 5.586949663e-12 5.416737091e-12 4.806070791e-12 5.120517456e-12 5.059197589e-12 4.997115139e-12 5.120522234e-12 5.241024597e-12 5.120503703e-12 5.181103938e-12 4.740682641e-12 4.399163773e-12 5.300246856e-12 4.399173273e-12 5.059193456e-12 5.30024344e-12 5.358808054e-12 4.934256766e-12 5.358814816e-12 5.300232746e-12 5.358815431e-12 5.474056204e-12 4.870587428e-12 5.181112318e-12 4.674374699e-12 4.934256603e-12 4.99709577e-12 4.870571301e-12 5.642548387e-12 5.241009261e-12 4.870568374e-12 5.300244869e-12 5.806127058e-12 4.934265234e-12 5.241024579e-12 5.416744565e-12 4.806078817e-12 5.416736166e-12 5.241024281e-12 4.538845861e-12 5.241011564e-12 5.120509704e-12 4.934263206e-12 4.327638228e-12 5.642531672e-12 6.06898293e-12 5.91267483e-12 4.870579278e-12 4.87057484e-12 4.870569131e-12 5.120503107e-12 5.859648657e-12 5.300246287e-12 4.997108674e-12 5.358803237e-12 4.934250758e-12 4.9342488e-12 5.358806637e-12 6.017333977e-12 5.859637717e-12 5.416735974e-12 5.586940677e-12 5.530797143e-12 5.181124042e-12 4.674384109e-12 5.85964169e-12 5.474057441e-12 5.474066959e-12 4.997110516e-12 5.416741088e-12 5.120512516e-12 5.64253213e-12 5.697578466e-12 5.586947179e-12 5.474041493e-12 5.474076859e-12 5.586939519e-12 5.965242849e-12 5.642529601e-12 6.22135772e-12 5.241029577e-12 5.530789926e-12 5.416728268e-12 4.674354594e-12 4.674376828e-12 5.642534759e-12 4.674375524e-12 5.697574131e-12 5.586939854e-12 5.241014466e-12 5.059196256e-12 5.530801663e-12 5.859644929e-12 5.69759367e-12 5.64253438e-12 5.241018024e-12 5.53078047e-12 5.474070776e-12 5.530796537e-12 5.53078594e-12 5.2410171e-12 5.120516538e-12 6.418914924e-12 6.418907448e-12 4.53885853e-12 5.859645088e-12 4.934266475e-12 5.642527494e-12 5.859634402e-12 5.965224205e-12 5.64254352e-12 6.170979111e-12 5.120529799e-12 5.530787761e-12 6.221359003e-12 6.017308533e-12 5.912654923e-12 5.416751193e-12 6.120194026e-12 5.64254715e-12 5.241022953e-12 5.642537515e-12 5.642547387e-12 5.586940206e-12 6.017315956e-12 6.017322165e-12 5.642527482e-12 5.358820221e-12 5.120529147e-12 5.642520844e-12 5.120528924e-12 5.965228073e-12 6.370097518e-12 5.642540107e-12 5.806115493e-12 6.12016088e-12 5.530794315e-12 5.300243962e-12 5.059194878e-12 5.586931948e-12 5.358800862e-12 5.474055173e-12 5.059183607e-12 5.474064255e-12 5.530778867e-12 5.586951962e-12 4.254885037e-12 5.642543114e-12 5.697585099e-12 5.416744499e-12 6.320908972e-12 5.85962337e-12 5.059191604e-12 6.271313544e-12 5.181125961e-12 5.69758391e-12 5.300246707e-12 5.806130317e-12 5.642543872e-12 5.120526814e-12 5.586944901e-12 5.912674257e-12 5.697584017e-12 5.35880131e-12 5.752127128e-12 5.120531878e-12 5.530807853e-12 5.358795221e-12 5.806125508e-12 6.017327538e-12 5.965217851e-12 5.752105826e-12 5.059177739e-12 5.697601811e-12 5.912683488e-12 5.530797277e-12 5.474055833e-12 5.416744673e-12 5.474044872e-12 5.586942197e-12 5.586943413e-12 5.697583456e-12 5.752120119e-12 5.642542571e-12 4.674394894e-12 6.271336579e-12 5.642538679e-12 5.859621539e-12 4.180883201e-12 6.068983416e-12 4.870574087e-12 5.586925037e-12 5.416746032e-12 5.530778752e-12 5.806119159e-12 4.870587931e-12 5.912667315e-12 5.300249798e-12 5.53078203e-12 5.300232548e-12 6.563168576e-12 5.806127623e-12 5.530785402e-12 5.474060713e-12 4.870584543e-12 5.30025859e-12 5.358796816e-12 5.300248209e-12 5.586945594e-12 6.221350647e-12 5.697598373e-12 5.912667765e-12 5.697585199e-12 4.997120043e-12 5.300238005e-12 5.300246674e-12 6.370095895e-12 5.642538498e-12 5.416729733e-12 5.358790363e-12 5.120521541e-12 5.474056852e-12 5.75211913e-12 5.358819182e-12 6.120186842e-12 5.530808098e-12 5.697586238e-12 4.870580222e-12 5.416742314e-12 5.752106976e-12 5.358818954e-12 4.740678185e-12 4.997105418e-12 5.059191041e-12 5.181114493e-12 6.017323981e-12 5.181113727e-12 5.474056185e-12 6.01732106e-12 5.752118946e-12 5.181122637e-12 5.120518027e-12 5.30023809e-12 5.530790297e-12 5.416755624e-12 6.068974868e-12 5.965223832e-12 5.965227091e-12 4.997113355e-12 5.358812602e-12 5.358806799e-12 4.538860128e-12 5.241019816e-12 4.740683304e-12 5.181116834e-12 5.806115345e-12 4.870590377e-12 5.059176595e-12 4.327624366e-12 5.181114961e-12 5.530794782e-12 6.370090473e-12 5.358807683e-12 5.586951063e-12 5.181114479e-12 5.120524852e-12 5.358817946e-12 5.697586295e-12 5.300241234e-12 5.806123839e-12 5.752104932e-12 5.12051783e-12 4.934245093e-12 5.530800062e-12 5.416718981e-12 4.607096153e-12 4.674371155e-12 5.752114403e-12 5.586953117e-12 4.870587188e-12 5.530777729e-12 4.870581471e-12 4.870593747e-12 5.181117512e-12 4.870566501e-12 5.241036308e-12 4.870573272e-12 5.586954951e-12 5.530778307e-12 4.740668934e-12 4.997113364e-12 5.697599503e-12 5.120522543e-12 4.180895629e-12 4.67438027e-12 5.059196052e-12 4.93425351e-12 4.934257412e-12 5.059202155e-12 4.674388771e-12 4.806075722e-12 5.120506027e-12 4.469542138e-12 4.607119042e-12 5.120519989e-12 5.752115114e-12 4.806064514e-12 4.934241024e-12 5.806114586e-12 5.059184327e-12 4.997109271e-12 5.059195348e-12 5.530785374e-12 5.642547457e-12 4.870577336e-12 4.934252527e-12 5.059196198e-12 4.870591325e-12 5.241019686e-12 4.870579782e-12 4.469545448e-12 5.4167434e-12 4.997102349e-12 4.934251192e-12 4.997124319e-12 4.674371159e-12 4.674372934e-12 5.912670101e-12 4.806082418e-12 5.181128625e-12 4.180886176e-12 5.059198479e-12 5.300240249e-12 5.859627117e-12 5.530786314e-12 5.300236773e-12 4.469557042e-12 5.241008417e-12 4.327628838e-12 5.474076071e-12 4.399153191e-12 4.538853443e-12 5.181134055e-12 5.416744935e-12 3.789237813e-12 4.60711124e-12 5.416732638e-12 4.740671438e-12 4.740677335e-12 4.997118108e-12 4.934244801e-12 4.740672555e-12 4.399154527e-12 5.120521847e-12 5.241004899e-12 4.538863096e-12 4.538849032e-12 4.674373674e-12 5.416742412e-12 5.4167189e-12 5.241007392e-12 4.67436738e-12 4.469566772e-12 4.74068075e-12 4.934252179e-12 4.674381969e-12 5.241030142e-12 4.87057998e-12 4.99711455e-12 4.028794763e-12 4.327612606e-12 4.93425749e-12 4.740679354e-12 4.674377363e-12 5.24100403e-12 4.674382776e-12 4.870582329e-12 4.997126065e-12 4.399157643e-12 4.740672164e-12 4.740674838e-12 4.740683023e-12 4.870591698e-12 4.254881439e-12 4.105543694e-12 4.538853004e-12 4.254888171e-12 4.469557383e-12 4.469563099e-12 4.399167373e-12 4.327630635e-12 4.254875989e-12 4.327621699e-12 3.620757442e-12 3.870735824e-12 4.740672689e-12 4.93426112e-12 4.327636671e-12 4.399150041e-12 4.469541813e-12 4.327627055e-12 4.607101907e-12 4.607104387e-12 4.67436889e-12 4.399154212e-12 4.674378268e-12 4.934269205e-12 4.399166863e-12 4.607106982e-12 3.950559959e-12 4.105550673e-12 
4.469568027e-12 4.538847976e-12 4.105567174e-12 4.469555954e-12 4.180898619e-12 4.028804272e-12 5.059160836e-12 4.39915993e-12 4.02880403e-12 3.950571156e-12 4.469554251e-12 4.327629647e-12 4.806061437e-12 4.327638335e-12 4.870588229e-12 4.399164255e-12 4.538846348e-12 5.120520278e-12 4.60712275e-12 5.530787285e-12 4.740691941e-12 4.469550682e-12 4.997115137e-12 4.028789939e-12 4.607122606e-12 4.740660722e-12 4.469549511e-12 5.300244264e-12 4.399184081e-12 4.870594275e-12 4.105556275e-12 5.181109841e-12 4.997110285e-12 4.469559344e-12 4.469574168e-12 4.674348535e-12 5.120513214e-12 4.327619948e-12 4.53885559e-12 5.241017965e-12 4.870585311e-12 5.474064518e-12 4.327624232e-12 4.25489559e-12 4.02880458e-12 4.870575087e-12 4.254899013e-12 5.059182551e-12 5.300248841e-12 4.538849193e-12 4.254881317e-12 4.399144412e-12 5.358814007e-12 4.607109254e-12 4.327629465e-12 5.181106573e-12 4.740680334e-12 4.740677394e-12 5.05918971e-12 4.327635709e-12 5.300241956e-12 4.997125724e-12 4.254885727e-12 4.806082464e-12 3.950558831e-12 4.607123077e-12 4.934258302e-12 4.327613754e-12 5.300232634e-12 4.180885918e-12 4.254880861e-12 4.3276098e-12 4.806075804e-12 4.607106895e-12 5.358810054e-12 4.740658516e-12 5.181096152e-12 5.241018528e-12 4.870589484e-12 5.474055929e-12 4.607123516e-12 4.607112362e-12 5.120513373e-12 6.120184605e-12 4.806065247e-12 4.538852409e-12 4.740679013e-12 4.870583973e-12 4.399159068e-12 4.538841295e-12 4.806068119e-12 5.300231556e-12 5.697587297e-12 4.997122633e-12 5.752116422e-12 5.300236715e-12 5.120516136e-12 4.740676721e-12 5.41674272e-12 5.24102634e-12 4.806089661e-12 5.300232709e-12 5.416749991e-12 5.47406926e-12 4.469561705e-12 4.740681056e-12 4.870599113e-12 5.241021578e-12 5.059189334e-12 5.300234072e-12 4.60711749e-12 5.358800169e-12 4.469556556e-12 5.120522526e-12 4.93425354e-12 4.399156496e-12 4.469549552e-12 4.674367407e-12 5.18112443e-12 5.474060957e-12 5.120513247e-12 5.059187937e-12 4.870579629e-12 5.300246416e-12 4.870582072e-12 4.538857577e-12 4.538859118e-12 5.416749254e-12 5.300232872e-12 4.997119871e-12 4.806083823e-12 5.120515204e-12 4.934245815e-12 5.181119967e-12 5.859638128e-12 5.120535909e-12 5.05920136e-12 5.300244783e-12 5.300233007e-12 5.530795384e-12 4.806071885e-12 4.607097584e-12 5.416745341e-12 5.586955357e-12 5.300243266e-12 5.241015676e-12 4.870560994e-12 5.912659787e-12 5.586939956e-12 4.997103975e-12 5.181124577e-12 5.12051265e-12 5.530786972e-12 4.870592855e-12 5.642539379e-12 5.300238842e-12 5.530792323e-12 5.474070191e-12 5.120520428e-12 5.642538958e-12 5.12052849e-12 4.674376042e-12 6.221351044e-12 5.530789965e-12 4.934246405e-12 4.806076244e-12 5.642557275e-12 5.181107481e-12 5.5869561e-12 5.300224058e-12 5.697578712e-12 4.674383923e-12 5.806133181e-12 5.912666809e-12 5.530801731e-12 5.474063161e-12 4.607105476e-12 5.586952317e-12 5.53079453e-12 5.69759096e-12 5.358801478e-12 6.068984689e-12 5.300234703e-12 5.241006311e-12 6.068978984e-12 5.300233053e-12 5.059206894e-12 4.740673381e-12 5.181102221e-12 5.241016301e-12 5.474056157e-12 6.017307528e-12 5.474055617e-12 5.358814901e-12 5.416738924e-12 5.059197741e-12 5.358807814e-12 5.474059796e-12 5.358812876e-12 6.068978125e-12 6.017326867e-12 4.870588325e-12 4.997105785e-12 4.53886598e-12 5.300232096e-12 5.181124862e-12 5.181101081e-12 5.474045872e-12 5.358808451e-12 5.358817565e-12 5.181131307e-12 5.05919474e-12 4.806075782e-12 6.06897399e-12 4.997114894e-12 5.697586126e-12 4.997108095e-12 5.752105133e-12 5.859631529e-12 5.12050485e-12 5.752117944e-12 5.530802376e-12 5.358813015e-12 5.586941855e-12 5.120509678e-12 5.059184571e-12 5.859622397e-12 5.912672515e-12 5.059194617e-12 5.241012915e-12 4.740674778e-12 5.64254863e-12 4.934259687e-12 5.806123906e-12 5.965235465e-12 5.059198605e-12 5.474068309e-12 5.241018157e-12 5.642529979e-12 4.538841167e-12 4.87058655e-12 5.474059563e-12 5.474058535e-12 5.358815036e-12 5.586943943e-12 5.586950622e-12 5.642527053e-12 5.120523168e-12 5.474074412e-12 5.358791049e-12 5.912673359e-12 4.870586355e-12 5.416751294e-12 4.934253631e-12 5.697585693e-12 5.912663806e-12 5.120525245e-12 4.806061476e-12 5.181104478e-12 5.530793555e-12 5.697594566e-12 5.358816562e-12 5.300227576e-12 5.474078226e-12 5.697567337e-12 4.607107585e-12 5.64253886e-12 5.530800725e-12 5.642541972e-12 5.416753175e-12 5.300251861e-12 5.300236795e-12 6.017310904e-12 5.059197677e-12 4.997117079e-12 4.740660953e-12 4.607118326e-12 5.416747673e-12 6.017310862e-12 5.965220793e-12 5.965228459e-12 5.586945377e-12 5.586949673e-12 5.586960065e-12 4.538853366e-12 5.059186452e-12 5.530788303e-12 5.059207317e-12 5.965233477e-12 5.35881117e-12 5.806125071e-12 6.515437502e-12 6.120186993e-12 6.320890539e-12 5.241015228e-12 6.017339709e-12 5.358804585e-12 5.30022858e-12 5.697586622e-12 5.120517843e-12 5.120522943e-12 5.806109922e-12 5.752114821e-12 5.642538378e-12 5.64254779e-12 5.181119668e-12 5.75209756e-12 5.358807361e-12 5.642528347e-12 5.059191049e-12 5.806136949e-12 5.69757907e-12 5.806120783e-12 5.358801259e-12 5.059198223e-12 5.181109237e-12 5.530783736e-12 5.697598068e-12 5.416745594e-12 4.53884758e-12 4.934271287e-12 5.416737446e-12 5.059172012e-12 5.47407093e-12 5.416729121e-12 4.99712248e-12 5.416753677e-12 4.53883778e-12 5.530795613e-12 5.4740696e-12 4.870589906e-12 5.530779877e-12 5.300248719e-12 5.474080728e-12 5.181123335e-12 5.912642296e-12 5.697582431e-12 6.120189159e-12 5.697572344e-12 5.912658229e-12 4.607113908e-12 4.934251452e-12 5.181122763e-12 5.58694007e-12 6.120187055e-12 5.120517682e-12 4.870574745e-12 6.068973691e-12 5.300237729e-12 5.752109984e-12 4.870583594e-12 5.965230677e-12 4.327629494e-12 5.530785879e-12 5.859628598e-12 5.300239511e-12 5.059174599e-12 5.697595415e-12 4.997096686e-12 4.469550612e-12 5.300245415e-12 4.806066887e-12 4.934255225e-12 5.181114457e-12 5.181138311e-12 5.181120957e-12 5.059193897e-12 4.806061585e-12 5.059189583e-12 5.059190535e-12 4.997094634e-12 4.997119e-12 5.181124916e-12 5.752106652e-12 5.474061498e-12 4.740668034e-12 5.12053079e-12 4.997126996e-12 5.64252966e-12 5.1811209e-12 5.181102891e-12 5.241020557e-12 5.358816627e-12 4.469555132e-12 5.358813297e-12 5.586950393e-12 4.870575615e-12 5.241000002e-12 5.181122876e-12 4.469553451e-12 4.53885497e-12 5.41673476e-12 5.059199207e-12 4.3276382e-12 4.934264248e-12 5.059190321e-12 5.120521799e-12 4.870585942e-12 4.67436286e-12 5.30024856e-12 5.300241331e-12 5.80612552e-12 5.181130328e-12 5.358804296e-12 4.105549462e-12 5.120509138e-12 5.120521377e-12 4.538860508e-12 5.241020113e-12 5.358805318e-12 5.120526097e-12 4.469550945e-12 5.358797978e-12 5.120514893e-12 4.469549612e-12 4.469538893e-12 4.806054262e-12 4.997114176e-12 5.181123652e-12 5.059193888e-12 5.181127218e-12 4.607114326e-12 4.740686445e-12 4.806069482e-12 4.674380745e-12 5.181109086e-12 4.674366948e-12 5.120517562e-12 4.997107848e-12 4.254898254e-12 4.934254319e-12 5.120537625e-12 5.059195918e-12 5.120517128e-12 5.059182008e-12 5.241027515e-12 4.399149985e-12 3.870742253e-12 4.806074568e-12 4.740678923e-12 4.399158265e-12 4.806070238e-12 4.254880564e-12 4.806076804e-12 5.358796228e-12 4.870589179e-12 4.105549595e-12 4.674368259e-12 4.254890633e-12 4.934256141e-12 4.399176969e-12 4.028813954e-12 5.300227319e-12 4.254892086e-12 4.399173683e-12 4.870584455e-12 4.997114516e-12 4.180881379e-12 4.105554807e-12 4.538849088e-12 4.469557207e-12 4.399172062e-12 4.180887028e-12 5.120520786e-12 5.474080317e-12 4.399154481e-12 5.120528953e-12 5.059165147e-12 4.870584265e-12 4.607099483e-12 4.674367537e-12 4.399167553e-12 4.740672923e-12 4.180893897e-12 3.789235466e-12 4.469554737e-12 4.3991617e-12 4.934249257e-12 4.53884564e-12 4.740683329e-12 4.2548777e-12 4.538864372e-12 4.028815042e-12 3.870753184e-12 4.180886709e-12 4.254885678e-12 4.105548624e-12 5.059188121e-12 4.46955284e-12 4.46957058e-12 4.740672868e-12 4.327644555e-12 3.789244757e-12 4.399163774e-12 3.950566945e-12 3.789254734e-12 4.74068311e-12 4.180898481e-12 4.327629378e-12 3.620756823e-12 3.950570482e-12 
4.740671881e-12 4.607109874e-12 4.105541529e-12 4.25487679e-12 4.538853936e-12 4.870582342e-12 4.674371003e-12 4.806070443e-12 3.950570874e-12 5.300236426e-12 4.806069661e-12 4.028782551e-12 3.95055443e-12 4.028797805e-12 4.028822983e-12 4.254894003e-12 4.674361595e-12 3.705955417e-12 4.607103041e-12 4.607109807e-12 4.105549443e-12 3.950568236e-12 3.950572509e-12 4.399162862e-12 4.254879093e-12 4.327623997e-12 4.3276263e-12 4.399174133e-12 4.46955504e-12 4.740679861e-12 4.997129439e-12 4.254882625e-12 4.806075696e-12 4.327627866e-12 4.607122726e-12 4.180890608e-12 4.469535604e-12 4.934259413e-12 4.870592012e-12 5.120519408e-12 4.105541865e-12 4.934252744e-12 4.607116443e-12 4.53886169e-12 4.538842889e-12 4.538838819e-12 4.740685343e-12 4.607096271e-12 5.181123225e-12 4.674380118e-12 4.607106443e-12 4.538862457e-12 3.70597256e-12 5.120516356e-12 4.740683442e-12 4.105536015e-12 4.327628033e-12 4.3276267e-12 5.059183523e-12 4.740678147e-12 4.934237896e-12 4.32762402e-12 4.538839858e-12 5.18112804e-12 4.997117267e-12 4.870583539e-12 4.934257249e-12 4.469538074e-12 4.870588324e-12 4.674367903e-12 3.789255435e-12 5.181108449e-12 4.25488267e-12 5.530787644e-12 4.997138978e-12 4.806077907e-12 4.607090373e-12 4.997113722e-12 4.028784626e-12 4.18088401e-12 5.300238067e-12 4.806070964e-12 5.530807286e-12 5.41673172e-12 4.934246687e-12 4.997115794e-12 4.740682818e-12 5.358810223e-12 3.950570792e-12 5.181123395e-12 4.806073253e-12 4.674372658e-12 5.059186851e-12 5.474058651e-12 4.399163442e-12 4.997113724e-12 5.300255958e-12 4.399150415e-12 4.674361132e-12 5.241011245e-12 4.674368441e-12 5.358805653e-12 5.358802828e-12 4.469549787e-12 4.806075439e-12 5.474055984e-12 4.93425099e-12 5.120520558e-12 5.586935779e-12 4.028804357e-12 4.60712857e-12 5.300225119e-12 4.934271606e-12 5.91265445e-12 5.697583654e-12 4.538838179e-12 5.120516365e-12 4.469553031e-12 5.358796603e-12 5.241024962e-12 5.120512895e-12 5.300234655e-12 5.181116867e-12 5.181112669e-12 4.9342318e-12 4.740687234e-12 5.530794687e-12 5.120528201e-12 4.254898867e-12 4.607100583e-12 4.870567726e-12 5.697577374e-12 5.530789376e-12 5.474063964e-12 5.24101356e-12 5.059201803e-12 5.80612319e-12 5.474070623e-12 4.806076299e-12 5.300234222e-12 5.300251508e-12 4.607099247e-12 5.059204622e-12 5.586945583e-12 5.474071014e-12 5.965238599e-12 5.120520113e-12 5.300253392e-12 6.170973044e-12 4.105548068e-12 4.870582805e-12 5.059189433e-12 4.740663661e-12 4.934255741e-12 5.300228557e-12 5.059190832e-12 5.642539024e-12 5.120520328e-12 5.300253227e-12 5.530794179e-12 4.80607564e-12 4.99712009e-12 5.530770164e-12 4.997112077e-12 5.241023367e-12 5.181123276e-12 4.806074659e-12 5.300242694e-12 5.530788423e-12 5.240999642e-12 5.059192073e-12 5.697586993e-12 4.934265388e-12 5.241005702e-12 6.320900693e-12 4.997112726e-12 5.530778425e-12 5.181115649e-12 4.870600314e-12 4.870579505e-12 6.017329042e-12 5.416731705e-12 5.358806377e-12 5.241012926e-12 4.538849625e-12 5.912645771e-12 5.474079199e-12 5.697593814e-12 5.912667304e-12 5.586942066e-12 5.300250961e-12 5.806131071e-12 5.059207461e-12 4.607111111e-12 5.120510467e-12 4.254903458e-12 4.934258366e-12 5.64254681e-12 4.74069923e-12 4.934272815e-12 5.530800308e-12 5.642541882e-12 5.416750156e-12 6.017334796e-12 5.530792754e-12 5.059192867e-12 5.300240176e-12 4.997115181e-12 5.859644751e-12 4.607117757e-12 5.85964437e-12 6.170981148e-12 5.752088886e-12 6.22136518e-12 6.0173192e-12 5.474073348e-12 5.120521994e-12 4.740683277e-12 5.416745603e-12 5.697588079e-12 5.697592397e-12 4.997102645e-12 5.642538016e-12 4.997126865e-12 5.416746767e-12 5.752101418e-12 5.059191421e-12 6.221367745e-12 5.35881886e-12 5.416742752e-12 5.059175559e-12 5.120519585e-12 5.912656316e-12 5.300234361e-12 5.300239343e-12 5.358803396e-12 5.059185319e-12 5.059179151e-12 5.752103004e-12 5.241010439e-12 5.530780544e-12 5.358807831e-12 5.586932592e-12 5.358802652e-12 4.934270316e-12 6.515443369e-12 5.300251918e-12 5.752107073e-12 4.934238047e-12 5.530794723e-12 5.586933916e-12 5.752118484e-12 5.120520882e-12 4.997127515e-12 5.300242367e-12 5.18109718e-12 6.120183672e-12 5.358810157e-12 6.068985787e-12 5.697576614e-12 5.3588016e-12 5.642536083e-12 5.806121249e-12 6.06898259e-12 5.912664351e-12 4.934273434e-12 5.358798404e-12 5.58692889e-12 6.271309383e-12 4.806066047e-12 5.358806135e-12 5.358810474e-12 5.530785927e-12 5.586939163e-12 5.806131172e-12 5.474071278e-12 5.474058222e-12 5.416720907e-12 5.059188618e-12 5.059187871e-12 5.530793641e-12 4.997128816e-12 6.221354798e-12 5.912676686e-12 5.58694014e-12 5.642539267e-12 5.912664425e-12 5.530802959e-12 5.120506714e-12 5.530809063e-12 5.642541136e-12 5.697587545e-12 5.241011121e-12 5.75212411e-12 5.41673679e-12 4.997114645e-12 5.12051766e-12 5.47408362e-12 5.241004853e-12 5.806123561e-12 4.870578839e-12 4.740670017e-12 5.181122247e-12 5.912654691e-12 5.58692475e-12 5.530778305e-12 5.64253125e-12 5.474082133e-12 5.059181997e-12 5.05918567e-12 5.358810706e-12 5.35880751e-12 5.806135745e-12 4.870587659e-12 5.41674253e-12 5.120517714e-12 6.170984619e-12 5.586939996e-12 5.474083107e-12 4.806074686e-12 5.752106782e-12 5.697589259e-12 5.30024458e-12 5.2410395e-12 5.2410115e-12 5.181111109e-12 5.53078682e-12 5.120514189e-12 4.934250305e-12 5.181106041e-12 6.320902061e-12 5.416744535e-12 5.586943633e-12 5.965236628e-12 4.806065993e-12 5.806125097e-12 5.474078428e-12 5.697570454e-12 4.934253815e-12 5.181117154e-12 4.997123912e-12 5.859618786e-12 5.059184772e-12 5.120516513e-12 6.068959973e-12 5.586944387e-12 4.674355005e-12 5.120514126e-12 5.752101867e-12 5.300241292e-12 5.358809849e-12 5.358804909e-12 5.300249145e-12 5.642535577e-12 4.934258204e-12 5.120502975e-12 5.697594047e-12 5.120538859e-12 5.642527526e-12 5.530789491e-12 4.740680443e-12 5.059191887e-12 5.059190246e-12 4.806064419e-12 4.9971295e-12 4.997116441e-12 4.934255084e-12 5.416736709e-12 5.300234109e-12 4.934248328e-12 4.99710676e-12 5.697576019e-12 5.697592357e-12 5.241032727e-12 4.469562899e-12 5.300232694e-12 5.241021023e-12 5.358807284e-12 4.538857776e-12 4.997120329e-12 5.181123985e-12 5.530792119e-12 5.806114712e-12 5.181116651e-12 4.607100927e-12 4.607101793e-12 4.934261905e-12 5.241022976e-12 5.120521124e-12 5.752094015e-12 5.241027895e-12 5.300248417e-12 5.181121045e-12 5.059197056e-12 4.806058614e-12 5.586950914e-12 5.300240613e-12 4.538863316e-12 5.586950113e-12 4.93424962e-12 5.120523434e-12 5.530785651e-12 5.181115468e-12 4.87058271e-12 4.254888485e-12 4.99712195e-12 4.997110126e-12 5.241013115e-12 4.674351311e-12 4.674376714e-12 3.870760171e-12 4.538851695e-12 4.870578589e-12 4.806075248e-12 4.806052722e-12 4.180891613e-12 5.181107884e-12 4.806068975e-12 4.469557522e-12 5.300239846e-12 5.181115349e-12 5.416742565e-12 5.24101487e-12 4.74067074e-12 4.870586044e-12 5.300231547e-12 5.300234639e-12 5.059181168e-12 4.934248577e-12 4.469560394e-12 4.538861903e-12 4.399144109e-12 4.806045904e-12 4.8060652e-12 4.934253743e-12 5.300242168e-12 4.934245622e-12 4.254892972e-12 4.740684272e-12 4.934261628e-12 4.469548637e-12 4.469550923e-12 4.469557781e-12 4.934238405e-12 4.870585038e-12 4.469563599e-12 4.538862604e-12 4.607113054e-12 4.674364888e-12 5.120507703e-12 4.806059377e-12 4.254893818e-12 4.028810577e-12 4.399145755e-12 4.870591648e-12 4.806072333e-12 4.469550896e-12 4.399149383e-12 4.254877074e-12 4.740681697e-12 4.469568723e-12 4.934250023e-12 5.358796937e-12 4.399159686e-12 4.028808968e-12 4.870585807e-12 4.806067093e-12 5.300235954e-12 4.607110672e-12 3.870750632e-12 4.674374904e-12 4.469543952e-12 4.180874121e-12 4.607109451e-12 5.120523422e-12 3.705954824e-12 4.180866332e-12 4.105540863e-12 4.674379231e-12 4.934265102e-12 4.674377804e-12 5.358809114e-12 4.327631948e-12 4.67438756e-12 4.806071369e-12 4.254885824e-12 4.538849725e-12 4.105545347e-12 4.870595346e-12 4.870577531e-12 4.105553326e-12 4.934260017e-12 4.327635393e-12 5.059198196e-12 4.327629992e-12 4.180893397e-12 4.538850172e-12 4.46956321e-12 3.705962843e-12 4.469560539e-12 4.469571589e-12 
3.620757296e-12 4.327626385e-12 4.674380689e-12 4.469555002e-12 4.327623268e-12 3.533483777e-12 4.934260163e-12 4.105560569e-12 4.254865365e-12 4.105538818e-12 3.705973463e-12 4.538853156e-12 5.120509321e-12 5.059188497e-12 4.254893235e-12 4.180875373e-12 4.105543999e-12 4.327629223e-12 4.399170381e-12 4.87057362e-12 4.327628536e-12 4.469542334e-12 5.300237478e-12 4.607116747e-12 4.934253413e-12 4.740685147e-12 4.538855188e-12 4.934256026e-12 4.607106311e-12 3.620756427e-12 3.95056647e-12 4.180866499e-12 5.181128077e-12 4.538838406e-12 4.99710535e-12 4.538859588e-12 4.934232026e-12 4.60712093e-12 4.327627895e-12 4.538872248e-12 4.674371275e-12 4.934250326e-12 4.105547915e-12 5.241013618e-12 5.059197657e-12 4.327616222e-12 4.180886303e-12 4.740687861e-12 4.870569378e-12 4.469545343e-12 4.87057512e-12 5.642518754e-12 4.67435139e-12 4.740674133e-12 4.399151527e-12 5.120515933e-12 5.120506456e-12 5.358790345e-12 4.538841863e-12 3.870747991e-12 4.806076354e-12 5.241004089e-12 4.46955336e-12 4.740685074e-12 4.607093439e-12 5.059179644e-12 4.469554252e-12 4.469558327e-12 4.607103269e-12 4.399171092e-12 4.538859507e-12 4.02881232e-12 4.105547261e-12 4.674368667e-12 4.105543013e-12 5.241023519e-12 5.300231619e-12 4.254893732e-12 5.416752256e-12 4.538860716e-12 4.60710961e-12 4.806056685e-12 4.934247328e-12 5.059199273e-12 4.997091954e-12 4.538852845e-12 4.53885576e-12 4.870598365e-12 3.950566616e-12 4.997100409e-12 5.059192627e-12 5.358806317e-12 5.30023728e-12 4.46954902e-12 5.530779859e-12 3.870727674e-12 5.059178186e-12 4.740666158e-12 4.740684588e-12 4.934255627e-12 4.870580232e-12 5.416734088e-12 5.358803085e-12 5.120511263e-12 5.120512281e-12 5.24101938e-12 4.87056644e-12 5.120520219e-12 4.934256474e-12 4.7406998e-12 5.120523538e-12 5.120519549e-12 4.469554893e-12 5.416741875e-12 4.740680897e-12 5.181121337e-12 4.674375528e-12 5.697595686e-12 5.358801387e-12 5.241003628e-12 4.740688219e-12 5.642536206e-12 5.300225037e-12 5.965230029e-12 4.740686713e-12 4.399165597e-12 5.642513365e-12 5.474062123e-12 5.241014417e-12 5.18111764e-12 5.120531159e-12 5.58694799e-12 5.358815429e-12 5.181125111e-12 5.12051638e-12 5.41674639e-12 5.241035011e-12 5.530789237e-12 5.241003709e-12 5.416729697e-12 5.300248637e-12 5.300245815e-12 4.806076467e-12 4.806056397e-12 5.241024966e-12 5.35881163e-12 5.120519399e-12 4.469549498e-12 5.806116686e-12 4.934263093e-12 5.181122389e-12 5.530790376e-12 4.870581451e-12 5.416732605e-12 5.300247262e-12 5.586945352e-12 5.416744569e-12 5.912654654e-12 5.806125433e-12 6.120188237e-12 5.642522671e-12 4.740659654e-12 5.642547135e-12 5.358808414e-12 5.474058206e-12 5.416749278e-12 4.02880834e-12 5.300234238e-12 5.416757757e-12 5.752116221e-12 4.997121461e-12 5.859650748e-12 5.642529322e-12 5.474061526e-12 5.18112262e-12 4.674371019e-12 5.416743855e-12 5.697587633e-12 4.997107439e-12 5.58695027e-12 4.870579401e-12 4.997099017e-12 5.300245403e-12 5.300237323e-12 5.181126029e-12 5.30022382e-12 5.358806871e-12 5.120514715e-12 5.241030431e-12 5.642520538e-12 5.181106134e-12 5.53078504e-12 5.358807523e-12 5.300224232e-12 5.752102893e-12 5.120528919e-12 6.12018247e-12 4.997119217e-12 4.607111242e-12 5.416729917e-12 5.752099401e-12 5.358805178e-12 5.91266276e-12 5.697578047e-12 4.327636046e-12 5.697586285e-12 5.69758712e-12 5.586956301e-12 6.418915596e-12 6.068965784e-12 5.474069196e-12 5.120527456e-12 5.181112353e-12 5.806132052e-12 5.241022716e-12 6.068972976e-12 5.300241013e-12 5.752110829e-12 5.1811272e-12 5.120527647e-12 5.75211243e-12 5.120523572e-12 5.530795251e-12 5.91267169e-12 5.416747174e-12 5.586942389e-12 5.806113537e-12 5.530794674e-12 5.416733791e-12 5.806123666e-12 5.241009205e-12 5.300245898e-12 5.642541465e-12 5.859640302e-12 5.181122871e-12 5.120509733e-12 5.752110189e-12 5.181109603e-12 5.120520667e-12 5.416750393e-12 5.181117396e-12 5.300234996e-12 5.241028518e-12 6.170983119e-12 5.64254286e-12 5.416737658e-12 5.642526713e-12 5.75210329e-12 6.120194945e-12 5.35880306e-12 6.017327943e-12 5.530773706e-12 5.120516947e-12 5.474079717e-12 5.697584162e-12 5.91266987e-12 4.997104793e-12 5.241030645e-12 5.530798914e-12 5.181124183e-12 5.912648949e-12 5.416744469e-12 5.358810903e-12 5.181123412e-12 5.53079294e-12 4.997119783e-12 5.697578236e-12 5.416754266e-12 5.965214901e-12 5.530806819e-12 4.806059443e-12 6.120195021e-12 5.358816903e-12 5.752108362e-12 5.241008954e-12 5.586930756e-12 5.416742892e-12 5.859637813e-12 5.642546255e-12 5.358821769e-12 5.416744819e-12 5.697593856e-12 5.300233287e-12 5.41673808e-12 5.697588441e-12 6.068968661e-12 5.642532731e-12 6.068970552e-12 5.059171598e-12 5.474050817e-12 5.752109563e-12 5.300244073e-12 5.241022368e-12 5.181111257e-12 5.912686988e-12 6.017300669e-12 5.530790246e-12 6.17098211e-12 4.870581254e-12 5.120516864e-12 4.538856314e-12 5.18110648e-12 5.300243194e-12 5.806131606e-12 5.697583365e-12 5.53078231e-12 5.806111681e-12 5.240991871e-12 5.41673773e-12 5.120515093e-12 5.642548998e-12 4.870586873e-12 5.642549322e-12 5.697583381e-12 5.642539248e-12 4.87058739e-12 5.965224127e-12 4.934251452e-12 5.416736386e-12 6.221354392e-12 5.697581532e-12 5.806111437e-12 5.41674373e-12 5.586952822e-12 5.697600471e-12 4.538853757e-12 5.642527984e-12 5.30023861e-12 5.241017813e-12 5.120533751e-12 4.740687302e-12 5.240988922e-12 5.474072958e-12 5.300240939e-12 5.586919669e-12 5.530793783e-12 5.642543047e-12 5.586957823e-12 5.241013865e-12 5.18111032e-12 5.300245651e-12 5.416739276e-12 5.697590243e-12 5.642524379e-12 5.416748018e-12 6.170981479e-12 4.18088673e-12 5.241024164e-12 5.241024043e-12 5.642548189e-12 5.241018289e-12 5.474076405e-12 5.059185675e-12 5.91264871e-12 5.30025613e-12 5.241025983e-12 4.327627372e-12 5.806116323e-12 5.358801759e-12 5.530783315e-12 5.181095645e-12 5.474065104e-12 5.69756186e-12 5.586953745e-12 5.474057589e-12 5.474069008e-12 4.607109209e-12 4.740685159e-12 4.538840559e-12 5.3588047e-12 4.674354893e-12 5.181120986e-12 5.18110446e-12 4.740674209e-12 6.017301338e-12 4.46955744e-12 5.241020505e-12 5.752124001e-12 5.181114454e-12 5.181127367e-12 5.859620172e-12 5.586949142e-12 4.607106394e-12 5.241012583e-12 5.059192096e-12 5.416727524e-12 5.474076595e-12 4.87059399e-12 5.120527385e-12 4.870577534e-12 5.530793543e-12 4.674377985e-12 4.870583397e-12 5.642530202e-12 5.859644049e-12 4.806068763e-12 5.642549513e-12 5.059211589e-12 5.059180661e-12 4.934254256e-12 4.934255495e-12 5.586940238e-12 4.997107294e-12 4.607127521e-12 5.241019837e-12 4.607120927e-12 4.39916335e-12 5.120504693e-12 5.358813956e-12 5.416715355e-12 4.740668304e-12 5.241008253e-12 5.30024322e-12 5.586951233e-12 4.607101687e-12 4.607116626e-12 4.870592105e-12 5.530783049e-12 4.997121897e-12 4.934246176e-12 5.059195954e-12 4.105547501e-12 4.4695686e-12 4.806064953e-12 4.806082509e-12 4.469550498e-12 5.358817187e-12 3.78924487e-12 4.399178993e-12 4.607115065e-12 5.059188255e-12 4.327640266e-12 4.740672224e-12 4.934259613e-12 4.997125979e-12 5.120514664e-12 4.469561588e-12 4.674376574e-12 4.180888418e-12 4.870572405e-12 4.740661478e-12 4.538852054e-12 4.674361127e-12 4.105545354e-12 4.997124512e-12 5.059180215e-12 4.607114332e-12 4.538867109e-12 4.997121861e-12 5.241005169e-12 4.870571907e-12 4.399162241e-12 4.674384566e-12 5.358810893e-12 4.674371776e-12 4.806064542e-12 4.740684281e-12 4.934260494e-12 5.530785871e-12 4.997118854e-12 4.538850215e-12 5.059203384e-12 4.32762748e-12 4.105547239e-12 4.028800527e-12 4.469550178e-12 4.105542683e-12 3.950561686e-12 4.607106164e-12 3.95057698e-12 4.538851376e-12 4.740675544e-12 5.474073112e-12 4.254883386e-12 3.789249996e-12 3.789253647e-12 4.87058511e-12 4.105535529e-12 4.934254262e-12 3.950560463e-12 4.028804917e-12 4.105540118e-12 4.674385244e-12 4.105550656e-12 4.399159428e-12 4.327626294e-12 4.870578791e-12 4.740674161e-12 4.327640008e-12 4.469561617e-12 4.538864558e-12 3.870721748e-12 4.538847052e-12 4.740669347e-12 3.870725871e-12 4.254893425e-12 4.674378473e-12 3.950574394e-12 4.934253761e-12 4.399163996e-12 4.607106696e-12 
3.870745638e-12 4.806051968e-12 4.806067849e-12 4.327613738e-12 4.105548721e-12 3.7059532e-12 4.674367913e-12 3.870756801e-12 4.327634108e-12 3.789257917e-12 4.327649607e-12 4.254891559e-12 4.028815151e-12 4.607110211e-12 4.740675281e-12 4.028794371e-12 4.934263298e-12 4.538860263e-12 4.180887849e-12 4.028812361e-12 5.300228573e-12 5.059188535e-12 4.80607446e-12 4.997114617e-12 4.934250986e-12 4.254879798e-12 4.180886724e-12 4.399158105e-12 4.399169639e-12 4.105540501e-12 4.327624107e-12 4.538852378e-12 4.870576415e-12 4.399164203e-12 4.806071108e-12 4.607117626e-12 4.254882292e-12 5.181123885e-12 4.740651956e-12 4.399155061e-12 5.181112591e-12 4.870577117e-12 4.870592824e-12 4.740684267e-12 5.059213215e-12 4.674367493e-12 4.18088662e-12 4.607105461e-12 4.607106246e-12 4.327634566e-12 4.254878378e-12 4.997116494e-12 4.806054089e-12 4.469535729e-12 5.300246406e-12 5.181117972e-12 4.806085798e-12 5.300236902e-12 4.607120279e-12 4.740686386e-12 4.607121731e-12 4.538854447e-12 4.607116092e-12 4.254893174e-12 4.538849801e-12 4.399169326e-12 5.300240784e-12 4.806063839e-12 5.241030246e-12 4.997108856e-12 4.806073607e-12 4.997107028e-12 5.47405844e-12 5.059193585e-12 5.965221593e-12 5.059199914e-12 5.416731634e-12 5.358790736e-12 4.469545086e-12 5.059180271e-12 5.241029894e-12 5.474062383e-12 4.538861986e-12 5.41674978e-12 4.934252636e-12 4.870593713e-12 5.059209487e-12 5.300254178e-12 5.358812949e-12 4.674368082e-12 5.059188808e-12 4.399170953e-12 5.697583728e-12 4.934251696e-12 4.538843816e-12 4.806076285e-12 4.538853893e-12 5.120510418e-12 4.934258193e-12 5.181119152e-12 5.181106937e-12 4.80606801e-12 5.642522938e-12 5.241016766e-12 5.300235394e-12 5.358803412e-12 5.47406497e-12 4.806056203e-12 4.870590497e-12 4.674354639e-12 5.474047641e-12 5.18112881e-12 5.059190486e-12 5.586937513e-12 5.697577206e-12 4.934254447e-12 4.806071559e-12 5.241021664e-12 5.30023191e-12 5.05919296e-12 5.120522191e-12 4.870576495e-12 5.358810101e-12 5.642541458e-12 5.416749303e-12 5.586948698e-12 4.870577984e-12 4.997111802e-12 5.120520434e-12 5.358806362e-12 5.806124439e-12 5.416729186e-12 5.912665427e-12 5.300257363e-12 5.474063093e-12 5.416749289e-12 4.934237181e-12 4.740679111e-12 5.474060043e-12 4.740692696e-12 5.416747692e-12 5.9652138e-12 5.586933718e-12 4.934266329e-12 5.241023272e-12 5.300230359e-12 4.105546258e-12 4.806064441e-12 4.740672798e-12 6.120190228e-12 5.752121985e-12 5.806114821e-12 4.740687961e-12 5.586936513e-12 6.120186993e-12 5.474047506e-12 5.474065591e-12 5.859634322e-12 4.997122743e-12 5.80612078e-12 5.181107187e-12 5.300259488e-12 5.241015281e-12 5.474067644e-12 5.752121365e-12 5.358816803e-12 5.241015885e-12 4.934260658e-12 6.017328585e-12 5.53078126e-12 5.642544949e-12 4.870584864e-12 5.586946361e-12 5.059198036e-12 5.059194211e-12 5.752104955e-12 5.120522796e-12 5.859644861e-12 4.934256032e-12 5.358818103e-12 5.300242825e-12 5.416747561e-12 5.806111982e-12 5.059177456e-12 5.530792433e-12 5.181125433e-12 4.997117162e-12 5.859632665e-12 6.017331617e-12 5.300238751e-12 6.271344572e-12 5.965220163e-12 5.358802579e-12 5.965214705e-12 5.697598205e-12 5.300236227e-12 5.697604351e-12 5.642533322e-12 5.358810712e-12 5.806134781e-12 5.69758601e-12 5.697575997e-12 6.120190115e-12 5.241013628e-12 4.99711547e-12 5.697585862e-12 5.912669859e-12 5.697582595e-12 6.170986096e-12 5.642541797e-12 5.358809217e-12 5.474055018e-12 5.181110902e-12 5.9126529e-12 5.752124308e-12 5.120511329e-12 5.642538535e-12 6.120202935e-12 6.017319485e-12 5.059178968e-12 5.358819849e-12 5.752102855e-12 5.358817306e-12 6.06898917e-12 5.24100584e-12 5.358823095e-12 5.120507259e-12 5.912662278e-12 5.912671422e-12 5.120514421e-12 5.859635692e-12 5.300236693e-12 5.416738513e-12 5.41673087e-12 5.059194789e-12 5.965239609e-12 5.241019166e-12 5.416751934e-12 5.416736599e-12 5.697597407e-12 5.69757658e-12 6.271325961e-12 6.320904288e-12 5.642537145e-12 5.474067537e-12 6.170981164e-12 5.642533069e-12 5.241017729e-12 5.416728661e-12 4.99711162e-12 5.697586565e-12 4.674374242e-12 4.469551058e-12 5.416730241e-12 5.120511393e-12 4.997124053e-12 5.181114503e-12 5.697570821e-12 5.241019339e-12 5.586930539e-12 5.530790961e-12 4.870583454e-12 5.530795581e-12 4.997121774e-12 6.320904417e-12 5.586931257e-12 5.6425441e-12 4.934253289e-12 5.80611988e-12 5.241013536e-12 4.870586571e-12 4.870584132e-12 4.870573192e-12 4.806075689e-12 4.806066857e-12 5.806111893e-12 5.416736912e-12 5.965230448e-12 5.416749171e-12 4.870579607e-12 5.965229236e-12 5.474077213e-12 5.416742444e-12 5.965222796e-12 5.697591952e-12 5.697572108e-12 5.416743951e-12 5.642533805e-12 5.752119376e-12 5.530791591e-12 5.586934493e-12 5.300238738e-12 5.059189988e-12 5.965225964e-12 5.69760143e-12 5.752111259e-12 5.416753688e-12 4.60711748e-12 5.474072412e-12 5.181115371e-12 4.93424812e-12 4.538862689e-12 5.18110908e-12 5.181115863e-12 5.965226819e-12 5.806115731e-12 5.965221061e-12 5.300224711e-12 6.017305872e-12 5.752092027e-12 4.997118501e-12 5.859623783e-12 6.068974582e-12 5.120525505e-12 5.586949751e-12 5.586944095e-12 6.12019802e-12 5.300236212e-12 5.120525621e-12 5.120517346e-12 5.859630746e-12 4.806079139e-12 5.586933102e-12 5.530799348e-12 5.120538863e-12 5.300238229e-12 5.241023457e-12 5.69757894e-12 5.474057701e-12 4.997114153e-12 4.934234857e-12 5.752111819e-12 5.241012386e-12 5.806108714e-12 5.530791351e-12 5.586936828e-12 5.300224586e-12 5.697582934e-12 4.806074409e-12 5.530805544e-12 5.912660736e-12 5.474064931e-12 4.997108263e-12 5.059193086e-12 5.912663615e-12 5.586925611e-12 5.300236861e-12 5.358808285e-12 5.752110145e-12 4.870585195e-12 5.059151889e-12 5.059212806e-12 5.120516953e-12 4.997120374e-12 4.806084398e-12 5.586934389e-12 5.416730849e-12 5.642554087e-12 4.607129282e-12 4.674377206e-12 5.358819285e-12 4.870578968e-12 4.607104598e-12 5.752103133e-12 6.017341937e-12 5.300229821e-12 4.87058752e-12 5.64252249e-12 5.859633417e-12 5.859629229e-12 5.358807104e-12 4.806066019e-12 4.740681725e-12 5.530787243e-12 4.934255592e-12 5.416745581e-12 5.300253903e-12 4.870588798e-12 5.474066849e-12 5.059196418e-12 6.120186831e-12 5.474073399e-12 5.642516997e-12 5.181129449e-12 5.586946239e-12 5.474068968e-12 5.241002351e-12 4.934254885e-12 5.181111442e-12 5.6975754e-12 4.934240473e-12 4.870596459e-12 4.806063811e-12 5.53080046e-12 4.934256882e-12 5.300235622e-12 4.997113088e-12 4.934251186e-12 5.059200445e-12 4.469546833e-12 4.674375102e-12 4.806075481e-12 4.327611986e-12 5.474045906e-12 5.358812051e-12 5.181118611e-12 4.997131042e-12 5.181115082e-12 4.870575048e-12 5.358811578e-12 5.300221012e-12 5.2410283e-12 5.859637917e-12 5.181129283e-12 4.254866045e-12 4.254868307e-12 4.469560597e-12 5.181118322e-12 4.934249199e-12 5.300235021e-12 5.241027983e-12 4.254902225e-12 4.806053131e-12 5.416737276e-12 4.934262341e-12 5.358817336e-12 4.538830826e-12 4.607098699e-12 4.870594815e-12 4.934243239e-12 5.059183359e-12 4.607117618e-12 4.806070297e-12 5.120512517e-12 3.870751703e-12 4.327621408e-12 5.474066604e-12 4.469558142e-12 4.674369544e-12 5.059187834e-12 5.059206454e-12 4.399158002e-12 4.87059032e-12 5.120522803e-12 4.7406735e-12 5.120522938e-12 5.300236893e-12 4.740671088e-12 4.997130774e-12 4.469566828e-12 5.358806409e-12 4.934263945e-12 4.607101333e-12 4.180882362e-12 4.469550007e-12 5.181118895e-12 4.870581757e-12 4.806076284e-12 4.674351505e-12 4.740686231e-12 4.32763335e-12 4.39915448e-12 4.399156e-12 4.327640892e-12 4.934251955e-12 4.469538805e-12 4.254902645e-12 4.674362866e-12 4.028814445e-12 4.80606773e-12 4.105534229e-12 4.254892762e-12 5.241024156e-12 4.674378026e-12 4.674374364e-12 4.740677463e-12 4.254899007e-12 4.254879069e-12 4.105552958e-12 4.399167047e-12 4.806057872e-12 4.254877047e-12 4.028816963e-12 4.538855407e-12 4.180880391e-12 4.806073735e-12 4.740679506e-12 4.469547934e-12 4.870581257e-12 5.358807642e-12 3.444016436e-12 3.533494676e-12 4.180906363e-12 4.469547671e-12 4.469547137e-12 4.607116277e-12 3.620751002e-12 3.705953096e-12 4.46955656e-12 3.789241186e-12 4.46955837e-12 
4.028812969e-12 4.028797427e-12 4.997121029e-12 5.241007306e-12 5.059195863e-12 4.399154535e-12 5.241008832e-12 3.705967557e-12 4.674364667e-12 4.399158075e-12 3.257731936e-12 4.469551946e-12 4.180876865e-12 3.870744977e-12 4.327623741e-12 4.934265475e-12 4.180881586e-12 3.950574488e-12 4.806064098e-12 3.705963364e-12 4.607116876e-12 4.607099157e-12 5.358787909e-12 4.469544697e-12 4.254884271e-12 4.806071596e-12 4.934262035e-12 3.870746866e-12 4.934253803e-12 4.469566238e-12 4.806055514e-12 4.469546831e-12 4.740678534e-12 4.934255309e-12 4.870593126e-12 4.607110476e-12 4.028798521e-12 4.180880093e-12 4.934248672e-12 4.740676087e-12 4.870574542e-12 3.950566008e-12 4.740695726e-12 4.93426495e-12 4.469559921e-12 4.806073324e-12 5.300243459e-12 4.740676803e-12 4.180878586e-12 4.997111924e-12 4.180878294e-12 5.059174121e-12 4.674378284e-12 4.934264613e-12 5.120526788e-12 4.934247976e-12 4.806069721e-12 4.674364182e-12 4.674368734e-12 5.059174505e-12 5.35880939e-12 5.059194076e-12 5.416749419e-12 4.997116102e-12 4.538852302e-12 4.607112351e-12 3.950571337e-12 5.358807908e-12 5.642551006e-12 5.120505959e-12 4.806074628e-12 4.870599881e-12 4.674379788e-12 4.607123166e-12 5.474070452e-12 4.806063009e-12 4.870573988e-12 4.99710963e-12 5.181112202e-12 4.997112627e-12 5.697572924e-12 4.806076634e-12 5.642532005e-12 4.9342561e-12 5.12050756e-12 5.530791785e-12 4.934250907e-12 4.399164119e-12 5.241011157e-12 4.254901143e-12 4.870587578e-12 5.241020215e-12 5.416743784e-12 5.120520842e-12 5.474080498e-12 5.241026159e-12 4.93424974e-12 5.24101331e-12 4.538853628e-12 5.416730976e-12 5.474070128e-12 5.41674155e-12 5.241022937e-12 4.740666415e-12 5.806112569e-12 5.642533372e-12 5.912639218e-12 5.530794878e-12 4.740664375e-12 5.474063351e-12 4.870578086e-12 4.254892717e-12 4.997109047e-12 6.170981972e-12 5.358806148e-12 5.059198054e-12 4.674371529e-12 5.697585906e-12 5.300241004e-12 5.120525447e-12 5.241007474e-12 5.530790121e-12 4.806069927e-12 5.530772103e-12 4.607116546e-12 5.806116958e-12 5.181111673e-12 5.181102025e-12 5.120510244e-12 4.674371152e-12 4.870591518e-12 5.474059268e-12 4.934265766e-12 6.120186442e-12 5.752101579e-12 5.912652875e-12 5.358796109e-12 4.997112553e-12 5.181115822e-12 4.740681538e-12 5.241010962e-12 5.120495372e-12 5.300239702e-12 5.752101047e-12 5.300219445e-12 5.85963779e-12 5.300235827e-12 5.416749903e-12 5.530792135e-12 5.806125657e-12 5.241029101e-12 5.241012842e-12 4.674374563e-12 5.752103334e-12 5.241019038e-12 5.241027912e-12 5.965211792e-12 5.241037247e-12 4.806059571e-12 5.358799802e-12 5.358801892e-12 5.240997735e-12 5.358812692e-12 5.241018324e-12 5.120515515e-12 4.934263878e-12 5.697596126e-12 5.806128995e-12 5.586943311e-12 5.806120892e-12 5.120505114e-12 5.416748766e-12 5.416747396e-12 5.474059999e-12 5.358815497e-12 5.416744747e-12 5.474061925e-12 5.859630666e-12 5.300238169e-12 5.416735171e-12 5.586936044e-12 5.474053975e-12 5.912656996e-12 5.059205009e-12 5.859631753e-12 6.467356141e-12 4.740670118e-12 5.697562375e-12 5.474055902e-12 5.120515418e-12 5.059185756e-12 5.241019821e-12 5.530789249e-12 5.859645211e-12 6.017329953e-12 5.241019159e-12 5.059183341e-12 5.586949004e-12 5.181116839e-12 6.271328245e-12 4.934246424e-12 4.806068194e-12 6.017302621e-12 6.017337688e-12 6.657617027e-12 6.017322773e-12 4.934242369e-12 5.64253633e-12 6.515429259e-12 6.120191558e-12 5.530787262e-12 5.859647363e-12 5.752133148e-12 4.997118398e-12 5.586948342e-12 5.181118225e-12 5.859624321e-12 4.53885049e-12 5.18112845e-12 4.93426172e-12 5.752113336e-12 5.642540064e-12 5.358817114e-12 5.859634241e-12 6.017314509e-12 5.642523955e-12 5.241008425e-12 5.859625582e-12 6.120192577e-12 5.697588102e-12 5.530797168e-12 5.586945194e-12 5.752117706e-12 5.120519609e-12 5.300239357e-12 5.530787112e-12 5.474044306e-12 5.586945498e-12 6.120185362e-12 4.934261329e-12 5.697590654e-12 5.181112577e-12 5.642536369e-12 5.300247404e-12 5.18112478e-12 5.697585062e-12 5.697583252e-12 5.642546562e-12 5.241019501e-12 5.416742966e-12 5.530796991e-12 5.474048948e-12 4.806067477e-12 5.300246202e-12 5.120518146e-12 5.530786398e-12 5.586926113e-12 5.859639007e-12 5.586946657e-12 5.059194976e-12 5.300227836e-12 5.241009159e-12 5.586951204e-12 5.530789712e-12 5.181107254e-12 5.300238215e-12 6.017335819e-12 6.120190209e-12 5.697593103e-12 5.586950041e-12 5.474057146e-12 5.120518747e-12 5.7521052e-12 5.120520286e-12 5.806132326e-12 6.017311902e-12 5.530794619e-12 5.241017279e-12 6.657613795e-12 5.41673877e-12 5.358792691e-12 5.474079356e-12 5.059207406e-12 5.241018056e-12 6.06896721e-12 6.017327569e-12 5.586946158e-12 5.642540583e-12 5.912663381e-12 4.806060718e-12 6.120173272e-12 5.416740453e-12 6.37006731e-12 5.586937332e-12 5.416737767e-12 5.358800238e-12 5.181133506e-12 5.806113217e-12 5.697589898e-12 5.80612502e-12 5.752113236e-12 5.697591825e-12 5.474065212e-12 6.221366063e-12 5.059201102e-12 5.58693248e-12 5.697588494e-12 5.697569723e-12 4.740680972e-12 4.538852674e-12 5.586941954e-12 4.806076153e-12 4.806075621e-12 5.358811709e-12 5.059174886e-12 5.586946216e-12 4.806060658e-12 5.530787605e-12 5.752107678e-12 4.870596707e-12 4.674368927e-12 4.997123292e-12 5.586961512e-12 5.47407572e-12 5.642527429e-12 5.300238738e-12 5.642543282e-12 5.416752146e-12 5.474063373e-12 5.416743786e-12 5.474059419e-12 5.697584528e-12 5.586944726e-12 5.752125064e-12 5.120531342e-12 5.697588372e-12 6.120209503e-12 5.586943181e-12 5.416743841e-12 5.300232e-12 6.017322247e-12 5.120520699e-12 4.997121365e-12 4.740684945e-12 5.059184577e-12 5.586951374e-12 5.24101356e-12 4.740680877e-12 5.530789552e-12 5.859639429e-12 5.474060914e-12 5.530804024e-12 5.80612594e-12 5.059187618e-12 4.740688973e-12 6.467355735e-12 5.12051208e-12 5.416746029e-12 4.674386618e-12 5.300241364e-12 5.642532258e-12 5.75211928e-12 5.752101269e-12 4.934243569e-12 5.059200313e-12 5.300239991e-12 5.120515643e-12 4.934244372e-12 5.586963737e-12 5.642544583e-12 5.120523218e-12 4.934257217e-12 5.586933333e-12 5.530783651e-12 4.870575778e-12 4.934257239e-12 5.474075532e-12 5.806115572e-12 5.181128094e-12 5.416727757e-12 5.474057706e-12 4.327632364e-12 5.530798409e-12 4.740676722e-12 5.300231935e-12 4.806074024e-12 4.870579017e-12 5.241012341e-12 5.241015646e-12 4.870585854e-12 5.30023935e-12 5.120530409e-12 5.300241481e-12 5.358808777e-12 5.586948868e-12 4.607116673e-12 5.859628023e-12 4.934256677e-12 5.181107676e-12 5.752102698e-12 5.181120553e-12 4.399163825e-12 5.586937029e-12 4.028795079e-12 5.18110931e-12 4.674383595e-12 4.997125197e-12 5.241022389e-12 4.740676803e-12 5.806110152e-12 5.358814651e-12 4.105537315e-12 4.806061221e-12 5.059178502e-12 5.120524293e-12 5.241026606e-12 4.870583543e-12 4.934268966e-12 4.870591838e-12 5.474064015e-12 5.642554263e-12 4.934255253e-12 4.870569198e-12 5.120512316e-12 5.241018702e-12 4.607106731e-12 4.254879531e-12 4.028805777e-12 4.399159072e-12 5.120504923e-12 4.870590696e-12 4.60712125e-12 4.934248455e-12 4.740678628e-12 4.32763025e-12 5.300228852e-12 4.99710664e-12 4.934259714e-12 4.3991698e-12 4.674364177e-12 5.059194388e-12 5.059219842e-12 4.997122113e-12 4.538856631e-12 5.059204801e-12 4.870563323e-12 4.469557485e-12 3.870752888e-12 4.60711577e-12 4.740681333e-12 5.300237643e-12 4.740678205e-12 4.740679537e-12 4.607109379e-12 4.674373699e-12 4.997126383e-12 4.607122271e-12 5.358805177e-12 5.300248419e-12 4.538857518e-12 4.028816164e-12 5.240999304e-12 4.399167167e-12 5.358811956e-12 4.399159276e-12 4.607104749e-12 5.059188135e-12 4.469559955e-12 4.327636237e-12 4.538856245e-12 4.74067602e-12 4.740669758e-12 5.120528073e-12 5.300242269e-12 4.105541534e-12 4.60710663e-12 5.241016791e-12 4.870578382e-12 4.327634068e-12 4.74068479e-12 5.120530927e-12 4.607097545e-12 4.674367023e-12 4.538849476e-12 4.740676899e-12 4.740692928e-12 4.327617751e-12 4.469567836e-12 4.469556746e-12 4.538858745e-12 4.327629625e-12 5.181108988e-12 4.105543339e-12 3.950568026e-12 4.0288078e-12 3.870747837e-12 4.469554224e-12 4.180889948e-12 4.399156299e-12 4.997116118e-12 4.32762593e-12 
4.254888282e-12 4.870580317e-12 5.120510812e-12 4.028803179e-12 4.934247877e-12 4.538854587e-12 4.607106477e-12 4.806066292e-12 3.950558843e-12 4.538837582e-12 4.806057671e-12 4.028792739e-12 4.399144274e-12 3.950567407e-12 4.028796172e-12 4.674382708e-12 4.740668435e-12 5.241015489e-12 4.180879743e-12 4.399149524e-12 4.99710269e-12 4.674365656e-12 4.028791526e-12 5.059199017e-12 4.806065008e-12 5.241005365e-12 4.538853423e-12 4.538852831e-12 4.469559076e-12 4.740677254e-12 5.697591457e-12 3.705951204e-12 5.059201143e-12 5.120524009e-12 4.674390594e-12 4.399159489e-12 5.059171517e-12 5.474052719e-12 5.181122338e-12 4.997126154e-12 4.538840325e-12 4.180878294e-12 4.538852624e-12 5.181107959e-12 4.399171488e-12 4.607107203e-12 4.327619479e-12 5.416755812e-12 4.870576606e-12 4.674379437e-12 5.120512453e-12 4.997116491e-12 4.934264326e-12 4.740689867e-12 5.059191168e-12 5.358815534e-12 4.997105173e-12 4.607126042e-12 5.241006078e-12 4.399164059e-12 5.358813521e-12 4.538839234e-12 4.538862803e-12 5.530796191e-12 4.934256796e-12 4.469557062e-12 5.416747881e-12 5.300236172e-12 5.059192155e-12 4.254881152e-12 4.870590993e-12 4.870576548e-12 5.416733238e-12 5.474061243e-12 5.358802084e-12 4.870594781e-12 4.254893722e-12 4.674363405e-12 4.607110855e-12 5.358813436e-12 4.469539518e-12 4.997117103e-12 4.399161334e-12 4.806054307e-12 5.181108118e-12 5.358813092e-12 5.586938396e-12 5.530790406e-12 5.474061765e-12 5.530802983e-12 5.642542938e-12 5.806133776e-12 5.120513986e-12 5.181110691e-12 5.697570802e-12 5.241019415e-12 4.934263226e-12 3.950552509e-12 5.416748325e-12 5.586934837e-12 4.934249096e-12 5.181117803e-12 5.530784262e-12 5.416734539e-12 5.58695292e-12 5.642532612e-12 4.934243602e-12 5.806126089e-12 4.806066161e-12 5.120528156e-12 5.530799157e-12 5.697590778e-12 4.870581129e-12 5.416759821e-12 4.806076885e-12 5.530794088e-12 5.642537791e-12 5.059193482e-12 5.474060163e-12 5.300240764e-12 5.416751612e-12 5.416724753e-12 6.017316272e-12 5.358805274e-12 5.912658192e-12 5.241008799e-12 5.697584373e-12 5.300223551e-12 5.358799993e-12 5.059202666e-12 4.469553924e-12 6.170970592e-12 5.120515141e-12 5.91265628e-12 5.530790233e-12 5.241025101e-12 5.912658745e-12 5.181128475e-12 5.474064166e-12 5.120521604e-12 4.934240459e-12 5.241002944e-12 6.017318103e-12 6.068965802e-12 5.358813941e-12 4.997106561e-12 5.181124657e-12 5.752107739e-12 4.469541299e-12 6.017326566e-12 5.120531075e-12 5.416749641e-12 5.358804473e-12 5.642533743e-12 5.241020024e-12 4.674355079e-12 5.300239452e-12 5.240983863e-12 5.586947137e-12 5.241026803e-12 6.01731805e-12 5.912675607e-12 6.017335124e-12 5.642549865e-12 4.674376976e-12 6.06896037e-12 5.358818143e-12 5.241021538e-12 5.416749089e-12 5.35880766e-12 5.752106803e-12 5.120534962e-12 6.068983144e-12 6.017325708e-12 5.300235136e-12 5.300234451e-12 5.300242861e-12 5.752117508e-12 5.358795388e-12 6.320908995e-12 5.697602655e-12 4.997134131e-12 4.870586166e-12 5.697581157e-12 5.474058836e-12 5.358817653e-12 5.8061035e-12 4.997102651e-12 6.120195198e-12 6.120197088e-12 6.017318947e-12 6.017320811e-12 5.912644614e-12 5.912655168e-12 6.068964612e-12 5.642542514e-12 5.697598501e-12 4.806062037e-12 5.586945447e-12 4.740674054e-12 5.241013862e-12 5.358821117e-12 5.965227182e-12 6.27132766e-12 5.120515979e-12 5.752120495e-12 5.416734753e-12 5.30024004e-12 5.300236461e-12 5.697590864e-12 5.965218215e-12 5.586951561e-12 6.221354761e-12 5.358806739e-12 5.58694516e-12 5.912667073e-12 6.221387297e-12 6.515431267e-12 5.120521533e-12 5.474060794e-12 5.697584166e-12 5.181116897e-12 6.467360635e-12 5.300237452e-12 6.017323703e-12 5.58693509e-12 5.642519429e-12 5.642519475e-12 5.752107934e-12 5.859642674e-12 5.697594001e-12 5.059188401e-12 4.997115233e-12 5.530811183e-12 5.912660763e-12 5.85963758e-12 5.181119582e-12 5.965222789e-12 6.271330119e-12 6.068966415e-12 5.697592774e-12 5.530790162e-12 5.358797366e-12 5.586961394e-12 5.300237996e-12 5.47406845e-12 5.912672297e-12 6.320900132e-12 4.806071601e-12 5.120509905e-12 5.912667371e-12 5.474067343e-12 6.320896673e-12 6.221354354e-12 5.912665487e-12 5.64253492e-12 4.538846526e-12 6.068977338e-12 5.53077903e-12 4.934264719e-12 5.642556073e-12 5.965228269e-12 5.752100311e-12 5.300228605e-12 5.300245263e-12 6.704327252e-12 4.740681525e-12 5.47406704e-12 5.474079564e-12 5.241012183e-12 5.806113871e-12 5.912661486e-12 5.530788868e-12 5.912660935e-12 5.806112016e-12 5.697593647e-12 5.47407695e-12 6.017325046e-12 5.642540627e-12 5.059192459e-12 5.300234348e-12 5.642528289e-12 5.120517802e-12 5.859628404e-12 5.12052988e-12 6.221364836e-12 5.752126542e-12 6.017309432e-12 5.530763781e-12 5.358809324e-12 5.912667662e-12 5.64253659e-12 5.752104264e-12 5.358800857e-12 5.3588039e-12 5.586949547e-12 5.181105726e-12 5.69759406e-12 4.6071168e-12 6.221354606e-12 6.017319515e-12 5.912669603e-12 5.181135001e-12 6.120172629e-12 5.586935415e-12 5.530788019e-12 5.697583875e-12 5.474054193e-12 5.586948219e-12 5.586946644e-12 4.806068217e-12 5.181111387e-12 5.752104852e-12 5.35881449e-12 5.586945931e-12 5.96521045e-12 6.418916981e-12 5.806117321e-12 5.859640534e-12 5.806106475e-12 5.530813237e-12 5.752097739e-12 5.120518863e-12 6.068969852e-12 5.416745986e-12 5.859632142e-12 5.059182817e-12 5.059169804e-12 5.241013136e-12 5.059173275e-12 5.059196552e-12 5.912656589e-12 5.18111051e-12 5.912685899e-12 5.358810151e-12 6.370102041e-12 5.059187339e-12 5.752104825e-12 5.241014563e-12 5.965215386e-12 5.358807372e-12 5.586939606e-12 5.912654376e-12 5.752107514e-12 5.474046802e-12 5.530806061e-12 5.241015748e-12 4.607114933e-12 5.752106868e-12 5.300243925e-12 5.120523222e-12 5.965225545e-12 5.120509889e-12 5.120502811e-12 5.358801602e-12 5.474064299e-12 5.965217693e-12 5.18113077e-12 5.586940938e-12 5.697594783e-12 4.607117238e-12 5.642542483e-12 5.642523758e-12 5.416746829e-12 5.859626629e-12 5.752099915e-12 5.416743894e-12 5.586944095e-12 4.997114781e-12 4.997121987e-12 5.642554105e-12 4.997124615e-12 5.416744182e-12 5.64253255e-12 5.120526402e-12 5.358801686e-12 5.69757644e-12 5.47407498e-12 5.697584622e-12 4.806089575e-12 4.870589457e-12 5.358808283e-12 5.530795242e-12 4.806072634e-12 5.53078631e-12 5.300252084e-12 5.059201047e-12 5.120520143e-12 5.241010834e-12 5.300234478e-12 5.64252863e-12 5.120521523e-12 4.870574889e-12 5.241018536e-12 5.474060376e-12 4.870583494e-12 4.25487603e-12 4.997102587e-12 4.740675949e-12 5.181124291e-12 5.586940227e-12 5.241027155e-12 5.181110786e-12 4.934263007e-12 5.300246142e-12 5.300236684e-12 5.474065293e-12 5.806105981e-12 4.469558852e-12 5.181130116e-12 5.474042845e-12 4.997107636e-12 5.752117725e-12 5.474067382e-12 5.05920194e-12 4.870573435e-12 5.474082478e-12 5.300242688e-12 4.997100587e-12 5.358802946e-12 4.997106556e-12 4.740669201e-12 5.059184767e-12 5.241010849e-12 5.358796747e-12 4.870592297e-12 4.674371118e-12 5.358805719e-12 4.997117774e-12 5.24103514e-12 5.120521182e-12 4.180887211e-12 4.80606499e-12 4.105542829e-12 4.997103744e-12 4.399161744e-12 5.181117974e-12 5.059187871e-12 4.870577802e-12 4.80606387e-12 5.642544265e-12 4.538855453e-12 4.997095918e-12 5.181112556e-12 4.740677883e-12 4.806059666e-12 5.059195396e-12 5.474061642e-12 4.469553826e-12 4.674373391e-12 4.997113134e-12 4.9971162e-12 3.870762076e-12 4.934250951e-12 5.358804911e-12 4.327630498e-12 5.240999937e-12 4.538851173e-12 4.674385902e-12 4.740661094e-12 4.934252929e-12 5.358799818e-12 4.254907997e-12 4.806081703e-12 5.300232544e-12 4.997103662e-12 4.538851736e-12 4.254877941e-12 4.180888153e-12 4.399164469e-12 4.327618545e-12 4.740665146e-12 4.870576605e-12 3.620759425e-12 4.02879971e-12 4.254894537e-12 4.53885404e-12 5.120533788e-12 4.740661763e-12 4.254895819e-12 5.300235381e-12 4.740668781e-12 4.806080172e-12 4.870581499e-12 4.740683079e-12 3.870735613e-12 4.105552911e-12 4.93424961e-12 4.399165804e-12 4.028800498e-12 4.538852101e-12 4.538864076e-12 4.740681221e-12 4.028801284e-12 4.469560034e-12 4.60711738e-12 4.870571834e-12 4.028802837e-12 4.254893175e-12 4.997121537e-12 4.327618177e-12 
4.674381558e-12 4.607113975e-12 4.740691983e-12 3.870754167e-12 4.028810728e-12 4.674373877e-12 4.538856284e-12 4.028816028e-12 4.740682864e-12 5.059190276e-12 5.120523844e-12 4.180876164e-12 4.740681585e-12 5.120521394e-12 4.327621159e-12 4.180882011e-12 4.870597801e-12 4.469560723e-12 4.80607172e-12 5.059187477e-12 4.740677644e-12 4.934244478e-12 4.607110839e-12 5.358792848e-12 4.80608324e-12 4.740681211e-12 5.358807214e-12 4.538848688e-12 4.399159287e-12 4.607108105e-12 5.059200089e-12 4.934248677e-12 5.181104766e-12 4.806046078e-12 4.997110997e-12 4.87058834e-12 4.934238492e-12 4.674373513e-12 4.60711825e-12 4.538859238e-12 5.24101459e-12 4.327614271e-12 4.997124838e-12 4.607110854e-12 4.254893358e-12 4.934238613e-12 5.241024436e-12 5.1205204e-12 4.674373854e-12 5.120524618e-12 5.181112808e-12 5.181125434e-12 4.674374738e-12 4.399169154e-12 4.806059883e-12 4.674372773e-12 4.806057397e-12 4.674365669e-12 4.997100862e-12 5.059192363e-12 4.028789368e-12 4.870598837e-12 5.416731865e-12 5.300232184e-12 5.059194113e-12 4.870589307e-12 5.1205071e-12 5.859623958e-12 5.059176035e-12 4.934264234e-12 5.358800924e-12 5.059173501e-12 5.530792552e-12 5.697582403e-12 4.870589647e-12 4.806054638e-12 5.806120842e-12 5.752120273e-12 5.181119709e-12 5.806108427e-12 4.870583162e-12 5.358803878e-12 5.059174084e-12 5.752105125e-12 5.181119019e-12 5.059197576e-12 5.358782879e-12 4.934252286e-12 5.120505507e-12 5.697588863e-12 5.586953668e-12 5.41675649e-12 5.416742659e-12 4.870596862e-12 5.241022395e-12 4.870577908e-12 4.674359714e-12 5.530788941e-12 5.697597736e-12 4.806071656e-12 5.181127613e-12 5.586949566e-12 5.358798979e-12 5.05919061e-12 5.586949759e-12 5.965213867e-12 5.300242172e-12 4.870595234e-12 5.642544698e-12 5.181112736e-12 5.53078427e-12 6.370104618e-12 5.358807357e-12 5.241017545e-12 5.474053033e-12 5.697582774e-12 5.586939456e-12 5.41673443e-12 5.181114503e-12 5.300225111e-12 5.416750615e-12 5.240999518e-12 5.181116685e-12 4.997119763e-12 5.530788837e-12 5.300241757e-12 5.586943202e-12 5.752112044e-12 6.017318162e-12 5.241025637e-12 5.96521335e-12 5.300231584e-12 5.965227937e-12 5.241033465e-12 5.806138669e-12 5.300245695e-12 5.120531064e-12 5.859639835e-12 4.674369438e-12 5.241030784e-12 5.586915889e-12 4.997117974e-12 4.806061688e-12 5.586941973e-12 5.300235117e-12 5.300253029e-12 5.24103813e-12 5.530798895e-12 5.806130602e-12 5.642525365e-12 5.416726977e-12 6.221347472e-12 5.91264019e-12 5.697576037e-12 5.697592136e-12 5.358800822e-12 5.859633631e-12 6.467346103e-12 6.320906514e-12 5.752105945e-12 4.674380175e-12 5.80610889e-12 6.170986264e-12 6.370089804e-12 5.642542889e-12 5.586947237e-12 5.806119167e-12 5.474079294e-12 5.181122849e-12 5.300217047e-12 4.997109908e-12 6.271330692e-12 6.068960895e-12 6.01731939e-12 5.912667483e-12 5.181107272e-12 5.120516924e-12 6.170982694e-12 5.416742774e-12 5.530798736e-12 4.806077814e-12 5.806121205e-12 5.965204261e-12 5.530793184e-12 5.912678908e-12 6.32091765e-12 5.530796417e-12 5.965225907e-12 5.181099721e-12 6.704327592e-12 5.416748613e-12 5.965221784e-12 5.474052683e-12 5.241037009e-12 5.120499695e-12 6.370099029e-12 5.300227846e-12 6.170972649e-12 5.697571173e-12 5.697569947e-12 5.300246568e-12 5.241018686e-12 5.64251238e-12 5.697576831e-12 5.806126064e-12 5.416741631e-12 6.271322229e-12 5.53078329e-12 5.416753054e-12 5.806102151e-12 4.997108571e-12 5.41674095e-12 6.06897841e-12 5.181119165e-12 5.586934393e-12 6.120180829e-12 6.320898064e-12 5.96521595e-12 5.697595933e-12 5.912660532e-12 6.068988577e-12 5.752124455e-12 6.120164069e-12 6.467347663e-12 6.170978153e-12 6.120179433e-12 6.418912757e-12 5.358795787e-12 6.221344998e-12 5.859631095e-12 5.642527182e-12 5.752123644e-12 6.320885267e-12 5.474051981e-12 5.642548074e-12 5.912664735e-12 6.068966783e-12 5.75209405e-12 5.859616031e-12 5.358819545e-12 6.120182171e-12 6.120181152e-12 5.642528195e-12 5.859623412e-12 6.17097476e-12 5.18111541e-12 6.657619111e-12 6.370099185e-12 6.370100164e-12 5.859627946e-12 6.17097568e-12 5.53078307e-12 5.806139973e-12 6.017326868e-12 5.752121427e-12 6.017318441e-12 6.120188745e-12 6.017320192e-12 6.221355196e-12 5.912662802e-12 5.530800963e-12 5.806128643e-12 5.859649377e-12 6.563184136e-12 6.017329775e-12 5.859652785e-12 5.181108804e-12 6.06898415e-12 5.752102311e-12 5.912664143e-12 5.965229569e-12 5.912662296e-12 6.170983144e-12 6.221356824e-12 5.586932551e-12 5.75211936e-12 6.017305651e-12 5.474060292e-12 6.170979468e-12 5.806107868e-12 6.657611196e-12 5.912648943e-12 5.965228478e-12 6.170986559e-12 5.752114181e-12 5.300243306e-12 5.642530649e-12 5.241036137e-12 6.170988806e-12 5.697574887e-12 5.965221902e-12 5.752101537e-12 6.170966751e-12 5.358815951e-12 5.358803494e-12 6.017315475e-12 5.912656067e-12 5.697595628e-12 6.418909417e-12 5.859644711e-12 5.416741938e-12 5.912665747e-12 5.965218884e-12 5.80611955e-12 5.75210539e-12 5.642529802e-12 5.474061247e-12 6.170987878e-12 5.474064486e-12 6.120201783e-12 5.752092714e-12 5.752108542e-12 5.69759346e-12 5.752106191e-12 5.642541255e-12 6.888034133e-12 5.752108e-12 5.859638535e-12 5.300226305e-12 5.181119122e-12 5.859621874e-12 5.806130213e-12 4.806069766e-12 5.416747931e-12 5.530783207e-12 5.530802931e-12 6.418905441e-12 5.6975866e-12 5.965209498e-12 5.806117961e-12 6.120187944e-12 5.806120018e-12 6.170986416e-12 5.416758655e-12 5.41675096e-12 4.934259442e-12 5.912657208e-12 5.474058728e-12 5.752111712e-12 5.530786854e-12 5.300250285e-12 6.120182815e-12 5.912664681e-12 5.416745841e-12 5.752094421e-12 5.181117934e-12 6.01731754e-12 5.965211396e-12 5.300237624e-12 5.697583165e-12 5.18110358e-12 5.530792857e-12 5.530788933e-12 5.4740649e-12 5.85962911e-12 4.399171004e-12 6.12020969e-12 5.859633151e-12 5.120531586e-12 5.586920924e-12 5.5307843e-12 5.059188562e-12 6.017321923e-12 5.697597283e-12 6.170977246e-12 5.300230771e-12 5.586941387e-12 4.870587062e-12 5.241021235e-12 5.530802836e-12 4.870586141e-12 5.41674456e-12 5.416748482e-12 5.358813652e-12 5.474064712e-12 5.530786403e-12 5.416748391e-12 5.059185865e-12 5.358805697e-12 5.059193614e-12 5.697572261e-12 5.181109519e-12 4.674358795e-12 5.586939568e-12 5.241023573e-12 6.320897638e-12 5.241001097e-12 5.358811527e-12 5.697588604e-12 4.674381998e-12 6.068967861e-12 4.806054736e-12 5.642528186e-12 5.85963971e-12 4.607119585e-12 5.474056816e-12 5.181124264e-12 5.181110118e-12 4.997116759e-12 4.469573477e-12 4.740671246e-12 5.474066063e-12 5.416741334e-12 5.859631478e-12 5.912667859e-12 5.059193526e-12 5.300221199e-12 4.870571308e-12 4.870581073e-12 5.697585561e-12 5.241023227e-12 4.607108455e-12 5.120509433e-12 4.740681796e-12 5.059201354e-12 5.586943323e-12 5.416735783e-12 5.806119748e-12 5.241004476e-12 5.474052967e-12 4.870574125e-12 5.474063253e-12 5.416735666e-12 4.870567133e-12 5.642548377e-12 5.358819074e-12 4.254895365e-12 4.997117322e-12 5.859637325e-12 4.740673117e-12 4.469565813e-12 4.870586315e-12 5.586944333e-12 4.538858538e-12 4.806085485e-12 5.474072442e-12 5.120527744e-12 4.997114551e-12 4.934263582e-12 4.538854847e-12 4.674368173e-12 4.806073439e-12 5.416736593e-12 4.997118508e-12 5.181124108e-12 4.607113086e-12 5.300247133e-12 4.806077865e-12 5.059184109e-12 4.870580097e-12 5.241019368e-12 4.806078553e-12 5.181126812e-12 5.806110153e-12 5.059201765e-12 4.997117128e-12 4.4695444e-12 4.327639167e-12 4.180867655e-12 5.059200317e-12 5.059187684e-12 5.752125936e-12 4.254889421e-12 5.181122762e-12 5.642528523e-12 4.674363666e-12 5.120524407e-12 5.059193214e-12 4.538850031e-12 4.870580887e-12 4.105553285e-12 4.254886643e-12 4.607122504e-12 4.469545286e-12 4.607105582e-12 5.300227342e-12 4.740682606e-12 4.254899032e-12 4.674364494e-12 4.674376526e-12 5.586943363e-12 4.806060679e-12 4.997107336e-12 4.997096945e-12 4.997111403e-12 5.241012555e-12 4.607114038e-12 4.674379741e-12 4.607105528e-12 4.60712122e-12 4.806077463e-12 4.8705907e-12 4.180879578e-12 4.607109483e-12 4.607106968e-12 4.740686984e-12 4.46956712e-12 4.740672239e-12 4.93424954e-12 4.399169776e-12 4.254884601e-12 
4.028804629e-12 4.254881334e-12 4.469560207e-12 5.530799958e-12 4.327612348e-12 5.241022018e-12 5.358816762e-12 5.120510476e-12 4.740677441e-12 4.740680345e-12 4.997110298e-12 4.806081803e-12 5.120517161e-12 4.740674322e-12 4.469557169e-12 4.870590936e-12 4.806085941e-12 5.181128451e-12 4.870582652e-12 4.806078727e-12 4.934242463e-12 4.538858735e-12 4.674376786e-12 4.870578321e-12 5.586937518e-12 4.105541497e-12 4.934261236e-12 5.181119715e-12 5.859637813e-12 5.859630125e-12 4.327622307e-12 4.870577886e-12 4.934251435e-12 5.181137467e-12 4.806065311e-12 5.474064154e-12 4.67435774e-12 4.80607529e-12 5.806118503e-12 4.740678675e-12 5.697569823e-12 4.870582687e-12 4.469551312e-12 4.870590701e-12 5.697590264e-12 5.358807106e-12 5.752116031e-12 5.181102026e-12 5.41674092e-12 5.18111589e-12 5.586948599e-12 5.120505957e-12 4.327616308e-12 4.934253083e-12 5.530789438e-12 5.358825721e-12 4.934250293e-12 4.997116146e-12 6.370089046e-12 5.120519765e-12 4.607115776e-12 5.697579014e-12 5.120525161e-12 5.241029156e-12 5.416743141e-12 6.068959402e-12 5.059191988e-12 5.358798123e-12 5.530776827e-12 5.965217333e-12 4.674358587e-12 4.67436092e-12 5.474068851e-12 4.870589467e-12 5.416740262e-12 5.300247822e-12 5.358814319e-12 5.059191712e-12 4.607093032e-12 5.530799689e-12 5.530789909e-12 5.300243649e-12 5.358805778e-12 4.87059437e-12 5.300239897e-12 5.642531954e-12 5.58694563e-12 6.068961911e-12 5.965219978e-12 5.181118584e-12 5.64252933e-12 5.300241344e-12 5.474067266e-12 6.12017293e-12 5.697574316e-12 5.300256239e-12 5.474054637e-12 5.059181491e-12 5.474064156e-12 5.752118409e-12 5.912662277e-12 5.586940069e-12 5.181126835e-12 5.416759688e-12 5.806121126e-12 5.806124741e-12 5.474065734e-12 5.586943291e-12 5.752114209e-12 5.965233724e-12 5.642539233e-12 6.271327996e-12 5.965218658e-12 5.416740189e-12 5.416752052e-12 5.912660858e-12 5.965223678e-12 6.120199882e-12 5.241013616e-12 5.530794488e-12 5.965220759e-12 5.530783533e-12 5.300239317e-12 6.017336125e-12 5.912653017e-12 6.068973392e-12 6.221356654e-12 5.586958342e-12 5.912658352e-12 5.91265754e-12 5.697583414e-12 4.997122609e-12 5.697593916e-12 6.370084849e-12 5.806122767e-12 5.697580555e-12 5.586928853e-12 5.530788098e-12 5.859630135e-12 5.300233428e-12 6.1202e-12 6.320908817e-12 5.965226068e-12 5.806117792e-12 6.068965748e-12 5.241026255e-12 6.170989628e-12 5.912660845e-12 5.120505142e-12 5.358802639e-12 5.642542753e-12 5.642522104e-12 6.221349255e-12 5.35880704e-12 5.752088505e-12 5.181116751e-12 6.271319672e-12 5.806126628e-12 5.120517145e-12 5.806126964e-12 5.912667337e-12 5.752125531e-12 5.530780053e-12 6.221368175e-12 6.221348228e-12 5.806109266e-12 5.859649088e-12 5.965209391e-12 5.965213008e-12 6.01733927e-12 5.912656863e-12 6.221351931e-12 5.300245814e-12 5.806118139e-12 6.657627029e-12 5.300237018e-12 6.888062137e-12 6.657624578e-12 6.37009338e-12 6.515440597e-12 5.586955532e-12 6.271329063e-12 6.068981499e-12 5.752113025e-12 5.586942951e-12 6.563188902e-12 5.059189562e-12 5.358813605e-12 5.806134016e-12 6.170980952e-12 5.806122718e-12 5.91264512e-12 6.796821717e-12 5.530784357e-12 6.563176699e-12 5.965224392e-12 5.912658107e-12 5.474066506e-12 5.358792483e-12 5.474072314e-12 5.697595634e-12 5.47404733e-12 5.181118915e-12 5.697588615e-12 6.120195014e-12 5.474055912e-12 5.47406585e-12 5.752099076e-12 5.474064207e-12 5.474062544e-12 5.642537444e-12 6.515436945e-12 6.068965695e-12 6.610546911e-12 6.221345754e-12 5.806117993e-12 6.320891332e-12 6.170978187e-12 5.912658182e-12 6.271335612e-12 6.017319552e-12 6.017323655e-12 6.271319067e-12 6.467351776e-12 5.912668179e-12 6.017306556e-12 5.912663469e-12 5.912658177e-12 6.120196863e-12 5.912652812e-12 5.965219289e-12 5.859643017e-12 5.416744888e-12 6.120182124e-12 6.370106514e-12 6.120186751e-12 6.320912793e-12 5.859638917e-12 5.416748747e-12 6.796812177e-12 6.17096745e-12 7.453921621e-12 5.752112132e-12 5.642546378e-12 6.017316887e-12 6.610560714e-12 5.859638e-12 6.068986173e-12 6.271330816e-12 5.752105181e-12 6.068972066e-12 6.170962399e-12 5.358806854e-12 5.300244908e-12 5.859629039e-12 5.752121546e-12 6.221353845e-12 6.170979806e-12 6.0689837e-12 5.697571715e-12 5.64253059e-12 6.70432646e-12 6.120180613e-12 5.642534308e-12 6.37009329e-12 6.017317712e-12 5.859646412e-12 5.300237527e-12 6.320906248e-12 6.370104792e-12 5.965222117e-12 5.530784012e-12 6.320908922e-12 6.06896268e-12 6.563175005e-12 6.221356636e-12 6.657599542e-12 6.170967688e-12 6.467345877e-12 6.0689728e-12 5.120521155e-12 6.370082783e-12 6.467354431e-12 6.221358004e-12 6.017320051e-12 5.85963028e-12 5.642511719e-12 6.017307953e-12 6.796808546e-12 5.80612387e-12 6.17099071e-12 5.80612719e-12 6.06896126e-12 6.563171942e-12 5.181119182e-12 5.181109612e-12 5.300243829e-12 5.859633548e-12 5.697596431e-12 5.586955913e-12 6.068992033e-12 6.170965925e-12 6.170977452e-12 6.01731416e-12 6.978094683e-12 6.515439231e-12 5.752122414e-12 5.912662591e-12 5.752117129e-12 6.120193537e-12 6.610567162e-12 6.017333424e-12 6.170984334e-12 6.37010378e-12 6.271338319e-12 6.120199387e-12 6.704335259e-12 6.370097763e-12 6.120184806e-12 6.170981294e-12 5.181129219e-12 5.806111467e-12 5.642539127e-12 6.120181794e-12 6.563170307e-12 6.170983893e-12 7.022683109e-12 5.859638264e-12 6.271327108e-12 6.515432183e-12 5.474064744e-12 6.418909297e-12 5.416747419e-12 6.017311239e-12 5.586942477e-12 6.27133929e-12 5.806120265e-12 5.697581029e-12 5.300235457e-12 5.912662515e-12 5.912676086e-12 5.474058638e-12 5.358807757e-12 5.530786743e-12 6.320905986e-12 5.697576124e-12 6.120182628e-12 5.697591722e-12 5.752102037e-12 5.300242346e-12 5.806112068e-12 5.241028761e-12 5.965230947e-12 5.586950552e-12 6.418890879e-12 5.806121913e-12 6.37009846e-12 6.01731405e-12 5.965215227e-12 5.965231022e-12 5.530795008e-12 6.068972481e-12 5.752118246e-12 5.642532206e-12 5.752113665e-12 5.912667488e-12 6.320897391e-12 5.752096575e-12 5.965212538e-12 5.965232019e-12 5.912665761e-12 5.120518751e-12 6.657617137e-12 5.586939857e-12 6.120190963e-12 6.068969635e-12 4.870574929e-12 5.241007489e-12 5.697575785e-12 5.806122466e-12 5.416756114e-12 5.47408005e-12 4.934259505e-12 5.358799214e-12 5.358799607e-12 5.474046656e-12 6.170992195e-12 5.697579321e-12 5.69759164e-12 5.586938067e-12 5.642537358e-12 6.271335932e-12 5.416733381e-12 5.69758042e-12 5.752108088e-12 6.017325124e-12 5.530796098e-12 5.530786318e-12 5.859643714e-12 4.934255535e-12 5.120537537e-12 5.859627337e-12 5.697591126e-12 5.474063768e-12 5.806131559e-12 6.068973407e-12 5.530789821e-12 5.859640356e-12 5.181132547e-12 5.120507201e-12 5.697590686e-12 6.271327562e-12 5.859625803e-12 5.806120971e-12 5.474059627e-12 5.58694162e-12 5.697579888e-12 5.358803763e-12 5.300231986e-12 4.934264387e-12 5.416754508e-12 4.674381021e-12 5.474069979e-12 5.120514512e-12 4.740668637e-12 4.607119884e-12 5.806127545e-12 5.300252611e-12 5.24101329e-12 5.642528778e-12 5.642543539e-12 5.241008709e-12 4.870581051e-12 4.997100638e-12 5.697595145e-12 5.300228873e-12 5.241006148e-12 5.059206286e-12 5.642539706e-12 5.120526335e-12 5.241009234e-12 5.474075049e-12 5.806136828e-12 5.30023456e-12 4.674368987e-12 4.806077982e-12 5.752119729e-12 4.105545144e-12 4.740679389e-12 5.120510446e-12 4.674373153e-12 4.997114492e-12 4.399163942e-12 5.300244944e-12 5.474061411e-12 5.300250484e-12 5.120509905e-12 5.300234842e-12 5.642526904e-12 4.105542604e-12 4.740687678e-12 5.358804557e-12 4.607113626e-12 5.642541474e-12 4.740683455e-12 4.740680812e-12 5.912648616e-12 4.870569705e-12 5.586956726e-12 3.95056748e-12 4.997116175e-12 5.474049096e-12 5.965229284e-12 4.99710935e-12 5.300243599e-12 3.789251902e-12 4.870576497e-12 3.9505727e-12 4.674352534e-12 4.870589087e-12 5.530797105e-12 5.300247643e-12 4.740689391e-12 4.60711344e-12 4.538860205e-12 4.99711094e-12 5.059197513e-12 4.740677557e-12 5.358804378e-12 4.806069823e-12 4.934243804e-12 5.181118435e-12 4.997102942e-12 4.74067184e-12 4.806072851e-12 3.705949511e-12 4.674373232e-12 4.327618673e-12 4.399166941e-12 4.997115802e-12 4.399158947e-12 
4.997114282e-12 5.240999381e-12 4.399171077e-12 4.806078889e-12 5.120524542e-12 4.674378994e-12 5.416729481e-12 4.674365427e-12 5.059175478e-12 5.1205241e-12 4.674386108e-12 4.806064322e-12 4.67438115e-12 4.934257129e-12 5.586932449e-12 4.674373181e-12 5.241011743e-12 5.059191143e-12 5.120512467e-12 5.059196085e-12 5.9126545e-12 5.912666524e-12 5.241003308e-12 5.586963443e-12 5.642543756e-12 5.358813423e-12 5.358790989e-12 4.997102324e-12 5.586951338e-12 6.657621336e-12 5.416737199e-12 4.806089834e-12 5.586940653e-12 5.416735468e-12 5.181120175e-12 5.41674151e-12 4.934262025e-12 6.068979308e-12 5.416727918e-12 5.300220585e-12 5.474068715e-12 4.740671795e-12 5.120508339e-12 5.1205132e-12 5.752100054e-12 5.586957568e-12 5.416737402e-12 5.300240189e-12 5.120518665e-12 5.241012049e-12 6.017327075e-12 4.934254853e-12 5.059203741e-12 4.87058585e-12 5.120511985e-12 6.120190455e-12 5.859628285e-12 5.41673752e-12 6.017311926e-12 4.806055922e-12 5.642532512e-12 4.674373223e-12 5.697590398e-12 6.170977764e-12 5.530802513e-12 5.358811957e-12 5.697587024e-12 5.358808844e-12 5.64254978e-12 4.997117625e-12 5.241030317e-12 5.697586222e-12 5.120526354e-12 5.241031895e-12 5.181113405e-12 5.53079129e-12 5.642548467e-12 4.934258245e-12 4.740680396e-12 5.912655879e-12 5.416728166e-12 5.181124465e-12 4.997118718e-12 5.358810091e-12 6.068959669e-12 5.859629906e-12 5.912678081e-12 5.416723062e-12 5.912668825e-12 5.530805522e-12 5.416743939e-12 5.300252748e-12 5.697584323e-12 5.530801343e-12 5.752114747e-12 6.370100558e-12 5.806125905e-12 5.300240678e-12 5.642516665e-12 5.586956241e-12 6.418900693e-12 6.120177852e-12 5.58694745e-12 5.912664797e-12 6.068977193e-12 5.752105373e-12 6.271327633e-12 6.017314267e-12 6.515438911e-12 6.467365913e-12 5.752107276e-12 5.642526511e-12 6.120174262e-12 5.474067735e-12 5.358810401e-12 5.697583204e-12 5.530773619e-12 5.059170953e-12 6.370095346e-12 5.965229053e-12 6.120192285e-12 6.271334509e-12 5.586952529e-12 6.221351518e-12 5.912653459e-12 5.912667409e-12 6.068972952e-12 5.530778192e-12 5.859637504e-12 5.912678382e-12 6.221363374e-12 5.752121466e-12 5.300231e-12 6.017317037e-12 5.912663768e-12 5.416737964e-12 6.221354477e-12 6.017313102e-12 6.120181692e-12 6.515455182e-12 6.170976535e-12 6.271326241e-12 6.657618745e-12 6.370096998e-12 5.642537123e-12 6.0173292e-12 6.120198869e-12 6.271335997e-12 5.912666153e-12 6.467352897e-12 6.017313002e-12 6.017315489e-12 5.859637765e-12 6.017319086e-12 6.068987378e-12 6.271324281e-12 6.704341957e-12 5.91266316e-12 6.657604574e-12 6.068955241e-12 6.842558137e-12 6.515450953e-12 5.752112783e-12 5.806110914e-12 6.467363606e-12 6.170973768e-12 6.842595057e-12 6.221356828e-12 5.642536071e-12 6.12019338e-12 6.120194656e-12 6.120179282e-12 6.3209077e-12 6.320914919e-12 6.563174322e-12 6.120191859e-12 5.697589706e-12 5.642516526e-12 6.370090595e-12 6.418901811e-12 6.978089464e-12 6.888045073e-12 6.750726942e-12 5.300242548e-12 5.530789482e-12 6.842578941e-12 5.697581151e-12 6.170974698e-12 5.416749864e-12 6.271327012e-12 6.467358537e-12 5.697587843e-12 6.120191113e-12 6.657619695e-12 6.51543968e-12 6.467363083e-12 6.320910744e-12 6.61055838e-12 6.320901718e-12 6.796796394e-12 6.017319202e-12 6.888047378e-12 6.22136085e-12 6.46736043e-12 6.515433196e-12 6.657611968e-12 6.65761406e-12 6.271316488e-12 6.515445125e-12 6.515445548e-12 6.933195778e-12 6.170973815e-12 6.068980897e-12 6.467350713e-12 6.017306802e-12 6.65761441e-12 6.221363573e-12 6.017315098e-12 5.85962886e-12 5.642535044e-12 5.912655482e-12 6.563170122e-12 6.418905633e-12 6.796808403e-12 6.70431963e-12 5.859634989e-12 6.563174763e-12 6.320900908e-12 6.933219909e-12 5.586931214e-12 6.017316714e-12 6.37008748e-12 6.563165504e-12 6.221356569e-12 6.563174898e-12 6.796803412e-12 5.859634959e-12 6.467329015e-12 6.750737823e-12 6.320901839e-12 6.170981356e-12 6.467365515e-12 6.704331348e-12 6.221361905e-12 6.704333551e-12 6.563171903e-12 6.41890285e-12 5.965218659e-12 6.515439513e-12 5.965212871e-12 6.271336847e-12 6.515434469e-12 5.912654208e-12 6.515423886e-12 5.806131698e-12 6.888046365e-12 6.17097e-12 5.416736934e-12 6.418895747e-12 6.563182116e-12 6.418908026e-12 6.888043733e-12 6.418901833e-12 6.515437901e-12 6.271319445e-12 6.563169947e-12 7.369690819e-12 6.704337932e-12 6.418906375e-12 6.017334187e-12 6.320913583e-12 5.586944269e-12 6.170989102e-12 6.467359903e-12 7.066989227e-12 6.467364994e-12 6.221352231e-12 5.416741845e-12 6.170984326e-12 6.610550255e-12 6.933225555e-12 6.32092048e-12 6.657601358e-12 6.84259731e-12 6.320900291e-12 6.418908144e-12 6.017337262e-12 6.221367566e-12 6.271331497e-12 6.320900175e-12 6.120199081e-12 7.284488977e-12 6.418919789e-12 6.657610886e-12 6.221356852e-12 6.221359679e-12 5.697592153e-12 7.241492524e-12 6.221369757e-12 6.221358487e-12 7.327201645e-12 6.120187862e-12 6.418908747e-12 6.888046226e-12 6.320915517e-12 6.41889797e-12 6.170966088e-12 6.888044004e-12 6.170984729e-12 6.37009972e-12 6.370107007e-12 6.370093734e-12 5.300245571e-12 6.704316307e-12 6.017319782e-12 6.657610049e-12 7.111004489e-12 6.320906078e-12 5.859628852e-12 6.221362673e-12 5.859642957e-12 5.53079705e-12 6.7507382e-12 6.017320171e-12 6.418910175e-12 5.859634428e-12 6.320915745e-12 6.418899607e-12 6.93322014e-12 6.563156254e-12 6.271319306e-12 6.068964677e-12 6.221353709e-12 6.563171228e-12 5.586952277e-12 6.563178291e-12 6.888054062e-12 5.859636193e-12 5.586919792e-12 6.610568478e-12 6.370093158e-12 6.271320138e-12 6.120185103e-12 6.22135161e-12 6.221348223e-12 5.806130765e-12 6.37010118e-12 6.933214235e-12 6.515441482e-12 6.370087851e-12 6.27132334e-12 6.370094941e-12 6.61054526e-12 6.418906942e-12 6.120187067e-12 6.418917425e-12 5.912652963e-12 6.418900862e-12 5.806130384e-12 6.467350287e-12 6.171001821e-12 6.467358574e-12 6.515446608e-12 5.586930803e-12 5.752117722e-12 6.22135459e-12 5.586954838e-12 6.467364279e-12 6.467358509e-12 6.515425764e-12 6.017321122e-12 5.64252484e-12 6.271325566e-12 6.120193769e-12 6.068968887e-12 6.271333631e-12 6.170987444e-12 5.859630948e-12 5.697580835e-12 5.642541771e-12 5.806134929e-12 6.170977086e-12 5.474070865e-12 5.241021995e-12 5.697577541e-12 6.370096569e-12 5.642529647e-12 5.806123339e-12 5.241020033e-12 6.068971218e-12 6.418918315e-12 5.859640264e-12 5.241018614e-12 5.965214558e-12 5.530799572e-12 5.530783451e-12 5.965225061e-12 5.806132105e-12 5.965224439e-12 5.358793903e-12 6.068967214e-12 5.965220035e-12 5.912665785e-12 5.752093749e-12 5.416735938e-12 5.358807125e-12 5.181120371e-12 5.912669982e-12 6.370096775e-12 5.530808683e-12 5.530784808e-12 5.642536167e-12 5.474059291e-12 6.170988716e-12 5.752111919e-12 5.697602485e-12 5.859627814e-12 5.474062741e-12 5.474069615e-12 5.965242473e-12 5.416748244e-12 6.170981745e-12 5.912660869e-12 5.474053218e-12 5.059193101e-12 5.912664129e-12 5.697589959e-12 5.120509124e-12 6.06897731e-12 4.997109824e-12 5.912652057e-12 5.912667087e-12 5.474061467e-12 5.181114283e-12 5.586961295e-12 5.752094435e-12 4.870574504e-12 5.241011689e-12 4.806079078e-12 5.586934863e-12 5.965231139e-12 5.806110176e-12 5.120514726e-12 5.30024364e-12 5.416736722e-12 4.934257415e-12 5.965225891e-12 5.05919218e-12 5.181138314e-12 5.912679513e-12 5.358812456e-12 4.997120799e-12 5.530796869e-12 5.474070996e-12 5.241011001e-12 5.181122614e-12 5.059186511e-12 5.181096011e-12 4.997097849e-12 4.997120245e-12 4.469553275e-12 4.740692275e-12 5.120529551e-12 4.806078483e-12 4.327625632e-12 5.358796506e-12 5.806124135e-12 5.300240819e-12 5.358787737e-12 4.806076357e-12 5.474065868e-12 5.120505859e-12 4.870590305e-12 5.241013918e-12 6.017318178e-12 5.474062998e-12 4.997105054e-12 5.059199884e-12 5.120523321e-12 4.934257504e-12 5.416761495e-12 5.530788625e-12 5.120524042e-12 5.530791944e-12 5.300239121e-12 5.300248307e-12 5.241012782e-12 5.300237535e-12 5.697600756e-12 5.12052394e-12 5.059190226e-12 4.254896097e-12 5.059194084e-12 4.399169912e-12 4.870584989e-12 4.934263753e-12 4.538852471e-12 5.181112641e-12 4.806071737e-12 5.241022103e-12 5.530790947e-12 
5.241028509e-12 5.300240697e-12 5.358801669e-12 4.80606479e-12 5.474062318e-12 5.181116516e-12 4.870593352e-12 4.740679933e-12 5.530787486e-12 5.586941028e-12 4.934258264e-12 4.806081414e-12 5.586947653e-12 5.530797714e-12 5.358801088e-12 5.181128751e-12 6.271334285e-12 5.912668759e-12 5.300226658e-12 5.474069293e-12 5.358801692e-12 4.997115561e-12 4.674361635e-12 5.752095838e-12 4.806063229e-12 5.912670979e-12 5.241011018e-12 5.859636953e-12 5.586928867e-12 6.271345885e-12 4.674366216e-12 5.241004272e-12 6.27132958e-12 5.91266972e-12 5.586952435e-12 5.059183404e-12 5.697586791e-12 5.806124133e-12 5.474067184e-12 5.300249126e-12 6.170983228e-12 5.642542212e-12 6.933215215e-12 5.965218566e-12 5.965219091e-12 5.300245073e-12 5.806118803e-12 6.12019548e-12 6.12020662e-12 5.752090057e-12 5.912655734e-12 5.530798278e-12 5.059202828e-12 5.806117446e-12 5.965216281e-12 6.370097855e-12 5.642526315e-12 6.271332177e-12 5.530795277e-12 5.241003509e-12 6.120184483e-12 5.96522088e-12 6.4189224e-12 6.170981212e-12 5.965231261e-12 5.965219546e-12 5.859639239e-12 5.965213842e-12 5.241011099e-12 5.586929169e-12 5.752108404e-12 5.912658485e-12 5.965222146e-12 6.320921518e-12 5.642540005e-12 5.697592668e-12 6.418909298e-12 6.068985001e-12 6.271326212e-12 6.320910973e-12 6.610558661e-12 5.697592379e-12 6.17097841e-12 5.752110011e-12 6.657614403e-12 5.586941978e-12 6.467359107e-12 6.017316298e-12 5.697587441e-12 5.697603802e-12 6.271333747e-12 6.4189293e-12 6.017329239e-12 6.170977481e-12 6.120206551e-12 6.068980091e-12 6.170978152e-12 6.221356357e-12 6.515433481e-12 5.358799013e-12 6.271317453e-12 6.01733408e-12 5.752104584e-12 5.912644425e-12 6.933220907e-12 6.46735223e-12 6.515447169e-12 6.750723304e-12 6.515446527e-12 6.56316856e-12 6.271327226e-12 6.888050393e-12 6.563163939e-12 6.978094143e-12 6.467359399e-12 6.370086288e-12 6.418912912e-12 6.657615438e-12 6.46735397e-12 6.320905165e-12 6.320908971e-12 6.65759394e-12 6.515426766e-12 6.610541918e-12 6.320924436e-12 6.370101256e-12 6.120193602e-12 7.111018517e-12 6.65761768e-12 6.170971376e-12 6.704317876e-12 6.56316767e-12 6.610573603e-12 6.97810149e-12 6.370096192e-12 6.170960048e-12 6.610557373e-12 6.610546034e-12 5.752106327e-12 7.369693493e-12 7.066981721e-12 6.271323524e-12 6.370081854e-12 6.796823218e-12 6.01731831e-12 6.120182209e-12 6.657612162e-12 6.750721213e-12 6.657618088e-12 6.704333247e-12 6.610549427e-12 6.610564164e-12 6.271328991e-12 6.370076948e-12 6.563173741e-12 6.610561763e-12 6.467357771e-12 6.370095865e-12 6.657608873e-12 6.61055383e-12 6.704319583e-12 7.11101956e-12 6.978096118e-12 7.241506322e-12 6.320912558e-12 7.022698041e-12 7.369696287e-12 6.271320218e-12 6.418905169e-12 7.198259042e-12 7.022682949e-12 6.320916329e-12 6.796817608e-12 6.515452909e-12 6.41891618e-12 7.15477928e-12 6.170993071e-12 6.657611755e-12 6.221357828e-12 6.657634417e-12 6.796798442e-12 7.154769495e-12 6.068982534e-12 6.467347512e-12 6.563160721e-12 6.418913135e-12 6.563173081e-12 6.842573419e-12 6.842584363e-12 6.704333508e-12 6.563182353e-12 6.515444311e-12 5.965224868e-12 6.563175985e-12 6.170977675e-12 6.888038069e-12 6.888050745e-12 6.467350708e-12 6.221346636e-12 6.563167979e-12 6.657611709e-12 6.563170912e-12 7.198266774e-12 6.563176063e-12 6.888037624e-12 6.704332379e-12 6.750722674e-12 7.066996387e-12 6.221347924e-12 6.271326797e-12 6.370095263e-12 6.750741208e-12 6.610560662e-12 6.563166841e-12 6.563171345e-12 6.978101772e-12 7.111018043e-12 6.888051289e-12 6.933221485e-12 7.369675423e-12 6.370098365e-12 6.515427146e-12 7.022689571e-12 6.704335599e-12 7.022674421e-12 6.933205692e-12 6.418902381e-12 7.495671807e-12 7.198271718e-12 7.066982829e-12 6.418903923e-12 6.068980437e-12 6.796820933e-12 6.068988574e-12 6.6576032e-12 7.495672138e-12 6.467354523e-12 6.796821205e-12 6.796814722e-12 6.120194768e-12 7.241498182e-12 6.610565409e-12 6.657608952e-12 6.750715348e-12 7.022691308e-12 7.022679213e-12 7.111003888e-12 6.933209654e-12 6.842597983e-12 6.563184998e-12 5.965209387e-12 6.888057722e-12 6.888056151e-12 6.467347586e-12 6.978094376e-12 7.02268722e-12 7.327208015e-12 6.563176751e-12 6.22135713e-12 6.704342028e-12 7.327206698e-12 6.796810074e-12 6.842576093e-12 6.933227925e-12 7.241504703e-12 7.327202951e-12 6.563180907e-12 6.515438861e-12 6.888048444e-12 6.61056453e-12 6.170990307e-12 6.657617655e-12 6.610565323e-12 6.842590032e-12 7.284486609e-12 6.120188802e-12 6.370092777e-12 7.198267239e-12 6.842564272e-12 6.221372719e-12 6.515442399e-12 6.563186014e-12 6.933219658e-12 6.888059966e-12 6.888040713e-12 6.750733744e-12 7.066976938e-12 6.418897388e-12 6.418907047e-12 7.537205584e-12 6.796808995e-12 6.704334776e-12 6.467361736e-12 7.066976787e-12 6.888044023e-12 7.02266659e-12 6.418893989e-12 6.610568168e-12 6.221365739e-12 6.750723947e-12 7.066975529e-12 5.806129707e-12 6.978079648e-12 6.933217023e-12 6.704332091e-12 6.657619391e-12 6.888043171e-12 6.563171187e-12 7.154793788e-12 5.9652109e-12 7.111016147e-12 6.170982937e-12 7.411927532e-12 6.320910076e-12 7.453917356e-12 6.750739538e-12 6.704321928e-12 6.610547091e-12 7.067020278e-12 7.495679301e-12 6.515434318e-12 6.88803463e-12 6.610556206e-12 7.369688257e-12 7.28449678e-12 6.610554767e-12 6.65760491e-12 6.796815923e-12 7.154783295e-12 6.12018963e-12 6.563164732e-12 6.888050514e-12 6.888051186e-12 6.418907629e-12 6.978090899e-12 6.610564635e-12 5.752137642e-12 6.978082706e-12 6.370082642e-12 6.418908027e-12 6.563182064e-12 6.750725467e-12 6.320918842e-12 6.888035301e-12 6.75072439e-12 6.320890105e-12 6.978076467e-12 6.170969832e-12 7.022684869e-12 6.657613922e-12 6.796800586e-12 6.933211064e-12 5.358812983e-12 6.796809041e-12 6.978086072e-12 6.750754391e-12 6.70431663e-12 6.467351171e-12 6.320918323e-12 7.369682424e-12 6.70433068e-12 6.271324744e-12 6.370085468e-12 6.221357408e-12 6.467359474e-12 6.46735408e-12 6.888044659e-12 6.170976661e-12 6.515456132e-12 6.467354418e-12 6.563172203e-12 5.912673744e-12 6.515443991e-12 6.610549007e-12 7.066991399e-12 6.017321082e-12 5.752104768e-12 6.842576332e-12 6.515441145e-12 6.515445577e-12 6.704329849e-12 6.704334172e-12 6.370085604e-12 7.198261913e-12 6.221349726e-12 6.221370597e-12 5.416738313e-12 6.657615014e-12 6.271330665e-12 6.418897547e-12 6.796812881e-12 5.530794e-12 6.221356747e-12 6.068955657e-12 6.796822814e-12 5.912656166e-12 6.170971939e-12 6.610552148e-12 5.859641308e-12 6.320906697e-12 5.530790451e-12 6.750734475e-12 5.697580498e-12 5.241017865e-12 5.69759249e-12 6.563171539e-12 5.586933286e-12 6.84257856e-12 6.41891303e-12 6.27133597e-12 5.859634348e-12 5.586948829e-12 5.859630045e-12 5.697597762e-12 6.563172464e-12 5.697586447e-12 6.271336576e-12 6.120191413e-12 5.806120602e-12 6.271323349e-12 6.467351332e-12 6.12017096e-12 6.17098915e-12 6.271328144e-12 6.170985323e-12 5.912667065e-12 5.120531883e-12 6.704339586e-12 5.181106342e-12 6.41891776e-12 6.017330638e-12 5.912663213e-12 5.416749672e-12 6.563161445e-12 6.271314492e-12 5.241004499e-12 5.181107668e-12 5.300244833e-12 5.806135125e-12 5.586934984e-12 5.965223263e-12 6.46734188e-12 5.58694589e-12 5.642547943e-12 5.358790353e-12 5.586948653e-12 6.320912019e-12 5.416739403e-12 6.563157469e-12 5.642542166e-12 6.12019513e-12 5.806124716e-12 6.120187154e-12 5.474053779e-12 5.530810422e-12 6.370089636e-12 5.474052699e-12 5.586949484e-12 6.170968709e-12 6.068978175e-12 5.416744869e-12 6.170963674e-12 5.912678319e-12 5.530782568e-12 5.859649339e-12 5.30023562e-12 6.320890489e-12 5.642550304e-12 5.752112982e-12 5.241024255e-12 5.697571081e-12 5.416755322e-12 5.474063054e-12 5.642532246e-12 6.467365514e-12 5.474055421e-12 5.806108225e-12 5.181104527e-12 5.912653986e-12 5.300229943e-12 5.642536437e-12 5.697576853e-12 5.300225353e-12 5.358802337e-12 5.697595736e-12 5.530806066e-12 4.870568666e-12 5.912669564e-12 5.181120185e-12 5.697590786e-12 4.870582824e-12 5.358799623e-12 5.241006428e-12 5.85962814e-12 5.806127338e-12 5.416746243e-12 5.30024166e-12 5.474053911e-12 5.181101094e-12 5.416740581e-12 4.806061468e-12 
6.01732268e-12 6.068972848e-12 6.017327492e-12 5.752110749e-12 6.610555548e-12 5.697590676e-12 6.120194089e-12 5.24100703e-12 6.120198764e-12 6.221364229e-12 6.370101253e-12 6.271332267e-12 6.704328082e-12 5.859621746e-12 5.697561324e-12 6.01733791e-12 6.22135767e-12 6.068960492e-12 6.888031391e-12 6.418921659e-12 6.271343748e-12 6.271317145e-12 6.120184181e-12 5.859641138e-12 6.610549678e-12 7.154775852e-12 6.7507256e-12 6.750731122e-12 6.120190543e-12 6.467343097e-12 6.271340506e-12 5.96523914e-12 5.806115845e-12 5.965216648e-12 6.068977335e-12 6.750738356e-12 7.327193712e-12 6.51542611e-12 6.418903282e-12 6.271342491e-12 6.65760131e-12 6.221355925e-12 5.697596927e-12 7.066964554e-12 6.842577406e-12 6.418916336e-12 6.750740783e-12 6.610545145e-12 7.198284681e-12 6.888057474e-12 6.796807811e-12 6.978086854e-12 6.610559424e-12 6.750719188e-12 6.750734138e-12 6.796807616e-12 5.697591357e-12 7.578494399e-12 6.888050623e-12 6.221359492e-12 5.912659874e-12 6.888029041e-12 7.111017761e-12 6.842585021e-12 6.888050919e-12 6.704324143e-12 6.370097106e-12 6.842580296e-12 7.06698988e-12 6.320917503e-12 6.610555592e-12 6.842583395e-12 7.06698226e-12 6.750721612e-12 7.369683733e-12 6.12019016e-12 6.933204151e-12 7.111015645e-12 7.537183223e-12 7.369687435e-12 7.701074507e-12 6.370118907e-12 7.066986793e-12 6.796801174e-12 6.978088686e-12 6.610550188e-12 6.933214734e-12 7.284475176e-12 6.610562175e-12 7.327211049e-12 6.796819362e-12 6.467368451e-12 7.284497814e-12 6.418923009e-12 7.660424899e-12 6.418918025e-12 7.066975712e-12 6.563169631e-12 6.320912284e-12 6.704355061e-12 7.111013086e-12 6.221339581e-12 6.978092851e-12 6.84258846e-12 7.327206323e-12 7.066989537e-12 6.750721755e-12 6.842599226e-12 7.284488664e-12 7.453910777e-12 7.02267003e-12 7.453926482e-12 7.495648731e-12 7.495674572e-12 6.657617026e-12 7.741498153e-12 7.022667969e-12 6.978072536e-12 7.411922192e-12 7.022693214e-12 7.066971333e-12 7.284477628e-12 7.495666885e-12 7.241499824e-12 7.369689528e-12 7.066995438e-12 6.704333483e-12 7.327210272e-12 7.284475322e-12 6.84259073e-12 8.211100851e-12 6.563163999e-12 7.861522315e-12 7.660415925e-12 6.796810135e-12 7.411908078e-12 7.327207695e-12 7.327207712e-12 6.888042095e-12 7.411913316e-12 7.578495005e-12 7.111025223e-12 7.901150584e-12 7.821716754e-12 7.066984729e-12 8.361765387e-12 7.066977884e-12 7.660437504e-12 7.537202668e-12 7.979740987e-12 7.53719425e-12 7.781700111e-12 7.453901426e-12 7.02267772e-12 7.022692159e-12 7.741503699e-12 7.578495246e-12 6.842572543e-12 7.198262696e-12 7.495661151e-12 7.36968914e-12 7.369691958e-12 6.467356333e-12 7.022672979e-12 7.453897218e-12 7.495677851e-12 7.861519085e-12 7.36968321e-12 8.619120655e-12 7.495678765e-12 7.241494487e-12 7.781697352e-12 7.578503048e-12 7.901119295e-12 6.657606897e-12 7.619574844e-12 8.172998973e-12 7.453928706e-12 6.933228568e-12 8.399016899e-12 7.15477082e-12 7.741482067e-12 7.495676629e-12 8.057594231e-12 7.660432898e-12 7.781707685e-12 6.84257231e-12 7.741486671e-12 7.198268159e-12 7.198266395e-12 7.111012865e-12 7.660431978e-12 7.453925766e-12 7.861518264e-12 7.821719889e-12 7.495676278e-12 7.369668707e-12 7.537182235e-12 8.286779124e-12 7.57850165e-12 7.701077106e-12 7.453915477e-12 6.563173367e-12 7.861529048e-12 7.49566625e-12 7.453905114e-12 7.940537593e-12 7.369680431e-12 8.286774869e-12 6.933221592e-12 7.537205877e-12 7.861530323e-12 7.861524475e-12 7.940542739e-12 7.154772973e-12 7.198277687e-12 7.781714516e-12 7.781702651e-12 8.096244615e-12 7.578521601e-12 8.018773472e-12 7.327222991e-12 6.842577373e-12 7.781717299e-12 7.284489253e-12 7.940529823e-12 8.509782538e-12 7.495674618e-12 7.369687473e-12 7.495675394e-12 7.901131333e-12 7.198267238e-12 7.453897923e-12 8.13471516e-12 7.741505043e-12 7.369672769e-12 7.198268245e-12 7.821720189e-12 7.901139044e-12 7.198270296e-12 8.13471215e-12 8.173001043e-12 7.284474814e-12 7.619580809e-12 7.154784915e-12 8.096260715e-12 7.111008751e-12 7.619552756e-12 7.578501073e-12 7.781708444e-12 7.495676476e-12 7.495683732e-12 7.495671019e-12 7.537198222e-12 7.453912688e-12 7.979732127e-12 7.901126781e-12 7.111020896e-12 7.741473438e-12 7.198280344e-12 7.701069189e-12 8.249007943e-12 7.578509346e-12 8.05759724e-12 7.781717468e-12 6.842584209e-12 7.619564881e-12 7.411924111e-12 7.94053209e-12 7.411928844e-12 7.940538321e-12 7.022672948e-12 8.057620527e-12 7.411919301e-12 7.619585929e-12 7.578494503e-12 6.61053945e-12 7.701060528e-12 7.901132123e-12 7.284475029e-12 7.741492565e-12 7.660413512e-12 7.861518088e-12 7.495655864e-12 7.940545615e-12 7.741491898e-12 8.018760894e-12 7.821715863e-12 7.066976372e-12 8.173003211e-12 7.660427953e-12 7.660422581e-12 7.70106436e-12 7.578499563e-12 8.509788474e-12 7.327197996e-12 7.940536821e-12 7.369703198e-12 8.134696735e-12 8.286777664e-12 7.781722261e-12 8.13469902e-12 9.077707293e-12 7.901140422e-12 7.537205769e-12 7.578498783e-12 7.660427167e-12 7.578497554e-12 7.537193137e-12 7.537207864e-12 7.241514995e-12 7.619574199e-12 8.286788261e-12 7.940539384e-12 7.619568422e-12 7.49565608e-12 8.057600655e-12 7.701063527e-12 8.018765206e-12 8.399021578e-12 7.979737334e-12 6.978079239e-12 7.495654622e-12 7.861524943e-12 7.154783417e-12 7.241501555e-12 7.369687622e-12 6.888047907e-12 7.369686305e-12 7.741498717e-12 7.660428366e-12 8.057591123e-12 6.978094367e-12 7.411923684e-12 8.096234833e-12 7.86152163e-12 7.198287619e-12 7.327216261e-12 7.066991425e-12 7.198267651e-12 7.154776693e-12 7.284485927e-12 7.284492262e-12 7.979743401e-12 7.537189637e-12 6.750722485e-12 8.057605114e-12 7.284483515e-12 7.066977246e-12 7.28448283e-12 8.018775566e-12 7.284484037e-12 7.979752758e-12 6.97809449e-12 7.154773652e-12 7.327198425e-12 7.022683103e-12 7.284469896e-12 7.241498128e-12 7.411902708e-12 7.327189502e-12 7.327214191e-12 7.198280567e-12 7.979738915e-12 7.619583217e-12 7.284501227e-12 7.369676428e-12 6.70432732e-12 7.781729445e-12 8.211106235e-12 7.619568638e-12 7.495678436e-12 7.327202238e-12 6.563163704e-12 6.796806754e-12 7.327206808e-12 7.284486294e-12 6.515442572e-12 7.111021609e-12 7.241507619e-12 7.327207318e-12 6.657610404e-12 7.327188796e-12 7.495667084e-12 7.861535424e-12 6.978098104e-12 7.198259095e-12 7.327211703e-12 7.284485687e-12 7.45392431e-12 7.578524817e-12 7.453899e-12 6.750733589e-12 6.610572131e-12 7.198261034e-12 7.701070359e-12 7.495672853e-12 7.284485137e-12 7.411918387e-12 7.241501466e-12 7.701061819e-12 7.284490198e-12 6.563162204e-12 6.79680802e-12 7.241497809e-12 6.933202791e-12 6.842599091e-12 7.198288386e-12 7.327214492e-12 6.704330996e-12 6.017323886e-12 6.418911132e-12 6.563175794e-12 7.154774954e-12 6.704317067e-12 6.271343536e-12 6.842585189e-12 7.066985131e-12 6.515438043e-12 7.241530438e-12 6.017324097e-12 7.495667146e-12 7.154760356e-12 7.111016445e-12 6.320900632e-12 6.796810229e-12 7.1110103e-12 7.369676472e-12 6.842579728e-12 6.933218252e-12 6.704333109e-12 6.796801532e-12 6.370090557e-12 6.120184626e-12 6.796786015e-12 6.61056455e-12 6.933204361e-12 6.657612369e-12 6.320909873e-12 6.933214285e-12 6.418927171e-12 6.370084856e-12 6.888046091e-12 6.467348493e-12 6.610566068e-12 7.111014951e-12 6.170972756e-12 6.120180719e-12 7.411931942e-12 6.610566242e-12 7.154786851e-12 7.327210265e-12 6.515438299e-12 6.271320601e-12 6.563185091e-12 6.170965389e-12 6.120195809e-12 6.842578703e-12 6.842578076e-12 6.657617942e-12 6.37009723e-12 6.467351568e-12 6.467351908e-12 6.704330197e-12 6.704330325e-12 7.284482804e-12 6.93320647e-12 6.120198905e-12 6.84259547e-12 6.370094361e-12 7.154774914e-12 5.85962942e-12 6.221354455e-12 6.467338509e-12 6.068989348e-12 7.241512524e-12 6.320908356e-12 6.06896276e-12 6.467350947e-12 6.271332723e-12 5.912675417e-12 6.120186523e-12 5.300257655e-12 5.752097983e-12 6.120192967e-12 5.965229803e-12 6.418912222e-12 6.370087477e-12 6.017318952e-12 5.586944321e-12 6.120174064e-12 6.370092625e-12 5.642537607e-12 5.965232676e-12 6.221353521e-12 6.06897881e-12 5.965230675e-12 5.181133071e-12 6.170975549e-12 6.017327889e-12 5.859639556e-12 
9.348746163e-12 9.481364095e-12 9.382075288e-12 8.727085302e-12 9.773145607e-12 9.315295476e-12 9.21422956e-12 9.773170341e-12 9.676867892e-12 8.973955021e-12 9.043259359e-12 9.214225919e-12 9.44836809e-12 9.612152395e-12 9.836839428e-12 9.382063976e-12 9.112032355e-12 9.24802462e-12 9.836827945e-12 9.481352669e-12 9.348728479e-12 9.481336099e-12 9.48136794e-12 9.579610447e-12 1.036225613e-11 1.042230813e-11 9.805037983e-12 9.900094014e-12 9.709056067e-12 9.931562701e-12 9.481354362e-12 9.805041107e-12 9.612136294e-12 9.180288454e-12 9.481357031e-12 8.473007021e-12 1.036224162e-11 1.014918586e-11 1.027148022e-11 1.051178135e-11 9.868525276e-12 9.931555789e-12 9.546978243e-12 9.281719348e-12 9.644565812e-12 1.011838366e-11 9.382070464e-12 9.481349934e-12 9.773154686e-12 1.077569543e-11 9.994248803e-12 1.008747863e-11 9.962944926e-12 9.676871348e-12 1.00564987e-11 1.011838053e-11 1.068845688e-11 1.027148707e-11 1.00254025e-11 1.033204409e-11 9.709083831e-12 1.042231895e-11 1.09481129e-11 1.005650186e-11 1.06298894e-11 9.836821899e-12 1.074669875e-11 1.00565014e-11 1.039231596e-11 1.021051604e-11 1.039231452e-11 1.083349587e-11 1.117389029e-11 1.036224109e-11 1.033207895e-11 9.415276229e-12 9.805057173e-12 1.06884532e-11 1.030182177e-11 1.15042243e-11 1.011837877e-11 1.068844298e-11 9.773144873e-12 1.068845138e-11 1.106158804e-11 1.065919744e-11 1.054141619e-11 1.030180429e-11 1.039232999e-11 1.045220977e-11 1.024102813e-11 1.134025506e-11 1.11459172e-11 1.042232651e-11 1.011837297e-11 1.027146589e-11 1.134026816e-11 1.030181218e-11 1.062989846e-11 1.048204921e-11 1.033208078e-11 1.065921862e-11 1.131268281e-11 1.171925483e-11 1.089095796e-11 1.021050082e-11 1.065920376e-11 1.048204668e-11 1.09195867e-11 1.033206785e-11 1.106159304e-11 1.103334274e-11 1.08622491e-11 1.094812841e-11 1.036222916e-11 1.131268988e-11 1.097659212e-11 1.077570939e-11 1.150423667e-11 1.117387616e-11 1.246779219e-11 1.108976182e-11 1.094813105e-11 1.089095206e-11 1.027147307e-11 1.083347515e-11 1.136775799e-11 1.1956581e-11 1.080463582e-11 1.108977503e-11 1.163908312e-11 1.100499903e-11 1.14770472e-11 1.094811979e-11 1.122960683e-11 1.1422527e-11 1.158534411e-11 1.1719262e-11 1.166588634e-11 1.100501098e-11 1.153130653e-11 1.108973959e-11 1.139516474e-11 1.089095513e-11 1.134025972e-11 1.094810806e-11 1.136776079e-11 1.045221657e-11 1.077570576e-11 1.163909584e-11 1.161225573e-11 1.147705338e-11 1.158533156e-11 1.125738445e-11 1.177242708e-11 1.163909568e-11 1.122962176e-11 1.103333014e-11 1.150422152e-11 1.182532214e-11 1.158533162e-11 1.16122488e-11 1.193045154e-11 1.150422778e-11 1.147706773e-11 1.187799935e-11 1.169260987e-11 1.177242709e-11 1.100501637e-11 1.120177456e-11 1.174588067e-11 1.17192686e-11 1.134025757e-11 1.147706527e-11 1.131269219e-11 1.1173877e-11 1.174587047e-11 1.147704753e-11 1.16658873e-11 1.108977558e-11 1.097658951e-11 1.100500519e-11 1.171927075e-11 1.174586846e-11 1.080463829e-11 1.136774185e-11 1.169260833e-11 1.08046342e-11 1.213794501e-11 1.106159326e-11 1.142253069e-11 1.155834096e-11 1.155837004e-11 1.15583541e-11 1.158533529e-11 1.190426337e-11 1.256751178e-11 1.15313169e-11 1.147705193e-11 1.057098114e-11 1.249277439e-11 1.158535309e-11 1.163909994e-11 1.216362514e-11 1.187799415e-11 1.139517019e-11 1.206054469e-11 1.185168552e-11 1.147705455e-11 1.155836131e-11 1.086226381e-11 1.117388536e-11 1.128507231e-11 1.218924494e-11 1.15042306e-11 1.193042863e-11 1.244271299e-11 1.155837272e-11 1.21636503e-11 1.161225077e-11 1.128508344e-11 1.206054897e-11 1.174587682e-11 1.144981449e-11 1.198265786e-11 1.276465692e-11 1.182532966e-11 1.16658785e-11 1.150421887e-11 1.15042272e-11 1.163909661e-11 1.221486894e-11 1.195659072e-11 1.125736906e-11 1.171926742e-11 1.139518133e-11 1.234196343e-11 1.266646882e-11 1.203465394e-11 1.266646659e-11 1.166586819e-11 1.142251794e-11 1.195659909e-11 1.195657838e-11 1.187799654e-11 1.182532554e-11 1.269110129e-11 1.221487007e-11 1.163908855e-11 1.158532845e-11 1.17724144e-11 1.218926448e-11 1.195657048e-11 1.18780094e-11 1.120179094e-11 1.203464891e-11 1.216363793e-11 1.190426727e-11 1.198264667e-11 1.122961332e-11 1.187800214e-11 1.231664411e-11 1.203465542e-11 1.1531316e-11 1.158533429e-11 1.224039308e-11 1.195656353e-11 1.16391e-11 1.158533322e-11 1.221485699e-11 1.226584902e-11 1.122961489e-11 1.221485347e-11 1.117387568e-11 1.206055549e-11 1.174588199e-11 1.166587833e-11 1.155836e-11 1.158532385e-11 1.19565665e-11 1.147705278e-11 1.203466662e-11 1.169260151e-11 1.171926493e-11 1.182533333e-11 1.120178597e-11 1.155834306e-11 1.185169583e-11 1.177242563e-11 1.166588875e-11 1.177242427e-11 1.203464327e-11 1.198265753e-11 1.182533518e-11 1.198266668e-11 1.16926012e-11 1.171927673e-11 1.231665292e-11 1.136774568e-11 1.117389252e-11 1.200867836e-11 1.182533994e-11 1.182533386e-11 1.161224973e-11 1.122961663e-11 1.169261736e-11 1.100500788e-11 1.108976582e-11 1.185168465e-11 1.169262002e-11 1.174587448e-11 1.166586945e-11 1.193045222e-11 1.185168923e-11 1.224038325e-11 1.208640078e-11 1.163909763e-11 1.1504229e-11 1.114592013e-11 1.153133305e-11 1.163910057e-11 1.155836431e-11 1.083349249e-11 1.195657236e-11 1.23166457e-11 1.144981236e-11 1.182532494e-11 1.166588375e-11 1.163908602e-11 1.122962441e-11 1.150422168e-11 1.14498092e-11 1.147706316e-11 1.134026336e-11 1.16391086e-11 1.083348505e-11 1.100498721e-11 1.139518165e-11 1.094813907e-11 1.182530565e-11 1.083347805e-11 1.169260725e-11 1.139516559e-11 1.147703672e-11 1.174588662e-11 1.166587883e-11 1.111788753e-11 1.150424556e-11 1.111788664e-11 1.094812799e-11 1.103332162e-11 1.166588723e-11 1.144982153e-11 1.139516843e-11 1.128508031e-11 1.174588977e-11 1.213793854e-11 1.122962122e-11 1.100500726e-11 1.16658736e-11 1.158534045e-11 1.155836459e-11 1.16658684e-11 1.128507612e-11 1.062988292e-11 1.179889413e-11 1.07467001e-11 1.128508531e-11 1.057097651e-11 1.071761558e-11 1.131268288e-11 1.033204978e-11 1.094813486e-11 1.134025314e-11 1.13677493e-11 1.089097351e-11 1.048202772e-11 1.05117799e-11 1.0775699e-11 1.091957081e-11 1.051175941e-11 1.150422616e-11 1.02410544e-11 1.045221062e-11 1.111786485e-11 1.108976733e-11 1.117388496e-11 1.111787118e-11 1.07466869e-11 1.030179411e-11 1.120178232e-11 1.048204595e-11 1.051175767e-11 1.097660377e-11 1.057099387e-11 1.10615955e-11 1.071760728e-11 1.054143282e-11 1.0482023e-11 1.039231065e-11 1.071762274e-11 1.11178717e-11 1.103332921e-11 1.100499454e-11 1.065921625e-11 1.062988918e-11 1.161223923e-11 1.086225565e-11 1.054141535e-11 1.117387353e-11 1.057099181e-11 1.08334798e-11 1.094813552e-11 1.117388082e-11 9.93156342e-12 1.100498364e-11 1.125737984e-11 9.514234796e-12 1.042231188e-11 1.100499606e-11 9.773159849e-12 1.027147894e-11 1.030181442e-11 1.122962725e-11 1.062989805e-11 9.836833539e-12 1.017991236e-11 1.042230998e-11 1.065919968e-11 1.005649711e-11 1.120177729e-11 1.027147361e-11 1.027146549e-11 1.077571853e-11 1.094812432e-11 1.030181216e-11 9.836823057e-12 1.030180015e-11 1.083347514e-11 9.836817588e-12 9.676870622e-12 1.024103261e-11 9.962964231e-12 1.094811655e-11 9.644561313e-12 1.014917138e-11 1.011839048e-11 1.042231425e-11 1.008749252e-11 1.039231641e-11 9.676871223e-12 1.036222206e-11 1.008746755e-11 9.644565391e-12 9.709074505e-12 9.931579861e-12 9.836829643e-12 1.005649362e-11 1.036223749e-11 9.546952302e-12 1.051176857e-11 9.612140994e-12 1.008749518e-11 9.931553651e-12 9.994237107e-12 9.348743082e-12 9.415263955e-12 9.90008852e-12 9.676862984e-12 9.709071299e-12 9.900094483e-12 9.962945726e-12 1.005650752e-11 9.994234169e-12 9.579613978e-12 1.068845486e-11 9.248036926e-12 9.644556174e-12 9.348746855e-12 9.146211915e-12 9.805040379e-12 9.07772e-12 9.146228428e-12 1.011838843e-11 9.644564736e-12 9.805050492e-12 9.741164945e-12 9.481353083e-12 9.077707269e-12 9.043260767e-12 9.008666442e-12 9.112024867e-12 9.644545558e-12 9.481356908e-12 9.514218902e-12 9.805049679e-12 9.043247528e-12 8.727078722e-12 9.868506691e-12 8.582817102e-12 9.579629176e-12 
# Events [px2/pxAfterFirstFoil.dat] N:
123 154 171 156 135 151 134 161 125 142 140 139 147 146 154 140 156 125 160 136 145 151 144 150 157 162 134 144 140 169 143 148 143 145 170 176 177 156 167 157 147 161 137 139 163 152 153 161 163 165 168 154 186 165 184 164 178 170 175 162 192 164 200 180 182 189 211 181 149 155 173 190 154 166 199 170 187 164 198 190 195 188 151 187 177 192 189 187 175 195 179 188 182 163 198 191 188 178 189 186 187 197 195 180 187 158 207 190 197 178 184 188 180 182 219 211 229 200 183 196 205 195 198 171 190 186 206 202 178 159 192 220 195 179 181 205 193 184 202 215 190 221 197 199 193 213 211 218 196 245 193 211 203 198 222 206 220 219 205 207 218 229 241 179 173 199 173 208 230 216 206 218 207 189 199 186 212 244 191 211 200 211 207 234 231 248 211 228 243 237 205 224 198 219 219 207 221 184 196 208 241 211 225 231 240 189 233 197 191 213 219 226 233 213 226 259 222 233 220 235 203 216 220 211 236 201 240 208 221 217 221 200 225 235 228 229 216 238 231 218 233 209 241 208 212 231 198 207 230 233 197 219 213 199 230 211 221 227 224 223 219 222 221 225 225 223 205 227 207 237 244 203 212 216 211 222 230 223 230 242 227 228 225 229 237 213 242 224 197 225 220 209 221 211 187 255 219 209 204 206 213 212 220 203 213 230 204 217 204 219 197 199 218 206 212 218 206 221 183 225 205 197 187 205 196 221 223 170 215 206 203 220 190 206 193 194 245 193 196 211 220 210 200 233 177 233 197 190 215 216 234 206 201 225 211 182 194 180 193 191 206 208 204 184 221 192 195 220 217 203 201 197 211 164 167 205 206 201 206 195 191 185 205 200 206 175 184 178 201 189 173 184 176 172 174 200 170 185 200 184 189 188 150 182 180 205 168 196 185 188 174 170 198 174 182 203 171 187 179 175 194 150 155 173 192 181 172 187 158 156 171 154 173 160 170 187 162 179 166 161 170 171 175 174 160 159 161 157 174 183 159 169 154 154 176 155 156 167 176 148 153 149 158 136 149 169 181 176 184 156 143 182 142 160 148 153 144 152 167 126 155 145 160 144 140 130 130 147 136 164 174 143 140 142 127 117 130 136 138 132 111 
56 58 58 62 54 56 61 78 46 55 66 61 46 62 56 54 67 63 64 69 60 48 67 73 51 70 64 71 66 53 63 78 61 62 60 62 63 68 72 64 70 57 81 61 79 67 60 68 62 56 59 73 58 77 90 89 71 57 66 55 93 68 78 58 64 71 71 90 69 90 73 79 70 54 73 65 72 76 80 79 70 67 92 70 87 63 71 87 78 86 77 71 70 77 83 74 61 76 71 72 79 77 78 71 87 82 77 81 91 69 94 80 88 94 88 101 75 95 90 76 88 103 86 76 95 78 87 92 86 78 76 83 82 80 104 79 83 69 70 92 85 63 77 87 88 83 87 75 93 93 83 96 79 75 95 75 90 96 78 92 89 94 96 104 96 85 80 92 101 95 84 104 108 89 91 96 95 89 95 85 87 92 98 89 88 98 99 98 93 66 87 88 110 81 86 91 93 118 73 89 97 61 89 93 106 86 86 98 84 95 111 86 95 97 92 74 83 93 100 80 117 93 89 86 90 88 85 93 105 83 82 111 90 94 82 100 92 104 92 102 81 87 84 102 84 115 94 115 83 99 80 98 93 85 85 82 96 99 85 99 93 109 96 84 89 101 101 102 106 84 82 107 94 96 98 98 111 87 97 98 93 104 119 101 71 102 89 86 81 114 91 81 92 96 117 86 101 97 93 97 87 98 112 82 83 94 100 92 101 99 78 84 98 91 93 105 94 83 83 86 82 100 95 106 89 83 90 75 102 92 96 96 96 89 78 92 69 79 101 92 79 75 93 88 81 90 77 94 75 91 78 91 82 76 70 90 88 75 73 103 84 94 79 91 88 100 77 90 96 71 83 90 64 97 62 85 73 99 89 84 87 83 85 85 80 103 87 73 82 85 64 81 70 70 77 87 86 78 76 79 87 78 70 75 85 90 71 79 79 73 79 76 76 71 84 68 83 64 74 71 67 65 77 89 72 79 64 74 58 91 75 63 84 73 71 57 69 75 72 72 76 71 66 75 70 60 69 69 77 85 91 65 89 66 80 80 69 59 61 60 70 57 63 58 53 82 74 63 70 73 66 75 69 65 62 66 65 62 56 73 56 67 49 65 75 46 54 51 59 63 61 61 65 65 65 54 65 64 60 64 65 
48 53 50 53 38 53 53 49 48 49 56 51 50 62 52 46 57 39 47 41 44 34 50 53 54 45 57 54 49 50 54 45 51 58 47 54 48 45 42 42 50 57 54 47 43 54 48 48 46 54 50 60 51 56 57 62 62 60 57 51 47 54 65 53 63 69 51 63 49 68 68 58 59 54 62 70 56 70 66 50 56 61 66 70 63 65 51 68 43 58 44 68 78 65 56 50 60 57 61 63 51 57 58 68 68 74 64 65 61 67 56 63 73 69 71 72 69 65 71 77 66 58 71 75 63 70 53 64 77 58 75 73 66 60 73 67 63 69 64 50 68 81 62 70 66 82 61 64 60 56 63 69 73 81 71 73 79 71 71 69 76 76 74 71 66 71 57 55 87 65 51 75 53 81 67 72 70 72 82 52 92 76 68 76 72 59 71 79 82 65 63 82 70 61 79 82 69 69 72 74 76 61 66 79 64 66 76 54 83 80 77 71 67 77 60 76 74 73 78 83 59 82 72 58 81 76 71 71 70 74 64 85 73 85 54 80 77 73 81 89 70 73 88 70 72 64 76 88 65 77 74 67 80 73 70 67 72 89 67 63 83 73 75 80 79 81 78 76 66 81 60 82 67 87 67 65 81 78 74 73 85 61 61 70 82 60 84 71 73 70 86 65 84 86 63 75 71 67 87 66 83 73 67 64 77 91 71 75 57 81 69 85 88 67 80 74 75 66 81 58 62 66 70 73 71 78 69 70 77 71 77 70 72 86 66 74 72 78 76 76 78 66 81 80 64 71 67 68 76 68 74 66 84 88 64 56 44 66 61 69 70 70 58 61 63 66 62 58 59 68 67 70 67 61 52 68 69 77 66 69 53 63 59 53 80 76 65 65 46 55 72 57 66 65 61 58 57 72 65 55 54 67 54 64 58 54 55 69 64 63 55 52 50 59 78 63 56 54 63 51 59 61 61 57 77 68 66 60 60 52 64 75 56 64 69 57 57 44 59 57 56 65 61 61 50 49 61 50 58 45 48 42 49 51 49 49 60 57 43 56 53 40 60 55 52 56 48 57 57 40 44 48 51 44 44 48 49 50 54 46 36 43 51 47 57 48 38 53 46 59 48 43 45 39 38 42 48 37 53 43 49 
39 34 45 36 45 40 36 36 47 47 53 38 46 39 46 39 35 35 43 32 37 38 40 40 37 44 49 42 42 36 38 35 43 38 35 39 57 48 53 38 54 55 41 57 50 50 44 49 36 56 51 32 36 42 39 44 46 45 47 44 46 51 54 51 42 41 57 40 39 52 42 48 62 47 64 61 53 41 49 59 53 69 42 52 45 58 45 45 48 56 48 49 49 43 51 61 53 52 50 69 58 64 55 64 56 54 50 70 52 46 42 63 55 53 56 69 59 57 42 50 58 52 47 80 67 59 68 67 73 61 58 79 60 55 67 50 42 54 57 61 55 60 66 78 54 67 61 63 51 63 47 61 60 67 63 69 53 60 67 59 54 60 61 53 62 70 58 67 60 77 65 51 64 76 77 57 68 60 61 53 59 65 78 66 71 45 73 55 61 63 56 67 70 79 64 67 74 50 61 60 71 68 71 63 53 72 74 65 54 62 52 67 61 56 66 73 62 69 63 54 62 56 71 86 58 59 65 53 62 49 72 72 64 80 65 62 61 57 69 64 67 65 55 75 63 59 70 59 58 64 63 65 71 73 62 68 78 67 53 56 53 59 66 86 73 50 67 61 77 62 72 56 70 69 66 62 61 66 67 63 62 49 84 48 63 53 72 75 52 74 72 48 56 61 71 51 75 56 66 57 67 64 68 64 71 48 60 73 56 56 81 70 67 63 67 62 57 65 69 66 56 61 74 58 59 63 69 57 52 55 67 68 73 62 64 71 49 50 60 60 62 59 72 63 57 53 46 63 74 57 59 53 60 56 59 52 65 71 63 54 45 50 63 49 57 63 60 67 63 51 52 56 54 62 61 48 58 70 58 45 53 53 52 59 60 64 58 61 66 50 59 70 70 55 70 67 57 65 49 46 49 54 60 48 61 46 56 59 50 68 50 61 54 52 57 35 56 57 58 46 43 54 55 43 60 61 47 69 43 39 46 58 42 54 56 50 54 49 41 40 44 39 44 47 52 66 55 41 52 55 69 59 40 45 34 59 51 50 51 41 46 44 49 43 51 41 40 44 42 45 40 48 49 40 42 48 45 35 31 49 46 47 41 47 41 34 48 47 51 43 33 33 35 38 42 41 36 34 33 43 40 
37 30 29 33 43 31 31 41 32 40 39 40 29 26 37 43 27 41 36 38 36 37 42 34 30 51 50 44 48 40 31 38 43 47 39 40 33 52 39 37 40 35 39 49 51 47 39 46 45 54 33 45 30 37 46 46 46 53 40 49 50 58 47 50 52 36 57 50 54 38 43 39 44 55 44 45 57 38 43 51 51 44 50 43 55 48 62 51 42 48 64 32 48 47 48 44 60 33 46 52 49 37 43 56 58 51 64 39 50 39 53 50 36 57 54 51 54 54 50 63 47 55 52 48 56 53 58 46 58 49 51 61 54 51 44 51 54 60 49 62 49 37 63 49 57 42 55 50 72 59 45 70 46 52 55 57 48 56 51 48 52 45 40 46 52 60 55 70 43 49 51 67 54 50 45 65 60 56 48 60 67 62 49 61 66 56 52 55 59 59 66 59 53 48 61 62 49 48 46 66 58 61 58 63 69 61 38 55 61 72 59 63 64 65 58 57 56 68 63 67 65 58 66 66 56 53 61 60 68 59 62 51 54 48 48 74 43 56 63 56 59 67 51 66 59 68 74 57 49 41 49 61 51 58 61 46 50 65 63 55 54 57 61 53 64 58 59 63 52 64 56 47 61 57 70 48 64 59 55 60 58 67 64 58 53 63 50 57 57 54 60 64 58 66 61 47 70 45 53 55 62 50 57 61 67 42 40 56 64 56 55 71 61 57 50 42 59 51 53 55 56 52 63 49 62 52 60 65 63 50 55 60 65 44 58 66 59 61 39 48 48 60 42 53 57 60 54 52 60 76 53 55 50 58 44 77 64 54 42 44 42 56 45 58 48 47 57 52 54 49 61 56 60 49 52 56 65 55 47 53 45 49 52 63 47 43 57 38 48 51 49 52 48 57 62 54 59 43 65 56 48 59 49 44 43 52 49 47 48 45 52 60 53 41 45 50 39 46 38 32 49 50 44 41 54 38 42 57 44 48 43 36 53 52 34 36 43 40 39 54 42 48 41 37 39 51 42 40 46 61 38 50 41 47 36 39 36 46 49 39 36 45 40 37 44 36 32 40 43 41 32 30 43 41 37 44 33 40 54 43 32 39 39 41 44 44 33 43 29 34 41 37 38 20 28 40 28 46 33 28 44 
33 32 30 30 28 33 31 34 38 41 38 25 34 31 40 30 38 40 46 39 40 37 38 28 38 38 27 38 32 33 39 41 39 45 31 38 39 37 31 42 36 39 42 37 38 53 50 39 37 30 47 52 47 55 33 51 41 37 30 32 43 34 59 54 31 45 46 44 39 41 42 30 34 36 45 42 34 40 38 40 33 41 33 36 43 46 41 50 53 35 40 47 45 43 38 43 45 54 34 53 52 36 42 41 52 54 46 45 34 52 52 48 53 47 37 46 59 49 45 48 39 40 39 43 48 44 45 49 44 39 60 55 48 58 36 34 34 46 52 41 51 48 66 46 51 58 43 59 53 36 43 43 50 56 48 58 48 44 48 45 54 51 65 62 54 43 55 71 47 60 48 46 52 54 53 71 50 51 57 46 56 56 52 51 41 53 61 71 52 48 48 49 69 40 56 61 52 58 72 48 54 50 67 51 58 60 44 53 56 51 59 63 49 61 51 52 51 60 51 48 55 53 60 40 45 46 61 41 60 53 41 60 60 55 55 57 61 64 53 47 55 57 43 45 51 63 51 53 68 62 53 48 50 59 64 53 49 60 57 45 46 55 42 70 61 48 52 58 52 54 64 61 57 51 58 40 60 48 65 41 71 51 57 50 48 62 50 54 56 55 66 52 58 62 43 50 57 45 56 65 56 62 42 65 49 57 58 58 48 55 49 54 54 50 58 52 46 53 51 63 53 48 70 50 60 44 57 46 55 50 50 66 50 49 44 44 48 47 48 60 56 46 42 42 49 56 51 40 54 53 44 53 64 59 49 45 56 60 54 56 52 50 53 46 37 49 49 47 42 48 55 59 40 50 48 49 51 43 42 46 51 56 58 53 51 58 61 42 48 48 51 52 48 52 34 51 42 42 49 47 51 46 41 47 33 51 51 60 48 33 45 54 52 51 39 53 40 38 50 47 45 45 33 37 40 43 44 38 43 40 59 36 42 43 36 53 42 34 46 48 24 51 40 36 28 44 43 38 32 35 49 41 43 34 42 32 28 53 44 35 32 51 40 41 50 44 39 43 39 37 33 30 28 45 38 33 34 40 38 35 33 39 29 26 40 30 34 36 34 30 42 36 42 26 46 41 35 34 26 30 30 
35 31 32 34 30 26 38 31 29 30 34 31 32 28 28 32 29 36 32 36 45 31 23 34 44 31 44 38 46 32 31 29 26 35 39 35 50 28 43 45 46 33 39 42 40 31 33 40 51 30 37 47 36 31 37 40 31 39 34 46 38 38 44 31 38 44 36 35 42 38 53 37 38 31 33 34 40 36 36 41 43 49 46 51 62 36 42 43 44 36 37 34 41 42 59 46 42 53 44 34 41 41 50 52 36 54 49 41 40 37 46 35 47 48 46 45 54 35 45 39 52 39 44 51 55 57 58 45 44 45 42 46 53 37 43 46 61 52 55 36 54 46 47 44 49 59 46 47 30 39 53 48 49 51 50 62 48 36 38 57 46 52 62 30 61 48 42 48 61 45 42 55 37 50 53 38 60 44 62 45 38 58 41 44 58 58 46 56 48 58 44 49 51 53 42 57 55 49 42 53 53 40 59 61 51 53 47 53 69 45 47 59 53 56 41 48 54 43 50 47 48 59 55 62 43 55 53 46 41 58 45 43 55 52 54 55 56 59 60 63 40 53 66 52 55 49 45 64 53 43 58 64 42 61 68 52 49 50 39 60 52 57 48 55 61 56 61 43 52 53 51 51 43 59 65 66 60 49 42 57 47 53 48 43 49 41 51 53 50 53 58 47 57 48 41 47 49 56 41 49 57 52 47 60 46 49 43 48 47 52 49 54 54 60 57 56 50 59 48 50 46 43 44 48 53 48 53 53 51 42 51 44 60 39 63 49 57 49 44 49 50 53 44 38 50 51 49 57 61 46 41 51 33 46 53 54 41 42 33 57 53 40 46 51 44 41 56 48 42 60 42 43 46 40 48 44 46 40 38 44 52 41 56 46 51 49 48 49 42 49 50 38 65 38 40 55 30 42 49 57 47 32 40 38 45 33 40 39 38 51 44 53 49 49 36 50 47 43 39 44 36 42 44 46 42 49 41 40 45 38 34 27 44 43 37 38 44 37 41 52 48 35 38 34 34 47 45 40 37 41 43 38 49 30 46 35 38 46 36 48 36 32 36 31 35 34 34 29 40 29 42 27 32 33 36 48 35 30 30 33 27 36 41 23 19 42 32 37 32 31 28 38 36 34 38 33 28 36 24 34 32 
20 24 32 33 33 34 36 30 39 35 43 35 33 29 32 25 32 34 33 25 40 24 44 35 34 35 29 30 29 28 27 33 29 33 35 37 37 26 40 39 26 32 46 28 34 38 37 46 29 41 38 45 42 47 37 32 35 36 50 51 36 38 35 32 46 47 30 41 41 50 33 38 26 44 37 43 41 36 46 47 46 40 34 38 36 39 42 33 38 37 38 38 38 37 40 34 43 36 42 39 41 38 32 44 39 34 24 43 39 38 56 38 37 39 60 41 49 45 46 49 50 42 33 39 54 50 56 54 50 38 36 44 38 39 40 55 43 40 46 50 51 51 60 44 44 50 40 36 60 47 45 40 45 45 52 43 42 50 56 47 37 51 46 47 42 57 48 53 36 51 45 55 56 46 38 51 45 48 51 35 44 39 60 41 50 49 42 44 48 47 56 44 53 43 44 56 39 44 50 49 52 49 44 44 49 63 48 40 56 54 47 44 42 49 54 48 38 46 46 50 62 43 44 53 45 56 53 45 53 46 67 62 47 46 53 42 52 60 61 43 44 59 55 56 44 59 48 60 46 43 45 55 64 49 44 37 55 57 49 40 57 53 55 60 46 44 39 47 31 55 53 47 42 68 49 49 46 55 56 56 49 39 51 57 55 44 48 43 59 43 53 56 65 55 57 66 52 59 56 53 51 64 46 47 58 63 43 54 47 38 50 44 44 67 50 58 46 51 48 39 52 46 52 56 34 33 50 44 61 48 36 53 55 45 47 30 50 29 55 49 48 48 49 44 41 44 52 41 58 43 51 39 50 49 49 59 43 53 38 45 47 46 42 42 42 50 49 41 41 39 45 41 39 56 55 52 41 35 48 45 53 47 39 34 38 49 45 50 34 39 35 41 37 54 46 42 27 38 36 49 37 44 30 49 33 33 37 42 29 41 39 27 46 45 35 48 32 44 45 52 38 34 34 35 39 51 31 33 40 50 34 41 46 37 36 42 40 35 41 43 35 30 34 39 41 30 34 34 38 39 40 46 40 34 32 33 34 31 41 39 45 37 36 35 20 41 36 21 40 42 35 33 29 33 25 34 38 30 26 35 33 38 35 36 33 31 44 35 44 28 32 27 32 27 27 32 28 28 26 33 26 
29 30 27 31 29 39 30 29 36 26 36 43 23 26 25 31 20 34 33 32 42 41 28 27 31 25 28 43 37 32 37 31 35 38 30 24 36 29 41 31 34 28 26 33 50 36 24 37 33 40 35 29 35 34 39 35 31 35 43 32 32 38 40 40 26 27 45 34 34 36 43 42 33 32 43 40 45 45 32 30 53 32 45 38 48 48 42 47 39 38 50 47 37 42 41 40 42 44 42 43 36 31 45 31 41 45 46 39 46 45 46 48 38 43 35 39 40 38 51 44 38 45 54 39 44 47 37 47 44 33 44 42 39 30 51 59 56 38 38 38 42 55 45 40 46 39 39 46 58 55 47 50 49 43 35 55 48 48 40 47 42 51 52 50 48 48 50 57 51 62 44 49 47 35 35 51 35 52 50 44 41 49 55 52 51 44 49 48 49 49 44 42 66 66 33 55 39 51 55 57 51 61 42 49 62 58 56 47 60 51 44 51 51 50 58 58 51 46 42 51 42 57 65 51 54 60 49 45 41 50 46 48 41 48 49 50 29 51 52 47 64 55 41 63 43 52 45 54 51 42 50 56 52 46 53 42 49 46 54 58 57 53 41 52 56 49 48 47 48 50 50 52 53 51 35 63 51 55 28 59 38 50 47 49 54 38 56 45 49 45 69 54 49 48 38 45 46 45 50 62 52 56 52 40 45 45 65 51 47 46 42 48 53 46 60 49 52 38 47 53 46 36 40 41 43 58 43 48 58 53 43 42 45 49 47 59 57 57 40 46 46 33 44 36 43 54 38 41 30 43 49 65 46 50 43 42 46 52 45 54 53 42 39 49 47 34 35 53 50 38 49 38 38 43 38 44 38 50 49 36 40 52 42 28 35 41 39 39 41 35 37 42 32 34 42 53 37 39 54 41 40 41 49 51 38 39 41 38 44 38 32 47 40 39 40 35 35 56 37 43 28 41 45 55 49 45 32 44 30 48 31 33 43 47 23 34 47 36 36 40 39 36 31 42 44 33 33 35 47 47 44 35 32 36 39 35 44 38 40 26 30 39 36 35 44 35 38 40 31 36 36 36 38 29 27 33 29 32 32 31 30 29 30 21 24 36 39 30 31 32 30 34 34 35 31 35 39 31 34 25 27 
32 33 27 32 28 26 41 31 26 25 32 30 37 30 38 31 33 42 34 49 36 32 40 26 34 36 32 45 31 38 27 43 40 32 32 35 42 30 33 44 38 48 30 29 26 38 29 41 45 33 29 31 46 34 30 43 36 36 41 30 45 40 29 37 25 34 39 30 45 28 29 30 37 34 46 36 43 44 38 48 34 34 42 60 37 33 36 38 31 33 37 45 52 40 53 45 42 36 47 44 37 45 47 48 32 36 38 44 41 45 34 46 32 42 39 31 32 35 43 48 42 41 38 45 38 33 33 47 45 40 37 42 39 43 55 42 41 45 45 49 37 34 47 50 45 44 38 56 50 40 43 42 49 38 51 45 49 48 42 51 42 35 62 49 39 37 51 43 50 45 52 35 54 56 49 48 34 50 49 52 46 59 45 44 59 45 41 36 43 44 48 58 48 46 47 41 46 48 46 59 58 38 40 33 45 43 43 48 46 46 43 41 37 59 40 52 40 53 55 42 53 49 46 50 42 41 55 56 41 44 36 51 39 54 57 41 48 44 51 33 38 48 48 46 50 50 51 42 48 46 56 38 47 39 52 56 42 37 43 49 52 46 45 48 52 34 51 49 51 47 45 45 58 41 40 36 34 47 58 57 57 50 50 50 33 41 49 41 57 46 54 68 60 64 44 58 46 45 52 42 42 54 53 51 51 43 53 46 51 41 54 52 54 46 41 43 49 52 47 33 39 47 41 48 47 40 47 33 49 48 38 49 45 48 43 56 52 60 52 56 34 39 43 50 60 42 38 59 45 53 38 57 30 49 55 45 41 52 40 32 45 37 39 43 43 43 41 37 41 41 40 40 43 53 48 36 42 40 51 43 43 44 46 32 46 50 38 44 43 32 33 47 41 30 39 41 42 38 35 45 45 54 43 46 27 42 42 33 44 46 42 32 46 42 32 32 37 40 43 41 43 34 36 37 35 43 35 42 40 29 39 42 41 42 41 44 31 24 37 36 31 37 29 37 46 38 27 35 29 39 31 26 45 29 31 38 40 28 27 33 32 31 28 42 48 31 42 41 38 34 35 31 36 28 23 32 31 39 33 36 29 33 26 24 28 29 27 41 32 32 36 30 23 31 25 23 36 28 30 21 25 
36 34 27 29 33 38 35 37 25 45 37 26 25 26 26 29 35 22 34 34 27 25 25 31 29 30 30 31 32 36 40 29 37 30 34 28 32 39 38 42 27 39 34 33 33 33 36 34 43 35 34 33 22 42 36 27 30 30 41 36 39 30 33 43 40 38 39 32 38 35 23 43 29 49 40 37 34 40 26 28 45 37 49 47 39 40 36 46 25 43 37 35 41 48 31 40 45 31 35 44 35 46 46 32 37 48 39 42 50 26 34 45 39 56 52 33 42 32 46 44 42 45 43 43 39 36 49 42 29 34 38 52 49 48 44 41 54 48 37 45 45 34 41 50 48 57 42 45 61 27 38 41 36 39 45 41 51 42 45 49 37 40 49 40 44 43 37 45 49 44 41 52 39 44 64 40 49 43 38 38 58 47 46 44 33 56 48 52 56 50 45 54 41 34 42 29 39 51 36 39 49 51 47 58 49 41 45 40 55 34 55 61 53 62 58 48 42 36 47 52 52 40 51 40 47 53 41 62 46 47 41 42 56 45 45 46 41 41 53 44 49 46 50 46 39 68 45 53 39 49 50 53 42 40 45 43 60 46 59 52 46 51 54 59 56 39 46 50 63 37 46 46 49 50 54 48 48 47 41 41 49 40 62 56 50 51 56 49 42 49 51 52 44 53 47 40 42 48 44 54 38 36 43 56 50 49 51 48 41 41 46 46 54 38 47 42 61 50 48 37 53 52 45 44 44 43 49 42 39 43 64 47 50 57 37 54 48 52 39 43 40 55 41 42 59 50 35 42 53 45 46 46 45 51 39 42 52 42 51 49 36 41 41 37 40 40 39 47 45 39 40 52 52 44 32 45 44 46 33 40 43 49 54 43 34 34 39 44 42 53 44 45 43 41 37 50 45 33 50 39 42 49 43 38 29 40 40 44 35 35 24 33 38 37 37 28 43 37 32 45 43 47 44 36 38 45 45 41 39 32 33 31 37 37 39 45 39 29 36 39 32 32 32 39 38 32 33 34 35 42 37 29 26 31 38 37 32 31 29 36 32 39 46 31 26 38 37 45 34 24 35 32 28 34 42 22 28 27 35 39 35 46 30 35 37 29 33 27 38 38 27 39 30 41 30 28 33 32 22 32 32 
21 30 35 32 30 20 39 27 29 27 22 33 42 41 29 28 27 30 31 38 30 32 45 34 39 36 33 39 34 21 25 28 43 33 40 33 39 34 30 33 35 39 27 44 41 30 28 36 38 32 38 51 35 36 31 42 42 46 33 24 37 44 32 36 34 41 32 32 34 31 33 26 27 35 27 44 45 29 47 33 34 37 39 41 40 33 33 38 25 40 41 46 45 32 49 24 41 36 36 39 38 47 46 42 42 44 38 42 39 36 42 42 32 47 36 43 35 52 46 44 36 51 45 57 36 31 51 48 44 43 42 50 46 43 42 47 44 49 44 47 45 45 37 37 44 46 42 32 54 39 43 49 38 47 45 50 47 56 54 60 51 36 51 46 48 47 26 45 47 53 40 55 51 48 43 35 47 52 40 50 38 40 45 45 43 45 46 42 44 51 43 49 46 45 53 42 60 40 34 47 53 46 56 52 30 52 52 50 66 59 48 42 43 54 44 59 45 53 43 42 53 42 49 56 47 50 54 49 47 54 44 45 51 55 43 42 53 43 42 47 43 45 44 61 51 47 51 53 60 46 58 49 42 48 52 56 40 44 49 43 56 47 46 43 49 40 52 47 57 49 37 60 46 53 44 50 47 55 51 46 47 52 45 47 52 59 51 59 41 48 53 45 44 43 56 58 49 61 38 42 33 43 45 54 52 49 54 44 47 42 51 38 51 52 51 38 57 39 47 62 52 54 47 50 52 33 51 45 44 42 36 44 48 45 50 49 51 50 44 43 45 47 52 51 47 61 28 44 44 51 44 48 41 56 45 44 30 54 46 49 43 48 52 50 48 48 34 36 33 46 35 43 43 36 58 32 44 53 43 43 55 50 34 44 41 47 48 38 42 38 49 35 38 51 55 37 51 41 41 39 39 50 40 34 44 34 31 42 46 47 36 44 45 50 34 34 38 49 40 39 41 27 32 37 37 32 46 23 31 34 41 30 36 39 40 42 32 35 28 38 36 33 35 27 40 41 34 33 40 44 38 31 35 46 35 37 36 39 49 40 33 41 30 27 26 32 27 25 34 25 33 36 48 29 23 23 38 27 39 25 26 27 35 27 31 30 38 36 30 32 33 24 33 36 24 29 35 25 39 31 34 
24 37 37 30 27 22 35 24 30 23 30 29 26 34 36 26 39 33 28 26 45 41 37 40 39 29 28 31 31 27 30 33 38 31 37 34 29 43 36 31 43 38 38 36 41 35 28 34 34 30 29 40 37 32 45 43 37 45 34 36 34 33 34 29 33 31 45 37 44 40 37 40 48 41 57 41 47 46 32 41 44 48 33 47 39 38 41 45 46 35 41 31 52 39 33 37 33 42 39 43 43 37 51 44 45 46 48 37 38 35 48 43 41 50 52 39 37 44 45 41 42 38 46 51 47 50 38 40 42 46 54 47 56 45 48 47 39 36 48 36 47 57 50 39 44 45 27 37 36 60 53 54 36 50 60 48 48 55 40 54 43 45 44 48 53 46 44 39 58 49 51 38 50 41 41 53 42 55 39 46 45 47 54 41 49 43 40 55 58 45 63 57 46 57 52 45 52 51 46 54 52 52 60 44 40 52 56 52 61 51 46 48 43 56 53 42 51 60 58 41 46 53 46 59 44 46 42 56 56 42 55 45 47 47 41 57 44 47 47 52 52 63 64 51 48 61 51 44 47 40 52 35 32 47 42 40 43 52 44 50 49 38 49 40 64 50 51 39 54 44 38 38 38 37 37 54 47 57 47 38 57 48 47 57 52 52 47 51 53 49 50 45 41 57 52 53 47 34 48 43 39 33 43 43 57 54 57 45 58 53 40 55 59 42 50 50 60 45 42 42 55 37 50 49 42 45 44 52 48 40 39 53 44 54 49 50 45 52 37 49 56 48 40 41 56 50 45 46 53 38 41 41 42 40 37 50 47 51 34 35 46 38 34 53 58 45 38 51 55 55 46 37 36 49 39 47 45 38 48 41 60 48 51 43 50 48 44 39 43 52 39 38 37 49 39 45 40 39 41 32 35 37 30 48 46 43 40 43 38 46 45 44 55 43 29 29 32 43 39 45 44 29 37 47 39 46 33 34 38 39 41 34 37 42 24 30 48 32 35 41 41 31 38 42 36 42 45 36 40 32 46 39 34 28 32 43 38 37 35 36 30 31 31 30 39 32 29 35 26 37 27 29 44 35 35 36 29 29 27 31 37 29 26 33 28 37 36 32 38 46 19 20 28 32 32 34 21 22 32 23 32 
26 26 40 44 41 31 44 22 35 31 17 32 28 24 30 39 28 25 37 22 34 34 46 32 29 37 39 24 39 32 37 32 36 39 38 34 26 28 39 36 38 25 36 39 32 37 45 36 28 40 28 41 35 39 42 39 37 35 35 41 46 41 47 40 33 34 25 46 51 42 37 38 35 34 48 37 38 40 43 40 52 37 51 39 42 49 39 31 44 29 38 44 47 42 48 44 39 44 33 47 48 47 44 36 54 51 56 49 36 48 38 29 40 61 46 41 35 52 45 42 44 49 37 49 34 54 43 43 42 35 38 48 39 60 53 56 46 40 43 36 44 42 45 53 45 55 45 47 49 54 44 44 35 53 44 44 57 44 37 46 46 44 46 44 42 39 52 54 50 54 42 47 47 48 46 47 48 55 45 47 50 48 56 41 55 67 36 52 48 42 41 44 49 55 58 44 41 50 43 63 39 37 58 58 71 58 39 51 68 60 49 55 53 40 50 43 55 33 43 39 53 51 46 55 58 51 44 55 60 52 49 50 53 42 45 49 48 50 60 39 52 43 51 45 43 52 52 51 44 47 49 48 37 45 42 49 50 55 50 41 45 44 50 49 43 45 58 60 52 50 48 42 53 42 54 58 49 44 71 47 46 48 41 44 59 58 50 51 56 37 60 47 65 50 47 46 43 54 52 54 53 52 48 62 41 50 52 52 36 33 50 37 37 46 41 50 37 49 53 38 35 40 50 48 51 45 51 47 48 47 48 52 50 53 42 52 60 50 47 45 58 42 40 36 41 50 44 36 49 55 48 49 54 41 36 67 42 47 35 45 51 53 53 39 41 45 42 39 50 51 42 39 50 49 38 39 48 54 43 47 48 30 49 36 45 37 38 44 44 38 45 42 45 46 50 34 55 39 43 53 43 31 50 26 43 35 40 44 36 54 46 27 37 41 42 44 38 39 38 48 51 39 38 42 44 34 29 26 31 42 38 34 39 36 30 45 40 39 31 35 41 41 40 33 41 38 32 24 34 36 45 36 36 34 35 40 34 46 45 33 26 44 31 46 31 34 41 32 30 33 36 36 42 45 27 34 44 38 30 36 42 34 35 33 36 36 30 32 32 33 30 43 27 25 26 24 32 28 31 40 30 
29 38 42 26 39 33 34 37 25 33 37 26 31 25 26 35 36 44 28 31 40 35 26 41 37 44 33 33 32 36 52 22 41 42 35 31 41 48 43 40 33 28 33 43 31 34 30 47 38 35 42 40 39 36 41 46 40 34 44 31 46 33 33 49 39 32 47 45 41 29 38 38 47 48 46 38 29 35 34 46 32 40 31 37 43 46 50 49 48 49 51 54 42 43 52 44 39 25 47 50 39 43 49 47 50 51 39 54 37 42 49 52 38 47 37 49 51 41 48 45 47 47 58 46 56 44 52 45 46 41 32 61 42 56 49 44 56 43 48 42 39 44 58 59 46 40 43 53 32 58 42 47 46 51 44 35 45 44 50 44 58 56 58 51 35 59 46 44 47 46 53 42 59 58 45 45 45 53 46 64 52 40 38 52 48 46 54 40 60 60 58 58 56 56 59 51 52 37 50 36 44 46 57 63 42 53 47 45 45 52 57 50 62 46 50 56 62 68 42 48 52 43 67 45 58 50 51 51 53 55 52 41 40 49 56 55 43 57 63 59 52 49 46 50 45 48 56 64 37 42 56 48 64 62 56 51 33 59 49 39 51 57 53 45 45 72 36 48 48 44 54 56 49 56 54 52 48 58 51 41 45 51 42 55 42 62 53 58 49 46 56 51 53 46 46 50 43 52 34 62 58 56 43 60 50 49 52 48 50 50 37 43 53 46 50 57 66 54 55 54 49 53 42 59 47 55 41 41 44 41 41 56 43 56 46 65 41 53 44 57 46 50 56 53 48 49 44 34 53 45 42 57 42 42 46 48 57 43 50 52 34 51 51 47 55 53 47 50 40 40 51 40 47 51 42 46 52 48 52 37 38 46 49 37 49 45 41 42 44 45 51 42 38 44 48 38 29 40 36 43 50 44 43 39 45 45 48 54 32 43 48 40 53 48 41 38 48 45 40 46 40 36 41 44 46 38 35 46 40 44 42 28 37 27 40 31 43 41 38 37 51 33 40 43 36 37 41 48 32 35 40 40 24 39 46 30 44 33 35 36 39 46 29 37 45 40 33 29 28 31 30 36 38 21 26 29 33 42 36 29 45 36 37 38 36 24 27 39 31 26 33 33 36 26 32 34 38 26 29 40 30 
35 34 36 24 26 35 33 26 36 41 42 28 36 42 30 28 38 32 37 41 36 39 34 46 37 36 46 33 31 34 41 39 43 37 40 38 39 35 34 33 44 30 40 34 29 39 44 42 35 42 43 43 35 31 37 35 37 35 40 41 26 38 47 45 41 38 42 55 41 39 46 41 49 52 38 37 54 53 43 54 38 46 41 53 43 41 46 39 42 52 50 47 47 38 44 38 35 49 52 37 43 50 46 41 50 57 45 38 51 43 49 65 46 44 48 52 50 47 43 45 47 44 43 40 49 45 50 53 58 44 57 45 57 44 54 45 42 55 35 44 50 40 37 50 45 45 44 49 54 51 47 62 56 52 52 46 55 67 64 53 35 54 61 65 51 50 54 48 43 45 40 63 59 58 56 43 42 61 47 49 37 54 57 49 56 64 49 57 43 72 47 57 48 44 42 65 45 61 52 52 45 44 51 52 54 47 63 49 47 54 40 47 59 43 50 60 64 57 52 56 59 53 60 67 61 60 66 46 62 55 51 53 64 48 51 56 59 53 55 46 60 60 51 55 61 43 71 65 65 55 61 49 54 58 53 58 60 58 62 56 49 54 55 69 58 55 43 59 53 56 57 56 61 62 50 53 58 48 61 54 71 56 57 61 53 45 51 44 61 52 57 53 61 46 46 58 56 52 66 55 47 56 57 54 53 51 48 61 48 60 53 53 52 53 51 76 53 55 45 43 55 54 37 47 49 49 66 52 57 54 60 54 61 47 47 39 56 48 53 49 45 60 56 47 53 43 58 57 45 52 43 49 49 48 55 31 60 55 42 50 49 41 58 52 61 45 50 38 44 49 38 47 47 46 48 49 47 41 46 41 52 43 35 50 44 64 44 46 52 35 59 37 51 55 34 48 43 43 40 32 36 48 47 55 56 41 45 38 38 52 44 34 42 36 41 50 47 54 44 48 38 48 47 38 51 46 29 40 55 36 32 38 50 33 37 48 42 40 39 33 35 37 47 40 43 34 45 37 41 38 44 37 43 54 41 40 32 30 28 41 41 53 29 43 51 35 42 41 33 38 27 29 34 32 34 45 36 29 35 35 50 37 40 40 40 44 34 35 34 34 37 38 28 34 34 36 32 36 39 31 29 
26 29 32 49 30 44 46 42 36 36 40 37 42 36 32 38 37 43 38 37 39 33 35 38 50 27 39 43 55 55 30 38 39 43 37 48 35 37 54 36 52 38 32 38 52 46 53 43 47 43 50 42 30 39 49 46 39 40 65 42 34 52 42 44 47 59 41 46 49 57 35 35 48 38 47 45 46 41 34 49 49 45 46 38 45 51 50 59 57 43 51 45 48 60 52 45 48 41 48 53 56 50 43 47 54 54 48 50 53 57 51 63 57 47 47 56 57 60 44 49 57 49 45 58 56 59 62 50 56 56 52 40 52 65 54 52 50 49 55 45 60 64 57 54 59 44 61 56 42 46 51 51 62 46 53 43 63 54 42 54 56 53 49 62 62 54 55 57 57 58 56 62 45 54 71 45 76 71 65 68 50 63 59 53 50 69 41 46 54 61 54 56 74 49 69 57 56 48 46 48 52 48 43 52 60 48 48 53 48 48 51 68 59 70 62 54 64 61 56 63 58 58 63 67 56 58 56 56 60 56 57 55 47 60 65 60 64 55 47 74 61 89 53 51 58 70 55 59 63 53 59 61 46 45 55 53 62 61 59 52 51 72 60 51 65 58 55 45 64 65 57 49 64 59 69 62 71 61 67 59 42 65 67 62 58 55 51 58 74 54 61 54 59 69 43 43 45 55 52 50 59 61 61 58 78 68 53 56 53 60 70 58 61 65 63 60 72 65 60 61 43 54 51 60 69 61 79 55 63 68 48 66 47 58 50 63 54 52 45 56 56 48 46 49 64 52 60 52 53 45 54 44 57 50 66 54 65 58 57 57 49 59 53 51 53 56 64 53 57 57 56 42 71 50 60 59 38 44 52 54 47 48 39 46 46 48 61 52 52 50 51 63 47 52 53 58 49 49 55 39 42 55 52 48 54 59 49 55 43 42 52 63 55 54 48 50 52 46 45 39 47 35 48 42 36 34 54 45 44 51 51 44 38 40 52 45 44 41 51 42 44 48 54 45 35 37 53 27 36 42 35 40 31 45 48 45 42 45 51 27 36 46 34 51 36 36 56 38 50 25 40 48 57 40 45 23 38 25 35 38 49 45 36 34 33 40 41 36 46 37 39 43 40 36 37 22 35 30 31 40 31 
40 44 31 37 42 35 47 35 41 42 35 37 35 39 50 35 44 41 42 41 56 56 44 50 51 46 46 40 50 71 47 37 50 47 43 47 39 59 47 45 48 36 42 42 53 50 47 45 42 44 58 39 41 38 42 60 55 47 58 37 51 35 52 61 49 46 52 46 51 40 44 52 42 44 43 49 51 39 36 56 47 43 40 46 59 55 56 47 56 49 47 45 52 49 53 65 54 45 51 50 66 60 50 56 59 53 63 58 68 67 53 51 60 48 46 52 49 41 65 57 60 63 50 62 56 56 59 49 55 56 62 53 45 58 56 47 62 58 60 68 61 63 71 65 51 58 60 63 56 67 58 58 55 58 59 63 72 56 71 59 75 68 53 54 67 61 75 62 51 60 60 60 64 64 69 60 52 51 65 66 78 76 73 45 49 75 52 61 47 63 67 52 60 71 68 67 64 70 64 74 58 76 62 67 68 71 71 63 68 68 77 61 59 67 58 71 62 58 55 51 56 69 66 74 72 55 69 64 77 50 58 65 69 62 69 74 55 67 73 64 61 67 72 62 72 69 66 57 68 57 63 68 56 68 54 76 61 47 66 69 66 76 66 68 63 69 87 72 66 58 64 50 61 67 80 67 62 47 61 70 77 64 71 75 64 66 58 62 63 64 60 85 66 71 62 62 52 84 62 62 86 60 66 76 64 66 61 76 61 65 65 65 45 72 58 71 81 64 55 62 55 49 73 58 66 55 64 66 77 69 63 59 62 69 50 69 76 55 50 70 65 63 60 62 62 54 65 77 68 65 63 65 70 66 60 66 56 66 54 67 61 67 68 50 53 62 50 67 67 68 58 51 63 60 59 63 61 55 52 51 54 61 48 44 52 65 51 54 44 59 66 55 44 57 49 49 57 54 57 46 59 57 56 53 47 46 43 56 65 49 49 51 48 61 53 52 55 48 48 57 47 61 56 48 41 56 52 42 59 40 56 56 48 43 50 53 38 44 37 50 57 54 42 45 47 39 57 41 43 56 46 40 49 48 44 43 41 43 40 40 32 36 42 37 30 46 54 45 46 37 48 42 38 44 58 48 40 41 42 39 47 49 42 49 45 45 44 45 52 42 41 29 41 31 38 39 33 43 37 44 49 
44 45 46 37 48 43 38 36 49 50 39 37 50 49 46 43 63 56 45 48 46 40 35 53 37 56 44 55 50 63 35 44 63 56 50 41 52 54 48 45 61 51 77 57 57 45 54 60 60 53 56 49 41 54 57 65 51 63 49 44 60 57 66 61 57 57 55 57 44 50 53 56 57 64 51 52 66 59 63 64 70 52 61 53 71 50 67 58 52 52 63 66 58 61 60 59 61 62 68 46 63 58 53 56 77 67 68 73 68 69 63 76 69 78 67 65 66 71 67 64 64 71 68 70 64 65 60 81 71 61 72 69 70 78 65 61 70 70 53 87 80 63 65 74 58 60 71 73 71 72 70 70 63 65 69 70 67 65 71 70 72 81 78 84 64 79 87 63 66 83 79 64 74 68 66 82 61 71 62 71 74 82 59 67 69 66 69 75 75 72 69 68 57 69 61 76 76 67 62 69 71 69 83 69 76 72 73 80 62 63 65 73 70 69 69 78 81 76 77 87 65 68 79 72 79 77 66 90 83 80 66 59 74 59 71 90 67 74 74 60 84 70 71 73 79 79 81 77 75 69 57 76 76 67 78 79 86 69 62 72 86 74 75 77 84 86 69 68 76 70 61 71 70 75 85 60 65 83 75 62 68 69 77 76 76 73 80 66 66 91 74 72 67 80 76 79 66 70 62 73 80 54 78 77 72 71 76 69 82 57 81 61 88 64 89 73 72 70 80 90 68 76 70 87 85 70 71 74 82 60 69 76 76 66 78 70 53 78 65 66 69 73 64 76 73 64 78 61 79 71 74 77 46 74 78 73 72 67 64 87 72 63 65 62 67 67 76 61 68 67 69 56 68 70 80 58 53 75 68 68 72 72 65 83 62 62 47 71 63 66 74 49 62 59 74 56 61 70 55 64 49 73 52 44 52 69 50 75 66 63 55 50 55 52 69 52 63 60 54 63 67 60 61 63 61 56 42 72 43 66 58 56 47 69 63 44 43 45 54 50 57 67 50 51 46 50 64 47 69 51 60 54 60 48 49 65 48 50 61 59 47 61 56 49 55 45 64 51 53 44 52 47 48 51 67 48 54 43 56 45 51 52 45 46 52 49 38 56 43 52 38 46 44 55 54 47 45 48 43 47 37 
58 59 58 53 70 52 60 44 60 62 65 63 72 55 52 58 62 59 76 66 63 63 60 55 70 82 73 73 60 67 63 57 54 57 59 73 86 68 66 63 71 62 52 80 75 66 73 70 83 76 74 78 70 73 73 74 52 92 76 62 56 76 81 75 76 72 65 75 80 64 70 75 80 73 87 60 77 81 91 87 95 65 80 74 78 70 77 85 70 86 74 67 85 66 94 66 80 69 64 72 81 62 78 75 86 80 73 75 85 89 79 89 90 90 71 96 79 78 88 79 80 85 90 84 87 80 72 86 85 75 108 69 99 94 74 88 86 86 76 88 92 81 100 98 80 112 80 94 91 102 91 97 89 79 79 96 92 75 83 90 87 87 67 79 89 90 99 87 119 90 84 97 92 100 71 93 107 89 77 113 82 96 90 104 94 97 75 96 83 83 81 94 89 99 98 90 87 91 110 92 95 89 69 99 90 89 101 87 110 77 91 99 99 101 82 83 97 97 105 92 103 86 75 97 85 101 116 90 87 90 100 83 89 106 96 87 83 98 100 83 106 107 85 93 82 105 81 93 92 97 90 90 90 91 89 102 100 81 96 83 95 109 92 104 97 75 93 88 101 88 101 79 104 88 93 92 70 95 100 85 96 94 99 90 101 96 103 98 80 107 94 94 95 92 116 86 101 87 106 110 97 106 132 100 91 92 94 92 91 91 84 93 110 101 93 90 104 95 103 113 102 78 90 99 82 84 87 76 87 96 94 104 78 88 105 99 83 86 80 83 82 85 85 102 91 73 104 85 80 85 103 85 102 78 82 86 79 85 84 88 86 86 83 102 93 85 87 72 97 108 93 90 86 69 74 86 85 68 81 84 86 71 86 90 99 78 83 86 85 89 92 89 73 70 83 95 90 85 88 84 95 85 69 74 84 77 75 83 86 72 58 66 69 82 72 63 75 80 68 84 58 90 82 81 64 74 81 87 75 77 72 74 65 60 74 70 77 71 64 77 66 65 76 67 70 81 61 60 88 70 82 86 68 63 69 61 60 75 75 71 65 67 67 72 72 85 77 60 75 65 82 55 62 67 59 84 64 59 67 63 56 60 45 53 60 57 66 65 58 50 60 65 51 57 62 59 57 43 61 58 55 
140 144 141 122 153 139 136 153 150 129 131 136 143 148 155 141 133 137 155 144 140 144 144 147 172 174 154 157 151 158 144 154 148 135 144 115 172 165 169 177 156 158 146 138 149 164 141 144 153 186 160 163 159 150 162 164 183 169 161 171 151 174 192 162 181 155 185 162 173 167 173 188 200 172 171 142 154 183 170 212 164 183 153 183 196 182 178 170 173 175 168 206 199 174 164 169 206 170 181 176 171 182 205 220 190 167 182 176 191 171 196 195 189 192 172 205 193 186 212 200 249 197 192 190 169 188 207 229 187 197 217 194 211 192 202 209 215 220 218 194 213 197 208 190 206 192 207 175 186 217 216 211 215 203 222 217 202 195 212 224 215 216 228 212 211 226 219 222 194 201 221 220 206 211 205 200 221 211 218 197 193 194 220 221 187 207 219 187 236 196 209 214 214 214 215 227 253 213 211 179 250 215 217 237 226 208 233 225 211 214 189 200 204 238 212 228 248 214 237 216 204 233 221 210 230 261 224 218 212 212 217 239 229 203 220 208 244 257 232 257 218 209 229 229 226 224 258 239 217 215 222 238 229 226 201 232 237 227 230 202 226 243 232 213 215 240 229 217 215 239 241 202 239 200 233 221 218 214 215 229 211 232 219 220 224 201 214 225 222 218 222 232 230 224 230 219 220 243 207 200 231 224 224 216 202 219 194 197 225 219 221 218 228 225 240 234 217 212 199 213 217 214 188 229 243 210 224 218 217 202 212 210 211 206 217 188 194 208 192 224 188 219 208 211 221 218 198 212 198 192 195 218 210 208 204 221 236 202 194 218 215 214 218 204 181 223 185 204 179 184 205 171 192 206 207 190 176 177 186 191 177 212 168 175 198 197 200 198 185 170 201 176 177 193 179 196 184 178 176 173 184 198 195 194 182 181 216 189 178 200 179 188 192 200 158 194 203 145 174 194 153 169 170 202 181 155 166 174 182 162 201 169 169 186 192 170 155 170 188 155 150 168 159 192 149 165 164 174 163 173 150 172 163 149 151 158 155 162 172 146 177 148 163 158 160 140 142 157 150 151 157 159 162 160 147 183 137 149 140 134 154 132 134 164 149 154 152 144 132 131 130 133 149 144 145 154 131 122 156 118 147 
