# Format: McCode with text headers
# URL: http://www.mccode.org
# Creator:  3.7.12, git
# Instrument: /opt/homebrew/Caskroom/miniconda/base/envs/mcstas/share/mcstas/resources/examples/ESS/ESS_IN5_reprate/ESS_IN5_reprate.instr
# Ncount: 1000000
# Trace: no
# Gravitation: no
# Seed: 1234
# Directory: /Users/ldq/Work/McStasBench/benchmark/refcache/T1_ESS_IN5_reprate_work/ref_20260724_152752_94648_1
# Param: Lmin=4.9
# Param: Lmax=5.1
# Param: lambda0=5
# Param: Pulse_width=0.002857
# Param: Num_pulses=1
# Param: GUI_start=2
# Param: FO1_DIST=6
# Param: L_ballistic_begin=19.5
# Param: L_ballistic_end=17
# Param: Length=100
# Param: SAMPLE_DIST=1.2
# Param: DETECTOR_DIST=4
# Param: GUI_h=0.105
# Param: GUI_w=0.1
# Param: GUI_GAP=0.05
# Param: H1=0.167
# Param: W1=0.116
# Param: H2=0.185
# Param: W2=0.15
# Param: H3=0.19
# Param: W3=0.15
# Param: H4=0.213
# Param: W4=0.14
# Param: H_chop=0.075
# Param: W_chop=0.03
# Param: H_end=0.042
# Param: W_end=0.0215
# Param: ALPHA=3.4
# Param: M=3.5
# Param: F_slow1=16.6667
# Param: F_slow2=0
# Param: F_fast1=0
# Param: F_fast2=200
# Param: N_fast=1
# Param: SLOW1_THETA=120
# Param: FO3=1
# Param: THETA_fast1=180
# Param: FAST_THETA=5
# Param: Gamma=0
# Param: Etun=1
# Param: V_HOLE=0
# Param: FRAC_QUASIEL=0
# Param: FRAC_TUNNEL=0
# Param: TT=50
# Param: RES_DE=0.5
# Param: cold=0.95
# Date: Fri Jul 24 15:28:00 2026 (1784924880)
# type: array_2d(90, 90)
# Source: ESS_IN5_reprate (/opt/homebrew/Caskroom/miniconda/base/envs/mcstas/share/mcstas/resources/examples/ESS/ESS_IN5_reprate/ESS_IN5_reprate.instr)
# component: PSD_afterslow2
# position: 0 0 50.05
# title: PSD monitor
# Ncount: 1000000
# filename: PSD_afterslow2.dat
# statistics: X0=0.212117; dX=2.87083; Y0=-0.00849991; dY=5.49948;
# signal: Min=0; Max=6.8415e+06; Mean=2.85855e+06;
# values: 2.31542e+10 5.99322e+07 532268
# xvar: X 
# yvar: Y 
# xlabel: X position [cm]
# ylabel: Y position [cm]
# zvar: I
# zlabel: Signal per bin
# xylimits: -5 5 -12.5 12.5
# variables: I I_err N
# Data [PSD_afterslow2/PSD_afterslow2.dat] I:
0 0 0 0 0 0 0 0 0 0 0 0 0 0 0 0 0 0 0 0 0 0 0 0 0 0 0 0 0 0 0 0 0 0 0 0 0 0 0 0 0 0 0 0 0 0 0 0 0 0 0 0 0 0 0 0 0 0 0 0 0 0 0 0 0 0 0 0 0 0 0 0 0 0 0 0 0 0 0 0 0 0 0 0 0 0 0 0 0 0 
0 0 0 0 0 0 0 0 0 0 0 0 0 0 0 0 0 0 0 0 0 0 0 0 0 0 0 0 0 0 0 0 0 0 0 0 0 0 0 0 0 0 0 0 0 0 0 0 0 0 0 0 0 0 0 0 0 0 0 0 0 0 0 0 0 0 0 0 0 0 0 0 0 0 0 0 0 0 0 0 0 0 0 0 0 0 0 0 0 0 
0 0 0 0 0 0 0 0 0 0 0 0 0 0 0 0 0 0 0 0 0 0 0 0 0 0 0 0 0 0 0 0 0 0 0 0 0 0 0 0 0 0 0 0 0 0 0 0 0 0 0 0 0 0 0 0 0 0 0 0 0 0 0 0 0 0 0 0 0 0 0 0 0 0 0 0 0 0 0 0 0 0 0 0 0 0 0 0 0 0 
0 0 0 0 0 0 0 0 0 0 0 0 0 0 0 0 0 0 0 0 0 0 0 0 0 0 0 0 0 0 0 0 0 0 0 0 0 0 0 0 0 0 0 0 0 0 0 0 0 0 0 0 0 0 0 0 0 0 0 0 0 0 0 0 0 0 0 0 0 0 0 0 0 0 0 0 0 0 0 0 0 0 0 0 0 0 0 0 0 0 
0 0 0 0 0 0 0 0 0 0 0 0 0 0 0 0 0 0 0 0 0 0 0 0 0 0 0 0 0 0 0 0 0 0 0 0 0 0 0 0 0 0 0 0 0 0 0 0 0 0 0 0 0 0 0 0 0 0 0 0 0 0 0 0 0 0 0 0 0 0 0 0 0 0 0 0 0 0 0 0 0 0 0 0 0 0 0 0 0 0 
0 0 0 0 0 0 0 0 0 0 0 0 0 0 0 0 0 0 0 0 0 0 0 0 0 0 0 0 0 0 0 0 0 0 0 0 0 0 0 0 0 0 0 0 0 0 0 0 0 0 0 0 0 0 0 0 0 0 0 0 0 0 0 0 0 0 0 0 0 0 0 0 0 0 0 0 0 0 0 0 0 0 0 0 0 0 0 0 0 0 
0 0 0 0 0 0 0 0 0 0 0 0 0 0 0 0 0 0 0 0 0 0 0 0 0 0 0 0 0 0 0 0 0 0 0 0 0 0 0 0 0 0 0 0 0 0 0 0 0 0 0 0 0 0 0 0 0 0 0 0 0 0 0 0 0 0 0 0 0 0 0 0 0 0 0 0 0 0 0 0 0 0 0 0 0 0 0 0 0 0 
0 0 0 0 0 0 0 0 0 0 0 0 0 0 0 0 0 0 0 0 0 0 0 0 0 0 0 0 0 0 0 0 0 0 0 0 0 0 0 0 0 0 0 0 0 0 0 0 0 0 0 0 0 0 0 0 0 0 0 0 0 0 0 0 0 0 0 0 0 0 0 0 0 0 0 0 0 0 0 0 0 0 0 0 0 0 0 0 0 0 
0 0 0 0 0 0 0 0 0 0 0 0 0 0 0 0 0 0 0 0 0 0 0 0 0 0 0 0 0 0 0 0 0 0 0 0 0 0 0 0 0 0 0 0 0 0 0 0 0 0 0 0 0 0 0 0 0 0 0 0 0 0 0 0 0 0 0 0 0 0 0 0 0 0 0 0 0 0 0 0 0 0 0 0 0 0 0 0 0 0 
0 0 0 0 0 0 0 0 0 0 0 0 0 0 0 0 0 0 0 0 0 0 0 0 0 0 0 0 0 0 0 0 0 0 0 0 0 0 0 0 0 0 0 0 0 0 0 0 0 0 0 0 0 0 0 0 0 0 0 0 0 0 0 0 0 0 0 0 0 0 0 0 0 0 0 0 0 0 0 0 0 0 0 0 0 0 0 0 0 0 
1131157.566 1157453.132 779361.8537 607409.6828 1039534.941 459847.9011 898030.9984 339352.0015 1437447.741 213766.218 847998.7288 801665.0358 360141.7491 1106607.039 821191.3133 627431.4671 569209.4675 570427.492 426957.1264 727746.1136 421747.3835 252049.0286 1134385.665 950930.831 586562.4942 1020947.714 846999.9034 1190621.015 1006908.308 783562.0196 611599.7109 902810.3625 1218202.339 470861.8545 1417385.055 946009.6233 987523.2782 926610.703 910441.2183 383932.876 848512.7582 520457.1231 1273573.178 1405922.596 773810.7974 442715.9263 1437209.757 954724.646 1261992.729 429488.0661 768092.5236 510375.0266 314754.2159 668037.5068 508574.0347 1013813.643 559937.189 599644.4038 541448.1808 780175.3297 488826.4878 882149.8297 1476242.834 1120061.975 793986.3775 522116.5999 731027.9865 1207261.95 645334.022 1773437.36 1011743.005 1152134.673 788162.1848 1257603.82 820840.6857 935190.016 1174804.959 989265.7533 1119668.531 543718.8442 398646.6909 712652.3837 890712.2073 517531.4841 889987.0477 746773.3224 1153424.624 435225.0241 1148534.827 1667845.992 
3771519.835 4298584.307 4256021.816 3496269.022 2271825.438 3240803.806 3335449.637 3406567.629 2661597.527 3117177.492 3485249.407 4590016.189 2730879.042 3181695.237 2444390.552 4157588.102 3550716.147 3133533.94 4963423.002 3565254.745 3391634.498 4383797.575 2644949.265 3611679.58 3055339.814 3155945.569 3736928.873 2422261.376 3227690.223 4576982.98 2467269.143 4071817.585 4473877.018 4957627.921 2901026.155 4106167.731 3607194.486 3958588.433 4181781.19 2419586.289 4613488.138 3912485.283 4495638.636 4805692.345 3709726.88 3675533.62 2639660.695 3975170.239 4391754.065 3361162.151 3584824.196 2951693.664 4089523.746 4717331.604 3494466.862 3287382.473 3048013.726 4904956.589 3237304.306 4110767.543 4067740.15 3392770.24 4977620.054 2795968.531 5213387.812 4853826.237 4557734.08 4679958.301 4918122.116 3609707.224 3570803.511 3650287.591 4511161.008 4460789.014 2298294.36 3860678.17 3631615.476 4521188.602 4480305.888 3600715.968 3056475.083 5576330.73 4118277.966 4459474.229 5263927.341 3866338.973 2913364.996 4193333.163 3547835.846 3615620.964 
4169336.521 3163001.322 3428062.045 3507774.905 2705954.788 3783187.671 3533434.256 3280452.17 2395316.803 3763240.097 3355640.841 3260712.826 3195061.841 3759066.824 3584770.18 2692213.721 3332526.378 2415540.919 2669610.66 3529619.321 3703185.815 3476788.497 4617030.646 3829515.946 3394794.243 4258500.351 4130387.838 3493378.978 4639917.819 2572401.589 4292750.655 2914809.369 3318148.865 3541905.731 2973050.535 3673960.596 3727384.292 3101935.863 3418829.997 3252903.434 3404124.944 3729197.443 3160701.903 4188695.368 3370211.085 3275926.323 2782676.119 3953543.73 3637779.229 3057927.278 4755486.588 4883274.695 4875119.196 4278363.708 2764715.965 5323607.033 5038419.025 4056005.444 5435899.531 4208009.821 3276743.322 2828355.071 6497169.3 3652285.347 3152015.553 3518786.823 5341405.142 3651310.193 4687019.051 2560408.555 4574585.098 4896581.055 4631605.869 4289602.771 4235574.676 4782477.089 4740879.106 4115129.486 4362009.608 3266326.671 2809461.125 4936846.586 3784466.208 3881553.675 4306706.473 5162755.229 4696222.261 4587691.978 3363400.821 4662113.037 
2897267.546 4457132.667 3014533.136 2065809.339 5184544.552 3017676.609 3342282.345 1953362.337 2750932.927 2739691.123 4623998.198 2608634.797 3158144.995 3952803.868 3244237.811 2307832.194 3919447.511 2576323.988 4268275.198 3939054.782 2724664.307 3179994.777 3421111.784 4007852.418 3348132.58 3685931.093 2057374.829 4467800.252 2970799.695 2522910.773 3143335.59 4979741.219 4708732.372 3791452.308 3844271.762 4704810.251 3655848.968 3961452.165 4086633.77 4062868.375 5235551.587 3913653.134 4931928.678 4270533.43 4249562.989 3078105.091 3942965.354 4163301.392 4297896.107 3969086.657 3954416.06 4196620.386 4487921.199 3551970.548 3190434.44 5955009.971 4350171.139 4226975.974 5030522.819 4416318.596 5483068.144 3296419.763 3875073.809 3133082.341 4625165.968 4156023.215 4909503.604 4939316.791 6221196.38 2983853.163 3296219.432 3800227.86 4736240.126 4398957.554 3480926.623 3902145.505 4790240.368 5056817.813 4677449.469 3605957.467 3828004.164 4358207.828 5063484.594 5148263.17 4423596.078 3794514.119 3648319.216 4019491.451 3824531.893 5315405.482 
4488562.152 3047542.454 3698422.825 4126102.962 2932482.373 4055165.15 2700695.679 2558525.519 4213494.934 2636862.137 4802090.457 3274858.889 3630968.387 4736917.308 4762165.982 3534929.08 4013232.823 3858638.65 3747497.226 3871187.359 3125730.319 3143107.366 3341991.034 3594244.721 3562478.582 2926029.267 4670330.214 3756172.081 4306126.749 5233587.313 4222852.825 2844128.171 2954673.332 4699644.513 3211784.093 1710551.235 2908163.154 3845368.109 5773864.489 4470970.636 3021953.972 4134978.295 3722616.616 4813296.524 4145024.276 3750274.716 3000222.811 4752369.63 6406297.106 4150782.694 5165524.86 3030361.943 3230595.678 3210726.189 3499052.826 4520460.79 2982883.888 3639171.071 3643428.169 3350526.795 5097953.632 4781661.947 3777514.954 4517427.71 3948766.416 3289538.981 4224613.92 3586564.207 4654372.52 5091964.367 4761804.077 4069845.286 4694210.51 2560026.352 4006022.999 4212723.433 4905325.031 4616529.795 5101022.386 3784055.959 5676161.888 3689112.443 2576139.016 3549889.031 3915846.905 3608139.279 4666707.032 3641140.148 4150856.044 5420819.913 
3456830.356 3587754.528 3913546.903 3442321.591 3868070.625 3919887.411 2976423.492 3793240.684 3294271.647 2690745.075 4347526.668 5354432.211 4023153.894 4341434.213 3376904.681 4153067.488 3481132.827 3535590.732 3048478.165 3581044.066 3633481.765 3907601.655 3619757.911 3251746.941 4102918.26 4003595.584 3750411.666 3043409.501 2394418.714 5812637.41 5026589.024 5344825.194 3023721.031 3313793.71 3946261.771 3829161.127 3174701.337 2942819.461 5316124.328 3284779.907 4434286.243 3993566.989 3895305.806 5141883.076 3326306.545 4514704.826 3894504.692 3166928.733 5442739.742 3949116.127 3002428.776 4556232.709 2750075.716 4581190.212 3305601.211 3060408.723 3378655.105 4095233.177 6147028.593 4247173.085 4622493.243 4365097.479 3813648.219 4835356.865 4813891.296 4202441.913 3713820.777 3682665.912 4369170.625 3309572.879 4578394.302 2189538.231 3987504.241 3861468.501 4365631.186 4619274.435 3406048.15 3596727.86 4449405.143 4149190.719 5396733.077 4798232.824 3343092.434 4850936.416 3853888.203 3842809.618 3521100.528 4897369.709 3832952.066 4586125.226 
3289429.939 2378178.921 4442740.584 2495472.756 2678824.695 3461231.971 2768544.119 2625034.492 3392890.926 3394369.424 3462450.811 3593888.713 2629267.603 2356237.803 4386874.666 4331508.122 4503538.224 4696515.493 2766931.319 3255971.987 2801951.061 3743438.321 4784144.557 3983170.106 4202948.85 3142407.742 3516269.09 2870257.599 4164862.419 3196434.354 4118217.131 5491722.165 4737401.614 3555391.567 3654847.732 3442909.544 2478124.395 5098010.685 3505736.53 3933427.255 4519065.2 5223172.479 4378897.509 3625531.747 4040946.042 4376837.467 3829328.484 4232917.877 3436492.317 3479851.384 2694582.949 4963857.794 4010978.27 4180202.798 4782485.389 4777376.544 2419311.704 3258124.421 4693107.78 4215503.245 4399548.165 5529920.384 4623501.08 4563987.291 4688797.106 4094455.346 3832502.224 4405381.922 3223630.569 3105688.909 5466678.991 4905428.68 3773195.383 4268837.227 3567199.598 5223197.299 3814168.114 4457818.94 4304946.899 3686465.935 3407321.775 3710550.028 3784014.204 3905142.004 3537837.688 3770500.679 5141284.426 4486299.939 3908796.508 3449335.372 
3098057.556 3835898.564 3535937.052 3547871.388 3746119.678 4444256.455 3646410.876 3983721.918 3693238.55 3526969.447 4096660.061 2906188.504 3069483.313 5723816.112 2812936.888 3122551.595 3246880.388 2992154.672 4224322.12 4341521.334 4501999.375 3674960.334 3881903.876 4390015.199 5611261.304 4371058.101 4962265.617 4041095.569 2051313.07 3748227.565 3196678.468 3029962.903 2776074.24 3205505.925 3239707.071 3570073.205 3998055.063 3218963.761 2587984.515 4380246.568 4023748.581 2938971.087 2686377.882 3439850.449 2747974.267 3824731.618 4079378.212 2719114.159 3609249.305 3974050.807 5372777.851 4283342.832 2840168.703 3620805.085 3313712.63 3539178.953 3403277.924 3978417.245 4138903.191 4489928.354 5175367.232 3368936.144 3860927.23 3195278.094 3884986.553 4086886.363 4896834.844 3308966.483 4010208.131 4627722.574 4903102.142 6463791.385 3731465.513 5315927.753 3995502.501 4349980.955 3909983.243 4287622.584 4604088.595 3196308.192 3756559.192 5966947.419 3717889.094 4802443.238 4088636.608 3842044.129 5566317.362 4099383.254 4310824.028 3196920.19 
2992085.594 1634324.78 2812024.432 2600840.287 3009379.538 4290463.608 2704014.383 1848707.187 1812768.542 3720422.483 4845847.677 4030749.693 3671142.995 2730167.641 3350701.73 4254730.399 3237340.917 2075230.464 3290469.992 4921346.551 3487967.727 3414193.579 3595146.418 4155972.937 3343415.067 3777693.525 3573351.513 2444117.619 3439662.956 3536166.97 2995521.781 3780764.626 3330119.192 4039579.742 3705993.41 2212560.983 4447355.032 3192301.544 3635847.643 5082906.933 3779521.461 3618225.746 4506717.227 3997579.565 2775381.362 4203504.419 4129682.136 3005973.692 3146132.408 2782634.663 4007446.214 3634314.953 4388090.651 3006915.071 3982670.963 4734549.048 3512470.594 4162877.87 3779692.605 4112769.86 5202723.199 4344276.958 3515563.27 4380828.873 2706574.358 4411945.361 5144894.761 4141164.936 4632716.816 4466061.85 3095851.049 3830490.337 4846048.775 4616625.947 4085635.708 4455460.989 4573337.862 3725433.488 3601662.998 4934383.774 5601764.046 4021204.988 4838964.888 3758791.199 3985798.533 4557705.168 4437980.905 4538080.926 3617327.905 2967682.715 
4665323.764 3881006.286 3067020.04 3186224.797 3710560.801 2618440.613 3460631.757 3089601.333 3536944.231 2723499.069 3058351.188 2961523.162 3568770.628 3087523.108 1927065.631 3591113.746 3320339.83 3293451.262 3964932.139 3774656.74 3562250.586 3758606.932 3430439.753 4483042.679 4772110.577 4494599.944 3044788.489 3883030.481 3482323.99 2663029.451 4756605.363 3411298.099 3324245.993 4242703.938 3705129.098 2947566.7 4764356.851 3381225.64 4608517.543 4304107.117 3181513.432 3197776.503 4527194.049 2599886.638 2962101.659 3466774.768 3067335.775 4597975.319 4036164.509 3443172.997 3836892.412 4232444.17 2948793.644 2866676.239 3751434.782 4241220.219 3385786.896 4010306.026 4391155.364 3173147.318 4090561.232 3216597.357 5303613.836 4570685.577 3511083.216 3037505.375 4676867.267 5589212.904 5319537.054 4858638.951 4008150.791 3988658.003 5325008.875 3163324.926 4441498.098 4523198.903 3529104.036 5506312.291 3228173.62 3615008.457 4249999.011 4818838.01 5003600.294 4314176.134 5792610.397 3129266.025 3686450.083 5659245.848 3756316.992 5422013.112 
3276358.12 3272592.498 2833395.704 3771970.493 3760147.401 2404718.355 3117823.384 4025132.211 3061373.518 3295639.715 4433641.852 3488240.914 3267887.745 3115984.163 3738380.043 2869985.556 2686550.249 2841234.581 2492777.514 4286125.558 4065857.108 3962573.419 3667151.171 4891504.035 4014327.61 2975503.657 4330792.297 4570989.821 4546382.584 2380108.752 3012740.48 3748297.47 4852127.183 4303261.851 4574980.199 3252977.29 4269374.103 3060287.391 3488140.366 3336884.983 4001754.824 4471692.973 3707274.469 3381730.587 3410947.339 3193255.216 4374966.091 4429293.386 3595934.897 3366915.581 4302206.198 5461272.463 4044630.698 4749151.527 3715552.913 3805586.131 3055039.63 4002372.733 3998239.399 4958730.095 4139151.552 2997937.586 3464335.716 5285364.078 5071487.451 4218331.003 3601818.723 2987704.513 4290923.017 3203323.734 4443489.424 4060317.634 3467557.208 3802462.832 4560089.37 3628535.126 3374748.81 3073027.47 3128408.375 3205007.297 2974335.972 4656996.996 4371855.358 4086847.63 4573805.449 3580786.081 3336055.779 4210857.948 6560707.697 3514421.239 
4152111.019 2275855.566 2315063.573 3199523.909 3872190.165 2660603.84 3189342.225 4173220.457 2498144.941 3292015.569 2326142.494 3805793.792 2626267.931 4028226.575 3331375.738 2906859.819 3826749.359 3329652.231 2426804.161 2687580.798 3661503.022 2817687.689 2736856.612 3769810.976 3339754.461 2967314.314 3734201.992 3192366.832 3115490.624 3628682.239 3098420.053 4296232.282 4187679.598 3529952.793 3926801.391 3952381.849 2480059.734 4016842.108 3378981.913 3953182.6 4237147.646 5239861.108 3423060.962 3511049.521 4234733.05 2632257.798 3370995.67 4720226.016 4683601.223 2801320.3 2537483.242 3761007.013 4097559.463 3508931.679 4026595.102 2925983.289 3617355.326 5154176.478 4121919.063 3152562.911 4352037.948 2833004.918 4181534.032 4166363.82 4272785.725 3403181.093 6841498.429 4081389.848 4902704.341 3966053.106 4263204.776 4649852.596 4868206.393 3450145.83 4694330.117 5314225.549 4097795.915 3411519.693 4273238.844 3063746.543 3971392.689 4128318.144 5593340.285 3230807.247 4587771.455 4111042.36 4101185.629 4196036.704 4413727.536 4045725.2 
2982272.836 2883967.135 3127056.623 5238890.671 3148587.361 3718863.408 3352056.403 4006266.999 3157789.291 2536287.866 3108244.379 2509244.329 3037213.692 2939051.533 3102992.9 3289898.74 3289977.662 4236675.507 3703379.905 3763882.497 2350842.859 3718686.145 3404300.256 4238311.233 2944242.576 4070112.551 2342634.038 4024966.711 2689252.248 3909880.94 4152801.132 2872223.224 2923232.585 2764968.784 3963646.618 4539646.176 2644202.936 3570193.789 3566805.6 3705494.164 3574055.337 2951203.614 4059939.941 5260208.294 3342962.756 4298327.7 2889810.901 4144993.414 4231110.47 4131947.862 3482587.12 3066067.773 5136747.816 4145716.786 2732373.111 3236267.176 5466495.106 3823445.448 3397589.384 6159671.352 2985772.706 3140936.165 3422815.621 4094210.685 4781596.664 3250553.824 3585268.964 3381965.628 3863853.716 3660871.72 3225091.909 3419186.896 2920194.463 4479114.422 4945379.472 5260139.292 3581418.602 3284460.945 4580913.295 3249478.167 6685232.114 4949091.717 3817063.966 4176359.411 5054414.566 4475563.318 6284793.316 3768679.358 3887342.666 4770862.993 
2623326.284 2999514.336 3294959.247 3187329.627 4382471.258 2638998.755 3512274.436 3645821.207 2917851.573 3134408.385 2513980.371 3342140.25 3122176.316 3919895.499 4051795.453 2449721.657 4125727.389 4040461.235 4557117.091 2354550.686 3053706.109 4608679.888 3617142.088 3782095.465 2324538.299 3991542.55 3415489.047 2845004.894 4030298.245 4347888.484 3896790.854 2842747.571 3618227.005 3757006.271 3689907.54 4671998.389 3327956.28 3588648.122 3623282.259 2618092.522 2651790.291 3746009.473 3385620.792 2130776.255 4197962.691 4163973 3749477.591 4036396.294 3279069.917 4484624.524 3778198.419 5622394.153 3408475.817 2855871.933 3692220.858 5331891.665 2620723.804 3669203.754 2996286.185 4773239.795 3807523.118 3673630.67 2149068.976 4240804.848 3197904.94 3431865.296 3278858.7 3402495.861 3619882.857 3391818.328 4162964.157 5442811.136 2758222.952 4955988.587 3896387.912 3526230.2 3524824.562 5205533.285 4245329.083 3476405.274 4705963.926 4740421.709 5103702.017 3139993.264 3833214.846 3849626.241 3970766.634 4237334.897 4964003.601 4224292.699 
3178694.463 2666964.262 2928485.48 2488247.527 2873254.882 2565827.066 3799845.076 3463051.391 2986402.966 2619673.862 3234928.36 2371740.619 3330703.462 3008262.25 2351146.412 3368370.976 3364730.449 2993500.635 3774470.407 4390553.515 3051038.674 3199504.604 3258033.996 3115657.138 3257059.447 3818410.917 2912219.412 1960496.061 3125331.384 2515546.403 2507863.8 4032874.441 5522274.401 3889340.77 2737146.33 3081884.786 3690151.996 4391191.353 3219224.876 3479888.843 5340184.272 4542251.989 3400180.435 3032240.908 3543423.685 4104801.934 3249033.691 3963470.94 3302570.292 4600165.397 3868221.594 3436172.035 3139404.162 3800045.384 2742435.768 2154819.332 3615298.049 4064912.499 4360646.483 3255336.694 4877228.949 3939772.388 3974503.14 3295194.543 4947687.617 3369305.81 2837655.129 3498934.885 3430072.093 3760694.927 4477820.365 4667600.374 4463900.333 3692451.111 4725308.47 5116578.085 2799252.832 4687997.866 5271048.082 3702435.121 3642682.43 3786050.589 2781669.972 5691561.154 3533417.957 3776195.04 3600785.581 5123290.175 4853817.682 2723005.382 
3554871.257 1468212.776 1445600.911 2953286.672 2747810.133 2402616.566 4038194.175 3812898.446 2708055.803 4235627.583 2138535.881 3534817.631 3087845.657 3199315.091 2087114.386 4425997.306 4345305.969 4271121.635 3954249.441 3412692.962 3616003.247 3874444.645 3896831.245 3464693.195 3889049.685 3383364.03 3892149.171 4831650.42 2662356.195 2406030.03 2093272.092 3838913.681 2199284.111 2947896.488 3013714.315 4970961.576 4882298.262 3147714.48 4094713.048 3540874.183 3032542.503 3483717.204 3285507.287 3757269.139 3068896.012 3103149.559 3103437.895 4576120.561 3559087.049 4298824.565 2753306.382 2564009.291 3786436.973 3770357.596 2912631.184 2509741.632 3158361.138 3499250.474 3933057.229 4006066.668 3817787.98 4087303.462 2798808.991 4855325.169 2569996.878 4357351.846 2624921.294 3522315.797 3152805.672 3798511.602 3712834.936 3883694.439 4407471.95 3711179.091 3899949.289 3984005.596 4084179.543 4128470.167 3061521.58 4000230.252 3656178.026 4617813.607 2597087.372 2645363.124 4979256.047 3673781.189 4743568.872 3751045.143 4088635.101 3975615.435 
4142374.48 3304539.891 2586895.673 2831877.802 1721762.076 2910815.199 3475426.426 3416017.737 3629388.446 2173374.781 2492105.205 2706882.524 3227542.781 2099385.743 3106940.433 2367009.542 2198157.798 3603929.26 2740851.858 4305711.255 3008880.436 3374976.208 3075835.653 3511151.327 3081122.769 4147422.279 2822420.642 2716128.358 3626819.717 3682974.356 3302103.911 3333185.011 3253221.976 4011588.109 4206857.418 3230605.269 3164403.142 3828101.439 4589921.254 2903829.975 3121963.912 3570947.106 3030732.546 4264142.034 3265643.176 4219780.024 3388627.885 3954929.423 3530319.261 3316523.805 3777144.364 4085147.741 4487181.552 4503703.047 2899693.171 4365182.943 3614959.885 4305991.254 3900357.813 4185628.778 4157857.021 2861708.085 4251093.092 3333933.838 5333411.262 3827538.639 3752080.688 2907203.17 3879721.087 3926869.227 3320994.093 4608241.794 3851192.504 5090176.974 4148902.054 3283441.956 3346471.799 4416684.146 3598623.343 4009210.931 3966202.295 3193102.042 3215980.263 2058856.298 4284615.628 2699328.248 4127586.537 2915891.213 4752320.174 5057869.518 
4567006.143 3765343.312 3560225.718 3437257.868 2291829.537 3642664.292 3717652.98 3086744.749 2733827.401 4072831.111 3453020.724 3182041.164 3117831.975 2582138.337 3853046.704 3414298.24 3043522.223 2950122.79 2987534.326 2938378.85 2758405.914 3634257.059 2990729.247 2621443.179 3385611.671 3412254.134 3783063.848 2765916.389 2344647.08 3994305.721 3213007.587 3776220.792 3149212.905 2870346.148 3517646.673 3401823.803 2471902.548 3846678.223 4022146.038 3554457.644 4012715.726 2815051.252 3828666.2 3614256.738 3305262.102 4310550.418 2525877.774 3342632.744 2535382.445 3677194.88 3652838.484 4690052.059 4297211.911 4480157.396 3084171.186 3586530.074 4547328.112 3761340.961 3551980.07 1981048.896 4383153.098 3828242.868 2196728.783 3264868.806 3162116.626 3164933.537 4911415.029 4140057.777 3860751.45 4023259.387 5401562.656 4403969.082 3470354.681 3964403.484 3469602.219 4692174.467 3291330.152 3469151.015 4548615.943 3536769.824 5375053.281 4818710.472 5367025.631 3622903.986 3956821.278 4578450.286 2736333.417 4760811.604 2293026.141 3275166.274 
1664904.717 4002428.578 3227886.096 3132603.22 4047772.835 3504706.03 3458641.308 4443416.512 3417498.856 2090975.959 2270035.492 3987448.545 3639317.037 3166733.858 3041214.799 3543987.548 3088912.779 4093693.492 3139359.987 4069780.465 2801530.71 3537800.862 3166986.711 2990486.526 4383899.906 4022400.792 3347128.31 2622188.067 3135101.351 3256999.023 1904316.537 4098722.684 3493527.552 5046672.18 3428104.063 3525282.104 3195517.951 2564121.821 6399316.936 4077036.565 2983699.696 3502034.578 3917049.764 3129238.298 3024847.06 3863805.237 3860569.707 4114358.423 4003144.64 3731163.873 3975870.919 4616144.372 3961590.557 3894715.377 3119956.433 4610194.853 4425675.128 3447100.83 3234236.387 3954089.495 3900352.935 4386905.888 4644181.004 3541925.078 6421738.47 3376345.504 4009843.652 3190018.87 4379593.6 4513661.609 3897909.847 4754005.811 3661749.205 6008452.414 4840574.112 5240457.655 2947667.885 4267506.457 4301973.452 3384084.636 4444237.579 3796910.98 3800006.739 3168705.955 2711503.235 3525974.075 4805581.802 4209180.868 3845628.777 4096967.116 
2285540.14 2590068.518 2410554.254 3657395.61 2548178.969 2726551.027 3567860.992 2475303.683 3071067.596 2346644.293 3429842.594 3706064.091 3806106.261 2583034.158 2969162.699 3054645.925 3917571.888 1767104.838 3544858.12 2827120.01 2279468.385 3376801.297 3141643.427 3721652.587 3251354.15 3413874.073 2609480.155 1883955.401 3882718.801 3319100.679 3500816.557 2836950.771 3115928.923 4299445.181 5092618.855 3223299.837 5473865.203 3143023.532 4635498.57 3398572.831 3779764.404 2912860.811 3201660.435 5585689.485 2289568.715 3047521.605 4139659.6 4442161.633 2426927.938 3097513.908 3023620.084 2587632.625 3357887.655 4155361.414 4204351.619 4909994.749 3892247.327 4713504.318 4125209.514 4561607.848 3847653.122 4439529.245 3639271.763 3989111.193 3251064.152 2793077.257 3854938.624 2736952.688 5235534.338 2541019.629 3053718.831 3307421.915 4800277.15 4434943.329 3633901.08 3339178.751 3582566.955 4214982.563 3743299.867 3511454.934 5349558.107 3388807.702 2722960.487 4159377.877 3930266.658 4772891.055 3638848.97 4742058.763 2695755.088 3876759.15 
3213034.15 3159974.299 2987467.761 2858110.725 2611657.687 2653515.116 2309433.241 4532134.487 4571218.796 3048701.37 2490293.513 3225791.654 2844206.003 3988329.607 3087206.544 2569507.375 3642024.774 3207718.401 3777482.91 4746464.836 2911375.197 3200496.101 2739933.157 2896816.359 3433437.962 3858816.326 3823701.8 4181871.443 3658208.598 2407246.928 3511126.203 3080860.938 2599716.783 2425003.338 3992236.959 2982713.816 3613718.733 3761538.547 4889933.455 3770798.145 3508240.566 3977785.432 3702855.038 4708984.21 2387844.387 2717280.892 4496153.943 3760729.305 4005564.838 3423393.834 5859163.331 3997467.753 3471689.948 3428084.478 4061457.859 4519646.612 4499737.56 3966523.284 3100469.699 4403855.675 4592983.903 3749919.622 4201218.658 3893661.355 3222833.042 3891118.858 4664300.722 5500732.954 3105647.945 2537506.177 4910188.796 2992290.464 3151666.11 5858218.001 4106547.397 4506815.786 2758650.936 4848286.357 4585881.81 5787238.269 3618267.607 3990824.198 3787985.755 3349974.607 3289471.035 5623373.877 4950801.754 4593932.785 3887925.001 4851416.951 
2844844.116 2856573.244 2414850.818 3269354.77 3100488.616 4042310.85 2152170.094 3338152.917 3310579.206 3854760.305 3873103.435 3046311.662 3506176.065 2942151.509 2915256.227 3198381.809 3677189.665 3113259.438 2063277.223 3014751.015 3320373.884 2704004.625 3812905.101 4009969.835 4408070.519 3295393.501 3002193.375 3424586.62 4933417.018 2657806.259 3559833.559 3663852.524 2844039.28 2337559.138 3568219.495 2576950.997 3398382.018 2733543.772 3671644.909 3549027.183 4298325.077 3790513.794 4715921.925 3726861.436 3949399.195 4309575.869 3066019.543 4050338.719 2834965.244 2966979.978 3296075.124 4412014.068 3072952.163 4764372.848 3239288.406 2804245.315 3141135.703 3442338.025 5398895.915 4620399.985 3420471.046 2748168.759 4797730.388 4839184.525 3173523.16 3572172.14 4953629.813 3140997.368 3318678.823 4104963.26 4547684.67 3315507.809 4379327.51 3413802.587 4886874.274 3824846.66 3907966.726 5717542.332 3693252.977 4408034.609 3012835.856 3739096.568 2801069.975 4100139.074 3190515.241 4583014.692 3021225.046 3612853.713 4336704.114 3962070.511 
4297929.67 3089921.254 3902955.055 3897801.203 4130018.081 2744957.592 3212078.94 2817151.789 3423615.365 3233479.546 3228822.029 2066408.547 3176485.935 2911624.588 2269750.556 3485665.49 4018905.144 3432661.312 3311885.512 2805798.072 3431257.396 5377370.18 4968707.243 3345866.821 3912331.661 3908828.914 4207587.396 3436117.006 3402084.86 3458873.238 4091147.224 2345084.03 2953790.612 3828700.312 4026495.511 2643416.029 3003373.217 3621527.103 3981621.416 2661583.687 4199710.536 4116962.64 2674545.802 4964357.911 3087711.418 4448186.277 3292943.693 4450593.754 3123172.441 4114988.35 3987363.463 4439007.684 3976099.308 4419745.528 3945449.185 2927977.691 3114048.899 4171896.184 3492800.505 3237169.223 3826515.909 3173959.998 3251513.001 3938678.486 2713519.42 4804226.896 3765470.238 2937038.172 4379886.492 3407946.665 4334843.027 2546068.919 2702169.797 3276348.667 4350235.181 5077859.479 3149250.813 3348205.054 2988067.295 3892111.65 3362501.236 3979710.647 3644867.226 3740122.294 3851309.307 4002371.467 5046540.664 2297276.068 3359329.427 4588551.686 
1670494.238 2766698.021 3078546.663 3476835.392 3632157.315 2583060.637 2066059.501 3813616.702 2713093.481 3196793.266 4458409.235 3423721.383 2781004.384 3045435.847 2185046.053 2600995.368 2898094.675 4086519.904 3481166.928 2771785.408 3940392.175 3201871.966 3771638.056 2520664.867 3558225.686 3486400.491 3184103.667 3376565.117 4604356.093 2986357.906 2788879.207 4563355.684 3257023.425 2506170.795 3175055.698 3899050.986 2845904.426 4057960.691 4637223.769 4918123.852 4734045.507 3738621.234 4249630.138 4496311.12 3619377.328 3585600.229 3304884.472 3525630.579 4736129.515 4500531.617 4429800.788 5498553.662 4591470.282 4555347.803 2696006.462 2615765.623 4729308.738 4810020.641 4517946.638 4276605.016 3795619.46 3726493.149 2325459.978 4365064.149 3088268.016 5256392.688 3202841.739 3629989.497 5265030.237 2843371.97 3020603.126 5803890.007 3796036.352 4147486.045 6574155.697 5552679.19 4629280.93 4164398.834 3094055.868 3177500.966 3786966.012 3924479.291 4290789.306 4356571.511 5457697.119 2943875.204 6048475.49 4340507.734 4434418.423 3554204.692 
2078856.784 4019166.87 3292168.57 1945235.159 2566694.996 3707714.634 4545452.549 2800696.329 2527295.171 2057402.903 2973216.924 3419280.421 2862578.45 1961484.947 3558542.447 4445070.812 3283128.547 2942015.792 3216717.339 2920537.089 3877928.335 2794379.483 3039198.022 4560450.808 4149465.818 2907466.212 3470701.949 3018991.178 3646816.814 4262408.839 3345482.002 2957580.9 3036126.142 3276198.277 2216539.756 3772830.851 3814808.302 3115950.026 4302096.625 3343256.593 2205474.335 4194250.748 4238883.218 4340221.327 4588750.578 4491400.73 3329049.747 3826547.964 3605015.85 3765968.311 2463922.477 4429413.131 4159891.985 3352846.009 2987478.315 3981297.405 4956492.708 3624994.489 4178046.521 3915900.133 4366585.778 4775367.511 1595041.79 3369331.453 3867971.135 4501139.725 4381650.327 4015151.676 4459678.934 3180446.906 3013990.464 4258051.458 4116828.751 3306447.932 4808685.824 3824676.584 4619850.789 2601087.729 2720468.807 3750448.606 4072688.991 4972262.273 3116731.533 3856085.481 4335766.896 4042986.797 4343845.667 5170454.334 3622443.74 4225261.962 
3363396.203 2732190.229 3085930.572 2286403.824 2480132.344 4889496.151 3352744.053 2666779.742 3695931.326 4251277.817 3426418.188 5047144.293 3515049.507 3501706.449 4374013.725 3208978.345 4069485.851 3856803.326 2250170.417 2286621.796 4228875.299 2705095.107 3312118.006 3864347.274 4600774.086 3075404.252 3926387.094 3869975.09 4049428.383 4391988.935 5080581.158 4445307.505 4560533.035 4717401.053 3808587.193 3993231.78 4389478.939 2442581.588 3787215.518 4460915.169 4644210.115 2771983.829 3925916.668 4058926.41 3383869.58 3456077.397 3953873.647 3826393.271 3229675.163 5686893.946 4760766.509 6018255.025 4066328.608 3680372.017 3950579.714 4827992.915 4004318.66 3835298.109 3765560.937 3546074.826 4241726.692 4550886.862 4635762.479 2287278.302 4253676.579 4888820.151 4223116.797 4007853.071 4214260.164 3911836.581 3993099.1 2720028.33 3688114.068 2267856.433 3881410.117 3561608.271 3205584.336 4584886.032 4878242.361 3821297.785 2969254.774 4561899.97 4739952.688 4879952.631 4113407.066 3061639.98 3428586.39 3440434.928 3944325.312 3073837.903 
2942072.859 2494463.733 2354233.984 3427724.604 2430595.112 4760547.011 3143994.553 4113803.592 3513256.924 4674380.472 3107977.749 2327119.291 3330081.805 2859002.916 3683052.603 3111084.747 4397420.113 3889026.428 2637029.992 3554079.962 3026684.669 3868368.11 3005219.727 4607222.348 2832390.278 3987990.342 4591633.991 3703542.653 2508882.362 4651422.667 3807504.405 3728071.801 4578489.706 2941127.975 3162913.411 4162352.925 5332319.976 4091780.627 3663275.202 4227511.552 4588024.679 4387299.375 3655620.772 5559272.816 3557964.638 3834335.284 2188980.432 4181088.44 5268709.139 3215278.297 2181746.175 4212908.027 3753811.706 3655144.653 3442487.014 3990679.095 4803326.586 5641533.195 5220123.962 2412000.271 3197690.852 4584634.555 2973084.689 5221466.717 3220509.13 3685613.315 2379169.392 4202530.148 3588029.64 4032571.692 3545784.17 3617283.104 2756221.996 4349249.339 3158097.25 5391159.365 3279881.929 3484306.838 4989113.992 4186601.88 3962650.162 4140261.132 3856038.737 4790790.853 2882637.063 4652831.058 4775534.665 4258707.312 2191269.283 3676029.907 
2918170.946 4172739.924 3058083.401 3847757.38 4468301.684 3321313.568 3596347.251 4091201.089 4330524.782 3461266.035 3271866.231 2325135.581 4368241.34 3785624.365 4175103.875 4376766.648 2791372.936 4263967.91 3243662.826 3943309.724 4176041.843 4081939.004 4893876.573 2837678.501 3091743.461 4605715.518 4521846.593 4019179.837 4321604.923 3747551.441 3373520.247 3378462.426 3666538.188 2835486.836 3570437.501 2557093.507 4136500.279 4801556.244 2361891.603 2157717.089 5922391.566 4435325.361 3958337.413 2750014.71 4436421.747 3610117.704 4543561.361 3941316.007 3187581.538 4170213.092 3764511.877 5477794.661 3713879.784 3253757.424 3000063.098 3383168.877 4508866.914 3780841.149 3653012.015 3933780.931 4334140.942 5396616.838 3407790.831 3835001.61 2816390.543 3968033.134 4032946.615 3635337.122 3771381.037 3470161.073 3419075.13 4148676.441 4694782.563 3784962.669 3640307.183 3383385.23 3926214.865 3929186.035 4088695.18 3682032.558 4560730.532 4675414.878 4038460.531 5565121.625 3937166.904 3297395.532 4583733.464 4972432.788 4203908.213 4204905.961 
3555881.763 4113433.614 4554758.654 3208822.325 3921904.263 2800678.252 3405110.392 2958395.018 4388335.03 3461279.967 3538416.752 3420015.057 2791343.654 4065817.302 3312643.059 3042570.086 2956063.6 4405013.167 2308273.055 3368787.842 3083811.193 2899442.602 2774066.201 4182130.662 6201386.398 2692102.56 4703025.769 2756322.516 3882104.578 5013062.638 3456057.664 3625375.944 3916164.661 3180192.057 5822419.872 2559718.041 2595567.155 3838442.831 4304368.543 3755941.769 4994082.562 3656831.003 3800481.868 3676881.602 3083960.683 4171368.893 3746697.57 2860634.563 3539038.669 4493135.191 4146135.751 3880654.369 3537589.356 5203171.771 5646035.471 3597133.352 2654723.617 2179172.037 5668986.675 5078208.916 3765136.34 4623595.869 5736827.452 4434185.566 3842629.912 3710769.367 4828881.399 6317381.352 4224599.338 5083115.41 4424821.469 5694733.126 4559890.936 4115142.782 4430797.435 3320298.335 5277857.828 4337348.545 3281993.267 5473654.884 3537832.219 4739789.895 3916155.905 2474951.218 5169939.648 6225038.273 4745404.566 4327341.507 5108665.413 2433556.113 
3167799.07 3691872.065 3598962.424 2921406.08 3807874.676 3054150.675 3111043 2568353.553 2746459.495 3526028.826 2246138.464 4551233.214 2984635.432 4179811.056 2036504.401 3662896.485 4511409.689 3236848.308 3846879.714 4216337.147 3081046.534 4070522.605 2855465.473 2951189.247 4299108.309 3020804.266 3414867.189 4236670.935 4362532.837 3439983.778 5115133.8 4395686.766 3323644.133 2826764.204 3243494.071 3177762.199 2955299.671 4255373.409 4343687.424 3692115.909 3637138.366 2563350.118 4005537.01 3381313.185 4632517.377 4714622.972 4608879.195 3570970.176 4343290.203 3017800.991 5775214.482 2797611.596 4406605.925 2848539.655 4957313.664 4416997.455 3659599.529 3951392.508 3711603.093 3937962.538 4492483.063 3304977.329 4187043.273 3201817.306 3813204.66 3976352.958 4253418.374 3836877.213 4865436.328 3912541.053 4117704.582 4100035.076 4566742.484 4912091.475 4733383.935 2236920.179 3257746.403 4332957.888 4678773.126 3964952.452 3966512.671 3521873.719 5288109.307 5392056.657 5141113.462 5076994.59 3683940.725 4431384.969 4537294.792 4008541.457 
2220390.299 4354840.406 2353962.778 4051953.9 3819428.482 1146904.654 3546864.167 3668278.579 3232221.337 2713079.529 3197904.035 3822625.077 2464095.013 4283150.194 3128250.826 2283676.853 3840543.643 2979024.932 2348564.52 3376088.463 3376818.452 2790704.467 3955832.565 3974689.556 3171023.017 4119217.376 3155232.366 4243101.852 3858927.911 5113291.147 2995206.569 3738935.591 2770732.007 3601233.745 3091836.356 3798659.516 4582034.321 3228710.335 3729048.244 4705155.794 2001918.613 4637995.259 2955241.052 3495733.917 4136664.357 3369126.518 3735305.648 4756601.923 2183294.904 3090436.046 4437405.428 3968465.266 3727554.674 4897307.613 2838460.414 4823927.513 3730043.3 4487385.711 3365960.133 3405693.729 4003920.002 4337144.864 4432215.21 2692458.622 3421706.779 4887565.631 4722100.566 3690014.706 3944283.274 3492490.927 4048759.628 2103779.004 3772487.48 4317577.691 4190968.791 3434853.189 5437915.543 4251116.211 3293736.938 3092600.016 4201083.973 4411184.595 3924292.353 3918360.942 3161136.992 4516796.411 4964810.203 4544934.337 3773025.524 4152463.9 
3320502.992 2630170.173 3483627.214 3367631.041 3914935.685 3753313.915 3731463.045 3592232.026 2641464.497 3100464.508 4293736.624 3584835.56 3402014.371 2973120.97 2836588.33 4968827.613 3631762.575 3357625.356 4299680.833 2984146.514 2989664.627 3363461.161 2157871.678 3806829.846 3189726.481 3342343.42 2315019.026 3201363.941 3046273.944 3858635.721 5011054.702 2697827.281 3719882.628 4334123.429 3238966.848 3752602.87 2565924.358 2847756.97 3680118.004 3877657.448 4916571.885 3409341.972 4678162.385 2570687 3067883.782 2251380.078 4614262.862 2742889.958 3660350.146 2710234.05 2375181.079 4244505.377 4275704.167 3449824.062 4117095.055 4700274.323 3391908.496 3431309.656 3936967.642 4405485.676 4031329.475 2219089.842 4319757.978 4209868.027 5126158.009 4620836.18 4283153.571 3486878.977 2888024.151 5954434.496 4522672.694 2850008.31 4305200.002 4960631.926 4714469.351 3687164.705 2378699.58 3593516.757 3683808.607 2648369.53 3561655.28 3659729.388 3736987.022 5485656.373 4952151.505 4100912.738 3986426.049 4655647.981 4780341.524 3478304.914 
3444820.719 3319823.27 4388368.435 3154884.086 3022632.394 5182602.394 4823217.877 3474223.713 3665462.185 3563330.77 3748538.086 2698239.696 4766996.648 2983338.917 2800958.595 2332529.669 3212814.94 3407593.944 2346438.081 3390454.516 2185654.044 3286256.748 3507626.357 2854559.604 3026992.698 3516361.845 4601683.258 3119665.52 4690867.892 3202110.349 2847059.545 3656650.483 3336297.49 3233961.957 4918919.688 2797148.234 2907223.58 4585348.007 3971073.712 3787796.544 3092901.39 3359239.211 5095972.212 3645463.187 2655937.092 4624124.838 3368067.366 3528192.485 4229179.792 4750811.049 3940458.022 4188459.567 3550798.189 3277631.918 4800814.478 4217463.382 4350053.827 3805086.023 3579539.446 3682515.148 4197513.219 2976572.087 5049666.136 3860618.253 4317610.737 2927462.091 2513144.523 3667603.827 4130260.61 4460995.794 4683853.432 2996261.172 4623616.067 4211920.766 3772987.72 4008833.182 2630096.539 4886550.995 2688253.609 3718542.136 4307268.862 4321541.466 4561814.721 4513233.448 4807749.3 2547359.251 4008180.342 5863024.924 5835504.29 4764239.161 
3508399.319 3037074.69 4157092.49 3024813.564 2534345.201 2518171.926 3843431.562 4397818.456 2483954.969 3160800.504 3647670.374 2898193.336 3226479.051 4538852.234 3442271.746 2631108.069 2972157.576 4390198.185 3459276.05 2815665.116 4185155.937 3828633.831 3411252.669 3522075.31 4175361.221 3175235.066 3198066.791 3772686.413 3396008.639 3938247.4 4407061.195 4305241.351 3692455.361 3711468.74 3244053.825 3523702.315 4043191.951 3791652.75 3337526.264 4260355.774 4668960.627 3153114.735 3500436.34 4459963.673 3013139.804 3633171.145 4103722.105 4739204.52 3144243.066 2534129.181 5141389.458 2922845.885 4374319.796 3610075.424 2866855.645 3412204.271 3182132.109 5616149.278 3369130.593 3443303.861 4174427.551 3093102.715 3669598.212 4350679.473 3848249.593 4907620.326 3833943.832 2748685.432 4060233.544 4880590.438 3614209.201 4373792.701 4012885.931 3268109.747 3039426.266 4740840.357 4985393.877 3894500.934 3845087.827 4318863.007 4393294.978 4293437.773 4764140.811 4934419.82 4078745.243 3092646.928 3893860.84 6236715.96 3821794.847 4252625.419 
2860964.952 3795770.84 2686982.665 5184408.642 2964143.636 3922930.54 3448350.511 3059541.421 2275223.921 3116913.678 3861820.637 5028567.508 3262991.156 3815312.49 1714353.575 2888998.537 4013990.866 4168380.401 3699272.141 4702091.671 4023132.456 4585463.406 3380363.894 4986322.012 3095439.218 2607008.993 2999330.507 3270286.637 3518106.592 4143797.473 2744801.659 3611907.398 3556292.332 4224578.649 3824041.181 2579657.64 5675849.878 2767721.153 2863667.987 3758281.757 3724870.228 2537103.862 3150903.751 4508918.423 3672196.987 3373505.28 4161881.088 5312884.137 2518573.273 4202834.896 5249986.647 5332826.798 5483406.761 3065223.492 4699728.932 3639060.785 4701414.132 3970231.957 3501960.515 3273661.298 3467529.227 5758754.65 4077386.02 5428679.958 4641836.084 3846460.969 3515364.896 3686947.013 3686186.491 4622215.893 4256956.711 4486617.18 4977958.093 3689335.493 4240141.323 4725460.109 4781452.297 3703583.264 4953369.024 4041213.547 3815318.391 3992367.505 6505034.366 3652818.457 4676612.693 3113567.932 2561535.605 4131206.963 4498204.803 3103164.663 
3898596.31 3927457.974 4041123.026 2833629.049 3231101.01 3877506.306 3530516.224 3032603.273 2968045.365 3724007.417 4280338.735 3015651.913 3535380.461 3077791.669 3850981.561 4556781.231 3367835.881 3444240.924 2917890.057 3379714.635 3848253.087 3897250.972 3723630.054 3420470.825 3614932.435 5096569.608 4042812.813 4443474.027 3981115.131 2535116.13 4214426.026 2239210.869 3944994.923 3592140.593 4893193.297 4750928.333 2957747.208 3555310.998 4166457.113 2319668.055 5865520.669 4118623.147 5104517.134 3527763.03 4528216.531 5508879.382 4099595.513 3822523.048 4416949.669 4798844.132 3065016.546 4147158.986 3674165.385 5019271.413 4887330.79 4040975.357 4213365.585 5046858.625 3612539.199 4771806.051 4504401.013 4688335.144 3394118.181 4764707.341 4199632.814 4929469.638 5153007.648 5499046.534 3826706.584 5074014.746 3410089.067 3249233.489 4155420.46 5219078.768 5093712.372 5558635.602 4859675.777 2888269.446 5105716.881 5802399.051 5420367.3 3493583.548 4264737.255 4831475.475 3936587.499 3652730.157 4687186.321 4201521.058 4047002.448 3424000.82 
2900628.691 4591722.408 3112190.143 3872140.308 3081019.878 4088478.889 4763472.656 4008491.86 4161670.295 2851570.805 4355315.633 3927515.86 5486062.825 3170245.71 2760160.167 2879729.66 2466372.093 4151787.436 2491646.227 3050957.147 3353217.361 2730528.026 3149982.017 3844188.689 3965015.336 3379516.921 2738290.578 3687554.09 3945785.352 3721465.517 4020505.361 4555522.551 2915351.812 4188378.714 4184768.305 3967276.045 3751772.484 3516187.934 3886970.917 3223208.245 3795614.383 3293294.43 4580562.019 3350303.611 3395277.088 3063301.961 4282694.527 4163797.272 5325148.757 3473588.269 3477465.676 4594516.781 2347921.02 6280130.216 2498379.818 3954276.798 5463797.294 3343060.531 3930747.088 2764237.615 3349583.643 2974620.1 3908996.688 3733869.419 2796655.096 3843409.43 5814103.859 3124096.77 4325124.372 5413312.703 5135512.876 4084478.1 4597029.509 3656086.8 4940990.12 2264736.226 4332394.461 5293300.723 4611214.538 5125493.851 3516080.077 3505650.889 3051541.273 3561767.012 5633533.086 5735554.502 3874551.958 4914748.287 3766555.229 3444764.07 
2805243.67 2860687.312 3249957.708 3782776.981 3675182.332 4370404.561 3336177.76 2838163.178 3567706.431 3617713.08 3219681.968 3412173.988 2940603.406 2797903.015 2891142.618 3704390.264 4165833.773 3319609.623 2642918.497 4723707.425 3247159.314 4574924.386 2599322.153 3718503.52 4036727.353 3904950.917 3418165.775 3175148.329 3200770.525 3729281.214 5356886.301 2167129.286 4129504.393 2788872.9 4092122.534 3833691.612 5300095.251 3651094.759 2446247.564 3187567.497 4322284.219 4399123.157 2914890.386 3997691.465 5192972.967 3620756.745 3110946.978 2938999.467 3187392.592 3993354.78 2703541.498 3375476.884 3437931.715 3184412.212 3864560.744 3452214.095 2981164.839 4847007.245 5101121.766 5784737.56 4216288.427 5211490.276 5265186.068 4116092.954 4147617.875 5030293.848 3911967.79 3957308.366 4096379.75 6750262.201 2471188.926 4474638.114 4297224.161 2938052.077 4288569.928 5243192.232 4048296.734 3043488.349 4073917.832 3818384.897 4575652.841 3912786.282 4351724.171 5269104.782 3677651.271 3197318.578 6463616.022 4451379.679 3786641.631 3559448.657 
3545874.753 3069067.231 4033799.23 2427112.252 3232102.714 3022949.298 3427833.183 4168370.424 4520314.617 3274704.68 2017914.541 5098098.325 3000855.351 2921848.185 2665309.038 3792898.299 4021969.598 3462144.916 3375444.719 4185871.391 3630426.085 3320806.338 4535050.532 3830094.801 4395399.116 3591549.783 2752533.48 3123999.6 3047089.684 3278284.95 3609766.545 4320954.52 2777967.566 4540866.682 5449826.91 2041062.94 3757315.421 5206108.84 2142491.659 3568695.443 4024272.523 3313583.273 2892475.538 4512418.43 3622259.182 3374828.887 3386744.777 4054625.012 4477151.407 3179260.382 3200300.494 3789484.087 3884037.602 4055601.518 3660932.816 3688129.866 5799534.544 4712166.364 3824671.355 4994377.635 2792788.171 3620766.185 3672824.283 4800486.294 4737616.778 3259904.558 3927906.319 4273067.246 4873852.494 3135832.595 3310449.03 4169426.203 3810400.943 3653391.892 3441210.01 2148897.74 4367255.717 2998428.322 3664918.066 2667050.959 3217425.882 2674602.439 4361955.652 4392494.557 5078879.058 3087189.984 4518669.841 4219668.99 3940638.583 3661617.514 
4635357.094 4677015.015 3148731.779 2913510.914 3200738.818 5212057.428 2211912.237 4496292.548 3600059.651 3752629.904 4516678.069 3970086.562 3029620.116 4573413.261 3817466.921 3947013.435 4055316.826 2641889.972 3954300.171 4058366.628 5266695.024 3119972.692 3423875.497 3860985.273 2912009.561 2660962.144 4675265.077 3413324.202 2660846.769 3325222.296 3151372.338 3801697.405 3340733.823 3514890.281 3472395.673 3968204.015 4193626.372 4243792.764 4803598.643 5113796.369 3338150.86 3475965.903 3820631.694 4174223.256 5069992.178 2265665.928 4474908.875 4324290.109 3780188.373 3202249.066 4253664.403 2906248.165 4490361.369 3592826.128 4836250.875 3237082.645 3597296.91 3317782.424 5067912.039 4989334.513 3046742.379 3705902.947 4160285.507 4177000.068 3802784.772 3696807.91 3192432.499 4299732.765 4254812.267 4560033.329 4034471.027 4285346.151 3777897.626 4744418.071 3034581.043 3931086.258 4233888.112 3834384.187 4336100.433 5077668.914 4234621.475 4152132.41 3870266.668 6302714.03 4205381.3 4723321.822 3695063.161 4269924.672 4052850.576 5811363.225 
3542542.796 3336034.266 3451012.841 3391822.012 3668584.093 2543849.112 4578024.683 3577418.972 3356827.747 2200686.861 3077858.381 3388691.733 2064341.911 3295148.165 3448191.236 3250373.677 2531478.513 3290128.608 2367370.847 3400524.93 3611117.328 2981952.12 3310255.547 2830467.473 4650244.843 4875388.367 2767519.387 2886006.568 4562558.793 3220282.19 4565101.41 2793499.495 4840281.266 2661756.75 4758769.817 3056601.498 3536009.184 4978947.384 2816451.058 2499592.361 3509047.11 2985722.192 4445905.533 3739399.247 3465850.183 4167436.54 2683683.692 4053676.042 4683518.866 4476844.526 4639155.955 5049806.614 3822043.902 3931329.214 4670839.464 5308654.378 4445079.066 5037374.611 3488921.906 3751821.513 4887550.064 3387120.172 3730205.665 4597444.388 5236722.123 4082624.666 4193998.605 3384438.402 3688767.351 3744082.963 4174832.07 3402479.734 5537131.362 5924101.848 3825055.012 3910845.099 3725083.85 3906757.423 4292385.583 5091975.584 3081326.636 4165213.488 5139135.398 4598151.954 4213149.718 4127882.682 4459440.846 4912848.195 5727593.806 4957972.74 
3877265.852 5019970.676 3352925.147 3149609.314 4070984.217 3185306.891 2835989.596 3087142.211 4202376.098 4215217.483 3379592.795 3149984.349 3713344.734 2136877.585 4268927.032 4422714.097 1970863.61 4117819.624 4549525.073 3014214.821 3473346.315 3743719.126 3741011.732 3486335.377 3496720.903 3815654.067 3616297.186 3670690.192 2749952.218 3471873.052 3263587.837 2615427.273 2633047.89 3697293.801 4357182.23 4438256.038 4183851.639 3697624.243 3238684.572 4353174.783 4975924.823 5623266.784 5721036.145 2029343.715 4181343.469 3131293.669 4580371.993 3027000.974 4019041.908 4304788.111 4666753.225 3410210.063 3162191.017 3343757.767 4929209.654 5281612.435 4203218.17 3495223.784 2770524.796 3749515.385 3533544.145 3598776.107 3887371.248 2683714.485 4912105.504 4270309.538 3221253.403 3560851.784 3917715.218 4275745.354 5400153.741 4687070.31 4022080.856 3369790.017 4537822.384 4161765.896 3264378.825 5199096.581 5350182.194 4883847.56 4551953.999 3262824.447 6467565.387 5211995.082 3506696.703 3857986.015 4281052.442 4234511.888 4962434.075 2928427.874 
3460634.702 3112522.855 2554091.466 2794936.056 3343431.851 3666539.134 3704321.584 2372485.727 2745634.593 4547662.205 2289149.181 3964342.61 2932026.377 2816108.742 3975935.991 4171136.904 2904740.113 3794713.941 3019516.561 3585116.918 2657008.697 4259574.788 4329080.224 3078509.295 4409486.061 2756693.034 2621452.843 4018160.884 1977508.419 3161563.473 4311309.637 3452145.939 3853095.82 2408910.831 3904197.065 4430424.61 3831279.731 4206966.496 3720622.094 2735510.481 2551547.895 4071885.646 4517825.217 5024036.74 6508442.506 3502151.609 3216814.591 3792196.235 3724137.579 3829858.337 4478693.106 3105789.894 4111820.966 4073510.578 3810409.798 3532425.821 3005402.642 3164039.575 5127154.181 2588879.774 2773125.805 4050912.295 2978879.773 4669379.046 4997049.539 3321458.804 5030026.808 6006022.586 3515582.339 4592652.512 5220718.45 3262252.673 3446266.403 3693581.807 2806269.155 3957667.995 3538331.898 4774346.517 4465012.157 4215318.842 3606245.526 4634586.651 4144530.384 4198957.762 4343648.091 4792499.889 3793813.546 4107185.308 3415671.474 5347581.578 
4673836.099 3678198.307 2959462.428 3776458.566 3596961.302 3734773.005 4224011.304 3865274.631 3347901.262 3522874.377 2196238.706 3641244.758 3530434.434 3985427.979 2206343.614 4283953.852 3595481.571 2783069.413 4199080.362 3210628.415 3078268.909 3511379.098 4910774.373 4093180.26 4300409.862 3868518.982 3709363.076 3931670.915 4646590.132 3426879.856 4004893.57 4437987.849 3467894.773 3336125.634 2562985.151 4121305.461 3922834.87 5073448.321 3540585.179 3299784.92 3661931.443 3663992.023 4882176.785 4185481.968 3899466.428 3665240.622 4662074.418 3325653.992 3486119.558 3001765.172 3153924.368 4623819.423 3910197.695 5235341.601 3732945.662 4515929.41 3557141.388 2529680.964 4196891.909 3906522.656 3238016.909 4892849.472 5031207.178 4341430.601 5292195.043 5090800.217 4071931.076 4707742.832 3246643.158 3379262.872 5642674.628 3465471.068 3861517.566 4039238.992 5147760.622 3998736.176 3923492.72 3634683.942 4356987.378 3090497.194 5722307.574 3710734.613 3102936.886 4024920.212 6217182.562 4055007.476 2926449.802 3170209.166 2634699.022 3992775.531 
3465404.655 4550762.262 3914971.772 2883556.235 3428852.65 4016375.072 1896524.437 3924189.895 3946699.001 4410231.616 3474485.885 3702830.69 3671927.5 3189018.217 3221631.331 3382464.118 2723160.199 2362473.961 2031266.486 2691529.045 2983918.389 2764001.074 3205949.938 2897359.147 3169752.027 5280940.67 2655925.194 3994809.034 3623180.695 4476654.551 3616330.279 4687022.451 4291556.23 2940277.439 5524709.869 5457656.191 2711431.577 3669888.875 4086868.796 5151452.849 2683045.241 3779338.662 3596625.209 5511993.058 2691205.294 4296878.495 3236136.957 4032280.418 3219828.33 2682333.819 3493447.284 4979607.216 4279776.572 4987149.447 3572187.005 4631504.185 2223686.987 4345929.722 5066367.061 2193712.971 3289241.919 3758150.347 3217241.238 4402314.243 3109300.121 4111582.041 3083085.029 3368914.151 3471399.652 4059242.216 3825477.05 4327489.666 2893739.254 3493033.695 4789234.028 4595762.065 3743815.505 4152666.12 4353797.665 5108901.001 3092872.771 3313903.048 3490394.878 3491230.661 5149669.915 4541561.737 3190656.493 4567541.445 4173874.332 4424760.785 
2716649.186 3409458.648 2645150.098 3403254.766 2454589.364 2877202.262 3483421.779 3771470.64 3234592.702 2981465.336 3071684.44 2793002.783 3608139.379 3130487.29 2884297.829 3835111.293 3930968.671 1702974.236 4282639.392 4487949.084 2535918.009 4087842.082 2404655.948 2945165.648 4164548.875 4383690.555 3610788.025 4112966.827 3182352.663 3897441.682 3995406.994 2570153.718 3284584.833 3659494.361 4790080.869 4973926.102 2994267.613 3244080.99 3709161.974 3301965.542 3957692.007 3962711.762 4386024.135 4055053.018 3737353.553 4928939.093 5227762.627 3313692.446 5263648.604 4511860.217 4774978.173 3371002.54 5163095.185 3358472.737 4085228.881 4301331.415 2716255.388 4515597.857 4274640.456 3822296.446 3751719.11 2375291.765 2615739.36 2556310.045 4216873.784 4806209.541 3778282.071 4600483.576 2845843.021 4951616.895 5242319.456 5449206.258 3279815.791 5368546.4 4543243.939 3973678.884 2816707.384 2993849.764 4428749.904 3459962.419 2881028.148 3313141.216 4228542.403 4137467.537 3861362.346 4729680.709 3838748.55 3094494.993 4446266.253 5691530.633 
1986027.554 3577672.449 4147854.672 3566128.296 3350090.735 2978827.978 3584137.668 3189633.533 3421782.692 3287154.432 2549745.508 3181286.279 3071654.847 4227455.461 3735037.294 3581085.278 2926623.663 4587576.527 3116279.586 3290541.248 3477304.749 3148019.932 3392627.698 3565709.127 3110845.601 2464549.06 4055806.631 3491765.915 3516850.45 3256713.891 3380140.453 3008037.478 3096448.991 4505357.944 3309345.372 3360144.439 3799416.05 3377974.024 3856566.088 3096558.418 2698141.378 2949770.278 5594052.865 4037897.824 4438264.407 3723225.74 3132554.359 3213275.663 4153245.535 4181145.239 5738941.847 3793727.426 4132825.586 4197255.25 4459773.831 3417094.642 3282967.685 3135984.955 3540928.715 3607007.324 3097220.357 3465199.819 3425795.28 3716844.399 3824613.223 4108390.318 3118822.135 4290269.189 3718877.305 4866504.29 5391020.846 5056461.384 3687169.271 3378387.518 4640270.856 4418897.032 3396303.463 5552420.686 4145331.729 3135782.465 4955396.158 4003988.887 3840895.801 4330880.904 5638593.933 5809285.003 2823586.294 3503082.288 3171163.036 4154023.351 
2563474.585 2957181.701 3395554.416 3559141.199 3236164.785 3219142.049 4905986.547 3921431.654 2922717.631 3270644.16 3230550.937 2943545.572 3631685.299 3634778.344 2737383.777 2640384.684 4015897.15 3017748.482 3285116.035 3144558.578 2191662.108 3137927.322 4286510.341 3862264.575 3207461.055 3474939.388 4057767.9 3829975.246 3891560.668 3556893.041 2861809.316 3452527.592 3075858.211 3031538.937 4261119.497 2078175.892 3745657.831 3358811.054 4204874.802 2636559.402 2995616.59 3805554.722 4125213.744 4040138.252 4429793.329 2656905.271 2194254.188 3802000.475 3342573.446 5135173.094 3523678.691 3897664.85 3448441.017 3046238.611 3967044.435 3154517.439 3034581.981 4470433.422 3434699.585 4349453.957 4487967.727 6030435.418 3629925.063 3468127.496 3830364.082 3368438.332 3738671.679 4045081.117 3090270.237 4820455.635 5373517.183 3990377.331 4396666.962 3134681.775 4184328.581 3481813.131 4331640.374 4688339.091 3827335.738 4172187.737 3534741.256 5094631.237 5195920.96 3640033.423 4003746.848 3609219.236 5926869.998 3252569.558 2352471.717 3898600.958 
1792983.09 1962864.708 3887548.543 2472287.053 3083451.261 4311859.557 3433038.007 2730803.822 2647945.032 4371654.778 3454861.393 2615915.96 3963599.503 3539219.642 4593282.163 4135131.738 3002852.099 2976907.629 3917208.75 3162290.841 3629816.195 3674834.288 3190939.94 3207229.739 3608205.171 2128452.619 3007986.141 2607352.055 3824521.733 3714436.587 4089879.942 3643761.482 3935303.752 3611028.863 2698039.254 4102167.074 3166007.752 5088945.419 3371881.117 4361179.095 2665689.581 3799543.869 5742293.197 3853615.65 3815459.114 3539640.525 4606791.473 3054523.406 2760377.049 4841417.696 3296460.43 3232999.389 2877546.207 3011588.337 4381983.931 3598117.728 3537336.896 4077165.03 3310414.17 3148719.314 3526116.137 2419245.006 3378722.741 3678540.333 3850307.268 4473772.723 3713909.191 4390547.433 5088851.641 4170177.959 4251045.436 4448536.509 2895791.062 4057609.592 3232655.182 3114418.663 4723978.034 3936616.969 4192646.912 4867030.78 3920658.076 3728342.647 4135944.146 5409079.271 4398566.28 5101566.549 3176006.344 3188386.786 3107281.493 3120485.917 
2680769.901 4018524.852 2723012.794 2035176.942 2883811.954 3638790.401 2479725.684 2522757.345 3168671.519 3191815.836 4186656.179 3799952.325 4758098.839 2629363.907 3268045.817 4297795.453 2546971.419 2437798.257 3803448.462 3324270.011 3121419.555 2426384.969 3478081.996 2535968.416 5094927.214 3450053.162 2741393.366 3761090.117 2924187.735 4479357.196 5659562.721 3858594.181 4532950.236 3330786.802 3043847.333 4866937.25 3804570.181 3630162.324 3850065.703 3705076.13 4221714.619 4644110.2 3245137.918 2785081.52 3245415.983 3766318.956 5056462.967 3775589.352 3485098.514 2483537.911 3388837.48 3587814.37 4424059.416 4210474.794 3263421.762 4065629.886 3002717.377 3989551.408 4371419.94 3806362.845 3984172.352 4551879.977 3579827.234 3417798.24 4208155.879 5544179.736 2852906.761 5152018.827 3119909.411 3111951.386 3670798.14 4394169.93 3398039.602 3671540.904 4682980.208 3514420.914 3763337.124 5015906.42 3936190.495 3496172.132 2712081.667 4291466.736 5187592.944 5292320.774 3357393.462 5212449.284 5280342.193 4333019.86 4043739.097 5565451.981 
4300823.876 2915120.771 2820582.777 3642485.633 2182997.785 4407483.796 3195916.854 3540742.983 2893303.68 3105145.024 2511045.128 3711831.177 2744839.272 3031795.459 3470997.926 2719147.922 3156899.996 3051126.018 3656840.623 3142041.453 2336862.683 3566144.19 3926659.394 2747141.521 3816853.328 3939634.456 2635729.997 3884590.405 3561601.293 4251339.808 5440750.466 4226472.551 2348636.446 2631038.269 3745200.104 2732614.677 3574761.698 4112995.238 2619839.312 3931044.276 3845168.441 3209874.059 2713739.826 3813350.134 3964999.155 3417501.568 4269151.766 3531213.831 3611944.108 2710084.689 3500440.035 3235383.621 2622883.92 2879298.061 3259095.539 3096965.655 4733831.348 4005674.425 3325644.961 3770012.474 4136018.497 5894665.286 2969256.56 3474490.041 2556051.018 2398365.061 2862129.748 3837479.866 3618260.577 4790720.751 2976124.234 3459003.905 4032029.552 4239672.075 3979564.638 3703008.161 3843904.621 2802438.43 3458299.006 4206695.265 3343285.074 3425429.301 3974065.287 4907575.977 3859898.481 3210971.029 3276205.174 3842483.211 4605876.631 3872091.378 
2327678.934 3168808.253 2960745.152 3090873.833 2167086.612 4154006.452 2456374.885 4321505.73 2512370.426 3307514.387 3163348.978 3598540.765 2613305.459 4527154.847 3278526.056 2086983.58 2664302.362 3655267.731 3080459.947 2525315.15 5097670.585 3068687.572 3978599.962 2418547.738 2615807.146 4301165.422 2945841.546 3236199.817 3186820.156 2796869.09 2715955.806 4701820.57 4112744.472 2995721.891 3524426.586 3406227.323 4065596.079 2629536.201 3043488.952 5398711.91 3489452.12 3643301.585 6604350.181 3667386.824 2873068.54 3865411.667 4274286.723 3693867.113 3938177.331 4940355.488 3273947.289 3529577.577 3394887.57 4319829.784 2599950.972 3221754.372 3415252.321 3985107.156 3336170.913 4476728.069 2349213.74 3125801.08 3908865.685 4834580.221 3440152.011 4793653.325 3790300.559 2374453.697 4697121.404 4087836.094 3687202.676 4194610.098 3994842.638 4561403.763 4554181.987 4114975.915 4354557.915 4578136.39 3563043.188 3175697.934 4978575.785 3704293.926 3914493.371 2670473.976 4254341.647 3820086.221 6224688.524 4215736.5 4059390.81 5644819.178 
3327501.389 3351213.539 3264060.231 2542973.828 2904550.191 4153569.29 2143137.182 4414759.245 3383748.18 4552809.302 2958927.589 3054019.812 2218707.608 3694763.271 4022472.702 4517193.355 2819724.55 3885645.334 3908821.68 3184940.839 3965582.418 2995201.703 1873145.48 2959289.019 3983788.968 4435455.344 2260001.403 2563728.803 3977999.593 2820378.219 3692310.574 2644161.369 2234573.295 4179312.01 2617775.377 3927011.333 4293592.322 4074803.892 4323608.051 5110933.543 3419272.634 3269833.109 4462836.311 3735357.108 4913957.288 3589182.072 2529568.881 3913256.149 3208649.131 4775518.347 2955527.605 3748384.968 3081474.376 3485613.589 3726114.128 3838345.079 3302834.363 3920196.768 5057710.132 4418389.626 3828389.615 4005381.403 4740462.695 3233426.147 2756571.422 3284357.378 3044171.699 4444879.312 3733299.857 4695048.975 2981076.788 2850354.963 3263009.46 5679578.127 2953169.045 3625138.788 3976826.418 4731879.926 4429363.528 3136872.359 4269604.954 3954221.907 3727264.36 5046270.621 5062480.675 3093983.268 3244729.243 4462326.428 4736820.625 3766825.768 
2154897.296 3546068.259 3499520.844 3772171.176 2903642.508 2334160.876 2966428.645 3210743.597 3034811.515 2327670.575 3584869.78 3499566.867 2682641.896 3269994.374 3285858.575 4207468.824 1929353.126 3573632.642 2546015.282 3198582.715 4661144.126 2965181.996 2345008.217 3203278.377 3202676.717 3450489.638 3905391.741 3722785.369 2944304.741 3431202.372 5018372.065 3382433.714 3722343.962 4039591.765 3705380.62 3880060.143 3508916.342 4029061.362 5737734.748 3923219.937 4002059.116 3083158.491 3900457.734 3232512.901 3528182.889 3432354.154 2292785.092 5143978.167 2533699.026 4654373.868 3633683.106 4107853.353 5571064.094 2355181.217 5414810.556 3901000.275 3086304.47 4680541.765 3157936.591 6310780.112 2602807.243 3582110.844 2938672.487 3894894.979 3467715.357 3857869.893 2090064.985 3309458.019 3688853.068 4409393.002 3738938.489 3409565.63 3118111.555 4792217.34 4088588.599 4916899.03 4011791.482 3614487.884 4004690.473 5084799.138 2969842.549 3597304.309 4577696.635 3611959.817 4421379.995 4243949.566 4386008.874 4217753.873 4737310.699 4679522.287 
2171901.645 3345251.016 3069465.56 3631396.867 3107900.059 2448614.204 3712592.385 3456490.048 4583209.442 3324789.465 3661990.801 3881223.877 3376921.401 3947018.096 3901432.989 3708226.298 3637651.632 2926953.811 2814784.773 3948682.285 2377510.936 3281246.117 3409240.644 2627594.051 3005118.402 3896424.267 3490241.593 2696304.907 4266333.629 3452953.64 4385350.094 3590952.799 3231546.711 3691082.301 4469050.147 2673558.241 3293201.081 3862956.352 3423144.253 3512274.997 3933830.013 3074374.07 2984585.243 4434872.643 4010136.453 2365817.399 4211868.949 4260254.4 3277762.964 4124165.653 3917808.995 3657247.619 2502657.049 4847323.58 3357246.887 3740599.693 2945136.27 3265820.858 3736567.667 2322802.213 2255940.778 3094412.595 3752293.858 4287166.013 4038033.176 2784753.161 4269794.041 3818816.22 4798725.675 3921045.483 3823136.504 2921011.404 3187653.345 4733675.11 4626504.437 2459030.443 4250706.415 4798166.398 4053352.917 5701041.408 3952019.743 4388983.048 3523620.029 3783609.264 3981962.455 4371858.17 3641946.834 4116077.021 4774911.952 3774612.402 
2658516.08 3289473.703 3144222.33 3232650.339 3664326.854 4308053.075 2870615.048 2188356.43 3429901.483 2805940.811 4072499.065 3170390.765 3700935.856 4796674.172 3508083.36 3143814.172 3366942.042 3496604.295 4884018.958 3529852.784 3432811.322 1998602.465 2643174.096 3590505.721 3253465.54 4514870.005 4999111.366 1848034.205 3127211.086 4915236.454 4175330.589 2946762.736 4373334.222 3212476.031 3519957.7 4531112.447 2587161.952 3907668.672 2929062.008 2391615.65 2882592.608 5488191.87 5327777.936 3573584.947 3694366.125 4369897.398 4331794.114 3585068.773 2986604.928 3752807.365 4722472.234 3797685.38 3440348.186 4658161.676 3380332.828 3951921.916 3891304.929 4490757.01 3961604.901 4688192.272 3346027.207 3100984.141 5008651.101 3147868.304 4448407.121 4114304.159 4455882.763 4052911.538 3179813.923 4038607.517 3336510.889 3191688.509 4256113.291 4527711.96 5159709.263 3639431.9 3156721.16 3384257.306 2701132.566 4596871.688 4531962.518 4857501.466 3871794.644 4014517.73 4477753.104 3956835.494 2627264.272 3715182.711 4309592.525 5113993.884 
3394053.339 3112496.095 2967716.58 3837552.792 4104447.24 2941333.296 3048681.846 2883890.895 2823983.49 2767148.727 2166608.308 3295808.526 4505429.289 1626297.576 4650697.453 4860523.424 4274276.298 2360847.405 2361929.664 3804996.289 3239106.945 4404496.119 3637263.181 4127978.137 3887972.267 5655799.353 3225659.383 3985775.983 2755348.473 2453968.806 4074748.311 4336513.637 4005166.142 2504539.737 4113043.91 3853602.658 4229264.715 2158023.919 4005188.626 2911722.158 4573670.249 3260261.029 4138703.694 3012451.351 4013950.988 3929908.026 4447403.166 3430160.203 4878286.027 4493208.837 2970509.989 4408055.6 3791941.577 3198102.304 3815440.545 3058517.273 4146502.542 3856813.012 2589059.002 3160014.618 2927940.748 3350679.982 2958606.057 3786228 5261901.505 5357393.386 4069732.845 4331315.855 3311717.101 3647156.587 4226762.681 5279026.602 3571363.053 3538632.292 3388810.748 5275192.386 3111662.615 4064146.071 4243025.695 3267652.665 4828960.137 3469439.834 3876499.126 3855004.434 3469430.383 4764335.716 3703756.277 2939257.317 4111179.151 3500224.212 
2443038.578 2049484.817 2923573.916 3105275.142 3460724.066 2323794.507 2755764.855 3836789.738 2640576.305 3706872.822 3833577.707 4527169.345 4537090.337 2814330.434 3642949.435 3154408.694 4605428.039 4072764.069 3321897.881 2028011.39 4288261.435 4074106.848 4016972.456 4793674.961 3923211.473 3752642.633 2506191.124 2341992.767 2503644.356 3916378.283 4547168.834 2605392.228 2984111.148 2886762.863 3461135.23 3565173.994 2871523.82 2004570.847 3838899.802 2331585.765 5031412.022 2931171.329 4283022.238 2981993.621 4038318.749 3631121.606 4389228.934 3613653.458 3113637.903 3371784.298 2933838.9 4741818.901 5809791.143 5202222.147 2849415.638 3092112.004 5151742.891 3424568.113 2855379.443 2641775.027 3548549.59 4082142.99 3201621.458 3046625.832 4121873.178 3665067.639 4643407.663 4402276.521 3696546.054 4396975.921 5329354.71 3411532.713 3384608.827 2695931.686 3736150.769 4453093.408 3681566.386 4758895.169 5275044.933 4404836.583 3932513.743 4016293.176 3630797.92 3857818.013 3912175.379 4136784.141 3052962.827 3590191.392 3555303.929 3456347.313 
3283575.705 3067473.022 4222915.919 3707296.987 3028213.946 4660922.253 4671044.048 3798686.013 1858825.522 5031192.852 4107299.524 2437954.919 3460235.062 4412734.573 3144943.323 2610227.069 3463608.681 5090845.745 2792151.13 3352060.979 3922376.658 2907918.28 2688837.805 4478182.759 4117708.613 2915397.665 2536266.182 3961429.01 3648832.489 3379172.952 3621347.473 2548543.709 4038105.147 2829323.701 3316441.681 3530125.469 3231264.158 4519450.959 3931964.506 5573964.682 3610928.827 2462153.22 4622785.131 3768436.016 3793444.271 3535614.752 3411413.059 3097211.095 3230341.499 3730033.565 3230685.996 3816640.342 2526600.503 3756406.636 3729577.246 3890571.548 4464563.791 3610010.963 4242346.104 3574934.98 4552761.367 3427906.374 3274931.961 3995705.219 3898667.647 5425858.561 4706170.283 4383995.551 3070007.611 4435990.527 4283652.98 4309698.622 3333671.86 4531148.084 4341233.812 4341536.36 4176919.173 3100084.952 3590742.894 2907511.337 3799953.957 4237162.828 4141726.099 3736974.812 3512758.545 5038296.29 5281384.63 4988243.761 3092850.29 5352460.658 
2333770.769 2847373.943 3329140.364 3696477.261 3248707.493 3132335.567 3991946.073 2949032.08 2702342.386 3208608.382 2506916.86 2456163.542 3996301.847 3323766.006 3454306.877 3998465.064 3341647.364 3157370.555 3012033.11 4776077.272 4297670.643 2584944.709 3903003.284 3903578.055 3614542.306 1692052.098 3955234.162 4632380.905 3342936.166 3527584.962 3015044.144 3366240.522 2549485.732 4038045.722 4260140.109 5334336.184 4213067.473 3647214.792 3889744.052 3767572.691 4617746.813 3876675.552 3610159.403 4036485.532 4860852.226 3209767.028 3363509.07 5106838.727 4342929.915 3405993.68 3715593.502 5104450.932 4212407.501 2501647.403 3977596.267 3521416.606 3781611.156 2345097.356 3775225.506 3480302.248 5042936.296 4362164.456 3854236.391 2829719.762 4071221.97 4581209.172 4742010.897 5266887.764 4090405.767 3845814.217 3321704.929 4578094.376 3850010.667 3707286.232 4115765.334 4269768.373 5005457.39 4792198.174 4596930.73 3892461.147 4561780.932 3725903.895 3257180.984 2861634.258 5213012.428 4615650.838 4101491.302 3514750.916 4041960.668 4027726.684 
4026434.02 4090847.136 3120098.066 4421799.945 3467620.843 3279279.723 3776630.162 3424270.049 3282746.868 3004722.889 2178037.532 2809328.176 3412582.587 3075964.958 4072506.445 4327273.193 4426578.184 1996956.293 3095227.718 2704196.48 2861413.844 3415470.297 2629342.379 2633591.281 3623048.435 2977842.184 3360414.884 3010965.825 3633044.028 3293562.4 3639361.339 3231524.639 4453379.969 3705425.971 4076610.588 4278439.205 2892890.697 4472223.872 4746256.698 4260886.926 3948885.858 4065204.346 4359244.568 2721179.123 3125815.933 3451577.828 4697156.103 4328881.646 4387090.55 4466095.345 4275464.732 2608788.325 3847879.711 4993980.993 5243479.324 3895439.521 2895220.774 2354261.368 4868449.48 4178507.422 4139162.301 3407704.39 3416893.966 3193212.385 4576270.953 4194859.829 4554825.812 4878512.414 4313883.995 5305445.945 3639596.565 4788419.265 4560352.893 6795394.013 5458802.955 3574288.515 3399310.318 4095126.956 4771841.176 3979477.582 3692649.563 4918660.201 4239117.553 5984339.942 4341343.735 4656764.963 4449417.589 3076705.504 3805894.026 3530396.653 
3811576.725 2169781.448 3334451.072 3162043.753 2706832.474 2467434.062 3230934.432 3137783.493 3652120.176 2278116.924 3983817.179 3153242.85 3253392.888 2173045.216 4296987.889 3107693.988 2900139.603 4025505.206 3160134.094 3722897.328 3854889.31 4301498.881 3568823.282 3328979.129 2952625.926 4575326.976 4788464.907 5130489.784 3525495.984 3260066.418 3071382.495 3527424.702 2875743.876 3681134.19 2750369.859 2786772.754 4419515.588 3634871.591 3440487.451 2788227.804 4315499.835 2909927.716 3221650.561 4510769.491 4477841.219 4053092.359 3914411.026 3300057.112 2723218.58 3474445.381 3846467.273 2989478.88 4728535.079 2975948.185 4021146.621 3306742.123 3461575.948 4866340.66 3989429.749 4965269.584 4215562.739 3767851.94 3776054.058 3297896.467 4783646.07 5142666.017 5129734.995 3425571.04 4193706.959 3110725.112 3501067.068 3504629.581 3998706.859 3443941.435 3676454.682 4403804.565 4896564.939 3694874.449 2971879.273 2925378.35 3676481.313 5232775.315 4308236.847 4203368.597 3767428.724 4290474.519 5379498.897 3999009.154 4627977.305 3649358.646 
2820556.862 3340251.785 3762752.836 5076661.942 3941683.036 4588038.243 4015472.704 4012134.74 2784046.241 2611937.443 4519953.024 4140339.123 3405489.547 2315382.782 2793008.428 4570847.821 2398227.585 3682809.854 3456532.144 4944802.482 3674291.849 3046082.38 4221930.332 3717864.265 3890353.032 4194138.176 2741814.677 3290672.844 4002015.265 2411495.74 3783671.815 2806316.776 4674584.423 2482308.478 4025181.984 4694671.182 5014155.577 3199401.253 3028293.473 4126221.195 3548590.06 4526895.991 4780495.612 3424454.055 3176262.409 2983272.248 4773838.833 5061942.053 3830305.555 3692485.979 3195751.932 4685218.005 4218581.913 3223173.082 3267352.014 4888962.004 2502157.474 4421880.104 3421899.917 4868424.878 4825999.771 4816124.398 4435353.301 3576694.751 3370915.292 2650676.559 3591461.012 3487396.695 3881410.937 3442903.33 3534404.996 2960073.091 4221587.362 2881570.743 4311062.026 4403345.944 3855939.831 4534417.128 4795354.016 4319643.471 4905126.883 3670319.214 4540149.581 4960747.519 4086482.846 3013525.781 4285689.28 3151879.312 4858722.995 4775493.379 
5021450.73 3956692.644 5192275.188 3635182.913 2651428.133 3999329.395 2779188.092 2787497.514 3469492.591 3533313.721 4160602.19 2968323.172 4071433.042 3811573.084 2409227.625 5065164.945 2950324.011 4026157.875 3557571.766 4173183.241 4286667.272 2434352.257 3267150.861 2688844.217 3395186.223 4634177.081 3461201.459 4143536.815 3584195.513 4630711.736 2405512.062 4934915.009 3242608.743 3389588.347 4519348.273 2375012.865 3817226.709 5191131.116 4779446.456 2989289.535 4117481.808 4756317.805 3506651.686 3264586.86 5107934.607 2645398.57 4736449.821 3996284.187 5147740.803 4335573.965 3975502.021 4004271.91 3770802.877 2565152.191 4177228.019 3929785.172 3831015.22 4660090.845 4196380.287 4936271.587 5533555.235 3847662.395 4186763.289 3584700.46 4629811.459 3642152.77 3070242.201 4842507.735 4248410.728 2888531.124 3594674.343 4481803.446 2944244.531 3270007.463 4251076.114 4413802.13 4316518.929 4865934.867 5095844.04 5187302.8 3583107.131 3129315.664 4650392.165 2673837.943 3292602.902 3526127.578 4026389.906 3865992.808 4040254.417 4189009.61 
2803936.381 4192176.092 2782751.515 3693415.242 3067570.887 3045073.618 3658596.186 3517894.432 3823500.46 2269391.68 3117490.754 2493588.901 3828273.087 3845003.015 3910394.519 3749247.893 4315933.328 2987215.15 4550004.422 3339800.089 4325984.641 3136736.027 3534732.581 3808494.512 4003888.169 4162522.934 3506033.863 3762565.235 5016533.287 2827512.544 4788947.416 3432275.941 5216872.699 4357758.801 4425887.212 3415580.326 3995194.743 4094627.941 2677677.2 3534275.707 3600475.798 3415237.625 3051967.077 4431813.749 3958156.333 4651327.919 3289909.357 2882690.246 5143735.363 2480600.898 2756466.737 3350127.465 3382527.459 4132075.506 5462319.035 4010470.292 3441853.18 2965681.477 2963547.023 4558917.54 4807693.995 4127350.427 2415455.242 4584116.564 4258051.574 4219667.262 3554329.207 4808641.117 4770603.727 4647189.732 3582695.284 3449527.434 4705980.308 4753374.724 4332748.989 3834332.657 3096007.864 4711007.965 3972576.071 5008632.925 3559293.922 4517784.888 3094603.095 4744420.204 4237949.971 4571098.221 4745808.752 4390777.589 4823574.54 3545852.521 
3201716.825 3785514.469 2984473.824 3547633.952 3024041.534 3105479.924 3763248.662 2942983.99 2508518.514 2411687.639 4472856.92 2204394.602 2272472.133 3102156.447 2560931.816 3748755.682 3613088.238 2304400.877 5110085.595 3657781.268 2833659.856 3412769.503 2725366.48 2587637.485 3174109.156 1834996.243 3858112.472 3222629.163 4520827.189 3328169.303 2547919.833 3463981.217 4743813.202 4054213.276 3864361.872 4157526.233 3819488.823 3007570.566 3732148.151 3982004.779 3392106.552 4357682.312 4179003.888 4223580.337 4303887.716 3847817.431 4121608.676 3448318.121 3218476.899 4661168.158 4317523.958 3677340.386 3817218.862 4725728.793 4543347.741 4078512.695 3732859.247 2563727.108 4289808.452 3432083.109 3111658.583 4789732.411 3998110.476 4193222.951 3880375.313 4401116.067 3139964.832 4022339.503 4347071.125 4758385.871 4263097.041 3884807.445 3784506.007 3894779.092 4074900.377 3763497.265 2908300.33 4485481.428 4223898.673 3592870.695 3694894.006 2921447.714 4098666.614 4265742.604 4916750.417 3724071.998 5139382.036 4633097.596 4434679.674 4988036.679 
3232788.234 3628780.971 3995127.139 3818074.57 4180422.017 4086812.485 2490818.356 2178337.394 2334682.145 2812668.711 3302312.111 4746879.685 3725174.625 2708655.745 3427369.084 4553343.629 2918498.171 3682474.304 3715293.961 3398201.682 3777093.765 3177174.59 3243889.02 3962545.038 3333268.127 4853794.21 4428117.194 2863389.699 3736148.553 3175279.966 3360191.344 2921064.6 3028711.614 4280041.589 3227221.98 3597798.468 2853552.368 3142931.211 2896763.44 3029025.949 3011664.899 4450002.767 3673982.347 4219627.43 3999732.775 3177614.757 4351649.38 4042696.592 4068787.165 3041353.096 4107569.7 4133355.495 4691301.817 3532644.033 3493843.21 4383416.109 3805112.977 4602028.873 5045888.243 3385435.258 5256064.315 3710082.041 5035626.645 4284592.943 3183040.805 4327292.159 4125268.434 3942446.09 4614515.491 5605994.011 3811345.481 4803951.183 4383413.02 4049449.63 3551542.388 3435123.877 4885543.17 2019083.483 4402586.663 4596426.366 4090646.649 3853260.857 3570447.993 4058907.543 5093203.038 4581468.686 4739517.708 2983883.161 4313296.643 5254437.965 
3857884.992 2054563.44 2465520.967 2693285.876 3756221.644 3054653.82 3908630.07 2833922.273 3822215.089 2650980.269 3564410.993 2695252.375 3241058.254 3954709.665 3712884.224 2293342.305 3703276.817 3733301.603 4263367.961 3305690.868 3242754.528 3616389.248 3138511.034 4312100.77 4582084.559 4338829.042 3310341.871 2801419.006 5297289.098 3307475.278 2575215.495 3631985.497 3468588.966 3420942.188 2741135.35 3539483.131 3120049.58 3711957.789 4526211.538 3565566.933 4845388.157 4318309.316 2866551.785 4199459.572 3181657.64 4221073.325 4091002.136 3906854.422 3546540.561 4325200.968 3745584.31 3518239.934 2609291.64 3632166.994 5081667.306 3920194.438 4221880.907 4002349.786 4106414.889 4333287.453 4895598.745 3753781.489 3561377.359 4084738.206 3346621.973 2409762.472 3663810.625 5107468.731 5347586.657 4735359.798 3966109.731 5388596.858 3761535.007 4944987.06 4201269.563 4256315.693 3854319.011 3623137.984 3744524.072 4515805.543 5054446.364 4917053.478 3654529.317 3316222.41 4404648.913 3466966.083 3334198.402 3417416.289 2519706.853 5926760.572 
3433963.733 5038297.273 3444471.527 3923137.434 4006362.429 3101064.609 3677975.406 3735327.397 2613200.338 4008789.273 3959109.563 4511883.288 4366867.146 3242183.686 2987391.402 4113159.214 3967650.989 4417871.614 2723798.48 2090760.281 3626325.119 6773720.408 3774787.619 4135001.588 3296230.107 2325328.518 2680815.164 2301691.533 3072641.398 3739023.41 3224067.869 4302197.628 4415264.48 4324683.68 3439555.079 2377953.763 3955530.555 2008678.916 3562764.725 5353014.453 3981813.879 3947377.43 4229466.086 3514496.915 2101999.445 4041550.787 4336890.664 3302729.865 3297262.819 3381390.829 3333466.675 3756123.105 3877983.802 5454125.268 3476596.458 2462427.981 4104579.705 4761414.918 4235290.778 3935224.64 4717026.252 3342663.701 2944825.472 2995615.786 4114696.994 4576594.477 2838874.076 4978677.742 2828986.802 2738618.35 3877123.769 6061116.966 3440362.792 3822823.216 3043021.633 3875315.765 4155453.879 2486846.539 4302476.833 4299227.54 4927610.608 3844549.654 3638438.393 3812615.38 4156622.935 4301824.174 4985547.831 3377354.761 5395259.576 3267296.79 
1163188.058 243004.3955 898757.7349 1615192.25 419606.4354 365699.1155 1003718.488 395060.4649 892952.7071 990908.3693 971159.3607 776400.7046 1032918.164 685889.0601 379027.616 665670.2598 640848.0442 1623016.115 500942.8639 653325.169 941482.0937 749888.8722 416911.0378 598264.2436 608320.9349 587211.5883 1171355.316 639377.4492 618940.6686 623329.52 576954.2177 546429.9219 1447223.214 959094.3658 290678.4073 1157186.073 1076209.972 847925.4076 1181753.721 1115949.124 231007.4058 387341.979 701649.0061 246806.2093 153582.9747 716793.0784 620004.1284 937049.6149 892517.5271 239496.4178 303588.948 904305.599 574968.1612 1143013.048 1127651.582 881617.03 575608.9305 1490551.232 924719.3033 726863.0028 676536.475 742447.1264 679665.9947 839531.4854 1055638.932 640019.7429 1118444.972 1111431.536 1375224.722 820610.1099 1276839.774 982993.2775 1744259.79 951343.5587 876648.2302 724330.2071 516293.999 1409928.902 374758.1015 1110151.328 804621.9064 1599834.613 534377.5611 169192.7779 1184089.857 582650.7635 1019871.075 1627505.809 1011044.284 1181887.352 
0 0 0 0 0 0 0 0 0 0 0 0 0 0 0 0 0 0 0 0 0 0 0 0 0 0 0 0 0 0 0 0 0 0 0 0 0 0 0 0 0 0 0 0 0 0 0 0 0 0 0 0 0 0 0 0 0 0 0 0 0 0 0 0 0 0 0 0 0 0 0 0 0 0 0 0 0 0 0 0 0 0 0 0 0 0 0 0 0 0 
0 0 0 0 0 0 0 0 0 0 0 0 0 0 0 0 0 0 0 0 0 0 0 0 0 0 0 0 0 0 0 0 0 0 0 0 0 0 0 0 0 0 0 0 0 0 0 0 0 0 0 0 0 0 0 0 0 0 0 0 0 0 0 0 0 0 0 0 0 0 0 0 0 0 0 0 0 0 0 0 0 0 0 0 0 0 0 0 0 0 
0 0 0 0 0 0 0 0 0 0 0 0 0 0 0 0 0 0 0 0 0 0 0 0 0 0 0 0 0 0 0 0 0 0 0 0 0 0 0 0 0 0 0 0 0 0 0 0 0 0 0 0 0 0 0 0 0 0 0 0 0 0 0 0 0 0 0 0 0 0 0 0 0 0 0 0 0 0 0 0 0 0 0 0 0 0 0 0 0 0 
0 0 0 0 0 0 0 0 0 0 0 0 0 0 0 0 0 0 0 0 0 0 0 0 0 0 0 0 0 0 0 0 0 0 0 0 0 0 0 0 0 0 0 0 0 0 0 0 0 0 0 0 0 0 0 0 0 0 0 0 0 0 0 0 0 0 0 0 0 0 0 0 0 0 0 0 0 0 0 0 0 0 0 0 0 0 0 0 0 0 
0 0 0 0 0 0 0 0 0 0 0 0 0 0 0 0 0 0 0 0 0 0 0 0 0 0 0 0 0 0 0 0 0 0 0 0 0 0 0 0 0 0 0 0 0 0 0 0 0 0 0 0 0 0 0 0 0 0 0 0 0 0 0 0 0 0 0 0 0 0 0 0 0 0 0 0 0 0 0 0 0 0 0 0 0 0 0 0 0 0 
0 0 0 0 0 0 0 0 0 0 0 0 0 0 0 0 0 0 0 0 0 0 0 0 0 0 0 0 0 0 0 0 0 0 0 0 0 0 0 0 0 0 0 0 0 0 0 0 0 0 0 0 0 0 0 0 0 0 0 0 0 0 0 0 0 0 0 0 0 0 0 0 0 0 0 0 0 0 0 0 0 0 0 0 0 0 0 0 0 0 
0 0 0 0 0 0 0 0 0 0 0 0 0 0 0 0 0 0 0 0 0 0 0 0 0 0 0 0 0 0 0 0 0 0 0 0 0 0 0 0 0 0 0 0 0 0 0 0 0 0 0 0 0 0 0 0 0 0 0 0 0 0 0 0 0 0 0 0 0 0 0 0 0 0 0 0 0 0 0 0 0 0 0 0 0 0 0 0 0 0 
0 0 0 0 0 0 0 0 0 0 0 0 0 0 0 0 0 0 0 0 0 0 0 0 0 0 0 0 0 0 0 0 0 0 0 0 0 0 0 0 0 0 0 0 0 0 0 0 0 0 0 0 0 0 0 0 0 0 0 0 0 0 0 0 0 0 0 0 0 0 0 0 0 0 0 0 0 0 0 0 0 0 0 0 0 0 0 0 0 0 
0 0 0 0 0 0 0 0 0 0 0 0 0 0 0 0 0 0 0 0 0 0 0 0 0 0 0 0 0 0 0 0 0 0 0 0 0 0 0 0 0 0 0 0 0 0 0 0 0 0 0 0 0 0 0 0 0 0 0 0 0 0 0 0 0 0 0 0 0 0 0 0 0 0 0 0 0 0 0 0 0 0 0 0 0 0 0 0 0 0 
0 0 0 0 0 0 0 0 0 0 0 0 0 0 0 0 0 0 0 0 0 0 0 0 0 0 0 0 0 0 0 0 0 0 0 0 0 0 0 0 0 0 0 0 0 0 0 0 0 0 0 0 0 0 0 0 0 0 0 0 0 0 0 0 0 0 0 0 0 0 0 0 0 0 0 0 0 0 0 0 0 0 0 0 0 0 0 0 0 0 
# Errors [PSD_afterslow2/PSD_afterslow2.dat] I_err:
0 0 0 0 0 0 0 0 0 0 0 0 0 0 0 0 0 0 0 0 0 0 0 0 0 0 0 0 0 0 0 0 0 0 0 0 0 0 0 0 0 0 0 0 0 0 0 0 0 0 0 0 0 0 0 0 0 0 0 0 0 0 0 0 0 0 0 0 0 0 0 0 0 0 0 0 0 0 0 0 0 0 0 0 0 0 0 0 0 0 
0 0 0 0 0 0 0 0 0 0 0 0 0 0 0 0 0 0 0 0 0 0 0 0 0 0 0 0 0 0 0 0 0 0 0 0 0 0 0 0 0 0 0 0 0 0 0 0 0 0 0 0 0 0 0 0 0 0 0 0 0 0 0 0 0 0 0 0 0 0 0 0 0 0 0 0 0 0 0 0 0 0 0 0 0 0 0 0 0 0 
0 0 0 0 0 0 0 0 0 0 0 0 0 0 0 0 0 0 0 0 0 0 0 0 0 0 0 0 0 0 0 0 0 0 0 0 0 0 0 0 0 0 0 0 0 0 0 0 0 0 0 0 0 0 0 0 0 0 0 0 0 0 0 0 0 0 0 0 0 0 0 0 0 0 0 0 0 0 0 0 0 0 0 0 0 0 0 0 0 0 
0 0 0 0 0 0 0 0 0 0 0 0 0 0 0 0 0 0 0 0 0 0 0 0 0 0 0 0 0 0 0 0 0 0 0 0 0 0 0 0 0 0 0 0 0 0 0 0 0 0 0 0 0 0 0 0 0 0 0 0 0 0 0 0 0 0 0 0 0 0 0 0 0 0 0 0 0 0 0 0 0 0 0 0 0 0 0 0 0 0 
0 0 0 0 0 0 0 0 0 0 0 0 0 0 0 0 0 0 0 0 0 0 0 0 0 0 0 0 0 0 0 0 0 0 0 0 0 0 0 0 0 0 0 0 0 0 0 0 0 0 0 0 0 0 0 0 0 0 0 0 0 0 0 0 0 0 0 0 0 0 0 0 0 0 0 0 0 0 0 0 0 0 0 0 0 0 0 0 0 0 
0 0 0 0 0 0 0 0 0 0 0 0 0 0 0 0 0 0 0 0 0 0 0 0 0 0 0 0 0 0 0 0 0 0 0 0 0 0 0 0 0 0 0 0 0 0 0 0 0 0 0 0 0 0 0 0 0 0 0 0 0 0 0 0 0 0 0 0 0 0 0 0 0 0 0 0 0 0 0 0 0 0 0 0 0 0 0 0 0 0 
0 0 0 0 0 0 0 0 0 0 0 0 0 0 0 0 0 0 0 0 0 0 0 0 0 0 0 0 0 0 0 0 0 0 0 0 0 0 0 0 0 0 0 0 0 0 0 0 0 0 0 0 0 0 0 0 0 0 0 0 0 0 0 0 0 0 0 0 0 0 0 0 0 0 0 0 0 0 0 0 0 0 0 0 0 0 0 0 0 0 
0 0 0 0 0 0 0 0 0 0 0 0 0 0 0 0 0 0 0 0 0 0 0 0 0 0 0 0 0 0 0 0 0 0 0 0 0 0 0 0 0 0 0 0 0 0 0 0 0 0 0 0 0 0 0 0 0 0 0 0 0 0 0 0 0 0 0 0 0 0 0 0 0 0 0 0 0 0 0 0 0 0 0 0 0 0 0 0 0 0 
0 0 0 0 0 0 0 0 0 0 0 0 0 0 0 0 0 0 0 0 0 0 0 0 0 0 0 0 0 0 0 0 0 0 0 0 0 0 0 0 0 0 0 0 0 0 0 0 0 0 0 0 0 0 0 0 0 0 0 0 0 0 0 0 0 0 0 0 0 0 0 0 0 0 0 0 0 0 0 0 0 0 0 0 0 0 0 0 0 0 
0 0 0 0 0 0 0 0 0 0 0 0 0 0 0 0 0 0 0 0 0 0 0 0 0 0 0 0 0 0 0 0 0 0 0 0 0 0 0 0 0 0 0 0 0 0 0 0 0 0 0 0 0 0 0 0 0 0 0 0 0 0 0 0 0 0 0 0 0 0 0 0 0 0 0 0 0 0 0 0 0 0 0 0 0 0 0 0 0 0 
442055.8715 440824.8981 351274.4258 323905.8232 420944.1558 257515.3581 352897.7339 200360.3373 462345.8609 185216.0563 414919.6416 381785.9479 200981.0061 438160.6287 354763.0223 319111.8538 334230.3141 285994.7345 233962.8453 320291.5274 231721.7939 179510.813 402197.6225 405575.0361 294888.6149 419482.3253 371724.9735 437878.8322 424814.9418 368934.5552 313995.5854 358745.9786 417783.7772 248681.2219 503804.9707 388568.9455 410394.0985 365919.3568 380848.7447 219896.7466 399140.1397 320311.6255 475460.2325 489105.2516 350570.6412 268957.4968 493544.0408 407030 447561.6517 282991.1642 359798.7104 320151.0275 244480.6386 298220.378 251472.849 451677.4524 292966.5463 286466.1501 283528.7668 348695.0266 271316.6297 377377.4155 533574.7853 453682.4454 351833.3392 301860.7978 332577.617 461128.5655 307898.6901 557159.7908 432948.4437 455192.7503 362045.7657 443061.0857 368413.6729 381631.3138 416412.4437 381023.7956 461137.0402 290247.1081 241622.2571 339232.9395 338127.072 282715.8448 420498.2053 346161.0816 427649.8764 256384.4602 434089.6997 522203.7039 
820445.4426 826036.3205 816484.7452 725940.661 589080.5533 692257.7006 727685.3057 733029.9558 600083.2321 708605.584 747584.2321 843266.1763 656128.5218 676013.506 575263.1328 822264.6496 732568.6249 671840.5386 861735.0699 724118.9486 686824.3511 814448.2573 621513.8351 750137.1398 671897.5703 700591.8855 784909.486 604624.416 692025.8492 834478.4841 613674.0045 798004.172 843780.3091 880405.0962 699795.1945 791373.3218 740060.2988 792725.9198 821183.6926 602932.218 889784.6 804479.3824 836367.1231 852001.9863 724992.5317 768298.5253 667149.3816 817163.8595 877370.0201 728552.3881 732006.1549 697780.9479 812859.1329 865348.5708 748976.6559 702536.0915 701187.9174 866559.5778 699358.697 792060.2133 758756.4363 729074.9617 862015.6252 635842.4698 880157.6661 887755.2346 856033.6743 908558.5638 923152.2805 747360.9422 739103.546 763272.2738 862615.729 841329.0911 588192.6253 777799.3806 785951.2289 869382.491 854243.0701 728456.7534 651176.7372 1001829.33 794468.0499 842809.0308 949203.9273 771741.6981 702761.1478 801572.9788 722874.2105 722829.1516 
830620.1125 661200.8108 725743.1841 752748.912 643444.5328 763958.7687 754373.0183 734999.6948 570958.1168 801521.5675 730507.3781 711131.3416 748879.5848 701191.9572 755146.2072 633169.5473 736690.8644 594307.5363 610815.5206 737394.3951 775443.5368 758578.6538 880706.9122 804571.8291 699339.7534 816905.6253 774467.5143 752114.4431 838063.7942 633476.1045 813355.1095 657560.8054 716005.2662 738435.1756 673972.1682 738029.4163 777720.8572 679747.8582 737333.2196 718861.7229 736752.5907 773250.1873 661589.143 800443.1924 703738.8579 739171.5929 667037.743 793163.0499 767409.311 686052.3477 844025.958 875806.6867 880787.1953 807627.045 614698.5322 915432.7367 913002.3757 798935.0197 962484.2022 777659.7181 694278.9204 665086.6583 1055264.098 717340.4291 629426.2303 773362.5325 898337.0327 767849.2688 880529.63 625528.4136 883997.0553 904392.4565 869953.3601 820286.9408 780601.4384 880549.471 873670.3006 812924.1914 833031.4093 742712.5155 634883.8488 904882.0348 748507.5813 833052.1337 854556.3498 942937.6671 847165.4026 878137.7512 750368.6368 819879.6961 
654315.4958 867601.6211 651455.4337 557013.753 914538.8028 650971.7905 714494.4032 509601.2385 657363.0637 626421.6559 844619.6119 590535.4714 698157.4935 785310.1972 666471.4894 592326.5032 795294.0449 589356.4684 787499.5312 766253.143 620529.9651 694616.9104 779403.6189 800783.5549 698510.156 749264.4117 551854.7166 827319.9431 631529.4106 621280.3529 661215.1462 929617.049 864901.6171 777396.5496 776173.7412 856351.2354 758328.0736 740120.8296 782462.872 797576.8435 894108.7156 816963.678 898958.99 851709.7975 825751.4299 662871.1062 772959.7741 857246.1582 841258.8726 762534.4057 779280.1862 798788.8989 840627.9828 775678.1195 704916.7873 972856.6974 834260.1993 807894.7927 899875.7901 845358.7791 919995.2653 704851.6168 754068.3016 684983.6147 848082.931 783850.9239 878252.9563 905440.7849 954990.9447 679599.6053 727528.3069 753517.0898 847011.0258 854048.1089 748115.687 759962.4335 886746.5823 927138.7605 852921.9755 791759.1364 749354.1735 838697.6338 907895.8001 907928.9693 854598.5149 755823.9436 750809.6007 787327.0992 741549.186 905876.8191 
903974.2586 711641.682 783248.2784 819828.9265 671060.2457 794211.7897 629504.9782 599824.2015 828009.5893 643499.7262 833205.8752 723214.5424 770991.0139 880490.7182 891234.0279 714925.2314 805376.6314 792484.2464 791067.9388 778956.9544 704237.1069 656015.2027 725235.7547 762882.0825 752479.3372 652984.9081 854494.2116 769966.6918 824843.1914 918729.1714 800620.4454 630002.6171 688233.8083 875402.4906 676833.6239 457516.0252 648886.9298 753454.2678 974352.6194 817418.6258 702944.5971 740445.2749 760009.6483 829148.3328 799543.7958 753546.0714 740900.3634 872980.9051 1041345.858 797398.7801 873395.3175 675798.3645 712288.5489 698668.1904 790923.1599 836759.6249 694886.8668 749427.1902 765377.1615 705473.6166 885997.691 878925.1831 718000.6616 849480.1162 762753.2812 729264.7449 763154.5494 715753.2987 858650.3296 871724.2368 867265.9242 791057.4912 825263.2456 604291.4518 803151.4174 828066.9807 895106.3632 870496.7398 863243.2125 785060.2003 947909.7524 767026.0508 617871.6641 729798.8517 796043.7563 768963.3957 871725.7026 741456.5127 775305.8752 979334.458 
737361.1855 745914.1321 776711.6965 738125.0817 792820.3482 792610.0093 682596.9423 762624.9963 721170.1598 614461.1172 836871.9851 910779.6233 830941.6605 887803.0807 667586.0031 778273.3566 737397.4873 748118.2368 649781.6598 740770.1552 778045.04 816626.5982 788126.824 703983.4363 829703.3561 803748.6126 718804.4326 636683.6231 594432.0033 982274.5162 892809.5294 937109.4258 674709.1378 701147.8291 800154.9902 797741.4042 697924.9875 679150.0619 972379.6255 725227.8619 855051.9273 786951.9808 794897.9564 905331.2949 720737.0013 854296.2946 751398.14 651958.2282 930558.4599 774575.6212 653356.666 871807.4422 662229.6503 827026.7567 683773.3251 640885.0641 723484.3527 792033.3232 984654.4318 824942.1476 875330.5691 820095.2149 776541.6337 904366.8939 893955.5936 827525.534 746247.3417 777960.0362 849314.1285 728185.8413 873142.2968 524199.8664 787427.6006 754364.9926 792325.2174 839647.0113 736517.2929 756884.3199 797942.7021 794496.6786 949705.7283 853526.1415 700336.0267 880262.568 788991.0052 758731.1832 730671.1015 839379.9086 760168.7285 872046.5937 
691501.3787 637262.9465 835577.4698 607659.6566 636890.1484 728553.4797 602203.6895 618645.0035 740081.2639 697524.5267 725698.7641 762823.8612 648903.4095 571751.6995 836285.4025 841052.4474 833666.5906 835124.3729 634864.8472 726307.3407 634437.7023 760227.5026 896880.2738 781460.7103 786038.001 693040.2314 739481.6005 668266.5038 721045.5171 724047.1715 804752.6981 970895.0752 900805.7243 749381.1149 782308.1452 745201.3144 607601.7194 903398.4027 732510.8028 785821.3023 846596.4621 919091.8428 848101.9327 756308.1605 805036.4064 833665.8532 765501.9243 784637.161 724724.1232 703788.7798 645676.924 875910.0653 793477.8986 778415.0672 825645.1495 858085.034 599461.8387 713784.1961 859111.8219 791787.138 837002.0911 977001.9336 872686.8636 834713.9574 837505.7704 795989.0282 729374.9764 878273.7751 707782.5632 667488.9062 948305.2474 889780.5863 768286.8133 872780.7933 744461.6046 912829.6195 792415.1966 882223.1392 832452.0452 749646.8178 721320.4263 760558.0316 793401.7228 753169.915 702926.0265 777013.782 896909.3682 840216.8767 769029.2753 708899.715 
701690.3898 784833.0647 758839.3014 719830.0366 765942.1807 830626.8128 728183.8043 791812.8982 761005.492 701918.5676 777614.9385 666509.6219 673640.9149 971851.0627 657836.9016 655005.6319 742388.7265 649693.4338 795905.0803 854986.2602 863152.8938 737812.7922 766839.2327 818767.0446 956506.924 806932.5239 889157.1699 793136.5648 569474.8199 763419.9575 675150.2677 683053.3321 672375.226 694690.0345 711045.6298 740300.5959 799508.8202 683526.6865 613476.5102 814019.6534 772213.8684 690329.7972 624612.9834 758235.68 644669.2721 729898.209 840590.373 657916.1054 720763.4453 766039.7791 929440.2584 827008.3175 675363.156 758603.8755 708222.1216 763324.5141 742552.3586 775006.8647 764066.3264 860137.7235 878086.8886 701381.0633 790275.7188 677217.5657 792481.7909 786539.059 865764.6263 737028.482 797586.7308 860267.4698 874649.2967 1045164.019 758318.5857 934506.4791 764742.1304 810218.1374 770995.4602 832093.6439 850811.0419 688165.0637 768193.7975 991802.0412 793014.5734 866515.1324 799691.1152 720562.9419 910659.1882 805866.6397 841097.5087 732165.3624 
676017.9825 495554.3266 642404.4604 623381.8586 704967.8664 831307.6349 592113.004 519896.2158 504700.4853 760091.944 897254.9072 765702.9275 765451.5744 632679.3577 703470.4374 826575.9771 693565.4411 577555.425 726917.2409 878110.3409 752586.2753 734280.2763 734364.4771 797648.132 743429.8528 792740.0681 715920.1345 615326.32 729173.6651 740016.6775 660630.2907 768295.0403 694877.9188 811688.2315 783101.4652 620694.9497 816850.2288 709377.0375 738381.3278 883221.0957 747183.9941 733843.1925 875371.6853 785409.7324 627040.3489 755003.2018 827048.9295 645025.1686 714482.5535 666718.4166 798504.0206 715598.6387 817789.6508 683544.7277 787900.6119 859076.133 702190.7938 831554.4699 741671.5589 813077.538 914827.6197 821330.4793 752111.4182 801655.3204 654876.1623 802473.9574 918311.9902 809162.4949 854899.3435 846335.4673 683556.0371 748507.0534 916006.5442 874158.3084 791822.7171 839174.6929 836248.2888 795169.7077 759085.6506 918645.0789 940535.1521 816094.897 838773.8842 770824.9726 783116.3638 849004.2406 832334.756 865996.0702 760258.6131 655616.5058 
839766.8666 763757.4669 699286.2675 765891.5726 788461.7301 634123.8616 741732.2623 704789.7302 738953.6743 612766.3141 667182.5628 640227.2557 712764.8647 648621.8778 531124.0765 779564.6735 716930.6334 713726.7012 771926.1058 739322.7129 755295.9464 794624.8024 729137.6462 830403.8274 895307.8249 821781.4968 672287.791 752944.063 715763.1476 629855.7605 918051.329 738717.9541 700522.4746 787283.0098 771357.579 702610.1624 861884.9077 695952.8582 878447.0299 808366.546 686388.5419 719519.6166 816044.5998 610266.1247 662943.7247 727269.9879 689611.5315 868553.2152 800236.2642 733876.6708 756395.8159 822537.1703 659728.313 662555.8275 745413.3896 789606.04 728921.9323 747649.2598 838857.5769 705460.1816 816075.7827 643274.8789 948267.0241 834020.9092 724918.7134 678584.9635 872804.8198 939462.8911 911954.835 868148.3601 806536.9889 773371.9533 911696.386 735405.0765 857797.2878 868284.0847 716249.9054 981110.5332 707335.8414 739288.833 832816.5015 864370.3515 925690.8682 820923.8869 975237.583 685800.4175 789623.3575 961757.4839 767844.2941 913668.9705 
704105.8956 704680.8175 679758.5702 763506.9001 793706.0281 615156.0997 673184.7803 824633.3544 651130.8894 724181.7339 809118.6461 715188.5536 716330.2801 698580.9215 728382.1195 653818.6768 644239.7965 614734.5757 652374.6437 819744.2569 806460.8476 788340.2513 770524.804 894975.2794 768127.993 668346.452 836146.1272 835636.2543 832611.3551 567800.4666 682207.3695 760329.7072 853956.4217 837811.1442 824926.7082 700944.6719 810000.6505 687611.3936 759685.0361 714103.8854 795054.9575 831033.009 765614.9223 713085.0474 753671.4376 699346.4166 815357.4398 847182.7448 716194.0492 666523.3218 830974.5614 926482.8464 758919.0547 855869.5356 719958.7194 774720.928 687205.283 808714.8407 792500.5844 887410.8416 833260.0452 692280.0388 715161.3934 932391.6987 942704.0879 836447.9 770724.5317 672424.1343 852623.355 698433.5566 843563.0353 786511.3115 737029.4493 757595.4307 847567.1662 751744.5931 711316.9216 681231.2957 673864.6454 688250.4427 687075.4151 896594.8196 771518.6253 805170.5831 798573.6908 763758.7187 709678.2115 826231.4306 1014735.694 758444.7807 
793061.1237 588195.7472 540444.8836 733230.1116 736755.4938 628882.6622 732330.0318 850080.4954 638109.6054 721606.3308 605466.9563 783866.7743 610281.1429 802585.4212 712256.6384 667684.563 771581.8524 743654.2432 587672.8717 600676.0632 733977.4104 648874.1842 652314.3479 763855.1273 748456.5253 664554.5792 784877.4625 690645.4778 673058.3557 768640.329 687991.6933 810085.4864 821638.2997 728679.1755 825114.9245 786745.4512 557976.1947 799131.7778 722432.1009 779041.076 795714.7901 939515.9556 728944.9713 699179.3678 816147.5114 612443.7622 714976.4229 849099.0025 873108.7577 633063.8091 605701.9987 791808.7938 805531.8142 739977.7501 778328.2755 665166.8484 741216.8529 894027.5411 823390.4507 677657.413 851297.3676 608806.4205 818267.9897 779510.9384 818206.2355 738520.9597 1075511.624 795322.6983 913370.8737 815482.199 808079.0284 858941.0812 874816.9381 694994.3789 888213.7868 923993.5498 780770.1161 748435.1873 815888.2367 686458.7959 807948.0912 792744.8702 944027.6741 705212.7198 862978.7699 781698.2892 786958.5573 797870.9209 827448.329 803080.7758 
702711.9265 680092.8196 715896.3162 942044.9686 681660.8428 752413.0881 672824.3784 818479.8945 688770.6839 596749.1459 707011.5163 643649.9295 702244.6995 678179.1765 714798.4258 703994.3955 678254.2342 770955.0204 749851.0332 746979.9742 590169.3305 769393.285 766927.0688 811484.0588 681062.4059 825907.4864 575153.8131 771062.5 643787.8402 754098.7366 822033.5373 658254.4485 656258.2813 666564.741 749832.923 830119.7611 622739.4216 757223.0205 739893.9379 752797.1096 735383.9574 657452.3965 804286.6428 895321.6227 704764.3485 822144.3855 649446.3285 823565.4255 788367.0709 797445.9236 713653.671 669141.0022 888164.3998 814005.2446 683581.8523 716299.7263 940877.087 802512.6027 701842.7959 1003042.227 597818.7838 698680.1727 724744.0475 839385.6488 856891.7465 714198.6225 730062.2344 691830.4033 791955.3005 767124.6097 701157.0741 753349.0647 702724.1157 887683.5116 863912.5757 914349.4844 735801.4607 697549.7424 889834.8988 697683.5784 1055457.325 895369.6117 810328.8052 822871.0499 894748.1587 830313.6203 1009467.11 814090.4699 775148.1278 885718.6706 
689516.3057 655618.6934 726670.6609 716138.1271 856747.8977 683746.4911 737184.7751 741951.0964 661424.1252 697555.9804 645522.6285 741237.4824 726908.7414 778034.6183 788038.9832 581566.5468 823117.1385 844000.9224 857132.7794 572076.7938 646211.5129 859629.2982 768417.6483 769431.1942 597345.3346 764578.2456 709899.4521 679571.3925 782095.1675 842718.7089 785804.6909 699934.4031 744311.2419 747715.3283 784251.8208 865424.9766 718703.6571 712621.0977 785026.8728 606365.7738 613404.8645 763319.0826 726536.4892 594550.701 867774.4036 796009.7421 768030.1436 781001.4366 688461.2773 835053.8503 739662.4831 977724.1559 769974.6961 667308.297 775543.3528 950516.1803 635570.1189 725218.9372 687942.6353 860457.0646 772995.1432 769878.3815 549354.0579 847097.5485 708716.2805 718482.5203 712540.93 667381.2288 745504.8966 719701.0808 831125.876 935806.0904 613116.0036 894397.239 759559.9673 754049.9371 731665.2895 936293.5888 795068.3133 728364.2165 874267.4868 869265.1888 942087.8432 643887.0202 769110.9031 753301.7083 804861.3813 835382.4798 901531.295 834673.468 
725531.3429 625071.4024 690220.7508 606935.2078 668582.6212 633483.588 792049.508 747755.8033 691368.5845 608221.1512 705838.9876 574753.2969 745618.5179 719915.1509 566269.4159 758225.1235 743137.4369 665601.6707 722604.7593 835089.4074 654568.4713 671717.1565 638997.375 715532.2296 699785.584 759693.7569 657731.0352 513410.1245 696025.5543 619214.8685 611629.2861 807556.9794 944269.0263 811709.5523 632862.2495 725618.4349 725974.827 839919.0978 722268.8106 759521.7516 935517.166 876246.9446 716301.4024 681297.1771 698325.2992 802123.6824 754816.888 786272.3373 709051.274 900735.2007 778532.6513 749397.3569 701498.9738 802022.7002 642378.2728 564595.4359 754601.6997 775402.7469 833380.3738 667487.2786 889783.243 808603.7232 793343.5584 741927.4068 911925.7065 681623.6816 631530.3437 760661.9141 735809.3803 813813.1561 835544.453 917020.23 803665.8216 746671.926 853151.5901 917088.9987 642421.5881 882860.4427 940613.9163 758641.8545 734012.5395 767114.1183 647298.3923 951759.2718 753257.6767 767095.6344 745901.2059 932367.4469 866617.4701 623447.4792 
759952.7849 447409.5416 469773.0302 662951.5827 659811.6189 605760.3546 784890.2288 803972.9552 621917.8513 842608.7906 507597.41 721635.9244 638063.1127 728799.2097 589471.6367 833553.9075 793254.5966 833634.9794 772161.9312 703212.7333 718281.1662 750962.1604 774139.451 731525.6375 731167.2253 717272.783 797366.3886 886126.7198 627678.0857 613034.3624 536196.0662 770703.0077 611567.9394 666491.1919 718540.6297 904038.8005 878225.2101 687762.6284 793741.1159 785601.0119 680636.8124 727291.7317 732173.7499 753605.9194 681442.0593 689265.0662 703295.9465 862269.9492 769909.8219 822194.1228 662257.6412 618953.5368 761102.7042 766602.6975 660039.9114 639236.4561 702168.5255 746893.3319 765446.5946 786175.832 779237.3249 774874.1434 629516.4117 850336.5803 626356.3733 821075.1519 609123.0363 725721.6092 672992.3706 755116.5143 759337.5221 787866.5829 880821.4313 777041.9829 797748.1966 789872.3307 797016.0451 819371.6241 693338.9686 806493.2787 752668.165 872536.3567 625411.6662 583425.7401 888695.3751 741168.999 837283.5015 770010.653 767784.9734 815490.8612 
787383.4784 708924.5589 611207.3912 606332.4762 481513.9079 681110.1884 734087.2329 730331.6103 785019.4722 578144.1925 609106.9269 630673.7845 756467.983 559003.3312 699572.4535 654827.0683 565499.2611 790192.9654 643342.1324 855080.8997 706877.1019 691731.5388 699425.5236 788671.0015 705563.5099 810938.7169 646364.1738 637440.4595 789359.0941 766285.8732 740398.8992 714787.6751 730010.8757 795734.5363 809598.8606 705747.7835 689663.542 799479.9888 837803.9147 679620.2015 704477.3428 747889.2615 664046.0258 803253.8998 681305.2669 817395.3286 705751.7657 762246.4156 779873.8645 718889.6834 804611.3343 775585.5459 849163.161 862834.3768 678953.6744 858565.516 748178.7894 828890.21 818313.2177 797139.3575 780633.5011 651071.1909 809942.1392 699405.4928 923020.7177 757200.639 804794.6637 650961.6951 811189.0266 794162.6718 701533.9844 860552.6687 738495.4612 918343.9059 808942.1971 753920.1103 710892.7912 881527.9282 743478.822 810467.6564 786434.401 678242.6471 740306.1943 546052.5553 821185.8785 658709.8 813776.0225 672141.6607 849421.0373 918196.936 
833860.6918 739915.8753 784142.6348 740218.3113 560700.6954 780630.6996 760819.7308 718283.4601 665074.2982 847140.5814 718230.6265 665901.64 700702.1993 671037.2441 789793.6339 722500.0471 663310.148 662791.6854 646892.3835 692573.8994 648443.4536 765314.18 683453.1187 658473.4961 730262.8736 711684.5106 793040.8736 625080.5151 620470.8115 790093.8779 701969.7096 795253.2402 744430.8964 652035.4776 767287.8421 750085.9255 607802.9101 790912.5886 813360.889 724234.3973 744884.0251 628693.0432 800440.269 754321.3816 703863.2998 870080.2361 648130.3863 736307.2197 626954.8052 752981.2991 755469.1352 857085.7713 839292.8664 832000.9808 716438.7686 754355.778 850253.616 761158.102 760548.1821 531512.4357 850211.01 794490.9748 597641.1708 699482.7933 706827.7536 699705.1638 904896.2107 797326.7551 765464.7958 824934.7131 923594.7127 835806.058 712506.2945 742700.0063 700198.191 877323.5139 715940.3588 695244.3945 831843.061 773521.3125 938961.9332 901183.2023 925256.8089 775208.7585 775071.1643 886404.437 604768.6054 837653.3236 572358.7174 717892.3788 
459808.6035 822412.5973 688333.355 700517.0738 765979.1099 732439.6103 731292.6825 847366.2537 719972.7598 575231.959 539798.1498 823899.0194 748217.8004 697305.9656 663300.9355 783889.8466 654915.3818 778373.8024 720810.9373 806025.2482 584896.437 746113.2769 661212.0732 634400.8239 860841.1989 757070.1096 690015.0307 645610.9731 681028.2464 715641.4985 498969.1137 804956.6435 749679.0942 879362.5246 714961.9835 697536.0265 669853.0297 617560.9307 1029837.141 810180.0449 671882.0193 713594.9516 793979.992 655461.1746 687952.9912 745500.9951 783124.4664 814934.9549 802084.2892 747852.3944 782829.9753 814333.7607 786845.1253 766543.5208 737581.7147 915457.4205 879061.8451 749445.2935 694654.8819 801085.4933 802543.9326 856707.2057 876160.4099 726525.4239 1014847.284 751400.9957 812659.1744 682260.129 828594.2758 856158.0228 778000.2884 873931.6538 717403.5271 1031076.973 862932.3916 930418.5522 701434.1545 800007.7617 801048.3102 718192.0053 856703.6304 732799.3291 791126.6854 739766.1793 680523.8579 733386.8318 850236.3202 809178.2345 773892.9882 811259.3478 
600799.7393 610068.1762 570186.196 722002.5053 609034.9052 664108.7692 764178.1346 600057.7948 692906.0775 593127.9858 736383.2177 774417.4546 809762.9758 639484.9697 713425.7102 659547.5194 780224.6194 496513.9755 759835.3563 665731.7085 595735.9961 693374.5008 684180.6916 740758.4938 726943.8234 726971.2403 627456.5845 522800.8992 781725.2448 703092.3123 701814.01 637721.3796 718335.6812 849458.7638 888263.3593 745711.4099 938823.697 718006.513 866364.1322 726353.3913 775931.0267 632229.0727 729242.5423 949767.7472 579593.5492 702965.2417 820805.5923 828877.0093 558179.2241 684824.9849 670624.3795 650780.3495 718499.0182 844622.6462 814587.1237 864811.2641 796572.6628 857676.8206 832637.9578 869122.4055 809695.0252 847307.6729 726226.3314 771276.7899 715437.9733 658454.9789 792674.2475 643740.0141 895784.5631 629404.684 702071.3416 715111.0762 861702.2327 829264.7314 731343.756 703157.0577 741511.4053 838061.1249 743252.8952 742781.6586 893766.8768 730308.6717 647221.2026 795669.5343 794413.0084 873090.8467 733764.3998 890334.1669 642048.3749 804033.8603 
705206.0564 703528.859 674331.7397 679132.3239 657014.8046 628947.0753 582388.0237 819760.7034 859667.7931 689622.3349 633909.7753 748768.4452 678270.3252 772311.2785 626631.5206 643851.4567 752616.1934 737298.9034 741364.4857 862043.8108 642727.2907 721160.7922 647268.2322 656717.2581 743121.0424 770898.2351 764077.5684 807935.5244 754204.1471 600542.7676 734789.473 670689.4982 591237.9433 605932.821 807728.1553 701187.7225 745129.9056 756593.5027 898315.2389 762514.2218 756087.5733 781546.7379 734530.4263 903365.7475 622706.2974 628428.5163 790548.5371 776643.3982 781419.7876 691318.9731 1011085.978 797911.9424 710134.8743 744342.1378 785087.8321 845146.5118 846168.9144 781310.4439 689972.4745 802307.9587 860676.9119 730044.2335 806705.9255 736525.397 724813.7543 801972.4032 907014.8219 955736.866 650274.6918 628825.943 929595.1989 665374.4022 689262.7427 965340.2715 814873.2617 834669.7754 619702.9496 871303.1089 883555.9242 959260.495 735802.8325 768415.5443 747301.1431 669615.0659 730686.1314 945877.1906 893180.4822 850999.5085 806496.3311 867585.7894 
673006.1768 682745.9417 596028.2025 684538.2085 680367.4494 801965.9924 560531.7225 721605.7987 711481.3779 779868.8515 769707.0471 674242.7938 764793.6458 662953.6359 683123.4958 704796.5411 757316.6591 676188.3294 562206.9278 705001.3928 710250.2177 620205.5055 785145.3403 762528.7002 842188.1138 707631.0794 652713.3145 709799.0435 935032.2575 615774.7322 767899.1381 768895.9605 675627.8765 597482.0625 729373.7249 598179.7084 737058.5306 658333.9187 775355.8797 733255.1928 852120.0021 770431.2521 840758.6443 739336.37 740112.661 822723.8715 681020.5799 765445.5273 622387.0844 713557.4129 741031.3955 836745.1678 669451.2818 881816.1081 681302.5586 603657.394 693396.3965 743146.274 929055.6435 861208.3422 761636.8202 623740.5401 933203.8169 895376.7255 702440.1682 743312.0851 887338.5154 703656.7458 700885.4343 827536.5709 903310.231 677020.1566 841236.5583 719809.9924 904550.3885 811684.05 774987.2732 962035.965 762739.7843 847201.7836 660123.5782 787629.9391 654900.6183 802493.836 710128.5907 853681.3057 670743.8311 770553.5756 860113.6122 776802.7846 
850293.4317 686989.2361 784204.3988 807588.0531 790609.0696 633890.5868 692213.9339 677471.2245 733106.6365 695604.5265 697523.5021 562396.5097 739814.6855 647527.0895 578128.2562 750581.0541 790577.5318 700338.608 683472.9054 645256.659 736232.5525 929374.0369 871247.6568 691331.7159 787106.1731 780593.8354 836234.1002 709865.2377 741554.5797 772213.8025 805108.5679 600427.2519 619383.4386 790325.4328 770787.8594 618754.8567 670415.153 794619.086 816516.5757 605515.2438 858603.9784 811840.4268 608623.0622 905991.6998 693837.2913 846452.5648 752012.4413 813395.6069 691128.696 792710.3161 810826.0551 816617.233 768990.0695 828448.0267 782112.6926 679539.8925 712848.3145 846183.5151 704882.8946 699712.3687 773644.9401 648347.6816 665473.2583 790519.5988 596393.0998 874170.0773 789712.4999 646551.0157 830343.868 696696.2671 857435.5919 592200.7227 677875.5952 737088.4462 801236.7598 949991.3587 674929.496 678691.5637 675973.1933 775923.7949 738415.4959 791423.2535 753201.2113 753010.2745 829361.5186 786583.0399 898342.4021 588747.6768 714970.4384 883631.938 
472100.259 664857.8574 668374.508 768589.5533 738331.7496 585326.2782 540187.3081 793815.8611 635296.1378 704444.2435 841177.861 746089.6662 606716.0179 676927.8546 579369.623 643355.67 656194.2717 818221.1482 747539.6157 665585.8352 816275.8767 698789.5379 788876.2524 568496.9302 769280.6424 744588.7692 668906.3255 756328.4016 842056.7704 647637.7647 652472.6992 849045.8931 726349.0049 650137.1107 716912.383 793334.5964 657076.4417 811916.539 827641.6681 869569.1803 909637.8471 761817.7673 792655.7263 873057.2908 731964.3204 749018.0153 676753.3679 709806.2911 893015.7758 851486.0305 825770.02 944501.8421 833355.0159 839660.5417 662889.4919 632391.0839 862194.558 911761.5467 871916.0172 801949.7833 747257.264 778937.2663 615493.5174 826530.9396 623853.9162 911108.1806 699985.6096 718726.0519 926891.0514 614184.8916 663934.1822 956710.7947 746487.9201 788537.8014 1060913.292 950618.2185 858912.0077 824725.1252 724970.1363 727515.9426 807010.746 792793.7436 776533.2122 851003.0534 944281.7488 642673.7206 965977.6544 827685.9 827944.5178 750649.085 
551264.7034 809988.1952 716762.8058 505341.5697 609812.6318 756601.3105 874715.1472 646930.4901 636654.6882 540668.7699 700681.0119 732101.7862 677741.6494 485553.1075 710501.1018 811314.3195 731302.111 648447.7938 691523.4446 653557.5126 798562.5946 641940.5999 671635.0969 879032.6003 811235.2782 649712.4588 746290.9066 691495.1507 787329.7129 814802.6828 689662.712 687761.6882 682268.5521 727798.3581 557943.3091 760621.7814 787592.0329 707840.3034 822327.0538 767459.4622 545256.5356 814273.5196 770738.5548 841290.0618 889722.1748 831244.6311 698702.1583 791966.9954 753923.0482 793961.7379 608488.5684 825650.9375 813169.5195 724340.9086 704321.0854 787406.1071 917345.8459 744126.1062 779811.2313 781173.3894 866730.7078 840823.345 461600.225 680266.6193 784889.5543 855935.564 817439.4921 817644.7534 816953.0284 662905.5921 702106.1267 842001.8863 806626.3685 668529.5632 877941.4645 706785.2634 857012.8809 605336.3292 654457.8148 754229.7915 859441.368 920444.5404 715277.9714 786130.0139 833952.9758 778542.9925 836792.4742 954354.1905 752325.8137 822470.55 
692627.0584 645342.8025 693559.8457 572673.2996 630438.8821 905780.1792 750694.1995 594940.9999 783899.8731 788750.2368 735621.0766 885279.5179 800957.6346 742076.6057 818092.6358 721637.3009 800666.9279 748749.4129 577931.5205 569474.0664 814656.2135 603808.9966 682393.7237 777546.7773 849693.3889 672826.1906 776550.382 779454.8916 802756.5388 842357.2519 923340.8406 865549.7135 842003.7361 893912.6712 774954.9007 813175.5795 818798.786 634868.1794 755731.9097 820542.6395 863063.709 650393.855 782643.9869 792827.0398 727223.8843 728443.0474 772158.4695 785564.0322 714496.0921 959249.7416 857267.9704 995882.8418 804426.5433 770451.072 767824.4274 899655.1431 770693.8553 752849.7566 761761.0634 743327.0476 828948.7149 833338.7323 865617.0035 532001.4286 793596.611 888876.4803 797209.7329 811316.4526 814335.3883 752161.1449 817681.1536 611239.5875 781678.6824 619974.8334 799238.9091 736734.466 676149.3602 815604.3687 913279.9152 769895.9752 688551.3504 838412.3966 892659.8175 895991.837 789016.4341 694818.7524 728611.4155 741975.4079 790708.3375 674710.0954 
675588.8629 615627.2328 595542.8957 723551.4125 634319.6572 865668.8799 713896.9006 807535.0201 730489.5529 831530.1034 687932.089 582927.3077 718301.7764 680615.0337 754505.2331 679318.1305 801939.8028 758286.6217 642104.9865 737585.6885 714736.787 787626.1875 659097.6744 847408.0158 612879.3078 792939.4809 878203.7379 741393.3281 597020.5901 871363.0093 776409.683 770744.4611 860062.0655 631582.6885 693472.2198 803618.8959 895513.6253 828352.5523 764486.96 822052.6491 894522.2963 847929.814 734439.5824 924349.382 754628.9671 802152.3552 596991.3131 778292.6955 914095.7786 698954.5247 585033.8357 817485.6235 730512.3081 748307.1864 723939.547 804368.8972 863046.0901 943520.3864 953983.8079 589898.1974 724611.293 845469.4759 669445.0684 928641.1046 677494.3716 729487.1811 564598.2727 840536.2735 765484.6553 785735.1957 728139.4616 742567.2691 629914.5092 824851.0678 710879.9249 960069.3889 729909.0357 736052.8568 880059.3409 811211.7217 763411.1119 776663.0929 793159.2693 870538.923 677388.0472 871921.923 921044.6733 801356.774 608884.7259 761572.5054 
671071.573 794773.0394 689509.8005 785186.5806 874742.9526 747015.0843 734126.5667 820983.5409 821904.6834 740789.3989 673799.7198 561912.0037 853003.1837 782694.235 845917.1625 833047.7008 610814.9413 827699.8029 706509.469 774112.9314 801305.8145 803634.9297 896066.8663 629662.6891 676910.1146 890138.0416 840316.5962 758485.152 861989.2462 731556.7721 717849.0932 721496.5477 766226.2161 638936.5609 737955.0231 628471.4548 815735.2377 868544.603 597730.2764 570403.6106 958491.8798 808710.8224 754793.7568 648186.8588 801368.4642 752141.6159 840469.6829 825526.3614 718673.8402 811140.3983 793601.9826 964230.1165 765136.308 720990.164 713986.3179 717906.6696 834168.9331 740400.3582 766594.7467 785678.7133 823850.9844 931933.3696 675641.9328 763772.0905 593518.4746 762335.5956 794604.6758 738312.1415 808459.1063 747521.2966 755274.2316 828467.3022 861173.2409 795556.0864 756012.4706 740846.8092 797150.8457 753375.5042 794016.9047 745267.7515 823768.2085 832471.2638 757047.44 949339.8527 796691.2227 670883.5406 865496.5841 869001.7901 819893.0709 798195.025 
717109.1044 807589.0018 837681.0179 695932.513 778733.7906 627128.5589 716189.1308 695521.9951 862004.4258 716570.481 733992.3416 723007.7183 656866.5667 799423.2864 683662.2809 691489.5271 652501.0733 864471.0579 585199.8938 732996.0097 654946.6462 668460.2199 636775.3592 808018.709 1039712.946 631477.8514 871839.6406 659129.7728 748220.7457 883991.3703 710772.0102 757259.0128 791757.8025 709674.8872 997019.3244 622681.745 650485.5819 768164.0109 829353.8247 748223.6317 897420.4988 717294.7529 782231.204 762481.4467 655923.1191 801393.2433 770268.4774 686417.8966 746798.946 857788.1239 831903.6636 797842.0566 789848.3401 962165.0051 934266.4403 763309.9079 624641.3373 566225.9404 938090.9489 914860.542 768479.1256 855511.1176 982946.3252 825586.9137 790333.3527 755334.0703 910678.0944 1010843.361 835926.5479 919030.1768 821340.8928 979487.3764 856732.2158 818616.2123 817777.5059 719276.0141 933922.9173 854001.6 716178.4379 935030.9648 757410.0708 835785.9688 768086.243 623041.4923 924878.7294 1009797.059 859080.6152 819002.2544 938762.6212 595243.1459 
686457.0155 743265.2741 769414.279 653004.2395 770252.2442 686665.8864 660493.0549 632430.9598 661174.8217 782530.9557 563675.5065 866992.2205 707364.3135 826488.3753 572678.3538 767838.0537 896530.3233 690343.1245 790910.6504 819301.2386 682131.5907 827429.213 686605.0717 674156.2016 784949.0298 640839.5405 707463.3408 812909.1495 826201.4859 743913.8237 901373.5364 827774.3113 713564.8242 665306.6222 700071.1691 673802.6113 673791.4536 801771.8262 801867.3188 756187.144 729310.9032 618527.6903 772577.4594 686321.8246 840311.6148 906574.8412 852453.6073 699674.9164 828928.7951 678810.5629 932106.3593 671290.6052 793472.1504 657953.2112 903068.778 837257.7406 763551.4467 748457.2534 757287.2469 799077.495 832788.1108 707888.6497 849879.2686 673141.7788 783611.3365 790879.5756 803745.9672 775525.5913 909041.6419 827274.0446 823615.2457 822635.1284 830968.1765 913217.3796 867804.8122 589768.9967 717855.5001 814934.7277 906957.2069 793646.127 791151.5237 719298.37 919779.2548 924721.3582 894793.5842 898767.1055 760791.121 809590.526 864267.17 754326.9253 
568062.5266 798191.2349 582110.7745 794651.6701 800415.9346 445807.8917 751683.3118 730047.4727 717930.6449 661915.2086 736055.3252 765427.8985 602355.6535 800440.5649 695065.0935 578709.6288 773760.9604 611809.7026 577351.44 702284.2573 744989.7653 606195.8386 809620.146 815164.2835 691729.8571 777361.2253 688432.0674 846985.3757 761442.8991 900165.7854 683842.8003 770390.8582 674495.7878 711729.4771 665627.8399 763006.7479 864416.5175 689856.3749 713923.2716 858210.309 521382.6625 892352.3866 639791.2116 738529.2759 788275.9178 732204.693 763016.2711 904433.5601 498520.0667 696719.0564 822352.2131 823392.7108 720002.8102 888786.4727 665503.2349 861753.9982 763274.7147 801551.3419 701395.6691 697408.4642 824044.4692 846737.6838 813213.7254 635760.1393 695503.7551 861416.8288 871081.6565 760552.221 779045.0058 737464.7139 818093.9792 538185.991 786823.8191 839178.6497 818290.2517 742338.878 909729.7311 810056.5209 699959.7119 683575.899 828926.8571 873916.716 793156.9471 790869.5491 710811.8531 864001.6542 902511.3997 847306.5247 770829.9392 808192.566 
729341.5431 642638.4124 739884.6076 711297.4867 793310.0518 731250.0173 789309.0325 715599.031 598904.7182 684052.2284 834260.8798 740409.7563 694624.1152 669873.618 659945.6898 902478.1901 731339.0376 702714.3694 803597.7838 671941.8756 679501.33 699193.5941 578846.2261 789535.066 696896.3533 744064.5726 574913.1191 710219.6671 657716.9288 787625.4558 867548.5756 659046.7412 722576.1793 818677.7729 717897.9256 756472.3727 658475.0658 667105.4377 751771.8803 766216.5528 919053.8531 730102.1103 889566.2658 591719.5425 715487.4781 537729.6362 825589.0993 642277.953 724339.3437 630912.1223 573306.6861 791798.7828 834674.8472 740772.2447 796275.6329 871150.8218 711364.2109 743860.5035 780975.0339 828568.2054 828478.4754 565191.2389 878373.1595 798503.6264 890984.861 852961.9715 797848.4897 731519.0937 679153.4589 1025462.584 852954.893 662081.9632 827872.4119 923287.8842 867524.6044 753537.9307 550267.104 701776.9321 739139.5268 681599.6248 715458.8019 730517.404 734431.7911 952932.9965 884991.2463 788328.4324 777544.5962 872373.4648 912719.4988 733999.4767 
696425.5503 693214.1586 861062.4483 708780.5733 671969.2095 921069.3273 878451.516 704588.2628 741430.1097 756196.0042 740699.2955 635049.4855 895881.2955 661149.3033 649221.4534 596963.3236 755905.9043 724591.2054 588901.6653 778846.9082 571968.5541 695735.8536 764425.5835 645820.9672 642800.2837 675602.9615 879580.2427 691387.7521 863487.9435 686316.8927 604548.6124 749447.9953 737481.5209 693608.8179 904124.8346 672894.5384 653325.9584 897545.407 773645.7383 780024.3512 701832.5319 686682.7721 906526.4221 739617.0408 628973.7133 852013.2725 750023.9024 707983.0519 841547.9165 867289.4623 814529.5765 840412.1198 733852.9473 703540.3134 856931.6382 817624.7945 822400.4038 752209.0107 748778.8469 722361.9158 826460.1353 641962.8258 890144.9458 782275.7272 853302.3899 671143.689 578993.2906 750327.4133 820936.72 808640.5396 843350.3945 699550.5268 835956.6045 832466.5876 789185.7574 784369.1647 602207.5187 882297.325 608216.868 767248.7243 837125.3752 821924.0612 821071.2768 833251.2818 884057.2194 616279.078 820340.4912 1019583.678 928680.7301 874981.3228 
741094.4071 662992.2074 787952.119 696548.967 594016.6815 591595.9444 743906.3491 867210.9157 606375.1479 699942.8494 726859.6676 682221.75 701558.1624 862614.8456 693220.9316 635428.478 692520.3086 849394.2453 739842.6246 629203.0689 828127.2804 755923.1814 728033.4812 745261.399 817756.4968 714334.6204 695162.5543 756248.435 703380.8634 799407.8038 836817.6648 805377.6551 738203.9771 755217.5861 679321.2812 749997.0873 788142.1831 748812.6718 712444.3776 813859.2748 899483.1057 720881.5448 747596.0349 823731.1392 672127.1722 742807.1118 791968.5826 834650.0972 685281.3789 607354.8633 918563.7307 671975.146 826374.7482 742675.1926 684230.1079 746136.3789 714259.6443 976022.6255 720602.7485 728122.2333 845152.2182 706626.3554 724980.0032 812253.4739 734057.6125 883293.1089 790165.8632 642087.2031 783313.9462 888710.6962 732954.838 817773.7181 797963.3373 648680.0476 694336.7434 851171.9222 896318.4071 782454.6659 760246.6464 828082.2346 823003.4673 808151.2584 861500.3222 858396.1168 784571.6123 675381.8448 786269.9414 1048624.517 784019.3298 796182.4451 
705470.6822 766520.035 617720.4106 925187.8787 681285.7871 817397.259 699301.9529 688236.7471 604967.6027 692964.6694 761257.0594 897304.9282 711296.7752 780212.421 504062.4827 668824.765 797604.015 832190.1266 727046.1921 856446.1109 796037.9541 841158.9558 729485.848 877522.2316 736005.2688 605064.8273 651316.5768 725672.4502 751048.472 807645.5561 673088.216 737216.3858 737046.4575 853073.8095 780673.9146 591954.2067 975852.2063 638762.1078 659722.0151 763631.2399 721380.6143 618752.1067 675398.0148 840752.5389 753114.2258 765433.8969 789425.0789 929403.7053 625932.1585 834276.312 934563.2146 948855.7068 972647.1829 701828.014 851681.0136 730458.691 898934.1133 811593.7401 765247.2299 685545.9584 737616.108 975038.3997 803746.6995 919945.9852 816391.0654 731798.8453 703585.1616 750818.6848 737031.1826 875833.0732 841033.8263 860599.9919 875833.8192 737879.1546 818784.9109 860752.7575 879228.1213 764178.5367 882687.4282 802934.572 760227.3379 799048.9699 1051802.637 752618.0506 889420.3649 695766.9719 637587.7128 826392.5519 831611.8677 657842.8658 
780701.3541 811845.9944 778166.316 655775.4748 673321.8688 761125.3392 764798.1155 695406.569 653879.527 792097.4658 796934.2034 642760.0761 718303.228 680439.9269 789950.1832 881841.8021 746055.9742 741447.7832 664969.3702 765604.0352 753899.9292 749607.2299 775335.402 693983.2184 786787.523 902741.7142 762195.3988 830406.4504 773057.402 608138.8203 831873.3751 602659.4007 742168.3609 745043.5359 840528.9589 908684.9534 659044.1913 721772.212 851691.2194 563751.5953 958359.9944 812246.17 879958.4349 714194.9446 832984.6227 958717.4926 772148.7328 778713.6514 800734.58 870041.6122 653212.707 833228.3058 751776.3292 931210.3751 891404.0861 772500.6685 825921.1026 892972.8282 735806.7234 857120.4274 855085.4528 873323.1599 704855.0808 886168.833 755917.0037 913660.3789 906955.0325 942178.7281 771233.673 866861.7942 710182.8199 714436.7125 816842.8087 895497.6539 895842.0133 948445.2281 846694.4289 636943.8873 890860.3353 1005910.238 953981.7164 727212.752 805142.5845 910235.7976 789571.4518 783269.7276 878087.6884 801151.1257 803090.6308 738381.0968 
637621.7411 840388.5611 692094.6884 804279.232 678312.3801 817348.9695 855695.5693 784191.6933 838740.9025 657259.5645 837353.7101 807180.871 954502.2839 687195.4401 648582.6704 652586.3177 587766.8577 810298.6576 596790.3463 652911.5083 723600.1754 640565.7472 679082.8224 787178.969 777673.78 748714.5837 611292.8521 780037.4459 803063.3806 754451.2445 795230.484 827404.7248 648635.308 806979.6018 839144.0447 799244.0489 744268.9975 711874.1819 753220.0395 694854.2596 740530.0189 720126.3644 812092.5267 709907.0802 735065.869 678147.7573 821403.6752 785407.699 923521.2154 695115.8247 744570.5442 861576.1406 575779.6729 1027384.612 595661.4172 802722.8982 898933.1319 696273.5298 753123.2273 607924.4316 725800.1031 675025.9205 805530.3052 721205.3897 637854.0864 759296.3534 1022309.025 689999.8352 766171.9055 922723.0815 942627.5479 779137.0274 855958.465 719394.9703 926639.6642 571653.5843 844057.5688 938690.5211 887024.1883 924600.1481 753720.9548 743900.6603 661587.0138 758968.0252 907499.4104 954687.86 800999.0908 871382.6899 804590.0851 726567.9393 
650686.3507 629464.9962 701902.6316 730033.5782 754907.2752 820613.1421 708253.697 671618.8527 756341.1704 751398.7923 721459.7417 713619.0922 679555.0263 666089.4558 661574.1627 735185.1209 800159.8802 670212.8325 632926.1037 880325.2841 697015.7009 844740.8049 650955.407 761011.6627 778745.4375 765247.1314 687315.1537 690740.9515 698553.3034 754090.9336 919006.3794 557647.6701 787612.2019 674661.3544 811606.9058 778736.4376 936680.9296 793997.6526 648329.9456 719135.6865 824164.7442 833809.1438 701383.5642 865032.393 890444.8841 754339.0821 685666.69 671058.2911 704807.3159 800648.8089 612204.8991 687886.5548 737525.1407 718729.2441 774426.5679 745018.3896 657825.5086 855824.7921 878936.7754 987204.7687 815515.9589 953900.6445 891431.229 831405.6699 791553.1006 889946.1597 757883.2278 766573.0991 792467.9771 1063605.955 586893.8029 872576.6637 844618.2385 661395.6307 845062.8088 921437.0352 780500.507 717545.5953 823398.8233 752656.1257 823383.3655 808453.9152 839736.0277 938541.0347 717943.9138 714928.2452 1039639.634 836788.21 796545.9612 744997.8995 
766382.0451 687523.9076 791222.2257 580671.7504 719420.8365 676121.6689 735398.457 785431.3039 856830.3818 719592.1236 511101.5882 936534.0058 679888.1679 693403.1912 640772.3561 762424.5616 802474.1847 730979.3375 682265.8845 826622.3872 771637.9228 750945.6332 855849.6867 816209.1825 845560.655 732163.8518 668278.4792 678768.842 717082.6138 723991.7071 747936.6523 860622.0597 607320.5007 844708.6646 935338.1732 514936.7558 726353.0245 921424.6685 554732.4062 789847.6877 808947.8624 702291.4244 640062.5665 849951.3842 738682.6444 699156.1568 749371.6517 822933.559 833109.59 649637.3589 721808.6654 750154.021 748596.5257 784293.2336 756936.5984 732658.4061 982875.0416 900332.7186 791425.9509 886067.4814 651178.3045 776410.1522 749581.0269 887752.794 881458.4739 714079.2336 809150.7086 801994.5876 895315.3154 721699.3248 704458.305 823438.3823 759991.5146 781525.9562 728822.3436 529164.8069 829085.1371 672995.5453 739098.6878 628697.4436 673442.7259 584486.9346 876546.0789 798905.08 906378.4095 659223.1742 834315.2775 816243.7182 817835.6955 745136.1642 
881684.0158 877582.871 698891.7393 649795.8377 716534.2166 900017.285 562685.4058 868517.978 786535.2228 772839.2735 822231.8116 800167.1193 667610.4929 834554.5236 810283.1906 814999.3413 788408.6819 653132.3915 761613.0864 803199.0014 946425.0391 669343.8276 676338.7381 813155.3631 643894.5475 589618.5834 865816.0462 715994.2815 627718.6109 736942.6633 703355.2066 761763.8343 733722.7467 761773.2394 767044.3179 798314.9515 801761.7387 786262.821 858550.9396 911185.4639 723783.2088 679808.9077 770030.2071 796546.2265 888416.5832 536361.5391 843675.9856 823121.4987 776758.4239 679449.12 825665.8436 653355.6679 862849.8603 688941.4635 883646.5227 744008.4076 776446.1137 695939.5953 900767.9115 897583.9111 707846.286 759984.2922 814238.1021 785934.5884 748784.9273 787874.6072 670471.5289 870565.7391 845951.6047 839454.7955 855286.086 792799.4691 734805.4692 879731.7512 659434.6525 777505.6662 813646.0154 748694.9966 851133.2859 899492.558 813799.1751 777090.1288 782857.6434 985733.0072 784605.4724 892947.629 723642.182 839716.6356 756906.1787 988262.1536 
760709.4583 718820.4837 750195.1227 748762.5922 789583.7573 600998.114 870353.106 789844.2564 722175.2078 590494.7676 718682.46 714282.1537 541262.4984 747300.7578 739703.952 729463.0428 637731.8439 719056.0364 603810.6773 729241.2093 740423.9463 685664.6509 722959.4819 611311.8253 884501.2626 917455.8107 670535.0095 665559.2884 884186.7565 702341.6413 817523.5865 643333.3711 874590.4462 638456.7144 862821.4829 660798.0441 773310.5315 896443.2775 655443.9966 602999.4109 750475.3606 690019.0455 825465.9891 768470.6636 712623.3202 818339.2003 623392.7924 827028.9691 832465.3072 878865.6639 852056.8088 881144.6023 741688.4357 789690.0365 876178.9089 897128.7567 845560.4562 891435.8293 757090.4561 797028.8888 928236.0191 746930.6391 780651.2916 875515.3799 913670.9577 795791.9219 826923.397 741007.9124 745160.8367 790895.1144 814079.8601 722283.5196 962574.6148 976235.1978 744350.0283 777530.108 738549.6975 782111.6804 837639.4125 928724.6538 671374.1106 809999.36 938406.6117 911603.8386 827350.8223 787772.2271 866310.5826 883046.1231 914259.2481 874102.2967 
779315.5862 925987.1188 741125.6662 702493.805 808451.9788 669416.7266 690025.0837 691330.694 816427.0054 805568.0413 691864.2064 704734.3322 780427.3417 567439.1717 848877.3454 841388.6914 525026.8702 794320.2415 868119.108 716710.7339 704314.278 765370.79 707750.6183 701480.8521 747620.7299 806330.3936 759584.4087 780225.7118 684839.0599 774029.8065 685486.7132 607611.597 642011.8177 784632.9768 824254.5422 819493.5471 851256.052 763690.6312 654211.8626 832195.3306 936988.3137 969360.8014 967035.0257 562738.049 818125.5011 671075.79 859249.8371 695634.9088 793607.9633 800407.497 846238.8334 733646.1352 696191.3413 733244.7413 874445.8024 908915.6739 811043.2998 720744.4654 671418.6637 766893.0924 761192.9212 740209.7183 774746.9305 669362.1527 862972.7475 816760.3121 690073.0296 702031.5618 741667.2996 800742.7802 929489.4414 853865.5947 794514.6707 697617.2577 838801.4941 819457.7096 684001.2406 914319.3144 958982.337 861008.9491 843181.0577 692753.2949 1046196.541 900516.8048 754394.5058 767716.2151 819421.0836 814651.1784 868590.7504 662146.6805 
759185.7508 710206.3847 557572.1827 649175.2532 719955.6126 777143.0986 778479.6796 578856.8065 559504.7544 843413.2415 577893.1807 802707.7194 668117.8393 640232.9043 784525.9112 793959.8815 639651.4012 794719.0155 644284.6114 743635.1666 628002.1146 828365.5723 795172.3658 695880.3093 786812.0835 672136.6498 624183.7857 796856.4138 466487.9804 679811.6698 837586.2796 725960.039 757450.0105 614493.1345 774605.4285 798403.8452 785412.8986 851857.191 776552.6135 633094.4388 641245.9314 805728.8112 873677.0303 871275.6662 1089754.281 719348.4209 678514.3069 757162.4802 757387.067 788068.9004 807368.6765 664349.6354 806026.5875 815679.9164 789898.7586 723748.1527 611591.2155 695444.4724 903397.5274 624916.801 645307.6938 777994.0073 676690.6296 840587.6204 909292.1985 714640.9178 912957.6726 1006627.722 708791.6554 845083.8046 940985.8474 705920.9789 716410.3644 782174.7158 615939.4219 830930.7054 749738.2879 883632.5732 820157.3084 860948.9828 720877.4696 881111.0759 832240.3064 827676.8332 846766.7131 836935.6272 771652.2974 777407.7965 729020.6333 928970.0103 
896985.3824 761004.809 674792.6176 792677.8282 746518.7106 768144.4828 804894.2583 790689.9738 703232.6004 771687.4101 542090.0727 753903.8257 753159.7206 798968.5196 560360.248 826260.0793 738556.6804 636234.6941 825037.5391 665577.3815 662290.7122 761576.8212 936351.5145 801607.6673 824340.7777 782905.3619 746251.6494 810246.828 882333.7425 716296.9075 766756.5363 880544.6693 753297.7321 708747.5961 629727.8968 819654.0511 764962.1025 938610.1592 712020.348 719742.3345 733964.7998 754541.8003 839646.8165 808950.8846 815080.3336 722005.1662 875924.128 711686.5857 716311.4259 669456.2063 664682.9768 856374.8557 788943.7895 941067.4285 765793.8513 811783.5425 761289.5173 638883.8902 811110.037 758460.2166 689415.5155 861862.4836 882490.787 810607.147 933756.2747 888617.2226 796628.0835 856266.0442 708884.2718 693906.5225 911819.6024 711861.7373 811180.5344 819985.2047 871349.4016 803234.2455 812738.7488 741846.5228 814221.6657 698369.019 960414.0926 727806.103 702891.8996 794924.1794 1016901.731 782377.2663 616327.0829 684905.0062 606416.7516 788003.446 
758629.5723 871716.1748 797671.2304 680289.2273 754651.9231 807186.7982 548702.1595 776312.4254 827534.2926 845968.3499 725296.0085 769607.8149 757016.1868 700123.5802 725280.2739 748636.4414 677768.0483 596276.334 493202.7481 640551.8043 677297.8636 656374.9795 685258.5948 660088.3713 653274.936 918222.9861 663024.5578 824557.198 775238.8191 875164.1553 772671.4045 905047.3619 797542.4186 663819.9593 944778.0828 920132.94 630147.2936 762310.1279 784885.9446 904064.3608 628318.0683 811036.1832 743011.8956 989184.7235 606319.9932 836341.7255 692747.6042 762623.3452 704663.1192 599378.0612 779496.3805 871515.7633 841336.9208 835013.4895 750691.9234 894738.1442 570907.2952 783478.8303 876374.1334 568033.0033 752232.3758 753958.0536 697809.3615 848938.8873 667112.9602 819222.9825 714127.5862 680774.0502 743810.1409 811044.7452 784816.1594 850562.5719 616516.7635 753228.0883 924461.011 857901.5632 737444.8705 816352.2573 837826.6818 925589.5877 672546.7068 749698.4662 749041.2058 704045.5928 909131.041 844687.2886 713699.1464 838881.5165 809095.3505 838786.123 
609498.8093 712919.2005 656659.1836 734170.587 613873.3448 637841.2137 724934.652 796100.2263 669135.6844 680904.897 684155.091 654658.2082 764384.1894 705445.8167 655535.7507 747066.9978 781643.0663 486422.7754 853273.4414 837358.3953 634803.619 832944.1431 593225.9292 676874.9986 849250.0163 842535.734 734117.2933 808015.594 647692.0295 802010.6276 792796.2189 622251.5123 716344.6987 711254.5544 867801.5331 928277.5973 641262.4963 721745.9843 781421.9187 735805.181 815856.5521 794478.1889 828663.9666 783351.0897 756616.4565 873338.5479 898709.6504 699063.8642 891917.506 846495.6833 859803.3109 721334.7243 907137.2578 724438.9647 799607.4202 823138.8456 618456.5898 855869.6359 797428.0953 780525.1522 707427.1274 593713.9461 626624.1369 610594.7518 805230.6805 874485.5742 745658.0768 814486.0261 639963.3016 930168.4847 922216.9121 980340.8076 697546.9707 970818.0992 828867.0421 796159.6322 630352.1461 620807.3978 840717.4094 721756.1722 638278.7345 703011.695 823013.8184 825715.0957 735176.0243 902807.0215 786088.9092 658942.5684 841421.3151 962381.0565 
592665.7808 771219.794 835472.7897 752735.7652 707425.0713 667427.1858 733586.959 734311.5284 739871.9961 721508.3421 600362.1086 684517.8939 654437.7654 826007.3163 732071.6339 722817.4698 673408.4608 849122.4706 668690.6952 695954.0699 712596.4462 671391.9842 724377.7771 727035.1929 688390.2636 604954.4968 819884.9239 744205.7144 731822.0438 711331.1114 713849.6285 664215.7822 701654.0449 822921.7106 725642.9824 749492.4315 749441.5518 709074.2834 744635.8699 713277.137 669380.121 680517.2446 956078.2558 823383.8919 826816.5288 736176.2842 717897.187 694543.7413 808285.6697 824276.2363 973138.2923 740832.409 839365.2622 783129.1182 840585.7338 762083.1191 669777.4037 736466.2874 738031.7373 730136.9061 715706.9193 679664.7783 728162.335 767388.7554 769738.8009 803200.8322 728435.9826 839784.7042 781839.825 877973.2572 913234.6625 889048.6693 786108.8463 675201.8894 819751.5653 827827.8802 748184.3094 940876.2266 809320.6187 671978.013 866441.0293 810075.132 771939.2752 815293.9052 969620.7273 981171.4585 651310.7577 735161.8939 674900.9176 810031.0565 
636689.1014 676777.6548 710306.9284 731105.9653 745226.7141 726480.0595 894761.5558 776054.8645 679611.2176 756226.0546 696402.5298 659417.7425 764499.61 780547.0249 671966.1922 640598.2132 819647.5425 669221.935 697328.9339 687506.1632 554044.7065 716016.4968 800220.6932 761653.2195 678983.0984 684504.679 795848.3332 772484.3686 786801.8532 707647.1435 660301.0355 733982.5184 694559.9069 702374.8342 845319.435 563439.4344 773388.7482 719378.3789 798613.9601 595307.2659 655890.8362 779133.0999 808610.066 802262.4818 787395.6964 620829.8813 598553.261 798727.4507 689681.9986 910117.4591 693340.4694 800585.2442 705193.8973 670141.7001 763033.0081 702975.5672 656358.5764 879898.4914 734731.443 857290.2241 816604.5901 999084.1879 737865.7176 737589.413 751773.8191 731966.7174 760734.7366 773596.1236 711036.2505 859702.0919 935020.9389 828594.5721 826824.9093 676187.1634 793284.9203 744614.1283 791192.1894 881361.0564 783459.9153 831745.1842 694883.2219 959801.5849 898276.9845 736157.5136 783326.7045 747670.4095 1006573.781 657776.612 574228.8515 790189.2487 
497363.624 501816.2309 819667.5043 571403.6126 713743.0952 860646.0883 710504.9721 618848.616 622229.9846 829369.8948 759005.7806 651417.7495 756719.396 729359.4688 838073.9161 826463.0234 666251.2446 677803.3199 763187.0266 692179.289 749109.3262 765668.1109 681575.9961 668313.3118 778205.0413 572742.6054 679693.4109 667093.8934 774999.8675 764378.1741 773680.3824 730524.6971 807202.6127 787565.9666 640957.5248 820224.0493 661045.3106 895791.0245 701788.5136 859009.7758 652465.3825 740036.3035 950681.5821 778089.8394 771840.071 768323.4734 879454.2109 698069.7956 614620.0896 906249.9232 699710.8729 708257.4326 652398.9892 671175.4006 832503.3295 778112.7364 754172.4329 825128.4333 753060.3377 658880.0354 760050.3394 580041.2934 745218.5115 758921.4194 812090.5534 849963.4913 767697.758 787294.7065 925446.504 792778.3192 822810.6518 830404.5541 652044.2233 803247.5688 720931.5397 692613.0541 911038.5312 822273.4633 822611.4793 886404.4512 779474.7612 745742.4436 808122.5921 934651.4449 776179.5779 909675.5403 721397.2328 653973.3519 659925.1772 682556.4314 
608253.4895 789226.9997 635518.7933 543350.2361 639835.0611 749398.1363 585344.0329 639471.5899 719736.0914 684539.8266 787245.0927 807046.8613 908831.518 651284.0829 685029.3625 831976.2846 626489.0905 594814.678 748237.1278 699416.2253 658143.3246 596502.1128 685437.2795 641859.7619 920355.6243 708185.3744 649857.4332 754340.775 667239.9629 845804.4635 970139.1846 815317.9216 847775.1235 745425.3643 674723.1834 886098.9226 758765.5624 733000.745 734927.6577 744935.7794 808250.3827 843674.0883 737308.5331 618191.1435 693880.1719 780306.3323 946155.4976 816038.223 705336.8198 582302.9153 691025.2918 780030.6894 815388.4121 796984.1771 710160.1792 824308.4303 629690.6133 791462.8059 829810.94 762317.358 823216.3676 839782.27 756792.5409 706216.4416 802354.7433 973409.3545 594040.6089 888739.0983 700819.292 629993.8468 759133.6171 823637.5586 707250.8042 753354.4763 840460.0702 766625.5359 759976.4057 945670.6787 743915.333 747780.8715 591159.6326 842233.5368 923871.0828 956886.7089 724753.1236 944263.9732 949206.436 851733.8252 803778.0683 967090.3031 
829493.3691 715230.888 660893.6018 761582.5895 553418.559 814003.9233 699656.0207 759546.8557 680196.2406 697105.5843 611311.2834 759049.4233 640934.0684 694151.5677 748303.073 633099.8405 652195.6116 673294.8689 761001.3491 691936.7737 590025.6202 742033.8967 775259.5774 665578.5047 761261.2637 799656.9182 633949.1713 771574.738 748131.3311 839527.1505 927195.8917 821799.8416 558400.7557 643231.1275 764695.0308 599005.0748 731339.3107 786124.5871 661773.547 817390.6461 806116.5762 670707.9668 594124.2131 771660.8383 782075.1879 674165.0741 813956.2485 721850.4459 701698.4925 646270.1032 733407.1161 673291.8368 613711.0134 678556.8152 704799.4818 680417.6746 882660.9395 808226.8255 709234.7346 787901.131 809214.2334 980697.8476 649038.166 755489.5228 620113.5202 594841.7529 697784.0075 793453.9151 712425.0038 863587.2289 675063.0441 733200.0814 796087.6019 801332.0297 787623.2059 776428.0344 805395.6578 684721.7799 741877.9031 809417.9599 712497.3196 719663.6109 767667.1478 914029.8414 762737.0553 709008.5665 705620.45 744972.5185 879218.9465 800734.4279 
581325.1871 688883.4878 678763.8635 702498.1138 557607.3205 820776.7206 620617.4435 838660.5629 621843.8288 726408.8301 730164.6301 742861.967 635006.3726 848834.3438 705619.7235 496721.6218 628707.2264 761894.5956 710263.3727 621530.4933 903449.8813 708639.967 795945.9403 605792.7712 632875.0648 813654.6295 620132.764 709547.8172 710596.1157 651518.9579 630991.896 893215.6324 809291.0842 692177.3516 700500.5592 689403.6091 783745.559 655407.9393 686233.2713 904331.5857 729126.6035 786600.2739 1068680.594 753849.4631 667302.562 786970.0662 797133.493 752501.2445 799038.459 910329.7723 754848.4407 718662.9309 744852.6761 824357.1176 649552.1518 729424.7164 703284.7886 829893.2498 709269.8386 814877.7202 609097.3948 689626.2115 776748.0488 866132.6828 729000.5188 900457.46 745294.5714 597052.1308 892763.6394 793641.8337 740458.637 823258.4863 781498.0538 844300.9896 868932.1097 805385.0734 822459.4231 824303.9818 721080.0415 687355.4945 885629.3097 765643.0466 807542.0827 647440.0583 826409.7365 764062.1765 993615.1318 811780.4711 800884.8468 971591.3952 
665883.4783 698512.4768 749872.4229 656510.3389 601627.2246 820025.7397 555736.6466 824517.0732 767014.2744 860223.7836 705272.4688 658148.2696 556011.4991 765039.0314 804128.168 828746.8011 666964.6919 784953.0363 798467.1069 671362.7977 792004.4525 674855.0943 496931.5266 642004.3722 801064.5902 840831.8791 568618.6834 629985.3502 749528.7332 666606.2452 779673.2548 647468.8978 547030.1278 833016.4064 645255.9046 829927.6674 821787.1381 762500.0338 832147.7231 890482.3557 759962.1648 678122.4496 851520.0483 769549.2507 886579.3131 708138.2959 590254.1778 766743.6629 723025.8707 890349.0478 699863.3725 792223.8737 680172.135 744074.2364 754844.5956 811811.0223 717620.5605 796797.3756 871076.5708 830035.3652 818413.8571 784933.1004 826069.5924 700408.722 596224.2721 706386.27 682661.0016 836114.826 761969.6165 892242.169 622856.7163 675025.4424 707564.0869 992103.2445 664764.2604 764555.7267 813580.2133 867166.5832 841196.5005 696885.505 829106.2709 760599.9631 765257.7398 898494.0879 903919.6358 670465.4256 711438.165 859200.9617 832643.7653 777357.0702 
537988.2646 756289.0433 747691.1756 792693.9563 692747.5681 597932.6173 708460.7017 692749.0995 718731.8625 623141.2701 732037.9774 738972.9261 621689.3214 688859.5099 696824.3519 845271.7186 540469.5842 735588.3456 615340.7966 717508.3874 871683.094 666658.652 575977.5681 700253.794 696266.981 737036.9761 821062.8943 748840.3492 659652.5358 728171.7029 905155.4074 739162.647 755288.3004 817457.7785 800301.8859 792432.4647 736443.1989 787968.9146 968672.4758 794037.0253 774757.7152 657681.6135 814952.5082 690170.5915 775017.0328 734956.9218 560668.286 934569.7951 618291.1478 889572.968 711158.1882 792467.9573 977226.8881 557585.5931 926404.6647 757906.7931 622481.7423 901800.4812 641862.5064 1069749.716 591615.3659 750414.9142 662168.1507 783468.6384 733054.7928 779751.7287 538424.9279 714203.6418 744156.5435 853092.0187 751001.5021 701693.3164 681528.288 889433.6497 793801.3212 877035.2684 780923.0031 765486.8161 813134.4838 934111.048 699236.0945 724284.2274 827865.6501 733116.4122 833710.7125 842251.4031 800701.0541 799732.5874 886047.9441 854231.6729 
574139.9923 718773.5728 679116.0164 754234.1558 665761.5141 580342.4483 761712.3328 713045.2751 889481.1249 719170.4706 777508.0391 803411.3275 717537.698 797483.4762 779220.6083 780044.4189 753093.5631 609105.7878 643504.1169 776014.0316 615853.0616 741732.7706 693076.6158 625982.3128 714087.2306 766024.1006 720875.0799 598793.5415 817338.9382 756857.2439 845936.6251 769285.7531 710257.6741 728613.2368 873427.8131 626172.2598 730283.3865 792711.9198 726159.6095 721887.5455 764395.0105 661024.211 655958.1628 858166.6978 785021.5704 528678.7892 831478.9475 823999.781 704196.6757 800185.4232 791712.013 712109.8108 615712.3437 865611.1111 704061.5839 784112.9488 709450.7082 716721.3902 761185.1905 574659.9679 580148.2481 661754.3635 801213.8953 806368.5999 770405.1328 656712.2348 843824.0435 771695.5189 847854.6996 800095.4014 791753.6589 654203.4246 721464.0448 881610.618 872562.6236 604193.4199 851589.3042 895845.3295 825545.7516 968439.8505 784897.6842 844056.7969 735266.1461 765233.8899 811010.6298 848394.7712 765937.2517 801153.1584 835794.3847 797303.8878 
653923.7851 707853.2903 685541.4513 729507.5627 708315.6591 815977.5173 645153.811 570454.3502 695991.9227 673584.7753 795473.9998 732025.8413 756093.2286 882656.7737 717457.4219 711072.5635 727428.3735 731625.2183 912761.4402 733357.952 710185.962 532466.9419 638315.9942 707786.1493 733996.7523 858956.5106 880208.5051 514543.7052 680784.0882 892202.9816 771195.6228 646049.6322 819809.463 711828.344 724009.1228 850725.3451 656070.8702 803720.7413 663129.725 590604.856 660109.653 921067.8749 919863.3106 723168.3143 741806.4618 835375.6884 825568.8518 778290.1543 666054.5126 768061.5164 879775.3612 751964.5982 740732.2315 896115.8313 700318.1439 780420.7889 799699.0431 847831.0854 802364.6846 863583.3269 732024.6495 691238.7065 879410.488 720748.6858 847170.4905 812945.3158 889934.1315 796862.7322 732771.6691 813917.2861 709203.7837 670633.6105 830689.0096 854230.4169 886959.3397 770143.0228 676393.6336 744371.1091 640431.798 863355.777 856676.8648 919677.3231 774117.7853 789732.3102 863929.1001 797460.4713 621020.0478 735476.9261 837138.3217 944449.3375 
743568.6289 656605.4965 655148.2811 761754.8732 800659.5492 673360.9605 691042.0159 688353.2391 620269.8164 639606.4332 516415.9591 710704.8312 848486.1728 479714.165 882882.3788 859559.038 821374.6991 589817.1853 572116.5961 778155.1053 692479.7285 837750.4232 760695.2964 849703.8495 796454.9841 968559.094 719984.0776 760100.0656 646941.5269 615498.1173 820668.1516 802538.4423 767061.687 596278.8301 813651.0707 808830.6891 795603.1183 554353.8663 810501.8285 646644.352 845512.2262 747994.7678 828825.5392 688392.952 863582.7181 781892.1322 828826.0916 727741.3444 862909.6444 872842.8376 680647.1712 825531.3405 748613.4163 677503.4491 780881.8589 701515.5403 812841.8643 785728.1634 571103.764 691031.7232 624515.5378 733777.5973 700546.4737 740178.609 937939.8944 938622.7925 810263.4206 840063.1031 728477.8648 761671.9199 811860.2406 940687.8093 765409.9438 767970.4386 727566.9195 919469.5198 631961.5065 804872.0486 833215.6668 705712.8786 916865.0311 771319.1497 797980.6116 810650.3756 745461.1447 856305.371 765717.5711 652281.8597 822043.606 742937.2422 
629911.664 559421.3732 656929.8199 690367.3284 748210.6993 588301.6855 651903.8234 791515.8806 655183.812 768112.9041 733487.0965 893262.7178 880482.03 654088.4051 782806.643 732590.8708 839338.139 810047.8885 711964.4527 520497.8434 836477.2349 788077.7948 800914.125 879368.9323 768870.9482 740565.0702 584722.0033 630085.4126 592186.7405 795259.8201 850527.047 582098.4638 636134.3999 674653.0028 752892.3021 739888.5576 692189.8765 555272.183 781405.7156 621156.0786 885896.0465 688700.1116 833083.1548 673083.4255 797714.1641 764172.0737 803604.9008 755110.5932 720254.188 721049.8301 666435.6139 880017.7379 993348.0709 913025.407 647335.2482 663452.3327 891906.2077 713527.6097 653467.5415 591408.0487 788009.1334 796306.068 710054.0224 682504.9695 813084.0978 718263.8056 888838.8622 841038.751 734082.4191 828876.5961 931292.3031 739154.9403 740794.6162 630782.3427 756038.4146 859710.6133 734014.3619 856039.3669 897133.0619 879127.3049 774689.4309 751793.2713 746751.5287 799837.2331 766563.9999 818644.1622 668205.093 784434.0595 780407.9653 745487.5067 
699571.4692 667555.2056 804367.3571 718724.4405 709583.4649 855284.3062 839451.6041 807343.8539 519428.3257 891805.9989 813035.7673 648931.4498 726188.8213 848855.3085 676785.2766 617405.3207 715263.9136 921660.3127 657217.8142 753180.7495 779607.0317 667982.8546 660439.3072 872007.3919 777150.3425 656226.0135 620909.9328 824166.2699 765661.5964 738183.7332 759773.8064 621087.2527 807541.5169 657974.2351 721275.4502 712966.2206 690503.2423 869039.4066 800144.5943 982219.9373 766077.8211 642895.1802 828397.1274 700899.6828 791717.0499 743896.1751 695953.3874 739936.9351 701451.1475 732740.2277 695773.1045 780535.5705 576478.4975 725861.7798 774339.2978 819450.9286 872444.138 759697.434 805649.1777 759865.038 890089.5078 714409.7295 664484.9907 823176.4205 815027.4666 939377.0245 838686.2134 846162.056 676949.1513 846694.7222 803468.0451 824204.5278 693490.7538 813433.0249 812476.6189 813335.6451 807145.7591 697874.1939 740608.1065 705674.8853 783887.2766 809086.6391 842166.1683 758917.0737 750585.2035 881565.4308 910930.7243 937958.6906 685941.3373 923695.9451 
593219.7506 648161.6805 733441.6148 761568.0898 713917.6654 673318.3888 807053.0189 706438.9595 656938.2571 721130.3143 613842.8532 673051.2124 826316.5218 709431.1563 738034.3662 803400.4958 721434.2635 702288.9893 654011.257 857099.0164 799419.7701 601883.9466 821053.4262 794032.8015 726662.1609 478704.0267 765370.0818 872580.1478 749624.3322 749747.3361 677665.7503 716293.9796 592123.6654 792075.2673 805071.1238 968443.0613 795845.0946 748854.7305 771652.8043 747475.5101 825301.1132 780482.8258 771531.9666 793188.867 890071.8048 700549.8224 687530.199 911861.2844 806582.2691 684453.8876 768063.5876 949043.0574 824611.9489 610619.2744 772545.4625 786131.973 733370.8085 574659.4026 808058.0946 714213.8735 886262.6033 839790.0865 772136.6773 678212.0373 804813.0986 837706.1334 846508.8323 940279.9489 825774.5422 764267.8992 711661.4269 884759.5846 783390.0446 741992.1001 808485.7182 779235.723 894074.8469 874921.0883 851982.7568 770551.9036 809243.549 801605.697 697310.6668 646646.6167 919794.3627 874620.7554 793769.884 735980.1727 803301.6185 784583.5917 
828536.6074 816585.8936 675265.573 844749.295 760868.2897 689280.8134 756700.651 700798.8114 695602.9162 709244.8269 603526.8883 682637.4753 708816.2123 695020.7487 799624.6273 799313.8857 826289.4197 546312.6993 665291.2851 642508.588 605680.7336 694807.6363 620734.361 624865.8305 745422.4395 726474.6485 700523.4946 718948.8965 746716.169 726158.4707 747482.8358 696847.2928 844149.158 776180.7262 784469.6584 834997.0107 705280.2753 844038.9805 866805.6435 856503.9815 780552.801 772152.6203 871855.4052 629809.9833 691898.3236 755058.643 882107.4367 806243.6001 858277.9836 855021.0153 852051.7718 614873.7044 789463.3937 879088.9368 914127.5498 767163.305 624843.2141 597214.0637 874892.5493 807849.9497 775502.4796 727904.2608 769820.636 715453.6645 843102.4131 783813.7889 828211.2294 897191.0199 839773.5509 939133.7162 731869.8868 880752.3483 854834.2326 1081856.736 946340.5794 726720.1819 727336.8753 801033.1402 880882.9481 766058.9775 729856.5606 899447.5883 833712.781 994219.4769 820784.2815 874148.3788 872290.1126 673927.8079 751055.9909 736683.4464 
780393.2834 561987.8931 696908.4974 676332.8223 641722.7969 600645.2196 704470.0619 668212.1982 813184.095 615993.5076 790016.237 673349.3398 714845.0412 533963.9083 840190.2384 700080.8677 663595.5972 748201.9375 686974.2281 770331.6606 787630.9211 820544.4396 763337.4814 736878.6895 654709.3232 871896.3731 858288.5905 882455.0095 759041.3851 671851.3944 660249.0293 764685.5631 660477.6203 762088.6024 647836.2351 656112.729 792243.3585 747184.4135 694330.9097 661170.6406 801862.0271 667013.3904 642731.6787 858685.1994 860346.2924 806982.5371 806807.1427 717408.6686 647655.3683 709929.3566 771845.5387 613908.4061 901785.6605 661659.7854 821187.3179 679108.234 737643.7263 890705.8625 765281.5605 892861.7339 853029.2928 696292.5417 788431.6065 697759.093 871831.5509 894890.8796 939467.201 707090.8114 837286.5294 715907.5808 789163.1777 745806.3707 814026.2766 701953.104 775037.9371 854544.1249 871952.8871 740278.5107 703300.9758 668580.1229 752957.4965 937434.9658 825922.6194 833358.6218 777976.787 789095.6872 945945.0474 760703.5719 890261.9922 768531.4756 
665821.8548 683140.3208 779338.5881 879278.9528 779569.1796 865528.467 771201.4543 775572.7979 655629.1188 632203.1216 829737.4696 797811.0676 747347.1309 586168.3161 614643.9415 845000.9194 596968.7274 745809.5854 698742.0184 894643.177 762538.7565 679077.2748 813528.3137 804459.2526 745833.9451 819980.2652 610784.0213 676526.4988 828193.0714 577473.0825 715150.1075 602549.1624 859153.3697 597940.0696 800626.8706 868896.0845 890679.997 719185.6393 717565.5644 823891.8277 750424.2557 861371.1208 876383.03 771674.4738 720604.5329 651756.6763 845800.7595 904541.9799 749114.675 752225.0467 671735.3122 846534.9845 821482.8019 719447.345 691067.6003 874510.3609 613774.9857 832148.1326 727701.9483 895934.5105 868485.2106 860314.9064 813959.128 684462.2809 746385.2208 581074.1527 757140.8073 731903.5949 757947.8466 719866.9961 738261.4211 670037.2924 837103.754 701409.6254 831797.7364 821904.3235 822962.2879 868893.0568 882548.6043 834671.6932 854738.8972 721684.746 853132.0896 861091.4837 828379.2886 679122.3372 838579.2181 663376.2363 884723.6495 849431.7567 
899137.7107 843018.6744 924751.1665 765099.7336 669241.4949 802015.83 638407.8232 654250.2165 745577.8567 764580.9323 774016.6024 641802.8334 824360.2751 765677.4504 606141.9576 898634.1358 705861.1164 784818.2178 719852.8463 832424.9369 812023.2227 601224.372 736351.8981 605291.5417 734004.7172 894043.9694 739436.7869 833473.2771 783520.3583 847868.9858 620583.8712 843962.5757 761919.2932 697580.0827 819347.0901 602694.7693 749759.6744 899217.5107 903705.782 696841.3122 784248.8823 870105.0831 738925.4118 710676.0849 901253.0768 622423.9323 859514.4625 818147.4066 911429.3203 831884.8684 825791.9491 800655.0924 724873.6566 603749.7265 834920.8327 730903.1869 786401.7486 869261.2167 791212.966 887721.4557 932940.9465 803446.5802 795863.3029 752953.5285 861308.9634 744675.4721 679003.1805 869141.4736 828493.8188 643689.279 739311.6146 782677.8066 682464.6805 652877.4166 803879.5768 831063.4707 780531.6848 900630.1751 876870.183 918442.7141 772902.3047 694230.2435 872678.3229 611431.985 716091.4054 759316.987 797055.5738 791232.205 785851.4317 798780.5091 
635123.1556 848029.2469 672253.0391 745864.3663 683147.837 673754.7987 758925.6266 718140.5692 782268.4853 589645.1003 679604.3205 618644.9101 758581.3792 795803.8176 788978.7956 767283.8368 827930.5681 667500.4475 809683.8765 710859.2926 848288.0862 692937.4918 754538.2856 767559.7328 774369.2906 843820.4714 737580.5862 723870.7778 851171.6069 688878.3472 885890.3247 732599.4154 941525.6212 816933.5065 879005.6117 709841.6 796828.4638 781578.2555 653950.4167 748738.0191 748470.1808 735695.0752 729976.2687 805940.3694 804870.5767 828377.1934 739142.3984 670273.0678 895059.7305 607316.0467 634655.3201 675353.2035 694313.0129 823692.851 934566.2185 832337.5843 720059.9178 705606.3699 634969.6372 879193.5807 869682.8964 844510.1715 598853.7747 864762.7001 795213.3334 816093.2159 759043.9301 881682.9235 839912.2227 854313.6602 741127.5117 751885.3021 859397.4217 921064.1336 831175.0525 779657.9016 693148.1324 836413.2359 749470.8249 900286.3898 741498.239 851239.5412 696725.7399 874350.3255 846861.068 870715.1655 847281.0111 823215.0354 854450.9686 736871.2019 
722610.5883 755083.5349 703436.4441 753303.9474 664503.9464 696210.1309 756715.1836 662883.4659 612391.4586 563522.8158 854937.1058 585511.7502 581133.3072 681672.2513 622856.9535 754937.8383 737469.3416 541517.3805 897446.9448 747512.7921 679362.8788 674101.6747 613142.587 632458.3662 685862.9507 503108.1079 787953.9775 679626.522 812612.3712 701128.3863 595925.6599 760217.4279 862551.0625 793626.039 788815.2908 791153.7735 747819.0814 630672.9576 732021.6238 780979.7559 725253.6482 823207.0219 799213.388 847183.4715 831101.5227 744910.3484 810075.3467 726037.6134 688979.4896 887210.927 811080.8147 746132.1617 779789.1823 873660.1727 848975.899 839507.3108 801623.6157 628868.3661 839692.8679 714492.9667 681666.2726 867434.9335 789900.8934 821224.5905 790576.6074 861073.492 719656.9602 802507.4829 835213.522 886723.566 845287.1966 813637.5032 759920.4322 778547.9526 767162.0491 782685.023 684909.3723 831173.395 814295.7115 760594.0085 756713.0403 686281.5287 807033.607 801813.7885 917858.1693 769399.3196 912820.9481 860999.2548 839348.8474 915370.5436 
674582.2378 800187.1567 776621.4059 751873.6019 795356.7516 796341.4522 594368.8143 601491.039 625138.1734 709789.1513 671726.6366 888995.0503 788642.608 652048.3913 714357.5119 843088.429 692438.7383 736090.6453 794589.6976 737893.0741 783223.2301 703544.6343 727933.8484 817313.6226 734796.7033 849902.5202 810479.5001 647074.4158 736548.7832 663640.3975 704711.0973 669873.6302 722267.5606 835095.1346 767632.1239 726290.4929 641199.7246 672884.5561 595914.4099 660429.5249 653432.7234 877907.545 773981.3196 822295.7847 791155.9476 698064.8648 797600.067 811152.5734 774287.5291 645217.9515 784836.7728 831076.3782 850342.7301 775431.9484 745501.6984 835347.7173 738332.5469 866992.2819 919306.9266 733032.5987 891682.9194 762293.5541 882356.014 801803.6482 698254.6731 833850.8365 797284.683 769767.7309 881791.8875 954760.7927 806735.2548 880715.2455 818610.5383 803569.4411 718579.3859 746123.9312 900947.1963 513373.6814 797300.5845 852321.4828 783881.4991 725528.4755 726336.572 811910.0371 889344.9519 859925.8349 897044.0187 671925.5395 784812.1098 916972.47 
788326.6634 525630.1127 596113.3528 671892.2821 724572.252 674544.7318 776542.2605 622394.1783 774761.0689 595223.6623 745506.806 623908.2043 722476.9654 802917.2161 728355.7228 552555.4638 754803.8869 761470.7326 823351.6947 732524.7656 687495.3907 752336.9371 645406.178 793442.5566 816900.8759 811212.2231 694825.2352 656232.0815 921274.0775 711763.3882 597792.4283 757013.3065 738710.1556 740021.3635 602943.422 742458.1042 683457.8616 696097.9087 873849.5975 711332.0731 856134.4736 831326.7879 620732.5012 814400.5543 720076.9603 783615.0169 726323.7801 776936.3202 706155.9502 838871.1628 779555.0233 706268.3422 574111.2511 767624.699 853871.6964 791720.9688 854895.2957 808253.6539 819899.4898 837759.8358 897076.2257 800418.4507 772199.7187 850843.6619 696812.6814 585718.3334 736247.6461 900046.0877 944339.6087 872767.554 781566.8554 886563.9097 748966.6288 905820.1615 796652.6265 821188.519 783107.7954 781600.8586 797384.356 853689.9658 910132.7116 852189.0679 737069.8014 745403.6553 840584.5826 707572.0405 693633.83 719673.9841 596454.1903 970846.2277 
727836.9954 893488.8063 757779.4447 798231.6796 788916.7686 696077.8563 766740.4603 776333.4793 643185.6596 820103.2752 791824.2008 858881.5454 854112.3513 709042.3075 656756.9711 807249.3737 788137.3601 826338.1933 671584.4715 527267.5193 744379.6911 1086154.894 778767.3368 783252.5476 713764.866 608786.8025 616169.1578 564035.7081 694622.0884 759995.7669 693626.2013 821251.2205 809620.7532 837101.9747 748396.995 611352.6344 800465.547 550541.3823 741423.6675 918981.4763 800479.0733 790167.861 821853.3454 723156.7278 575013.9298 825619.2428 868201.0962 733498.061 722463.0352 735234.4902 710860.5958 767393.7949 793912.4578 961243.3941 756119.4921 604950.477 826044.6628 844264.5381 829294.1764 808561.59 875350.7257 717119.4257 657659.5153 667161.3156 808803.5276 836517.0509 626552.0796 912560.9498 631190.526 651922.2872 777939.4805 988763.7452 722684.2573 765728.7274 647926.5969 776058.3513 814886.4644 598826.4756 851564.6754 787808.1899 898687.148 799468.5154 773414.7116 782464.4339 839770.7266 827495.2514 878087.2546 774558.7361 954256.4146 762724.9589 
446547.4307 184555.3496 417106.5537 553235.4362 189874.5072 223038.8628 433160.7735 230310.3717 407132.8865 398234.84 374388.0357 353399.0336 417968.2051 337936.7718 195847.2725 297249.7233 312744.2511 501016.7043 303379.0446 309443.0228 418307.9911 326443.3934 199611.4028 274645.6577 261924.4413 284095.6911 415957.7241 303865.2673 273389.8743 322054.4904 276057.0259 299571.1542 497559.7521 392192.7704 162205.8182 436781.6943 428738.9449 373110.0531 410373.9366 421280.4471 175446.4975 219597.2603 350797.4911 185038.2463 109717.5444 333104.3732 318003.8546 377859.1268 405918.0984 143175.1379 232841.1876 330776.1309 240789.2526 458072.6889 406676.8178 366912.0233 288428.16 515364.7558 407543.1887 321362.5939 306020.4395 316524.6313 343996.562 323590.1916 380324.2987 287409.6022 405017.1282 421973.4091 444783.9815 352371.5438 466922.05 401198.2055 590298.8906 363771.6424 380314.8786 294864.9347 297175.3342 498364.1981 205140.9815 469310.5564 342877.3453 523547.9915 279036.259 149396.1068 484978.6174 301889.6023 404647.6793 529757.3219 403540.0944 449342.3444 
0 0 0 0 0 0 0 0 0 0 0 0 0 0 0 0 0 0 0 0 0 0 0 0 0 0 0 0 0 0 0 0 0 0 0 0 0 0 0 0 0 0 0 0 0 0 0 0 0 0 0 0 0 0 0 0 0 0 0 0 0 0 0 0 0 0 0 0 0 0 0 0 0 0 0 0 0 0 0 0 0 0 0 0 0 0 0 0 0 0 
0 0 0 0 0 0 0 0 0 0 0 0 0 0 0 0 0 0 0 0 0 0 0 0 0 0 0 0 0 0 0 0 0 0 0 0 0 0 0 0 0 0 0 0 0 0 0 0 0 0 0 0 0 0 0 0 0 0 0 0 0 0 0 0 0 0 0 0 0 0 0 0 0 0 0 0 0 0 0 0 0 0 0 0 0 0 0 0 0 0 
0 0 0 0 0 0 0 0 0 0 0 0 0 0 0 0 0 0 0 0 0 0 0 0 0 0 0 0 0 0 0 0 0 0 0 0 0 0 0 0 0 0 0 0 0 0 0 0 0 0 0 0 0 0 0 0 0 0 0 0 0 0 0 0 0 0 0 0 0 0 0 0 0 0 0 0 0 0 0 0 0 0 0 0 0 0 0 0 0 0 
0 0 0 0 0 0 0 0 0 0 0 0 0 0 0 0 0 0 0 0 0 0 0 0 0 0 0 0 0 0 0 0 0 0 0 0 0 0 0 0 0 0 0 0 0 0 0 0 0 0 0 0 0 0 0 0 0 0 0 0 0 0 0 0 0 0 0 0 0 0 0 0 0 0 0 0 0 0 0 0 0 0 0 0 0 0 0 0 0 0 
0 0 0 0 0 0 0 0 0 0 0 0 0 0 0 0 0 0 0 0 0 0 0 0 0 0 0 0 0 0 0 0 0 0 0 0 0 0 0 0 0 0 0 0 0 0 0 0 0 0 0 0 0 0 0 0 0 0 0 0 0 0 0 0 0 0 0 0 0 0 0 0 0 0 0 0 0 0 0 0 0 0 0 0 0 0 0 0 0 0 
0 0 0 0 0 0 0 0 0 0 0 0 0 0 0 0 0 0 0 0 0 0 0 0 0 0 0 0 0 0 0 0 0 0 0 0 0 0 0 0 0 0 0 0 0 0 0 0 0 0 0 0 0 0 0 0 0 0 0 0 0 0 0 0 0 0 0 0 0 0 0 0 0 0 0 0 0 0 0 0 0 0 0 0 0 0 0 0 0 0 
0 0 0 0 0 0 0 0 0 0 0 0 0 0 0 0 0 0 0 0 0 0 0 0 0 0 0 0 0 0 0 0 0 0 0 0 0 0 0 0 0 0 0 0 0 0 0 0 0 0 0 0 0 0 0 0 0 0 0 0 0 0 0 0 0 0 0 0 0 0 0 0 0 0 0 0 0 0 0 0 0 0 0 0 0 0 0 0 0 0 
0 0 0 0 0 0 0 0 0 0 0 0 0 0 0 0 0 0 0 0 0 0 0 0 0 0 0 0 0 0 0 0 0 0 0 0 0 0 0 0 0 0 0 0 0 0 0 0 0 0 0 0 0 0 0 0 0 0 0 0 0 0 0 0 0 0 0 0 0 0 0 0 0 0 0 0 0 0 0 0 0 0 0 0 0 0 0 0 0 0 
0 0 0 0 0 0 0 0 0 0 0 0 0 0 0 0 0 0 0 0 0 0 0 0 0 0 0 0 0 0 0 0 0 0 0 0 0 0 0 0 0 0 0 0 0 0 0 0 0 0 0 0 0 0 0 0 0 0 0 0 0 0 0 0 0 0 0 0 0 0 0 0 0 0 0 0 0 0 0 0 0 0 0 0 0 0 0 0 0 0 
0 0 0 0 0 0 0 0 0 0 0 0 0 0 0 0 0 0 0 0 0 0 0 0 0 0 0 0 0 0 0 0 0 0 0 0 0 0 0 0 0 0 0 0 0 0 0 0 0 0 0 0 0 0 0 0 0 0 0 0 0 0 0 0 0 0 0 0 0 0 0 0 0 0 0 0 0 0 0 0 0 0 0 0 0 0 0 0 0 0 
# Events [PSD_afterslow2/PSD_afterslow2.dat] N:
0 0 0 0 0 0 0 0 0 0 0 0 0 0 0 0 0 0 0 0 0 0 0 0 0 0 0 0 0 0 0 0 0 0 0 0 0 0 0 0 0 0 0 0 0 0 0 0 0 0 0 0 0 0 0 0 0 0 0 0 0 0 0 0 0 0 0 0 0 0 0 0 0 0 0 0 0 0 0 0 0 0 0 0 0 0 0 0 0 0 
0 0 0 0 0 0 0 0 0 0 0 0 0 0 0 0 0 0 0 0 0 0 0 0 0 0 0 0 0 0 0 0 0 0 0 0 0 0 0 0 0 0 0 0 0 0 0 0 0 0 0 0 0 0 0 0 0 0 0 0 0 0 0 0 0 0 0 0 0 0 0 0 0 0 0 0 0 0 0 0 0 0 0 0 0 0 0 0 0 0 
0 0 0 0 0 0 0 0 0 0 0 0 0 0 0 0 0 0 0 0 0 0 0 0 0 0 0 0 0 0 0 0 0 0 0 0 0 0 0 0 0 0 0 0 0 0 0 0 0 0 0 0 0 0 0 0 0 0 0 0 0 0 0 0 0 0 0 0 0 0 0 0 0 0 0 0 0 0 0 0 0 0 0 0 0 0 0 0 0 0 
0 0 0 0 0 0 0 0 0 0 0 0 0 0 0 0 0 0 0 0 0 0 0 0 0 0 0 0 0 0 0 0 0 0 0 0 0 0 0 0 0 0 0 0 0 0 0 0 0 0 0 0 0 0 0 0 0 0 0 0 0 0 0 0 0 0 0 0 0 0 0 0 0 0 0 0 0 0 0 0 0 0 0 0 0 0 0 0 0 0 
0 0 0 0 0 0 0 0 0 0 0 0 0 0 0 0 0 0 0 0 0 0 0 0 0 0 0 0 0 0 0 0 0 0 0 0 0 0 0 0 0 0 0 0 0 0 0 0 0 0 0 0 0 0 0 0 0 0 0 0 0 0 0 0 0 0 0 0 0 0 0 0 0 0 0 0 0 0 0 0 0 0 0 0 0 0 0 0 0 0 
0 0 0 0 0 0 0 0 0 0 0 0 0 0 0 0 0 0 0 0 0 0 0 0 0 0 0 0 0 0 0 0 0 0 0 0 0 0 0 0 0 0 0 0 0 0 0 0 0 0 0 0 0 0 0 0 0 0 0 0 0 0 0 0 0 0 0 0 0 0 0 0 0 0 0 0 0 0 0 0 0 0 0 0 0 0 0 0 0 0 
0 0 0 0 0 0 0 0 0 0 0 0 0 0 0 0 0 0 0 0 0 0 0 0 0 0 0 0 0 0 0 0 0 0 0 0 0 0 0 0 0 0 0 0 0 0 0 0 0 0 0 0 0 0 0 0 0 0 0 0 0 0 0 0 0 0 0 0 0 0 0 0 0 0 0 0 0 0 0 0 0 0 0 0 0 0 0 0 0 0 
0 0 0 0 0 0 0 0 0 0 0 0 0 0 0 0 0 0 0 0 0 0 0 0 0 0 0 0 0 0 0 0 0 0 0 0 0 0 0 0 0 0 0 0 0 0 0 0 0 0 0 0 0 0 0 0 0 0 0 0 0 0 0 0 0 0 0 0 0 0 0 0 0 0 0 0 0 0 0 0 0 0 0 0 0 0 0 0 0 0 
0 0 0 0 0 0 0 0 0 0 0 0 0 0 0 0 0 0 0 0 0 0 0 0 0 0 0 0 0 0 0 0 0 0 0 0 0 0 0 0 0 0 0 0 0 0 0 0 0 0 0 0 0 0 0 0 0 0 0 0 0 0 0 0 0 0 0 0 0 0 0 0 0 0 0 0 0 0 0 0 0 0 0 0 0 0 0 0 0 0 
0 0 0 0 0 0 0 0 0 0 0 0 0 0 0 0 0 0 0 0 0 0 0 0 0 0 0 0 0 0 0 0 0 0 0 0 0 0 0 0 0 0 0 0 0 0 0 0 0 0 0 0 0 0 0 0 0 0 0 0 0 0 0 0 0 0 0 0 0 0 0 0 0 0 0 0 0 0 0 0 0 0 0 0 0 0 0 0 0 0 
20 24 14 16 16 11 25 17 22 14 16 12 19 17 23 18 13 21 20 23 15 15 24 21 20 19 19 19 16 20 15 16 20 16 23 17 22 21 17 17 19 19 22 23 21 19 18 18 18 8 24 16 14 15 14 28 15 19 20 16 16 20 19 21 24 14 19 23 15 21 14 22 16 18 21 17 27 18 19 20 15 14 21 14 15 17 21 24 22 25 
67 86 84 94 74 97 88 84 79 93 84 101 92 89 67 91 87 87 103 99 84 83 95 85 87 76 84 87 79 115 73 101 95 92 77 83 87 78 108 77 83 89 100 101 95 80 68 91 103 79 94 79 79 94 74 93 77 102 67 92 88 82 91 85 92 90 85 92 81 68 80 81 84 83 80 78 95 93 95 96 85 94 87 94 97 80 82 84 77 109 
86 79 93 78 85 75 88 81 85 83 80 96 85 82 91 75 80 74 81 88 90 84 92 83 78 90 99 85 89 80 84 78 78 78 75 106 86 98 82 84 93 101 89 92 90 82 81 93 85 72 101 94 93 103 80 94 97 97 102 87 107 84 85 86 87 82 80 91 93 74 94 98 96 82 89 95 86 80 84 75 79 96 85 77 85 94 95 83 78 102 
75 96 79 71 94 86 85 77 87 92 97 89 74 92 78 74 86 87 92 88 86 81 78 86 101 83 92 106 104 70 77 88 102 90 86 89 88 105 83 88 92 79 98 92 90 85 104 86 92 99 78 100 98 80 84 98 98 95 112 97 99 90 101 76 90 95 106 83 115 84 72 82 103 75 84 95 82 94 99 77 98 86 93 104 104 81 88 85 86 101 
66 74 80 78 80 91 74 88 84 84 101 80 89 87 89 88 97 91 84 81 84 95 98 85 87 94 111 92 91 95 85 89 81 99 82 69 77 93 104 93 88 110 85 133 83 88 68 99 109 99 91 81 73 83 73 99 70 82 87 78 100 95 97 87 97 82 98 99 96 103 95 91 109 81 88 67 102 102 94 89 98 83 81 79 88 90 81 94 87 80 
76 93 81 92 80 91 82 91 81 83 86 102 97 89 103 98 82 89 93 89 75 76 85 94 84 74 89 97 83 97 94 108 91 83 93 87 82 89 94 101 96 94 89 91 80 95 90 85 91 95 83 97 66 95 92 85 78 90 110 98 81 111 99 84 86 87 89 92 94 79 93 81 91 91 104 108 83 90 102 91 89 90 82 93 78 91 78 84 91 97 
77 78 81 79 73 88 75 91 88 106 85 88 77 74 88 101 97 94 93 79 79 111 100 88 91 69 102 76 100 89 90 101 99 93 82 92 86 109 97 81 86 93 93 78 93 91 93 97 95 91 84 101 83 91 99 100 86 75 93 88 87 89 101 88 97 95 91 90 82 76 95 94 93 93 86 107 99 99 105 83 90 90 76 85 92 89 109 89 108 80 
79 78 77 87 102 99 83 105 91 96 94 80 86 95 76 88 82 92 96 89 84 76 83 103 111 97 98 94 78 88 86 83 84 74 87 96 86 91 74 102 89 80 86 88 72 95 77 77 86 97 103 85 65 95 82 87 94 90 101 82 103 91 89 90 97 79 92 70 87 87 100 114 101 86 78 86 85 77 91 83 95 97 70 89 80 91 109 85 74 74 
87 67 78 79 78 87 92 72 69 105 94 99 83 73 91 89 83 67 87 99 70 108 103 94 76 91 91 80 86 88 83 81 91 84 85 71 85 102 76 98 86 95 100 95 78 107 90 92 95 71 94 107 99 87 85 92 82 74 90 93 101 107 94 102 83 91 88 87 96 93 87 86 87 88 95 90 92 85 87 94 93 90 101 80 97 78 95 87 66 85 
76 87 95 77 73 74 81 80 82 87 77 70 90 85 78 78 103 67 81 92 85 83 78 103 92 101 73 84 85 85 90 83 92 95 80 76 89 82 89 96 96 80 105 80 75 92 83 88 104 90 84 88 81 75 86 105 95 96 91 87 82 95 87 91 87 80 74 94 103 95 90 96 97 71 77 85 84 96 79 71 83 99 86 104 97 95 88 99 94 91 
71 86 69 83 91 68 82 82 80 78 81 81 83 93 104 87 75 79 74 99 86 91 70 96 91 78 77 103 94 84 69 79 99 91 95 88 101 82 84 74 91 88 79 84 77 100 91 89 94 94 79 95 99 88 106 89 91 79 90 97 100 90 84 97 80 85 69 89 83 84 92 89 79 89 94 86 78 82 75 89 84 81 95 87 97 91 93 94 98 76 
90 81 76 76 88 83 75 80 66 79 72 86 67 90 74 73 85 92 98 84 77 73 91 85 76 84 85 98 87 90 84 97 84 106 84 89 85 89 78 77 89 89 78 84 77 85 90 92 86 70 77 94 91 79 89 86 95 87 78 78 88 79 90 90 84 64 105 76 89 80 95 89 93 78 93 95 92 80 84 87 88 88 96 73 79 86 95 85 97 82 
87 68 76 90 90 89 83 86 98 73 95 100 76 86 94 76 79 92 91 97 78 88 90 92 84 89 73 89 85 95 78 79 89 75 93 106 86 76 81 101 86 82 90 95 75 84 87 89 87 102 82 71 96 89 77 92 84 82 87 99 101 74 87 73 99 80 89 82 97 79 84 81 81 82 85 99 83 85 84 83 119 96 92 82 92 93 99 69 90 98 
75 84 72 83 87 75 86 101 81 84 71 74 82 85 87 83 77 66 100 76 100 94 79 100 75 91 87 74 81 80 92 74 93 83 83 86 89 85 91 66 75 79 94 63 76 86 88 89 84 89 83 97 77 70 86 85 83 99 88 99 90 82 76 65 69 93 75 90 74 81 79 96 78 81 92 78 94 88 88 81 111 100 91 81 74 87 77 88 77 103 
67 60 72 80 80 63 84 71 78 77 73 75 76 85 84 72 78 79 95 89 79 93 89 92 75 84 77 67 84 80 69 66 88 74 84 83 89 89 88 75 86 92 98 72 88 87 68 89 67 85 74 80 88 81 76 61 84 88 90 88 84 79 90 77 94 89 79 76 90 64 88 73 93 66 94 95 90 93 94 80 72 69 79 100 95 84 94 94 96 72 
75 62 80 80 82 73 89 74 73 92 86 99 90 89 75 85 88 89 95 81 89 83 91 89 81 88 84 85 78 74 79 89 70 70 81 95 84 84 88 88 89 77 88 91 75 89 65 96 82 94 75 64 87 94 69 74 64 84 85 87 76 88 79 96 86 89 73 84 82 76 81 66 91 80 79 75 83 73 60 92 81 92 68 83 91 83 86 76 94 78 
78 86 75 77 87 89 88 79 76 75 66 78 72 77 81 60 79 77 70 88 83 84 77 71 82 91 77 78 79 82 66 77 74 82 94 82 89 71 104 95 68 85 83 85 78 89 90 94 79 88 83 87 91 83 94 90 82 86 94 77 97 90 91 88 91 79 77 98 73 85 82 83 94 79 92 66 81 75 74 73 83 69 78 75 78 85 81 69 82 91 
82 85 79 81 78 73 78 83 70 73 73 81 88 66 86 82 82 68 89 65 80 75 76 84 77 83 83 74 60 94 80 76 85 85 83 88 65 102 84 71 100 84 75 89 76 85 68 82 76 98 85 102 94 86 80 89 88 91 75 73 87 73 63 73 92 69 87 83 77 98 90 96 77 98 80 96 88 77 83 82 86 89 101 83 87 88 76 101 74 77 
70 76 71 76 80 89 83 76 71 55 92 89 93 95 88 65 76 98 82 89 84 83 97 83 88 89 86 75 86 74 77 85 97 97 86 78 70 84 108 87 76 85 95 83 88 85 87 95 82 94 90 102 87 88 78 85 86 82 78 95 81 77 95 77 109 74 93 62 89 86 82 80 77 91 79 87 72 93 87 75 91 91 74 69 70 83 100 92 84 96 
78 99 85 77 82 75 85 79 78 81 81 84 76 85 73 88 81 78 72 83 82 81 72 91 103 90 81 79 89 79 76 88 83 88 94 75 92 67 91 81 75 76 78 97 61 95 74 94 86 90 92 73 73 73 89 93 93 85 79 85 91 94 83 87 90 76 67 74 88 79 81 92 87 85 92 99 81 88 75 92 93 78 69 110 88 89 88 76 82 72 
70 75 79 77 79 75 85 93 99 78 80 73 76 97 99 81 76 77 90 96 80 78 79 89 88 89 86 90 96 81 89 92 81 87 80 103 76 89 80 77 85 78 79 92 65 76 115 89 98 78 86 90 83 77 83 86 93 82 77 105 94 83 96 96 73 85 83 90 87 75 101 82 86 101 75 88 75 85 89 101 90 98 76 89 75 100 88 98 90 95 
80 77 80 70 88 95 75 70 95 81 87 84 87 89 80 78 83 93 88 81 84 80 84 89 95 77 84 83 92 74 77 67 74 72 80 76 88 83 88 90 96 85 87 98 84 93 89 105 72 66 97 105 84 98 93 89 79 77 103 90 87 92 79 102 87 74 89 88 84 84 78 90 87 85 94 87 85 105 87 86 69 84 97 89 73 83 76 87 81 83 
81 72 88 87 79 82 99 81 89 84 64 73 76 93 86 67 91 105 95 85 88 86 106 103 98 76 93 83 85 78 77 71 81 78 101 81 90 81 99 70 86 86 92 88 71 97 59 87 83 88 91 104 95 84 91 86 78 73 77 88 90 86 79 72 77 88 95 85 87 97 90 82 75 85 97 86 92 108 80 86 83 78 92 105 79 97 111 67 74 90 
74 90 74 79 78 73 78 88 63 76 88 82 79 86 76 80 79 86 92 77 87 82 86 79 80 76 92 90 101 80 82 93 90 82 67 88 69 87 104 101 96 80 90 81 86 87 99 98 93 84 92 111 99 84 85 75 93 81 106 86 92 92 69 90 85 106 81 102 89 82 75 108 82 83 89 86 100 83 77 78 77 98 89 88 94 88 103 98 88 102 
72 90 90 76 70 77 84 78 73 72 76 80 87 79 92 85 96 84 72 82 75 66 83 92 85 83 85 73 74 101 77 72 91 84 78 89 96 65 79 80 74 104 109 89 92 85 87 76 97 77 71 80 84 82 77 91 100 79 88 76 86 105 59 87 87 82 87 92 93 89 69 91 79 91 89 99 79 77 81 92 96 96 81 76 81 86 91 79 61 86 
89 82 84 64 80 85 78 91 68 91 86 95 76 98 89 71 80 91 76 76 86 82 94 80 98 80 87 96 86 91 96 84 79 80 81 89 97 84 91 105 92 94 90 94 65 77 82 83 75 111 104 106 94 85 76 87 86 89 94 82 85 86 87 82 81 83 86 84 85 96 78 86 88 73 80 81 93 96 94 83 71 84 93 113 90 78 81 83 97 78 
73 76 74 80 83 89 78 95 85 99 89 79 97 89 76 97 94 83 80 91 82 87 91 87 80 105 94 88 90 107 86 81 88 73 88 77 105 88 77 80 83 83 94 102 76 75 84 101 108 81 73 98 88 61 86 94 96 92 74 74 92 98 77 100 83 83 83 88 74 85 77 109 73 86 78 108 67 94 100 81 102 97 89 102 82 97 80 86 59 91 
75 94 77 77 86 74 84 95 96 68 82 83 91 80 74 77 76 94 75 98 89 89 92 75 93 93 95 105 95 87 80 89 82 82 91 85 80 99 83 83 115 95 101 84 98 87 90 75 92 101 94 92 89 87 87 83 99 82 95 80 88 107 90 102 70 84 89 88 88 83 88 81 106 85 85 65 89 83 84 88 95 99 88 84 81 94 93 95 80 93 
84 86 85 80 93 83 83 67 81 97 88 82 72 92 83 79 77 82 76 87 94 79 85 79 107 82 102 71 94 89 93 85 86 83 103 78 78 90 72 85 89 101 89 85 88 99 80 79 92 95 102 83 84 90 98 76 80 93 105 101 86 91 91 95 88 90 94 93 78 82 97 98 83 94 103 67 87 91 89 94 76 97 85 88 91 98 104 80 89 90 
91 85 85 81 72 77 87 83 85 90 75 103 77 84 87 90 82 76 103 93 92 97 81 87 108 80 94 101 95 82 100 101 109 72 87 81 76 94 87 89 86 89 92 86 88 87 90 93 86 93 111 82 95 83 95 95 83 99 99 77 97 87 83 87 83 84 86 85 98 80 93 93 89 83 80 69 86 97 82 82 90 89 97 88 99 103 88 104 87 105 
85 94 85 88 86 64 93 85 94 79 80 85 72 86 80 61 95 82 75 114 89 82 85 85 84 98 81 85 89 108 93 79 73 91 84 95 103 86 101 92 68 98 93 82 97 85 86 77 83 79 101 84 89 91 89 104 81 99 85 94 74 92 87 87 70 102 100 79 97 81 86 69 94 86 71 73 102 104 90 89 81 83 79 83 88 97 95 91 85 89 
97 65 96 81 86 82 86 72 81 74 90 95 95 98 79 83 77 77 90 82 79 95 68 107 73 88 69 79 92 100 94 89 112 86 92 106 75 82 90 84 96 87 81 69 93 73 92 80 91 84 83 88 89 91 91 98 91 85 94 93 93 62 88 82 100 88 82 82 77 88 96 96 87 95 99 91 86 93 77 74 93 84 102 93 91 87 98 83 96 91 
100 91 84 82 84 100 102 75 90 91 96 93 95 92 79 72 72 83 82 76 68 94 84 78 90 92 87 86 116 85 96 85 86 74 98 89 82 95 82 93 75 88 110 84 82 99 80 82 85 92 104 97 92 103 90 98 106 82 81 106 97 84 97 94 85 74 78 80 85 94 90 93 90 87 77 86 71 98 91 99 98 94 87 86 91 90 76 97 108 96 
81 84 107 78 79 91 91 75 77 92 83 72 87 95 91 81 79 84 83 78 89 81 101 81 91 79 78 81 84 97 91 88 101 97 84 93 97 82 91 92 97 83 76 110 66 80 98 100 99 88 99 81 89 87 83 71 80 102 82 82 90 91 93 100 92 92 88 85 105 94 78 86 96 101 70 98 89 84 86 89 100 92 91 91 96 83 91 101 88 87 
74 90 79 93 88 86 95 82 82 78 95 92 78 84 71 85 91 80 106 94 81 97 78 98 83 84 65 95 93 104 95 104 87 88 94 100 90 92 79 101 98 87 93 79 74 96 108 94 84 102 95 83 105 82 98 90 82 83 85 93 94 109 87 93 89 91 89 93 109 80 87 87 103 88 86 104 91 89 94 83 84 81 94 76 97 82 77 89 94 88 
85 77 86 75 94 83 75 81 89 79 104 85 94 74 79 90 77 71 82 62 117 89 84 91 88 105 95 86 98 85 87 73 97 79 108 94 81 91 91 89 99 89 102 111 87 90 96 82 86 88 88 88 86 83 95 89 90 91 88 106 98 102 88 87 103 87 80 93 82 102 91 82 91 94 101 103 92 73 100 94 89 82 102 104 90 65 87 99 101 90 
90 77 90 84 75 90 93 88 94 76 85 103 95 98 90 85 91 93 59 87 91 93 78 84 92 86 69 78 95 84 83 94 81 92 87 92 85 94 88 95 83 89 100 80 101 85 113 99 83 87 92 97 79 116 73 81 95 77 82 70 84 90 81 99 80 87 96 87 108 108 96 107 93 100 96 67 89 94 90 88 91 101 111 77 98 95 78 98 94 83 
95 84 82 83 90 105 100 79 78 83 84 79 80 77 77 88 86 93 84 75 76 112 77 81 99 94 103 92 83 107 89 84 86 87 84 89 96 89 76 90 75 94 71 84 112 97 94 87 84 87 94 83 96 75 93 84 85 91 92 91 95 84 96 83 73 95 82 83 98 103 85 82 88 88 74 93 84 89 82 92 99 97 95 84 99 82 113 101 79 84 
72 81 99 76 72 87 85 90 109 73 72 87 78 77 81 87 77 86 82 91 107 98 90 97 97 92 84 75 77 89 99 89 96 86 98 79 99 100 71 82 84 75 88 84 91 96 78 87 102 84 79 108 97 88 82 86 87 90 97 111 83 83 90 91 88 97 90 90 87 79 82 92 99 75 85 99 83 76 94 77 89 82 68 94 89 91 71 80 90 89 
84 99 89 74 89 103 63 92 85 91 102 99 80 91 110 91 83 84 87 82 99 97 87 88 93 85 86 91 73 89 83 85 86 80 103 93 92 93 90 112 81 100 92 83 102 79 101 87 80 94 85 78 102 98 81 68 92 86 110 101 89 76 94 92 93 82 86 90 95 92 88 90 80 71 89 92 82 97 91 98 93 93 73 107 74 89 92 98 87 102 
66 85 75 82 85 88 105 81 96 83 86 76 80 78 88 83 76 79 93 86 86 87 78 76 98 85 85 88 94 76 96 81 97 91 89 78 83 86 82 73 74 75 83 77 89 94 79 92 112 79 104 99 94 91 95 99 84 104 88 80 100 86 86 97 92 92 88 65 94 79 95 84 90 102 103 92 85 74 80 86 102 81 100 92 103 91 95 92 108 93 
84 98 90 75 93 87 60 66 90 108 82 83 95 72 77 84 73 83 91 87 85 89 93 87 89 81 87 82 78 90 79 77 81 88 88 101 83 96 85 93 103 96 88 75 96 83 92 88 93 86 99 69 87 78 104 93 88 76 87 86 87 83 89 79 93 89 74 84 83 89 89 101 93 77 82 88 79 95 80 83 89 84 85 91 86 83 87 96 107 67 
90 78 79 70 78 78 76 90 89 88 74 86 86 79 80 91 99 66 86 98 102 90 99 86 100 74 65 97 80 88 87 87 89 81 76 97 88 83 92 83 77 98 89 100 103 104 97 89 89 88 96 84 100 90 82 82 95 85 102 69 81 99 83 94 102 89 88 94 75 89 93 92 80 74 86 88 83 84 100 72 90 77 82 98 90 109 80 92 82 106 
82 91 81 81 81 87 94 76 84 73 94 85 83 91 76 87 92 87 85 89 93 100 96 92 92 84 96 84 91 87 92 90 78 94 71 80 85 87 89 87 100 86 98 89 92 97 101 80 97 81 84 98 98 95 83 93 83 75 78 100 81 102 108 95 91 91 104 86 90 75 105 89 93 81 98 91 93 90 77 73 107 90 77 83 89 87 93 75 85 81 
73 90 70 63 80 81 61 95 86 83 86 100 78 83 72 85 92 77 72 85 76 84 86 83 96 93 77 95 80 85 91 90 105 88 102 95 73 83 78 101 73 104 77 100 81 98 84 103 83 77 86 106 89 109 80 78 64 76 98 74 83 86 90 79 84 97 71 76 85 79 80 101 102 77 90 84 104 86 84 87 82 79 83 78 77 96 94 97 78 99 
86 90 69 62 79 82 80 83 79 77 76 87 90 79 84 82 90 79 94 85 76 85 72 90 72 88 97 101 89 76 104 81 88 75 91 95 91 85 92 85 89 91 101 93 88 97 91 85 94 97 89 71 98 92 94 88 74 93 85 85 97 85 79 85 87 103 97 87 81 92 98 93 84 84 89 90 79 93 97 89 70 74 97 101 97 91 79 81 100 81 
80 84 71 75 85 63 88 78 82 77 86 84 88 94 85 81 81 89 85 85 98 72 89 91 78 83 89 80 74 70 90 71 86 106 81 68 76 86 83 84 61 78 95 78 97 85 84 94 97 82 93 86 96 107 85 74 77 70 91 85 70 94 67 78 76 87 67 96 68 104 103 89 85 86 92 88 93 98 92 82 94 83 101 89 101 103 89 75 82 82 
69 81 80 80 75 85 90 87 82 64 88 71 82 100 76 83 102 76 82 91 81 89 93 83 76 85 82 90 77 89 90 85 75 94 80 70 82 89 86 85 80 91 86 82 98 81 79 91 89 91 84 76 74 84 102 83 77 81 85 86 90 108 75 87 92 81 84 90 73 90 97 87 90 83 82 90 97 98 88 79 81 79 95 92 75 76 108 77 58 89 
70 81 73 72 78 74 85 72 85 87 86 72 95 84 102 74 83 72 98 79 83 90 81 91 86 64 55 66 76 87 90 74 88 78 81 100 83 96 93 90 91 97 100 78 98 95 100 77 75 88 98 80 86 79 101 91 87 88 78 89 92 79 68 86 92 93 97 94 82 86 97 82 87 98 87 94 86 78 85 89 87 103 76 93 100 87 75 100 74 83 
73 101 84 72 73 76 72 85 73 95 102 78 87 89 76 87 78 74 80 94 78 70 87 71 91 88 84 99 83 95 85 77 100 78 83 93 83 82 94 92 94 97 71 82 81 69 96 82 85 70 78 71 97 96 81 83 78 86 91 95 82 89 78 81 92 99 97 91 69 95 84 88 84 83 93 78 87 86 94 92 96 81 92 97 80 74 85 83 91 85 
82 68 66 76 82 82 85 72 79 80 75 97 72 88 98 84 85 89 80 83 66 90 88 67 92 75 70 82 82 79 91 91 73 76 89 81 91 96 81 81 90 81 84 86 90 94 89 94 93 83 84 98 89 80 70 96 80 93 81 86 87 103 83 83 79 76 72 77 80 93 84 75 92 99 82 77 82 70 81 75 81 82 82 80 97 87 92 79 77 91 
80 90 88 70 72 80 65 71 72 82 69 76 75 88 77 81 71 97 78 75 98 74 70 79 82 90 82 84 75 86 88 97 90 79 101 92 80 83 70 93 77 79 108 87 68 73 92 95 93 82 90 96 77 101 79 84 84 83 86 80 71 64 83 88 75 90 77 79 83 95 85 99 87 89 99 91 90 87 73 79 97 97 86 78 94 86 87 93 90 96 
86 84 77 65 88 87 71 92 76 96 87 95 65 89 78 85 77 88 87 76 83 61 81 92 90 94 68 83 88 75 81 70 73 87 65 93 96 96 90 88 89 77 73 74 91 89 73 90 79 90 91 87 66 94 86 86 67 92 103 95 95 90 105 98 90 84 75 72 81 83 84 84 86 106 68 87 72 85 81 88 81 90 76 89 76 85 91 88 103 87 
66 90 84 79 64 75 76 69 80 69 81 86 83 76 76 90 69 86 77 78 90 81 74 93 77 80 75 79 93 82 96 80 80 70 83 69 77 91 92 85 80 85 83 80 77 77 90 105 89 89 92 92 100 77 86 106 81 85 81 83 85 80 78 73 74 75 80 87 79 90 91 87 89 94 84 94 75 81 68 98 69 88 81 91 89 75 91 82 92 91 
75 86 89 88 73 78 86 84 91 85 69 82 86 88 80 72 74 92 77 94 80 79 93 70 67 79 82 80 85 68 94 88 78 85 88 77 77 76 74 75 100 93 78 91 94 86 86 82 91 90 71 96 60 78 91 73 63 83 64 75 76 78 69 82 93 66 76 96 97 88 75 79 61 81 81 85 74 85 86 86 85 85 72 86 85 85 81 95 93 95 
87 79 90 87 96 93 79 83 85 71 84 91 90 104 89 74 81 89 90 82 77 65 82 92 85 72 89 74 80 97 86 99 91 84 78 99 76 78 78 69 84 90 96 89 88 94 100 86 71 82 86 79 75 82 77 75 85 89 71 87 81 75 101 93 95 97 83 97 82 92 77 71 77 81 99 72 81 91 84 89 94 89 103 94 84 88 62 89 94 96 
80 94 91 88 108 75 77 70 70 78 84 96 95 75 83 94 88 74 80 81 89 93 108 78 81 101 85 89 82 76 85 99 88 76 96 81 84 61 98 68 87 83 86 74 80 67 77 81 101 88 99 88 85 88 83 76 88 82 89 86 80 73 73 77 81 90 103 99 90 90 88 88 83 88 82 93 78 76 79 90 90 68 89 66 78 99 84 65 84 77 
87 84 72 84 78 76 88 77 95 94 97 93 76 83 71 81 99 87 71 83 86 87 80 84 101 74 78 85 74 83 106 79 88 74 86 81 91 64 80 76 97 81 97 88 76 78 90 87 79 83 83 89 103 97 76 83 81 96 76 92 78 91 70 78 79 98 81 93 84 92 107 90 78 88 85 86 89 98 96 82 85 87 86 89 87 92 81 84 81 89 
79 71 93 99 59 92 95 73 80 102 84 75 100 85 84 91 74 80 80 77 81 90 71 90 93 82 69 91 87 82 80 76 85 85 82 94 76 95 85 86 92 71 104 89 100 94 81 67 81 96 82 78 80 91 86 76 92 84 104 86 76 78 81 62 84 77 91 86 89 95 97 78 90 91 85 101 79 80 97 72 95 88 79 87 98 116 104 84 79 104 
71 85 82 76 76 76 76 81 78 69 78 82 84 93 76 87 78 82 67 114 80 73 87 70 86 88 88 91 72 96 75 82 83 87 94 81 113 84 95 98 100 74 84 79 94 84 97 97 95 86 82 104 86 70 78 89 80 85 90 78 100 99 86 68 87 102 98 92 86 88 92 102 84 81 86 95 109 78 110 88 86 67 90 88 82 84 88 88 86 92 
75 93 85 92 67 67 100 81 78 74 62 76 87 81 97 89 102 77 88 80 93 100 80 83 90 82 88 80 74 67 103 96 92 82 99 109 81 94 90 86 102 101 93 83 70 81 95 108 92 100 81 76 79 107 98 86 90 80 96 82 95 89 80 79 98 80 94 93 92 96 98 95 95 109 93 79 83 78 95 89 93 95 90 102 86 84 80 95 89 90 
76 83 88 81 90 71 80 86 81 86 85 81 91 81 77 81 82 97 90 98 111 93 95 82 72 93 110 100 95 87 93 88 74 80 82 90 100 88 83 75 94 76 84 94 96 90 91 80 66 86 88 98 95 80 92 85 102 98 93 96 86 89 91 82 99 91 84 76 88 84 75 97 86 89 76 84 92 89 72 77 92 96 90 95 82 100 87 84 89 98 
77 79 84 90 83 88 64 92 79 85 98 103 86 76 78 88 87 96 93 102 81 72 86 91 92 79 87 95 87 99 99 75 101 80 91 96 96 81 88 90 81 85 88 85 81 69 96 97 93 91 96 92 93 91 91 84 75 76 93 88 87 96 81 91 76 77 84 87 96 74 81 78 92 65 82 107 81 85 90 85 108 78 99 102 86 92 88 82 95 93 
95 77 83 94 68 85 72 88 92 84 85 87 82 94 87 82 83 99 93 76 102 83 75 83 79 90 74 88 92 100 74 98 72 77 93 67 92 91 98 87 83 83 96 87 94 89 92 82 103 106 95 92 94 89 85 95 82 92 90 93 88 91 95 91 92 89 85 85 92 86 93 99 86 72 110 91 90 92 110 92 99 82 91 81 82 73 85 95 83 98 
101 96 76 104 72 85 102 78 85 84 80 65 78 85 85 87 89 79 96 75 94 78 89 91 98 88 92 82 113 66 98 77 102 96 81 85 98 102 85 89 80 70 71 94 93 95 79 77 98 90 83 106 110 80 108 96 69 65 84 86 121 87 72 93 101 95 86 112 104 96 85 85 99 103 95 91 86 90 99 81 79 92 83 94 91 81 97 84 93 95 
74 89 81 80 75 80 94 86 78 80 86 73 71 78 82 86 86 74 84 84 87 100 90 81 96 82 80 95 91 98 78 92 102 89 90 105 92 83 94 92 91 107 89 88 87 96 88 83 86 88 91 87 85 93 91 97 90 83 90 93 79 107 84 78 89 78 67 88 90 91 98 89 94 92 90 77 76 101 80 84 66 59 94 94 83 82 105 105 101 93 
84 71 75 93 86 93 78 74 84 79 99 95 111 103 78 109 77 101 84 70 89 90 87 87 97 100 79 76 99 84 96 70 77 99 77 90 85 89 97 96 81 84 81 90 87 87 88 93 90 77 93 114 94 78 75 93 80 93 85 92 98 77 94 84 74 90 88 94 102 89 71 101 88 94 86 77 97 70 100 81 105 92 88 97 94 91 88 81 102 98 
75 69 67 83 86 90 84 89 99 78 77 83 76 97 84 71 95 98 92 94 94 90 70 95 84 90 89 93 96 95 82 86 106 93 93 107 98 96 97 84 96 82 85 98 73 88 88 86 87 80 83 95 81 78 111 83 83 100 89 86 108 78 89 87 77 77 91 101 96 91 99 98 97 86 87 97 90 73 88 99 82 93 70 82 108 92 97 83 79 100 
81 94 77 85 83 72 76 97 65 88 83 84 86 68 76 94 95 98 60 74 74 97 95 90 77 74 95 91 90 78 69 106 90 85 90 74 91 70 79 100 91 86 90 85 69 85 96 85 87 75 87 80 92 102 82 77 84 98 88 81 107 80 78 82 102 80 85 96 78 72 91 99 81 75 79 95 109 91 77 89 93 91 65 92 89 98 89 77 93 68 
18 16 10 32 23 16 19 13 19 19 19 13 18 21 13 23 20 21 20 14 19 18 23 29 15 16 25 20 20 17 20 16 30 18 14 21 16 21 22 25 23 10 16 9 17 16 14 18 22 15 14 19 21 19 28 15 16 32 23 18 18 15 19 18 31 17 27 19 22 19 20 12 25 21 23 20 17 21 9 22 17 26 15 10 13 17 21 15 17 22 
0 0 0 0 0 0 0 0 0 0 0 0 0 0 0 0 0 0 0 0 0 0 0 0 0 0 0 0 0 0 0 0 0 0 0 0 0 0 0 0 0 0 0 0 0 0 0 0 0 0 0 0 0 0 0 0 0 0 0 0 0 0 0 0 0 0 0 0 0 0 0 0 0 0 0 0 0 0 0 0 0 0 0 0 0 0 0 0 0 0 
0 0 0 0 0 0 0 0 0 0 0 0 0 0 0 0 0 0 0 0 0 0 0 0 0 0 0 0 0 0 0 0 0 0 0 0 0 0 0 0 0 0 0 0 0 0 0 0 0 0 0 0 0 0 0 0 0 0 0 0 0 0 0 0 0 0 0 0 0 0 0 0 0 0 0 0 0 0 0 0 0 0 0 0 0 0 0 0 0 0 
0 0 0 0 0 0 0 0 0 0 0 0 0 0 0 0 0 0 0 0 0 0 0 0 0 0 0 0 0 0 0 0 0 0 0 0 0 0 0 0 0 0 0 0 0 0 0 0 0 0 0 0 0 0 0 0 0 0 0 0 0 0 0 0 0 0 0 0 0 0 0 0 0 0 0 0 0 0 0 0 0 0 0 0 0 0 0 0 0 0 
0 0 0 0 0 0 0 0 0 0 0 0 0 0 0 0 0 0 0 0 0 0 0 0 0 0 0 0 0 0 0 0 0 0 0 0 0 0 0 0 0 0 0 0 0 0 0 0 0 0 0 0 0 0 0 0 0 0 0 0 0 0 0 0 0 0 0 0 0 0 0 0 0 0 0 0 0 0 0 0 0 0 0 0 0 0 0 0 0 0 
0 0 0 0 0 0 0 0 0 0 0 0 0 0 0 0 0 0 0 0 0 0 0 0 0 0 0 0 0 0 0 0 0 0 0 0 0 0 0 0 0 0 0 0 0 0 0 0 0 0 0 0 0 0 0 0 0 0 0 0 0 0 0 0 0 0 0 0 0 0 0 0 0 0 0 0 0 0 0 0 0 0 0 0 0 0 0 0 0 0 
0 0 0 0 0 0 0 0 0 0 0 0 0 0 0 0 0 0 0 0 0 0 0 0 0 0 0 0 0 0 0 0 0 0 0 0 0 0 0 0 0 0 0 0 0 0 0 0 0 0 0 0 0 0 0 0 0 0 0 0 0 0 0 0 0 0 0 0 0 0 0 0 0 0 0 0 0 0 0 0 0 0 0 0 0 0 0 0 0 0 
0 0 0 0 0 0 0 0 0 0 0 0 0 0 0 0 0 0 0 0 0 0 0 0 0 0 0 0 0 0 0 0 0 0 0 0 0 0 0 0 0 0 0 0 0 0 0 0 0 0 0 0 0 0 0 0 0 0 0 0 0 0 0 0 0 0 0 0 0 0 0 0 0 0 0 0 0 0 0 0 0 0 0 0 0 0 0 0 0 0 
0 0 0 0 0 0 0 0 0 0 0 0 0 0 0 0 0 0 0 0 0 0 0 0 0 0 0 0 0 0 0 0 0 0 0 0 0 0 0 0 0 0 0 0 0 0 0 0 0 0 0 0 0 0 0 0 0 0 0 0 0 0 0 0 0 0 0 0 0 0 0 0 0 0 0 0 0 0 0 0 0 0 0 0 0 0 0 0 0 0 
0 0 0 0 0 0 0 0 0 0 0 0 0 0 0 0 0 0 0 0 0 0 0 0 0 0 0 0 0 0 0 0 0 0 0 0 0 0 0 0 0 0 0 0 0 0 0 0 0 0 0 0 0 0 0 0 0 0 0 0 0 0 0 0 0 0 0 0 0 0 0 0 0 0 0 0 0 0 0 0 0 0 0 0 0 0 0 0 0 0 
0 0 0 0 0 0 0 0 0 0 0 0 0 0 0 0 0 0 0 0 0 0 0 0 0 0 0 0 0 0 0 0 0 0 0 0 0 0 0 0 0 0 0 0 0 0 0 0 0 0 0 0 0 0 0 0 0 0 0 0 0 0 0 0 0 0 0 0 0 0 0 0 0 0 0 0 0 0 0 0 0 0 0 0 0 0 0 0 0 0 
