# Format: McCode with text headers
# URL: http://www.mccode.org
# Creator:  3.7.12, git
# Instrument: /opt/homebrew/Caskroom/miniconda/base/envs/mcstas/share/mcstas/resources/examples/ESS/ESS_IN5_reprate/ESS_IN5_reprate.instr
# Ncount: 1000000
# Trace: no
# Gravitation: no
# Seed: 1234
# Directory: /Users/ldq/Work/McStasBench/benchmark/refcache/T1_ESS_IN5_reprate_work/ref_20260724_152752_94648_1
# Param: Lmin=4.9
# Param: Lmax=5.1
# Param: lambda0=5
# Param: Pulse_width=0.002857
# Param: Num_pulses=1
# Param: GUI_start=2
# Param: FO1_DIST=6
# Param: L_ballistic_begin=19.5
# Param: L_ballistic_end=17
# Param: Length=100
# Param: SAMPLE_DIST=1.2
# Param: DETECTOR_DIST=4
# Param: GUI_h=0.105
# Param: GUI_w=0.1
# Param: GUI_GAP=0.05
# Param: H1=0.167
# Param: W1=0.116
# Param: H2=0.185
# Param: W2=0.15
# Param: H3=0.19
# Param: W3=0.15
# Param: H4=0.213
# Param: W4=0.14
# Param: H_chop=0.075
# Param: W_chop=0.03
# Param: H_end=0.042
# Param: W_end=0.0215
# Param: ALPHA=3.4
# Param: M=3.5
# Param: F_slow1=16.6667
# Param: F_slow2=0
# Param: F_fast1=0
# Param: F_fast2=200
# Param: N_fast=1
# Param: SLOW1_THETA=120
# Param: FO3=1
# Param: THETA_fast1=180
# Param: FAST_THETA=5
# Param: Gamma=0
# Param: Etun=1
# Param: V_HOLE=0
# Param: FRAC_QUASIEL=0
# Param: FRAC_TUNNEL=0
# Param: TT=50
# Param: RES_DE=0.5
# Param: cold=0.95
# Date: Fri Jul 24 15:28:00 2026 (1784924880)
# type: array_2d(90, 90)
# Source: ESS_IN5_reprate (/opt/homebrew/Caskroom/miniconda/base/envs/mcstas/share/mcstas/resources/examples/ESS/ESS_IN5_reprate/ESS_IN5_reprate.instr)
# component: PSD_beforeballistic
# position: 0 0 82.975
# title: PSD monitor
# Ncount: 1000000
# filename: PSD_beforeballistic.dat
# statistics: X0=-0.00522927; dX=2.89105; Y0=0.00109583; dY=6.21648;
# signal: Min=0; Max=6.67435e+06; Mean=2.78336e+06;
# values: 2.25452e+10 5.86452e+07 558725
# xvar: X 
# yvar: Y 
# xlabel: X position [cm]
# ylabel: Y position [cm]
# zvar: I
# zlabel: Signal per bin
# xylimits: -5 5 -12.5 12.5
# variables: I I_err N
# Data [PSD_beforeballistic/PSD_beforeballistic.dat] I:
0 0 0 0 0 0 0 0 0 0 0 0 0 0 0 0 0 0 0 0 0 0 0 0 0 0 0 0 0 0 0 0 0 0 0 0 0 0 0 0 0 0 0 0 0 0 0 0 0 0 0 0 0 0 0 0 0 0 0 0 0 0 0 0 0 0 0 0 0 0 0 0 0 0 0 0 0 0 0 0 0 0 0 0 0 0 0 0 0 0 
0 0 0 0 0 0 0 0 0 0 0 0 0 0 0 0 0 0 0 0 0 0 0 0 0 0 0 0 0 0 0 0 0 0 0 0 0 0 0 0 0 0 0 0 0 0 0 0 0 0 0 0 0 0 0 0 0 0 0 0 0 0 0 0 0 0 0 0 0 0 0 0 0 0 0 0 0 0 0 0 0 0 0 0 0 0 0 0 0 0 
0 0 0 0 0 0 0 0 0 0 0 0 0 0 0 0 0 0 0 0 0 0 0 0 0 0 0 0 0 0 0 0 0 0 0 0 0 0 0 0 0 0 0 0 0 0 0 0 0 0 0 0 0 0 0 0 0 0 0 0 0 0 0 0 0 0 0 0 0 0 0 0 0 0 0 0 0 0 0 0 0 0 0 0 0 0 0 0 0 0 
0 0 0 0 0 0 0 0 0 0 0 0 0 0 0 0 0 0 0 0 0 0 0 0 0 0 0 0 0 0 0 0 0 0 0 0 0 0 0 0 0 0 0 0 0 0 0 0 0 0 0 0 0 0 0 0 0 0 0 0 0 0 0 0 0 0 0 0 0 0 0 0 0 0 0 0 0 0 0 0 0 0 0 0 0 0 0 0 0 0 
0 0 0 0 0 0 0 0 0 0 0 0 0 0 0 0 0 0 0 0 0 0 0 0 0 0 0 0 0 0 0 0 0 0 0 0 0 0 0 0 0 0 0 0 0 0 0 0 0 0 0 0 0 0 0 0 0 0 0 0 0 0 0 0 0 0 0 0 0 0 0 0 0 0 0 0 0 0 0 0 0 0 0 0 0 0 0 0 0 0 
0 0 0 0 0 0 0 0 0 0 0 0 0 0 0 0 0 0 0 0 0 0 0 0 0 0 0 0 0 0 0 0 0 0 0 0 0 0 0 0 0 0 0 0 0 0 0 0 0 0 0 0 0 0 0 0 0 0 0 0 0 0 0 0 0 0 0 0 0 0 0 0 0 0 0 0 0 0 0 0 0 0 0 0 0 0 0 0 0 0 
1071560.266 613794.1515 1028100.767 776362.012 1158026.123 725018.7213 2066357.782 1413932.382 1168583.141 2422776.53 1269034.569 817244.4789 736646.239 1041547.423 1826587.673 1475613.351 919587.2952 475156.4119 850954.2598 1154359.26 1437365.638 855475.7622 1441072.06 850307.6473 1574348.28 1540405.444 1021615.53 1214712.484 1084535.316 1257060.705 624258.4149 1325701.635 1742405.482 674109.371 1644123.529 716508.3815 1421553.284 1943181.388 1523681.191 1945721.791 1918641.456 1360797.546 1193061.61 1088439.055 859303.219 1071382.596 909239.4203 360952.8952 1448292.564 822290.588 1071620.002 1443693.403 595503.3422 867811.4614 2127386.384 1396368.239 511826.5135 1963693.596 922172.9628 1330339.992 921304.0372 1539908.59 1323326.741 755013.9966 1316237.922 641590.5009 972514.7011 496654.6036 2316970.025 1072726.966 800196.1265 544544.2505 868544.3716 957677.3657 1391679.909 782156.56 1409164.562 628139.3622 1721829.984 1460632.331 1247121.311 1251056.766 955755.8292 1009768.236 2484363.828 1297360.475 1389746.819 1239485.064 1498891.263 1261590.776 
3476349.463 3976270.125 2314438.638 3609043.389 3691553.709 4442504.638 2688975.15 3609694.483 4035465.183 2512510.937 2083611.54 2868001.587 2759931.761 3823713.903 2941328.462 2784034.624 3598621.79 3861716.919 2470313.265 2744546.573 4708215.156 5052745.926 3801280.2 2787360.301 3058615.577 2441538.459 5181481.764 2791591.099 2557970.515 2834610.167 2969793.431 4361988.361 2798264.838 3488881.078 4391502.658 4509447.334 5187457.478 2970205.51 2992738.019 4594990.706 5431658.693 3904880.183 2428433.058 3297696.902 2910764.446 1697518.743 2579243.634 3528113.586 3306179.204 2813724.771 2572502.667 3591150.586 2826390.091 3201689.026 2614197.525 2517258.321 5523665.261 2506183.116 3369840.839 3587666.184 4351722.099 3262936.096 2771753.487 3783451.287 3283631.278 4221854.896 3253778.45 3429434.683 2331624.182 2406968.297 1598660.607 3575126.904 4064133.523 3704688.955 1791992.979 3044720.48 3750544.477 3537179.907 2972049.601 4093910.249 3598964.134 3116604.175 3345411.779 4485236.37 2872034.22 3120799.769 3905381.305 3225814.948 1908903.261 4033297.016 
3912783.642 3149686.443 3193250.531 3749874.681 2725684.691 4604741.06 3882128.51 4642915.147 4522001.223 3849076.426 5133630.241 5366758.569 3298164.519 4474925.864 3614390.782 2620734.635 3637057.03 4616044.112 3294284.847 3333119.049 2547562.215 2007506.711 2907298.73 3665114.126 4829893.088 4647310.879 3653812.459 2830199.431 3629383.952 4013596.406 3073541.431 1498358.252 3279065.919 5401474.291 2465314.059 3141322.911 2239382.309 4052755.853 4395308.35 2807961.406 4011783.223 2288478.763 2281180.497 3680551.784 3098322.092 1968363.795 3985138.878 2974160.778 1893561.256 2723434.788 3531377.735 3373371.222 2559501.629 2867336.729 4042815.728 2918873.444 2336204.253 3295793.771 2648508.356 3818254.594 2791913.689 4433335.89 4361633.977 3105989.437 2792821.815 3803007.482 3249336.194 3385722.928 3386562.456 3802430.99 2326340.223 2610993.657 3791889.099 3314406.751 2168380.66 3278004.964 2249375.393 2789516.716 3716912.772 2660906.817 2969127.9 3203969.451 2969052.439 3207098.613 2728780.168 4638208.48 3814751.169 2312526.284 3269162.377 3276530.53 
3759029.15 6031789.504 3071930.561 4347082.936 3245610.232 2316631.09 3310385.897 3423993.459 3873810.302 4625105.695 3460060.988 4868667.109 3115671.872 3722082.209 3291009.921 3766969.849 3959858.261 2798402.358 4555361.096 2573114.173 3518584.106 3395549.15 3596284.066 4198108.681 3186331.574 3385114.492 2271026.818 2391937.41 3491378.032 4012069.629 3254688.213 3467404.108 2942685.947 2175404.543 3630186.6 2451587.309 3395904.547 2605882.78 2107143.155 2649683.185 3000857.64 2238533.884 2511232.073 2626899.567 2771103.152 2272493.81 4777744.935 3731032.148 2402759.885 4115034.706 3463179.626 4323014.68 3306734.596 2584117.55 2735606.313 3161116.973 4626625.275 2968549.842 4772306.115 2081106.322 3789929.83 2387106.563 3961259.136 2550720.992 2235161.852 3274984.51 3804173.193 1539276.489 2961188.106 3293360.205 3204493.077 3709194.221 3432365.964 3808218.485 3184327.885 1666483.971 3059608.789 5021008.073 3154797.488 4857916.47 4192723.27 3152058.307 471487.3627 4380492.897 3918096.124 2486214.017 3545932.069 2793779.81 3384746.154 3080617.157 
2691816.779 3024323.683 3898043.67 2849394.679 2683136.467 3992948.168 2527812.137 4065903.614 2950071.422 4743098.314 2480234.193 3802128.24 3868973.632 4035520.614 4540934.324 3675461.013 1865853.455 3615163.167 3266605.863 2424237.861 3120296.238 4237314.04 2844695.764 2986491.174 2440764.901 3599257.59 2472415.169 2995526.4 4934489.365 2611355.92 3983935.631 2526416.51 2693856.79 2834651.044 3730216.924 3512419.948 2934208.46 2549849.942 3127533.423 2991003.092 3912118.525 3178992.333 2070414.915 3873373.748 2908881.89 3116997.557 3748237.973 3737539.441 2944308.956 4425137.252 3360740.682 3017791.978 2963599.622 3726904.594 3592803.394 2785517.049 3107581.789 2880057.475 2171425.472 2813850.521 2967572.191 5087460.716 1991142.909 2284456.305 2806493.898 3646162.969 4299381.015 3354209.665 3201948.652 2380588.734 2913163.12 2740658.199 3687730.02 4202596.837 3521965.29 3635745.837 2152373.438 3705035.809 3717866.989 3577695.579 3219277.171 3519327.067 4976351.721 4893779.917 3705085.674 2498607.575 3417191.446 4412240.004 3504277.112 3417444.095 
4099293.518 3059518.606 3567495.76 3970592.968 3798919.615 3688791.671 3361971.891 3848662.975 3599794.762 4099997.44 3885937.661 3929278.663 3203377.561 4241702.149 4517937.597 3141385.568 2908644.844 3185389.164 3186047.665 3893026.954 3188316.304 3272644.117 3014420.681 3534961.367 3469942.02 3105695.567 3912028.41 3040854.9 2889633.554 4070052.004 3913765.16 2924656.917 3221857.027 4447229.269 3425032.304 2782477.49 3167535.142 2841353.445 2763623.262 2874583.779 3508107.934 3131187.3 3711025.547 3608010.104 3116601.555 3347350.893 3070723.225 3236782.77 3640958.058 3539019.683 2300273.025 4051087.497 3782722.083 2326823.396 2892550.662 2896199.856 2439596.621 4458785.098 3087032.239 5292609.493 2220858.767 2722531.218 2538419.495 3535909.435 3802719.326 2449800.084 2836073.354 4127019.718 2644539.682 3352365.1 4421757.529 2795461.884 3511636.101 3187541.953 2559781.954 2561037.105 2623359.68 3242506.891 3133712.313 2958214.593 1913304.087 3668425.121 2508261.488 3774442.238 2411251.639 3089975.255 2762090.316 4082032.397 4098925.122 3203149.608 
2686333.107 4780653.726 3297943.475 2934440.516 4193688.362 3131376.127 3216441.108 2430502.898 2993903.247 3529313.105 3820329.89 3040004.353 3686686.751 2636857.146 2697132.202 3791245.134 2435808.83 2509801.838 2543237.291 3745966.734 3805803.78 2572465.01 2934014.881 2419149.675 3878757.811 4076476.696 4323489.139 3744663.703 2984788.947 3459944.233 3065919.955 3592493.194 3130394.352 3145103.253 2757414.433 5404920.127 4283442.584 3737723.6 2381148.396 3234515.042 3277960.903 2692561.585 3491642.675 3382195.433 5420038.022 3461301.687 2632902.21 3980324.142 3213636.418 3646696.356 2733512.09 3220478.434 2611229.696 1772485.858 4038527.666 3531132.657 3801675.307 5705208.561 3580526.337 3848732.239 4295913.76 4437751.808 2863350.071 3307426.82 3697174.682 2746835.846 2323835.355 3000354.261 4180307.153 3418629.538 2980188.196 3666103.413 2577273.435 4987058.927 2823948.696 3995021.035 3806844.308 4306922.588 3401110.351 3645544.172 3415542.068 3508248.861 2035314.76 2411376.592 3267691.937 2981877.32 4313875.663 2431264.195 2911843.645 2986444.45 
2843136.242 2568596.568 3982018.047 3523753.227 2392178.66 3371378.369 3431008.791 3651244.035 5131221.155 3226035.956 3758214.543 2081610.524 3719227.875 3566060.985 3668664.789 2418591.011 3382911.798 5233631.12 3309928.583 2731262.1 4058342.387 3793251.072 2874616.847 3534265.762 2707409.649 3135997.42 3037147.933 2412334.539 3678297.165 3912490.505 4362197.503 3111002.787 5108403.422 3128896.513 3422117.05 2680723.233 4507794.376 3631735.161 3902438.351 3531487.024 2842287.094 3077843.47 2940272.441 3133780.988 4570828.952 3898621.995 2080800.743 4936027.532 3009335.351 3643418.282 3311916.103 4190875.138 4669985.173 3018707.642 3562464.358 2654059.528 3765673.417 2437354.249 2950026.25 3140698.278 3765010.733 5008248.219 2473088.368 3120952.463 3606364.158 2806197.672 3365904.529 2280310.733 3948654.899 3391715.51 2664584.329 2602330.826 4276085.816 3244716.723 4107665.125 2934493.483 3015271.918 2411516.77 2694172.268 4667197.587 3499699.208 2998059.335 3014334.786 3650087.452 4135256.01 2966166.326 3531128.977 2923543.837 4430876.396 3587929.574 
3355215.181 2859260.198 3636228.061 3636577.893 4303629.104 3634286.613 2278156.566 3479313.113 3190961.518 3952214.017 3310112.566 2902039.424 3732124.433 3943912.932 3671514.346 2266370.819 2898655.969 3899009.74 4220586.317 2742630.859 3902268.242 3315671.699 3970624.952 3233082.999 2372055.872 3822171.045 3657448.9 3606759.415 2487119.27 3140297.762 3293581.492 3306585.805 2983458.555 4254750.295 3877908.091 2995050.589 3906685.992 3189897.802 3839548.122 3096218.019 2720016.009 3138459.35 2252196.342 3150178.869 3187411.322 3574458.15 3230405.671 2485042.096 2413561.306 4060684.15 2325838.406 3291469.076 4215052.287 3201511.871 3645803.252 2243066.087 3114422.579 3916639.248 3277583.92 2156647.224 3311472.755 4460156.346 4215432.17 3774372.962 3618939.631 3207250.153 3463374.454 2752668.555 2418346.383 2426707.38 2989693.88 4227303.165 3698423.15 3208679.361 3624243.08 1422871.102 3147580.561 2571055.5 2855932.715 3073609.949 4222248.981 3858265.677 3911339.406 2229765.273 2947463.881 4187492.913 3203623.037 3600669.905 2815857.281 4549924.022 
5036686.495 4746297.073 2245812.326 2426650.715 3811750.668 2852454.745 3149797.32 3421259.135 3687806.316 4195610.735 2981583.275 3421242.85 3311192.016 3001550.707 2464236.317 3497636.099 2992001.26 4125059.082 2865835.364 4236901.389 3249973.315 3408586.899 2996278.441 2927232.353 3671462.476 3660750.131 2303217.332 3580531.184 2354463.611 3474309.586 3372328.323 3288868.164 3142478.236 4236926.527 3228959.091 3519506.845 3196745.489 3500478.609 2649143.402 3899744.564 2808719.993 2484736.541 4854413.079 2717883.145 2256030.09 2331683.221 3808292.976 4152769.129 2636018.769 2632774.534 2935725.798 2835637.016 3428681.868 3442405.572 2658511.391 2532021.567 3439918.768 3071132.358 3230662.344 3655437.344 3448579.147 3554810.112 3508751.21 3850432.256 3669552.664 2091768.26 3567198.706 3850704.975 4134704.563 2385205.965 2829023.615 3032537.451 3414248.532 2459348.774 3372924.903 3296022.4 4233626.628 3101967.564 4236564.333 3209058.117 4483249.845 3337281.002 3953020.472 2556311.827 3149267.919 3048365.209 3320353.927 3853979.231 3069947.075 4067591.052 
3341581.677 2123831.198 3477481.145 2980426.016 3895772.564 2718704.599 4763335.397 4288008.619 2541301.241 3874160.128 2958913.987 3145116.472 2745914.787 3667161.016 3781509.564 3250706.213 2531765.264 3305568.87 4918576.158 3262744.169 3867155.081 3792108.807 3463999.517 4275925.13 3335344.316 3682644.617 2307634.165 3097327.083 3711656.932 1859554.423 2712725.88 2072581.118 2199113.494 2842079.064 3718077.679 3658285.468 3865315.864 3275055.301 3558534.618 3061318.398 2726817.448 3683970.118 3328504.388 2067538.713 2972357.657 4107505.262 2985392.449 3843247.381 2067359.819 2699175.884 3584407.249 3377962.099 3590753.462 3847447.05 3818512.334 3828671.246 4810034.128 3330377.482 2017544.219 3879178.221 2933325.976 4411336.442 2357825.361 2705794.88 4150340.415 3614102.679 3678211.433 2650225.28 1655703.146 3212029.278 2429261.113 2185706.844 2678188.37 3887536.972 2591103.086 2324883.294 2123686.82 4141453.549 3419978.037 4044794.812 4496471.731 2951079.519 4507949.477 4043603.329 2884787.802 3363868.606 3484564.164 2693674.888 3046782.061 4001973.229 
3184928.315 2978748.949 3806627.722 5315186.518 3742875.948 3463642.963 4070133.259 3345249.83 4479036.832 3181045.601 4949525.684 4150160.635 2322820.963 4399485.819 3343402.88 3150806.085 5027378.978 3039476.406 3268510.696 4220892.713 2834877.094 3790877.577 3418832.012 3550367.586 4679944.987 4269185.952 3591349.15 3972868.996 5183033.546 3119394.202 4764334.645 3635765.316 3699429.341 3034115.2 5922780.681 4954473.565 2951088.531 4225869.03 4222784.121 3845698.918 2427375.569 4339113.179 2316577.06 4958178.904 2840273.051 3400457.787 3356742.203 2581305.834 3237726.831 5246661.139 2914714.616 3036693.12 3625695.777 4113190.836 2216856.712 2898765.96 2488128.413 4346500.907 4718285.934 2997633.737 4776957.986 3584583.517 4066747.378 2447576.3 2827541.942 5018095.055 3610144.005 5300830.818 3174289.135 3627559.634 3581379.041 2472968.333 3294711.827 3415868.685 3933671.255 2857370.558 3269174.769 2426460.468 3462070.948 3027630.866 4074076.44 3155485.703 3423248.959 3055112.116 3587557.172 4665280.143 2957589.551 3710592.003 3816324.975 3549266.178 
3399764.805 3257818.866 4428675.828 2951152.207 3608591.637 3738208.474 3619699.969 3871653.023 2787530.542 3205130.802 4198205.611 2961902.416 4801973.031 2878567.022 3921323.621 3208318.189 3018087.065 3303919.159 3378310.201 2292822.797 3718592.467 3332680.609 3210208.227 3617087.077 2480843.382 3388411.694 2519931.177 4321314.161 2894258.417 2164544.188 4290889.653 4791521.93 3685783.901 2439362.103 4042350.229 3104806.911 4657015.747 3045837.307 3715756.335 3466820.371 2097074.848 4585307.252 1967932.033 3112384.731 4382368.279 3740084.867 3220545.898 2952563.433 3878410.798 2739730.208 3563028.605 3021434.179 3313475.062 4354477.5 4122660.647 3314499.584 4468196.116 3651500.976 3835845.915 3125362.015 4457457.791 2548743.805 3972994.619 3028141.467 3402376.626 1467186.507 3160012.609 3188091.684 3439784.58 4153922.691 3547075.751 3507713.049 2585449.656 3998255.163 2776500.152 2906587.666 3114299.407 4229122.78 2395680.335 4221931.702 3504285.361 3778982.841 2691993.142 4035348.461 2876635.886 3211210.892 3952227.35 3049434.475 2548863.435 3149132.502 
4502065.926 3224053.836 3707723.551 2757780.923 3017608.575 3674532.628 4182890.796 3329100.78 5065734.399 2782400.99 3947800.05 2940867.283 3147668.619 3934607.965 2149571.505 4140948.979 3766505.575 2914996.326 2315288.724 4701421.499 3868344.982 3849686.897 3747994.932 2378338.467 3452427.574 3144512.388 3269986.47 4107061.582 2079430.681 2646124.998 3243404.836 3190645.484 3562954.009 3806969.202 4048820.89 2490757.77 3452494.739 4361919.227 3882416.96 3105307.57 4468969.961 3653138.48 3879238.916 3552643.338 3014400.099 3683300.807 4454018.018 3346213.653 2987161.1 2979588.888 3596879.788 4320576.787 3521371.441 4042738.814 1942866.05 2563146.859 4615688.188 3732551.745 3674556.128 1995964.157 4338626.911 2670002.973 3266987.424 3422370.279 3901334.987 2797639.229 3981218.505 4425420.192 2984480.314 3643334.244 2202666.838 3197649.339 3530201.408 2830068.197 3485048.808 2935959.31 4396815.161 4117426.908 3921755.043 2948593.761 3664234.488 2655764.302 3346992.346 3760310.286 3879352.891 2194451.368 2987889.854 2924166.102 3155886.622 3324378.408 
3055189.511 3694933.078 2127363.912 3605518.657 2706479.236 3758627.939 3296259.585 3515662.125 2768632.842 3133289.045 2314174.559 3513944.93 4156381.646 2870420.775 3970424.381 3088988.987 3941819.92 3304689.646 2470099.906 5431019.889 3899556.308 3219149.718 3293131.528 3050540.301 3071321.148 3162833.91 3940211.06 2871253.627 3493435.791 2394796.291 3277115.923 2752924.473 3465681.412 4440901.569 2147034.298 3395541.24 3985716.061 3411250.864 3709350.75 2702346.602 4357930.554 3558706.882 3153652.191 3363626.639 3145722.554 3290858.151 3185050.597 3339119.957 2984923.985 3705193.842 4528857.288 1810945.076 4546457.911 3690073.911 3430734.426 3768708.985 2407922.149 4264658.384 2946849.776 3144945.326 3837236.959 4757882.443 4090878.559 4238619.093 2940860.849 3328809.543 4209372.251 2584756.515 2898587.585 3042640.783 3845108.258 4366348.631 2545189.216 2931962.134 5188356.719 3056617.487 2970037.579 3488873.078 2079728.443 3977366.004 3887797.245 3438670.104 3812850.403 4937803.934 3160210.087 2901391.597 4045245.102 4456263.21 3956121.596 3242202.908 
2694382.677 2843244.083 2484618.177 3320091.832 5403825.442 2904811.806 4113034.271 3694238.241 3704506.846 3901156.363 2369138.31 3080199.712 4001724.043 2959869.54 3663341.028 3120932.345 3141772.903 3030248.663 4957629.632 3999278.591 4205022.125 3499103.486 2327626.195 4026179.354 2259839.786 3056021.051 2169607.965 3431031.581 2842484.266 3030400.915 5196975.883 3421675.667 3529743.647 5243747.859 3760310.876 3398531.654 2108875.139 3660394.698 4182926.808 3957304.471 2503748.363 3185665.52 4255959.076 3553113.294 3136594.701 3424011.256 4502937.103 3892627.603 3028379.601 3318769.425 1809976.939 4670062.977 3240138.018 2706382.403 2958928.618 3589655.071 2922744.566 3416368.486 4071243.399 3195371.112 3893214.25 3140121.853 2608039.48 3571845.96 3798810.609 4111616.036 4832525.186 2936131.397 3101464.251 3232118.436 2903346.216 2299762.043 2016933.987 2683430.977 3174134.816 3055199.542 4424244.279 3338511.209 2932235.057 4196625.759 1256105.491 2388668.897 2438159.346 2269907.161 3217525.611 3249901.027 3688197.004 1492674.494 3020926.908 2717300.522 
2874348.857 3144795.403 1886481.084 2825727.347 2804657.527 2762551.767 3105077.236 4083524.603 3468268.912 2231444.969 2649611.586 3092353.1 2602009.604 3832727.379 1794821.443 1768446.494 3005781.309 2820160.594 3672451.236 3822415.652 2924776.026 3459134.516 3654876.132 2688023.27 3469018.268 2482073.277 4359086.1 3009204.648 3513852.25 3037757.041 3372262.651 3856222.048 4160555.985 2727621.672 3916536.367 3558490.661 4587930.295 3333239.434 2631948.54 3527038.615 3406434.831 2839027.86 3432414.478 2444422.816 3135022.708 3570358.082 4317778.652 3128586.457 2536726.059 4134304.688 4450126.384 3740429.979 1609765.017 3048871.143 2549443.745 3876162.172 2964690.966 3356074.605 4039390.863 2193639.195 2481956.201 3676784.624 3833382.196 3049145.046 3311158.888 1710380.144 3093353.209 3179152.296 4832777.076 4163637.415 2837519.75 3796693.718 2514833.857 2873001.231 2322400.37 3704105.488 2842135.688 3044307.366 3332365.021 4061337.093 1765506.871 3864884.526 2048578.76 3084374.361 4414907.558 3059597.466 3044219.472 3780443.316 3325815.73 3797013.936 
3852335.563 2797254.064 3319259.203 2631251.174 4047804.142 2513063.443 3168668.172 3021190.282 2887863.152 3284481.1 3584875.028 3863447.484 4836567.038 3879619.426 3373136.283 2529549.565 2843208.375 4500215.184 3726241.257 2311763.798 4562691.746 3492129.453 2988142.195 2535504.79 3277909.103 2891393.108 3450100.421 3747272.7 3683920.608 2738202.483 3588032.768 3595793.719 3207631.622 3949923.333 2949928.262 1869410.834 3512187.208 4242450.644 4335575.908 4126185.966 3072308.221 4685590.311 2440322.717 4127108.345 2364249.427 4183874.095 4637949.743 4523864.503 2596604.342 2099024.139 2912447.658 3694026.355 3247079.844 4041110.373 3616047.262 2717634.357 3632126.245 3144820.039 3927949.358 2143326.712 2792307.747 2564443.878 4170882.913 2900219.405 2958938.528 3815181.69 3029313.301 2475069.498 3737577.248 2309329.728 3478852.882 2435218.72 2662724.269 3841507.67 4269565.596 3025436.158 2979276.393 3291986.894 3471606.661 4341574.587 3885620.787 3395118.033 3032344.283 3256328.913 4260810.098 3070836.144 2454871.989 3598727.378 2745171.132 3375168.7 
2635289.508 3494302.67 4109364.605 3701921.94 4342191.743 2087291.421 3177364.538 3383398.819 2192074.63 2270471.593 2845670.396 3466613.485 3706411.8 2604652.04 3763238.731 4502653.219 3692544.912 3172803.065 2040896.04 2398374.213 3359928.51 4306307.652 4051844.031 3900423.546 2778777.426 3056705.656 2395341.19 5957378.927 4453646.597 3668998.912 2979516.971 1886408.474 3462667.224 1871056.672 3847545.497 2403812.405 4124638.883 3167255.426 3436068.485 3937595.199 2305198.998 4408337.696 4356292.413 3412310.891 3902465.898 2771017.836 3463885.016 2730920.481 3806524.381 3598681.95 2792038.662 4378138.128 3891036.087 3197370.4 2306074.363 2312727.957 3975683.433 4125575.314 2848505.397 3896136.257 3634911.323 3691838.42 3192234.887 3825873.321 2594529.366 4111187.554 2977154.473 3822243.408 3516553.629 2480615.818 3576908.097 3169296.717 2878956.629 2295107.633 4226015.841 3335515.286 3633269.094 3266250.341 4151544.922 2615506.69 3090336.283 3981228.769 3224831.182 2077633.778 2702079.045 2488325.763 2627566.893 4328440.724 2462111.887 4669381.629 
2672208.061 2154023.228 2659988.427 2969644.01 3411125.935 3570766.883 4679970.259 2908288.44 4150922.112 3287929.321 2774860.429 4134739.946 3184788.275 2154503.282 3487422.667 2861056.947 2794045.396 2663965.296 3281867.52 1804387.417 2577765.866 3875872.272 4406985.903 4721934.571 2019933.006 2362053.731 3596587.389 3614878.077 2920970.09 4167324.819 3101588.194 3871544.163 4201472.679 2656235.231 2655283.633 2941461.279 2355829.657 3136150.4 2780062.663 5028165.609 3532509.49 2518962.022 2001318.448 2339181.401 3422178.101 2475829.575 2120002.818 1666970.844 3901063.606 3279727.26 3506787.52 2649615.401 4005840.104 4329258.426 2691391.34 2636135.693 4241832.203 3007842.796 2984116.385 4357902.34 3033817.916 2175882.215 2920497.49 4350053.607 2422385.674 4257014.498 3147057.26 4128740.791 2783906.222 3647000.137 3000246.911 4852645.49 3913720.594 2662439.619 4461826.333 2696859.29 3061088.691 3343848.679 3456219.841 3094976.813 3475122.357 2657029.489 2530352.806 4523770.614 5277047.249 3835889.171 4072667.683 3440797.631 3511995.983 5154409.464 
4642108.081 2816526.575 3321548.865 4244779.249 3282101.242 2173330.276 1982029.555 3827513.083 4348170.618 2799997.849 2767644.385 2353218.729 3433376.792 2570720.801 3360026.093 3824364.453 1726147.126 3495738.963 3529969.59 4290956.822 3876957.883 3620254.412 3280936.914 3763792.734 3262535.175 2078672.309 3110933.189 2973663.279 4185128.56 2906776.456 2935043.369 2773005.479 2116226.582 3455614.76 3710497.075 5008738.771 3133481.83 3611088.915 3819247.07 3513701.711 2317720.023 2499546.615 2886395.757 3067164.692 3714867.546 3442281.312 4412058.547 1776073.109 3074515.76 4212510.431 3913146.845 2796635.919 3710075.285 3575545.209 2390825.388 4838650.211 3539605.872 3573205.389 3794464.82 1407470.826 2512776.449 3355049.656 3131159.748 2781212.941 3092897.685 2554607.645 2756080.158 4376723.274 2115040.413 3666351.703 2710874.179 3256088.214 3826282.322 2860373.994 2694726.465 3108782.284 3060688.25 2182462.779 3969031.249 2995124.687 3148017.166 3677829.359 3970560.495 4375296.379 2813709.236 3151367.084 2302435.062 2513509.026 3990807.788 3529401.979 
2726645.502 2932514.945 3183047.634 2946127.704 3930272.702 2712404.19 3650411.499 3676427.411 3101438.145 3470646.203 4030450.558 2628478.477 3488924.997 2738710.521 5030942.457 2847733.364 2218064.341 3044525.55 2998048.984 4191712.423 3230646.108 2213757.695 3348548.462 3791840.179 2862856.368 3500168.082 3215119.063 2478919.903 1971663.014 3073573.228 2303681.196 3636644.081 2813045.141 2596143.191 4488203.282 3291633.36 2402147.042 2763736.073 2492278.955 2455455.953 3056039.904 2125400.668 3067344.638 3086649.465 3317211.506 2585824.1 3119222.672 4552007.913 4350751.157 3214880.85 3146489.299 4580518.805 3428831.611 2955456.316 2401580.984 3501925.393 1824481.961 4836134.252 3733413.784 2444389.705 3093575.421 3245870.748 3032659.325 2454734.084 1804940.458 3647039.78 3750670.574 3533331.561 3072089.235 4070446.036 2905691.05 4003168.573 3475791.324 1960623.213 2823980.82 3520833.328 2991250.317 4114892.906 4801251.497 3416129.041 2829360.874 3111580.708 3875996.921 3222256.707 3579153.843 1862366.246 3559168.471 3795953.277 3911684.792 4475538.419 
2249758.023 3880483.229 3020242.466 2710303.856 3826776.69 3983913.842 3408846.03 3754960.323 2965694.751 2813543.847 1905285 3004369.694 3327809.646 2182751.697 1790964.242 2831248.485 3474216.177 4119341.13 4811499.66 3202268.445 3961491.261 2440528.947 2966919.274 3487335.26 3814576.341 3629418.303 3474928.897 2368780.174 3058659.757 3109272.127 4543585.855 2820313.43 3259932.43 3342716.527 3334321.282 3120975.533 2928529.008 2606689.464 2995720.728 4169509.642 3917319.789 2396844.909 2809366.85 2947199.419 3488922.921 3213313.668 3210594.799 2615147.698 2814939.816 3570881.547 3415513.573 2821780.494 2608815.24 3579225.586 2847649.91 2986877.658 2870761.721 2927593.323 4475743.249 3600696.518 2873501.108 2600477.109 2281392.185 3987553.514 2199816.005 3756599.701 3612626.832 2301153.991 2949777.417 4088059.162 2766039.426 2843111.578 4937477.452 1966911.065 3448292.776 3189965.539 4182127.139 3825294.057 3627304.857 4038459.075 4196816.013 3495242.634 4117651.044 3238837.423 2983004.107 3715972.079 2195444.341 4473133.609 2825044.771 3618869.119 
2003597.55 3280325.234 3655405.868 4897753.096 2714799.549 5057936.62 2883993.32 3017700.45 4259547.267 2912462.492 2555823.733 2544881.725 3474951.425 2599250.534 2736220.417 2829412.393 3890075.927 3404806.017 2621904.823 3112365.383 2917609.768 3298822.347 3195320.594 3750954.004 3064743.532 3481163.415 3374011.602 3079502.636 2759658.204 4772624.643 3678078.101 3078134.08 2214106.011 2630071.879 2522626.777 2227421.513 2382243.492 2851855.443 2968795.647 2053378.087 4380761.067 3597428.5 3153227.386 3102598.2 3238043.968 4399088.643 2303844.392 1846429.851 2775421.29 3174142.906 3937999.789 2319077.573 2784570.322 2971226.386 3250969.87 2997494.36 2885486.151 3077592.162 3160749.386 2823575.739 1744511.826 3179960.006 1785700.207 3366852.423 2902851.823 3105883.273 3474917.637 3523490.765 3107550.238 4054072.72 2804004.03 3127177.416 3034822.112 4310431.868 2491889.616 2964116.57 3282303.257 2493740.349 3267336.311 3741302.816 4503703.824 3156889.306 3562633.349 4384143.953 2767480.915 4247634.311 4409882.364 3700165.31 2908901.305 3222161.53 
3787031.148 3804024.948 4187628.512 2814816.511 2534870.775 2758385.744 1855423.26 3998827.011 4103429.514 2422236.554 3450635.137 3915250.254 3358208.57 2433087.634 2650852.784 3751220.608 3606911.65 3091887.578 2913417.732 2747174.752 2798943.254 3644230.909 3242846.357 2314399.484 3289208.061 3218771.968 2723895.027 2660243.928 3588488.862 2961829.698 3982842.534 1598753.329 4488249.197 4034605.048 2736945.659 3242833.97 3530524.647 3005800.693 3620885.842 4110703.862 3391087.794 3440750.313 1896961.637 3181759.78 2461677.07 3893481.48 2966204.484 3593959.319 3663083.966 2644014.102 2701615.006 4309295.58 3735494.066 3279416.803 4833303.147 2438808.544 2566380.471 1920486.326 3391160.99 2652188.851 2764247 2619670.055 3369425.313 3348886.357 2218160.398 2915830.112 3027163.48 3790165.776 2612797.393 2956745.523 3051182.152 3486305.364 3857971.496 2328333.713 2166064.986 3818460.911 3485858.644 3284017.136 3711390.312 2504879.046 3396374.201 3604553.22 2671546.241 3411041.01 2864875.055 3163587.351 3932687.859 3064587.619 2667971.255 1754822.277 
3124183.405 3605264.192 3227417.689 3786733.703 2829342.602 2552531.603 4580640.912 1903242.463 3170593.355 2866752.755 3838737.706 3052774.675 3172331.424 2427306.619 3428152.031 2920505.761 2205751.962 3072840.632 2984786.935 3396273.073 3818902.614 2672602.013 2840336.988 4507724.901 4339092.67 3234922.61 2743758.004 3757489.831 3354872.454 3337511.677 3752528.661 3648918.609 3315520.638 3028927.375 3146694.994 2555144.726 3000914.734 2568561.606 2310219.218 4112790.396 3051053.132 2968562.071 3489619.37 2679954.437 2521707.998 2821438.463 3240665.55 5476077.245 3534421.215 3164584.591 2705695.897 3971619.285 3353486.324 3781461.782 2199960.961 2870714.952 3310607.555 2640248.834 2933295.337 2533743.296 4416951.254 3887969.219 2730609.812 3639006.407 3523699.218 3602155.33 2859423.232 3341429.786 3521218.319 3327871.126 2688142.901 5038630.92 2853215.702 2644835.209 3167927.979 2859675.769 2916356.741 4080432.456 3224184.768 3258290.353 3458440.473 3733185.041 2685021.224 1974811.673 3169472.7 3178073.979 2754934.83 2225495.134 2919061.753 3341887.497 
1833526.695 3068617.897 3793781.49 2918227.519 2790730.926 1537694.52 3584778.012 1418459.033 2706812.638 4107868.102 4854111.883 3314651.666 3546876.327 2594739.929 3478157.284 3788026.062 1514177.325 3828547.839 2855871.4 2786656.457 2520691.26 3731256.107 3017209.823 3381301.375 4002162.676 3304087.393 3729299.864 3082075.063 3142984.806 2719049.76 2496873.365 2076089.23 3257762.837 4568892.075 3463395.819 2531585.616 2518500.996 3917699.063 2549363.9 2191226.157 3477176.091 4099798.982 3033095.164 3758916.8 3671578.181 2625467.357 3028507.471 3593072.19 4565594.908 2419668.745 2591620.382 3350362.736 1936757.583 3729824.35 4647743.932 2860136.751 3297796.189 3919646.823 2445427.786 2299360.185 2345909.617 4100822.414 2865572.248 3979644.27 3788942.414 2875824.129 3684828.685 3996797.746 3293520.845 3407978.03 3167911.936 2502605.535 3057505.723 5299994.374 4651909.336 3456317.736 2594564.792 4650758.385 2784844.445 3474595.396 3044968.362 2483479.698 3701199.406 1690891.079 2353042.731 3790866.613 3757780.859 3388165.835 2985081.953 3568496.606 
2863749.284 2215525.699 4818694.052 2890690.016 3100678.954 4745721.255 3084425.127 3872201.184 2252362.169 3091968.881 2480212.631 2568998.795 3976352.24 4620010.054 2502779.716 4427913.59 3289869.842 3011874.294 3975907.895 2777566.107 4046267.336 2822908.902 2561442.552 2798577.096 3364154.531 3875618.41 3818698.357 3236196.204 3168497.682 3592659.506 2213772.126 2820442.665 2048575.175 4033392.79 4288827.229 2527802.123 3202603.888 3284152.191 3638853.194 3221495.29 1734238.222 3371635.36 2498015.691 2464186.491 2024405.727 3771483.413 3464347.817 2985296.301 4083511.22 4530307.251 3469397.35 1929618.894 4168528.926 3895066.551 3099161.882 2384354.73 3594228.486 3237237.858 3044461.91 3073330.711 3385264.699 2717264.825 4609362.809 3639928.587 3247412.635 1817000.58 3394928.677 3320983.409 3235648.579 2989760.902 3087469.95 4052844.515 2704549.581 4128569.201 3259458.782 3991285.451 2478689.175 3068214.908 3918590.281 3249304.74 4853753.449 2479404.549 3364718.175 3652146.843 4009015.636 3756875.168 3499376.854 3308855.101 3266964.681 3285865.089 
3399645.579 3036450.659 3755950.628 4215529.167 3093921.154 3428665.895 4079900.18 3329856.263 1777734.48 2959225.601 3887729.089 2466381.136 1686055.718 1352441.877 2340856.46 3542699.307 2482105.337 3435613.11 2587610.088 1920113.274 2629150.48 2698472.693 3448007.55 2294989.538 2991189.265 3622813.462 2671052.714 3299309.196 3145621.569 3531713.974 4207266.599 3010967.01 3537132.726 3671842.889 3329975.136 2725027.876 2551888.912 4888551.047 2365487.278 4337658.261 3695317.882 2281328.549 2765537.932 3635998.331 3363089.128 3469256.893 4351783.291 3550817.195 4031757.444 2411818.391 2780708.387 3232277.961 3717352.615 3113930.147 3916767.76 3769005.887 3694655.454 3837926.614 3363381.565 3576191.53 2991931.8 2645230.917 3660543.595 3170351.033 3329509.482 3008089.983 3230708.369 2843292.837 3554017.754 3534965.923 2915265.861 4237486.103 3992781.15 2884745.124 3240550.266 2521860.405 3087634.777 3365875.149 3182160.739 2991920.639 3014638.04 3268880.161 1697068.27 3830254.5 2995948.113 4140957.268 3513412.684 4748208.615 3257755.308 3590552.718 
3277459.067 2043635.43 2509567.161 3712414.002 2326782.672 3696978.443 2497017.237 3111582.691 2057063.799 2562877.904 3035636.694 1945999.781 5217083.021 3503409.407 2889242.173 4173601.01 2357283.58 4286870.662 2731029.882 2250143.21 3529617.19 3007579.471 4280714.802 2810202.781 3617342.806 2449977.302 1937277.363 2923361.181 4140921.489 4232595.037 2588204.639 2714681.269 4644076.87 3081148.564 2503006.726 3191559.738 4114270.793 5079585.262 1657440.341 3510793.905 3266925.494 2240948.311 3412011.473 3523134.53 2467939.057 2396142.716 3539314.59 2794614.597 3486970.64 3064395.775 2850473.729 3618238.39 4044120.409 3142337.296 2154484.431 3523998.704 3663664.367 3604009.918 2679352.665 3430624.994 3504871.451 4440719.064 3363729.11 4432414.643 3339633.832 3533726.052 3074261.627 3410028.908 2741928.748 2821798.537 3407229.765 1363619.006 2294599.018 2812130.144 2906361.403 2318501.116 2820508.89 4472247.16 2446084.936 2514049.52 4627535.507 3660514.988 3577165.588 3765831.865 3270390.057 2812243.296 3871059.49 4265556.03 3468903.359 3680603.97 
3618721.253 3585163.181 3380107.602 4123462.842 3127595.284 3197068.496 3321517.121 3273378.212 3566318.708 3483408.074 3490539.095 3136193.835 2805877.572 3230865.338 2939588.692 2266370.207 2914264.631 2143164.81 4052035.999 3932835.861 3596595.752 1193459.829 2950622.622 3439305.671 2757146.589 3774629.832 3545366.049 3230958.24 3829921.742 2657579.17 1710424.437 2608717.869 3685556.598 3792435.799 3021736.712 4986379.293 2440010.731 2905636.37 3514396.57 4208413.781 2818604.12 3616218.003 3793826.316 1975491.587 4040471.212 2512738.98 2381960.553 2643792.794 3579582.624 3986333.134 2413175.41 3211338.431 4393690.239 3949711.454 2792506.932 3732590.284 2601960.662 4305619.232 4212817.148 3346636.996 1762879.889 2411114.575 3374523.083 2876857.596 2415815.771 1651617.25 3675537.098 1987061.194 2425025.742 3777414.95 2924577.881 4281498.447 3931883.337 4351061.86 3436078.848 4435143.178 2112852.421 3555883.95 2476553.287 2273837.358 4467148.24 2007828.414 3641119.789 2970606.121 3150968.286 3480943.584 4041738.497 2914346.262 2130848.196 2500580.661 
2797387.592 3001734.033 2917923.507 2775402.784 3816701.742 3958780.809 3696897.812 3227928.818 2948552.966 3255539.163 3058250.376 2991550.971 3052658.803 2167865.365 3486912.986 2645075.004 4199355.068 3759743.934 2873534.298 3719098.576 4720482.146 2172100.995 3074531.042 2455530.365 3496406.976 2558474.663 3972048.859 4825236.669 3117136.005 2454297.793 3021661.748 3801973.118 2161300.891 4127937.347 5034112.413 2582992.089 3016500.066 3391025.994 3406953.653 2898814.512 5323541.163 2562445.994 3303910.88 2201404.897 2713220.522 2256753.163 3020658.773 3272096.104 3522974.575 3191271.598 3388881.213 2769933.82 2747105.377 2555879.694 3624914.503 3708625.382 4299316.78 2574686.778 2889426.407 3064108.186 3579538.704 4645395.845 2775853.327 3520409.626 2626674.477 3753498.185 3008927.422 2207761.804 3568052.545 3956447.781 3828058.676 2580522.494 3347442.905 3900813.005 3530456.29 2897304.827 2000347.602 4299734.336 3196608.278 3561875.513 4008459.844 2698942.614 4488383.506 2466578.947 3431191.048 3993606.738 3825518.647 2996509.457 3196842.192 2525766.009 
2876495.474 2525221.871 4177532.345 3144782.53 4092090.579 2247497.923 2139606.225 3298321.409 2087539.578 3619769.549 2653473.915 3290375.82 3890928.719 4074157.463 3402327.952 3116268.431 2561976.916 2500380.669 3349333.799 2769556.963 5218907.134 4093536.678 1728826.747 2404892.769 4051244.938 4318698.794 3282785.448 1942236.407 3746756.715 2417902.289 2499335.887 4788770.179 2703163.771 4520192.273 3253104.355 2337999.815 3012669.776 3566056.573 4115904.784 3927217.413 3481395.911 3408939.884 3776908.008 2174535.493 2772092.408 4360365.693 3555911.291 2644616.451 2585715.471 2934252.783 2183709.558 2698062.389 3660863.508 2065294.918 2679264.797 1389965.056 2792226.337 4543701.382 2825137.142 3295059.187 2788305.045 3467600.866 2350330.335 3799884.977 2907630.297 2505434.289 3514765.725 3216655.67 4288539.428 3414911.198 2520283.768 4737394.954 3585810.865 3584397.812 3368597.741 3896198.01 2670787.737 3884928.479 1778305.016 2779406.763 3151098.349 2727351.349 2484100.263 4656927.933 2907579.285 3353237.023 3490382.524 2854982.385 3596547.366 2531447.809 
3011267.712 2233118.208 3632334.128 3343409.949 2721123.006 3120165.135 4877360.908 3330816.336 3192972.903 3563614.335 1949272.278 2304482.258 3080606.555 3773095.247 3874801.628 3193739.882 2892200.534 2828217.665 2956423.451 3855403.881 2228340.706 3650729.467 3213298.855 2490301.626 4188643.521 3268379.478 3833430.085 3752042.413 2880953.297 3626734.675 4563587.228 3474887.413 3700814.463 2168213.479 4204766.986 3156116.131 2743202.2 3499237.501 3606532.309 2629389.998 3599750.837 3606502.444 3169674.961 2611738.873 1985204.119 2428225.846 3656807.292 2625524.692 3337279.906 1569351.162 3285297.39 4043115.871 2690958.873 3059562.84 3141159.082 3483208.164 2094156.6 2008761.107 3767663.716 2183967.43 2734656.56 1932824.565 3077505.194 3943993.639 3404504.05 1919516.265 2668368.524 2458611.672 3399012.888 2785873.354 3114248.818 5041831.272 2584800.179 2991499.017 2395146.988 2734523.414 3288223.755 3588109.594 4572107.016 2696329.668 2476052.994 3508772.67 1916001.391 2334702.038 4264132.589 3214636.971 3476634.573 3657710.669 4543664.365 2762808.867 
3191779.989 2888863.177 3949784.22 2680103.973 2230857.615 4177966.827 3793030.157 3426118.648 4259493.193 3391708.335 1973086.656 3817987.345 2890119.397 3271376.049 3719811.263 3232757.179 2910703.634 3872786.387 2984576.771 2304634.213 3022541.198 2056002.785 2218362.525 4089604.158 3206110.735 4930027.972 3088243.054 3918072.853 3351217.574 2892018.484 2584426.682 3014237.174 2019078.646 2607417.901 2784188.613 2826311.322 2681854.042 4314194.369 3285506.869 3919023.049 1917807.32 2857210.206 1777077.426 3528691.307 1776621.707 2684438.075 2610366.203 2584372.97 2219045.17 3339167.09 2233895.008 2229392.624 2778004.205 2944265.441 2651587.58 1853559.612 2724570.188 2821350.989 1973284.189 3500718.34 2327235.702 3506159.303 1780792.055 2037579.419 2475158.704 2694923.155 1778982.886 3297805.191 1522586.005 2648930.398 2676494.995 3398795.333 3243715.967 2002067.797 3863744.885 2954118.115 3270049.351 1779672.643 3679638.85 4504798.111 2897101.772 3833349.363 3744206.6 3242541.04 3630427.754 2730426.183 3374231.505 2777506.765 3108598.933 2609034.547 
3690802.752 2994208.701 2395855.149 1965470.966 3790537.926 3373879.458 3046282.11 2857920.857 2524697.757 2930788.937 2547158.373 3527016.562 3290680.566 4105519.537 3006006.755 2420747.17 3726221.533 2269371.517 3688359.942 3245901.48 2861376.072 2550720.502 2574015.521 2863663.913 3529309.549 3474581.306 3202191.36 3952592.575 3544984.025 2865782.041 2728084.785 2456756.644 3776733.976 4138437.815 2104436.837 1933795.381 2767420.671 3243073.284 3273103.861 3529736.733 3259557.484 3599302.52 2571071.316 2478047.882 1900428.306 2662587.749 2417594.383 3793494.17 2203506.781 1794284.412 3652506.793 3116889.118 2627051.836 2239732.983 2045092.457 2757779.985 3674672.11 3084710.85 2854046.51 2695363.792 3514841.484 3245998.154 3220153.67 2938710.384 3736577.154 4327422.38 2729104.27 3597834.523 2420619.172 3518565.362 3816121.805 2182850.452 1672502.137 2396363.359 4547412.99 3328694.049 3025267.021 3347159.017 2667445.015 2670986.667 2807530.235 3699214.629 3018729.15 3347893.074 3880122.722 2878853.808 3395633.887 2769021.897 2778955.48 2096298.481 
1099094.791 4321483.533 3185420.005 3507945.191 3778129.707 3421408.76 1762155.071 5161006.028 2805584.895 5052896.744 2646169.094 2233118.356 2690594.976 2939548.724 2521500.999 3617803.333 3221389.116 3347331.543 3069158.353 2768422.116 4476633.93 2468003.729 1990613.948 3372388.689 2099264.572 2906770.141 3133153.164 3627190.928 2624297.798 1989178.504 2865671.658 3356294.357 2765948.085 3619456.02 3878050.955 3635610.13 2608109.91 2864673.305 3215768.247 3302240.273 2860559.662 3132608.056 3180991.33 2676923.54 3401740.727 3477010.945 3592655.255 3323983.029 4492977.419 2512685.157 2197201.606 2602727.888 3013228.092 4192209.575 2207689.087 2940179.652 2669464.685 2181963.95 4021389.289 3316228.323 3263993.107 2361681.217 2628877.596 3077251.336 3962365.749 4609608.709 2444246.099 1501565.69 3693555.456 2447869.38 2272326.769 2643744.184 3921610.404 2225239.713 3075541.17 3717944.604 3669647.577 2687248.276 2563313.982 3332130.07 4288288.137 3364731.91 2769878.79 2983712.117 3277732.392 4138779.099 4278830.689 2399775.687 3053336.53 3191374.36 
3344711.441 2851545.262 1886383.056 2603244.616 3194518.032 4082731.627 2729489.541 2782551.134 2167459.735 3426543.612 3443515.552 3119837.327 2384805.695 3462156.97 2825761.158 2656689.428 3334423.596 3707410.369 3100308.007 3167922.118 2482822.087 2906001.093 3352988.945 3674478.505 2109534.026 3427803.61 3875244.712 3197884.109 3004771.85 2650630.709 2371392.694 2920150.803 2397591.505 3045794.705 3348344.658 3121834.816 1991470.324 2450996.167 3577364.502 3857976.231 1302208.293 2444786.48 3984576.078 3243855.853 3280539.942 3278582.069 3096035.706 3855727.925 2006308.501 3986144.771 1315437.43 2381685.7 3000213.045 3559368.451 3392801.402 2338772.29 2396924.857 3196902.39 2965736.194 3431413.491 3899683.736 3516213.954 2130502.83 4093325.266 3990172.292 3205543.347 3550666.972 2593330.217 3635259.058 2657951.767 3640309.823 4423524.721 3813526.321 2702461.283 2444276.079 2271699.234 4062337.776 2099321.166 1848810.969 3567644.139 3268517.22 2444816.902 2930078.223 2723368.044 4161017.555 2759592.522 2828791.978 2881705.554 2135111.973 3123218.491 
2988451.832 3606626.621 2288853.085 4067976.871 3459038.087 3276040.678 2917925.629 3011613.518 3177359 2687790.36 2298516.431 3760507.701 2253305.598 2575360.015 4692376.679 2855578.341 2804642.874 3674988.384 3450259.189 2888724.042 3001277.536 1605182.029 2972582.918 1813938.457 3331811.68 4286313.785 2759459.73 2198020.769 3850795.208 3199143.724 3713056.606 2518160.299 1022320.595 3396921.505 3852056.206 3680377.942 4058781.226 2879970.157 3393514.623 3026240.23 3977996.399 2520636.796 2716911.087 3269612.84 2323622.807 3620456.922 2790574.443 2292780.282 3526633.897 3362783.768 4618646.655 3761328.352 2729509.223 4012407.471 3012531.305 2831932.553 1869793.532 4102659.489 2126179.73 2948538.028 2355025.614 3096462.739 2789451.436 2503494.793 2878725.186 1925555.971 4572300.948 1494555.684 2483044.907 2521812.522 4423227.183 2286276.765 3247721.23 2705485.461 3739410.702 2463000.726 3268247.96 3632091.493 3752037.41 3041630.962 3381346.308 2546552.508 2630485.853 3040688.489 2694396.63 2421949.381 3801998.224 1945894.637 2670929.363 1796427.067 
2456904.392 3357917.095 3082030.618 3030767.138 2093565.685 3303468.326 2686720.265 3028060.319 3624910.234 2797427.253 3445105.657 2680785.412 1809590.744 2762642.011 1911205.448 2910672.118 2471695.748 2491441.588 3955238.598 4171239.096 2542058.958 3120446.96 3268137.833 2960711.864 3573417.244 3197449.253 2346564.442 3297017.116 2518639.849 3710463.746 3138915.989 3727106.684 3249905.175 2801460.922 3296680.058 2445472.671 2658425.037 3477756.127 4327658.152 2975913.366 3801130.122 2064656.826 2258269.904 3303245.006 4118899.009 2824086.518 3087742.974 2704653.785 2728319.848 2605839.63 2542534.967 2319214.017 3485223.365 4074396.311 3321670.208 2852174.433 2236789.548 3031369.823 2859661.695 2990032.035 2678444.145 3908097.072 3195371.05 4031198.278 2766832.823 3155668.398 4053075.999 3432704.962 2647874.039 2957484.435 3107181.992 3776759.074 2890247.52 2784854.65 3356146.145 1859655.887 3291107.376 2968544.874 2972403.124 3208897.832 3611812.512 1499865.103 2884957.335 3611751.282 3925604.727 4453783.599 2146892.106 2550005.008 3640642.268 3415411.053 
4331859.047 3382565.932 3619163.749 3381092.287 3998119.197 2853702.069 2946918.96 2305205.521 3010824.415 2750125.371 3514672.882 2563153.103 2487852.258 3295059.937 2708720.709 3831707.516 3001858.983 2656244.271 2542988.309 2124567.813 3175101.557 2609506.412 3963704.389 3054944.668 1902387.462 1664457.846 3523918.35 2533086.62 2778804.432 3124971.426 2733892.221 2702868.605 2325362.378 2855689.168 2640282.41 2923385.754 4177850.932 2987728.465 2511406.453 3184874.637 1747034.28 2829156.52 2581555.116 2581300.169 3003333.406 2460822.019 3329712.757 3078222.46 3031549.585 3160608.98 3165167.501 1853671.105 3221334.904 3771913.802 2727901.644 4214074.092 3118717.254 3778884.824 3388874.488 2279504.533 3368218.14 4779155.636 2694093.372 1930921.116 3881124.059 3211362.531 3259798.768 2923857.804 2070268.663 2303390.722 2961200.902 4221165.831 1981290.431 2673952.511 3037399.632 2601270.089 1678916.558 3022481.395 2379926.988 3454957.137 3649626.495 4431557.587 2519164.35 3517531.298 2731340.005 2867691.654 2327708.462 3349576.463 3444916.677 3237243.565 
3289498.956 3018798.92 1888588.391 3143329.802 2688524.943 3240799.237 2695767.023 2291069.722 4145068.455 2561471.089 3859004.817 3236802.004 3502758.538 3425836.145 1977052.992 2590760.589 3375655.597 2622915.334 1940905.791 3176357.338 2574269.491 2263895.602 2749622.617 3135909.721 2251496.411 2007827.013 2132304.415 3241959.273 2026302.334 3246207.266 3435065.146 4297049.435 2940802.286 2656701.839 1702743.433 2466005.211 2421727.977 2747053.632 3115828.474 2767702.954 2899261.971 2119979.668 3297847.537 2656208.052 2674879.958 3799090.303 2865253.495 3236635.685 2470479.502 2045222.776 3543593.775 4822066.884 2430777.136 2867319.283 2989854.114 3131982.109 2319018.392 2565778.047 2331830.911 3013027.727 3598065.39 2786082.055 4178719.341 3232234.445 2986559.961 3644144.217 3758841.519 2820805.093 3604633.062 2496657.261 3045992.475 2932644.864 4214934.69 2887864.279 4195186.354 2651091.79 2658965.015 3816513.877 3019504.584 3830177.534 5603605.632 2466180.15 2635072.023 2724737.653 3667706.932 3471662.125 3255586.335 3564424.789 2899481.915 4302984.013 
3893886.734 3845971.366 3404429.395 3600218.775 3994010.756 2926052.303 2073979.536 4128689.625 3983066.489 3936163.693 2650436.487 2624956.267 2434552.216 2904529.835 5054703.71 2175914.819 2524896.172 1974423.714 3072487.612 2317320.647 3065419.076 2335987.077 3167597.426 4837965.312 2450521.592 2705291.313 2424332.533 3123775.92 4146537.335 3826013.957 3719015.962 2635359.995 2423892.146 3181263.605 4008659.301 2720560.406 3024287.252 2368023.746 3144497.448 4560777.849 3034453.069 2657196.919 2239127.622 3742997.232 2941418.097 3321757.05 4020941.069 2360127.198 2936645.229 3752213.893 2525821.138 3536683.178 1532335.41 3935932.343 2879534.654 3241601.56 3031856.653 2849816.734 2179381.488 2719696.917 3696392.118 5455902.639 2416869.103 1755581.837 2701379.582 3007097.729 1439594.212 3157314.671 2442947.539 3274529.863 2049273.955 3640037.78 3154199.5 2302268.856 2559952.935 2912496.153 2733001.463 3522652.868 2537662.531 2846528.655 2905491.826 3501472.649 4204733.875 2907905.249 2242778.787 3436700.627 2861543.706 3203561.309 2993289.053 4325589.671 
2354001.874 3747332.065 3800797.06 3955913.59 3170437.213 3967194.435 2024788.071 2631014.983 3810108.197 3803702.857 4082646.272 2806017.945 3886942.004 2874652.326 2941984.502 2625937.828 2652827.138 3959299.914 3972416.226 2922765.997 4053700.827 3117633.042 3757838.907 1856377.778 3050356.909 3145808.171 2176455.351 3333176.025 4353279.409 2713993.793 2767986.544 3794824.43 2777290.987 2856392.333 3637692.83 3615573.218 3692101.581 3279637.846 3292983.28 3648348.456 2478620.644 2526463.005 3387829.854 2063131.392 2255695.415 2868048.511 3336847.067 3241084.72 2636536.31 1893566.007 3733420.191 4242195.035 2584291.608 3673685.458 1934164.919 4166225.831 4269155.483 2754924.519 3350171.476 2394402.709 3226671.27 3912294.006 2808090.612 3084297.258 3629755.257 3087557.766 1573176.496 2561872.836 2443342.479 3798290.801 2705733.865 3026872.986 3650329.094 3477486.268 2837948.64 2956090.653 2765625.061 3414324.236 4575210.289 3884698.154 3852748.897 4567623.428 6198349.171 3029036.477 3397826.824 2290373.753 2550727.567 3044162.398 3328395.088 2715652.833 
2654932.775 2453448.464 3432655.165 2630565.456 2926057.228 3065304.548 2099200.982 2851621.895 4399715.872 2890922.512 3324033.711 2898428.517 3350324.634 3496413.201 3449542.635 3575861.148 3861493.868 2065565.593 4001175.089 3271387.956 4343032.345 2211559.909 3125426.419 2336567.894 2864772.479 2568260.712 2609186.063 3894874.181 2544659.072 3023240.111 3134028.833 2743849.137 3378946.01 4315402.243 2709499.105 3456360.521 2738178.838 2551309.267 2798057.837 3843475.6 3450919.255 3821691.25 4068304.888 2472170.331 2960593.266 4004506.222 3380467.706 4451122.947 4365690.471 3160610.143 1944513.716 2124469.097 4282309.989 2856585.486 3376690.868 2340953.766 3466857.329 1751164.222 1893028.256 3923362.491 3856080.407 2341199.985 1640498.323 2984935.869 2966989.827 2973728.551 2321018.786 3381186.193 4404107.962 4821222.124 2757710.391 3778551.107 3360466.625 4082827.269 2139332.704 3781703.897 2511395.343 3070348.879 4643390.973 2499770.569 3027903.844 4132732.718 4017404.661 2458837.432 3892258.802 2337773.256 3143082.461 3607011.473 2940154.791 3101200.109 
3676457.626 2529401.799 3543438.72 4061784.338 2573248.84 4025662.916 3724923.091 3718987.651 3414139.98 4191876.327 3545615.238 2540584.472 3560157.285 3000892.42 3948269.043 3027513.838 3718912.721 4262057.317 3564612.198 2118398.564 4007058.874 3341362.369 2529603.135 4025737.87 4340019.007 4028182.197 4369036.621 3061480.777 2858919.722 4472760.239 2719383.636 3549709.304 3660877.026 2434290.681 2584591.379 3732179.948 3686953.524 3118483.652 2757466.295 2554879.421 3409235.881 4392424.744 3608378.767 3125730.635 4309982.963 4259044.265 3521526.317 4074322.006 4437577.562 2866575.988 4160680.94 2477120.182 3194893.06 2776311.233 3416986.197 2725022.233 2771117.757 2366679.089 1940244.056 2927341.398 4366476.189 3417513.636 3440304.952 4137132.778 3381671.395 4647976.493 3600125.804 2644198.715 2842443.072 2083469.203 4276373.114 2973689.676 3715134.923 5060700.544 2827277.586 3972324.498 1831363.217 2462786.185 3221247.706 3421733.794 4151841.648 3751835.607 3158928.78 3843992.853 3341822.402 3401303.548 4153980.681 2636713.323 3723696 3815215.709 
2962481.14 2344859.712 3340567.125 2519295.999 3045939.529 3933493.855 2822413.561 3532083.402 2855101.899 2697511.065 2975284.182 2754488.14 4660890.358 4395409.147 3019448.463 3003793.193 3775213.765 3745779.154 3859229.956 3344583.079 2856612.302 4070752.181 5633774.831 5338955.479 3887269.811 3402192.055 2908387.017 2040926.214 4014754.066 4500215.453 3322062.576 3112535.843 3005483.085 4901354.718 3068187.59 3985930.548 4303857.939 4090435.873 3293778.369 2602225.834 3360155.654 3777723.063 2662519.871 3503235.245 4598833.88 3618008.347 2709645.704 2603583.154 3049153.215 3426218.134 4891253.062 3781529.71 2844417.974 3433364.17 3600080.495 3778143.767 3666754.178 1628291.999 2840095.125 3696788.297 4012779.219 3124722.267 4120805.949 4110906.496 2518428.396 2212654.083 3626380.844 1862481.59 3200437.08 3188250.308 3236322.425 2681679.892 3024193.478 3312015.171 1312335.635 2910887.567 3560916.661 3628489.181 3757405.029 2645297.267 4083411.541 2412869.862 2443292.653 2476604.147 3118083.319 3010646.18 2416014.464 3173263.668 3437983.359 3146869.944 
3748668.661 3752436.836 2813245.465 4914093.367 2302223.787 3226973.941 3165088.014 4286608.051 2655902.748 3184656.27 3536318.26 3216403.833 3274371.069 2457548.074 2982368.404 3966914.723 4045061.94 4339366.13 2107316.877 2180562.424 4091548.499 4861496.767 3962774.76 3327173.148 3170456.101 3062895.702 3859574.809 2575971.237 4287549.118 2580668.809 4622487.168 3006236.92 3146799.369 2156115.752 3983661.49 3610941.105 3636935.053 3470455.824 3305819.574 2460525.476 3543015.53 3545129.019 3077780.701 2259241.412 3953439.326 2660100.348 1515170.018 2530996.043 3489478.543 4093782.924 3239569.512 3239497.003 4010999.847 3151856.723 4695866.236 3124282.048 2408446.644 3487833.7 3141050.523 3423910.599 3882231.03 4463426.476 3981284.35 2911041.937 3675390.574 3553967.709 4983805.59 3772580.475 2527747.084 3401445.13 3932584.009 2625385.635 4531200.316 4449247.425 3618253.229 3540316.861 4762982.652 3307981.178 1948713.523 2340309.111 2713360.893 4560767.647 3339246.897 3193815.348 3844756.858 2565926.929 3200560.962 2953719.978 4426132.403 2232045.034 
2816147.674 1977090.127 3383549.421 2504256.044 3061070.553 3426478.602 4339455.811 3463528.372 3320525.605 3239497.933 2981643.264 3941849.68 3979551.013 3679538.821 2700269.01 3103022.775 2407176.388 4065217.396 2883887.512 3005058.465 3307755.058 4688635.976 4285014.41 4261007.127 3880173.827 2584484.456 3292353.973 3090084.543 3796852.864 4257150.94 1887916.89 3792682.831 3289647.668 3606535.16 3213467.452 2564777.809 2662908.408 2794423.164 2756967.645 3889230.305 3617761.279 3622868.913 2862093.472 4514590.65 3761947.887 3085622.354 2593965.12 3790809.443 2945553.49 2326709.722 4099354.234 2484567.798 3443537.637 4506138.445 2595243.843 2310901.297 4021953.558 2974834.15 2354362.079 2874160.475 2629659.793 3168527.366 2363181.836 2810503.083 2023936.047 4312110.354 2153289.957 3748476.121 2537875.07 4359712.925 2641035.618 3545731.207 2237921.424 3843467.152 3312117.815 3184835.818 2987677.437 2870387.39 2926085.776 3156199.586 3902815.8 4230982.834 3003767.198 2836144.488 2822263.986 4431849.153 2668826.632 2865603.474 2970770.707 1725703.253 
3018518.653 4215208.873 2730814.398 3169394.798 3818360.106 3016235.141 1603901.4 3912129.336 3472491.102 3398671.255 4283770.44 3115405.649 2228682.458 2874790.428 3078051.766 2079429.492 3157562.604 2844832.389 2790914.15 3658847.667 1884291.683 2556839.769 3885635.842 4956270.301 2377983.696 3631525.966 2329285.058 4262548.677 3234950.387 2700192.254 1982725.562 3544478.549 2167854.644 3469169.554 2595918.978 2712412.355 2745544.974 3922933.246 3733598.111 3926457.485 3127522.879 1953263.634 3303934.512 3102604.539 3042657.697 3997739.785 3432366.899 3114169.298 4653833.826 3123242.295 3080455.046 3601875.336 3309472.479 3311138.35 3301152.439 3845479.553 2906896.11 3065084.136 2471953.181 2852533.37 3012939.575 4232547.232 2807934.254 1512587.598 3113483.101 3284318.861 3072371.415 4229175.182 1959027.043 2710948.172 3434026.667 3145303.034 2679840.79 2611391 4479057.413 3169094.768 3090005.723 3428252.463 4141571.588 3047154.926 3397675.165 3090505.698 3416577.191 3250482.374 3593321.255 3280999.379 3618190.499 2533522.061 4238048.813 3434581.728 
3346748.565 2779123.957 2471619.677 3864719.4 3777870.293 3640271.608 3135054.923 4126589.816 2749454.801 4129214.004 2293563.755 3267991.193 3363751.398 3990703.203 2043197.76 2125132.249 2594929.992 1586312.301 3787360.955 4105137.752 4266239.841 2958421.296 4307022.639 3862501.791 3382380.495 3638361.426 4117399.741 3231893.318 2408210.329 3392185.974 2520633.001 3798611.303 4181245.57 4035023.276 4138997.016 3779874.236 3918320.227 3453349.847 3544866.622 2481043.866 2585422.477 2744126.112 4987502.51 3636117.415 3651665.304 2814557.77 3124541.379 2999193.192 1943804.848 3191836.937 3269929.728 3398457.105 2923259.663 2717231.483 2661049.105 3403135.01 3050936.456 4830821.514 2703523.016 3363249.119 2890829.044 1709631.04 3289265.407 2697349.47 4160366.156 2566095.441 2849097.458 3291885.106 2336661.926 2777740.245 1782991.051 3188123.803 3837073.129 4664734.449 3055404.973 2450771.151 4467953.81 3564900.509 4679601.47 2075571.445 2376840.552 2481801.984 2868683.049 4886525.691 3517388.745 5673349.286 3859916.084 3791187.44 2927097.313 4303743.177 
3702210.408 2854071.228 2442600.317 4588192.081 2627855.273 2538791.854 2507627.141 3150925.942 2486381.999 4609810.614 3758112.176 2436687.925 2875160.325 2948798.774 3617041.849 2942938.584 3007428.962 3404697.141 3199420.57 2970503.937 3677386.356 2862778.816 2632612.456 3561132.371 3114161.86 4288978.585 2979448.849 2918006.782 3715854.434 3162000.431 4053620.885 2948400.041 3226076.794 3162846.583 3046692.835 2263034.388 3131588.237 2495770.325 2426015.502 2830841.763 3926283.9 2262409.564 2780226.02 1452622.335 2694188.402 2761262.362 3503341.972 2630702.602 3215573.781 2379419.272 3782166.636 2808076.551 4154163.047 2729849.523 3313701.54 3085888.649 2822492.097 4144430.489 1894261.716 3262510.303 3823806.629 2459035.235 2270982.359 4014305.945 2396631.499 4452654.441 3519494.796 1900960.782 3617850.002 2733625.127 3961904.801 3124072.195 3054979.3 2900114.049 3317127.81 1907389.967 3246927.867 3526464.824 2810828.707 2451576.494 3232539.076 3682208.765 4245928.9 2605605.958 2320527.341 2786084.179 2917773.823 3173200.647 2517912.3 1687775.297 
3433404.401 2204007.471 3100554.034 2779189.5 3326379.141 2429292.193 3166604.12 1891150.207 4161470.372 1596844.079 2563672.079 2195356.367 1682311.518 3277230.531 3242750.705 2689596.796 1798329.369 3384484.475 3161620.757 2484423.911 3982348.874 3286081.463 2501578.788 2550571.619 3584636.121 3198120.414 2555446.031 3725108.435 2857877.155 2878287.46 3440580.6 2593713.206 3859482.26 2498708.378 3518246.851 4192902.729 3138796.453 2854213.356 2894560.022 4153932.345 3691477.307 3355557.177 2668550.318 2966653.748 3878937.827 3077587.488 3501661.638 2608713.735 3199691.334 2356778.242 3145357.076 3894961.92 4296479.419 2409098.91 4247224.726 3310299.146 2921755.993 3289717.589 3275397.48 3088072.334 2477516.436 2985899.381 3371911.049 3913775.002 3092211.619 3450993.562 2286459.556 2618577.185 3569243.54 2723919.704 3899161.057 2965855.102 2967468.471 2505890.553 2994800.785 3862558.781 2196797.238 4331892.086 3136849.206 2984642.153 3276584.987 3656471.391 2199654.533 3762265.144 2289846.128 3366167.838 2971073.156 3841499.987 4358658.245 3228174.375 
2376255.934 3102127.362 2828696.465 3443572.679 2398808.868 3484578.045 2753395.275 1933601.011 1671888.011 2476234.453 3379973.964 3810718.483 2944646.576 2172325.837 2994752.267 3813637.889 2738230.073 2159058.321 2427922.153 3785361.083 4259818.118 3050775.691 2305712.762 3388792.423 1481897.502 2709667.858 3250503.064 4925328.067 3271432.957 3686060.134 3312692.231 2382944.413 4198635.861 1917733.421 3838020.173 3369629.075 3362835.528 3465070.277 3258291.953 2948119.349 2934774.54 4691764.763 3278031.878 3646626.548 3354257.044 2124648.792 3264852.257 3386010.139 2392179.655 3554467.812 3144878.536 1889559.533 2834589.846 2864080.058 3401445.447 3516650.699 3062180.454 3649519.851 3704575.679 2570971.876 4182805.297 3548611.004 3644422.732 4588748.259 2662036.683 3017197.583 3472153.373 3284255.46 2443304.581 3246439.064 3638383.31 4142317.742 3440939.839 2609064.486 3711462.219 3667380.273 3319743.41 4596687.979 2198334.654 3197150.885 2853573.086 4040854.871 1881446.08 3250339.992 2632896.527 3750972.575 2842988.299 4016794.937 2648020.092 3727089.251 
2646597.185 3354845.376 2562766.985 3220733.999 2311799.993 3325192.573 3240020.736 2897535.657 3466604.734 2583266.739 3178856.845 3625422.3 4711754.053 3918434.361 3803290.01 5444450.698 2825505.569 2504244.219 3516848.128 3773119.568 4120532.879 2746117.612 3441628.182 3101045.276 3700121.169 3162434.779 2738489.655 4628658.101 3186569.091 3722543.057 3342737.653 2466079.997 2644485.087 2982969.677 3571489.61 3521338.438 3697651.578 3100998.345 3373103 3114166.368 4111563.49 3087702.156 2332928.33 2594398.843 3014881.045 3550574.276 3768668.777 3065027.577 3727129.527 3596296.193 2638996.481 3740476.312 2938586.445 2745633.139 2230559.165 2995007.46 2678265.09 4429002.672 3188881.143 2572334.621 2207562.688 3009039.851 3503691.725 3165162.882 4022993.474 3498021.788 2914214.892 3831606.798 4596634.777 2763057.59 2649751.574 2778046.646 3200614.054 2640008.351 1810596.432 4380216.327 2506427.484 3370425.835 1753760.619 2376956.484 3431583.548 1857635.232 3493889.487 2448770.374 3353456.19 4164223.402 3661352.478 3526066.6 2720139.521 2897305.298 
2403641.285 4140015.405 4021965.492 2854464.159 3111541.127 3262726.567 3627285.284 2837343.88 3700042.363 2384777.141 2909287.348 3701944.383 2456259.29 1493672.674 3260688.207 3588218.833 2545839.168 2208809.415 3051321.072 2784525.543 3605094.185 3882989.22 3014701.574 3042271.594 3096826.284 4162509.755 4195410.242 1953941.544 3977505.384 3318073.933 5277465.346 4078701.226 4526185.422 2758952.282 3786644.834 5321410.004 4376135.687 2635286.672 2815020.992 2273665.44 3287529.655 2567227.689 3599069.796 2770346.757 2865109.879 2723387.763 3850553.64 2684115.702 3542244.998 3271047.004 2635472.532 2867247.461 3481801.361 3107522.496 2864936.237 3857304.142 2455818.272 3350120.376 2018826.462 4238733.99 2875534.588 3044134.194 2318195.912 3268435.704 1720329.246 3511663.702 2696890.08 2017430.736 3741987.541 2640734.508 3554103.476 3110530.456 2633148.391 2911026.092 3048155.7 2705425.859 4091231.075 3490329.678 4529487.264 3093865.201 2570300.092 3389802.293 3589741.025 3361475.762 3241336.562 3329441.329 2901876.937 3537628.947 3295560.162 2302692.281 
5061420.565 4249627.648 3178022.299 3635212.124 3226632.174 2473070.066 2757496.065 2938765.659 2185623.153 2836664.584 3443629.754 2553084.078 3888855.416 3325799.022 2767287.54 4121184.378 3159765.949 1755998.845 2104331.318 3326463.315 3286241.811 1625044.311 3891115.937 2758146.953 3085529.771 3526543.079 3728358.135 3730309.633 2074143.985 4156865.936 3506570.652 2802324.617 2820859.742 4639733.238 3103068.318 3407126.328 3193775.787 2323424.431 4059356.593 4438283.097 3017725.418 3678142.188 2941306.26 4037310.969 3933612.818 3590933.474 3198507.358 3338858.927 1961501.597 3847528.885 2804222.383 3796395.181 2650599.989 2314437.415 2828087.964 2074179.473 3371311.63 1851658.019 2868144.214 3440540.745 2763583.601 3101052.616 2730714.345 2810767.873 3355200.323 2764491.053 2867323.644 3358791.185 3711546.251 3460432.313 3826481.658 4038554.384 2068956.776 2847455.878 3132230.502 3073454.701 3260767.704 2827068.464 3000195.739 3206761.435 4130352.611 4724937.581 4044870.086 3093331.384 4500075.119 3453031.507 3501867.885 2404878.13 4211630.528 2730741.321 
4354735.186 3991050.811 3475939.984 2310925.73 3091542.146 2575399.858 3602599.748 2062007.864 2215677.397 1976498.908 1727425.489 1508383.522 3472458.607 3818830.687 3657872.787 4361632.27 4857009.165 3340206.399 4035043.181 1840411.057 3496581.927 2537081.786 3539307.265 2904057.599 3977451.157 1905578.651 3435203.159 3281255.505 4808222.916 3701297.707 1117060.446 3579382.454 2110447.441 2677794.697 3483112.807 3040110.476 3531411.775 3788492.013 2733581.321 2966191.029 2481599.187 3166384.197 3114091.558 3637917.453 2968836.518 2667775.968 3015569.841 3450914.12 4226626.686 2020651.385 3174788.499 3224156.594 4983857.306 2858739.09 1912987.537 4701088.83 3681677.835 3649272.252 4366914.341 2859627.25 2669865.977 2604770.364 3812112.244 4452693.378 2501715.2 4017961.151 3837921.216 2728986.932 2825744.387 3035738.504 3176223.548 3229298.206 3849338.107 3399213.83 2416087.387 4240988.278 2694115.25 3300449.669 4370302.869 3363701.745 2603008.254 3922078.52 1905404.479 3594535.736 2536914.321 2539078.753 3344813.231 2623494.087 3701454.513 3555857.018 
2205890.593 3099966.867 3062691.678 3004396.39 2808521.045 3630544.508 2857126.026 2824953.274 3904636.437 2546864.65 2834260.097 3446132.318 3203799.587 4471210.106 3465155.059 3796252.528 2503640.886 3406534.098 4313660.048 3829091.282 3647961.121 4569346.591 4140679.421 2316125.47 2544588.85 2908757.135 3331709.36 3080152.119 1722297.203 2782354.848 2623931.766 4499610.616 2426193.573 1903668.257 3363548.506 2431525.491 2918928.759 1744874.249 3305643.059 3612441.114 3234366.158 3387972.72 2643640.164 4190740.408 3286733.831 2794201.442 4979695.182 2254643.164 2663354.592 2942534.019 2717883.075 3984697.376 3314283.367 3565128.162 2551141.189 3332519.214 2668639.484 4100303.577 3745221.31 3468237.868 2996441.273 3413472.998 4372880.55 3073842.388 2795683.631 4543995.105 2736334.954 2820436.171 2854644.24 3729995.641 4314809.471 2324798.421 3453274.658 3360980.855 4153072.379 3240941.411 3782303.138 2014810.883 4696854.255 2572866.959 3027978.098 2456160.34 3239816.736 2338629.121 3791818.51 4627261.392 4585129.819 3451589.58 3095733.618 4689653.12 
3437917.043 3700217.079 2073347.56 2672764.51 3942723.886 2919639.623 3834823.995 2653987.476 2330450.152 3274107.919 4092753.67 3102998.03 3619587.314 2497468.124 3398372.084 2866713.659 3393137.634 4182711.181 4727150.753 2347821.576 2346464.805 2608679.723 2539442.822 3815703.018 3237711.762 2781411.22 2844412.692 4366440.973 3883991.461 3429490.926 3748874.636 2433704.237 3635674.744 2679944.42 3675424.656 3203373.554 3198497.522 3044728.236 3023654.685 3089375.888 4294309.319 3498378.051 4421152.931 1753593.189 2756196.914 4289865.839 2244287.104 2740719.58 4319937.098 3066812.692 3505102.98 3734179.896 2607597.43 4141809.938 2464582.282 4797096.169 2290789.652 4393579.977 3443583.294 2268107.576 2579504.55 4182476.952 4806915.009 3010317.447 1695052.019 4317376.035 2641628.22 2799890.479 3046996.378 3472954.902 4170990.967 3543826.973 2643147.094 2711214.476 4120558.061 3745485.809 3469546.664 4083658.376 2271312.271 3453340.523 3057392.85 3308941.974 3299086.529 2413108.313 3195864.204 2660966.572 4123785.562 2879737.019 3404234.17 4285927.398 
3898282.134 3779370.047 4648422.968 2635345.239 2819844.786 2685015.597 3594141.046 3893765.856 3589532.753 3055715.934 4087759.621 3512547.05 3601132.827 2796132.461 2598071.687 3055161.544 3816764.849 3556169.069 3274177.697 2544623.543 2970691.742 3776154.378 3825054.343 4871606.036 2483306.433 4158293.797 4344940.814 2702011.422 2725138.967 2709314.095 4956389.231 2437314.584 3584322.245 3473273.022 4502212.752 2379949.187 3658047.053 3377692.54 3688000.004 3104803.64 2430808.528 2638578.864 3119681.431 1734033.904 3442461.531 3878541.438 3109413.99 2190892.096 2797908.204 3308074.539 2085419.794 3287464.248 2610442.048 2572441.627 2953108.283 2660422.69 3829776.335 4325046.29 2646744.675 3722688.625 3392166.899 4834618.129 2494402.03 3319616.421 2498427.227 2587779.061 4826749.629 4579921.609 3028610.519 3089417.131 2244247.736 4230355.267 2502655.554 3020440.666 3812596.12 4018807.066 2160201.908 3153127.759 2015982.484 2531695.776 3219509.186 4792437.687 4257142.033 3604001.05 4500083.183 2789772.926 3958581.567 3880778.353 2412940.215 4522734.53 
2843042.922 3828844.543 5088306.615 3237755.439 2116821.238 3630723.02 4090944.712 3611768.339 3353928.852 3717004.599 4838836.376 3091229.836 3200096.766 2763946.688 4622075.998 3398259.372 2172913.565 3047986.473 2651005.985 2960954.619 3409948.47 3045392.134 1895301.895 3269076.64 2943062.523 3396758.461 2909843.407 3023036.366 3442104.522 3417429.147 2487193.984 2004698.903 2959963.34 3528943.839 4108332.895 3946029.982 3699850.155 3672557.376 3045741.732 3739208.65 4782180.543 4363242.341 3224966.498 2841432.993 2764162.79 3540133.932 4117987.604 3642616.123 2727720.38 4314037.841 2765324.931 4119779.369 2730267.037 3613555.632 2819958.391 3620282.897 3855482.508 3620720.744 4472103.479 2485420.738 4728480.197 3103241.071 2842651.442 4654069.399 2830594.359 2632058.956 2903963.502 2855901.461 4713144.273 3669960.674 3622695.615 2439238.981 4701991.27 4005663.328 2205323.941 3766164.853 3392984.388 2900226.773 3630492.401 3750910.995 3845530.721 3051340.621 4316976.397 1994812.235 2525097.069 3060544.587 3261069.313 3100519.464 2834842.266 3225117.686 
4580586.322 3465838.041 3995535.305 3634408.362 5384494.037 4163372.758 4544266.532 3057528.611 2997944.094 3587738.406 3379736.068 4340487.735 2728605.021 2188373.257 2885017.44 3430013.177 3313401.496 1850944.045 2603737.559 3589439.057 3955591.772 3512517.427 3308350.489 2931856.631 2083551.44 2538297.89 2904871.298 5298862.562 3856968.474 4650046.667 3796757.996 3149617.199 3334264.189 3686706.319 4331871.416 2302310.636 3568691.508 3650382.304 3301978.507 2425256.007 3714803.095 4391319.099 3978067.485 3757167.647 4304129.916 2616574.27 3568827.617 4282396.767 2788859.114 2460874.21 3411397.327 3605415.18 4357459.945 3369181.544 3923679.507 2572711.506 4022309.549 3573831.199 3480090.034 3541418.843 1986816.091 2932109.696 3471699.237 2915845.724 3920222.599 3112662.708 2539985.27 3509785.216 4387236.942 4021892.099 3795445.078 3230961.539 3366095.666 3608509.481 2993103.048 2671707.424 3620455.292 4052912.244 2244520.093 2265360.061 2687151.554 3726137.624 3212193.45 3249280.616 3900346.732 2875411.905 3224949.926 2512258.127 3156711.929 3378800.524 
3245291.219 3301990.179 4283076.648 3961729.612 3334758.294 2505914.488 4270480.9 4003848.23 2835848.92 2906990.145 3233483.672 4031403.369 2579832.618 2576446.826 3292158.99 3160465.872 3216325.749 2993032.599 2299834.421 3249303.686 2418492.021 3225214.259 2814066.781 3055938.319 3794661.507 4437407.278 5653506.691 4088399.956 3622168.228 4208633.795 3738921.587 3994293.687 2977120.04 3662345.281 2481268.327 4183856.08 3779197.198 2459200.387 3107921.51 4987225.227 2470689.3 3750276.104 3920270.158 3146738.001 2650013.549 5320506.293 2564737.796 3329022.088 3929150.948 3327426.263 4401858.71 3683248.084 2397883.889 4529749.598 3479334.149 2772243.99 3084141.118 5533883.463 3228963.95 3913760.386 3476596.701 2498902.535 2697786.198 3261018.406 2188286.043 3528697.788 2805709.23 4786312.505 3626355.568 5219948.157 4167166.515 4837672.473 5027253.953 2774954.046 4837718.181 4327601.616 3442235.259 3063738.213 3275307.389 2939293.647 2761669.943 4890363.387 2786175.999 4493645.769 3689423.176 3151118.137 5083754.612 5100357.335 2042668.402 3999276.509 
3161069.785 3347702.049 3660272.43 4309628.941 3934849.76 3998505.19 2882876.538 4077414.088 2181799.873 3236309.208 2482518.994 3479085.137 4070571.732 2572143.014 4073287.389 3880293.414 3387760.558 3513750.13 3686194.792 2882011.426 2865468.045 3183912.512 3216873.787 3315899.566 3040199.259 3606376.646 4244892.713 3726494.561 3704638.76 3465488.335 3683128.521 3363327.873 2933493.184 3108748.133 3613208.361 3469019.52 4197587.058 3150345.996 3108094.898 4011754.806 4030553.969 3475997.819 2759454.53 3923576.704 5446216.635 2867326.122 2894184.667 4692157.314 2404452.507 2733849.22 3447107.538 3458771.078 4247695.409 5275861.054 3190709.471 2587702.668 3637420.116 3475551.42 3188155.623 3655639.059 3420066.188 3894356.793 3737416.743 2310595.06 4797545.61 3378237.953 5064917.498 4600999.718 3695301.252 3293038.735 2973606.997 3635376.286 3739751.376 3621833.096 2871131.555 3807997.823 3702606.448 2622928.752 3126624.308 2406815.255 3962255.654 4717388.195 3058078.33 2928528.468 3669014.444 3508850.959 2781043.188 4831291.215 2531464.539 2391151.245 
3560116.179 3051193.714 3233588.866 4684221.379 3233391.04 3574604.399 3483386.738 3731980.555 4812974.871 4586556.023 4716502.586 3611723.06 2972769.588 4319027.338 3667627.638 3602397.702 3331760.841 3318356.339 4093963.297 4157644.527 1942620.655 3781981.177 3258983.407 2394503.006 4462544.921 3267361.078 3411286.092 5546181.032 3363816.776 2228336.811 3787621.591 4181614.805 2967267.676 3944275.454 2395418.021 3241527.484 3023455.646 3340816.483 3113888.084 4880452.418 3840891.209 4309628.367 3042432.863 3401005.483 2501220.515 3367409.296 2992248.355 3861278.449 3106765.255 3501870.121 3754863.549 2583159.377 3626677.627 3769494.149 4617921.978 3740553.284 3606192.552 3871487.492 3686449.651 2760437.823 2294163.464 3605236.007 3261541.109 3294005.172 2463816.196 2786848.847 3807788.273 3626862.201 2726397.051 3308482.007 3058720.555 2617287.615 2830828.377 2727836.537 2969197.235 3739950.978 2485786.637 2797358.39 2669423.043 2883736.105 3246956.547 3862756.808 2599780.472 3482695.821 3931407.788 3286086.913 2577846.111 3905218.768 4281742.244 2719349.15 
3716132.752 4164201.578 4887780.996 2489047.643 3981640.943 2975139.578 2352345.866 3391157.671 2896526.051 4575792.441 6674349.291 2345859.161 3080322.587 4481893.242 3101300.963 2134065.812 1970449.04 3629294.175 3364777.741 2635234.3 3107878.837 3855252.364 3695003.235 2840052.814 3406260.431 3656843.673 3568027.465 3167941.176 3697055.133 4297097.698 3087035.826 3329319.623 3990016.039 4530524.055 3833615.425 3242778.222 2364182.887 4413025.068 3325204.742 2685794.669 3451138.446 3566355.897 3544385.088 1950985.519 3487611.287 4224017.757 3515162.074 3518501.528 3710769.292 2569539.409 3270658.981 3938747.317 2427938.472 2782890.67 4786864.107 3360210.944 4185686.56 2553331.15 3662042.328 2371453.473 2718524.393 4132964.431 2559700.543 4364554.582 3474764.737 5770824.594 3695372.158 2906806.084 3088021.753 4004714.478 2756947.041 3986538.076 2533311.579 2280040.87 3293661.662 2750616.88 2144715.781 2126384.844 2477011.501 3510807.364 2997527.739 2743931.733 2553299.162 2981357.752 3341553.48 3350998.191 3167995.026 1529609.992 3123277.875 3544834.973 
2722910.681 3509709.396 2874615.811 4053191.67 3084417.714 2805626.689 3082738.866 4340281.13 3219773.763 2049980.284 3064473.215 2636233.537 4042228.77 3803291.718 4234503.12 2516331.104 4135016.254 4224677.495 3278738.023 2369043.983 4280409.209 4242019.629 3340619.117 3714754.245 3296732.824 3628902.103 3419563.704 2916332.829 5139659.37 4334991.043 3463018.092 4450919.24 3758780.971 3771858.175 4281011.819 3603352.494 3618935.478 3342477.629 3666473.722 2760835.637 3296743.708 2286631.401 3954311.587 2727277.34 4273249.1 3321930.005 4283542.178 2736140.797 3446991.751 3366758.902 2139685.19 3602447.627 2802101.781 2949740.711 1479899.272 3116152.356 3566375.125 3787204.92 3056595.413 4648899.576 4024834.648 3631701.078 3238980.485 4343696.604 1978130.492 2636887.954 2742534.349 3020711.016 3527748.437 2616620.721 3182856.576 3079657.94 3410021.393 2108947.445 4227450.693 4163904.238 3506003.92 2231628.388 3974088.114 3570013.979 3902077.191 4465188.791 2845668.825 2542512.973 2246864.002 3762587.556 3953473.386 3411060.043 3187214.109 2865293.817 
1831267.608 3432641.471 3922269.17 4109642.641 2855000.503 2625826.412 2960857.88 3790524.153 3508389.776 3426431.618 3424663.181 3579019.423 2873568.68 3590266.816 2841298.504 2720233.669 3996898.197 3793653.785 3903126.867 3647742.363 2286153.429 4471205.899 4044878.959 2837094.091 3394952.269 4468675.292 3429171.454 3258165.324 3082688.161 2591316.29 3378692.197 3506936.648 3619955.45 4407820.673 3875979.092 3820430.432 1940681.143 3811189.394 4091432.573 4205743.487 4594726.129 3231637.048 2880964.793 4057228.189 3688164.148 3125364.241 5611264.68 2382881.886 4430861.948 3200706.091 3690114.367 2839725.341 4173145.973 4520384.655 3421718.978 3223178.295 3541754.761 3975084.095 2806853.704 4049722.043 2705279.765 2818892.381 3740212.007 3123487.378 3618948.776 4539717.622 3648083.136 2737186.983 3362626.311 4136525.045 3443389.418 3971736.982 3402121.866 3435948.832 3627076.316 2932944.22 2263647.918 3914363.686 3377507.207 3809225.116 2390031.671 3841593.614 2646925.66 2659497.428 2678186.099 2630866.17 3744229.959 2328728.848 2602555.778 2969535.903 
4189137.285 3334991.245 3431871.621 3506852.767 3215678.332 3129574.977 2888882.254 4031271.128 4517359.128 3235767.11 2015572.261 2736064.784 4012941.334 3497811.736 3345687.179 3513431.284 2590422.575 2976127.236 2945723.931 2812026.472 3584511.943 3919764.49 4025169.503 3423951.468 3444659.799 2545088.406 3068833.713 3578601.869 3884544.269 4944072.405 1804682.267 4678025.059 3669014.859 3211051.415 3586758.123 4338611.019 3111062.899 3223833.596 4083984.965 3230310.027 3573014.399 2490229.441 4018443.234 2828491.637 3230285.187 3842999.791 3108710.036 2835858.791 2649503.966 3549787.925 2986434.067 3216694.607 4190058.74 3176577.136 3218404.812 2365718.031 2422020.835 4552287.542 2975082.215 4457506.006 5235605.139 2688367.063 2623551.561 3005475.841 2346495.208 3663852.706 5054980.984 4742026.888 3861224.537 3794449.748 4100077.573 3018652.37 3065234.913 3669028.248 4441852.989 3636511.313 3207469.909 2728185.148 4040096.068 3598651.421 2381151.398 2695971.755 2994806.6 3176880.01 4352197.457 4060935.485 2359519.402 3136951.748 3281604.487 3304199.595 
3164191.615 3836148.55 3592048.843 2707904.768 2479784.771 3049422.107 3444382.755 3196334.991 1633613.685 3365058.232 3187095.635 4410623.956 2412375.377 2547596.398 2432377.585 4190504.625 3835009.672 4047328.059 3013138.052 3681048.008 3310770.351 3560692.285 2573925.695 3603142.378 3109687.607 4357458.113 3934242.347 4160845.115 2417619.645 3777206.724 2359531.168 3874519.467 2918182.554 3775186.231 3997219.843 3545259.317 3831493.668 3336516.817 3874621.255 3093191.71 1387583.602 2460650.482 3213428.389 3845637.914 3563599.07 4269311.083 3979628.201 3376478.842 3384128.98 2849723.527 3006466.751 3374855.727 2331065.037 3898282.477 2709068.165 4601078.109 3592837.382 2518832.886 2730463.4 2781637.366 3910612.356 3397208.109 2651808.952 2982245.902 3039295.641 3243830.864 3053369.631 2970399.046 2385530.532 3260862.943 5866240.786 2565505.917 2251110.017 2837996.707 1660343.007 3427863.194 5282153.161 3789736.453 3550256.676 3533157.12 3607084.738 2839073.735 3824094.346 2866319.085 3830585.329 2769435.656 3350532.189 3215499.639 3021903.733 3879965.064 
3411778.435 3128812.011 3234506.177 2560259.156 2907833.113 4422728.57 2361625.368 3904293.447 2209451.833 2059756.682 3576406.689 4342211.998 2473389.375 3353141.056 3226549.474 4996598.963 4640563.799 3414767.942 3263831.394 3990206.583 4304080.073 2833384.957 2673834.407 3554355.788 3278841.543 3176010.945 3648924.35 4414115.945 3450215.395 3899121.599 2410494.197 2829439.103 3789855.593 4751904.509 3558288.738 4562257.882 2223509.686 3586046.053 3781322.628 2918444.061 4332995.689 2979904.692 2158895.775 3076851.139 2530947.2 3609827.476 3830742.485 2491794.771 3805551.697 2639859.881 3125234.789 4643329.117 2742814.662 2893872.977 3821233.389 2784250.938 3249010.388 3544018.822 4050536.092 3463240.637 4021719.263 3053074.994 3650577.915 3910393.648 3237105.277 3520899.954 3491758.054 3144396.603 5145951.612 3095103.487 2695060.224 2153821.214 3468495.423 3246715.107 2382928.894 3985699.449 2296566.413 3290841.861 4024789.821 4226475.255 4277569.044 3344629.466 3665424.464 3286550.091 2935759.148 3205139.099 4261163.102 2848694.028 3555848.565 3616558.11 
3018734.487 3200579.276 2931213.388 4037079.403 4225718.678 3544717.729 3656704.175 3415084.657 3299283.047 3651021.62 4058534.378 2663942.291 3558148.917 3378977.373 3020526.321 2955628.715 4124820.45 3164951.549 4154918.279 3764243.321 3274992.195 2826614.677 1880767.498 3867755.007 3630286.521 3393610.496 3809959.576 3591226.91 3996895.084 3543629.703 2636768.173 3539382.316 2963228.269 2813601.52 3448774.831 3657392.831 3503532.098 3524884.142 1684317.481 3104664.022 2678917.273 2523782.551 3945775.349 3788764.504 2783170.826 2069997.35 1629434.229 2428811.784 3165207.444 2909848.833 2545674.997 3756938.338 3357167.731 3420189.92 3082415.79 3557359.358 4797542.605 3075512.378 3777130.944 4277547.716 3047879.982 3553184.195 3006950.018 2469877.193 2867613.878 3345542.922 3103329.139 3895927.315 3417605.783 4871698.429 3195614.555 3360761.103 3158186.594 3184072.189 2045269.099 3039769.341 3839178.214 3860276.791 3928182.058 2862015.395 3587606.194 3637035.902 3751122.723 2435041.3 2829523.775 3133991.323 2561191.952 3484309.691 3344035.81 2661931.2 
1974461.164 3276111.206 3562710.774 2106630.759 2728282.696 3789141.441 4532790.518 4278970.48 3772915.748 3769022.07 4179249.317 3486426.075 3461702.24 2764290.2 3618233.217 3268896.842 2128568.363 5059584.083 3994570.775 2821395.595 4024365.793 3747761.821 4618360.091 2603347.876 3313397.993 3465635.425 3224725.738 2999913 2733360.192 3448253.253 3964498.388 3649578.851 4166133.602 4642594.623 2929023.917 3184932.589 2817658.302 3689458.828 3045490.753 3421092.693 3739738.18 2969002.483 3422576.574 4035100.011 4051460.725 3465455.622 2760331.239 2011901.845 3323462.329 3551094.933 4035562.371 2646564.085 3856956.669 2248058.144 4876137.3 2562240.019 4050068.567 2789293.986 2018612.405 3451073.967 4992203.843 2856671.269 3518214.74 3176371.994 4204026.165 2965718.507 2363203.807 2784199.651 3767915.911 2671030.788 3461551.855 5891036.529 2619929.223 3615038.479 3270717.713 4540875.954 4646206.385 3472809.259 2376506.446 4637016.742 2670930.418 2841523.963 3314133.053 3135794.285 3326271.26 3596432.904 3813892.634 2731678.531 3047643.709 3361000.608 
3209587.116 3801204.353 3469852.716 5367492.975 2929674.082 3461697.615 2523171.256 3022816.89 3652049.544 3430548.825 3784888.827 3354150.928 3439461.382 3805328.027 2873882.474 2958548.111 3455256.197 2033829.781 2509689.806 3862384.4 3200765.751 4244305.943 2971376.773 3485955.669 3606692.784 2000266.044 3018293.707 3941088.881 3385065.26 3089995.98 3561249.445 3034653.962 3351599.75 2075581.587 3288755.105 4009429.071 3398485.377 3091398.591 2142088.465 3945054.134 4113585.062 3245897.927 2105517.244 3848496.797 3538357.977 2678122.651 5221715.444 2845952.429 2651402.27 2763862.22 3685053.31 2722054.139 2044395.9 2892963.596 2460481.447 3314325.526 3052462.749 2556639.254 3431633.921 3860103.432 2962472.653 3582750.239 2961260.48 4832383.737 2623293.309 5012866.038 2946178.984 3559475.011 2956672.698 3650037.721 2433950.586 2187130.047 3764217.798 2961068.092 2540224.957 3250639.663 4005704.007 3071199.169 3045665.895 2917057.332 2799859.219 3775549.683 4594871.721 3968553.917 3160513.054 2610867.777 3052759.345 3195149.36 3131413.778 4319446.978 
3315447.812 3327020.551 3142641.415 3334429.04 3421321.914 2858498.952 3069602.233 3080465.415 4133624.06 3703692.889 2886338.983 3293951.751 4037773.823 3311824.682 3018508.778 4080249.528 3966511.644 3717708.103 3332351.925 3095573.584 3264147.991 2034504.058 3297239.201 2688287.685 5081840.437 2823572.612 4028925.752 3306367.93 4110497.027 2663338.301 4644587.307 3526562.961 2336947.155 4672778.953 3666679.624 3081486.375 3355044.044 2053547.882 3074431.793 3864843.692 4540112.165 2983838.834 1987102.13 2942255.694 2893053.293 2905298.965 3469378.262 2279201.715 3944179.665 2705374.786 2007006.863 3001770.868 2987162.242 2728350.212 2989136.097 2292887.106 2090474.761 4615066.401 3285308.719 3596623.911 3133792.753 4119201.978 3125963.222 2231878.25 1611316.128 1936253.423 3335304.343 3047709.025 4080835.058 4038584.754 3963526.765 4146023.622 3616548.352 3330651.117 2138988.428 2953629.091 3465284.882 2916946.724 3368107.633 2424569.788 3049437.298 1934292.435 3450282.396 3752984.09 4403716.891 4200628.473 3115422.813 4922351.955 3159512.85 3425083.62 
3178918.406 2501657.302 2415094.949 2042912.229 3104995.082 3227053.101 3377816.766 2599714.434 2669665.582 2738816.853 3538319.423 5482093.6 3324348.171 4096189.07 4231699.098 5002023.691 3204508.61 1476683.535 3143382.004 3027710.52 3538575.343 3048882.999 3314444.905 3006716.08 4189895.204 3096316.897 3657409.695 3088858.308 3340117.854 3358659.837 2703741.313 3502740.283 3250329.599 2622428.768 2682606.126 4357803.14 2788254.656 3062323.088 4984653.599 3175540.679 3461237.335 2786654.514 3478751.73 1990347.504 2387947.201 3397117.658 3249914.531 2759822.496 3907777.993 3288320.972 2509356.065 3395340.361 3297717.556 2842752.263 3191054.683 3261248.492 3325417.123 3760867.604 3781097.399 3775269.381 2603552.744 3627653.733 4382653.973 3085051.027 1726467.974 2923376.835 2469545.316 3877414.786 2704766.803 3639258.421 4903532.739 3833622.797 3486163.708 2808026.125 2732211.144 3808729.342 4221952.026 3455787.352 4212471.628 4020852.368 2953890.896 3081893.801 2115593.233 2414560.615 2762810.729 3418232.691 2281971.518 4858437.338 3554891.776 3231850.751 
225254.2177 1034159.122 660613.1923 1541560.654 529670.9716 1297075.281 1777120.56 1653907.797 2071803.534 565714.0748 933046.9942 1470535.197 710518.8785 1729061.618 1809094.309 1422555.353 1290812.226 1398014.964 1101894.937 1090885.766 935982.1134 1369396.481 1459347.266 1299265.917 1109249.209 806609.2358 607340.1903 1089492.291 1285889.898 664990.9973 1020742.767 1782788.25 1268416.169 641106.1993 966462.5705 1143515.431 1401368.862 1503708.529 1195289.268 931489.5867 1419482.585 2830158.601 1040516.756 1101356.759 1049749.83 766619.8013 1554789.466 1400961.399 853757.5493 470008.9992 1523088.314 1678193.723 737435.4831 1050001.973 1069076.302 1259912.903 914375.9928 946684.5433 1419193.121 838444.9483 1386947.761 885862.4251 970301.0557 1484030.46 801262.004 1160599.32 1039080.496 574872.5101 2053141.206 719766.9733 786723.486 1585085.704 1420749.866 1041076.827 1025306.383 1298677.342 933356.4186 1106857.98 1165827.044 1572596.504 264052.9028 848587.0411 1442568.215 1095461.632 1199811.552 1490564.011 891881.2433 1758728.565 595055.9489 672003.3671 
0 0 0 0 0 0 0 0 0 0 0 0 0 0 0 0 0 0 0 0 0 0 0 0 0 0 0 0 0 0 0 0 0 0 0 0 0 0 0 0 0 0 0 0 0 0 0 0 0 0 0 0 0 0 0 0 0 0 0 0 0 0 0 0 0 0 0 0 0 0 0 0 0 0 0 0 0 0 0 0 0 0 0 0 0 0 0 0 0 0 
0 0 0 0 0 0 0 0 0 0 0 0 0 0 0 0 0 0 0 0 0 0 0 0 0 0 0 0 0 0 0 0 0 0 0 0 0 0 0 0 0 0 0 0 0 0 0 0 0 0 0 0 0 0 0 0 0 0 0 0 0 0 0 0 0 0 0 0 0 0 0 0 0 0 0 0 0 0 0 0 0 0 0 0 0 0 0 0 0 0 
0 0 0 0 0 0 0 0 0 0 0 0 0 0 0 0 0 0 0 0 0 0 0 0 0 0 0 0 0 0 0 0 0 0 0 0 0 0 0 0 0 0 0 0 0 0 0 0 0 0 0 0 0 0 0 0 0 0 0 0 0 0 0 0 0 0 0 0 0 0 0 0 0 0 0 0 0 0 0 0 0 0 0 0 0 0 0 0 0 0 
0 0 0 0 0 0 0 0 0 0 0 0 0 0 0 0 0 0 0 0 0 0 0 0 0 0 0 0 0 0 0 0 0 0 0 0 0 0 0 0 0 0 0 0 0 0 0 0 0 0 0 0 0 0 0 0 0 0 0 0 0 0 0 0 0 0 0 0 0 0 0 0 0 0 0 0 0 0 0 0 0 0 0 0 0 0 0 0 0 0 
0 0 0 0 0 0 0 0 0 0 0 0 0 0 0 0 0 0 0 0 0 0 0 0 0 0 0 0 0 0 0 0 0 0 0 0 0 0 0 0 0 0 0 0 0 0 0 0 0 0 0 0 0 0 0 0 0 0 0 0 0 0 0 0 0 0 0 0 0 0 0 0 0 0 0 0 0 0 0 0 0 0 0 0 0 0 0 0 0 0 
0 0 0 0 0 0 0 0 0 0 0 0 0 0 0 0 0 0 0 0 0 0 0 0 0 0 0 0 0 0 0 0 0 0 0 0 0 0 0 0 0 0 0 0 0 0 0 0 0 0 0 0 0 0 0 0 0 0 0 0 0 0 0 0 0 0 0 0 0 0 0 0 0 0 0 0 0 0 0 0 0 0 0 0 0 0 0 0 0 0 
# Errors [PSD_beforeballistic/PSD_beforeballistic.dat] I_err:
0 0 0 0 0 0 0 0 0 0 0 0 0 0 0 0 0 0 0 0 0 0 0 0 0 0 0 0 0 0 0 0 0 0 0 0 0 0 0 0 0 0 0 0 0 0 0 0 0 0 0 0 0 0 0 0 0 0 0 0 0 0 0 0 0 0 0 0 0 0 0 0 0 0 0 0 0 0 0 0 0 0 0 0 0 0 0 0 0 0 
0 0 0 0 0 0 0 0 0 0 0 0 0 0 0 0 0 0 0 0 0 0 0 0 0 0 0 0 0 0 0 0 0 0 0 0 0 0 0 0 0 0 0 0 0 0 0 0 0 0 0 0 0 0 0 0 0 0 0 0 0 0 0 0 0 0 0 0 0 0 0 0 0 0 0 0 0 0 0 0 0 0 0 0 0 0 0 0 0 0 
0 0 0 0 0 0 0 0 0 0 0 0 0 0 0 0 0 0 0 0 0 0 0 0 0 0 0 0 0 0 0 0 0 0 0 0 0 0 0 0 0 0 0 0 0 0 0 0 0 0 0 0 0 0 0 0 0 0 0 0 0 0 0 0 0 0 0 0 0 0 0 0 0 0 0 0 0 0 0 0 0 0 0 0 0 0 0 0 0 0 
0 0 0 0 0 0 0 0 0 0 0 0 0 0 0 0 0 0 0 0 0 0 0 0 0 0 0 0 0 0 0 0 0 0 0 0 0 0 0 0 0 0 0 0 0 0 0 0 0 0 0 0 0 0 0 0 0 0 0 0 0 0 0 0 0 0 0 0 0 0 0 0 0 0 0 0 0 0 0 0 0 0 0 0 0 0 0 0 0 0 
0 0 0 0 0 0 0 0 0 0 0 0 0 0 0 0 0 0 0 0 0 0 0 0 0 0 0 0 0 0 0 0 0 0 0 0 0 0 0 0 0 0 0 0 0 0 0 0 0 0 0 0 0 0 0 0 0 0 0 0 0 0 0 0 0 0 0 0 0 0 0 0 0 0 0 0 0 0 0 0 0 0 0 0 0 0 0 0 0 0 
0 0 0 0 0 0 0 0 0 0 0 0 0 0 0 0 0 0 0 0 0 0 0 0 0 0 0 0 0 0 0 0 0 0 0 0 0 0 0 0 0 0 0 0 0 0 0 0 0 0 0 0 0 0 0 0 0 0 0 0 0 0 0 0 0 0 0 0 0 0 0 0 0 0 0 0 0 0 0 0 0 0 0 0 0 0 0 0 0 0 
429947.7144 322153.2592 389487.6543 314995.6445 429276.2321 279993.5947 558005.255 523308.3309 407368.6416 642766.8892 404681.7796 356264.657 371565.3408 375921.9151 570951.1305 510666.5586 371901.81 242735.0121 373467.9039 402266.7029 484877.4551 350517.5038 516740.0475 393331.3619 476212.698 471729.9165 404522.6436 417915.4296 421657.1752 447585.0254 258789.0548 442111.2668 530604.7176 344288.0716 519042.0931 349378.3306 496210.4855 602313.9241 456226.9682 519777.9457 585667.579 445711.1808 450296.9495 415589.4514 377118.2076 400285.1309 401488.0992 182800.0886 517564.2288 355420.6027 433969.9765 465614.134 294651.1429 362784.6554 589925.4552 493375.9122 273848.6724 572286.1172 343290.2078 446601.6994 386416.7768 491655.6377 481749.3969 327802.3094 463318.0721 269020.8248 401974.5952 259505.4499 613501.2479 344628.312 343621.0901 293591.8153 370093.0536 364971.0696 492437.1944 336645.1568 452425.9601 282439.5084 526737.3854 524922.4017 450559.6266 452352.0242 400225.595 436769.0226 670638.0795 454687.8279 476881.3282 457375.8017 476657.8932 417727.434 
767467.0452 809575.0332 557013.8046 762254.8005 768815.5549 858649.7373 626307.429 714664.07 791694.1001 607367.7333 538664.3006 660151.185 612854.0839 770875.3184 631321.9397 631636.0209 740949.4181 778410.5666 641308.6434 617157.7333 837435.7767 924928.5014 758537.5985 679048.6968 700392.3158 588394.4515 932666.4958 660220.6132 593222.3663 660709.3447 670338.5443 844877.6103 645520.5421 744879.8264 834347.34 838265.0455 934405.1687 652981.3051 689569.0018 863089.9988 933252.8153 753825.5662 621506.0955 688779.7722 665957.7299 481119.0094 610736.57 744244.9883 704295.447 664280.9242 622819.6061 725737.6298 641666.4226 672395.2273 658557.7118 581495.1206 970164.7796 636639.5639 720189.7589 799232.5864 806598.4288 712972.6001 628292.8581 806145.2338 672851.764 869076.8052 733858.9134 729652.7201 584662.4863 606696.336 424878.9995 769037.3712 813085.244 764406.7735 499226.9705 680253.0729 752833.0577 761868.154 655104.013 770248.3032 711413.5195 710337.3881 703128.9625 850754.7177 622928.0332 700246.7153 793778.5904 672651.9017 542435.5195 795482.0343 
806401.3091 708151.4027 696500.0977 759605.321 651542.9607 873200.9222 790170.8935 832961.2995 856656.6159 789017.8971 900920.9259 923050.9934 681435.0064 883077.4853 749255.0142 628344.0852 739613.4201 825173.5896 679566.2893 755699.2975 633433.9186 568875.5056 627587.9112 749291.5833 923674.3569 841356.5339 747826.7669 686882.2098 791386.1467 758996.6506 684566.6164 403722.4717 717341.7515 915650.1084 628190.9079 676114.0661 534605.6055 790549.3057 819085.1198 611557.7898 793635.1594 612489.8535 599559.938 750228.8286 706094.9849 520385.7994 779006.1385 662535.8795 521194.5823 677209.3324 726038.8385 711077.6228 621717.6704 681202.4502 828486.0132 676607.5796 603813.5385 713015.4504 609355.4622 757522.4465 646070.5397 849710.2127 822518.5069 683500.5408 671484.2759 794645.8796 707374.3094 737685.6845 729959.1602 788237.5107 581561.6083 600633.9388 775235.0507 752516.4601 552827.9784 690539.1775 509777.9468 622381.4472 760028.4558 631304.915 670419.7363 703189.2087 654887.7135 685956.7667 630286.5538 839676.4672 785863.2197 600493.3968 743172.2648 716119.6113 
761213.9417 1008503.134 719324.7901 833622.9995 691887.2793 601844.6694 712606.791 741114.812 791355.6735 836025.018 724693.7415 896921.976 690809.2942 776248.0195 735397.1014 756872.4426 763082.5078 661015.3342 882941.4472 605161.5404 736725.858 713233.7443 753783.2101 783984.4329 707697.0333 756739.9987 535210.7944 596548.5925 776380.0735 795720.2543 724457.5412 741733.3899 685339.3274 569025.0105 754795.3082 601764.6996 710968.9191 582905.1094 555637.1244 642368.1171 651902.9221 559201.6743 602275.9702 589749.9317 621332.9586 567258.6014 858658.3119 711428.7202 623216.5758 799871.5794 728684.0434 800825.6689 723878.5912 656893.9781 621953.8211 744212.1284 876889.9598 675360.7845 859060.7486 535439.7759 786767.9395 607603.5386 800460.4208 639858.5707 556719.0873 685058.0887 750155.576 473486.5948 678121.0628 738440.7235 695593.8842 712068.7639 724501.0776 787853.7709 687685.5618 511210.9602 663048.3491 867322.6724 724539.921 855894.025 834452.9971 709725.4569 210539.5783 848183.9055 780485.4709 625697.8326 712177.3801 651611.7259 731132.1864 634400.6448 
684958.1035 713137.3255 741286.2717 661415.083 644068.8794 818799.2516 640579.6377 782139.694 619288.0761 849485.568 586882.4508 788003.1703 785853.5237 816804.4233 848293.6392 788804.6624 531721.0574 756139.598 694547.2214 563979.7464 673020.9649 786143.9377 668474.9073 657128.5535 622646.808 733647.0559 618745.3074 663734.9218 887577.5765 661164.058 777486.123 621036.6106 633403.9807 640029.5442 741921.5191 730269.5216 660893.6248 633505.4513 674543.8559 648710.8781 770741.7592 654854.709 553365.9264 796728.1815 641748.7562 676467.7522 814354.3932 763816.3992 636467.0247 845747.1325 720170.562 640147.3418 677180.3343 773563.1462 742985.5634 665864.5656 698958.9312 647304.9008 553183.2804 640428.3209 615817.2155 930973.2689 564504.1113 515782.6219 649115.0167 738917.0613 820250.4966 722180.0218 695998.6412 611792.3762 683213.8643 650487.4815 782301.343 794800.289 713231.9631 767449.9794 597890.8252 781010.8892 754938.4052 731691.2383 690511.9604 739362.0399 864542.5701 851183.1693 769153.817 630848.8824 715092.0201 841324.8935 734473.4855 748338.7581 
828164.1586 640268.1033 703041.2468 814319.0881 795540.2228 761160.8495 725737.6495 741088.2072 735059.4412 771518.9753 788372.771 789721.9127 701135.1098 827839.4055 873607.6471 695508.3379 684579.5871 687178.2542 707335.3727 763972.1907 657240.6186 731570.4867 675127.0343 745035.7601 746038.1327 644426.5968 778681.2832 650105.2055 696445.6908 769935.5278 799627.1698 691235.7339 703092.5814 851883.3459 676166.1694 635549.6305 692297.2664 647187.8893 657109.3404 663017.3542 743253.9997 662371.4284 731564.1503 769203.9304 655367.3763 737508.1169 706759.0232 695836.3067 730803.0464 757661.7838 550209.3574 776162.8791 762750.376 540233.1065 637084.024 676293.0005 593091.7903 859830.1994 652805.0194 936012.415 571348.7488 628028.4526 589305.764 735205.0453 739060.3803 620237.2502 644150.4887 798526.1263 632649.8316 699469.4938 839194.6838 646726.2929 700238.077 746514.2072 632151.1932 613351.6716 651876.1072 687195.782 710688.6199 681042.1495 508977.9121 757931.5035 599152.1892 759566.9418 578764.5403 705798.6188 656782.198 795903.2299 826782.714 718428.8365 
654793.0348 872926.4794 692245.64 683311.7065 813905.5335 687204.5969 674190.844 600919.4984 648559.9383 700771.7622 789277.0623 680634.8948 748678.2544 647561.625 656982.971 720837.3699 602910.0638 601536.3449 622785.8914 751358.9626 807518.7551 594988.8139 669435.3847 621284.8821 731233.4177 785364.5525 836112.9734 773452.0391 652761.9503 722797.7466 667185.6943 751677.5325 692918.2254 683849.385 656226.5713 948081.3505 870324.0918 790234.5409 609960.0504 691127.5335 698728.3682 626862.6217 716538.092 714800.625 990690.3937 709748.2077 634292.7585 782763.4341 700555.566 782329.999 630804.4399 727367.0459 610792.9763 484018.3731 837362.9714 735224.0805 770887.8296 937773.3371 757350.5047 774394.4744 844087.0411 827112.2984 659864.786 703451.8456 735916.0304 667300.6816 565833.0999 678809.3637 800732.1007 715149.4625 669009.1242 760928.3776 585215.8825 944515.8318 643426.0319 770378.4763 791963.6232 799383.4136 732586.8132 751082.5705 683854.6931 711960.7986 547645.5356 590926.9973 725108.0653 668236.6981 811105.1183 587184.1622 610499.0123 659639.5021 
651433.4252 603294.761 818989.3335 725455.6269 578367.5641 692655.3454 678939.0108 755016.2359 926318.6261 689750.3114 787292.4051 541326.2313 752785.0585 782535.5643 732235.1774 571318.0724 727660.7959 936835.388 705801.6259 661292.4431 826532.8691 770007.0996 668855.4543 725231.398 578220.1028 690601.1444 680806.3529 595467.2732 798386.0979 775293.512 857819.3937 688222.4684 930108.7107 684810.8962 721538.8359 589314.3199 833651.6318 751917.9041 768112.8327 768772.8643 688266.4478 684662.007 693269.832 699723.378 863752.7642 743950.1391 510582.0213 899808.1767 664338.0621 734400.7804 731606.9762 836405.8188 884177.144 703157.1981 765918.9247 627663.305 756685.6984 605945.7283 677042.9245 683846.7962 789101.3084 917839.6281 597411.1463 690323.5687 777997.0709 665654.7332 718705.5581 564985.4882 797124.0542 715772.1889 638520.1815 647551.9821 789091.6604 711978.9443 773321.7839 651753.1302 657222.4313 550438.694 646519.1071 899587.712 707715.9675 663314.857 661611.5164 792818.2644 791810.356 678063.5345 752918.5349 626630.4275 856634.0019 759046.2136 
673162.5168 629590.0343 752238.944 742233.7539 841897.2529 766796.7797 543519.865 722270.5431 727719.2574 810621.1779 703767.9453 680563.4177 761991.4283 782570.9172 742980.4793 590118.8429 648545.4916 739719.464 802661.6133 672732.3554 753748.3936 732862.5049 786316.2417 688672.1436 609256.6772 774555.5854 753449.6981 712774.3508 587180.8901 704565.2965 704649.1277 700479.9118 711913.2892 829105.6344 744142.9863 673585.589 793960.0349 713503.9481 789562.9268 687304.1199 612452.8512 698624.4435 568599.8456 714150.853 662010.0149 730948.6154 677094.3114 609624.5806 601129.4388 828132.8055 580410.4374 730808.0522 787380.9186 729873.8451 770594.7632 554547.7618 639145.9063 740164.9954 700366.1806 534983.3004 713149.1133 852712.1681 816761.4402 784181.7676 793502.1652 727726.1251 692655.7043 575125.2195 590837.6907 606836.6649 683129.0679 831961.6239 781885.9415 696051.0141 774062.3848 381131.7704 697012.9835 629852.2267 643553.36 685942.1219 793877.9428 786678.7381 763621.2266 577014.6684 653167.3281 842262.4541 707812.1493 768552.4571 627473.9998 870520.2531 
882372.0643 876488.447 562727.5833 576832.0512 777031.2981 661772.5112 703802.2883 740562.0558 756224.7364 809164.0904 672326.2392 757109.7804 731328.4482 676501.335 629447.9404 739448.3519 642374.6907 818996.1911 663222.2713 836422.7511 684261.9584 729756.9347 677662.4944 661942.1698 759386.7731 783010.1472 585059.1087 762249.7775 566931.4398 716759.9814 699948.8584 717622.3026 691288.8371 843620.4655 667059.1431 725760.8021 700454.59 723093.8421 621444.7511 778234.3811 634905.1949 627489.9175 907861.5889 645293.1871 576044.7391 612380.4773 760443.3218 821441.8983 614536.0544 610972.2988 651438.7587 655096.0598 741131.9724 733497.9105 631626.1587 609168.7269 742998.1522 661038.5391 727581.1076 743761.0206 695973.0596 759730.1567 743460.2105 768974.3887 777171.7693 554560.5537 759788.0778 751794.2991 822861.3514 619046.501 627472.1117 685282.9744 719185.6497 597451.4393 713237.6522 707867.99 831342.4539 703319.3402 807790.1748 678938.7335 818324.0859 680941.1898 784606.4415 635340.7355 740030.4801 710068.8095 735480.417 769397.9583 703390.3205 800738.8906 
698725.217 602843.9921 726063.503 652238.903 779737.4535 660141 879262.2527 814149.8796 620848.148 773391.4628 664945.9086 686662.8419 616891.8761 742898.2644 753212.8921 709072.5684 612142.3199 709948.6324 893283.5458 769944.5294 774705.842 764241.7363 729226.0109 811710.8327 712705.9356 771337.8409 569547.3361 686973.2608 760748.4465 512707.5609 690256.4494 506168.3196 541337.3679 628847.5823 736962.3107 771030.8437 729178.2114 699243.9959 738952.0508 656205.232 617535.413 800594.273 747795.0543 565021.8967 683603.403 765149.6755 628489.9178 777922.2033 525434.3101 640173.3316 732820.2595 761990.2086 738383.4633 735444.1862 775963.7295 773334.4313 889290.2434 707233.4945 561511.7641 790000.3232 661619.8791 846569.9522 599631.8032 619518.7496 798831.9053 760394.4312 746383.2755 588487.9076 450646.3765 698438.8784 582023.3404 527559.0679 617627.4568 764388.9992 627474.5436 568110.4355 593049.6748 820164.0254 694469.5533 814586.1374 855663.72 666323.1353 898312.5053 786236.0831 661387.0354 783863.637 726823.0677 565717.9551 666839.4191 764345.2893 
703550.655 652894.4007 764768.9381 894081.4268 768858.872 727882.7704 791748.8943 718585.6147 860758.5292 690194.3036 903016.319 832415.7395 565845.2248 800476.8866 712956.9236 686736.3852 894779.5165 692038.5166 706545.0975 825835.2732 650368.9861 770236.3617 767021.5962 749766.8189 869964.2525 802199.957 795779.9268 741812.7264 878106.0824 705199.0127 852633.0397 753220.4666 719796.1175 683960.4923 1012495.532 908798.0057 684182.4684 800462.3662 826130.9986 766965.2594 629130.0909 788401.4504 572037.8013 890313.4209 647341.3464 732146.3083 736216.8121 588659.3674 706788.6399 925309.3619 636325.536 674425.8261 769174.6347 801879.047 515240.1107 661004.1324 603447.7665 834543.0346 912855.4578 665813.4081 875505.1627 768378.3739 822892.1294 572244.5716 654608.9452 893260.097 741443.4024 965119.4346 694287.1522 747901.9976 759330.121 579636.1717 721770.5307 754167.1578 813162.9911 630900.6232 656396.583 585568.0613 729947.1519 662485.8489 803691.3557 701235.2991 708457.5294 681081.0104 763683.5948 854101.6868 655149.4729 746833.6398 775200.6008 763394.608 
722314.368 712985.1159 834452.4315 614110.5146 768682.3636 730162.0852 705405.5738 773620.4787 639640.8498 698783.7128 795693.8414 629082.2987 870806.2225 670186.3019 771712.6648 698409.1482 686477.4453 683722.6427 726919.3251 569036.0539 760792.0263 713635.5008 661800.9843 749088.1914 628349.2836 687929.1683 637359.3909 801061.9577 627965.4881 537234.3982 840313.533 875461.3571 776533.1536 548325.5869 787689.4799 702563.7527 844457.1054 663527.6126 770304.6592 731167.4662 548862.4785 848051.5939 524209.569 700130.158 772359.228 751189.1899 692968.2637 678402.1099 799288.931 626529.0388 743536.656 647249.7072 706687.4536 806128.6114 792041.9083 747841.6615 878319.2208 713326.9799 770805.8193 691778.3581 881179.3002 595846.16 777286.0183 683667.601 721056.2476 412533.3469 715803.6024 695906.5347 742954.6844 804111.3493 763002.4684 732757.9715 623192.2476 796592.2425 665072.7423 676945.7686 657429.9014 840897.6041 623122.3566 809157.9674 726321.6833 779333.9423 634414.901 837527.5786 692149.4266 710761.1824 763595.0728 687793.9831 610725.4044 714198.8839 
804117.3805 690272.2706 738453.3632 634585.9799 633871.575 726127.8853 797835.9366 708889.2187 925649.831 638777.1446 784624.1027 649923.2028 670489.6514 799970.8454 561940.1168 816859.694 752128.1622 693499.5785 544915.8337 825531.6271 770769.6479 759243.0377 754218.356 621249.0749 701175.5042 667707.3681 726728.386 794585.2269 562918.7455 637721.3882 738923.662 697417.948 782952.5844 766447.1884 790036.2212 632420.1961 722076.4408 804062.9072 784130.9805 666540.9258 833656.847 758291.4391 796714.3039 712123.7618 669612.2757 748096.4877 864587.3327 725434.7537 692049.7682 679681.8843 721095.4568 832227.3927 773441.2281 825643.5097 455241.8989 603214.4706 898468.4073 814396.3834 705195.1944 498223.3726 815410.7403 666327.6855 722646.0838 726208.6903 750503.8837 645416.5043 815574.282 860807.2557 692964.0465 752702.7117 554908.8433 679851.1255 737930.3739 633948.1831 740054.5723 672774.8999 865655.6414 826603.2977 772269.7078 668052.7558 727600.0081 603053.2693 712719.8024 775513.2178 765074.2194 521843.8845 664050.1872 697874.0773 688484.7438 708107.1157 
713675.42 722747.0731 525408.7034 751738.2206 645201.486 771617.1734 718237.293 745240.2103 612876.3606 729088.41 590417.8949 757192.1677 813919.5114 663414.5872 777724.737 723586.7439 795752.7872 689410.5911 581816.1875 930951.8987 728477.2998 702618.9677 702810.1383 687226.5724 672052.3122 697832.1531 804828.7207 670372.9988 745225.0578 617794.5975 740465.1304 668382.3682 734489.0892 819505.3071 522965.117 698087.0471 769432.7127 712804.0819 801656.0756 628393.1385 827627.1465 759181.4594 720621.7312 671220.9544 686057.3975 671487.7092 672883.4643 740251.5748 681046.3769 768033.1557 847999.4507 512377.1698 846467.2542 729663.6533 725551.2019 794284.9395 562758.0042 825748.885 664068.9871 720762.4859 725643.7188 892942.6243 772708.8221 800627.9991 701151.9033 700588.794 799260.9515 561007.0288 658051.3367 696968.1796 771413.1338 849648.7372 639823.9134 662087.0329 930734.8371 656519.8638 670362.9552 761246.9775 523035.7282 802124.1888 745719.1391 708743.3878 810604.6761 896282.6558 699003.433 692573.5262 771762.6042 850650.1511 759772.7694 715243.6076 
624937.6212 640546.4277 590687.6397 728951.7318 921732.6597 657264.8 838785.976 733459.7547 761100.2561 765121.8871 571390.215 684183.4944 750541.4655 704531.9419 735840.0215 697587.0972 696471.6025 674859.7221 918384.5854 804973.435 812407.9029 730533.2133 610351.6435 799010.7253 591546.4683 687094.6613 539150.6547 750738.5004 658103.5884 654509.1111 938923.549 739122.9441 715072.4614 894208.0685 777118.59 730091.2417 503829.8313 742920.7335 832498.4299 798435.8173 591855.9773 662629.5996 808894.1675 707955.4528 685830.7263 740255.4437 880562.5482 791134.361 693441.0263 759578.4586 518445.3879 832510.8787 664372.1663 603468.0554 666576.9781 735966.5629 668817.3797 699249.6391 819489.5737 688074.9628 746223.8908 706688.6216 572797.0765 761925.1353 764482.9754 822018.3672 863299.0569 673448.7325 681877.4436 695132.7099 654638.4274 577910.4474 518724.9442 619731.0638 701953.4558 674282.2078 856167.1636 707391.4144 649544.322 838731.7272 378582.0186 569340.3504 579350.2927 577419.3986 715055.4984 763560.2342 749594.9882 408612.8263 686087.3211 657178.9181 
664286.9077 671473.3259 551261.1023 638795.0381 630201.3106 626412.7785 752981.9614 797934.226 679925.9242 603496.6137 648261.7092 639251.389 620293.8581 783896.4734 487921.7097 485510.4241 701040.7482 648269.186 752049.552 816289.6306 611840.6672 738823.0755 778329.8965 598295.3975 724379.2255 655337.9371 811313.4462 687508.2124 687316.1344 677486.6898 729125.8561 778196.2983 826033.7401 648128.6723 745972.6579 746534.2131 863563.9033 773632.3249 595697.7059 719463.2903 712016.4438 654573.5979 753650.1541 560804.5048 718607.3043 740573.093 878354.0732 665412.1182 620545.5994 799819.4783 847738.1874 728932.7208 508433.8234 663872.8044 594299.2335 770221.6133 654441.2095 684071.809 795575.8115 545468.8471 585576.3581 746625.766 772171.3555 691717.4638 692402.6082 501138.5849 676770.2352 680687.3886 839328.2405 804169.8667 636595.2118 776312.2524 587148.4502 671292.1421 562702.8837 729894.281 668841.716 687322.241 747488.5599 802633.3019 491912.748 783707.442 502154.1373 673709.9856 833831.0208 675626.813 661785.8052 765295.4524 722281.0718 791514.2902 
752073.942 673550.9932 668334.187 612048.4627 754924.5447 597614.4771 704203.8398 682085.8335 664720.147 722047.9869 761706.3968 755626.2695 900091.9088 767884.9563 733856.2593 641999.9288 644948.6954 859839.351 759291.4092 623751.1486 852437.3042 729557.1677 639226.9432 606323.9005 686904.7433 642058.1895 700547.1552 756468.3007 760919.8853 626806.3862 782576.6401 776775.0781 713376.1742 792902.6895 648555.8049 477192.9018 750810.4932 799392.0149 833936.391 784846.9857 691688.1718 846796.1302 597906.1441 765709.0438 580234.7776 807688.6567 819513.7432 819341.5319 602319.9483 529021.9564 660529.3508 726788.1263 729960.4348 817340.483 771345.7843 638732.9569 759582.1781 682275.6609 820230.7556 564242.9535 663608.2777 544530.3752 813214.3647 693136.2521 641118.8124 780583.5955 675087.4256 582158.3941 744944.865 595330.8612 739359.6566 617382.8869 586445.9541 735899.0097 843621.2437 676188.7077 651391.1865 689927.6324 748539.9703 819062.633 795298.5756 701205.9688 697873.0856 702648.6989 812923.6976 682768.0842 585709.5496 729648.2948 626280.7847 725427.7237 
648041.5057 737406.2568 792765.4744 753470.0659 852994.3455 538841.8574 679844.4316 749218.7287 568915.8022 568885.1824 669527.1687 736697.9071 718333.8943 602453.4908 756071.1543 856844.7739 704096.9762 669510.9214 559599.9398 613957.4531 696443.32 813773.6324 747616.5767 809797.2685 623805.6558 697342.3724 573193.2762 945879.0017 811638.4133 752292.7544 650028.7402 517173.9495 737074.8821 466661.139 763497.9439 622354.8593 825754.371 675956.9068 696070.1151 789631.9506 591749.7557 856998.8579 772153.7852 776925.1828 787708.0271 601968.4968 746447.98 677186.1076 775136.7258 742237.7861 619554.4952 817524.5197 749206.4526 670530.21 573127.3568 521898.915 830526.7232 783980.3234 629809.0233 760356.4224 766212.1553 753752.8929 700841.2354 778094.3681 615623.1836 823344.0598 688278.2182 794667.024 757007.4797 602614.6943 742648.6476 705268.8075 631917.8133 560683.6855 844190.649 698369.2552 766609.4347 691012.9093 792763.5315 591742.9569 671554.2046 800199.255 719607.2114 534341.629 649592.9261 596844.4219 616032.7978 815177.7216 595793.8503 892277.9112 
632533.4035 554887.4693 659295.1558 642821.0669 710718.7906 723253.9287 871330.1507 681504.513 791950.0971 697398.3468 640275.3805 830088.3963 700948.3661 568155.4395 741833.7316 654786.2951 695711.5558 650986.8508 696415.8397 494794.7422 619549.3754 781263.7268 816347.9861 870259.4197 503500.7507 570034.9832 705328.39 722414.1457 663921.2875 790164.4884 711707.5601 781009.1029 817030.527 678339.1133 630541.47 674432.2727 553928.8525 702551.3799 639928.123 892168.5767 748160.5593 637915.1389 552779.6488 597076.7201 741810.0337 607806.6023 545966.6653 458269.8357 824606.7718 710349.7199 731055.1338 642591.289 810944.032 794734.5251 643662.9999 637996.4 811184.9784 678483.723 621500.1052 836890.447 683404.7978 542272.7693 659157.9854 809438.1606 615235.733 822739.0797 693892.8044 817877.5538 643896.7824 756970.5411 667826.5716 863492.0508 830838.031 641345.85 828782.2054 628551.3842 658280.2055 726631.8939 778519.1491 674037.677 729447.66 603375.2322 623882.5331 858902.4357 909642.1668 738621.0486 835516.2535 749058.1659 737143.3053 926388.3949 
834836.7724 652694.2931 704324.4107 822587.7059 720461.6306 552048.6994 558999.0732 765263.9892 820865.4819 610995.4704 613643.0426 607101.6961 693107.5129 638991.4155 686252.0265 781901.4881 466914.1811 714609.0461 733604.8416 809450.4061 794014.5432 764965.6604 684735.4161 788028.1741 682428.8268 528508.353 726512.4143 640864.7749 796474.5357 611731.9657 586701.541 632522.6419 494334.5247 767086.9379 749370.2443 905631.2073 698462.6893 746117.4941 745459.4216 728380.5857 566986.5137 591675.6054 672462.4299 716466.6542 775900.2488 779343.016 869347.0995 482895.1251 674922.2385 813510.2038 802036.9664 679008.4383 718708.6271 732477.6257 643111.8642 889227.1374 743790.3411 744967.0158 768263.0104 434800.374 587777.9445 739405.9055 696987.4289 653051.4129 705280.2896 557417.1723 629632.6882 803366.7346 520782.6335 771039.502 642167.7421 712021.854 781424.9789 695152.7976 650567.2257 659867.3959 646102.7104 555688.2126 779108.1796 668662.4495 703166.8059 783099.7996 766150.1187 837099.8536 663065.3416 658852.8744 604173.1778 583091.045 790090.1121 722379.8861 
616448.5152 614174.726 664866.1715 687124.1734 811526.3108 650175.3995 763466.9543 775512.4055 700453.2109 722720.0317 769000.3713 601401.9618 729624.4648 656507.0808 902177.822 711177.5536 566879.2531 679951.206 665906.4562 796143.7077 724572.5157 549208.6557 709416.8991 721005.5436 691470.1388 755787.5148 724755.4358 590711.8742 552452.1853 670086.2509 547127.761 717718.9746 624521.3525 587230.8614 851658.8668 706201.0132 582665.5134 672589.2568 590061.6285 623932.0721 660590.8017 556343.1555 682656.5157 692035.0788 700244.5989 622951.5341 660957.1613 841723.3473 868555.7085 703002.3305 683829.2147 859143.4658 726097.6441 662117.0953 617830.8269 771433.1371 507368.788 888429.0174 782389.3575 578756.8092 693099.6092 722162.2068 686720.6798 568906.2416 478323.7995 765342.9599 769627.6849 755432.4854 693581.117 805866.3272 652389.2932 815580.1383 767872.83 531972.62 645380.6026 736734.4206 667866.1193 821972.6903 896115.8152 708278.3925 646882.44 685455.6163 805752.0441 703821.6457 771418.3357 496627.1665 769216.6958 736440.9745 810613.9074 831992.2301 
591886.1208 812957.1914 688999.8243 662658.7447 754541.3839 783228.7623 763566.4295 761231.6139 633501.5379 643135.2923 483636.9177 628634.5294 731155.5293 539844.9182 477174.6836 675260.835 774545.2459 790481.057 843858.8179 658438.5546 823860.7221 584587.0385 688798.8364 779646.6765 802324.145 741734.9997 709615.5008 544585.287 682889.1547 668073.4116 829663.1086 632867.8361 688908.3208 710564.2978 758704.1769 680701.1862 636543.6872 652460.818 700320.2596 811338.9561 799586.3164 588586.742 621547.2277 635338.4257 786953.7042 664962.8891 741800.5243 593431.3024 668171.5509 779042.7497 705821.7404 658358.7186 622217.1876 734993.4666 635562.5687 652481.0876 649150.9293 635848.8027 840961.9754 771090.7322 709299.0555 607746.5079 586617.6106 790457.5643 583340.3424 753268.2129 772658.9415 590721.4645 700731.6318 778316.0605 616793.2318 637838.0823 887558.6432 554768.2307 755319.1242 737940.227 822343.4631 771579.5468 757316.1899 796591.6752 865043.4719 713426.1888 817057.9366 677139.924 680092.1609 773163.3463 529931.986 821548.495 671667.66 722414.2587 
524784.4863 689170.0879 754748.0744 927673.2056 691374.7997 904738.8793 658907.1745 680676.8491 797713.6968 663102.2361 610130.6014 615464.0281 739511.002 631712.7362 643409.9338 670830.9358 776424.3259 741111.7794 612158.2783 679589.6009 599342.5511 754307.195 681903.4374 754362.5313 663195.0585 716920.3096 671476.294 669899.7323 654337.7652 908981.2025 755829.3782 679337.3301 588505.7306 655564.1932 588708.1153 536705.9594 537074.9232 674576.6848 666973.6105 534951.9826 884377.3818 723589.1356 668752.9851 654723.4272 723836.4785 887148.0086 544867.785 522822.9658 637521.0489 717859.7683 770418.9107 574331.0742 618473.6661 674699.0034 663293.6203 673664.8168 648985.2253 730052.9364 712791.049 667047.1752 439367.1194 723181.4168 518721.8495 704266.2757 650968.5945 708348.5525 722458.1037 785700.5149 733227.9656 794457.2769 641727.678 690868.3721 701566.5758 836154.3682 614711.9819 659271.9331 700053.6046 639228.706 722340.3262 782704.0547 863053.7402 664648.6521 718656.9011 836194.2725 641949.6552 792925.4527 849198.9276 746913.9823 644778.2729 712221.7312 
742511.8339 807410.9411 843204.9339 625423.9176 656894.5482 637494.6331 516039.3443 755809.2593 833033.5498 571833.618 783119.0877 774761.9294 720274.713 576456.9717 643248.5697 756245.7788 788550.8695 676098.3611 617864.7586 652768.728 640199.8484 756067.1239 723581.5272 583797.6961 723330.5856 718209.6647 645764.1811 617468.5181 731952.7692 685629.9696 787857.813 458167.1427 875770.882 835584.5049 643261.6493 721821.0735 703255.9233 650906.0251 733338.1476 831062.1402 750728.6537 717811.3811 450729.6261 737623.2308 554316.275 812911.343 703027.1158 778859.6451 731406.9122 607385.1216 632705.6935 830036.4749 729986.89 703326.7756 922425.5078 617819.006 662567.4066 528912.1015 733578.5311 596602.6215 679253.6024 625947.0739 728450.5022 762793.3149 574009.628 644920.032 678266.8228 783464.7875 665402.9093 660549.7714 711924.9457 711387.1139 814152.3376 574003.2819 575072.5164 787114.8939 732966.2586 684325.7381 776718.9278 628492.529 725232.2739 765760.8615 606846.1197 685717.574 669511.9265 693598.2479 764803.1906 718486.5224 636900.6981 436234.3127 
715052.6298 740460.9609 675282.5166 777848.4056 663228.2626 558094.4662 892584.8823 527106.6053 714915.5204 682068.3988 766427.3849 683469.3778 710792.7295 608569.4201 750544.699 663943.0214 563930.7619 714530.7103 695754.3494 736158.6606 786706.2153 684402.2573 631161.9308 827304.2321 842843.7743 704063.8143 630382.683 744421.4866 743361.651 718020.782 776868.5018 771102.2296 695366.8219 668081.7268 700150.3614 644095.7086 677606.975 574279.6846 636428.4225 814124.1853 673322.0362 650076.0444 716692.4715 656975.6462 631781.5941 629655.4066 680450.1147 924376.7169 769954.1579 687807.4852 662607.9261 829270.3505 725094.5478 754855.415 568795.9375 637347.6236 717873.8956 616088.2159 648350.1513 599809.0782 826550.8108 805683.1976 592317.4869 786845.9969 754495.2006 740923.5879 665891.8586 746411.8921 737876.6156 763076.5069 623987.1469 888458.4044 628535.9265 644611.5328 685428.5043 659322.9744 690005.6423 805541.161 705381.7392 714804.9913 744566.1341 787631.8101 584156.08 539535.9943 707022.3008 718748.4877 639156.3378 584648.9621 677143.472 726874.0809 
503425.0866 694405.7216 760832.8594 681840.3022 608265.2604 437261.5296 709572.0549 451053.7118 648335.0864 810920.5047 876381.543 748428.1516 736742.9252 573729.73 745276.272 757518.8199 469695.6709 766248.4338 635044.6174 684222.9245 585605.3485 786004.5052 690514.2878 729077.8421 739878.5341 714188.5259 771841.7181 654815.8 711689.9075 645495.0149 576084.7017 526466.067 692802.7704 881822.0306 760921.3624 607577.254 623971.0901 770117.2013 604848.8577 549110.2803 719254.5892 809125.111 683911.8927 781004.0218 738887.6328 652535.9664 676213.5762 772708.6557 870112.2726 625796.5203 605527.0517 730960.9563 499146.0929 757979.0839 847105.1491 649448.9703 703321.8789 779970.8633 635796.0856 611064.6083 560874.5942 832943.8466 659392.1007 813047.8061 779815.4966 682629.9334 757139.9265 790179.9856 731636.3747 729507.894 689644.1816 612691.6866 683366.7941 979351.9937 843769.346 762991.2231 589000.3653 866813.7484 662092.0891 695632.0843 689523.3144 654105.7452 743295.114 446160.4743 622136.2313 786216.3364 753511.4935 731243.4707 675165.6419 724552.1215 
619581.7535 596082.4218 871820.3781 681164.4354 648784.9649 835946.601 685453.3214 803106.5795 545828.5849 686576.3266 620595.7927 608056.1668 747907.0927 875171.3994 625421.7906 797509.0869 693806.0808 697969.594 823441.3943 640857.3326 775008.4735 640765.2814 629223.8086 641644.3712 718258.9442 759118.275 781541.5487 680460.9783 681018.8817 732730.9687 577485.9717 641596.0542 505103.6728 819856.8517 800054.0628 640729.351 699033.2003 703809.0601 790760.189 659163.5403 485074.3518 763355.7527 586395.3089 581629.4239 535751.4518 785339.0357 721109.8037 661103.8014 833530.3916 844350.778 728280.2948 507631.5965 807641.38 799525.3334 701452.3416 604557.6926 764747.6658 709141.1241 673481.4571 691139.4842 732375.2894 608968.625 874346.9888 752663.8548 712903.9635 507006.7925 697520.2383 717367.7847 742231.5943 666174.3239 674094.1583 795570.3458 612704.9837 791963.4098 689126.3384 798123.743 614948.0897 718572.6595 794372.2156 717937.0296 910323.5146 592019.5659 716600.0236 776614.7956 762240.769 738686.7365 735103.5828 710465.4238 697680.1828 717109.5097 
733532.04 699577.6681 757081.5131 838981.0204 688684.468 746965.3234 781216.5224 688708.5101 476367.5456 688720.2942 740795.0402 567813.7455 472720.5606 453790.4216 647818.2647 750630.7961 622195.6256 714761.8345 672275.657 554937.8904 637320.259 646064.1004 719027.2837 574150.7953 682747.2742 762472.5483 633310.8644 677610.5509 668400.7045 742109.5682 834049.1742 658290.1636 739293.4343 770631.7296 719494.9562 648495.501 616687.866 884524.4742 604719.661 852679.3049 770086.2576 601265.5287 623854.4198 790439.5189 748016.1277 773459.2984 894100.36 727416.944 788377.5228 634187.2402 665566.2681 738363.0368 761614.7665 682356.3659 834709.3745 796820.0835 746577.5954 785567.4548 721156.6738 812808.4901 662307.9384 609851.4498 750728.3413 727755.9316 717124.8392 687660.0119 698854.1567 675633.2353 729807.9084 784694.2984 675514.9269 830379.3078 817441.4024 634057.6702 704892.674 621744.9175 704918.8326 697852.4896 703906.295 690932.5152 677360.2685 726036.3376 487815.4888 764176.5225 661871.3385 823294.5998 743117.5227 886428.5714 653088.4711 745997.9215 
748704.8174 520853.2998 605562.8051 790312.6937 559607.6432 752887.0035 613708.3956 712799.1964 541705.9437 604045.3003 696530.6457 538097.7596 946170.3841 732330.8692 662011.2855 798466.5561 580764.0809 860840.1766 649065.8889 570776.5871 764074.0299 681081.0822 820316.5343 609976.268 788308.2275 635662.9063 453785.5057 688919.2672 804696.2278 798238.4858 611574.6142 620447.5852 856748.6455 702971.197 636674.2535 697102.5432 814429.4341 914631.7273 491894.6042 776460.8779 711068.5666 565729.2084 727650.1069 764045.7939 603032.5052 608289.0287 730168.5494 618898.3399 738353.3514 680722.234 680410.0337 766713.3461 777739.7634 690320.2634 540439.9046 716397.5253 696517.3633 716655.247 628990.4372 663408.9638 776288.7338 842047.6124 697771.3762 822563.8678 743058.9225 709488.0151 665384.2264 710958.3468 650219.3066 652022.7452 705341.0162 438777.7691 553079.8099 597429.916 685734.9611 606269.0319 629351.6846 855277.9843 629002.6416 635153.6767 843371.192 756706.5967 723308.1169 723549.0028 750597.2488 674126.5555 768234.1859 817256.6651 721272.8689 760014.1241 
736587.7028 702472.4193 692367.1257 818067.2584 678372.7093 707675.7538 739622.2235 692321.4043 743362.6461 719552.5624 753657.0335 724222.4165 656243.8882 713959.9271 643610.8221 580616.2242 643885.1723 558427.1179 785634.5384 787341.9848 775171.3252 416529.7652 656109.1151 745390.2537 639534.9549 807373.5658 710123.7003 720184.524 747992.1162 645427.0877 453637.9642 629029.161 764089.5407 745707.7179 701022.8496 900087.8713 615163.6571 679615.4744 769719.3038 785493.8411 673757.6313 737874.0191 759381.9152 516734.7903 797839.0673 608474.539 563025.6885 625563.9762 723340.1924 762943.3888 617491.9795 708984.8534 844890.8315 752145.034 647808.6757 799010.0967 623971.0322 802240.5018 785361.734 742909.3173 487559.1062 632679.2522 729927.3499 670350.0388 644428.4633 486260.8564 782953.0512 536540.8501 604955.077 738582.3792 653470.2481 820281.2866 757475.2287 842136.9194 732441.2287 843617.2619 574802.3142 761028.92 565829.2099 568113.0581 848278.3647 554263.1208 716077.6966 652799.823 685890.1123 762371.7871 751759.2723 672174.1819 542950.9297 601984.6245 
636285.2802 644065.626 700042.5678 642841.8403 784009.7324 803701.2514 760017.5627 708165.7397 675756.156 684145.1126 649321.8052 678023.7942 652385.0122 572733.3565 747391.3559 643340.0613 788734.8941 804355.8831 684451.6715 769567.2719 891979.4229 523352.8996 678083.4783 606513.2541 748627.7745 578522.2579 857947.014 878312.3375 677817.5356 501024.5295 670451.7621 786772.3207 541845.8043 803129.3333 912249.9997 582468.46 662511.0098 736885.8835 735053.1976 651146.8688 905242.8952 560538.2374 718840.9631 591616.8745 637413.5417 542132.0287 681565.4043 672377.7711 725743.4794 663942.7574 719390.0918 695451.7143 675878.8483 576051.5993 772706.1665 740814.8522 866588.3596 618506.9485 687390.4026 732314.6224 708992.5851 874689.0563 636117.2766 746234.3083 642762.565 793541.6539 690829.0862 538794.0651 784683.1004 817308.7414 758027.5324 624629.7962 694915.6279 751147.9999 745565.3458 694852.0985 551184.806 822520.0657 687572.9048 723893.62 780987.4568 620034.6866 825585.7405 598170.3719 741255.1699 790496.7308 746745.8281 664513.4464 678070.7732 656761.5363 
695817.5556 610605.4464 809612.0433 732265.2373 832590.7982 612253.0606 552244.044 698670.2528 563466.9227 743921.5712 642017.2308 703590.8356 813490.1824 836616.0388 737152.4861 687141.682 594396.1901 629890.1878 744966.8386 663051.0809 945350.5461 844952.8711 477148.1684 626140.3706 783562.0559 815674.1135 735765.9864 555310.2812 795291.763 635565.9823 623770.7314 863460.0063 654187.0829 860597.1565 699748.3788 547537.738 657751.6211 721421.1414 784877.1632 767385.6177 695075.7465 720429.9819 781661.2956 583008.93 655483.3511 862888.4149 754483.9055 633796.142 634718.9981 666647.1779 569394.4743 624601.6095 766582.6863 511780.6998 645232.5317 435371.7815 640936.2925 828582.0324 673751.9371 697419.195 635235.7553 742722.387 614233.41 780234.336 681719.3422 615110.2126 739824.9722 724914.3696 807849.3283 736053.537 596342.5643 886384.587 762171.3362 751513.7252 655981.9728 805612.2179 651289.6985 809927.7103 512162.1807 647928.2139 656506.8429 638547.629 596716.9651 888983.0848 666073.7987 682727.4031 733631.5089 666538.9675 767953.3529 614276.0893 
668553.2233 562113.9394 742173.8186 735677.5648 647448.1991 751745.2587 879767.6681 753864.2331 722628.2422 792341.068 526655.6876 622217.1178 643196.0468 811815.6009 784908.1572 678683.2487 620397.2938 669421.1839 648057.7741 816262.3815 597247.69 773290.0146 714641.8744 586493.0867 809031.5019 714345.7083 749796.1709 778342.159 654855.9403 788131.9359 867173.8945 686067.3188 744452.9667 499816.3021 770794.5754 708523.7422 642704.8856 735990.5627 763282.8735 625729.7281 721912.1721 729171.9427 669326.3992 662987.7205 486039.6893 612435.0386 781092.4361 643086.7618 714510.8181 497197.5692 736136.6496 786399.3387 616830.1742 679176.509 697335.9598 760708.2482 508616.1713 507791.9386 813551.6398 563682.935 662432.0392 527787.5638 671121.3341 816223.9375 661649.1693 523941.1217 622323.2822 599983.5586 732608.3556 624940.3816 683896.898 920203.7735 651763.1876 662858.6241 611200.8325 667598.4806 711378.1784 732379.7299 891718.1108 649913.1036 573290.3957 751380.1096 487073.9116 591146.679 817481.1028 692193.6496 750022.9611 707111.0457 851262.3125 643281.5496 
670265.5507 680155.9222 792988.5465 595844.6434 553835.4793 807130.0837 779570.3455 717518.5746 818412.7186 721817.1591 519744.2501 791645.6854 679756.3142 719704.4069 712171.127 725563.7595 670953.7188 803065.6541 631961.8518 549990.0647 641625.1493 551758.618 560001.3058 770065.0364 697607.5397 921800.5041 690109.408 753474.2924 734373.4409 695691.1389 583267.788 728755.07 541421.2387 620976.9352 616641.4475 656049.5785 620759.135 809433.1324 710012.0484 776613.9541 512509.3645 652542.8936 526216.7015 723462.434 524196.8419 652609.8075 618318.299 602460.6045 617019.2989 705535.5554 561593.7331 528154.4133 626988.6503 695015.1518 628247.3503 552481.1404 641713.6782 656618.3681 496111.9666 690963.0694 553565.4455 751337.3045 501150.3213 507295.2848 626485.4719 654171.6234 484560.4302 712965.9162 412994.7766 637218.5969 608193.3135 735352.4804 726303.0829 519595.6153 777203.4608 692417.2295 716026.4759 532954.0486 769656.2047 846144.9004 695802.0607 792230.9824 738328.014 717860.8032 746218.9715 653720.8855 670846.7656 641813.5537 670171.213 607442.8744 
728355.8346 674506.0251 574344.8049 561108.6851 773563.8499 731920.2667 705075.4984 670140.7939 604855.9993 666261.9206 607986.3842 699537.9435 734209.7162 788443.6727 681880.4948 605423.9547 764885.5479 577288.0225 719877.0381 718067.764 612595.4908 638201.3207 653543.6008 690262.4897 763812.1617 745756.7948 720694.1114 741900.4045 748753.4027 626165.6329 616843.7484 608221.3009 817559.249 774316.8841 545042.175 551591.4944 689746.0822 718421.051 699492.9875 749651.864 713942.995 788547.9791 623666.4498 602999.571 532567.59 691624.7237 575796.3145 764309.8594 531773.9096 498221.9015 756546.885 658284.4563 621791.4307 603516.1261 540206.833 648120.9935 743997.3974 679638.3866 683875.9542 654674.5859 752811.0447 713571.8341 695201.5648 668452.8223 786836.9026 801406.0648 630869.1922 746742.5564 575094.2338 750529.5203 770920.652 601488.8633 498480.5273 599011.5888 856022.0958 707370.6947 731156.3792 714602.5043 678537.2961 587490.0172 655271.9399 761364.4162 652900.8275 703917.2 817912.1662 654966.2003 740080.9079 626326.2547 606930.008 565782.8487 
362338.0619 806734.8675 724555.9948 712537.972 755791.5644 667192.0527 502771.7115 926898.5427 604745.6701 898940.5384 612989.5922 538364.9568 639183.0818 689033.2443 605910.6201 725334.6754 666780.1971 712170.9153 689890.0195 585743.9015 789665.0618 595895.0574 566707.5992 717639.1861 566936.5051 656245.2898 692872.2105 728155.9508 622027.4845 533913.256 671956.5063 734755.3823 652847.7391 778620.9885 786831.5618 760721.5841 619172.1826 667705.1821 694460.9048 731895.2391 680818.6315 690568.95 714862.4699 588225.445 700968.0591 704072.636 748829.9939 700350.5742 866461.2945 645377.1411 581063.282 605914.1817 693600.0679 824827.6354 578604.429 653816.8969 612008.4226 539783.0494 776335.1823 752380.4099 676439.3057 647880.5918 588783.861 736669.1365 756952.0892 870508.2263 563454.9166 462892.7966 737001.1903 584446.9493 593812.1264 624479.3735 780922.7523 528201.1361 745654.4539 752707.07 731671.4335 648533.0757 589858.8344 705021.4105 828068.0532 699980.4948 634487.1092 700248.4771 687806.2688 814364.4031 850760.0432 606646.4808 675580.1 756034.0812 
704333.2523 653219.6536 515549.4729 622040.8204 710754.7398 807019.6716 659919.7884 650246.8075 549854.4287 739009.0454 762028.4383 687879.3567 599725.3112 736807.6312 667327.3033 623790.8103 696939.5525 760531.1897 703401.4892 717372.5525 587398.1199 657402.3703 763517.47 770296.763 506376.5755 714747.7513 773083.4913 700115.8084 690662.743 625032.1535 593417.321 681295.3172 623555.4239 682522.7428 733624.2106 696121.5338 554688.7918 570001.0371 783998.8965 758388.5868 440855.1767 614172.5329 824150.0457 717865.4401 729430.929 709900.2058 681134.4976 757034.786 522307.3567 811853.2221 398919.7312 572718.8086 642201.8863 735521.9926 720057.7013 617513.2806 587637.8451 670146.6674 678636.4546 733640.9782 798023.8877 739553.9068 557869.0801 786280.8525 815051.0433 668928.5045 734853.6912 646251.8234 797276.3921 642495.042 762206.3934 836613.5571 780995.9211 676331.8982 623429.211 562889.2402 810794.6782 559050.6116 517909.7999 751985.852 726617.0542 606352.2126 664110.6738 628295.3218 815517.6808 645779.1695 667195.8755 667724.0796 523980.1745 657177.4007 
666211.4404 713690.5708 585496.5867 804141.1083 755142.505 691669.747 667795.4951 677318.9618 720453.81 640515.2671 547335.8908 790032.6841 598034.489 638725.6594 877093.7211 644009.4893 621013.4437 749978.3054 715945.6849 628909.915 697704.3862 509691.472 714764.2023 519328.6108 693651.6524 797016.7451 664843.0998 561454.7757 770639.5102 723543.6569 723113.5715 580992.4483 345612.4837 752290.2257 764113.9194 740840.3905 808957.089 667062.4567 697724.9694 653159.5259 814308.7654 601899.9986 653522.9306 728368.8154 576102.3109 740139.6776 625863.7052 520288.3042 719736.7449 726662.7773 834421.2695 777822.3774 649332.7189 777166.1475 621781.0927 688223.4171 500263.3448 758666.7587 557351.811 685579.2612 554344.3891 713395.6284 643545.8501 616076.1103 666090.1643 507176.3332 851736.971 421745.3565 606066.9636 621116.1082 815994.0186 590659.9782 688270.2129 618896.2331 768297.368 619251.936 676403.5782 757227.508 768035.5565 657668.1584 731901.9742 628739.2926 646886.9945 645458.8026 693515.5981 636702.8661 772897.3854 531255.7349 644349.478 497849.8108 
598562.9911 719767.0107 686582.723 684761.6698 594992.3199 707429.616 576888.1227 693790.0244 763155.3771 672000.9913 740734.044 631606.1607 500540.8166 647809.1906 535836.4484 670674.9577 584765.1064 558083.2693 827401.8457 838482.8761 555128.0491 720107.2445 739684.4022 643995.3422 744398.82 711600.9374 554105.7415 736734.0599 578637.6626 768320.1043 676116.0859 743866.1983 745255.3076 653345.9148 722368.6597 638431.1477 648908.3405 733764.5706 819201.26 703253.2177 798818.4839 511957.6199 596836.5667 718898.8086 806629.7995 636620.0266 690752.4722 628182.3347 677258.8668 568930.2988 583761.7284 576182.5964 703944.1932 800423.7609 728957.824 672565.9029 587540.1219 741644.0333 646257.6587 721586.5395 673927.3684 770929.7579 701936.4614 851109.1304 700530.4727 685541.3428 809868.2967 702906.408 666630.461 704013.1763 703403.5939 817918.2686 646682.1492 648154.4445 732506.1852 542889.8414 713424.524 695963.6668 657657.4745 706507.2229 754469.455 462145.9368 656826.5415 747277.9595 768958.1889 797969.9786 531480.2307 641411.4017 782482.9654 753512.2867 
825730.0343 688171.2841 744786.1727 686853.2914 734545.3788 665391.3507 669312.9093 574253.1694 685625.7898 652748.8668 777339.7707 629003.8775 575852.1408 735306.7506 607641.8566 787339.657 637836.9955 642910.4656 616407.7125 554152.2605 698583.6107 662754.9406 789752.0993 674813.421 526896.8901 480641.4311 743388.2023 599451.8899 594956.5997 697067.2569 668191.0648 596439.0921 607983.9949 636817.4825 666794.0202 620800.5524 870938.1987 672945.2809 624150.4341 660263.41 502998.5007 670568.8061 575526.5172 639862.4461 668346.8643 603633.5309 747919.4242 701605.4748 673130.7573 647164.3771 742405.59 556241.9462 695761.1838 771194.1457 626776.5528 800456.637 709963.342 783739.9093 719137.1341 567003.2597 732723.3741 860508.8393 651262.1053 513992.3668 742050.5774 689113.3412 672999.0978 695372.4739 512885.1403 608483.5908 646178.31 821756.3931 540675.5708 666193.5052 699075.8632 644134.4515 465823.4272 678910.2279 572812.073 718625.8908 798199.4322 818295.7005 620515.8386 727631.2566 614998.3478 669184.0666 581408.1544 752810.3242 748471.938 723800.8336 
700155.0113 690339.964 538467.804 695851.1698 623552.7602 677946.8755 616000.0026 523078.8423 804008.6577 627628.755 801893.048 665077.47 755737.4976 690511.3662 546529.2278 596264.6591 728953.8687 624810.5369 557489.4354 707000.0323 623954.8754 594606.914 703077.4189 671427.9274 558713.3315 570925.3919 541595.7946 695040.4653 549825.4729 715220.0091 713971.3356 813137.7896 628346.0573 619786.092 498930.9972 642396.3187 613094.8326 632979.3036 726619.1533 638576.3813 675480.6256 584584.397 718958.0779 609974.8159 647187.6152 772570.3086 671175.2372 714718.5085 623973.0443 532262.0485 699988.5019 895199.0831 635678.463 650191.1309 686870.4092 688898.1164 617458.4218 638964.0604 566200.0465 666099.7993 758570.4077 662114.1931 836386.9992 709144.4995 676167.4116 770631.9832 765247.1008 607319.4631 746425.0505 607385.0078 675005.004 716146.7232 807757.465 674784.9592 775329.1587 611578.8151 650213.7677 777734.9503 700432.6043 772141.9732 929557.6922 628035.5028 625426.1228 598576.0977 771731.402 767931.6902 736712.3024 751394.927 633295.6453 844415.1393 
784667.0578 790522.7613 735892.0668 761129.2362 816938.5113 651565.654 529191.8838 830187.7239 814006.4444 787256.0696 628137.8348 653781.1168 597290.9397 638302.0847 897064.1746 567442.7277 610391.6797 555828.3512 692815.7544 568138.9875 666949.8261 571405.841 711148.9555 878418.7261 552765.1885 610613.8476 590092.9912 646114.1558 843399.6706 781961.6936 751237.8664 641071.6713 606491.9665 729648.536 758998.6414 610749.2305 656669.0978 570468.1942 686257.5991 867002.6495 699428.1199 629037.1895 602763.8791 783487.2308 688716.6716 707791.0675 757913.4158 576176.5435 674705.9997 782488.2762 583289.0973 762738.7071 401917.18 790218.7252 661574.4869 694750.5427 669889.6847 686209.454 511855.1376 614374.1649 767898.7955 968310.7267 571128.8785 470266.1508 661341.2347 671124.4878 463998.0979 681478.0914 590634.7295 731387.692 575822.3729 782330.3523 682974.5872 616473.2184 625448.3339 638570.5433 658008.5598 761630.7026 588153.427 641665.8953 662649.9711 702299.7719 813481.1149 683355.3478 611880.7902 737718.857 688654.1492 664046.188 687443.0322 869359.8421 
567449.4717 789334.5677 758627.7834 791355.8448 718862.9133 773398.3102 556287.3472 606214.227 797622.8842 784344.1086 818149.4056 659477.3868 757794.6185 684902.7513 684112.7249 627525.9631 683584.8722 724272.5646 796583.0015 671833.5527 814942.0612 671000.1271 789480.0123 490115.7082 690707.7351 733506.4046 536578.5218 723606.7035 840271.2459 633533.4722 664422.2497 734515.1758 621871.6457 615085.4285 753502.3017 700090.3608 788916.1466 695240.1218 681399.472 763640.9028 613046.1051 576232.4952 736910.4574 532140.5937 573957.2872 696709.9526 697052.6482 713312.0924 636096.5142 508097.8549 779211.8548 795621.5366 640783.34 778120.2934 512889.2602 816883.5278 824753.3052 617268.1373 760797.5677 566257.6777 752422.5502 763546.9166 661430.2959 684075.9459 754420.1123 682708.983 428655.7925 641351.8417 640945.8193 764870.4568 669240.0326 705739.7613 736183.6617 771560.4174 640253.9354 664667.6164 599731.8725 677430.0923 860381.3616 784748.6548 762314.6807 861997.0874 995556.1268 620261.5767 682213.9985 563034.6894 639417.3196 677243.891 725621.7094 679670.8243 
631862.6896 607076.5534 738921.9464 644059.3751 655399.5964 687136.4883 522681.6703 642397.0371 817027.3703 613586.8905 690203.9299 668030.3302 702292.2145 767911.5298 736892.9004 793649.4529 747610.472 564465.0598 795845.5018 697875.8727 869707.4368 547551.8209 708823.2386 564283.8536 639866.0634 593182.0954 621293.255 784034.0986 601456.9583 634983.4941 667103.2646 632147.179 749911.7045 807590.3691 618210.6183 753072.6525 673824.5146 618186.7995 655750.9619 802015.5861 745594.5154 797092.085 827870.1892 571982.5706 657556.2072 792914.5665 727525.5232 794064.016 843807.2255 726932.2044 546327.7609 609940.9783 859852.8953 659342.7386 734284.5349 607462.719 706386.3953 465589.9995 552834.402 802016.2928 806376.5315 601748.8657 431184.6288 663784.4251 693348.9192 664814.3815 597095.9987 754823.7611 829977.5375 864378.9777 609544.2365 770511.1333 735505.0564 825118.2388 564784.6593 782337.1826 622677.6364 723194.338 864725.0718 634559.215 693882.3704 790650.5889 767359.3211 605323.0576 803652.4827 618233.0206 672634.3904 772613.9839 669212.8861 679330.6672 
774918.4328 636740.026 775181.5402 828906.2761 623517.4666 819986.8423 792101.8188 762170.6562 739797.1831 797654.6051 745647.1725 573604.4384 749434.7739 678559.8533 783614.86 689314.3351 765703.7696 818389.511 745882.6166 500981.5826 812947.8795 716637.1382 624295.1355 807325.5728 804921.8719 830616.7328 860500.249 689092.017 640491.1529 872379.7448 638032.6348 779246.9738 777560.199 602000.5707 591124.8509 748672.8113 779681.8681 637422.4112 644923.8421 558082.8303 708890.7886 867810.4296 731597.3659 672448.7724 835439.832 835922.2026 713930.9051 788984.9004 840268.5581 638038.4736 782918.5377 626595.68 702730.9436 612616.1674 766124.5367 628750.7252 673165.8317 582615.5624 531453.0535 659139.5359 862498.5292 738442.0798 739494.5271 764432.3964 770435.1526 870174.7264 722431.7134 647449.7338 689703.9982 572223.3156 806213.1279 695657.2974 772054.0514 866968.0909 607308.5253 779413.2559 471729.7274 600585.8081 678354.96 711988.4524 798706.7329 744336.0826 693299.1425 768930.3441 722888.0477 758729.7444 808073.3556 622288.3224 762730.6336 797444.963 
693648.3107 576784.3726 686966.2913 590072.2843 638109.3295 826535.5205 643078.6991 724345.9366 655432.0491 609701.2233 678571.2788 634823.0605 866839.4497 825880.0166 647925.7022 667426.6189 732377.8845 740576.3829 815061.7276 740017.3161 656563.8028 802620.0149 975191.9681 933761.3972 767117.2716 740558.6021 677764.363 538266.3192 760337.4695 829735.9396 732670.0142 718050.5312 641078.7583 891608.6182 690702.271 794632.7867 793465.9059 835238.4942 727113.2568 625277.4917 701323.5205 760392.9284 634509.4287 733398.9118 903989.8344 777452.961 658916.5952 559582.4501 659186.2031 738067.4583 916254.8953 776558.6259 656432.6212 723361.2389 734378.4891 777007.1699 757358.6622 444494.0858 641611.3851 794165.3444 792065.3093 739590.4625 784631.4449 814829.2745 616655.754 591354.7586 775018.2893 524174.4148 724916.7058 714089.7217 711745.4908 604493.1209 644138.7661 744904.2455 400480.1174 677520.9181 745332.4587 756588.9312 777740.3502 671639.7689 850261.5866 625934.8551 612929.8409 608918.9125 703057.9626 682454.3051 611852.3315 741910.6696 722234.3899 699427.6308 
737734.0479 800343.3733 681573.4467 865484.5704 597790.3325 743254.0446 689390.0697 822728.5036 639508.4294 734003.191 766247.6774 722117.325 716120.4954 609590.6316 648572.4444 809264.7722 837797.4225 814697.2748 557662.9713 584320.4893 838827.1409 886432.4121 816623.6109 667740.3288 708994.1549 717400.1476 768807.771 586232.5718 840030.1674 578342.259 858244.8411 675552.6802 659281.5526 570411.8695 801093.5776 744896.0805 752156.8034 730765.8482 713483.8627 614059.087 769187.401 740140.1066 687175.509 527463.5348 817613.8995 613153.342 497875.9295 656682.447 738001.4671 833565.5333 695947.583 697244.8613 796790.8277 694215.7544 898719.2148 732617.7532 591360.7738 735906.4631 699873.0052 737626.487 788872.52 852372.4809 797253.9375 711064.2437 753827.4485 762272.5669 919387.7539 782780.9756 620724.2375 739683.4445 776727.4005 680156.2013 866049.4673 874429.8372 730350.6447 750020.5584 839371.4933 725625.127 531201.9691 583157.9912 647078.5963 863440.4004 689539.0184 683831.9678 765153.2892 642911.328 707581.4786 651860.9389 848648.1677 560370.0533 
642674.4471 494198.4179 706854.607 586799.8989 657768.0844 716218.749 797965.536 751793.0759 716767.2564 714613.0515 700951.3553 761860.8266 778712.2099 742450.11 627063.2246 677517.3625 586322.7282 791458.1043 658082.0375 693452.9071 652105.0215 874058.594 826817.861 833428.9394 770039.5804 622635.697 686516.721 661318.1418 767620.402 810833.488 543438.2607 756375.8022 675797.268 754434.7414 710520.4544 612436.0059 627130.5148 649618.2935 651823.6854 767264.186 775892.9768 778346.5832 678919.3332 824463.1663 713374.8138 650428.875 623223.8378 745926.951 671659.5617 602434.0079 830644.016 611077.0316 746870.8038 896758.8659 645703.4046 589192.8783 810915.3508 664814.5872 606960.7885 649018.5621 621239.3153 679193.0751 568753.6693 621658.1383 549139.9417 775466.8182 540814.8817 765731.4886 656791.4166 778569.1191 656009.0538 711430.1854 568095.2316 750631.6942 733185.9515 743089.8365 690098.6972 670183.6476 653686.8485 698094.7994 832521.6453 823389.1925 696771.721 662503.208 674636.8532 882041.0598 625824.3621 671651.9326 681079.5544 497448.292 
668891.4552 805120.3537 638427.4278 692773.8165 745541.3766 720440.6481 448001.8565 808591.7735 716730.1199 732864.8572 817429.6638 696517.5087 597310.5457 634264.3487 681318.624 542386.9288 714607.1328 677832.0331 586532.8832 773452.215 473589.769 590532.3032 766595.8363 902153.7392 615148.2309 699940.4492 606104.8569 844286.5109 709435.5927 611064.9559 541850.5705 720464.4439 597601.0483 673703.9801 686766.6389 640014.4899 658632.221 796891.4678 767353.5139 772512.7797 674609.0793 503877.561 678024.77 662890.2274 680445.2622 779183.5839 722444.2266 716558.9914 865992.9173 717067.3068 651993.0204 738426.7775 749758.4901 709273.6487 687766.507 767884.5071 661865.5384 700440.3447 608697.4631 654018.2294 687374.3315 804166.4198 651127.927 450277.6921 656303.7897 714163.4737 683528.5606 822980.5948 530969.2824 638871.0968 778682.8408 709217.3803 615453.0396 627515.5018 814109.3246 697767.8028 717553.7511 744622.3518 822467.729 678935.8308 735415.2206 657301.026 709159.6473 707912.0716 744190.1501 702865.3315 748102.0878 600555.1577 826287.7568 731277.196 
698410.2737 632094.5981 537504.5939 750492.4197 786656.7814 752781.6944 663175.1417 798972.5745 616160.1026 840417.9414 540075.1002 743028.8274 722465.1642 788744.1174 528219.8457 543820.0854 623013.3782 446561.5899 795707.137 802640.3938 799313.8848 648454.5006 860407.7446 785808.3906 695491.2444 752604.3766 811940.0391 710605.9031 607376.5606 728881.5602 581832.9104 749477.7778 793753.9712 802199.9954 836336.7 770248.7096 764052.5605 755097.6543 765938.0228 610642.2133 623143.6151 663261.0308 904505.3439 754725.6736 785177.4996 656623.8042 693858.6937 660803.2593 528834.5938 667302.2916 745509.0007 680562.7328 666702.1954 656950.3808 592472.5727 726775.9887 679226.2382 896533.3338 648902.3355 730460.6645 656867.5408 515783.2723 702976.707 585088.4347 762505.1193 639992.4411 637167.3074 714329.4483 586031.1207 663725.389 551062.0508 696082.0125 814593.1159 882282.7533 675516.4419 626296.3345 844832.8453 755443.5612 853068.5308 534768.0755 633592.7089 582332.3854 645155.5452 899594.917 745045.6478 971349.1801 766344.9582 809984.9914 647141.2892 812769.2022 
790293.4081 695648.6037 620370.0985 849408.5423 604997.8191 643075.5414 580848.8646 712975.9068 639212.1095 849010.1121 779736.6407 573804.8747 667926.3681 705497.6873 751549.2656 662669.0839 682066.6778 734716.1641 700952.6536 633595.1606 735813.9787 637589.3553 638084.5607 740330.2049 663867.8317 817348.3801 694146.6143 670133.017 800505.4092 725464.0458 774422.2806 670679.6332 698797.5288 699566.2274 684768.9999 594522.3932 695366.8653 624817.4639 589416.4823 651683.5108 799598.1841 534466.547 663380.1397 487492.0318 630499.3575 606667.6097 724412.5285 638401.9663 728988.9678 614013.7247 753920.5631 618155.2437 803921.983 641048.6324 743177.9325 696066.2346 643906.0779 777259.1188 544869.694 707586.246 770489.8865 609932.9088 569841.2049 804818.1607 585088.7092 836390.7726 739924.1725 520293.809 782339.0622 635933.7942 782542.9689 696201.1309 687311.1641 699512.625 694818.9222 525325.952 707450.6968 779969.9612 661319.5982 586623.8696 692501.8726 779692.8879 846787.2921 642406.1717 582036.0648 646270.8375 663918.0642 692131.2984 618055.7797 457322.3925 
719580.5681 581097.0514 701410.8862 670287.1015 706431.4646 622403.5069 714399.976 492238.6611 817054.8396 445579.2298 606398.2613 619894.1579 497004.4213 706388.3299 690803.7261 643114.9164 512009.112 745486.8085 711569.9175 641029.9685 804373.5483 734687.9172 625998.8962 639760.0146 742072.1819 699157.8401 642894.4303 763741.524 653257.4365 599392.7501 729696.9603 614496.7513 743459.7023 627837.688 735320.3602 847410.2818 717975.5435 652999.6691 675965.5217 812335.7007 758645.5996 734415.6763 605994.4312 638712.675 801622.1854 677894.133 730621.6755 588692.8649 693504.8444 611281.4345 607319.5508 749744.5739 853543.9582 603220.3639 823993.4445 704713.3558 693942.4928 674551.6844 716302.8806 661975.8162 594925.062 687331.8388 733771.5339 786259.0597 740996.6347 774248.0696 567773.9514 590233.9644 774835.2649 644595.4165 775856.3638 691484.1337 668588.7612 615024.4812 673098.5079 818443.6503 567559.0598 803363.6916 679109.5479 648606.8106 724615.6288 724648.0871 629616.6173 798548.0848 605376.0991 737248.4591 635597.864 792583.2452 849582.4272 689875.45 
568072.0493 677299.3774 634570.0154 704387.9813 619715.3937 751091.7687 645862.575 540744.238 463757.2091 583539.1599 705087.5928 773353.6043 673623.6912 558021.8238 657264.652 792732.7314 647350.5805 567529.3014 608078.641 790452.0572 819069.4835 682669.6742 608981.4866 758028.6688 426715.4953 638249.0053 694321.5304 865405.3918 706199.6045 706319.5284 705927.5113 541654.1744 848159.0747 512496.7581 799056.7923 700467.3725 722452.8024 688133.4941 714134.0554 682198.0758 637016.7775 892423.3674 729648.9216 749703.5925 713186.5335 544522.6701 730037.6604 691959.7224 596515.6538 700540.4592 719656.843 539701.1326 674407.6432 678609.6659 718536.0271 759140.794 684681.0636 750979.855 715469.5086 628272.7254 817607.7546 727430.5937 750596.1299 849502.5126 647364.7445 671447.5575 757695.7845 648309.288 589117.3928 716138.2019 783009.6152 828710.1057 756011.5252 625865.9564 796162.08 778593.024 731442.2544 830150.8267 575331.4472 711939.6116 670769.2138 776103.3863 547319.6297 730262.0245 639140.2136 797668.5827 663840.1418 828990.6423 653708.8853 790822.1075 
606077.423 666016.3587 626901.3578 656057.9741 563901.7343 765116.0229 657542.2931 651299.8493 755327.345 568454.8434 680513.9425 723744.1483 883931.5423 792633.7003 766187.7488 998763.5635 670322.1625 612777.4853 701887.1164 796509.1388 839069.2274 659493.8655 724458.3215 701637.951 748173.1357 714846.0832 677524.7825 827931.67 658534.7888 792280.2243 712056.8648 580292.8031 612956.4993 683822.4093 731282.8274 729812.0717 773540.8506 678890.4052 698248.5963 637698.6907 783075.345 693692.767 613000.831 585257.5919 691445.8478 693378.7866 761469.2365 655822.7142 763910.6865 754610.4486 611969.4899 800697.1729 672968.0667 651696.4573 546825.7696 658872.5871 663951.2952 850261.488 674104.5525 619332.8238 578505.0992 711162.0009 739323.1079 688966.2318 805784.898 739057.0938 600428.2835 744574.4025 869100.2785 630933.0071 634520.4228 704665.6009 714494.4386 667795.286 503557.1525 866443.5411 621080.5448 705527.0304 470150.6068 564991.6039 722122.7072 524775.3124 765835.3088 582143.6182 746389.2205 789747.8204 752045.1822 759123.0121 642530.9596 675882.0372 
576401.3903 835437.6037 776183.6386 684127.9126 666673.5879 676025.844 792121.213 649225.3772 757353.9334 560449.7577 674373.7677 743075.258 595031.2017 443939.5203 710630.3409 738802.108 608800.4711 561713.3335 674231.2584 680714.3252 760877.412 788040.7584 649552.4328 693556.4954 670219.893 793964.7186 812689.9441 533330.5094 782041.7874 708998.6218 970579.6031 786543.1262 857981.3306 658535.228 778365.5279 956333.8691 827355.0476 638394.4575 654585.143 635706.2411 682479.1214 615159.0676 781461.8963 661006.8987 676186.4519 583784.023 810067.7234 663149.9877 697980.4077 698528.9946 632901.5913 653585.9028 735288.4556 681673.3919 604613.8405 794075.6949 575374.9011 708423.2682 550400.5428 845457.9677 677644.2159 652817.8226 565681.4196 728082.1918 467876.5953 710559.5023 629360.4234 552904.617 771369.6236 637643.5484 763552.1893 721235.6354 624781.9518 623614.4441 693380.4468 589722.7831 839758.5157 729269.5637 851181.1749 671041.3252 663339.1551 726368.5034 723751.6736 717345.3441 718016.5456 689696.1296 663520.8338 771702.0565 672779.4579 566011.6746 
930951.7638 832917.6228 716519.8205 767455.3349 687426.8563 631179.9997 661267.9101 663389.0232 537969.5701 613333.9493 709207.8911 642651.8732 774409.0187 740745.7363 618700.5373 790258.7985 676924.0188 527297.6214 496649.9456 715380.9433 712574.186 431144.4069 798584.2933 634552.1226 709019.6727 682425.493 760168.3756 749496.402 501551.7343 795834.0105 741479.0772 652428.1467 664253.3967 829767.7781 699708.0335 761026.8241 721235.5238 587252.7666 853331.5906 825561.9913 665681.2346 769558.7947 654136.4263 820147.2051 735684.7498 779285.6105 699915.1936 725567.4314 550045.8298 773909.7815 620251.3504 746097.4944 624010.258 601231.5784 638646.3103 550815.2927 722860.0641 472172.5522 704798.7696 722225.1181 675383.6822 662846.6461 646262.3643 640734.7399 732408.2301 673521.9989 669895.4459 703437.8848 799463.2553 688194.5317 723411.5954 793402.1784 599018.8508 606637.2503 670913.9121 634325.3558 751322.697 659033.8382 659424.5368 685291.0096 803758.3912 927558.6253 804128.3116 688913.7574 836344.7527 721276.4744 748485.324 581086.8574 802076.0654 611735.2378 
845495.9333 835480.4544 724725.5717 542364.3245 670484.8583 597309.9952 746562.8922 566967.1662 540124.7723 571373.0091 471082.2094 442730.616 733722.6385 774306.5219 753072.0602 859976.9954 907565.9064 763261.747 769474.8176 494246.4421 738208.1009 626721.629 724138.011 686126.562 803608.0316 497725.8147 727674.5285 689322.3399 882381.105 767034.325 417612.624 726741.1982 573079.132 638201.498 775417.2987 660122.1101 729471.3631 807594.5545 655116.4173 692711.4604 571333.0844 689858.705 695541.5535 795892.255 688511.7115 667015.3051 657949.2335 736629.2128 832645.6993 515455.8292 681062.097 703466.3768 859667.9833 682114.4965 513804.7381 870268.3887 741268.4981 697209.8318 816239.3258 688026.4059 692282.6345 578206.5747 784239.2769 847573.6252 600948.8875 803771.8644 792591.2704 640477.9911 637029.2628 658528.8504 700092.5862 704028.4241 772860.022 728386.5858 522880.8301 815254.3689 650035.5678 733892.6258 831245.1318 706039.2511 576775.3916 797872.5499 546240.157 740042.875 595179.9811 628956.5294 721940.9509 621390.4926 741797.5502 723041.1503 
552987.8753 704209.4449 669983.9815 692728.3143 624821.9704 738931.2411 647264.2181 694950.3316 786011.8953 602939.0479 637874.5588 730475.8701 693866.367 839237.1702 757582.319 762476.3034 632245.0409 720413.4153 765244.1888 734008.1831 724719.9992 851170.8253 796525.4896 553554.922 613346.8949 653822.4939 663709.4557 707383.7396 540519.8758 631527.1846 619936.0594 840015.8168 613709.3096 518111.5418 754472.2471 606325.4568 700636.1391 514251.5681 638854.2891 758439.3638 700065.7509 709566.8806 612238.9054 827246.157 681727.6003 651337.2274 891498.4508 615466.8368 607065.6605 667887.8562 634598.5339 785972.7517 748218.164 750585.8381 591294.7341 744998.7354 643833.5407 830304.0931 754295.2513 714184.6207 678259.1775 706845.3135 815711.3449 668124.0222 643313.7484 865807.4553 670179.0934 673836.5058 660297.7833 796136.2911 797737.721 630640.5867 750593.5388 696954.1428 818518.5616 683804.7498 792280.5873 539530.3011 853401.7769 640365.5293 672153.8269 558152.2689 691367.3403 625717.8556 721676.6839 878984.6534 858817.6627 725984.4762 669155.453 863721.1892 
755827.5864 780633.7351 575040.1464 661739.8699 785488.3433 631140.8334 774033.8559 622664.8606 581693.3176 722106.2859 794316.569 654419.0636 745452.5607 649976.9853 736659.7168 665117.0408 725064.9988 809388.0692 884863.7011 595633.6993 547229.8088 617130.0405 567810.8822 798082.9161 668417.781 605529.5781 669171.2075 791322.2745 759781.3718 714996.6524 803378.1022 586416.7355 706896.2694 602846.3631 765055.3041 691605.3672 708059.1199 667366.6146 638179.7718 674629.808 823181.7414 713516.1938 810188.1474 499165.1848 638433.2739 801522.8692 579713.927 615326.4524 792581.8301 675603.9687 742798.5891 764743.0308 625319.6888 806922.3151 638733.0243 867886.2975 615164.2367 832366.9063 704308.2774 557287.7312 628504.5696 797808.9467 867738.4912 713793.3028 523456.7353 866605.5603 644108.5119 669827.5908 694504.8871 762400.5396 782784.9528 739359.7027 636317.8556 636072.5909 771562.6284 747643.6663 735267.3621 809122.9571 575400.561 706649.3024 667082.3852 711049.1995 730337.8582 577687.825 731943.5739 668857.6517 811481.1592 698450.7235 725011.6865 804594.1697 
776115.456 775475.0293 887041.2239 617562.8509 647066.578 609667.4404 770553.9621 800594.9338 760724.3889 688424.5674 819929.0973 721808.8389 749777.6976 623253.0007 639167.3879 666207.0748 809194.9718 755060.103 690785.4444 629487.6207 686884.5538 788035.3066 750624.25 890953.4613 579056.8871 811094.0247 783387.9832 617061.533 622633.805 584417.3739 898744.3034 592753.8356 712263.1045 718467.761 861517.0955 600810.0587 713669.6089 725208.4372 745233.7468 667183.9671 605652.2404 661923.5672 701537.2072 467016.2256 683359.8845 794071.7504 687575.3653 565364.0228 631836.5891 690081.768 472835.0485 703180.4981 627626.327 574529.5758 707822.0204 562999.0217 789178.948 827777.5569 585333.575 718541.4378 703602.8488 904430.1007 566440.4953 695695.5654 612990.2211 596170.6501 877180.9372 862400.3124 646961.0436 696798.5716 556006.9506 811117.0001 644464.6377 645679.5783 785483.4217 779998.3879 571436.6724 712207.4029 564173.8398 579401.7943 698366.6103 875701.3864 850680.0301 721345.1542 862778.1925 644846.4197 813620.3652 778645.8215 575667.5918 820304.0935 
642712.3939 772969.2033 898843.5516 692112.3957 554154.8336 730162.2605 830589.0737 761649.3674 715312.3737 764806.9405 912037.0105 647193.7004 682528.3783 654533.9687 872326.4025 710418.5247 566391.6402 691403.7905 594065.4959 683427.6545 752915.4153 706530.4527 528865.5835 680005.2207 649955.8365 694942.2764 691230.0863 713167.2897 741535.7697 700164.757 574335.9871 537545.8264 675938.7795 777445.0117 841564.2062 784758.3413 765623.6256 741641.6195 682883.159 786316.9173 877087.4624 841936.7498 726072.5138 699756.258 616771.5107 743752.6948 800468.9046 733689.9903 652218.7214 859795.5461 670050.068 783377.0409 668391.7568 691965.0904 611347.0461 770519.7006 786810.7001 759769.0489 825414.058 618582.9362 892863.607 669197.7157 664370.4979 847902.2235 675848.7781 609607.8295 699603.3216 625344.9988 878279.9738 782086.5041 764646.4265 604237.665 899474.9569 807816.5695 551316.2837 783823.2136 737192.2156 692091.1641 786151.1883 755557.1074 755607.2928 671177.8682 817327.9376 546684.5016 622041.2728 663740.0028 704557.3573 679104.0874 650834.0066 746890.2371 
905669.1052 774491.4121 774273.5051 754527.3965 903806.7982 798937.6811 815223.0527 683615.5225 687882.2315 735057.6485 713329.8823 832940.4684 657404.7029 534892.8692 628517.2902 726125.5131 739330.5171 559209.418 631500.0984 761666.4515 783678.2189 713698.6479 728658.3383 680627.276 555290.9884 584413.7449 610560.3032 926195.7473 783220.9789 869094.8752 801963.0126 736425.8333 645852.8183 763010.4649 843586.5398 619156.2158 725072.8376 788162.4171 702655.6557 587257.3991 800762.9168 824073.3634 801932.0736 795345.2059 824469.8127 597408.6721 748545.0168 844949.4186 582649.1474 601072.3916 699766.5708 776771.1612 840804.9949 707825.7979 761239.0125 640564.7075 825386.8108 731727.1179 764741.3403 726865.7808 548556.2803 648548.1063 727173.1765 670029.8361 786078.8468 658942.8366 608525.8899 741454.2046 881025.5105 734154.2349 792335.8256 726425.2945 701429.4901 756915.9599 724680.0199 645926.5752 754084.5523 811942.4211 615256.9902 572206.5664 622477.4215 729634.1208 742857.0743 682754.298 814550.5379 662956.3435 713855.5724 608009.2963 698947.8257 744354.0407 
718823.8252 680733.7846 842828.7126 807165.9153 702295.2584 628645.4401 853689.9274 822935.4242 685605.9613 646196.0314 725677.926 772141.6029 575017.2747 633803.2147 672912.5276 694788.6145 704692.2276 662975.0209 584744.5215 720176.6686 578837.3103 669790.1336 639565.1753 635392.5602 783038.551 842509.7505 994297.3571 793773.7982 740009.47 834850.2166 766640.2982 827579.4008 725653.6037 770863.9578 593674.4677 798385.9982 757432.6656 604177.076 680877.5661 908640.1847 615328.0383 741199.6062 801389.8262 707503.7303 579829.4324 926418.9737 622283.6387 688674.5469 760426.1235 708436.7373 834554.7524 794533.2939 588537.5404 834992.4586 691295.8332 640934.4065 692487.3899 937629.0892 726480.1894 775181.3845 703730.3287 582574.5771 612376.9066 686928.147 545631.3404 761671.8994 671471.4326 868352.9324 769380.9993 966375.5534 784493.4344 897641.7917 904064.2823 589218.819 898036.7956 825998.7602 748191.7591 695398.4326 711675.4455 655029.078 643428.1082 892497.102 629832.7341 856504.2919 757219.1344 696930.358 893059.3608 890756.1129 586757.9413 775934.612 
694230.7733 680941.2977 733940.1691 832759.3852 776732.2008 789796.4082 650118.7181 784852.1523 552885.6048 693454.0209 640145.685 751149.5865 806507.8078 617020.3922 849804.2543 770481.2987 768263.2358 732197.1431 759081.8249 669680.4987 627232.0939 681426.1723 733971.716 725749.855 690585.2498 727459.3408 811129.985 712879.404 746816.9119 759488.9891 755192.1894 697772.363 663404.2406 689217.7265 773396.6509 721142.5855 800661.2723 694475.0403 683070.5057 809124.5067 790684.116 685485.148 632765.0637 798562.9336 955530.4785 694731.4729 655664.1882 865103.7914 609992.265 618811.5314 725225.3846 720584.2398 859377.7362 943240.0721 711293.4918 611811.4935 762699.6779 727002.7844 700700.5789 749413.7795 727357.5832 769804.9187 759092.4698 548919.854 899834.1571 748017.6359 914886.9284 831181.0924 751908.6655 752550.9788 688685.7359 763298.6238 792948.1743 754154.5999 665416.2743 777253.0372 751911.1841 643401.3275 703293.2951 605297.5576 788082.6785 862913.0544 682698.231 682786.6564 737645.2346 763203.0331 622108.9682 880125.3366 684508.4638 592574.1138 
727982.7818 653570.6678 643444.8112 857880.4099 710317.9853 731984.189 733189.0252 798462.6554 844321.8574 863573.4154 898925.0936 755561.9181 672683.3035 839079.0797 705434.7006 733650.1552 724863.3925 745924.7071 820757.6709 803195.5603 518736.5181 790217.5919 691807.4858 598215.5791 880436.7295 678171.825 715351.7032 958410.3513 744825.8404 576248.6634 761618.3543 806831.3603 636857.0888 759389.2102 596235.2593 658766.9529 683026.977 729694.5009 700399.1285 879693.4635 803344.7941 831829.5828 701272.7851 742623.5081 612386.0141 769198.6723 650862.3515 763742.5805 690284.7214 719370.9057 759519.043 605953.692 744964.6259 782892.9674 869510.9618 765980.4918 763899.8556 773740.2957 750255.4978 640411.9001 567391.4632 724346.6659 719772.2401 709221.6871 574460.3164 639170.6061 749224.5748 760077.7297 632728.6699 725293.412 690831.4572 624130.0887 691936.4129 647292.0339 703619.4076 783439.9508 579708.5012 704405.8903 572746.9062 672114.0573 698490.1044 826151.7086 609687.9608 674707.5328 791526.2209 762468.0008 590980.8903 775361.4828 847194.3164 610753.4164 
738279.522 832928.1649 879308.5738 624994.1777 790086.0576 674119.1149 582726.3105 731723.1345 690848.6037 871616.5436 1068919.636 575129.4928 680186.0036 864566.7434 699066.459 550079.7948 518028.6796 678549.6516 705927.4673 614137.1256 675339.3712 776273.6209 749410.4094 674229.013 728043.2181 786625.1971 731070.0759 674220.3942 751946.6174 812823.6392 654896.9976 696764.8099 784172.9153 854191.3531 790433.3393 706471.7227 585234.7427 844619.5755 724318.2165 640100.5144 747859.2171 726854.8307 731887.4239 509078.7958 715904.8867 833641.5962 714003.1078 732531.7051 749825.9523 628640.2019 692559.5475 768334.4962 611953.9405 640028.4337 885858.3269 703835.2248 813041.7855 609768.0937 755403.1048 599865.3052 593472.3772 817645.7697 586929.6484 839890.214 744910.9251 992632.8747 760853.5067 675609.6792 706977.8699 800196.0744 628750.3059 761450.5324 615494.1224 576772.2229 730843.5813 662335.749 554777.0051 557586.1199 573631.1866 706763.549 690322.643 623666.3868 567729.9015 705336.2818 671401.0019 659538.8336 679048.402 431555.1776 663129.3507 768025.77 
654438.3908 750876.6854 626383.6763 834453.1843 700294.0527 636943.1608 632035.9411 820671.5325 710791.1114 532150.2474 635002.7543 604366.7021 839416.2178 791312.7335 809826.1887 630815.051 820007.2431 849810.9248 683676.8297 614367.8563 824858.7051 837449.5178 722892.6323 758077.244 726425.1215 759332.7645 722848.2442 655557.299 899305.2581 817030.8963 796017.5677 845591.3162 761970.9063 787376.6303 782679.9504 746152.4886 759002.8137 736320.515 803403.5835 644646.4869 744617.0108 606452.5439 812479.1084 625079.3144 829929.8274 703353.8159 787005.9084 608370.9716 768242.6727 728876.1595 577575.8554 727186.8805 633424.7688 666067.8319 437043.6934 684560.2348 710744.1816 798364.6427 683161.5005 859904.2492 800001.2356 752085.3039 692083.981 825169.5906 521185.5962 642144.7339 668996.8686 675874.1113 760378.4286 645861.6052 712675.2112 660037.9823 699789.1629 531828.1007 782776.8902 831486.3644 714341.2841 569567.5829 815285.9632 758007.3526 755057.8733 854052.3459 643798.4296 622409.8893 571286.5405 729103.4494 804795.9659 724877.5931 730057.1592 683019.1598 
504273.6329 700778.8047 750139.3306 778452.7952 686371.9348 580738.0041 671596.6164 772830.807 761594.4569 711079.1206 732126.406 750501.7163 630140.8279 788441.4261 635772.3956 629745.3749 790139.511 750214.3402 761802.1792 753131.637 579069.2087 835336.8483 821298.6623 627408.4142 743898.3536 855754.1241 751741.907 701590.1973 686889.5735 601658.8456 703846.6665 725021.4005 749024.5737 841751.8523 806556.4281 777096.4787 480088.2826 780780.3496 766563.825 794336.3136 891377.5441 724505.3158 654330.0281 805011.5101 751737.1303 680237.2325 968903.6129 568372.4616 854674.9668 687610.6693 763218.0069 646324.4887 766407.0949 838356.4681 709453.3685 705793.9099 714660.5249 766052.5794 652240.1365 809983.03 672889.2785 627626.6582 711504.2822 669220.9348 777252.654 862508.4896 739512.4625 648358.7159 742499.9541 801599.3756 746412.8817 801650.7202 736257.8512 721640.8131 746657.8336 664562.3955 607570.0519 762740.8865 717193.5565 834558.5804 581140.0556 800508.7506 651161.6376 651201.3926 621599.4139 661164.0121 758624.2298 624348.1517 618374.1764 685157.6379 
817761.5575 680396.1692 683676.7747 731592.5374 657548.1274 730943.6042 652489.8129 807566.6588 846991.7204 690502.9814 515717.8014 633887.0779 746952.0128 726781.724 744656.5741 704806.5205 594144.6254 707136.5349 670049.3959 706314.1955 743260.8419 766532.549 851970.6531 737258.2678 726264.5042 617240.794 712420.685 689756.0983 804841.5643 895386.7613 510022.8132 831450.6747 747290.6293 718868.9755 782833.9096 797619.4958 648960.5762 705700.3137 813928.6928 727775.1954 723703.7355 571465.1768 802699.8243 651744.0689 735056.6442 782263.2686 675752.8865 652529.5668 666272.8274 744468.4743 694236.644 729595.3867 788554.0321 695770.8961 677308.505 616670.7703 595194.0942 841405.0246 641712.0352 810624.7706 896504.1765 677965.1092 647103.3078 663943.8453 577248.66 749132.237 918810.7631 861978.5639 798302.2383 766585.4655 810168.4225 682051.937 662356.8392 757852.8848 844162.4805 744187.244 712809.3137 659366.4711 812905.9206 711745.6458 602908.3586 574221.3889 664417.9663 685945.8729 830706.1771 794703.3428 581959.2807 644009.9517 714321.2911 681082.4578 
717421.9428 736683.3039 704515.3477 645652.4813 611827.667 681228.0361 771523.0095 698533.841 454749.0907 707614.2774 724734.8942 862417.5173 561153.1778 642371.5201 595979.8316 841129.5348 771648.7064 813287.888 680580.9737 756894.6225 741080.9315 759459.4236 628489.9242 737995.0672 688442.9878 803962.2676 782077.5822 816470.4813 621384.0799 772808.2299 582959.9343 823582.0811 656967.4256 745489.0106 826779.5274 783854.0173 749482.9046 735762.6389 791514.0979 683296.4743 437722.0125 587294.4076 709676.8424 788970.2482 760089.4313 814115.027 831555.5432 753342.4891 680016.0013 679467.222 691033.7178 717192.9813 590555.8471 770053.4064 626799.3225 832082.3943 743250.8253 610357.1176 655321.1664 642386.8632 741327.449 736771.0751 626646.8411 699712.7006 659780.3612 689146.7097 655043.2387 722733.4622 571929.5261 671109.0414 990591.3249 653875.3881 561081.7322 659192.5994 453711.1355 707386.0976 926350.0324 796567.4016 734996.7563 721118.0911 740110.1826 651754.8322 779966.3154 653459.3531 787627.7588 647133.7998 729570.2242 689672.5403 684031.5465 771568.6298 
784411.2472 690818.1787 667178.1645 579274.9021 683928.0253 860558.7982 564516.7257 740001.5496 544769.0306 535129.6485 766058.353 840787.232 595862.4576 742276.7355 662826.5075 892269.7009 849913.1199 711418.4238 733660.4371 800832.5497 855049.7082 611727.7609 613297.5973 745944.3188 734674.6535 659063.3544 730756.2772 841462.4349 729705.5678 797432.612 608126.0693 641245.3513 785969.2137 825958.7527 743820.3973 849625.2552 589402.2388 765031.6694 740704.3159 640864.4354 828742.3298 634042.7054 544951.1403 677702.1832 576207.8933 807228.091 797094.5794 616142.0242 787035.4319 644286.09 702862.247 861709.0613 647344.3652 690870.6627 744575.1751 655543.1988 705433.3365 754559.3334 805754.4336 717625.7744 800669.2696 704495.7837 754766.7805 766603.6166 734145.1663 714542.4592 721423.4814 687271.6335 930439.2189 680438.3368 624765.8161 546107.2599 701261.3044 719639.3835 607688.4668 811428.3306 556655.4947 715483.836 750554.2137 819955.5092 830669.7594 748755.6379 770051.7456 729489.4827 681698.0546 736628.9972 821494.3056 653232.8177 781139.7898 767382.1079 
703308.1332 663001.6528 711689.5873 794312.3601 847373.0447 749812.7295 742690.6783 746615.0112 697437.0821 734915.6791 805267.1807 636484.6003 714575.8168 713584.1239 657855.7343 650338.4306 808280.2218 736176.4416 782808.2982 760186.3015 667616.5606 702017.1599 559415.0411 762528.3358 749599.7203 746710.0759 801792.6201 750493.7698 802864.7083 770490.5616 645034.8502 746521.2408 643020.2065 659035.532 729374.4669 750493.7941 695075.5736 704840.9351 522477.3504 669719.4188 647528.6343 592454.4778 804450.8746 758668.7 655911.6464 581906.651 480879.0828 603260.6623 677485.761 697564.3592 573214.752 764530.6339 742211.8489 711775.9504 701860.8943 758733.3988 909171.5591 649381.2971 768420.8779 855533.1525 665825.6891 754706.9134 668912.3722 619709.114 677068.748 741278.7956 661800.277 788606.808 761736.1436 873267.6191 727152.5878 716904.8067 704800.3836 685605.3018 562383.6832 673572.4704 779228.7792 783334.1884 833633.4695 655625.3449 728933.143 762309.0334 768972.6863 593919.3006 663367.7167 672463.1526 647972.8652 719075.0246 756986.3989 622969.3379 
531362.7179 710595.9984 765123.1562 525875.5562 601986.5542 732437.265 835886.2552 795006.6807 737442.6939 735382.3544 860607.214 739331.1622 736609.1627 659963.144 738664.117 681060.9463 555885.5643 914215.5892 800554.961 638802.0348 802843.2329 767770.3563 846253.6953 608497.35 717154.1477 681399.4883 675778.4438 698524.3362 604146.1965 749502.8026 832189.0605 748562.5415 798848.134 821266.462 660028.0944 690963.181 629482.2117 747623.4649 712541.3055 718233.4026 734597.2235 681148.3162 708058.538 794632.0758 779147.1582 730960.7615 655329.1211 551399.7524 709313.4692 773176.5315 783341.1186 644864.1929 766326.1912 628375.434 842925.1683 609637.503 787876.1768 659098.4194 550773.2601 737048.4244 894511.0716 681532.7429 688642.1081 725195.5892 828025.0604 703784.1427 637896.8152 616008.2643 760481.2917 645165.0525 723419.1894 984802.5238 589787.4318 752412.0048 735527.7839 882278.1554 852152.8731 739046.5151 582915.6197 866271.7426 658004.6554 676878.4824 741050.9047 700524.8281 733217.2646 750454.5805 767834.7518 642563.2797 686338.8635 702375.5918 
717735.3373 800713.195 647603.1405 931161.1748 630351.1059 728362.5704 616194.7066 649070.1226 791746.8856 732256.5518 802680.9628 670198.8583 730061.9988 745528.5693 703657.1649 677392.5308 674544.9492 531227.9051 659090.7945 759976.8012 712268.1916 800098.6442 658040.1913 707183.9918 778772.9378 511019.1155 688367.8442 764439.1132 732434.864 652932.8644 752212.3695 690357.0666 676729.404 598252.9096 736201.9536 777561.8305 631142.2393 745541.1476 567122.4664 767970.1331 803847.1194 651961.7372 543967.6029 780916.4186 730469.8489 646338.4803 901852.0002 647739.4498 629723.1238 639197.9871 750105.5573 644792.2738 493759.2302 657238.9236 570721.2476 703460.6469 702717.0629 653729.4217 710973.3519 779437.6368 682959.0703 720191.3631 690203.4218 890465.9908 646909.5004 907761.2871 659762.9707 727621.494 700078.0123 744055.3242 595678.1363 566154.0665 752805.9174 640759.8581 589110.0183 737041.3705 767647.4227 690228.975 690882.5874 660884.4674 639831.1136 770855.428 856505.8988 776409.1779 708556.538 650671.0371 697161.3072 705809.3446 705058.4651 821901.5197 
736317.9873 740027.0635 726145.0795 697809.3025 760120.6384 656281.2928 709503.0893 743313.3445 796388.9097 741645.8866 666467.7799 680811.5462 806755.5802 674226.6556 697675.7863 798270.6359 779650.3909 713056.6274 702838.0447 695249.593 689780.9962 564551.6046 730135.7471 640903.384 943388.691 694515.2508 763074.6577 708886.2932 818270.6484 592205.695 853110.7096 731056.3613 556487.3733 865081.7639 786313.6025 677781.5084 680188.3161 512345.3137 695147.6076 716252.7793 840001.7555 700336.508 535881.38 674022.9487 613769.4936 647813.1799 702998.5744 626855.6591 797259.273 676351.3165 560392.3405 667428.3554 683644.5816 614831.1251 707302.1215 563994.3816 585045.7689 864306.4549 729066.348 729067.353 662240.1988 810473.3823 711247.4642 565786.0926 493023.1006 498088.1662 677984.2158 665678.1426 825199.9831 772146.6008 786434.758 829770.3888 764487.2814 717945.5981 575327.3029 690633.7511 755883.6094 683003.8821 682340.1475 591348.4564 688697.7203 505357.2863 761861.6859 759369.5033 845745.3038 733066.8905 683482.1202 880761.1719 689302.8569 768578.6152 
721565.5026 614560.351 561552.7218 507156.7551 744155.8865 707978.8811 717944.3012 647422.8901 633205.9592 644582.5442 741862.0501 970632.0002 727801.3871 757899.9625 808913.3759 921381.9822 695403.2838 455034.3867 703863.2723 667323.466 735841.1821 658206.2878 697636.9564 659619.4334 789672.4496 689468.2441 745375.4272 642085.9098 706206.9379 752896.0623 631928.4847 753630.2179 677575.7594 597994.2754 605242.7071 833080.7901 620448.4412 639166.6616 905633.3542 705156.6524 703982.8543 672850.5134 738108.1994 518257.6949 592159.3903 713601.098 700771.517 612437.5396 828039.2796 699662.4294 544519.6516 680888.9344 723161.4069 651757.5174 660104.9394 710585.1108 730494.6719 806011.5505 762312.5575 772014.994 580508.4572 740493.7218 799171.1401 633541.0217 460733.6997 653089.9826 602397.6199 757718.3912 621120.015 766588.145 861409.4163 765337.1596 735800.9084 640242.6057 638156.7397 750038.0173 797746.0848 746787.3528 798859.2681 804641.6701 691131.1354 681350.4481 573961.5271 611980.4412 678451.7463 677180.9258 561175.6203 883099.3569 698083.9849 679987.9312 
132582.9594 416303.3645 295197.005 510402.7616 283455.3945 450688.541 573671.684 527402.0284 572209.958 297953.6176 358884.9209 501986.2407 288721.446 499064.4724 585034.0454 522928.8751 432488.8982 476601.0451 387315.4199 413479.3581 376663.6267 489657.4598 470551.3058 468562.6815 437598.3405 308257.3821 282318.2278 388855.4815 437264.7154 266142.7527 388101.9222 558731.2697 474004.5731 286927.3906 388596.462 461409.7968 489938.2287 485436.0212 436067.7857 384320.6581 474054.5322 664005.6108 409005.721 447492.6339 434902.6494 345034.8567 515375.9321 467277.3318 308076.8115 248570.4163 493376.0332 510317.7636 308009.3884 415585.4076 425249.1232 430679.2612 352205.8755 324286.2649 442844.3517 372812.2626 457754.9092 394524.2775 401929.4369 466652.8115 373771.2414 436665.7494 357021.2303 302498.8761 571237.5323 276241.6505 315788.761 536549.6854 453910.7083 434557.0399 428681.8981 470229.7497 372696.4893 418108.766 384231.2654 504806.6727 152947.4033 334162.6671 490347.8225 392894.212 429574.2342 439775.7107 348618.0973 523831.772 268083.7217 306035.5713 
0 0 0 0 0 0 0 0 0 0 0 0 0 0 0 0 0 0 0 0 0 0 0 0 0 0 0 0 0 0 0 0 0 0 0 0 0 0 0 0 0 0 0 0 0 0 0 0 0 0 0 0 0 0 0 0 0 0 0 0 0 0 0 0 0 0 0 0 0 0 0 0 0 0 0 0 0 0 0 0 0 0 0 0 0 0 0 0 0 0 
0 0 0 0 0 0 0 0 0 0 0 0 0 0 0 0 0 0 0 0 0 0 0 0 0 0 0 0 0 0 0 0 0 0 0 0 0 0 0 0 0 0 0 0 0 0 0 0 0 0 0 0 0 0 0 0 0 0 0 0 0 0 0 0 0 0 0 0 0 0 0 0 0 0 0 0 0 0 0 0 0 0 0 0 0 0 0 0 0 0 
0 0 0 0 0 0 0 0 0 0 0 0 0 0 0 0 0 0 0 0 0 0 0 0 0 0 0 0 0 0 0 0 0 0 0 0 0 0 0 0 0 0 0 0 0 0 0 0 0 0 0 0 0 0 0 0 0 0 0 0 0 0 0 0 0 0 0 0 0 0 0 0 0 0 0 0 0 0 0 0 0 0 0 0 0 0 0 0 0 0 
0 0 0 0 0 0 0 0 0 0 0 0 0 0 0 0 0 0 0 0 0 0 0 0 0 0 0 0 0 0 0 0 0 0 0 0 0 0 0 0 0 0 0 0 0 0 0 0 0 0 0 0 0 0 0 0 0 0 0 0 0 0 0 0 0 0 0 0 0 0 0 0 0 0 0 0 0 0 0 0 0 0 0 0 0 0 0 0 0 0 
0 0 0 0 0 0 0 0 0 0 0 0 0 0 0 0 0 0 0 0 0 0 0 0 0 0 0 0 0 0 0 0 0 0 0 0 0 0 0 0 0 0 0 0 0 0 0 0 0 0 0 0 0 0 0 0 0 0 0 0 0 0 0 0 0 0 0 0 0 0 0 0 0 0 0 0 0 0 0 0 0 0 0 0 0 0 0 0 0 0 
0 0 0 0 0 0 0 0 0 0 0 0 0 0 0 0 0 0 0 0 0 0 0 0 0 0 0 0 0 0 0 0 0 0 0 0 0 0 0 0 0 0 0 0 0 0 0 0 0 0 0 0 0 0 0 0 0 0 0 0 0 0 0 0 0 0 0 0 0 0 0 0 0 0 0 0 0 0 0 0 0 0 0 0 0 0 0 0 0 0 
# Events [PSD_beforeballistic/PSD_beforeballistic.dat] N:
0 0 0 0 0 0 0 0 0 0 0 0 0 0 0 0 0 0 0 0 0 0 0 0 0 0 0 0 0 0 0 0 0 0 0 0 0 0 0 0 0 0 0 0 0 0 0 0 0 0 0 0 0 0 0 0 0 0 0 0 0 0 0 0 0 0 0 0 0 0 0 0 0 0 0 0 0 0 0 0 0 0 0 0 0 0 0 0 0 0 
0 0 0 0 0 0 0 0 0 0 0 0 0 0 0 0 0 0 0 0 0 0 0 0 0 0 0 0 0 0 0 0 0 0 0 0 0 0 0 0 0 0 0 0 0 0 0 0 0 0 0 0 0 0 0 0 0 0 0 0 0 0 0 0 0 0 0 0 0 0 0 0 0 0 0 0 0 0 0 0 0 0 0 0 0 0 0 0 0 0 
0 0 0 0 0 0 0 0 0 0 0 0 0 0 0 0 0 0 0 0 0 0 0 0 0 0 0 0 0 0 0 0 0 0 0 0 0 0 0 0 0 0 0 0 0 0 0 0 0 0 0 0 0 0 0 0 0 0 0 0 0 0 0 0 0 0 0 0 0 0 0 0 0 0 0 0 0 0 0 0 0 0 0 0 0 0 0 0 0 0 
0 0 0 0 0 0 0 0 0 0 0 0 0 0 0 0 0 0 0 0 0 0 0 0 0 0 0 0 0 0 0 0 0 0 0 0 0 0 0 0 0 0 0 0 0 0 0 0 0 0 0 0 0 0 0 0 0 0 0 0 0 0 0 0 0 0 0 0 0 0 0 0 0 0 0 0 0 0 0 0 0 0 0 0 0 0 0 0 0 0 
0 0 0 0 0 0 0 0 0 0 0 0 0 0 0 0 0 0 0 0 0 0 0 0 0 0 0 0 0 0 0 0 0 0 0 0 0 0 0 0 0 0 0 0 0 0 0 0 0 0 0 0 0 0 0 0 0 0 0 0 0 0 0 0 0 0 0 0 0 0 0 0 0 0 0 0 0 0 0 0 0 0 0 0 0 0 0 0 0 0 
0 0 0 0 0 0 0 0 0 0 0 0 0 0 0 0 0 0 0 0 0 0 0 0 0 0 0 0 0 0 0 0 0 0 0 0 0 0 0 0 0 0 0 0 0 0 0 0 0 0 0 0 0 0 0 0 0 0 0 0 0 0 0 0 0 0 0 0 0 0 0 0 0 0 0 0 0 0 0 0 0 0 0 0 0 0 0 0 0 0 
27 21 28 29 28 27 35 21 29 31 38 20 16 28 34 29 27 16 29 29 27 25 29 24 44 37 26 35 27 26 24 23 27 18 34 22 24 30 32 37 37 38 26 26 22 27 21 13 24 29 25 23 20 29 37 25 27 32 29 29 28 25 27 19 22 27 25 19 38 33 19 24 22 22 27 29 37 36 25 25 33 24 27 29 31 23 36 31 30 30 
71 82 65 81 93 92 78 85 84 81 89 79 83 90 75 83 91 86 76 91 89 94 88 79 76 83 93 62 79 75 99 86 80 94 95 96 87 96 83 83 101 75 86 93 80 55 67 82 77 78 76 87 71 84 76 74 111 75 85 78 92 73 80 91 81 89 86 75 83 77 61 68 82 76 80 74 83 74 84 84 90 86 97 100 78 79 85 93 69 87 
82 78 85 88 78 99 84 101 97 81 110 86 73 84 75 84 95 82 84 66 70 71 90 81 93 99 79 77 85 96 83 68 73 91 78 93 77 82 82 84 92 63 66 99 81 65 83 84 63 68 86 84 75 86 89 66 82 81 69 79 79 88 100 74 78 76 69 91 76 75 79 71 75 71 69 83 79 93 96 82 78 81 83 84 75 86 88 70 72 69 
83 98 75 80 83 66 75 85 81 97 89 91 88 82 74 83 82 65 85 80 92 73 96 84 77 77 84 84 85 99 69 80 75 85 81 78 84 85 63 75 99 76 73 76 92 76 89 87 79 92 72 95 83 72 76 80 100 75 89 63 82 72 86 62 82 79 94 66 85 86 79 90 95 92 81 64 88 109 80 102 86 88 54 83 91 85 88 93 83 93 
69 82 86 75 80 91 75 99 79 89 81 75 63 87 90 76 72 100 79 61 94 98 79 81 74 82 60 74 94 71 95 67 76 79 84 88 84 62 79 94 75 82 73 86 92 80 78 77 85 92 83 91 76 79 67 64 81 75 66 71 97 99 74 97 76 84 92 80 78 63 69 82 80 96 84 76 64 77 93 83 85 85 86 96 96 72 88 72 99 77 
78 90 88 86 81 87 103 87 81 87 86 88 75 87 89 81 83 84 81 92 98 78 78 87 94 88 94 84 72 84 97 73 88 86 82 73 76 82 79 82 75 88 101 83 84 68 78 78 84 92 75 84 87 76 79 80 77 77 76 83 72 64 78 95 93 69 72 91 63 95 102 73 106 67 68 70 91 78 86 86 79 90 71 85 69 76 82 93 89 88 
76 86 76 69 89 74 78 80 80 99 93 69 82 77 84 94 71 85 77 77 82 78 77 62 91 90 90 85 78 77 76 87 71 88 67 84 83 83 76 83 68 78 78 78 87 89 78 81 87 74 90 75 77 65 81 94 84 93 72 84 84 97 74 89 93 62 67 75 102 87 90 97 73 91 85 96 82 89 74 75 102 85 76 75 83 80 90 81 93 71 
86 75 83 90 93 80 87 90 83 81 90 67 83 77 95 80 92 95 91 64 87 83 80 78 81 74 76 79 63 80 85 82 105 80 85 86 96 83 74 84 66 87 73 83 83 87 75 90 67 82 73 75 95 74 84 81 102 76 78 84 87 92 80 82 100 79 88 77 88 78 77 78 95 76 87 73 74 85 77 82 85 82 76 73 88 78 90 87 83 75 
78 80 81 82 79 94 91 88 71 80 82 73 90 87 89 72 82 97 100 69 97 69 88 79 61 100 81 93 91 88 96 73 68 86 93 82 71 86 85 86 78 74 90 72 92 97 82 78 75 89 71 64 91 95 86 80 93 105 81 71 95 78 89 81 96 78 101 88 73 87 95 85 81 76 80 72 70 71 83 77 88 78 93 73 77 87 85 74 77 81 
89 82 80 73 101 68 77 79 96 96 87 87 88 70 68 84 70 83 87 85 84 78 85 83 85 86 77 84 79 90 76 75 87 84 88 94 81 70 71 88 74 70 83 62 78 72 86 81 81 81 79 79 80 71 72 72 76 77 81 82 92 82 90 90 79 67 76 91 91 71 89 81 79 82 73 95 90 85 93 86 105 81 82 76 78 78 89 82 77 77 
96 55 87 73 85 82 99 81 79 98 81 87 72 88 81 85 83 79 102 64 92 82 96 79 79 79 73 81 82 77 82 70 79 85 96 78 96 76 89 87 80 85 80 70 83 83 79 82 77 87 76 80 103 95 81 82 86 89 74 99 77 84 78 83 96 79 96 85 70 80 73 86 77 83 74 83 80 88 103 87 70 80 93 92 61 76 89 88 86 103 
73 92 86 101 94 89 86 82 89 68 96 74 81 86 87 83 98 83 81 98 99 92 78 88 83 89 79 93 92 86 104 107 89 76 92 88 72 89 76 92 75 108 72 101 72 85 85 78 92 102 87 80 78 84 79 70 78 89 90 78 96 83 91 77 87 99 90 92 84 87 77 86 81 86 73 82 94 89 88 82 96 85 85 95 81 106 96 91 87 84 
68 81 75 80 80 95 94 102 90 78 109 87 88 91 99 88 65 89 84 88 86 69 90 86 70 93 79 92 91 73 86 88 85 79 80 91 93 89 96 80 81 104 73 86 102 92 70 88 83 74 94 90 84 88 79 94 99 89 84 76 85 65 93 90 80 77 69 82 95 96 78 95 87 81 89 76 79 90 92 84 81 88 65 91 81 74 78 88 83 77 
107 102 111 87 89 80 90 78 88 88 83 99 93 103 68 111 82 82 90 101 82 86 90 74 86 84 83 90 75 75 85 87 77 80 91 92 81 96 95 87 100 91 77 90 82 85 86 76 92 70 82 84 81 93 85 79 77 79 88 92 86 68 79 88 86 82 85 83 87 102 69 73 91 72 85 82 99 86 86 85 84 77 85 83 80 79 92 74 74 72 
77 92 78 90 71 88 75 75 97 89 70 80 86 95 88 81 91 94 95 95 91 76 94 80 74 67 83 83 85 77 75 88 103 94 78 96 98 79 90 82 85 89 75 85 95 77 87 89 73 89 96 75 102 80 98 85 75 101 75 76 94 84 84 92 77 85 90 90 83 74 95 91 85 75 96 82 78 74 71 86 91 82 82 108 87 65 102 85 82 73 
73 87 84 80 107 89 82 89 80 70 85 85 87 66 68 76 73 70 78 91 81 84 78 90 70 77 71 71 87 88 86 77 84 88 95 99 86 89 86 79 92 89 95 92 73 96 92 90 82 69 92 104 105 73 80 80 75 83 93 86 91 73 91 100 78 93 101 78 91 82 69 68 67 72 95 72 83 92 71 78 86 85 74 72 79 78 76 89 96 73 
85 71 73 84 78 91 74 90 92 72 86 77 79 98 74 73 81 91 89 78 90 80 91 83 91 72 98 66 100 84 84 97 99 71 91 101 79 83 91 89 88 82 86 69 82 87 85 82 75 83 97 94 74 82 70 75 82 91 81 80 82 84 90 79 87 77 86 81 104 85 75 72 83 73 70 91 78 80 71 84 74 75 76 92 84 87 67 94 80 95 
78 75 86 88 112 68 83 83 78 75 94 89 88 85 79 74 80 83 85 75 93 89 71 84 84 81 90 92 73 84 72 81 73 90 92 77 92 93 86 87 89 96 78 87 72 81 89 90 81 81 64 90 75 91 73 74 69 82 90 72 79 83 90 66 90 97 84 80 88 80 90 68 80 101 88 73 84 76 73 87 77 87 89 87 87 90 72 82 73 101 
77 79 98 77 84 77 71 82 74 76 76 77 80 66 87 87 92 83 68 73 95 86 97 88 81 77 70 96 82 88 74 66 82 74 82 67 88 97 91 90 78 76 101 65 87 90 86 70 82 94 81 79 92 89 75 92 86 95 85 98 88 96 82 71 81 91 76 74 90 61 75 80 77 66 87 87 86 86 95 81 86 83 93 62 84 74 74 95 75 86 
78 60 57 81 103 93 87 64 93 83 72 81 93 71 70 75 65 86 83 67 65 82 89 88 80 82 86 94 86 84 67 83 98 65 74 72 79 76 70 88 79 73 53 90 79 80 69 77 89 88 85 85 79 104 68 82 81 89 87 91 77 68 82 81 83 81 73 95 84 85 74 97 83 86 90 71 80 76 76 84 80 86 74 90 91 92 76 80 89 98 
94 78 72 75 78 76 68 93 93 75 74 72 74 72 94 93 75 64 83 78 74 83 94 87 83 81 79 79 93 77 81 83 87 82 83 86 84 78 93 77 69 69 89 75 87 89 88 74 80 87 80 79 87 82 68 78 78 86 81 63 85 87 71 74 72 84 76 93 71 86 80 94 82 59 80 93 89 83 81 72 83 77 91 76 82 82 72 71 93 88 
73 83 77 81 83 74 84 78 80 73 88 71 78 70 91 82 68 64 74 94 74 75 76 94 67 79 77 67 69 79 80 79 69 76 86 84 69 79 81 77 79 66 74 75 84 64 77 91 75 82 79 80 89 71 68 82 67 90 72 74 78 62 74 72 70 77 82 83 82 86 83 75 73 71 72 96 63 79 88 94 72 74 77 87 82 72 80 93 81 86 
70 78 84 78 82 86 75 86 77 67 75 79 70 77 70 69 74 81 89 76 83 66 89 94 77 85 89 77 77 73 79 61 88 83 79 90 84 59 71 76 74 74 79 77 72 86 90 72 71 76 82 80 75 86 79 81 73 82 94 71 68 74 69 80 67 82 74 61 76 100 79 59 93 79 83 80 79 82 85 77 81 78 84 74 77 84 74 94 76 79 
66 87 90 79 55 92 74 72 88 86 76 68 83 65 73 71 93 94 72 96 92 80 82 84 77 70 90 79 75 80 96 80 79 56 84 85 77 85 78 80 74 92 74 82 71 90 84 87 73 73 86 77 80 83 83 68 82 83 84 77 73 67 67 69 80 75 79 88 74 80 67 75 84 103 78 66 86 68 80 92 85 82 87 79 73 104 92 84 91 88 
77 81 85 92 72 78 84 80 84 78 69 83 82 81 72 85 72 81 73 77 76 93 71 65 73 77 68 81 66 78 94 67 82 88 81 74 84 81 91 76 77 82 74 72 76 84 70 71 88 73 76 90 92 94 75 76 68 71 75 90 78 71 77 71 59 91 75 85 70 87 84 95 81 83 82 77 83 91 90 82 85 82 80 86 79 87 102 72 80 82 
80 85 76 77 69 84 74 67 74 70 96 83 77 69 78 75 78 82 69 78 83 79 84 92 85 93 78 104 88 97 86 82 88 74 71 76 79 78 75 86 84 81 84 82 71 76 80 92 80 89 76 71 88 82 69 75 74 68 71 68 93 77 83 85 70 73 70 85 84 82 77 93 73 75 74 69 81 83 78 82 74 89 81 72 85 72 71 72 78 72 
67 91 82 66 89 73 88 73 81 80 107 77 72 84 94 82 60 92 73 90 69 66 67 69 91 62 95 78 65 92 73 77 76 91 79 81 79 78 86 66 86 85 76 70 89 77 84 81 81 70 83 82 70 76 76 78 71 82 75 63 74 91 79 81 84 68 87 94 80 79 89 87 76 86 96 83 86 90 78 92 85 79 80 73 87 87 78 90 73 92 
75 65 98 73 77 94 65 83 76 82 77 84 84 90 76 103 81 80 92 74 95 78 74 76 68 87 78 75 77 80 69 81 72 92 86 69 70 75 79 81 81 71 72 65 61 92 84 88 71 79 91 66 96 79 77 78 72 75 82 87 80 81 93 75 88 81 81 85 70 92 69 79 69 102 83 81 75 74 100 76 91 88 82 83 82 86 95 88 86 82 
96 69 94 91 86 63 87 84 75 79 90 75 61 72 65 81 61 100 71 69 84 78 88 72 78 89 81 76 76 84 86 86 82 80 76 75 83 92 75 84 89 66 84 77 71 69 73 92 81 74 69 65 77 85 73 83 94 82 84 67 100 85 74 74 75 77 80 81 83 77 73 86 69 85 81 94 79 84 70 68 76 85 67 89 65 91 88 101 91 93 
76 70 74 78 68 82 89 76 80 84 76 77 85 78 77 88 75 75 65 81 80 87 97 87 90 63 83 73 87 89 83 79 96 79 73 85 83 90 62 78 81 80 89 73 76 75 73 93 69 84 74 97 80 85 78 83 96 93 84 98 90 85 80 87 75 84 75 81 78 77 87 60 93 85 86 81 73 88 80 67 101 84 86 92 74 73 93 105 92 85 
79 101 83 80 84 82 79 85 85 84 67 74 74 74 87 65 75 81 96 87 77 56 89 83 91 76 91 76 81 82 82 82 107 77 81 95 70 75 74 87 78 80 72 73 81 72 67 73 82 81 63 81 98 98 64 83 77 93 79 72 69 81 83 82 64 72 97 70 80 74 84 78 73 88 83 96 70 70 78 76 79 61 89 76 92 72 90 86 72 79 
79 63 84 73 81 70 99 86 67 84 80 87 79 78 83 63 95 81 68 71 83 80 89 69 77 87 77 95 88 83 76 70 82 77 99 65 84 75 70 83 100 74 92 70 72 69 78 64 77 83 80 72 54 81 82 76 88 74 61 72 84 89 81 82 82 90 92 64 76 82 83 76 90 106 88 74 66 83 83 79 92 83 100 77 83 88 88 87 92 69 
79 83 91 67 89 80 68 82 58 82 74 87 86 76 84 79 87 63 80 77 85 92 80 64 90 106 91 63 76 77 73 89 78 80 81 78 78 80 90 89 101 80 90 67 71 87 82 74 84 68 78 59 77 77 76 67 80 96 89 79 68 72 66 84 93 85 82 88 104 88 70 107 84 80 91 82 70 84 72 71 79 78 72 97 70 95 82 90 76 72 
80 75 83 80 81 83 107 71 81 79 76 69 78 90 84 75 87 68 76 79 79 76 84 72 86 77 85 79 84 97 92 90 87 93 101 74 70 90 89 78 89 73 81 76 72 79 77 80 77 63 66 81 78 81 81 79 75 95 86 77 80 80 79 87 82 57 80 74 77 64 80 91 73 92 88 67 95 94 80 73 79 64 74 55 87 81 78 86 87 84 
85 69 91 85 82 78 84 88 82 67 65 83 74 71 81 91 69 79 88 69 89 61 72 96 85 93 69 86 76 79 82 72 58 83 70 83 73 72 84 89 62 58 64 70 61 73 84 70 79 74 75 76 74 73 73 74 76 69 85 90 73 77 75 92 70 95 70 79 70 77 90 83 75 74 85 75 96 68 90 79 73 82 95 80 80 79 102 71 69 80 
88 71 91 71 77 78 92 65 64 77 72 75 69 91 76 71 85 62 95 75 95 72 63 68 75 80 80 89 84 70 68 69 77 95 62 60 76 84 86 70 76 77 59 80 65 61 75 83 86 78 85 82 78 73 68 73 73 78 73 69 75 79 76 82 79 96 70 68 60 81 94 69 68 66 73 74 78 71 72 71 87 87 95 85 78 67 79 75 76 67 
64 93 73 74 89 90 49 80 75 89 73 64 79 69 65 81 81 83 72 81 90 82 69 78 61 76 85 79 69 72 79 78 67 76 86 83 82 80 73 81 57 88 66 77 74 79 69 72 87 83 73 90 72 86 78 85 79 68 85 79 89 50 87 63 79 79 78 71 76 74 70 71 82 74 65 85 81 72 74 82 77 77 71 82 69 79 85 79 71 74 
87 58 70 62 85 79 81 65 73 74 92 76 63 72 58 71 69 77 75 74 72 67 71 77 78 73 84 84 66 59 66 69 71 78 82 89 54 62 79 73 54 71 79 79 78 78 68 94 76 74 65 78 83 84 74 67 64 76 77 72 77 89 64 70 65 91 76 66 84 60 91 86 84 68 80 66 69 68 75 86 72 79 70 72 74 77 73 71 78 78 
75 76 82 95 63 65 76 81 73 63 67 70 65 70 74 75 64 75 84 72 69 71 67 81 67 80 72 64 71 71 70 82 70 90 82 80 80 71 72 83 91 68 63 64 68 87 75 68 77 87 91 82 77 90 74 61 64 83 60 68 70 77 79 71 73 72 98 58 64 64 91 70 76 85 74 66 86 86 82 92 59 74 72 76 56 75 81 73 64 67 
68 82 76 68 61 68 73 62 71 82 71 72 70 64 54 68 71 91 86 85 64 78 81 74 83 63 82 87 74 82 70 73 75 76 77 65 82 89 81 67 72 67 71 72 88 72 87 69 79 71 80 74 68 86 69 58 70 68 73 83 63 84 76 95 67 77 88 80 65 56 64 83 77 77 67 62 74 58 69 79 72 63 78 77 69 82 75 54 95 68 
95 99 78 82 87 68 71 69 80 70 70 72 84 86 71 81 68 62 67 80 68 66 76 71 62 70 81 71 77 73 57 63 69 75 75 99 84 66 66 71 62 72 77 64 81 58 65 74 72 90 73 71 72 71 84 90 72 77 69 77 75 80 76 63 77 74 84 60 67 72 83 84 61 74 82 79 70 68 62 81 62 87 75 84 74 71 59 85 75 86 
81 60 59 71 78 79 79 84 91 72 89 81 60 86 70 57 90 69 57 76 80 69 77 66 72 73 86 71 77 75 78 87 77 81 62 58 64 79 68 68 84 68 74 73 80 97 63 76 67 78 75 83 72 70 73 75 68 71 69 78 85 73 87 94 72 84 83 78 73 71 77 64 86 74 87 67 72 70 74 92 79 69 78 84 77 82 76 82 65 93 
84 84 76 72 81 85 65 76 81 87 71 72 67 83 86 58 68 68 84 78 87 68 82 80 77 77 74 82 96 87 74 79 75 75 82 74 71 76 70 81 80 76 76 85 63 66 82 80 79 76 81 86 90 89 83 69 78 69 78 81 67 93 63 76 81 72 50 81 79 70 70 87 96 67 62 87 67 95 74 82 72 88 91 73 67 94 55 82 79 83 
77 93 92 88 77 82 70 69 75 81 90 81 77 77 76 69 75 82 104 58 82 75 85 57 75 71 72 75 82 85 71 84 79 70 66 94 79 73 90 87 67 85 83 66 68 69 72 89 66 77 97 75 69 93 50 75 79 67 85 82 86 77 76 73 72 66 61 72 67 82 76 80 90 62 82 87 77 84 100 86 71 98 107 85 76 73 73 82 75 67 
86 71 96 70 75 72 69 84 92 84 81 73 74 89 93 87 92 69 76 95 87 89 74 71 79 70 82 93 67 82 95 84 74 93 72 89 77 89 84 69 85 90 75 80 87 83 94 93 81 74 61 65 79 77 73 73 89 73 71 83 82 71 63 79 60 72 83 89 93 82 81 85 93 87 81 72 76 76 86 78 80 84 88 81 78 75 80 89 64 78 
75 77 81 97 83 80 84 77 67 93 76 78 86 90 88 81 94 82 98 71 94 83 76 82 86 90 90 82 72 87 77 91 83 76 66 90 84 88 65 85 94 83 80 78 85 91 86 97 78 83 79 71 101 96 66 88 69 72 86 80 80 73 87 92 67 107 85 64 66 71 90 69 80 104 78 104 67 85 72 67 89 92 80 95 77 89 87 67 86 80 
79 77 87 76 92 86 80 85 84 85 88 78 88 91 93 77 86 81 86 84 85 84 95 82 80 90 75 72 89 85 80 78 92 91 80 95 79 84 75 69 70 90 79 94 98 88 66 70 82 76 87 86 71 75 90 77 84 63 88 72 92 86 81 84 78 74 74 71 79 88 90 84 87 73 67 86 95 80 77 79 92 57 76 65 69 85 69 91 75 68 
93 81 81 92 75 83 83 85 80 65 84 79 82 57 74 81 89 72 55 74 70 91 77 84 76 74 90 94 95 87 96 85 80 65 82 90 74 86 71 71 80 75 84 80 86 87 83 83 87 82 81 75 93 77 102 79 69 76 83 68 76 97 78 78 85 71 84 85 63 84 86 70 101 78 95 85 99 89 80 68 75 95 82 78 94 84 90 77 75 77 
81 75 92 66 90 78 90 76 76 85 79 82 77 75 84 84 71 84 77 75 90 97 82 85 89 82 79 77 74 85 72 82 99 70 82 80 82 64 72 89 84 90 81 103 89 83 69 82 82 82 81 83 77 85 82 75 83 87 69 81 91 71 73 73 62 89 77 97 65 91 77 84 84 91 72 70 75 69 76 85 89 82 76 88 89 74 83 85 60 69 
103 91 67 82 89 76 76 79 81 90 95 72 72 78 74 75 74 90 100 72 73 64 87 85 78 89 82 78 73 68 70 81 76 85 83 77 86 83 86 86 81 71 80 79 71 89 79 77 96 76 77 90 95 86 93 84 85 79 66 80 75 93 80 66 75 91 76 80 70 80 78 78 72 80 84 79 82 77 88 78 83 76 91 73 86 90 86 63 93 87 
85 58 74 83 84 85 77 90 77 75 68 83 82 84 83 66 77 66 89 87 83 81 81 89 84 78 83 77 76 79 74 77 97 84 89 79 90 76 84 75 92 90 84 81 84 63 86 72 69 95 90 68 78 71 84 79 73 86 69 87 93 67 77 82 81 89 85 90 79 66 58 83 68 98 85 67 97 84 96 72 55 84 82 98 93 89 89 85 86 86 
71 81 70 98 79 68 80 92 74 78 77 80 74 72 82 80 68 80 79 86 87 69 83 96 88 93 74 90 79 76 81 80 71 81 78 86 88 68 68 70 83 67 82 72 73 87 85 92 59 82 88 83 79 74 80 77 79 82 60 79 85 70 71 73 68 90 77 82 87 86 88 68 71 67 80 60 85 83 77 80 87 80 90 73 76 81 74 87 77 75 
90 63 77 71 81 73 76 52 77 67 77 73 64 83 70 79 55 73 90 56 77 73 70 78 86 87 76 99 67 89 80 81 79 72 75 93 78 82 74 89 88 73 69 79 95 58 92 83 81 73 98 88 80 85 89 93 84 103 88 80 74 65 75 88 73 82 96 89 87 74 82 73 73 72 73 84 76 89 74 69 66 77 56 76 62 81 81 70 97 85 
75 89 77 77 75 67 78 70 77 74 87 77 70 62 72 77 82 69 66 74 83 82 55 81 63 78 82 78 100 91 79 84 77 75 90 96 73 98 73 76 86 88 81 93 87 60 79 80 63 94 78 80 83 74 86 88 76 82 97 78 74 82 89 78 68 74 81 86 73 79 74 79 78 80 87 92 89 95 81 82 78 94 60 81 77 84 70 86 66 79 
76 81 72 84 77 73 85 72 74 75 83 75 90 83 95 83 82 77 76 82 89 82 88 87 72 81 76 89 83 69 82 89 86 62 93 84 82 71 65 84 91 76 69 82 72 95 81 66 96 88 75 85 83 70 73 77 78 86 91 88 63 74 74 72 86 80 82 86 94 81 76 67 71 69 73 86 62 89 67 87 82 62 69 61 83 80 89 80 72 75 
70 104 73 67 77 82 75 83 86 81 80 87 68 59 78 77 77 64 77 70 74 73 77 83 77 88 80 62 71 64 86 83 93 83 91 85 90 72 88 61 76 87 75 73 82 80 83 72 94 67 76 89 75 85 92 93 71 79 66 69 71 72 68 82 67 93 79 68 78 74 78 67 86 80 80 71 66 85 83 81 75 89 87 69 72 77 75 79 76 57 
76 76 88 90 81 76 69 65 76 88 87 82 79 73 79 73 91 63 84 90 74 72 69 74 91 98 77 79 77 86 86 81 78 99 64 72 85 67 68 89 78 78 94 84 88 85 78 86 68 89 73 87 78 60 84 61 72 65 68 71 65 81 64 78 79 66 76 89 72 84 101 86 57 81 78 87 78 81 88 64 81 93 86 73 97 93 81 63 95 77 
92 75 95 86 73 75 69 79 75 61 75 73 63 93 89 77 80 82 89 62 85 61 80 85 92 76 86 74 99 72 60 83 77 76 63 91 105 89 71 81 83 66 78 75 68 71 96 80 76 78 75 79 101 72 67 77 78 95 82 79 71 83 84 76 90 77 80 63 81 81 83 78 89 75 81 86 75 86 81 95 79 77 73 86 75 86 76 78 87 93 
73 82 77 74 76 81 80 74 77 59 72 71 98 81 86 84 63 94 90 99 79 98 96 84 78 81 93 80 72 85 83 92 84 70 82 86 83 68 80 81 77 86 72 77 103 78 88 69 71 90 72 79 84 85 79 80 73 86 82 90 80 80 80 76 97 87 84 89 74 91 83 68 87 90 77 72 79 70 91 70 79 82 89 81 78 113 92 71 95 100 
70 89 67 72 90 81 75 74 78 69 87 78 81 65 80 83 87 85 95 77 89 71 80 85 65 89 70 101 105 92 74 62 95 92 68 66 87 78 85 80 97 97 88 79 84 108 73 79 87 86 70 77 77 91 68 105 59 80 105 72 65 86 91 76 51 91 80 73 73 85 79 76 79 73 81 79 93 85 71 81 81 81 81 82 82 66 89 61 90 82 
85 76 94 89 67 88 81 80 95 86 72 82 76 81 88 93 78 71 83 69 76 89 83 81 69 91 80 84 76 78 84 81 87 76 88 86 92 102 100 82 79 91 78 67 89 71 68 78 83 88 71 82 71 86 83 80 82 85 75 93 85 89 84 93 68 77 89 91 95 86 89 92 67 76 86 80 77 83 65 76 89 81 87 90 69 84 76 91 77 89 
90 92 88 82 79 85 96 73 85 82 86 80 110 92 87 92 59 68 98 84 88 68 73 92 83 83 75 68 86 87 82 88 80 82 84 79 81 91 75 99 99 90 72 84 83 83 98 82 77 78 70 84 62 112 76 92 79 74 85 76 93 71 75 93 79 67 88 85 88 75 89 76 79 94 84 91 76 78 77 98 85 89 89 82 73 84 93 77 68 89 
95 76 90 82 119 80 96 80 78 85 82 90 74 62 81 77 78 64 77 95 84 81 68 79 79 73 88 102 84 95 90 71 110 83 94 72 83 91 84 81 75 95 81 83 88 83 94 93 84 69 94 95 94 83 98 71 78 95 80 84 68 82 79 81 92 85 76 88 88 102 65 82 89 87 93 80 87 93 69 63 84 85 79 96 77 85 93 72 83 94 
87 80 84 90 71 78 95 83 82 86 75 82 85 86 87 93 74 88 73 77 89 103 82 81 86 85 98 99 100 98 87 83 67 77 89 88 87 84 91 92 71 91 90 77 89 91 66 76 90 78 94 72 72 93 88 82 74 108 85 94 95 80 93 91 83 87 65 99 85 104 93 98 90 88 91 99 73 84 82 86 91 95 86 93 87 80 92 87 72 95 
80 100 93 86 80 79 88 108 85 82 85 73 90 87 71 92 72 75 88 85 84 83 82 75 69 97 105 80 91 76 76 90 86 90 77 83 95 77 83 86 98 80 88 85 94 67 84 89 73 74 86 84 86 114 72 92 71 93 75 86 82 105 80 75 85 86 83 96 86 81 82 97 76 90 83 87 105 85 90 66 97 84 89 80 96 82 86 83 79 73 
86 84 90 88 74 102 86 77 80 88 97 77 76 90 98 79 86 99 101 77 81 86 82 74 98 84 84 106 70 69 80 95 88 84 68 96 74 90 82 96 85 92 69 88 103 74 90 86 77 100 92 77 83 89 113 107 75 92 85 72 77 86 78 69 80 80 92 85 84 105 107 89 82 85 81 86 94 78 83 73 90 80 79 94 84 79 79 67 93 80 
94 87 100 76 85 94 76 81 78 85 102 83 83 79 99 73 65 88 71 89 90 75 88 76 106 82 82 79 77 85 95 92 83 86 79 97 71 104 82 85 77 90 88 84 81 99 89 80 98 75 74 86 80 76 88 95 103 76 73 71 87 81 90 90 91 100 80 78 89 86 75 89 78 86 84 74 85 78 76 93 90 88 85 91 87 91 81 65 82 84 
71 89 85 63 86 71 91 97 94 82 100 90 82 87 100 85 86 94 76 68 89 90 100 94 80 89 100 78 88 88 80 96 83 82 96 87 89 84 73 87 68 70 74 79 100 83 103 85 79 85 65 87 84 90 75 80 86 91 74 104 86 83 69 97 75 74 80 77 81 85 86 86 92 69 86 75 79 82 86 80 93 80 87 84 79 105 67 86 76 82 
84 78 100 102 74 71 90 77 85 87 75 85 82 80 79 76 90 77 94 83 63 75 89 78 84 94 71 76 80 85 102 93 72 72 100 97 70 80 81 96 95 90 77 91 94 77 94 73 89 89 80 81 93 93 86 87 82 99 87 79 78 75 98 94 77 103 75 83 75 95 84 83 82 94 83 77 88 97 73 64 89 94 84 73 80 81 98 79 71 77 
101 92 77 89 84 83 80 82 73 87 70 81 88 93 77 89 67 69 83 69 72 93 92 86 91 83 99 90 88 81 77 89 79 73 79 94 100 80 98 85 82 75 84 90 82 86 89 71 63 81 94 94 94 81 79 66 89 95 85 81 97 70 80 84 79 93 83 92 84 81 89 100 88 91 84 91 72 72 77 88 60 88 84 79 94 81 75 88 89 74 
70 90 83 69 79 70 78 73 71 82 86 93 92 67 83 72 90 100 80 85 81 92 81 89 76 79 92 92 78 86 78 72 76 86 93 73 85 77 82 78 58 81 72 82 89 88 76 98 91 80 73 94 69 95 89 93 91 74 70 73 117 81 81 87 86 78 88 82 69 89 91 73 70 86 71 82 91 90 82 91 88 71 101 94 87 88 78 82 87 89 
75 72 97 79 80 93 84 92 74 80 85 91 73 78 84 96 102 102 88 78 102 95 75 79 71 74 94 91 85 63 74 68 80 110 92 98 73 73 80 83 90 92 72 82 68 68 85 69 82 75 89 87 92 67 84 66 71 80 78 94 96 62 76 85 78 95 90 73 83 75 84 79 74 76 71 85 68 80 89 90 89 84 83 95 75 79 97 80 78 78 
73 88 77 89 91 73 83 82 80 85 80 72 89 82 85 68 90 74 89 77 76 79 57 89 83 82 69 76 93 72 81 90 84 68 78 80 92 78 62 94 76 78 91 96 91 87 82 69 83 72 74 95 81 69 81 76 88 87 98 89 75 85 98 65 76 83 82 98 79 90 82 74 76 95 70 78 105 83 86 88 81 76 95 84 71 93 84 79 79 68 
70 91 72 62 72 86 95 102 86 83 81 78 78 88 83 85 78 85 75 80 86 85 87 71 75 96 82 88 91 91 82 88 88 92 73 79 83 69 82 90 81 61 85 84 92 90 75 64 78 86 90 77 95 48 103 74 97 70 77 85 95 68 81 81 99 82 62 79 102 79 89 93 89 78 82 90 88 77 62 90 73 80 78 75 73 83 74 72 73 74 
64 86 83 104 86 86 68 85 85 90 65 87 76 96 68 83 92 74 61 83 81 83 82 94 85 77 83 92 82 76 81 74 75 63 65 85 85 81 75 95 96 87 83 74 75 77 92 78 70 78 87 73 80 76 68 85 80 78 84 79 76 77 80 98 71 79 83 92 69 94 68 70 85 77 78 89 85 83 72 79 72 91 84 96 84 78 82 80 92 91 
77 88 80 96 85 89 70 65 82 89 84 85 93 96 64 83 81 84 65 81 93 74 94 71 83 76 96 87 82 91 91 73 70 93 71 104 86 61 74 94 100 88 63 74 86 75 91 75 82 82 75 79 68 81 67 71 57 96 82 95 81 92 86 73 71 85 82 77 73 93 93 96 85 79 63 80 68 84 91 75 87 68 81 89 90 107 78 107 95 77 
72 73 77 75 72 81 73 77 81 85 64 78 76 100 85 91 83 68 80 77 78 75 85 83 81 77 83 82 83 89 77 85 93 78 78 94 72 86 100 95 81 81 75 82 66 83 85 90 95 98 80 85 81 72 85 77 97 102 85 98 94 86 100 95 68 91 94 96 78 88 98 82 82 89 82 79 85 68 104 92 84 81 68 68 77 86 74 92 87 82 
23 23 22 35 26 32 32 33 34 20 27 29 33 43 28 25 29 29 29 28 24 30 28 22 19 29 25 26 29 25 28 34 25 24 35 17 33 35 29 23 30 40 26 22 23 24 31 26 29 27 31 40 25 25 27 28 30 30 32 30 24 28 28 32 27 24 34 11 41 24 26 34 28 23 25 29 31 24 34 44 24 23 33 22 29 37 26 31 24 17 
0 0 0 0 0 0 0 0 0 0 0 0 0 0 0 0 0 0 0 0 0 0 0 0 0 0 0 0 0 0 0 0 0 0 0 0 0 0 0 0 0 0 0 0 0 0 0 0 0 0 0 0 0 0 0 0 0 0 0 0 0 0 0 0 0 0 0 0 0 0 0 0 0 0 0 0 0 0 0 0 0 0 0 0 0 0 0 0 0 0 
0 0 0 0 0 0 0 0 0 0 0 0 0 0 0 0 0 0 0 0 0 0 0 0 0 0 0 0 0 0 0 0 0 0 0 0 0 0 0 0 0 0 0 0 0 0 0 0 0 0 0 0 0 0 0 0 0 0 0 0 0 0 0 0 0 0 0 0 0 0 0 0 0 0 0 0 0 0 0 0 0 0 0 0 0 0 0 0 0 0 
0 0 0 0 0 0 0 0 0 0 0 0 0 0 0 0 0 0 0 0 0 0 0 0 0 0 0 0 0 0 0 0 0 0 0 0 0 0 0 0 0 0 0 0 0 0 0 0 0 0 0 0 0 0 0 0 0 0 0 0 0 0 0 0 0 0 0 0 0 0 0 0 0 0 0 0 0 0 0 0 0 0 0 0 0 0 0 0 0 0 
0 0 0 0 0 0 0 0 0 0 0 0 0 0 0 0 0 0 0 0 0 0 0 0 0 0 0 0 0 0 0 0 0 0 0 0 0 0 0 0 0 0 0 0 0 0 0 0 0 0 0 0 0 0 0 0 0 0 0 0 0 0 0 0 0 0 0 0 0 0 0 0 0 0 0 0 0 0 0 0 0 0 0 0 0 0 0 0 0 0 
0 0 0 0 0 0 0 0 0 0 0 0 0 0 0 0 0 0 0 0 0 0 0 0 0 0 0 0 0 0 0 0 0 0 0 0 0 0 0 0 0 0 0 0 0 0 0 0 0 0 0 0 0 0 0 0 0 0 0 0 0 0 0 0 0 0 0 0 0 0 0 0 0 0 0 0 0 0 0 0 0 0 0 0 0 0 0 0 0 0 
0 0 0 0 0 0 0 0 0 0 0 0 0 0 0 0 0 0 0 0 0 0 0 0 0 0 0 0 0 0 0 0 0 0 0 0 0 0 0 0 0 0 0 0 0 0 0 0 0 0 0 0 0 0 0 0 0 0 0 0 0 0 0 0 0 0 0 0 0 0 0 0 0 0 0 0 0 0 0 0 0 0 0 0 0 0 0 0 0 0 
